ARM GAS  /tmp/ccMnJyjS.s 			page 1


   1              		.cpu cortex-m4
   2              		.arch armv7e-m
   3              		.fpu fpv4-sp-d16
   4              		.eabi_attribute 27, 1
   5              		.eabi_attribute 28, 1
   6              		.eabi_attribute 20, 1
   7              		.eabi_attribute 21, 1
   8              		.eabi_attribute 23, 3
   9              		.eabi_attribute 24, 1
  10              		.eabi_attribute 25, 1
  11              		.eabi_attribute 26, 1
  12              		.eabi_attribute 30, 1
  13              		.eabi_attribute 34, 1
  14              		.eabi_attribute 18, 4
  15              		.file	"dns.c"
  16              		.text
  17              	.Ltext0:
  18              		.cfi_sections	.debug_frame
  19              		.file 1 "Middlewares/Third_Party/LwIP/src/core/dns.c"
  20              		.section	.text.dns_backupserver_available,"ax",%progbits
  21              		.align	1
  22              		.syntax unified
  23              		.thumb
  24              		.thumb_func
  26              	dns_backupserver_available:
  27              	.LVL0:
  28              	.LFB168:
   1:Middlewares/Third_Party/LwIP/src/core/dns.c **** /**
   2:Middlewares/Third_Party/LwIP/src/core/dns.c ****  * @file
   3:Middlewares/Third_Party/LwIP/src/core/dns.c ****  * DNS - host name to IP address resolver.
   4:Middlewares/Third_Party/LwIP/src/core/dns.c ****  *
   5:Middlewares/Third_Party/LwIP/src/core/dns.c ****  * @defgroup dns DNS
   6:Middlewares/Third_Party/LwIP/src/core/dns.c ****  * @ingroup callbackstyle_api
   7:Middlewares/Third_Party/LwIP/src/core/dns.c ****  *
   8:Middlewares/Third_Party/LwIP/src/core/dns.c ****  * Implements a DNS host name to IP address resolver.
   9:Middlewares/Third_Party/LwIP/src/core/dns.c ****  *
  10:Middlewares/Third_Party/LwIP/src/core/dns.c ****  * The lwIP DNS resolver functions are used to lookup a host name and
  11:Middlewares/Third_Party/LwIP/src/core/dns.c ****  * map it to a numerical IP address. It maintains a list of resolved
  12:Middlewares/Third_Party/LwIP/src/core/dns.c ****  * hostnames that can be queried with the dns_lookup() function.
  13:Middlewares/Third_Party/LwIP/src/core/dns.c ****  * New hostnames can be resolved using the dns_query() function.
  14:Middlewares/Third_Party/LwIP/src/core/dns.c ****  *
  15:Middlewares/Third_Party/LwIP/src/core/dns.c ****  * The lwIP version of the resolver also adds a non-blocking version of
  16:Middlewares/Third_Party/LwIP/src/core/dns.c ****  * gethostbyname() that will work with a raw API application. This function
  17:Middlewares/Third_Party/LwIP/src/core/dns.c ****  * checks for an IP address string first and converts it if it is valid.
  18:Middlewares/Third_Party/LwIP/src/core/dns.c ****  * gethostbyname() then does a dns_lookup() to see if the name is
  19:Middlewares/Third_Party/LwIP/src/core/dns.c ****  * already in the table. If so, the IP is returned. If not, a query is
  20:Middlewares/Third_Party/LwIP/src/core/dns.c ****  * issued and the function returns with a ERR_INPROGRESS status. The app
  21:Middlewares/Third_Party/LwIP/src/core/dns.c ****  * using the dns client must then go into a waiting state.
  22:Middlewares/Third_Party/LwIP/src/core/dns.c ****  *
  23:Middlewares/Third_Party/LwIP/src/core/dns.c ****  * Once a hostname has been resolved (or found to be non-existent),
  24:Middlewares/Third_Party/LwIP/src/core/dns.c ****  * the resolver code calls a specified callback function (which
  25:Middlewares/Third_Party/LwIP/src/core/dns.c ****  * must be implemented by the module that uses the resolver).
  26:Middlewares/Third_Party/LwIP/src/core/dns.c ****  *
  27:Middlewares/Third_Party/LwIP/src/core/dns.c ****  * Multicast DNS queries are supported for names ending on ".local".
  28:Middlewares/Third_Party/LwIP/src/core/dns.c ****  * However, only "One-Shot Multicast DNS Queries" are supported (RFC 6762
  29:Middlewares/Third_Party/LwIP/src/core/dns.c ****  * chapter 5.1), this is not a fully compliant implementation of continuous
  30:Middlewares/Third_Party/LwIP/src/core/dns.c ****  * mDNS querying!
ARM GAS  /tmp/ccMnJyjS.s 			page 2


  31:Middlewares/Third_Party/LwIP/src/core/dns.c ****  *
  32:Middlewares/Third_Party/LwIP/src/core/dns.c ****  * All functions must be called from TCPIP thread.
  33:Middlewares/Third_Party/LwIP/src/core/dns.c ****  *
  34:Middlewares/Third_Party/LwIP/src/core/dns.c ****  * @see DNS_MAX_SERVERS
  35:Middlewares/Third_Party/LwIP/src/core/dns.c ****  * @see LWIP_DHCP_MAX_DNS_SERVERS
  36:Middlewares/Third_Party/LwIP/src/core/dns.c ****  * @see @ref netconn_common for thread-safe access.
  37:Middlewares/Third_Party/LwIP/src/core/dns.c ****  */
  38:Middlewares/Third_Party/LwIP/src/core/dns.c **** 
  39:Middlewares/Third_Party/LwIP/src/core/dns.c **** /*
  40:Middlewares/Third_Party/LwIP/src/core/dns.c ****  * Port to lwIP from uIP
  41:Middlewares/Third_Party/LwIP/src/core/dns.c ****  * by Jim Pettinato April 2007
  42:Middlewares/Third_Party/LwIP/src/core/dns.c ****  *
  43:Middlewares/Third_Party/LwIP/src/core/dns.c ****  * security fixes and more by Simon Goldschmidt
  44:Middlewares/Third_Party/LwIP/src/core/dns.c ****  *
  45:Middlewares/Third_Party/LwIP/src/core/dns.c ****  * uIP version Copyright (c) 2002-2003, Adam Dunkels.
  46:Middlewares/Third_Party/LwIP/src/core/dns.c ****  * All rights reserved.
  47:Middlewares/Third_Party/LwIP/src/core/dns.c ****  *
  48:Middlewares/Third_Party/LwIP/src/core/dns.c ****  * Redistribution and use in source and binary forms, with or without
  49:Middlewares/Third_Party/LwIP/src/core/dns.c ****  * modification, are permitted provided that the following conditions
  50:Middlewares/Third_Party/LwIP/src/core/dns.c ****  * are met:
  51:Middlewares/Third_Party/LwIP/src/core/dns.c ****  * 1. Redistributions of source code must retain the above copyright
  52:Middlewares/Third_Party/LwIP/src/core/dns.c ****  *    notice, this list of conditions and the following disclaimer.
  53:Middlewares/Third_Party/LwIP/src/core/dns.c ****  * 2. Redistributions in binary form must reproduce the above copyright
  54:Middlewares/Third_Party/LwIP/src/core/dns.c ****  *    notice, this list of conditions and the following disclaimer in the
  55:Middlewares/Third_Party/LwIP/src/core/dns.c ****  *    documentation and/or other materials provided with the distribution.
  56:Middlewares/Third_Party/LwIP/src/core/dns.c ****  * 3. The name of the author may not be used to endorse or promote
  57:Middlewares/Third_Party/LwIP/src/core/dns.c ****  *    products derived from this software without specific prior
  58:Middlewares/Third_Party/LwIP/src/core/dns.c ****  *    written permission.
  59:Middlewares/Third_Party/LwIP/src/core/dns.c ****  *
  60:Middlewares/Third_Party/LwIP/src/core/dns.c ****  * THIS SOFTWARE IS PROVIDED BY THE AUTHOR ``AS IS'' AND ANY EXPRESS
  61:Middlewares/Third_Party/LwIP/src/core/dns.c ****  * OR IMPLIED WARRANTIES, INCLUDING, BUT NOT LIMITED TO, THE IMPLIED
  62:Middlewares/Third_Party/LwIP/src/core/dns.c ****  * WARRANTIES OF MERCHANTABILITY AND FITNESS FOR A PARTICULAR PURPOSE
  63:Middlewares/Third_Party/LwIP/src/core/dns.c ****  * ARE DISCLAIMED.  IN NO EVENT SHALL THE AUTHOR BE LIABLE FOR ANY
  64:Middlewares/Third_Party/LwIP/src/core/dns.c ****  * DIRECT, INDIRECT, INCIDENTAL, SPECIAL, EXEMPLARY, OR CONSEQUENTIAL
  65:Middlewares/Third_Party/LwIP/src/core/dns.c ****  * DAMAGES (INCLUDING, BUT NOT LIMITED TO, PROCUREMENT OF SUBSTITUTE
  66:Middlewares/Third_Party/LwIP/src/core/dns.c ****  * GOODS OR SERVICES; LOSS OF USE, DATA, OR PROFITS; OR BUSINESS
  67:Middlewares/Third_Party/LwIP/src/core/dns.c ****  * INTERRUPTION) HOWEVER CAUSED AND ON ANY THEORY OF LIABILITY,
  68:Middlewares/Third_Party/LwIP/src/core/dns.c ****  * WHETHER IN CONTRACT, STRICT LIABILITY, OR TORT (INCLUDING
  69:Middlewares/Third_Party/LwIP/src/core/dns.c ****  * NEGLIGENCE OR OTHERWISE) ARISING IN ANY WAY OUT OF THE USE OF THIS
  70:Middlewares/Third_Party/LwIP/src/core/dns.c ****  * SOFTWARE, EVEN IF ADVISED OF THE POSSIBILITY OF SUCH DAMAGE.
  71:Middlewares/Third_Party/LwIP/src/core/dns.c ****  */
  72:Middlewares/Third_Party/LwIP/src/core/dns.c **** 
  73:Middlewares/Third_Party/LwIP/src/core/dns.c **** /*-----------------------------------------------------------------------------
  74:Middlewares/Third_Party/LwIP/src/core/dns.c ****  * RFC 1035 - Domain names - implementation and specification
  75:Middlewares/Third_Party/LwIP/src/core/dns.c ****  * RFC 2181 - Clarifications to the DNS Specification
  76:Middlewares/Third_Party/LwIP/src/core/dns.c ****  *----------------------------------------------------------------------------*/
  77:Middlewares/Third_Party/LwIP/src/core/dns.c **** 
  78:Middlewares/Third_Party/LwIP/src/core/dns.c **** /** @todo: define good default values (rfc compliance) */
  79:Middlewares/Third_Party/LwIP/src/core/dns.c **** /** @todo: improve answer parsing, more checkings... */
  80:Middlewares/Third_Party/LwIP/src/core/dns.c **** /** @todo: check RFC1035 - 7.3. Processing responses */
  81:Middlewares/Third_Party/LwIP/src/core/dns.c **** /** @todo: one-shot mDNS: dual-stack fallback to another IP version */
  82:Middlewares/Third_Party/LwIP/src/core/dns.c **** 
  83:Middlewares/Third_Party/LwIP/src/core/dns.c **** /*-----------------------------------------------------------------------------
  84:Middlewares/Third_Party/LwIP/src/core/dns.c ****  * Includes
  85:Middlewares/Third_Party/LwIP/src/core/dns.c ****  *----------------------------------------------------------------------------*/
  86:Middlewares/Third_Party/LwIP/src/core/dns.c **** 
  87:Middlewares/Third_Party/LwIP/src/core/dns.c **** #include "lwip/opt.h"
ARM GAS  /tmp/ccMnJyjS.s 			page 3


  88:Middlewares/Third_Party/LwIP/src/core/dns.c **** 
  89:Middlewares/Third_Party/LwIP/src/core/dns.c **** #if LWIP_DNS /* don't build if not configured for use in lwipopts.h */
  90:Middlewares/Third_Party/LwIP/src/core/dns.c **** 
  91:Middlewares/Third_Party/LwIP/src/core/dns.c **** #include "lwip/def.h"
  92:Middlewares/Third_Party/LwIP/src/core/dns.c **** #include "lwip/udp.h"
  93:Middlewares/Third_Party/LwIP/src/core/dns.c **** #include "lwip/mem.h"
  94:Middlewares/Third_Party/LwIP/src/core/dns.c **** #include "lwip/memp.h"
  95:Middlewares/Third_Party/LwIP/src/core/dns.c **** #include "lwip/dns.h"
  96:Middlewares/Third_Party/LwIP/src/core/dns.c **** #include "lwip/prot/dns.h"
  97:Middlewares/Third_Party/LwIP/src/core/dns.c **** 
  98:Middlewares/Third_Party/LwIP/src/core/dns.c **** #include <string.h>
  99:Middlewares/Third_Party/LwIP/src/core/dns.c **** 
 100:Middlewares/Third_Party/LwIP/src/core/dns.c **** /** Random generator function to create random TXIDs and source ports for queries */
 101:Middlewares/Third_Party/LwIP/src/core/dns.c **** #ifndef DNS_RAND_TXID
 102:Middlewares/Third_Party/LwIP/src/core/dns.c **** #if ((LWIP_DNS_SECURE & LWIP_DNS_SECURE_RAND_XID) != 0)
 103:Middlewares/Third_Party/LwIP/src/core/dns.c **** #define DNS_RAND_TXID LWIP_RAND
 104:Middlewares/Third_Party/LwIP/src/core/dns.c **** #else
 105:Middlewares/Third_Party/LwIP/src/core/dns.c **** static u16_t dns_txid;
 106:Middlewares/Third_Party/LwIP/src/core/dns.c **** #define DNS_RAND_TXID() (++dns_txid)
 107:Middlewares/Third_Party/LwIP/src/core/dns.c **** #endif
 108:Middlewares/Third_Party/LwIP/src/core/dns.c **** #endif
 109:Middlewares/Third_Party/LwIP/src/core/dns.c **** 
 110:Middlewares/Third_Party/LwIP/src/core/dns.c **** /** Limits the source port to be >= 1024 by default */
 111:Middlewares/Third_Party/LwIP/src/core/dns.c **** #ifndef DNS_PORT_ALLOWED
 112:Middlewares/Third_Party/LwIP/src/core/dns.c **** #define DNS_PORT_ALLOWED(port) ((port) >= 1024)
 113:Middlewares/Third_Party/LwIP/src/core/dns.c **** #endif
 114:Middlewares/Third_Party/LwIP/src/core/dns.c **** 
 115:Middlewares/Third_Party/LwIP/src/core/dns.c **** /** DNS resource record max. TTL (one week as default) */
 116:Middlewares/Third_Party/LwIP/src/core/dns.c **** #ifndef DNS_MAX_TTL
 117:Middlewares/Third_Party/LwIP/src/core/dns.c **** #define DNS_MAX_TTL               604800
 118:Middlewares/Third_Party/LwIP/src/core/dns.c **** #elif DNS_MAX_TTL > 0x7FFFFFFF
 119:Middlewares/Third_Party/LwIP/src/core/dns.c **** #error DNS_MAX_TTL must be a positive 32-bit value
 120:Middlewares/Third_Party/LwIP/src/core/dns.c **** #endif
 121:Middlewares/Third_Party/LwIP/src/core/dns.c **** 
 122:Middlewares/Third_Party/LwIP/src/core/dns.c **** #if DNS_TABLE_SIZE > 255
 123:Middlewares/Third_Party/LwIP/src/core/dns.c **** #error DNS_TABLE_SIZE must fit into an u8_t
 124:Middlewares/Third_Party/LwIP/src/core/dns.c **** #endif
 125:Middlewares/Third_Party/LwIP/src/core/dns.c **** #if DNS_MAX_SERVERS > 255
 126:Middlewares/Third_Party/LwIP/src/core/dns.c **** #error DNS_MAX_SERVERS must fit into an u8_t
 127:Middlewares/Third_Party/LwIP/src/core/dns.c **** #endif
 128:Middlewares/Third_Party/LwIP/src/core/dns.c **** 
 129:Middlewares/Third_Party/LwIP/src/core/dns.c **** /* The number of parallel requests (i.e. calls to dns_gethostbyname
 130:Middlewares/Third_Party/LwIP/src/core/dns.c ****  * that cannot be answered from the DNS table.
 131:Middlewares/Third_Party/LwIP/src/core/dns.c ****  * This is set to the table size by default.
 132:Middlewares/Third_Party/LwIP/src/core/dns.c ****  */
 133:Middlewares/Third_Party/LwIP/src/core/dns.c **** #if ((LWIP_DNS_SECURE & LWIP_DNS_SECURE_NO_MULTIPLE_OUTSTANDING) != 0)
 134:Middlewares/Third_Party/LwIP/src/core/dns.c **** #ifndef DNS_MAX_REQUESTS
 135:Middlewares/Third_Party/LwIP/src/core/dns.c **** #define DNS_MAX_REQUESTS          DNS_TABLE_SIZE
 136:Middlewares/Third_Party/LwIP/src/core/dns.c **** #else
 137:Middlewares/Third_Party/LwIP/src/core/dns.c **** #if DNS_MAX_REQUESTS > 255
 138:Middlewares/Third_Party/LwIP/src/core/dns.c **** #error DNS_MAX_REQUESTS must fit into an u8_t
 139:Middlewares/Third_Party/LwIP/src/core/dns.c **** #endif
 140:Middlewares/Third_Party/LwIP/src/core/dns.c **** #endif
 141:Middlewares/Third_Party/LwIP/src/core/dns.c **** #else
 142:Middlewares/Third_Party/LwIP/src/core/dns.c **** /* In this configuration, both arrays have to have the same size and are used
 143:Middlewares/Third_Party/LwIP/src/core/dns.c ****  * like one entry (used/free) */
 144:Middlewares/Third_Party/LwIP/src/core/dns.c **** #define DNS_MAX_REQUESTS          DNS_TABLE_SIZE
ARM GAS  /tmp/ccMnJyjS.s 			page 4


 145:Middlewares/Third_Party/LwIP/src/core/dns.c **** #endif
 146:Middlewares/Third_Party/LwIP/src/core/dns.c **** 
 147:Middlewares/Third_Party/LwIP/src/core/dns.c **** /* The number of UDP source ports used in parallel */
 148:Middlewares/Third_Party/LwIP/src/core/dns.c **** #if ((LWIP_DNS_SECURE & LWIP_DNS_SECURE_RAND_SRC_PORT) != 0)
 149:Middlewares/Third_Party/LwIP/src/core/dns.c **** #ifndef DNS_MAX_SOURCE_PORTS
 150:Middlewares/Third_Party/LwIP/src/core/dns.c **** #define DNS_MAX_SOURCE_PORTS      DNS_MAX_REQUESTS
 151:Middlewares/Third_Party/LwIP/src/core/dns.c **** #else
 152:Middlewares/Third_Party/LwIP/src/core/dns.c **** #if DNS_MAX_SOURCE_PORTS > 255
 153:Middlewares/Third_Party/LwIP/src/core/dns.c **** #error DNS_MAX_SOURCE_PORTS must fit into an u8_t
 154:Middlewares/Third_Party/LwIP/src/core/dns.c **** #endif
 155:Middlewares/Third_Party/LwIP/src/core/dns.c **** #endif
 156:Middlewares/Third_Party/LwIP/src/core/dns.c **** #else
 157:Middlewares/Third_Party/LwIP/src/core/dns.c **** #ifdef DNS_MAX_SOURCE_PORTS
 158:Middlewares/Third_Party/LwIP/src/core/dns.c **** #undef DNS_MAX_SOURCE_PORTS
 159:Middlewares/Third_Party/LwIP/src/core/dns.c **** #endif
 160:Middlewares/Third_Party/LwIP/src/core/dns.c **** #define DNS_MAX_SOURCE_PORTS      1
 161:Middlewares/Third_Party/LwIP/src/core/dns.c **** #endif
 162:Middlewares/Third_Party/LwIP/src/core/dns.c **** 
 163:Middlewares/Third_Party/LwIP/src/core/dns.c **** #if LWIP_IPV4 && LWIP_IPV6
 164:Middlewares/Third_Party/LwIP/src/core/dns.c **** #define LWIP_DNS_ADDRTYPE_IS_IPV6(t) (((t) == LWIP_DNS_ADDRTYPE_IPV6_IPV4) || ((t) == LWIP_DNS_ADDR
 165:Middlewares/Third_Party/LwIP/src/core/dns.c **** #define LWIP_DNS_ADDRTYPE_MATCH_IP(t, ip) (IP_IS_V6_VAL(ip) ? LWIP_DNS_ADDRTYPE_IS_IPV6(t) : (!LWIP
 166:Middlewares/Third_Party/LwIP/src/core/dns.c **** #define LWIP_DNS_ADDRTYPE_ARG(x) , x
 167:Middlewares/Third_Party/LwIP/src/core/dns.c **** #define LWIP_DNS_ADDRTYPE_ARG_OR_ZERO(x) x
 168:Middlewares/Third_Party/LwIP/src/core/dns.c **** #define LWIP_DNS_SET_ADDRTYPE(x, y) do { x = y; } while(0)
 169:Middlewares/Third_Party/LwIP/src/core/dns.c **** #else
 170:Middlewares/Third_Party/LwIP/src/core/dns.c **** #if LWIP_IPV6
 171:Middlewares/Third_Party/LwIP/src/core/dns.c **** #define LWIP_DNS_ADDRTYPE_IS_IPV6(t) 1
 172:Middlewares/Third_Party/LwIP/src/core/dns.c **** #else
 173:Middlewares/Third_Party/LwIP/src/core/dns.c **** #define LWIP_DNS_ADDRTYPE_IS_IPV6(t) 0
 174:Middlewares/Third_Party/LwIP/src/core/dns.c **** #endif
 175:Middlewares/Third_Party/LwIP/src/core/dns.c **** #define LWIP_DNS_ADDRTYPE_MATCH_IP(t, ip) 1
 176:Middlewares/Third_Party/LwIP/src/core/dns.c **** #define LWIP_DNS_ADDRTYPE_ARG(x)
 177:Middlewares/Third_Party/LwIP/src/core/dns.c **** #define LWIP_DNS_ADDRTYPE_ARG_OR_ZERO(x) 0
 178:Middlewares/Third_Party/LwIP/src/core/dns.c **** #define LWIP_DNS_SET_ADDRTYPE(x, y)
 179:Middlewares/Third_Party/LwIP/src/core/dns.c **** #endif /* LWIP_IPV4 && LWIP_IPV6 */
 180:Middlewares/Third_Party/LwIP/src/core/dns.c **** 
 181:Middlewares/Third_Party/LwIP/src/core/dns.c **** #if LWIP_DNS_SUPPORT_MDNS_QUERIES
 182:Middlewares/Third_Party/LwIP/src/core/dns.c **** #define LWIP_DNS_ISMDNS_ARG(x) , x
 183:Middlewares/Third_Party/LwIP/src/core/dns.c **** #else
 184:Middlewares/Third_Party/LwIP/src/core/dns.c **** #define LWIP_DNS_ISMDNS_ARG(x)
 185:Middlewares/Third_Party/LwIP/src/core/dns.c **** #endif
 186:Middlewares/Third_Party/LwIP/src/core/dns.c **** 
 187:Middlewares/Third_Party/LwIP/src/core/dns.c **** /** DNS query message structure.
 188:Middlewares/Third_Party/LwIP/src/core/dns.c ****     No packing needed: only used locally on the stack. */
 189:Middlewares/Third_Party/LwIP/src/core/dns.c **** struct dns_query {
 190:Middlewares/Third_Party/LwIP/src/core/dns.c ****   /* DNS query record starts with either a domain name or a pointer
 191:Middlewares/Third_Party/LwIP/src/core/dns.c ****      to a name already present somewhere in the packet. */
 192:Middlewares/Third_Party/LwIP/src/core/dns.c ****   u16_t type;
 193:Middlewares/Third_Party/LwIP/src/core/dns.c ****   u16_t cls;
 194:Middlewares/Third_Party/LwIP/src/core/dns.c **** };
 195:Middlewares/Third_Party/LwIP/src/core/dns.c **** #define SIZEOF_DNS_QUERY 4
 196:Middlewares/Third_Party/LwIP/src/core/dns.c **** 
 197:Middlewares/Third_Party/LwIP/src/core/dns.c **** /** DNS answer message structure.
 198:Middlewares/Third_Party/LwIP/src/core/dns.c ****     No packing needed: only used locally on the stack. */
 199:Middlewares/Third_Party/LwIP/src/core/dns.c **** struct dns_answer {
 200:Middlewares/Third_Party/LwIP/src/core/dns.c ****   /* DNS answer record starts with either a domain name or a pointer
 201:Middlewares/Third_Party/LwIP/src/core/dns.c ****      to a name already present somewhere in the packet. */
ARM GAS  /tmp/ccMnJyjS.s 			page 5


 202:Middlewares/Third_Party/LwIP/src/core/dns.c ****   u16_t type;
 203:Middlewares/Third_Party/LwIP/src/core/dns.c ****   u16_t cls;
 204:Middlewares/Third_Party/LwIP/src/core/dns.c ****   u32_t ttl;
 205:Middlewares/Third_Party/LwIP/src/core/dns.c ****   u16_t len;
 206:Middlewares/Third_Party/LwIP/src/core/dns.c **** };
 207:Middlewares/Third_Party/LwIP/src/core/dns.c **** #define SIZEOF_DNS_ANSWER 10
 208:Middlewares/Third_Party/LwIP/src/core/dns.c **** /* maximum allowed size for the struct due to non-packed */
 209:Middlewares/Third_Party/LwIP/src/core/dns.c **** #define SIZEOF_DNS_ANSWER_ASSERT 12
 210:Middlewares/Third_Party/LwIP/src/core/dns.c **** 
 211:Middlewares/Third_Party/LwIP/src/core/dns.c **** /* DNS table entry states */
 212:Middlewares/Third_Party/LwIP/src/core/dns.c **** typedef enum {
 213:Middlewares/Third_Party/LwIP/src/core/dns.c ****   DNS_STATE_UNUSED           = 0,
 214:Middlewares/Third_Party/LwIP/src/core/dns.c ****   DNS_STATE_NEW              = 1,
 215:Middlewares/Third_Party/LwIP/src/core/dns.c ****   DNS_STATE_ASKING           = 2,
 216:Middlewares/Third_Party/LwIP/src/core/dns.c ****   DNS_STATE_DONE             = 3
 217:Middlewares/Third_Party/LwIP/src/core/dns.c **** } dns_state_enum_t;
 218:Middlewares/Third_Party/LwIP/src/core/dns.c **** 
 219:Middlewares/Third_Party/LwIP/src/core/dns.c **** /** DNS table entry */
 220:Middlewares/Third_Party/LwIP/src/core/dns.c **** struct dns_table_entry {
 221:Middlewares/Third_Party/LwIP/src/core/dns.c ****   u32_t ttl;
 222:Middlewares/Third_Party/LwIP/src/core/dns.c ****   ip_addr_t ipaddr;
 223:Middlewares/Third_Party/LwIP/src/core/dns.c ****   u16_t txid;
 224:Middlewares/Third_Party/LwIP/src/core/dns.c ****   u8_t  state;
 225:Middlewares/Third_Party/LwIP/src/core/dns.c ****   u8_t  server_idx;
 226:Middlewares/Third_Party/LwIP/src/core/dns.c ****   u8_t  tmr;
 227:Middlewares/Third_Party/LwIP/src/core/dns.c ****   u8_t  retries;
 228:Middlewares/Third_Party/LwIP/src/core/dns.c ****   u8_t  seqno;
 229:Middlewares/Third_Party/LwIP/src/core/dns.c **** #if ((LWIP_DNS_SECURE & LWIP_DNS_SECURE_RAND_SRC_PORT) != 0)
 230:Middlewares/Third_Party/LwIP/src/core/dns.c ****   u8_t pcb_idx;
 231:Middlewares/Third_Party/LwIP/src/core/dns.c **** #endif
 232:Middlewares/Third_Party/LwIP/src/core/dns.c ****   char name[DNS_MAX_NAME_LENGTH];
 233:Middlewares/Third_Party/LwIP/src/core/dns.c **** #if LWIP_IPV4 && LWIP_IPV6
 234:Middlewares/Third_Party/LwIP/src/core/dns.c ****   u8_t reqaddrtype;
 235:Middlewares/Third_Party/LwIP/src/core/dns.c **** #endif /* LWIP_IPV4 && LWIP_IPV6 */
 236:Middlewares/Third_Party/LwIP/src/core/dns.c **** #if LWIP_DNS_SUPPORT_MDNS_QUERIES
 237:Middlewares/Third_Party/LwIP/src/core/dns.c ****   u8_t is_mdns;
 238:Middlewares/Third_Party/LwIP/src/core/dns.c **** #endif
 239:Middlewares/Third_Party/LwIP/src/core/dns.c **** };
 240:Middlewares/Third_Party/LwIP/src/core/dns.c **** 
 241:Middlewares/Third_Party/LwIP/src/core/dns.c **** /** DNS request table entry: used when dns_gehostbyname cannot answer the
 242:Middlewares/Third_Party/LwIP/src/core/dns.c ****  * request from the DNS table */
 243:Middlewares/Third_Party/LwIP/src/core/dns.c **** struct dns_req_entry {
 244:Middlewares/Third_Party/LwIP/src/core/dns.c ****   /* pointer to callback on DNS query done */
 245:Middlewares/Third_Party/LwIP/src/core/dns.c ****   dns_found_callback found;
 246:Middlewares/Third_Party/LwIP/src/core/dns.c ****   /* argument passed to the callback function */
 247:Middlewares/Third_Party/LwIP/src/core/dns.c ****   void *arg;
 248:Middlewares/Third_Party/LwIP/src/core/dns.c **** #if ((LWIP_DNS_SECURE & LWIP_DNS_SECURE_NO_MULTIPLE_OUTSTANDING) != 0)
 249:Middlewares/Third_Party/LwIP/src/core/dns.c ****   u8_t dns_table_idx;
 250:Middlewares/Third_Party/LwIP/src/core/dns.c **** #endif
 251:Middlewares/Third_Party/LwIP/src/core/dns.c **** #if LWIP_IPV4 && LWIP_IPV6
 252:Middlewares/Third_Party/LwIP/src/core/dns.c ****   u8_t reqaddrtype;
 253:Middlewares/Third_Party/LwIP/src/core/dns.c **** #endif /* LWIP_IPV4 && LWIP_IPV6 */
 254:Middlewares/Third_Party/LwIP/src/core/dns.c **** };
 255:Middlewares/Third_Party/LwIP/src/core/dns.c **** 
 256:Middlewares/Third_Party/LwIP/src/core/dns.c **** #if DNS_LOCAL_HOSTLIST
 257:Middlewares/Third_Party/LwIP/src/core/dns.c **** 
 258:Middlewares/Third_Party/LwIP/src/core/dns.c **** #if DNS_LOCAL_HOSTLIST_IS_DYNAMIC
ARM GAS  /tmp/ccMnJyjS.s 			page 6


 259:Middlewares/Third_Party/LwIP/src/core/dns.c **** /** Local host-list. For hostnames in this list, no
 260:Middlewares/Third_Party/LwIP/src/core/dns.c ****  *  external name resolution is performed */
 261:Middlewares/Third_Party/LwIP/src/core/dns.c **** static struct local_hostlist_entry *local_hostlist_dynamic;
 262:Middlewares/Third_Party/LwIP/src/core/dns.c **** #else /* DNS_LOCAL_HOSTLIST_IS_DYNAMIC */
 263:Middlewares/Third_Party/LwIP/src/core/dns.c **** 
 264:Middlewares/Third_Party/LwIP/src/core/dns.c **** /** Defining this allows the local_hostlist_static to be placed in a different
 265:Middlewares/Third_Party/LwIP/src/core/dns.c ****  * linker section (e.g. FLASH) */
 266:Middlewares/Third_Party/LwIP/src/core/dns.c **** #ifndef DNS_LOCAL_HOSTLIST_STORAGE_PRE
 267:Middlewares/Third_Party/LwIP/src/core/dns.c **** #define DNS_LOCAL_HOSTLIST_STORAGE_PRE static
 268:Middlewares/Third_Party/LwIP/src/core/dns.c **** #endif /* DNS_LOCAL_HOSTLIST_STORAGE_PRE */
 269:Middlewares/Third_Party/LwIP/src/core/dns.c **** /** Defining this allows the local_hostlist_static to be placed in a different
 270:Middlewares/Third_Party/LwIP/src/core/dns.c ****  * linker section (e.g. FLASH) */
 271:Middlewares/Third_Party/LwIP/src/core/dns.c **** #ifndef DNS_LOCAL_HOSTLIST_STORAGE_POST
 272:Middlewares/Third_Party/LwIP/src/core/dns.c **** #define DNS_LOCAL_HOSTLIST_STORAGE_POST
 273:Middlewares/Third_Party/LwIP/src/core/dns.c **** #endif /* DNS_LOCAL_HOSTLIST_STORAGE_POST */
 274:Middlewares/Third_Party/LwIP/src/core/dns.c **** DNS_LOCAL_HOSTLIST_STORAGE_PRE struct local_hostlist_entry local_hostlist_static[]
 275:Middlewares/Third_Party/LwIP/src/core/dns.c ****   DNS_LOCAL_HOSTLIST_STORAGE_POST = DNS_LOCAL_HOSTLIST_INIT;
 276:Middlewares/Third_Party/LwIP/src/core/dns.c **** 
 277:Middlewares/Third_Party/LwIP/src/core/dns.c **** #endif /* DNS_LOCAL_HOSTLIST_IS_DYNAMIC */
 278:Middlewares/Third_Party/LwIP/src/core/dns.c **** 
 279:Middlewares/Third_Party/LwIP/src/core/dns.c **** static void dns_init_local(void);
 280:Middlewares/Third_Party/LwIP/src/core/dns.c **** static err_t dns_lookup_local(const char *hostname, ip_addr_t *addr LWIP_DNS_ADDRTYPE_ARG(u8_t dns_
 281:Middlewares/Third_Party/LwIP/src/core/dns.c **** #endif /* DNS_LOCAL_HOSTLIST */
 282:Middlewares/Third_Party/LwIP/src/core/dns.c **** 
 283:Middlewares/Third_Party/LwIP/src/core/dns.c **** 
 284:Middlewares/Third_Party/LwIP/src/core/dns.c **** /* forward declarations */
 285:Middlewares/Third_Party/LwIP/src/core/dns.c **** static void dns_recv(void *s, struct udp_pcb *pcb, struct pbuf *p, const ip_addr_t *addr, u16_t por
 286:Middlewares/Third_Party/LwIP/src/core/dns.c **** static void dns_check_entries(void);
 287:Middlewares/Third_Party/LwIP/src/core/dns.c **** static void dns_call_found(u8_t idx, ip_addr_t *addr);
 288:Middlewares/Third_Party/LwIP/src/core/dns.c **** 
 289:Middlewares/Third_Party/LwIP/src/core/dns.c **** /*-----------------------------------------------------------------------------
 290:Middlewares/Third_Party/LwIP/src/core/dns.c ****  * Globals
 291:Middlewares/Third_Party/LwIP/src/core/dns.c ****  *----------------------------------------------------------------------------*/
 292:Middlewares/Third_Party/LwIP/src/core/dns.c **** 
 293:Middlewares/Third_Party/LwIP/src/core/dns.c **** /* DNS variables */
 294:Middlewares/Third_Party/LwIP/src/core/dns.c **** static struct udp_pcb        *dns_pcbs[DNS_MAX_SOURCE_PORTS];
 295:Middlewares/Third_Party/LwIP/src/core/dns.c **** #if ((LWIP_DNS_SECURE & LWIP_DNS_SECURE_RAND_SRC_PORT) != 0)
 296:Middlewares/Third_Party/LwIP/src/core/dns.c **** static u8_t                   dns_last_pcb_idx;
 297:Middlewares/Third_Party/LwIP/src/core/dns.c **** #endif
 298:Middlewares/Third_Party/LwIP/src/core/dns.c **** static u8_t                   dns_seqno;
 299:Middlewares/Third_Party/LwIP/src/core/dns.c **** static struct dns_table_entry dns_table[DNS_TABLE_SIZE];
 300:Middlewares/Third_Party/LwIP/src/core/dns.c **** static struct dns_req_entry   dns_requests[DNS_MAX_REQUESTS];
 301:Middlewares/Third_Party/LwIP/src/core/dns.c **** static ip_addr_t              dns_servers[DNS_MAX_SERVERS];
 302:Middlewares/Third_Party/LwIP/src/core/dns.c **** 
 303:Middlewares/Third_Party/LwIP/src/core/dns.c **** #if LWIP_IPV4
 304:Middlewares/Third_Party/LwIP/src/core/dns.c **** const ip_addr_t dns_mquery_v4group = DNS_MQUERY_IPV4_GROUP_INIT;
 305:Middlewares/Third_Party/LwIP/src/core/dns.c **** #endif /* LWIP_IPV4 */
 306:Middlewares/Third_Party/LwIP/src/core/dns.c **** #if LWIP_IPV6
 307:Middlewares/Third_Party/LwIP/src/core/dns.c **** const ip_addr_t dns_mquery_v6group = DNS_MQUERY_IPV6_GROUP_INIT;
 308:Middlewares/Third_Party/LwIP/src/core/dns.c **** #endif /* LWIP_IPV6 */
 309:Middlewares/Third_Party/LwIP/src/core/dns.c **** 
 310:Middlewares/Third_Party/LwIP/src/core/dns.c **** /**
 311:Middlewares/Third_Party/LwIP/src/core/dns.c ****  * Initialize the resolver: set up the UDP pcb and configure the default server
 312:Middlewares/Third_Party/LwIP/src/core/dns.c ****  * (if DNS_SERVER_ADDRESS is set).
 313:Middlewares/Third_Party/LwIP/src/core/dns.c ****  */
 314:Middlewares/Third_Party/LwIP/src/core/dns.c **** void
 315:Middlewares/Third_Party/LwIP/src/core/dns.c **** dns_init(void)
ARM GAS  /tmp/ccMnJyjS.s 			page 7


 316:Middlewares/Third_Party/LwIP/src/core/dns.c **** {
 317:Middlewares/Third_Party/LwIP/src/core/dns.c **** #ifdef DNS_SERVER_ADDRESS
 318:Middlewares/Third_Party/LwIP/src/core/dns.c ****   /* initialize default DNS server address */
 319:Middlewares/Third_Party/LwIP/src/core/dns.c ****   ip_addr_t dnsserver;
 320:Middlewares/Third_Party/LwIP/src/core/dns.c ****   DNS_SERVER_ADDRESS(&dnsserver);
 321:Middlewares/Third_Party/LwIP/src/core/dns.c ****   dns_setserver(0, &dnsserver);
 322:Middlewares/Third_Party/LwIP/src/core/dns.c **** #endif /* DNS_SERVER_ADDRESS */
 323:Middlewares/Third_Party/LwIP/src/core/dns.c **** 
 324:Middlewares/Third_Party/LwIP/src/core/dns.c ****   LWIP_ASSERT("sanity check SIZEOF_DNS_QUERY",
 325:Middlewares/Third_Party/LwIP/src/core/dns.c ****               sizeof(struct dns_query) == SIZEOF_DNS_QUERY);
 326:Middlewares/Third_Party/LwIP/src/core/dns.c ****   LWIP_ASSERT("sanity check SIZEOF_DNS_ANSWER",
 327:Middlewares/Third_Party/LwIP/src/core/dns.c ****               sizeof(struct dns_answer) <= SIZEOF_DNS_ANSWER_ASSERT);
 328:Middlewares/Third_Party/LwIP/src/core/dns.c **** 
 329:Middlewares/Third_Party/LwIP/src/core/dns.c ****   LWIP_DEBUGF(DNS_DEBUG, ("dns_init: initializing\n"));
 330:Middlewares/Third_Party/LwIP/src/core/dns.c **** 
 331:Middlewares/Third_Party/LwIP/src/core/dns.c ****   /* if dns client not yet initialized... */
 332:Middlewares/Third_Party/LwIP/src/core/dns.c **** #if ((LWIP_DNS_SECURE & LWIP_DNS_SECURE_RAND_SRC_PORT) == 0)
 333:Middlewares/Third_Party/LwIP/src/core/dns.c ****   if (dns_pcbs[0] == NULL) {
 334:Middlewares/Third_Party/LwIP/src/core/dns.c ****     dns_pcbs[0] = udp_new_ip_type(IPADDR_TYPE_ANY);
 335:Middlewares/Third_Party/LwIP/src/core/dns.c ****     LWIP_ASSERT("dns_pcbs[0] != NULL", dns_pcbs[0] != NULL);
 336:Middlewares/Third_Party/LwIP/src/core/dns.c **** 
 337:Middlewares/Third_Party/LwIP/src/core/dns.c ****     /* initialize DNS table not needed (initialized to zero since it is a
 338:Middlewares/Third_Party/LwIP/src/core/dns.c ****      * global variable) */
 339:Middlewares/Third_Party/LwIP/src/core/dns.c ****     LWIP_ASSERT("For implicit initialization to work, DNS_STATE_UNUSED needs to be 0",
 340:Middlewares/Third_Party/LwIP/src/core/dns.c ****                 DNS_STATE_UNUSED == 0);
 341:Middlewares/Third_Party/LwIP/src/core/dns.c **** 
 342:Middlewares/Third_Party/LwIP/src/core/dns.c ****     /* initialize DNS client */
 343:Middlewares/Third_Party/LwIP/src/core/dns.c ****     udp_bind(dns_pcbs[0], IP_ANY_TYPE, 0);
 344:Middlewares/Third_Party/LwIP/src/core/dns.c ****     udp_recv(dns_pcbs[0], dns_recv, NULL);
 345:Middlewares/Third_Party/LwIP/src/core/dns.c ****   }
 346:Middlewares/Third_Party/LwIP/src/core/dns.c **** #endif
 347:Middlewares/Third_Party/LwIP/src/core/dns.c **** 
 348:Middlewares/Third_Party/LwIP/src/core/dns.c **** #if DNS_LOCAL_HOSTLIST
 349:Middlewares/Third_Party/LwIP/src/core/dns.c ****   dns_init_local();
 350:Middlewares/Third_Party/LwIP/src/core/dns.c **** #endif
 351:Middlewares/Third_Party/LwIP/src/core/dns.c **** }
 352:Middlewares/Third_Party/LwIP/src/core/dns.c **** 
 353:Middlewares/Third_Party/LwIP/src/core/dns.c **** /**
 354:Middlewares/Third_Party/LwIP/src/core/dns.c ****  * @ingroup dns
 355:Middlewares/Third_Party/LwIP/src/core/dns.c ****  * Initialize one of the DNS servers.
 356:Middlewares/Third_Party/LwIP/src/core/dns.c ****  *
 357:Middlewares/Third_Party/LwIP/src/core/dns.c ****  * @param numdns the index of the DNS server to set must be < DNS_MAX_SERVERS
 358:Middlewares/Third_Party/LwIP/src/core/dns.c ****  * @param dnsserver IP address of the DNS server to set
 359:Middlewares/Third_Party/LwIP/src/core/dns.c ****  */
 360:Middlewares/Third_Party/LwIP/src/core/dns.c **** void
 361:Middlewares/Third_Party/LwIP/src/core/dns.c **** dns_setserver(u8_t numdns, const ip_addr_t *dnsserver)
 362:Middlewares/Third_Party/LwIP/src/core/dns.c **** {
 363:Middlewares/Third_Party/LwIP/src/core/dns.c ****   if (numdns < DNS_MAX_SERVERS) {
 364:Middlewares/Third_Party/LwIP/src/core/dns.c ****     if (dnsserver != NULL) {
 365:Middlewares/Third_Party/LwIP/src/core/dns.c ****       dns_servers[numdns] = (*dnsserver);
 366:Middlewares/Third_Party/LwIP/src/core/dns.c ****     } else {
 367:Middlewares/Third_Party/LwIP/src/core/dns.c ****       dns_servers[numdns] = *IP_ADDR_ANY;
 368:Middlewares/Third_Party/LwIP/src/core/dns.c ****     }
 369:Middlewares/Third_Party/LwIP/src/core/dns.c ****   }
 370:Middlewares/Third_Party/LwIP/src/core/dns.c **** }
 371:Middlewares/Third_Party/LwIP/src/core/dns.c **** 
 372:Middlewares/Third_Party/LwIP/src/core/dns.c **** /**
ARM GAS  /tmp/ccMnJyjS.s 			page 8


 373:Middlewares/Third_Party/LwIP/src/core/dns.c ****  * @ingroup dns
 374:Middlewares/Third_Party/LwIP/src/core/dns.c ****  * Obtain one of the currently configured DNS server.
 375:Middlewares/Third_Party/LwIP/src/core/dns.c ****  *
 376:Middlewares/Third_Party/LwIP/src/core/dns.c ****  * @param numdns the index of the DNS server
 377:Middlewares/Third_Party/LwIP/src/core/dns.c ****  * @return IP address of the indexed DNS server or "ip_addr_any" if the DNS
 378:Middlewares/Third_Party/LwIP/src/core/dns.c ****  *         server has not been configured.
 379:Middlewares/Third_Party/LwIP/src/core/dns.c ****  */
 380:Middlewares/Third_Party/LwIP/src/core/dns.c **** const ip_addr_t *
 381:Middlewares/Third_Party/LwIP/src/core/dns.c **** dns_getserver(u8_t numdns)
 382:Middlewares/Third_Party/LwIP/src/core/dns.c **** {
 383:Middlewares/Third_Party/LwIP/src/core/dns.c ****   if (numdns < DNS_MAX_SERVERS) {
 384:Middlewares/Third_Party/LwIP/src/core/dns.c ****     return &dns_servers[numdns];
 385:Middlewares/Third_Party/LwIP/src/core/dns.c ****   } else {
 386:Middlewares/Third_Party/LwIP/src/core/dns.c ****     return IP_ADDR_ANY;
 387:Middlewares/Third_Party/LwIP/src/core/dns.c ****   }
 388:Middlewares/Third_Party/LwIP/src/core/dns.c **** }
 389:Middlewares/Third_Party/LwIP/src/core/dns.c **** 
 390:Middlewares/Third_Party/LwIP/src/core/dns.c **** /**
 391:Middlewares/Third_Party/LwIP/src/core/dns.c ****  * The DNS resolver client timer - handle retries and timeouts and should
 392:Middlewares/Third_Party/LwIP/src/core/dns.c ****  * be called every DNS_TMR_INTERVAL milliseconds (every second by default).
 393:Middlewares/Third_Party/LwIP/src/core/dns.c ****  */
 394:Middlewares/Third_Party/LwIP/src/core/dns.c **** void
 395:Middlewares/Third_Party/LwIP/src/core/dns.c **** dns_tmr(void)
 396:Middlewares/Third_Party/LwIP/src/core/dns.c **** {
 397:Middlewares/Third_Party/LwIP/src/core/dns.c ****   LWIP_DEBUGF(DNS_DEBUG, ("dns_tmr: dns_check_entries\n"));
 398:Middlewares/Third_Party/LwIP/src/core/dns.c ****   dns_check_entries();
 399:Middlewares/Third_Party/LwIP/src/core/dns.c **** }
 400:Middlewares/Third_Party/LwIP/src/core/dns.c **** 
 401:Middlewares/Third_Party/LwIP/src/core/dns.c **** #if DNS_LOCAL_HOSTLIST
 402:Middlewares/Third_Party/LwIP/src/core/dns.c **** static void
 403:Middlewares/Third_Party/LwIP/src/core/dns.c **** dns_init_local(void)
 404:Middlewares/Third_Party/LwIP/src/core/dns.c **** {
 405:Middlewares/Third_Party/LwIP/src/core/dns.c **** #if DNS_LOCAL_HOSTLIST_IS_DYNAMIC && defined(DNS_LOCAL_HOSTLIST_INIT)
 406:Middlewares/Third_Party/LwIP/src/core/dns.c ****   size_t i;
 407:Middlewares/Third_Party/LwIP/src/core/dns.c ****   struct local_hostlist_entry *entry;
 408:Middlewares/Third_Party/LwIP/src/core/dns.c ****   /* Dynamic: copy entries from DNS_LOCAL_HOSTLIST_INIT to list */
 409:Middlewares/Third_Party/LwIP/src/core/dns.c ****   struct local_hostlist_entry local_hostlist_init[] = DNS_LOCAL_HOSTLIST_INIT;
 410:Middlewares/Third_Party/LwIP/src/core/dns.c ****   size_t namelen;
 411:Middlewares/Third_Party/LwIP/src/core/dns.c ****   for (i = 0; i < LWIP_ARRAYSIZE(local_hostlist_init); i++) {
 412:Middlewares/Third_Party/LwIP/src/core/dns.c ****     struct local_hostlist_entry *init_entry = &local_hostlist_init[i];
 413:Middlewares/Third_Party/LwIP/src/core/dns.c ****     LWIP_ASSERT("invalid host name (NULL)", init_entry->name != NULL);
 414:Middlewares/Third_Party/LwIP/src/core/dns.c ****     namelen = strlen(init_entry->name);
 415:Middlewares/Third_Party/LwIP/src/core/dns.c ****     LWIP_ASSERT("namelen <= DNS_LOCAL_HOSTLIST_MAX_NAMELEN", namelen <= DNS_LOCAL_HOSTLIST_MAX_NAME
 416:Middlewares/Third_Party/LwIP/src/core/dns.c ****     entry = (struct local_hostlist_entry *)memp_malloc(MEMP_LOCALHOSTLIST);
 417:Middlewares/Third_Party/LwIP/src/core/dns.c ****     LWIP_ASSERT("mem-error in dns_init_local", entry != NULL);
 418:Middlewares/Third_Party/LwIP/src/core/dns.c ****     if (entry != NULL) {
 419:Middlewares/Third_Party/LwIP/src/core/dns.c ****       char *entry_name = (char *)entry + sizeof(struct local_hostlist_entry);
 420:Middlewares/Third_Party/LwIP/src/core/dns.c ****       MEMCPY(entry_name, init_entry->name, namelen);
 421:Middlewares/Third_Party/LwIP/src/core/dns.c ****       entry_name[namelen] = 0;
 422:Middlewares/Third_Party/LwIP/src/core/dns.c ****       entry->name = entry_name;
 423:Middlewares/Third_Party/LwIP/src/core/dns.c ****       entry->addr = init_entry->addr;
 424:Middlewares/Third_Party/LwIP/src/core/dns.c ****       entry->next = local_hostlist_dynamic;
 425:Middlewares/Third_Party/LwIP/src/core/dns.c ****       local_hostlist_dynamic = entry;
 426:Middlewares/Third_Party/LwIP/src/core/dns.c ****     }
 427:Middlewares/Third_Party/LwIP/src/core/dns.c ****   }
 428:Middlewares/Third_Party/LwIP/src/core/dns.c **** #endif /* DNS_LOCAL_HOSTLIST_IS_DYNAMIC && defined(DNS_LOCAL_HOSTLIST_INIT) */
 429:Middlewares/Third_Party/LwIP/src/core/dns.c **** }
ARM GAS  /tmp/ccMnJyjS.s 			page 9


 430:Middlewares/Third_Party/LwIP/src/core/dns.c **** 
 431:Middlewares/Third_Party/LwIP/src/core/dns.c **** /**
 432:Middlewares/Third_Party/LwIP/src/core/dns.c ****  * @ingroup dns
 433:Middlewares/Third_Party/LwIP/src/core/dns.c ****  * Iterate the local host-list for a hostname.
 434:Middlewares/Third_Party/LwIP/src/core/dns.c ****  *
 435:Middlewares/Third_Party/LwIP/src/core/dns.c ****  * @param iterator_fn a function that is called for every entry in the local host-list
 436:Middlewares/Third_Party/LwIP/src/core/dns.c ****  * @param iterator_arg 3rd argument passed to iterator_fn
 437:Middlewares/Third_Party/LwIP/src/core/dns.c ****  * @return the number of entries in the local host-list
 438:Middlewares/Third_Party/LwIP/src/core/dns.c ****  */
 439:Middlewares/Third_Party/LwIP/src/core/dns.c **** size_t
 440:Middlewares/Third_Party/LwIP/src/core/dns.c **** dns_local_iterate(dns_found_callback iterator_fn, void *iterator_arg)
 441:Middlewares/Third_Party/LwIP/src/core/dns.c **** {
 442:Middlewares/Third_Party/LwIP/src/core/dns.c ****   size_t i;
 443:Middlewares/Third_Party/LwIP/src/core/dns.c **** #if DNS_LOCAL_HOSTLIST_IS_DYNAMIC
 444:Middlewares/Third_Party/LwIP/src/core/dns.c ****   struct local_hostlist_entry *entry = local_hostlist_dynamic;
 445:Middlewares/Third_Party/LwIP/src/core/dns.c ****   i = 0;
 446:Middlewares/Third_Party/LwIP/src/core/dns.c ****   while (entry != NULL) {
 447:Middlewares/Third_Party/LwIP/src/core/dns.c ****     if (iterator_fn != NULL) {
 448:Middlewares/Third_Party/LwIP/src/core/dns.c ****       iterator_fn(entry->name, &entry->addr, iterator_arg);
 449:Middlewares/Third_Party/LwIP/src/core/dns.c ****     }
 450:Middlewares/Third_Party/LwIP/src/core/dns.c ****     i++;
 451:Middlewares/Third_Party/LwIP/src/core/dns.c ****     entry = entry->next;
 452:Middlewares/Third_Party/LwIP/src/core/dns.c ****   }
 453:Middlewares/Third_Party/LwIP/src/core/dns.c **** #else /* DNS_LOCAL_HOSTLIST_IS_DYNAMIC */
 454:Middlewares/Third_Party/LwIP/src/core/dns.c ****   for (i = 0; i < LWIP_ARRAYSIZE(local_hostlist_static); i++) {
 455:Middlewares/Third_Party/LwIP/src/core/dns.c ****     if (iterator_fn != NULL) {
 456:Middlewares/Third_Party/LwIP/src/core/dns.c ****       iterator_fn(local_hostlist_static[i].name, &local_hostlist_static[i].addr, iterator_arg);
 457:Middlewares/Third_Party/LwIP/src/core/dns.c ****     }
 458:Middlewares/Third_Party/LwIP/src/core/dns.c ****   }
 459:Middlewares/Third_Party/LwIP/src/core/dns.c **** #endif /* DNS_LOCAL_HOSTLIST_IS_DYNAMIC */
 460:Middlewares/Third_Party/LwIP/src/core/dns.c ****   return i;
 461:Middlewares/Third_Party/LwIP/src/core/dns.c **** }
 462:Middlewares/Third_Party/LwIP/src/core/dns.c **** 
 463:Middlewares/Third_Party/LwIP/src/core/dns.c **** /**
 464:Middlewares/Third_Party/LwIP/src/core/dns.c ****  * @ingroup dns
 465:Middlewares/Third_Party/LwIP/src/core/dns.c ****  * Scans the local host-list for a hostname.
 466:Middlewares/Third_Party/LwIP/src/core/dns.c ****  *
 467:Middlewares/Third_Party/LwIP/src/core/dns.c ****  * @param hostname Hostname to look for in the local host-list
 468:Middlewares/Third_Party/LwIP/src/core/dns.c ****  * @param addr the first IP address for the hostname in the local host-list or
 469:Middlewares/Third_Party/LwIP/src/core/dns.c ****  *         IPADDR_NONE if not found.
 470:Middlewares/Third_Party/LwIP/src/core/dns.c ****  * @param dns_addrtype - LWIP_DNS_ADDRTYPE_IPV4_IPV6: try to resolve IPv4 (ATTENTION: no fallback h
 471:Middlewares/Third_Party/LwIP/src/core/dns.c ****  *                     - LWIP_DNS_ADDRTYPE_IPV6_IPV4: try to resolve IPv6 (ATTENTION: no fallback h
 472:Middlewares/Third_Party/LwIP/src/core/dns.c ****  *                     - LWIP_DNS_ADDRTYPE_IPV4: try to resolve IPv4 only
 473:Middlewares/Third_Party/LwIP/src/core/dns.c ****  *                     - LWIP_DNS_ADDRTYPE_IPV6: try to resolve IPv6 only
 474:Middlewares/Third_Party/LwIP/src/core/dns.c ****  * @return ERR_OK if found, ERR_ARG if not found
 475:Middlewares/Third_Party/LwIP/src/core/dns.c ****  */
 476:Middlewares/Third_Party/LwIP/src/core/dns.c **** err_t
 477:Middlewares/Third_Party/LwIP/src/core/dns.c **** dns_local_lookup(const char *hostname, ip_addr_t *addr, u8_t dns_addrtype)
 478:Middlewares/Third_Party/LwIP/src/core/dns.c **** {
 479:Middlewares/Third_Party/LwIP/src/core/dns.c ****   LWIP_UNUSED_ARG(dns_addrtype);
 480:Middlewares/Third_Party/LwIP/src/core/dns.c ****   return dns_lookup_local(hostname, addr LWIP_DNS_ADDRTYPE_ARG(dns_addrtype));
 481:Middlewares/Third_Party/LwIP/src/core/dns.c **** }
 482:Middlewares/Third_Party/LwIP/src/core/dns.c **** 
 483:Middlewares/Third_Party/LwIP/src/core/dns.c **** /* Internal implementation for dns_local_lookup and dns_lookup */
 484:Middlewares/Third_Party/LwIP/src/core/dns.c **** static err_t
 485:Middlewares/Third_Party/LwIP/src/core/dns.c **** dns_lookup_local(const char *hostname, ip_addr_t *addr LWIP_DNS_ADDRTYPE_ARG(u8_t dns_addrtype))
 486:Middlewares/Third_Party/LwIP/src/core/dns.c **** {
ARM GAS  /tmp/ccMnJyjS.s 			page 10


 487:Middlewares/Third_Party/LwIP/src/core/dns.c **** #if DNS_LOCAL_HOSTLIST_IS_DYNAMIC
 488:Middlewares/Third_Party/LwIP/src/core/dns.c ****   struct local_hostlist_entry *entry = local_hostlist_dynamic;
 489:Middlewares/Third_Party/LwIP/src/core/dns.c ****   while (entry != NULL) {
 490:Middlewares/Third_Party/LwIP/src/core/dns.c ****     if ((lwip_stricmp(entry->name, hostname) == 0) &&
 491:Middlewares/Third_Party/LwIP/src/core/dns.c ****         LWIP_DNS_ADDRTYPE_MATCH_IP(dns_addrtype, entry->addr)) {
 492:Middlewares/Third_Party/LwIP/src/core/dns.c ****       if (addr) {
 493:Middlewares/Third_Party/LwIP/src/core/dns.c ****         ip_addr_copy(*addr, entry->addr);
 494:Middlewares/Third_Party/LwIP/src/core/dns.c ****       }
 495:Middlewares/Third_Party/LwIP/src/core/dns.c ****       return ERR_OK;
 496:Middlewares/Third_Party/LwIP/src/core/dns.c ****     }
 497:Middlewares/Third_Party/LwIP/src/core/dns.c ****     entry = entry->next;
 498:Middlewares/Third_Party/LwIP/src/core/dns.c ****   }
 499:Middlewares/Third_Party/LwIP/src/core/dns.c **** #else /* DNS_LOCAL_HOSTLIST_IS_DYNAMIC */
 500:Middlewares/Third_Party/LwIP/src/core/dns.c ****   size_t i;
 501:Middlewares/Third_Party/LwIP/src/core/dns.c ****   for (i = 0; i < LWIP_ARRAYSIZE(local_hostlist_static); i++) {
 502:Middlewares/Third_Party/LwIP/src/core/dns.c ****     if ((lwip_stricmp(local_hostlist_static[i].name, hostname) == 0) &&
 503:Middlewares/Third_Party/LwIP/src/core/dns.c ****         LWIP_DNS_ADDRTYPE_MATCH_IP(dns_addrtype, local_hostlist_static[i].addr)) {
 504:Middlewares/Third_Party/LwIP/src/core/dns.c ****       if (addr) {
 505:Middlewares/Third_Party/LwIP/src/core/dns.c ****         ip_addr_copy(*addr, local_hostlist_static[i].addr);
 506:Middlewares/Third_Party/LwIP/src/core/dns.c ****       }
 507:Middlewares/Third_Party/LwIP/src/core/dns.c ****       return ERR_OK;
 508:Middlewares/Third_Party/LwIP/src/core/dns.c ****     }
 509:Middlewares/Third_Party/LwIP/src/core/dns.c ****   }
 510:Middlewares/Third_Party/LwIP/src/core/dns.c **** #endif /* DNS_LOCAL_HOSTLIST_IS_DYNAMIC */
 511:Middlewares/Third_Party/LwIP/src/core/dns.c ****   return ERR_ARG;
 512:Middlewares/Third_Party/LwIP/src/core/dns.c **** }
 513:Middlewares/Third_Party/LwIP/src/core/dns.c **** 
 514:Middlewares/Third_Party/LwIP/src/core/dns.c **** #if DNS_LOCAL_HOSTLIST_IS_DYNAMIC
 515:Middlewares/Third_Party/LwIP/src/core/dns.c **** /**
 516:Middlewares/Third_Party/LwIP/src/core/dns.c ****  * @ingroup dns
 517:Middlewares/Third_Party/LwIP/src/core/dns.c ****  * Remove all entries from the local host-list for a specific hostname
 518:Middlewares/Third_Party/LwIP/src/core/dns.c ****  * and/or IP address
 519:Middlewares/Third_Party/LwIP/src/core/dns.c ****  *
 520:Middlewares/Third_Party/LwIP/src/core/dns.c ****  * @param hostname hostname for which entries shall be removed from the local
 521:Middlewares/Third_Party/LwIP/src/core/dns.c ****  *                 host-list
 522:Middlewares/Third_Party/LwIP/src/core/dns.c ****  * @param addr address for which entries shall be removed from the local host-list
 523:Middlewares/Third_Party/LwIP/src/core/dns.c ****  * @return the number of removed entries
 524:Middlewares/Third_Party/LwIP/src/core/dns.c ****  */
 525:Middlewares/Third_Party/LwIP/src/core/dns.c **** int
 526:Middlewares/Third_Party/LwIP/src/core/dns.c **** dns_local_removehost(const char *hostname, const ip_addr_t *addr)
 527:Middlewares/Third_Party/LwIP/src/core/dns.c **** {
 528:Middlewares/Third_Party/LwIP/src/core/dns.c ****   int removed = 0;
 529:Middlewares/Third_Party/LwIP/src/core/dns.c ****   struct local_hostlist_entry *entry = local_hostlist_dynamic;
 530:Middlewares/Third_Party/LwIP/src/core/dns.c ****   struct local_hostlist_entry *last_entry = NULL;
 531:Middlewares/Third_Party/LwIP/src/core/dns.c ****   while (entry != NULL) {
 532:Middlewares/Third_Party/LwIP/src/core/dns.c ****     if (((hostname == NULL) || !lwip_stricmp(entry->name, hostname)) &&
 533:Middlewares/Third_Party/LwIP/src/core/dns.c ****         ((addr == NULL) || ip_addr_cmp(&entry->addr, addr))) {
 534:Middlewares/Third_Party/LwIP/src/core/dns.c ****       struct local_hostlist_entry *free_entry;
 535:Middlewares/Third_Party/LwIP/src/core/dns.c ****       if (last_entry != NULL) {
 536:Middlewares/Third_Party/LwIP/src/core/dns.c ****         last_entry->next = entry->next;
 537:Middlewares/Third_Party/LwIP/src/core/dns.c ****       } else {
 538:Middlewares/Third_Party/LwIP/src/core/dns.c ****         local_hostlist_dynamic = entry->next;
 539:Middlewares/Third_Party/LwIP/src/core/dns.c ****       }
 540:Middlewares/Third_Party/LwIP/src/core/dns.c ****       free_entry = entry;
 541:Middlewares/Third_Party/LwIP/src/core/dns.c ****       entry = entry->next;
 542:Middlewares/Third_Party/LwIP/src/core/dns.c ****       memp_free(MEMP_LOCALHOSTLIST, free_entry);
 543:Middlewares/Third_Party/LwIP/src/core/dns.c ****       removed++;
ARM GAS  /tmp/ccMnJyjS.s 			page 11


 544:Middlewares/Third_Party/LwIP/src/core/dns.c ****     } else {
 545:Middlewares/Third_Party/LwIP/src/core/dns.c ****       last_entry = entry;
 546:Middlewares/Third_Party/LwIP/src/core/dns.c ****       entry = entry->next;
 547:Middlewares/Third_Party/LwIP/src/core/dns.c ****     }
 548:Middlewares/Third_Party/LwIP/src/core/dns.c ****   }
 549:Middlewares/Third_Party/LwIP/src/core/dns.c ****   return removed;
 550:Middlewares/Third_Party/LwIP/src/core/dns.c **** }
 551:Middlewares/Third_Party/LwIP/src/core/dns.c **** 
 552:Middlewares/Third_Party/LwIP/src/core/dns.c **** /**
 553:Middlewares/Third_Party/LwIP/src/core/dns.c ****  * @ingroup dns
 554:Middlewares/Third_Party/LwIP/src/core/dns.c ****  * Add a hostname/IP address pair to the local host-list.
 555:Middlewares/Third_Party/LwIP/src/core/dns.c ****  * Duplicates are not checked.
 556:Middlewares/Third_Party/LwIP/src/core/dns.c ****  *
 557:Middlewares/Third_Party/LwIP/src/core/dns.c ****  * @param hostname hostname of the new entry
 558:Middlewares/Third_Party/LwIP/src/core/dns.c ****  * @param addr IP address of the new entry
 559:Middlewares/Third_Party/LwIP/src/core/dns.c ****  * @return ERR_OK if succeeded or ERR_MEM on memory error
 560:Middlewares/Third_Party/LwIP/src/core/dns.c ****  */
 561:Middlewares/Third_Party/LwIP/src/core/dns.c **** err_t
 562:Middlewares/Third_Party/LwIP/src/core/dns.c **** dns_local_addhost(const char *hostname, const ip_addr_t *addr)
 563:Middlewares/Third_Party/LwIP/src/core/dns.c **** {
 564:Middlewares/Third_Party/LwIP/src/core/dns.c ****   struct local_hostlist_entry *entry;
 565:Middlewares/Third_Party/LwIP/src/core/dns.c ****   size_t namelen;
 566:Middlewares/Third_Party/LwIP/src/core/dns.c ****   char *entry_name;
 567:Middlewares/Third_Party/LwIP/src/core/dns.c ****   LWIP_ASSERT("invalid host name (NULL)", hostname != NULL);
 568:Middlewares/Third_Party/LwIP/src/core/dns.c ****   namelen = strlen(hostname);
 569:Middlewares/Third_Party/LwIP/src/core/dns.c ****   LWIP_ASSERT("namelen <= DNS_LOCAL_HOSTLIST_MAX_NAMELEN", namelen <= DNS_LOCAL_HOSTLIST_MAX_NAMELE
 570:Middlewares/Third_Party/LwIP/src/core/dns.c ****   entry = (struct local_hostlist_entry *)memp_malloc(MEMP_LOCALHOSTLIST);
 571:Middlewares/Third_Party/LwIP/src/core/dns.c ****   if (entry == NULL) {
 572:Middlewares/Third_Party/LwIP/src/core/dns.c ****     return ERR_MEM;
 573:Middlewares/Third_Party/LwIP/src/core/dns.c ****   }
 574:Middlewares/Third_Party/LwIP/src/core/dns.c ****   entry_name = (char *)entry + sizeof(struct local_hostlist_entry);
 575:Middlewares/Third_Party/LwIP/src/core/dns.c ****   MEMCPY(entry_name, hostname, namelen);
 576:Middlewares/Third_Party/LwIP/src/core/dns.c ****   entry_name[namelen] = 0;
 577:Middlewares/Third_Party/LwIP/src/core/dns.c ****   entry->name = entry_name;
 578:Middlewares/Third_Party/LwIP/src/core/dns.c ****   ip_addr_copy(entry->addr, *addr);
 579:Middlewares/Third_Party/LwIP/src/core/dns.c ****   entry->next = local_hostlist_dynamic;
 580:Middlewares/Third_Party/LwIP/src/core/dns.c ****   local_hostlist_dynamic = entry;
 581:Middlewares/Third_Party/LwIP/src/core/dns.c ****   return ERR_OK;
 582:Middlewares/Third_Party/LwIP/src/core/dns.c **** }
 583:Middlewares/Third_Party/LwIP/src/core/dns.c **** #endif /* DNS_LOCAL_HOSTLIST_IS_DYNAMIC*/
 584:Middlewares/Third_Party/LwIP/src/core/dns.c **** #endif /* DNS_LOCAL_HOSTLIST */
 585:Middlewares/Third_Party/LwIP/src/core/dns.c **** 
 586:Middlewares/Third_Party/LwIP/src/core/dns.c **** /**
 587:Middlewares/Third_Party/LwIP/src/core/dns.c ****  * @ingroup dns
 588:Middlewares/Third_Party/LwIP/src/core/dns.c ****  * Look up a hostname in the array of known hostnames.
 589:Middlewares/Third_Party/LwIP/src/core/dns.c ****  *
 590:Middlewares/Third_Party/LwIP/src/core/dns.c ****  * @note This function only looks in the internal array of known
 591:Middlewares/Third_Party/LwIP/src/core/dns.c ****  * hostnames, it does not send out a query for the hostname if none
 592:Middlewares/Third_Party/LwIP/src/core/dns.c ****  * was found. The function dns_enqueue() can be used to send a query
 593:Middlewares/Third_Party/LwIP/src/core/dns.c ****  * for a hostname.
 594:Middlewares/Third_Party/LwIP/src/core/dns.c ****  *
 595:Middlewares/Third_Party/LwIP/src/core/dns.c ****  * @param name the hostname to look up
 596:Middlewares/Third_Party/LwIP/src/core/dns.c ****  * @param addr the hostname's IP address, as u32_t (instead of ip_addr_t to
 597:Middlewares/Third_Party/LwIP/src/core/dns.c ****  *         better check for failure: != IPADDR_NONE) or IPADDR_NONE if the hostname
 598:Middlewares/Third_Party/LwIP/src/core/dns.c ****  *         was not found in the cached dns_table.
 599:Middlewares/Third_Party/LwIP/src/core/dns.c ****  * @return ERR_OK if found, ERR_ARG if not found
 600:Middlewares/Third_Party/LwIP/src/core/dns.c ****  */
ARM GAS  /tmp/ccMnJyjS.s 			page 12


 601:Middlewares/Third_Party/LwIP/src/core/dns.c **** static err_t
 602:Middlewares/Third_Party/LwIP/src/core/dns.c **** dns_lookup(const char *name, ip_addr_t *addr LWIP_DNS_ADDRTYPE_ARG(u8_t dns_addrtype))
 603:Middlewares/Third_Party/LwIP/src/core/dns.c **** {
 604:Middlewares/Third_Party/LwIP/src/core/dns.c ****   u8_t i;
 605:Middlewares/Third_Party/LwIP/src/core/dns.c **** #if DNS_LOCAL_HOSTLIST
 606:Middlewares/Third_Party/LwIP/src/core/dns.c ****   if (dns_lookup_local(name, addr LWIP_DNS_ADDRTYPE_ARG(dns_addrtype)) == ERR_OK) {
 607:Middlewares/Third_Party/LwIP/src/core/dns.c ****     return ERR_OK;
 608:Middlewares/Third_Party/LwIP/src/core/dns.c ****   }
 609:Middlewares/Third_Party/LwIP/src/core/dns.c **** #endif /* DNS_LOCAL_HOSTLIST */
 610:Middlewares/Third_Party/LwIP/src/core/dns.c **** #ifdef DNS_LOOKUP_LOCAL_EXTERN
 611:Middlewares/Third_Party/LwIP/src/core/dns.c ****   if (DNS_LOOKUP_LOCAL_EXTERN(name, addr, LWIP_DNS_ADDRTYPE_ARG_OR_ZERO(dns_addrtype)) == ERR_OK) {
 612:Middlewares/Third_Party/LwIP/src/core/dns.c ****     return ERR_OK;
 613:Middlewares/Third_Party/LwIP/src/core/dns.c ****   }
 614:Middlewares/Third_Party/LwIP/src/core/dns.c **** #endif /* DNS_LOOKUP_LOCAL_EXTERN */
 615:Middlewares/Third_Party/LwIP/src/core/dns.c **** 
 616:Middlewares/Third_Party/LwIP/src/core/dns.c ****   /* Walk through name list, return entry if found. If not, return NULL. */
 617:Middlewares/Third_Party/LwIP/src/core/dns.c ****   for (i = 0; i < DNS_TABLE_SIZE; ++i) {
 618:Middlewares/Third_Party/LwIP/src/core/dns.c ****     if ((dns_table[i].state == DNS_STATE_DONE) &&
 619:Middlewares/Third_Party/LwIP/src/core/dns.c ****         (lwip_strnicmp(name, dns_table[i].name, sizeof(dns_table[i].name)) == 0) &&
 620:Middlewares/Third_Party/LwIP/src/core/dns.c ****         LWIP_DNS_ADDRTYPE_MATCH_IP(dns_addrtype, dns_table[i].ipaddr)) {
 621:Middlewares/Third_Party/LwIP/src/core/dns.c ****       LWIP_DEBUGF(DNS_DEBUG, ("dns_lookup: \"%s\": found = ", name));
 622:Middlewares/Third_Party/LwIP/src/core/dns.c ****       ip_addr_debug_print_val(DNS_DEBUG, dns_table[i].ipaddr);
 623:Middlewares/Third_Party/LwIP/src/core/dns.c ****       LWIP_DEBUGF(DNS_DEBUG, ("\n"));
 624:Middlewares/Third_Party/LwIP/src/core/dns.c ****       if (addr) {
 625:Middlewares/Third_Party/LwIP/src/core/dns.c ****         ip_addr_copy(*addr, dns_table[i].ipaddr);
 626:Middlewares/Third_Party/LwIP/src/core/dns.c ****       }
 627:Middlewares/Third_Party/LwIP/src/core/dns.c ****       return ERR_OK;
 628:Middlewares/Third_Party/LwIP/src/core/dns.c ****     }
 629:Middlewares/Third_Party/LwIP/src/core/dns.c ****   }
 630:Middlewares/Third_Party/LwIP/src/core/dns.c **** 
 631:Middlewares/Third_Party/LwIP/src/core/dns.c ****   return ERR_ARG;
 632:Middlewares/Third_Party/LwIP/src/core/dns.c **** }
 633:Middlewares/Third_Party/LwIP/src/core/dns.c **** 
 634:Middlewares/Third_Party/LwIP/src/core/dns.c **** /**
 635:Middlewares/Third_Party/LwIP/src/core/dns.c ****  * Compare the "dotted" name "query" with the encoded name "response"
 636:Middlewares/Third_Party/LwIP/src/core/dns.c ****  * to make sure an answer from the DNS server matches the current dns_table
 637:Middlewares/Third_Party/LwIP/src/core/dns.c ****  * entry (otherwise, answers might arrive late for hostname not on the list
 638:Middlewares/Third_Party/LwIP/src/core/dns.c ****  * any more).
 639:Middlewares/Third_Party/LwIP/src/core/dns.c ****  *
 640:Middlewares/Third_Party/LwIP/src/core/dns.c ****  * For now, this function compares case-insensitive to cope with all kinds of
 641:Middlewares/Third_Party/LwIP/src/core/dns.c ****  * servers. This also means that "dns 0x20 bit encoding" must be checked
 642:Middlewares/Third_Party/LwIP/src/core/dns.c ****  * externally, if we want to implement it.
 643:Middlewares/Third_Party/LwIP/src/core/dns.c ****  * Currently, the request is sent exactly as passed in by he user request.
 644:Middlewares/Third_Party/LwIP/src/core/dns.c ****  *
 645:Middlewares/Third_Party/LwIP/src/core/dns.c ****  * @param query hostname (not encoded) from the dns_table
 646:Middlewares/Third_Party/LwIP/src/core/dns.c ****  * @param p pbuf containing the encoded hostname in the DNS response
 647:Middlewares/Third_Party/LwIP/src/core/dns.c ****  * @param start_offset offset into p where the name starts
 648:Middlewares/Third_Party/LwIP/src/core/dns.c ****  * @return 0xFFFF: names differ, other: names equal -> offset behind name
 649:Middlewares/Third_Party/LwIP/src/core/dns.c ****  */
 650:Middlewares/Third_Party/LwIP/src/core/dns.c **** static u16_t
 651:Middlewares/Third_Party/LwIP/src/core/dns.c **** dns_compare_name(const char *query, struct pbuf *p, u16_t start_offset)
 652:Middlewares/Third_Party/LwIP/src/core/dns.c **** {
 653:Middlewares/Third_Party/LwIP/src/core/dns.c ****   int n;
 654:Middlewares/Third_Party/LwIP/src/core/dns.c ****   u16_t response_offset = start_offset;
 655:Middlewares/Third_Party/LwIP/src/core/dns.c **** 
 656:Middlewares/Third_Party/LwIP/src/core/dns.c ****   do {
 657:Middlewares/Third_Party/LwIP/src/core/dns.c ****     n = pbuf_try_get_at(p, response_offset);
ARM GAS  /tmp/ccMnJyjS.s 			page 13


 658:Middlewares/Third_Party/LwIP/src/core/dns.c ****     if ((n < 0) || (response_offset == 0xFFFF)) {
 659:Middlewares/Third_Party/LwIP/src/core/dns.c ****       /* error or overflow */
 660:Middlewares/Third_Party/LwIP/src/core/dns.c ****       return 0xFFFF;
 661:Middlewares/Third_Party/LwIP/src/core/dns.c ****     }
 662:Middlewares/Third_Party/LwIP/src/core/dns.c ****     response_offset++;
 663:Middlewares/Third_Party/LwIP/src/core/dns.c ****     /** @see RFC 1035 - 4.1.4. Message compression */
 664:Middlewares/Third_Party/LwIP/src/core/dns.c ****     if ((n & 0xc0) == 0xc0) {
 665:Middlewares/Third_Party/LwIP/src/core/dns.c ****       /* Compressed name: cannot be equal since we don't send them */
 666:Middlewares/Third_Party/LwIP/src/core/dns.c ****       return 0xFFFF;
 667:Middlewares/Third_Party/LwIP/src/core/dns.c ****     } else {
 668:Middlewares/Third_Party/LwIP/src/core/dns.c ****       /* Not compressed name */
 669:Middlewares/Third_Party/LwIP/src/core/dns.c ****       while (n > 0) {
 670:Middlewares/Third_Party/LwIP/src/core/dns.c ****         int c = pbuf_try_get_at(p, response_offset);
 671:Middlewares/Third_Party/LwIP/src/core/dns.c ****         if (c < 0) {
 672:Middlewares/Third_Party/LwIP/src/core/dns.c ****           return 0xFFFF;
 673:Middlewares/Third_Party/LwIP/src/core/dns.c ****         }
 674:Middlewares/Third_Party/LwIP/src/core/dns.c ****         if (lwip_tolower((*query)) != lwip_tolower((u8_t)c)) {
 675:Middlewares/Third_Party/LwIP/src/core/dns.c ****           return 0xFFFF;
 676:Middlewares/Third_Party/LwIP/src/core/dns.c ****         }
 677:Middlewares/Third_Party/LwIP/src/core/dns.c ****         if (response_offset == 0xFFFF) {
 678:Middlewares/Third_Party/LwIP/src/core/dns.c ****           /* would overflow */
 679:Middlewares/Third_Party/LwIP/src/core/dns.c ****           return 0xFFFF;
 680:Middlewares/Third_Party/LwIP/src/core/dns.c ****         }
 681:Middlewares/Third_Party/LwIP/src/core/dns.c ****         response_offset++;
 682:Middlewares/Third_Party/LwIP/src/core/dns.c ****         ++query;
 683:Middlewares/Third_Party/LwIP/src/core/dns.c ****         --n;
 684:Middlewares/Third_Party/LwIP/src/core/dns.c ****       }
 685:Middlewares/Third_Party/LwIP/src/core/dns.c ****       ++query;
 686:Middlewares/Third_Party/LwIP/src/core/dns.c ****     }
 687:Middlewares/Third_Party/LwIP/src/core/dns.c ****     n = pbuf_try_get_at(p, response_offset);
 688:Middlewares/Third_Party/LwIP/src/core/dns.c ****     if (n < 0) {
 689:Middlewares/Third_Party/LwIP/src/core/dns.c ****       return 0xFFFF;
 690:Middlewares/Third_Party/LwIP/src/core/dns.c ****     }
 691:Middlewares/Third_Party/LwIP/src/core/dns.c ****   } while (n != 0);
 692:Middlewares/Third_Party/LwIP/src/core/dns.c **** 
 693:Middlewares/Third_Party/LwIP/src/core/dns.c ****   if (response_offset == 0xFFFF) {
 694:Middlewares/Third_Party/LwIP/src/core/dns.c ****     /* would overflow */
 695:Middlewares/Third_Party/LwIP/src/core/dns.c ****     return 0xFFFF;
 696:Middlewares/Third_Party/LwIP/src/core/dns.c ****   }
 697:Middlewares/Third_Party/LwIP/src/core/dns.c ****   return (u16_t)(response_offset + 1);
 698:Middlewares/Third_Party/LwIP/src/core/dns.c **** }
 699:Middlewares/Third_Party/LwIP/src/core/dns.c **** 
 700:Middlewares/Third_Party/LwIP/src/core/dns.c **** /**
 701:Middlewares/Third_Party/LwIP/src/core/dns.c ****  * Walk through a compact encoded DNS name and return the end of the name.
 702:Middlewares/Third_Party/LwIP/src/core/dns.c ****  *
 703:Middlewares/Third_Party/LwIP/src/core/dns.c ****  * @param p pbuf containing the name
 704:Middlewares/Third_Party/LwIP/src/core/dns.c ****  * @param query_idx start index into p pointing to encoded DNS name in the DNS server response
 705:Middlewares/Third_Party/LwIP/src/core/dns.c ****  * @return index to end of the name
 706:Middlewares/Third_Party/LwIP/src/core/dns.c ****  */
 707:Middlewares/Third_Party/LwIP/src/core/dns.c **** static u16_t
 708:Middlewares/Third_Party/LwIP/src/core/dns.c **** dns_skip_name(struct pbuf *p, u16_t query_idx)
 709:Middlewares/Third_Party/LwIP/src/core/dns.c **** {
 710:Middlewares/Third_Party/LwIP/src/core/dns.c ****   int n;
 711:Middlewares/Third_Party/LwIP/src/core/dns.c ****   u16_t offset = query_idx;
 712:Middlewares/Third_Party/LwIP/src/core/dns.c **** 
 713:Middlewares/Third_Party/LwIP/src/core/dns.c ****   do {
 714:Middlewares/Third_Party/LwIP/src/core/dns.c ****     n = pbuf_try_get_at(p, offset++);
ARM GAS  /tmp/ccMnJyjS.s 			page 14


 715:Middlewares/Third_Party/LwIP/src/core/dns.c ****     if ((n < 0) || (offset == 0)) {
 716:Middlewares/Third_Party/LwIP/src/core/dns.c ****       return 0xFFFF;
 717:Middlewares/Third_Party/LwIP/src/core/dns.c ****     }
 718:Middlewares/Third_Party/LwIP/src/core/dns.c ****     /** @see RFC 1035 - 4.1.4. Message compression */
 719:Middlewares/Third_Party/LwIP/src/core/dns.c ****     if ((n & 0xc0) == 0xc0) {
 720:Middlewares/Third_Party/LwIP/src/core/dns.c ****       /* Compressed name: since we only want to skip it (not check it), stop here */
 721:Middlewares/Third_Party/LwIP/src/core/dns.c ****       break;
 722:Middlewares/Third_Party/LwIP/src/core/dns.c ****     } else {
 723:Middlewares/Third_Party/LwIP/src/core/dns.c ****       /* Not compressed name */
 724:Middlewares/Third_Party/LwIP/src/core/dns.c ****       if (offset + n >= p->tot_len) {
 725:Middlewares/Third_Party/LwIP/src/core/dns.c ****         return 0xFFFF;
 726:Middlewares/Third_Party/LwIP/src/core/dns.c ****       }
 727:Middlewares/Third_Party/LwIP/src/core/dns.c ****       offset = (u16_t)(offset + n);
 728:Middlewares/Third_Party/LwIP/src/core/dns.c ****     }
 729:Middlewares/Third_Party/LwIP/src/core/dns.c ****     n = pbuf_try_get_at(p, offset);
 730:Middlewares/Third_Party/LwIP/src/core/dns.c ****     if (n < 0) {
 731:Middlewares/Third_Party/LwIP/src/core/dns.c ****       return 0xFFFF;
 732:Middlewares/Third_Party/LwIP/src/core/dns.c ****     }
 733:Middlewares/Third_Party/LwIP/src/core/dns.c ****   } while (n != 0);
 734:Middlewares/Third_Party/LwIP/src/core/dns.c **** 
 735:Middlewares/Third_Party/LwIP/src/core/dns.c ****   if (offset == 0xFFFF) {
 736:Middlewares/Third_Party/LwIP/src/core/dns.c ****     return 0xFFFF;
 737:Middlewares/Third_Party/LwIP/src/core/dns.c ****   }
 738:Middlewares/Third_Party/LwIP/src/core/dns.c ****   return (u16_t)(offset + 1);
 739:Middlewares/Third_Party/LwIP/src/core/dns.c **** }
 740:Middlewares/Third_Party/LwIP/src/core/dns.c **** 
 741:Middlewares/Third_Party/LwIP/src/core/dns.c **** /**
 742:Middlewares/Third_Party/LwIP/src/core/dns.c ****  * Send a DNS query packet.
 743:Middlewares/Third_Party/LwIP/src/core/dns.c ****  *
 744:Middlewares/Third_Party/LwIP/src/core/dns.c ****  * @param idx the DNS table entry index for which to send a request
 745:Middlewares/Third_Party/LwIP/src/core/dns.c ****  * @return ERR_OK if packet is sent; an err_t indicating the problem otherwise
 746:Middlewares/Third_Party/LwIP/src/core/dns.c ****  */
 747:Middlewares/Third_Party/LwIP/src/core/dns.c **** static err_t
 748:Middlewares/Third_Party/LwIP/src/core/dns.c **** dns_send(u8_t idx)
 749:Middlewares/Third_Party/LwIP/src/core/dns.c **** {
 750:Middlewares/Third_Party/LwIP/src/core/dns.c ****   err_t err;
 751:Middlewares/Third_Party/LwIP/src/core/dns.c ****   struct dns_hdr hdr;
 752:Middlewares/Third_Party/LwIP/src/core/dns.c ****   struct dns_query qry;
 753:Middlewares/Third_Party/LwIP/src/core/dns.c ****   struct pbuf *p;
 754:Middlewares/Third_Party/LwIP/src/core/dns.c ****   u16_t query_idx, copy_len;
 755:Middlewares/Third_Party/LwIP/src/core/dns.c ****   const char *hostname, *hostname_part;
 756:Middlewares/Third_Party/LwIP/src/core/dns.c ****   u8_t n;
 757:Middlewares/Third_Party/LwIP/src/core/dns.c ****   u8_t pcb_idx;
 758:Middlewares/Third_Party/LwIP/src/core/dns.c ****   struct dns_table_entry *entry = &dns_table[idx];
 759:Middlewares/Third_Party/LwIP/src/core/dns.c **** 
 760:Middlewares/Third_Party/LwIP/src/core/dns.c ****   LWIP_DEBUGF(DNS_DEBUG, ("dns_send: dns_servers[%"U16_F"] \"%s\": request\n",
 761:Middlewares/Third_Party/LwIP/src/core/dns.c ****                           (u16_t)(entry->server_idx), entry->name));
 762:Middlewares/Third_Party/LwIP/src/core/dns.c ****   LWIP_ASSERT("dns server out of array", entry->server_idx < DNS_MAX_SERVERS);
 763:Middlewares/Third_Party/LwIP/src/core/dns.c ****   if (ip_addr_isany_val(dns_servers[entry->server_idx])
 764:Middlewares/Third_Party/LwIP/src/core/dns.c **** #if LWIP_DNS_SUPPORT_MDNS_QUERIES
 765:Middlewares/Third_Party/LwIP/src/core/dns.c ****       && !entry->is_mdns
 766:Middlewares/Third_Party/LwIP/src/core/dns.c **** #endif
 767:Middlewares/Third_Party/LwIP/src/core/dns.c ****      ) {
 768:Middlewares/Third_Party/LwIP/src/core/dns.c ****     /* DNS server not valid anymore, e.g. PPP netif has been shut down */
 769:Middlewares/Third_Party/LwIP/src/core/dns.c ****     /* call specified callback function if provided */
 770:Middlewares/Third_Party/LwIP/src/core/dns.c ****     dns_call_found(idx, NULL);
 771:Middlewares/Third_Party/LwIP/src/core/dns.c ****     /* flush this entry */
ARM GAS  /tmp/ccMnJyjS.s 			page 15


 772:Middlewares/Third_Party/LwIP/src/core/dns.c ****     entry->state = DNS_STATE_UNUSED;
 773:Middlewares/Third_Party/LwIP/src/core/dns.c ****     return ERR_OK;
 774:Middlewares/Third_Party/LwIP/src/core/dns.c ****   }
 775:Middlewares/Third_Party/LwIP/src/core/dns.c **** 
 776:Middlewares/Third_Party/LwIP/src/core/dns.c ****   /* if here, we have either a new query or a retry on a previous query to process */
 777:Middlewares/Third_Party/LwIP/src/core/dns.c ****   p = pbuf_alloc(PBUF_TRANSPORT, (u16_t)(SIZEOF_DNS_HDR + strlen(entry->name) + 2 +
 778:Middlewares/Third_Party/LwIP/src/core/dns.c ****                                          SIZEOF_DNS_QUERY), PBUF_RAM);
 779:Middlewares/Third_Party/LwIP/src/core/dns.c ****   if (p != NULL) {
 780:Middlewares/Third_Party/LwIP/src/core/dns.c ****     const ip_addr_t *dst;
 781:Middlewares/Third_Party/LwIP/src/core/dns.c ****     u16_t dst_port;
 782:Middlewares/Third_Party/LwIP/src/core/dns.c ****     /* fill dns header */
 783:Middlewares/Third_Party/LwIP/src/core/dns.c ****     memset(&hdr, 0, SIZEOF_DNS_HDR);
 784:Middlewares/Third_Party/LwIP/src/core/dns.c ****     hdr.id = lwip_htons(entry->txid);
 785:Middlewares/Third_Party/LwIP/src/core/dns.c ****     hdr.flags1 = DNS_FLAG1_RD;
 786:Middlewares/Third_Party/LwIP/src/core/dns.c ****     hdr.numquestions = PP_HTONS(1);
 787:Middlewares/Third_Party/LwIP/src/core/dns.c ****     pbuf_take(p, &hdr, SIZEOF_DNS_HDR);
 788:Middlewares/Third_Party/LwIP/src/core/dns.c ****     hostname = entry->name;
 789:Middlewares/Third_Party/LwIP/src/core/dns.c ****     --hostname;
 790:Middlewares/Third_Party/LwIP/src/core/dns.c **** 
 791:Middlewares/Third_Party/LwIP/src/core/dns.c ****     /* convert hostname into suitable query format. */
 792:Middlewares/Third_Party/LwIP/src/core/dns.c ****     query_idx = SIZEOF_DNS_HDR;
 793:Middlewares/Third_Party/LwIP/src/core/dns.c ****     do {
 794:Middlewares/Third_Party/LwIP/src/core/dns.c ****       ++hostname;
 795:Middlewares/Third_Party/LwIP/src/core/dns.c ****       hostname_part = hostname;
 796:Middlewares/Third_Party/LwIP/src/core/dns.c ****       for (n = 0; *hostname != '.' && *hostname != 0; ++hostname) {
 797:Middlewares/Third_Party/LwIP/src/core/dns.c ****         ++n;
 798:Middlewares/Third_Party/LwIP/src/core/dns.c ****       }
 799:Middlewares/Third_Party/LwIP/src/core/dns.c ****       copy_len = (u16_t)(hostname - hostname_part);
 800:Middlewares/Third_Party/LwIP/src/core/dns.c ****       if (query_idx + n + 1 > 0xFFFF) {
 801:Middlewares/Third_Party/LwIP/src/core/dns.c ****         /* u16_t overflow */
 802:Middlewares/Third_Party/LwIP/src/core/dns.c ****         goto overflow_return;
 803:Middlewares/Third_Party/LwIP/src/core/dns.c ****       }
 804:Middlewares/Third_Party/LwIP/src/core/dns.c ****       pbuf_put_at(p, query_idx, n);
 805:Middlewares/Third_Party/LwIP/src/core/dns.c ****       pbuf_take_at(p, hostname_part, copy_len, (u16_t)(query_idx + 1));
 806:Middlewares/Third_Party/LwIP/src/core/dns.c ****       query_idx = (u16_t)(query_idx + n + 1);
 807:Middlewares/Third_Party/LwIP/src/core/dns.c ****     } while (*hostname != 0);
 808:Middlewares/Third_Party/LwIP/src/core/dns.c ****     pbuf_put_at(p, query_idx, 0);
 809:Middlewares/Third_Party/LwIP/src/core/dns.c ****     query_idx++;
 810:Middlewares/Third_Party/LwIP/src/core/dns.c **** 
 811:Middlewares/Third_Party/LwIP/src/core/dns.c ****     /* fill dns query */
 812:Middlewares/Third_Party/LwIP/src/core/dns.c ****     if (LWIP_DNS_ADDRTYPE_IS_IPV6(entry->reqaddrtype)) {
 813:Middlewares/Third_Party/LwIP/src/core/dns.c ****       qry.type = PP_HTONS(DNS_RRTYPE_AAAA);
 814:Middlewares/Third_Party/LwIP/src/core/dns.c ****     } else {
 815:Middlewares/Third_Party/LwIP/src/core/dns.c ****       qry.type = PP_HTONS(DNS_RRTYPE_A);
 816:Middlewares/Third_Party/LwIP/src/core/dns.c ****     }
 817:Middlewares/Third_Party/LwIP/src/core/dns.c ****     qry.cls = PP_HTONS(DNS_RRCLASS_IN);
 818:Middlewares/Third_Party/LwIP/src/core/dns.c ****     pbuf_take_at(p, &qry, SIZEOF_DNS_QUERY, query_idx);
 819:Middlewares/Third_Party/LwIP/src/core/dns.c **** 
 820:Middlewares/Third_Party/LwIP/src/core/dns.c **** #if ((LWIP_DNS_SECURE & LWIP_DNS_SECURE_RAND_SRC_PORT) != 0)
 821:Middlewares/Third_Party/LwIP/src/core/dns.c ****     pcb_idx = entry->pcb_idx;
 822:Middlewares/Third_Party/LwIP/src/core/dns.c **** #else
 823:Middlewares/Third_Party/LwIP/src/core/dns.c ****     pcb_idx = 0;
 824:Middlewares/Third_Party/LwIP/src/core/dns.c **** #endif
 825:Middlewares/Third_Party/LwIP/src/core/dns.c ****     /* send dns packet */
 826:Middlewares/Third_Party/LwIP/src/core/dns.c ****     LWIP_DEBUGF(DNS_DEBUG, ("sending DNS request ID %d for name \"%s\" to server %d\r\n",
 827:Middlewares/Third_Party/LwIP/src/core/dns.c ****                             entry->txid, entry->name, entry->server_idx));
 828:Middlewares/Third_Party/LwIP/src/core/dns.c **** #if LWIP_DNS_SUPPORT_MDNS_QUERIES
ARM GAS  /tmp/ccMnJyjS.s 			page 16


 829:Middlewares/Third_Party/LwIP/src/core/dns.c ****     if (entry->is_mdns) {
 830:Middlewares/Third_Party/LwIP/src/core/dns.c ****       dst_port = DNS_MQUERY_PORT;
 831:Middlewares/Third_Party/LwIP/src/core/dns.c **** #if LWIP_IPV6
 832:Middlewares/Third_Party/LwIP/src/core/dns.c ****       if (LWIP_DNS_ADDRTYPE_IS_IPV6(entry->reqaddrtype)) {
 833:Middlewares/Third_Party/LwIP/src/core/dns.c ****         dst = &dns_mquery_v6group;
 834:Middlewares/Third_Party/LwIP/src/core/dns.c ****       }
 835:Middlewares/Third_Party/LwIP/src/core/dns.c **** #endif
 836:Middlewares/Third_Party/LwIP/src/core/dns.c **** #if LWIP_IPV4 && LWIP_IPV6
 837:Middlewares/Third_Party/LwIP/src/core/dns.c ****       else
 838:Middlewares/Third_Party/LwIP/src/core/dns.c **** #endif
 839:Middlewares/Third_Party/LwIP/src/core/dns.c **** #if LWIP_IPV4
 840:Middlewares/Third_Party/LwIP/src/core/dns.c ****       {
 841:Middlewares/Third_Party/LwIP/src/core/dns.c ****         dst = &dns_mquery_v4group;
 842:Middlewares/Third_Party/LwIP/src/core/dns.c ****       }
 843:Middlewares/Third_Party/LwIP/src/core/dns.c **** #endif
 844:Middlewares/Third_Party/LwIP/src/core/dns.c ****     } else
 845:Middlewares/Third_Party/LwIP/src/core/dns.c **** #endif /* LWIP_DNS_SUPPORT_MDNS_QUERIES */
 846:Middlewares/Third_Party/LwIP/src/core/dns.c ****     {
 847:Middlewares/Third_Party/LwIP/src/core/dns.c ****       dst_port = DNS_SERVER_PORT;
 848:Middlewares/Third_Party/LwIP/src/core/dns.c ****       dst = &dns_servers[entry->server_idx];
 849:Middlewares/Third_Party/LwIP/src/core/dns.c ****     }
 850:Middlewares/Third_Party/LwIP/src/core/dns.c ****     err = udp_sendto(dns_pcbs[pcb_idx], p, dst, dst_port);
 851:Middlewares/Third_Party/LwIP/src/core/dns.c **** 
 852:Middlewares/Third_Party/LwIP/src/core/dns.c ****     /* free pbuf */
 853:Middlewares/Third_Party/LwIP/src/core/dns.c ****     pbuf_free(p);
 854:Middlewares/Third_Party/LwIP/src/core/dns.c ****   } else {
 855:Middlewares/Third_Party/LwIP/src/core/dns.c ****     err = ERR_MEM;
 856:Middlewares/Third_Party/LwIP/src/core/dns.c ****   }
 857:Middlewares/Third_Party/LwIP/src/core/dns.c **** 
 858:Middlewares/Third_Party/LwIP/src/core/dns.c ****   return err;
 859:Middlewares/Third_Party/LwIP/src/core/dns.c **** overflow_return:
 860:Middlewares/Third_Party/LwIP/src/core/dns.c ****   pbuf_free(p);
 861:Middlewares/Third_Party/LwIP/src/core/dns.c ****   return ERR_VAL;
 862:Middlewares/Third_Party/LwIP/src/core/dns.c **** }
 863:Middlewares/Third_Party/LwIP/src/core/dns.c **** 
 864:Middlewares/Third_Party/LwIP/src/core/dns.c **** #if ((LWIP_DNS_SECURE & LWIP_DNS_SECURE_RAND_SRC_PORT) != 0)
 865:Middlewares/Third_Party/LwIP/src/core/dns.c **** static struct udp_pcb *
 866:Middlewares/Third_Party/LwIP/src/core/dns.c **** dns_alloc_random_port(void)
 867:Middlewares/Third_Party/LwIP/src/core/dns.c **** {
 868:Middlewares/Third_Party/LwIP/src/core/dns.c ****   err_t err;
 869:Middlewares/Third_Party/LwIP/src/core/dns.c ****   struct udp_pcb *pcb;
 870:Middlewares/Third_Party/LwIP/src/core/dns.c **** 
 871:Middlewares/Third_Party/LwIP/src/core/dns.c ****   pcb = udp_new_ip_type(IPADDR_TYPE_ANY);
 872:Middlewares/Third_Party/LwIP/src/core/dns.c ****   if (pcb == NULL) {
 873:Middlewares/Third_Party/LwIP/src/core/dns.c ****     /* out of memory, have to reuse an existing pcb */
 874:Middlewares/Third_Party/LwIP/src/core/dns.c ****     return NULL;
 875:Middlewares/Third_Party/LwIP/src/core/dns.c ****   }
 876:Middlewares/Third_Party/LwIP/src/core/dns.c ****   do {
 877:Middlewares/Third_Party/LwIP/src/core/dns.c ****     u16_t port = (u16_t)DNS_RAND_TXID();
 878:Middlewares/Third_Party/LwIP/src/core/dns.c ****     if (DNS_PORT_ALLOWED(port)) {
 879:Middlewares/Third_Party/LwIP/src/core/dns.c ****       err = udp_bind(pcb, IP_ANY_TYPE, port);
 880:Middlewares/Third_Party/LwIP/src/core/dns.c ****     } else {
 881:Middlewares/Third_Party/LwIP/src/core/dns.c ****       /* this port is not allowed, try again */
 882:Middlewares/Third_Party/LwIP/src/core/dns.c ****       err = ERR_USE;
 883:Middlewares/Third_Party/LwIP/src/core/dns.c ****     }
 884:Middlewares/Third_Party/LwIP/src/core/dns.c ****   } while (err == ERR_USE);
 885:Middlewares/Third_Party/LwIP/src/core/dns.c ****   if (err != ERR_OK) {
ARM GAS  /tmp/ccMnJyjS.s 			page 17


 886:Middlewares/Third_Party/LwIP/src/core/dns.c ****     udp_remove(pcb);
 887:Middlewares/Third_Party/LwIP/src/core/dns.c ****     return NULL;
 888:Middlewares/Third_Party/LwIP/src/core/dns.c ****   }
 889:Middlewares/Third_Party/LwIP/src/core/dns.c ****   udp_recv(pcb, dns_recv, NULL);
 890:Middlewares/Third_Party/LwIP/src/core/dns.c ****   return pcb;
 891:Middlewares/Third_Party/LwIP/src/core/dns.c **** }
 892:Middlewares/Third_Party/LwIP/src/core/dns.c **** 
 893:Middlewares/Third_Party/LwIP/src/core/dns.c **** /**
 894:Middlewares/Third_Party/LwIP/src/core/dns.c ****  * dns_alloc_pcb() - allocates a new pcb (or reuses an existing one) to be used
 895:Middlewares/Third_Party/LwIP/src/core/dns.c ****  * for sending a request
 896:Middlewares/Third_Party/LwIP/src/core/dns.c ****  *
 897:Middlewares/Third_Party/LwIP/src/core/dns.c ****  * @return an index into dns_pcbs
 898:Middlewares/Third_Party/LwIP/src/core/dns.c ****  */
 899:Middlewares/Third_Party/LwIP/src/core/dns.c **** static u8_t
 900:Middlewares/Third_Party/LwIP/src/core/dns.c **** dns_alloc_pcb(void)
 901:Middlewares/Third_Party/LwIP/src/core/dns.c **** {
 902:Middlewares/Third_Party/LwIP/src/core/dns.c ****   u8_t i;
 903:Middlewares/Third_Party/LwIP/src/core/dns.c ****   u8_t idx;
 904:Middlewares/Third_Party/LwIP/src/core/dns.c **** 
 905:Middlewares/Third_Party/LwIP/src/core/dns.c ****   for (i = 0; i < DNS_MAX_SOURCE_PORTS; i++) {
 906:Middlewares/Third_Party/LwIP/src/core/dns.c ****     if (dns_pcbs[i] == NULL) {
 907:Middlewares/Third_Party/LwIP/src/core/dns.c ****       break;
 908:Middlewares/Third_Party/LwIP/src/core/dns.c ****     }
 909:Middlewares/Third_Party/LwIP/src/core/dns.c ****   }
 910:Middlewares/Third_Party/LwIP/src/core/dns.c ****   if (i < DNS_MAX_SOURCE_PORTS) {
 911:Middlewares/Third_Party/LwIP/src/core/dns.c ****     dns_pcbs[i] = dns_alloc_random_port();
 912:Middlewares/Third_Party/LwIP/src/core/dns.c ****     if (dns_pcbs[i] != NULL) {
 913:Middlewares/Third_Party/LwIP/src/core/dns.c ****       /* succeeded */
 914:Middlewares/Third_Party/LwIP/src/core/dns.c ****       dns_last_pcb_idx = i;
 915:Middlewares/Third_Party/LwIP/src/core/dns.c ****       return i;
 916:Middlewares/Third_Party/LwIP/src/core/dns.c ****     }
 917:Middlewares/Third_Party/LwIP/src/core/dns.c ****   }
 918:Middlewares/Third_Party/LwIP/src/core/dns.c ****   /* if we come here, creating a new UDP pcb failed, so we have to use
 919:Middlewares/Third_Party/LwIP/src/core/dns.c ****      an already existing one (so overflow is no issue) */
 920:Middlewares/Third_Party/LwIP/src/core/dns.c ****   for (i = 0, idx = (u8_t)(dns_last_pcb_idx + 1); i < DNS_MAX_SOURCE_PORTS; i++, idx++) {
 921:Middlewares/Third_Party/LwIP/src/core/dns.c ****     if (idx >= DNS_MAX_SOURCE_PORTS) {
 922:Middlewares/Third_Party/LwIP/src/core/dns.c ****       idx = 0;
 923:Middlewares/Third_Party/LwIP/src/core/dns.c ****     }
 924:Middlewares/Third_Party/LwIP/src/core/dns.c ****     if (dns_pcbs[idx] != NULL) {
 925:Middlewares/Third_Party/LwIP/src/core/dns.c ****       dns_last_pcb_idx = idx;
 926:Middlewares/Third_Party/LwIP/src/core/dns.c ****       return idx;
 927:Middlewares/Third_Party/LwIP/src/core/dns.c ****     }
 928:Middlewares/Third_Party/LwIP/src/core/dns.c ****   }
 929:Middlewares/Third_Party/LwIP/src/core/dns.c ****   return DNS_MAX_SOURCE_PORTS;
 930:Middlewares/Third_Party/LwIP/src/core/dns.c **** }
 931:Middlewares/Third_Party/LwIP/src/core/dns.c **** #endif /* ((LWIP_DNS_SECURE & LWIP_DNS_SECURE_RAND_SRC_PORT) != 0) */
 932:Middlewares/Third_Party/LwIP/src/core/dns.c **** 
 933:Middlewares/Third_Party/LwIP/src/core/dns.c **** /**
 934:Middlewares/Third_Party/LwIP/src/core/dns.c ****  * dns_call_found() - call the found callback and check if there are duplicate
 935:Middlewares/Third_Party/LwIP/src/core/dns.c ****  * entries for the given hostname. If there are any, their found callback will
 936:Middlewares/Third_Party/LwIP/src/core/dns.c ****  * be called and they will be removed.
 937:Middlewares/Third_Party/LwIP/src/core/dns.c ****  *
 938:Middlewares/Third_Party/LwIP/src/core/dns.c ****  * @param idx dns table index of the entry that is resolved or removed
 939:Middlewares/Third_Party/LwIP/src/core/dns.c ****  * @param addr IP address for the hostname (or NULL on error or memory shortage)
 940:Middlewares/Third_Party/LwIP/src/core/dns.c ****  */
 941:Middlewares/Third_Party/LwIP/src/core/dns.c **** static void
 942:Middlewares/Third_Party/LwIP/src/core/dns.c **** dns_call_found(u8_t idx, ip_addr_t *addr)
ARM GAS  /tmp/ccMnJyjS.s 			page 18


 943:Middlewares/Third_Party/LwIP/src/core/dns.c **** {
 944:Middlewares/Third_Party/LwIP/src/core/dns.c **** #if ((LWIP_DNS_SECURE & (LWIP_DNS_SECURE_NO_MULTIPLE_OUTSTANDING | LWIP_DNS_SECURE_RAND_SRC_PORT)) 
 945:Middlewares/Third_Party/LwIP/src/core/dns.c ****   u8_t i;
 946:Middlewares/Third_Party/LwIP/src/core/dns.c **** #endif
 947:Middlewares/Third_Party/LwIP/src/core/dns.c **** 
 948:Middlewares/Third_Party/LwIP/src/core/dns.c **** #if LWIP_IPV4 && LWIP_IPV6
 949:Middlewares/Third_Party/LwIP/src/core/dns.c ****   if (addr != NULL) {
 950:Middlewares/Third_Party/LwIP/src/core/dns.c ****     /* check that address type matches the request and adapt the table entry */
 951:Middlewares/Third_Party/LwIP/src/core/dns.c ****     if (IP_IS_V6_VAL(*addr)) {
 952:Middlewares/Third_Party/LwIP/src/core/dns.c ****       LWIP_ASSERT("invalid response", LWIP_DNS_ADDRTYPE_IS_IPV6(dns_table[idx].reqaddrtype));
 953:Middlewares/Third_Party/LwIP/src/core/dns.c ****       dns_table[idx].reqaddrtype = LWIP_DNS_ADDRTYPE_IPV6;
 954:Middlewares/Third_Party/LwIP/src/core/dns.c ****     } else {
 955:Middlewares/Third_Party/LwIP/src/core/dns.c ****       LWIP_ASSERT("invalid response", !LWIP_DNS_ADDRTYPE_IS_IPV6(dns_table[idx].reqaddrtype));
 956:Middlewares/Third_Party/LwIP/src/core/dns.c ****       dns_table[idx].reqaddrtype = LWIP_DNS_ADDRTYPE_IPV4;
 957:Middlewares/Third_Party/LwIP/src/core/dns.c ****     }
 958:Middlewares/Third_Party/LwIP/src/core/dns.c ****   }
 959:Middlewares/Third_Party/LwIP/src/core/dns.c **** #endif /* LWIP_IPV4 && LWIP_IPV6 */
 960:Middlewares/Third_Party/LwIP/src/core/dns.c **** 
 961:Middlewares/Third_Party/LwIP/src/core/dns.c **** #if ((LWIP_DNS_SECURE & LWIP_DNS_SECURE_NO_MULTIPLE_OUTSTANDING) != 0)
 962:Middlewares/Third_Party/LwIP/src/core/dns.c ****   for (i = 0; i < DNS_MAX_REQUESTS; i++) {
 963:Middlewares/Third_Party/LwIP/src/core/dns.c ****     if (dns_requests[i].found && (dns_requests[i].dns_table_idx == idx)) {
 964:Middlewares/Third_Party/LwIP/src/core/dns.c ****       (*dns_requests[i].found)(dns_table[idx].name, addr, dns_requests[i].arg);
 965:Middlewares/Third_Party/LwIP/src/core/dns.c ****       /* flush this entry */
 966:Middlewares/Third_Party/LwIP/src/core/dns.c ****       dns_requests[i].found = NULL;
 967:Middlewares/Third_Party/LwIP/src/core/dns.c ****     }
 968:Middlewares/Third_Party/LwIP/src/core/dns.c ****   }
 969:Middlewares/Third_Party/LwIP/src/core/dns.c **** #else
 970:Middlewares/Third_Party/LwIP/src/core/dns.c ****   if (dns_requests[idx].found) {
 971:Middlewares/Third_Party/LwIP/src/core/dns.c ****     (*dns_requests[idx].found)(dns_table[idx].name, addr, dns_requests[idx].arg);
 972:Middlewares/Third_Party/LwIP/src/core/dns.c ****   }
 973:Middlewares/Third_Party/LwIP/src/core/dns.c ****   dns_requests[idx].found = NULL;
 974:Middlewares/Third_Party/LwIP/src/core/dns.c **** #endif
 975:Middlewares/Third_Party/LwIP/src/core/dns.c **** #if ((LWIP_DNS_SECURE & LWIP_DNS_SECURE_RAND_SRC_PORT) != 0)
 976:Middlewares/Third_Party/LwIP/src/core/dns.c ****   /* close the pcb used unless other request are using it */
 977:Middlewares/Third_Party/LwIP/src/core/dns.c ****   for (i = 0; i < DNS_MAX_REQUESTS; i++) {
 978:Middlewares/Third_Party/LwIP/src/core/dns.c ****     if (i == idx) {
 979:Middlewares/Third_Party/LwIP/src/core/dns.c ****       continue; /* only check other requests */
 980:Middlewares/Third_Party/LwIP/src/core/dns.c ****     }
 981:Middlewares/Third_Party/LwIP/src/core/dns.c ****     if (dns_table[i].state == DNS_STATE_ASKING) {
 982:Middlewares/Third_Party/LwIP/src/core/dns.c ****       if (dns_table[i].pcb_idx == dns_table[idx].pcb_idx) {
 983:Middlewares/Third_Party/LwIP/src/core/dns.c ****         /* another request is still using the same pcb */
 984:Middlewares/Third_Party/LwIP/src/core/dns.c ****         dns_table[idx].pcb_idx = DNS_MAX_SOURCE_PORTS;
 985:Middlewares/Third_Party/LwIP/src/core/dns.c ****         break;
 986:Middlewares/Third_Party/LwIP/src/core/dns.c ****       }
 987:Middlewares/Third_Party/LwIP/src/core/dns.c ****     }
 988:Middlewares/Third_Party/LwIP/src/core/dns.c ****   }
 989:Middlewares/Third_Party/LwIP/src/core/dns.c ****   if (dns_table[idx].pcb_idx < DNS_MAX_SOURCE_PORTS) {
 990:Middlewares/Third_Party/LwIP/src/core/dns.c ****     /* if we come here, the pcb is not used any more and can be removed */
 991:Middlewares/Third_Party/LwIP/src/core/dns.c ****     udp_remove(dns_pcbs[dns_table[idx].pcb_idx]);
 992:Middlewares/Third_Party/LwIP/src/core/dns.c ****     dns_pcbs[dns_table[idx].pcb_idx] = NULL;
 993:Middlewares/Third_Party/LwIP/src/core/dns.c ****     dns_table[idx].pcb_idx = DNS_MAX_SOURCE_PORTS;
 994:Middlewares/Third_Party/LwIP/src/core/dns.c ****   }
 995:Middlewares/Third_Party/LwIP/src/core/dns.c **** #endif
 996:Middlewares/Third_Party/LwIP/src/core/dns.c **** }
 997:Middlewares/Third_Party/LwIP/src/core/dns.c **** 
 998:Middlewares/Third_Party/LwIP/src/core/dns.c **** /* Create a query transmission ID that is unique for all outstanding queries */
 999:Middlewares/Third_Party/LwIP/src/core/dns.c **** static u16_t
ARM GAS  /tmp/ccMnJyjS.s 			page 19


1000:Middlewares/Third_Party/LwIP/src/core/dns.c **** dns_create_txid(void)
1001:Middlewares/Third_Party/LwIP/src/core/dns.c **** {
1002:Middlewares/Third_Party/LwIP/src/core/dns.c ****   u16_t txid;
1003:Middlewares/Third_Party/LwIP/src/core/dns.c ****   u8_t i;
1004:Middlewares/Third_Party/LwIP/src/core/dns.c **** 
1005:Middlewares/Third_Party/LwIP/src/core/dns.c **** again:
1006:Middlewares/Third_Party/LwIP/src/core/dns.c ****   txid = (u16_t)DNS_RAND_TXID();
1007:Middlewares/Third_Party/LwIP/src/core/dns.c **** 
1008:Middlewares/Third_Party/LwIP/src/core/dns.c ****   /* check whether the ID is unique */
1009:Middlewares/Third_Party/LwIP/src/core/dns.c ****   for (i = 0; i < DNS_TABLE_SIZE; i++) {
1010:Middlewares/Third_Party/LwIP/src/core/dns.c ****     if ((dns_table[i].state == DNS_STATE_ASKING) &&
1011:Middlewares/Third_Party/LwIP/src/core/dns.c ****         (dns_table[i].txid == txid)) {
1012:Middlewares/Third_Party/LwIP/src/core/dns.c ****       /* ID already used by another pending query */
1013:Middlewares/Third_Party/LwIP/src/core/dns.c ****       goto again;
1014:Middlewares/Third_Party/LwIP/src/core/dns.c ****     }
1015:Middlewares/Third_Party/LwIP/src/core/dns.c ****   }
1016:Middlewares/Third_Party/LwIP/src/core/dns.c **** 
1017:Middlewares/Third_Party/LwIP/src/core/dns.c ****   return txid;
1018:Middlewares/Third_Party/LwIP/src/core/dns.c **** }
1019:Middlewares/Third_Party/LwIP/src/core/dns.c **** 
1020:Middlewares/Third_Party/LwIP/src/core/dns.c **** /**
1021:Middlewares/Third_Party/LwIP/src/core/dns.c ****  * Check whether there are other backup DNS servers available to try
1022:Middlewares/Third_Party/LwIP/src/core/dns.c ****  */
1023:Middlewares/Third_Party/LwIP/src/core/dns.c **** static u8_t
1024:Middlewares/Third_Party/LwIP/src/core/dns.c **** dns_backupserver_available(struct dns_table_entry *pentry)
1025:Middlewares/Third_Party/LwIP/src/core/dns.c **** {
  29              		.loc 1 1025 1 view -0
  30              		.cfi_startproc
  31              		@ args = 0, pretend = 0, frame = 0
  32              		@ frame_needed = 0, uses_anonymous_args = 0
  33              		@ link register save eliminated.
1026:Middlewares/Third_Party/LwIP/src/core/dns.c ****   u8_t ret = 0;
  34              		.loc 1 1026 3 view .LVU1
1027:Middlewares/Third_Party/LwIP/src/core/dns.c **** 
1028:Middlewares/Third_Party/LwIP/src/core/dns.c ****   if (pentry) {
  35              		.loc 1 1028 3 view .LVU2
  36              		.loc 1 1028 6 is_stmt 0 view .LVU3
  37 0000 38B1     		cbz	r0, .L3
1029:Middlewares/Third_Party/LwIP/src/core/dns.c ****     if ((pentry->server_idx + 1 < DNS_MAX_SERVERS) && !ip_addr_isany_val(dns_servers[pentry->server
  38              		.loc 1 1029 5 is_stmt 1 view .LVU4
  39              		.loc 1 1029 16 is_stmt 0 view .LVU5
  40 0002 C07A     		ldrb	r0, [r0, #11]	@ zero_extendqisi2
  41              	.LVL1:
  42              		.loc 1 1029 8 view .LVU6
  43 0004 38B9     		cbnz	r0, .L4
  44              		.loc 1 1029 56 discriminator 1 view .LVU7
  45 0006 431C     		adds	r3, r0, #1
  46 0008 054A     		ldr	r2, .L6
  47 000a 52F82330 		ldr	r3, [r2, r3, lsl #2]
  48              		.loc 1 1029 52 discriminator 1 view .LVU8
  49 000e 23B9     		cbnz	r3, .L5
  50 0010 7047     		bx	lr
  51              	.LVL2:
  52              	.L3:
1026:Middlewares/Third_Party/LwIP/src/core/dns.c ****   u8_t ret = 0;
  53              		.loc 1 1026 8 view .LVU9
  54 0012 0020     		movs	r0, #0
ARM GAS  /tmp/ccMnJyjS.s 			page 20


  55              	.LVL3:
1026:Middlewares/Third_Party/LwIP/src/core/dns.c ****   u8_t ret = 0;
  56              		.loc 1 1026 8 view .LVU10
  57 0014 7047     		bx	lr
  58              	.L4:
  59 0016 0020     		movs	r0, #0
  60 0018 7047     		bx	lr
  61              	.L5:
1030:Middlewares/Third_Party/LwIP/src/core/dns.c ****       ret = 1;
  62              		.loc 1 1030 11 view .LVU11
  63 001a 0120     		movs	r0, #1
  64              	.LVL4:
1031:Middlewares/Third_Party/LwIP/src/core/dns.c ****     }
1032:Middlewares/Third_Party/LwIP/src/core/dns.c ****   }
1033:Middlewares/Third_Party/LwIP/src/core/dns.c **** 
1034:Middlewares/Third_Party/LwIP/src/core/dns.c ****   return ret;
  65              		.loc 1 1034 3 is_stmt 1 view .LVU12
1035:Middlewares/Third_Party/LwIP/src/core/dns.c **** }
  66              		.loc 1 1035 1 is_stmt 0 view .LVU13
  67 001c 7047     		bx	lr
  68              	.L7:
  69 001e 00BF     		.align	2
  70              	.L6:
  71 0020 00000000 		.word	dns_servers
  72              		.cfi_endproc
  73              	.LFE168:
  75              		.section	.text.dns_create_txid,"ax",%progbits
  76              		.align	1
  77              		.syntax unified
  78              		.thumb
  79              		.thumb_func
  81              	dns_create_txid:
  82              	.LFB167:
1001:Middlewares/Third_Party/LwIP/src/core/dns.c ****   u16_t txid;
  83              		.loc 1 1001 1 is_stmt 1 view -0
  84              		.cfi_startproc
  85              		@ args = 0, pretend = 0, frame = 0
  86              		@ frame_needed = 0, uses_anonymous_args = 0
  87 0000 08B5     		push	{r3, lr}
  88              	.LCFI0:
  89              		.cfi_def_cfa_offset 8
  90              		.cfi_offset 3, -8
  91              		.cfi_offset 14, -4
  92              	.L9:
1002:Middlewares/Third_Party/LwIP/src/core/dns.c ****   u8_t i;
  93              		.loc 1 1002 3 view .LVU15
1003:Middlewares/Third_Party/LwIP/src/core/dns.c **** 
  94              		.loc 1 1003 3 view .LVU16
1006:Middlewares/Third_Party/LwIP/src/core/dns.c **** 
  95              		.loc 1 1006 3 view .LVU17
1006:Middlewares/Third_Party/LwIP/src/core/dns.c **** 
  96              		.loc 1 1006 17 is_stmt 0 view .LVU18
  97 0002 FFF7FEFF 		bl	rand
  98              	.LVL5:
1006:Middlewares/Third_Party/LwIP/src/core/dns.c **** 
  99              		.loc 1 1006 8 discriminator 1 view .LVU19
 100 0006 80B2     		uxth	r0, r0
ARM GAS  /tmp/ccMnJyjS.s 			page 21


 101              	.LVL6:
1009:Middlewares/Third_Party/LwIP/src/core/dns.c ****     if ((dns_table[i].state == DNS_STATE_ASKING) &&
 102              		.loc 1 1009 3 is_stmt 1 view .LVU20
1009:Middlewares/Third_Party/LwIP/src/core/dns.c ****     if ((dns_table[i].state == DNS_STATE_ASKING) &&
 103              		.loc 1 1009 10 is_stmt 0 view .LVU21
 104 0008 0023     		movs	r3, #0
1009:Middlewares/Third_Party/LwIP/src/core/dns.c ****     if ((dns_table[i].state == DNS_STATE_ASKING) &&
 105              		.loc 1 1009 3 view .LVU22
 106 000a 01E0     		b	.L10
 107              	.LVL7:
 108              	.L11:
1009:Middlewares/Third_Party/LwIP/src/core/dns.c ****     if ((dns_table[i].state == DNS_STATE_ASKING) &&
 109              		.loc 1 1009 36 is_stmt 1 discriminator 2 view .LVU23
 110 000c 0133     		adds	r3, r3, #1
 111              	.LVL8:
1009:Middlewares/Third_Party/LwIP/src/core/dns.c ****     if ((dns_table[i].state == DNS_STATE_ASKING) &&
 112              		.loc 1 1009 36 is_stmt 0 discriminator 2 view .LVU24
 113 000e DBB2     		uxtb	r3, r3
 114              	.LVL9:
 115              	.L10:
1009:Middlewares/Third_Party/LwIP/src/core/dns.c ****     if ((dns_table[i].state == DNS_STATE_ASKING) &&
 116              		.loc 1 1009 17 is_stmt 1 discriminator 1 view .LVU25
 117 0010 032B     		cmp	r3, #3
 118 0012 0ED8     		bhi	.L14
1010:Middlewares/Third_Party/LwIP/src/core/dns.c ****         (dns_table[i].txid == txid)) {
 119              		.loc 1 1010 5 view .LVU26
1010:Middlewares/Third_Party/LwIP/src/core/dns.c ****         (dns_table[i].txid == txid)) {
 120              		.loc 1 1010 22 is_stmt 0 view .LVU27
 121 0014 03EB0311 		add	r1, r3, r3, lsl #4
 122 0018 064A     		ldr	r2, .L15
 123 001a 02EB0112 		add	r2, r2, r1, lsl #4
 124 001e 927A     		ldrb	r2, [r2, #10]	@ zero_extendqisi2
1010:Middlewares/Third_Party/LwIP/src/core/dns.c ****         (dns_table[i].txid == txid)) {
 125              		.loc 1 1010 8 view .LVU28
 126 0020 022A     		cmp	r2, #2
 127 0022 F3D1     		bne	.L11
1011:Middlewares/Third_Party/LwIP/src/core/dns.c ****       /* ID already used by another pending query */
 128              		.loc 1 1011 22 view .LVU29
 129 0024 034A     		ldr	r2, .L15
 130 0026 02EB0112 		add	r2, r2, r1, lsl #4
 131 002a 1289     		ldrh	r2, [r2, #8]
1010:Middlewares/Third_Party/LwIP/src/core/dns.c ****         (dns_table[i].txid == txid)) {
 132              		.loc 1 1010 50 discriminator 1 view .LVU30
 133 002c 8242     		cmp	r2, r0
 134 002e EDD1     		bne	.L11
 135 0030 E7E7     		b	.L9
 136              	.L14:
1017:Middlewares/Third_Party/LwIP/src/core/dns.c **** }
 137              		.loc 1 1017 3 is_stmt 1 view .LVU31
1018:Middlewares/Third_Party/LwIP/src/core/dns.c **** 
 138              		.loc 1 1018 1 is_stmt 0 view .LVU32
 139 0032 08BD     		pop	{r3, pc}
 140              	.LVL10:
 141              	.L16:
1018:Middlewares/Third_Party/LwIP/src/core/dns.c **** 
 142              		.loc 1 1018 1 view .LVU33
 143              		.align	2
ARM GAS  /tmp/ccMnJyjS.s 			page 22


 144              	.L15:
 145 0034 00000000 		.word	dns_table
 146              		.cfi_endproc
 147              	.LFE167:
 149              		.section	.text.dns_call_found,"ax",%progbits
 150              		.align	1
 151              		.syntax unified
 152              		.thumb
 153              		.thumb_func
 155              	dns_call_found:
 156              	.LVL11:
 157              	.LFB166:
 943:Middlewares/Third_Party/LwIP/src/core/dns.c **** #if ((LWIP_DNS_SECURE & (LWIP_DNS_SECURE_NO_MULTIPLE_OUTSTANDING | LWIP_DNS_SECURE_RAND_SRC_PORT)) 
 158              		.loc 1 943 1 is_stmt 1 view -0
 159              		.cfi_startproc
 160              		@ args = 0, pretend = 0, frame = 0
 161              		@ frame_needed = 0, uses_anonymous_args = 0
 943:Middlewares/Third_Party/LwIP/src/core/dns.c **** #if ((LWIP_DNS_SECURE & (LWIP_DNS_SECURE_NO_MULTIPLE_OUTSTANDING | LWIP_DNS_SECURE_RAND_SRC_PORT)) 
 162              		.loc 1 943 1 is_stmt 0 view .LVU35
 163 0000 2DE9F843 		push	{r3, r4, r5, r6, r7, r8, r9, lr}
 164              	.LCFI1:
 165              		.cfi_def_cfa_offset 32
 166              		.cfi_offset 3, -32
 167              		.cfi_offset 4, -28
 168              		.cfi_offset 5, -24
 169              		.cfi_offset 6, -20
 170              		.cfi_offset 7, -16
 171              		.cfi_offset 8, -12
 172              		.cfi_offset 9, -8
 173              		.cfi_offset 14, -4
 174 0004 0546     		mov	r5, r0
 175 0006 0E46     		mov	r6, r1
 945:Middlewares/Third_Party/LwIP/src/core/dns.c **** #endif
 176              		.loc 1 945 3 is_stmt 1 view .LVU36
 962:Middlewares/Third_Party/LwIP/src/core/dns.c ****     if (dns_requests[i].found && (dns_requests[i].dns_table_idx == idx)) {
 177              		.loc 1 962 3 view .LVU37
 178              	.LVL12:
 962:Middlewares/Third_Party/LwIP/src/core/dns.c ****     if (dns_requests[i].found && (dns_requests[i].dns_table_idx == idx)) {
 179              		.loc 1 962 10 is_stmt 0 view .LVU38
 180 0008 0024     		movs	r4, #0
 962:Middlewares/Third_Party/LwIP/src/core/dns.c ****     if (dns_requests[i].found && (dns_requests[i].dns_table_idx == idx)) {
 181              		.loc 1 962 3 view .LVU39
 182 000a 01E0     		b	.L18
 183              	.LVL13:
 184              	.L19:
 962:Middlewares/Third_Party/LwIP/src/core/dns.c ****     if (dns_requests[i].found && (dns_requests[i].dns_table_idx == idx)) {
 185              		.loc 1 962 38 is_stmt 1 discriminator 2 view .LVU40
 186 000c 0134     		adds	r4, r4, #1
 187              	.LVL14:
 962:Middlewares/Third_Party/LwIP/src/core/dns.c ****     if (dns_requests[i].found && (dns_requests[i].dns_table_idx == idx)) {
 188              		.loc 1 962 38 is_stmt 0 discriminator 2 view .LVU41
 189 000e E4B2     		uxtb	r4, r4
 190              	.LVL15:
 191              	.L18:
 962:Middlewares/Third_Party/LwIP/src/core/dns.c ****     if (dns_requests[i].found && (dns_requests[i].dns_table_idx == idx)) {
 192              		.loc 1 962 17 is_stmt 1 discriminator 1 view .LVU42
 193 0010 032C     		cmp	r4, #3
ARM GAS  /tmp/ccMnJyjS.s 			page 23


 194 0012 23D8     		bhi	.L27
 963:Middlewares/Third_Party/LwIP/src/core/dns.c ****       (*dns_requests[i].found)(dns_table[idx].name, addr, dns_requests[i].arg);
 195              		.loc 1 963 5 view .LVU43
 963:Middlewares/Third_Party/LwIP/src/core/dns.c ****       (*dns_requests[i].found)(dns_table[idx].name, addr, dns_requests[i].arg);
 196              		.loc 1 963 24 is_stmt 0 view .LVU44
 197 0014 04EB4403 		add	r3, r4, r4, lsl #1
 198 0018 304A     		ldr	r2, .L29
 199 001a 52F82370 		ldr	r7, [r2, r3, lsl #2]
 963:Middlewares/Third_Party/LwIP/src/core/dns.c ****       (*dns_requests[i].found)(dns_table[idx].name, addr, dns_requests[i].arg);
 200              		.loc 1 963 8 view .LVU45
 201 001e 002F     		cmp	r7, #0
 202 0020 F4D0     		beq	.L19
 963:Middlewares/Third_Party/LwIP/src/core/dns.c ****       (*dns_requests[i].found)(dns_table[idx].name, addr, dns_requests[i].arg);
 203              		.loc 1 963 50 discriminator 1 view .LVU46
 204 0022 1A46     		mov	r2, r3
 205 0024 2D4B     		ldr	r3, .L29
 206 0026 03EB8203 		add	r3, r3, r2, lsl #2
 207 002a 1B7A     		ldrb	r3, [r3, #8]	@ zero_extendqisi2
 963:Middlewares/Third_Party/LwIP/src/core/dns.c ****       (*dns_requests[i].found)(dns_table[idx].name, addr, dns_requests[i].arg);
 208              		.loc 1 963 31 discriminator 1 view .LVU47
 209 002c AB42     		cmp	r3, r5
 210 002e EDD1     		bne	.L19
 964:Middlewares/Third_Party/LwIP/src/core/dns.c ****       /* flush this entry */
 211              		.loc 1 964 7 is_stmt 1 view .LVU48
 964:Middlewares/Third_Party/LwIP/src/core/dns.c ****       /* flush this entry */
 212              		.loc 1 964 46 is_stmt 0 view .LVU49
 213 0030 05EB0513 		add	r3, r5, r5, lsl #4
 214 0034 1B01     		lsls	r3, r3, #4
 215 0036 1033     		adds	r3, r3, #16
 964:Middlewares/Third_Party/LwIP/src/core/dns.c ****       /* flush this entry */
 216              		.loc 1 964 8 view .LVU50
 217 0038 DFF8A090 		ldr	r9, .L29
 218 003c 4FEA4408 		lsl	r8, r4, #1
 219 0040 09EB8202 		add	r2, r9, r2, lsl #2
 220 0044 5268     		ldr	r2, [r2, #4]
 221 0046 3146     		mov	r1, r6
 222 0048 2548     		ldr	r0, .L29+4
 223 004a 1844     		add	r0, r0, r3
 224 004c B847     		blx	r7
 225              	.LVL16:
 966:Middlewares/Third_Party/LwIP/src/core/dns.c ****     }
 226              		.loc 1 966 7 is_stmt 1 view .LVU51
 966:Middlewares/Third_Party/LwIP/src/core/dns.c ****     }
 227              		.loc 1 966 29 is_stmt 0 view .LVU52
 228 004e A044     		add	r8, r8, r4
 229 0050 4FEA8808 		lsl	r8, r8, #2
 230 0054 0023     		movs	r3, #0
 231 0056 49F80830 		str	r3, [r9, r8]
 232 005a D7E7     		b	.L19
 233              	.L27:
 977:Middlewares/Third_Party/LwIP/src/core/dns.c ****     if (i == idx) {
 234              		.loc 1 977 10 view .LVU53
 235 005c 0023     		movs	r3, #0
 236 005e 01E0     		b	.L21
 237              	.LVL17:
 238              	.L22:
 977:Middlewares/Third_Party/LwIP/src/core/dns.c ****     if (i == idx) {
ARM GAS  /tmp/ccMnJyjS.s 			page 24


 239              		.loc 1 977 38 is_stmt 1 discriminator 2 view .LVU54
 240 0060 0133     		adds	r3, r3, #1
 241              	.LVL18:
 977:Middlewares/Third_Party/LwIP/src/core/dns.c ****     if (i == idx) {
 242              		.loc 1 977 38 is_stmt 0 discriminator 2 view .LVU55
 243 0062 DBB2     		uxtb	r3, r3
 244              	.LVL19:
 245              	.L21:
 977:Middlewares/Third_Party/LwIP/src/core/dns.c ****     if (i == idx) {
 246              		.loc 1 977 17 is_stmt 1 discriminator 1 view .LVU56
 247 0064 032B     		cmp	r3, #3
 248 0066 19D8     		bhi	.L23
 978:Middlewares/Third_Party/LwIP/src/core/dns.c ****       continue; /* only check other requests */
 249              		.loc 1 978 5 view .LVU57
 978:Middlewares/Third_Party/LwIP/src/core/dns.c ****       continue; /* only check other requests */
 250              		.loc 1 978 8 is_stmt 0 view .LVU58
 251 0068 AB42     		cmp	r3, r5
 252 006a F9D0     		beq	.L22
 981:Middlewares/Third_Party/LwIP/src/core/dns.c ****       if (dns_table[i].pcb_idx == dns_table[idx].pcb_idx) {
 253              		.loc 1 981 5 is_stmt 1 view .LVU59
 981:Middlewares/Third_Party/LwIP/src/core/dns.c ****       if (dns_table[i].pcb_idx == dns_table[idx].pcb_idx) {
 254              		.loc 1 981 21 is_stmt 0 view .LVU60
 255 006c 03EB0311 		add	r1, r3, r3, lsl #4
 256 0070 1B4A     		ldr	r2, .L29+4
 257 0072 02EB0112 		add	r2, r2, r1, lsl #4
 258 0076 927A     		ldrb	r2, [r2, #10]	@ zero_extendqisi2
 981:Middlewares/Third_Party/LwIP/src/core/dns.c ****       if (dns_table[i].pcb_idx == dns_table[idx].pcb_idx) {
 259              		.loc 1 981 8 view .LVU61
 260 0078 022A     		cmp	r2, #2
 261 007a F1D1     		bne	.L22
 982:Middlewares/Third_Party/LwIP/src/core/dns.c ****         /* another request is still using the same pcb */
 262              		.loc 1 982 7 is_stmt 1 view .LVU62
 982:Middlewares/Third_Party/LwIP/src/core/dns.c ****         /* another request is still using the same pcb */
 263              		.loc 1 982 23 is_stmt 0 view .LVU63
 264 007c 184A     		ldr	r2, .L29+4
 265 007e 02EB0111 		add	r1, r2, r1, lsl #4
 266 0082 C97B     		ldrb	r1, [r1, #15]	@ zero_extendqisi2
 982:Middlewares/Third_Party/LwIP/src/core/dns.c ****         /* another request is still using the same pcb */
 267              		.loc 1 982 49 view .LVU64
 268 0084 05EB0510 		add	r0, r5, r5, lsl #4
 269 0088 02EB0012 		add	r2, r2, r0, lsl #4
 270 008c D27B     		ldrb	r2, [r2, #15]	@ zero_extendqisi2
 982:Middlewares/Third_Party/LwIP/src/core/dns.c ****         /* another request is still using the same pcb */
 271              		.loc 1 982 10 view .LVU65
 272 008e 9142     		cmp	r1, r2
 273 0090 E6D1     		bne	.L22
 984:Middlewares/Third_Party/LwIP/src/core/dns.c ****         break;
 274              		.loc 1 984 9 is_stmt 1 view .LVU66
 984:Middlewares/Third_Party/LwIP/src/core/dns.c ****         break;
 275              		.loc 1 984 32 is_stmt 0 view .LVU67
 276 0092 134B     		ldr	r3, .L29+4
 277              	.LVL20:
 984:Middlewares/Third_Party/LwIP/src/core/dns.c ****         break;
 278              		.loc 1 984 32 view .LVU68
 279 0094 03EB0013 		add	r3, r3, r0, lsl #4
 280 0098 0422     		movs	r2, #4
 281 009a DA73     		strb	r2, [r3, #15]
ARM GAS  /tmp/ccMnJyjS.s 			page 25


 985:Middlewares/Third_Party/LwIP/src/core/dns.c ****       }
 282              		.loc 1 985 9 is_stmt 1 view .LVU69
 283              	.L23:
 989:Middlewares/Third_Party/LwIP/src/core/dns.c ****     /* if we come here, the pcb is not used any more and can be removed */
 284              		.loc 1 989 3 view .LVU70
 989:Middlewares/Third_Party/LwIP/src/core/dns.c ****     /* if we come here, the pcb is not used any more and can be removed */
 285              		.loc 1 989 21 is_stmt 0 view .LVU71
 286 009c 05EB0512 		add	r2, r5, r5, lsl #4
 287 00a0 0F4B     		ldr	r3, .L29+4
 288 00a2 03EB0213 		add	r3, r3, r2, lsl #4
 289 00a6 DB7B     		ldrb	r3, [r3, #15]	@ zero_extendqisi2
 989:Middlewares/Third_Party/LwIP/src/core/dns.c ****     /* if we come here, the pcb is not used any more and can be removed */
 290              		.loc 1 989 6 view .LVU72
 291 00a8 032B     		cmp	r3, #3
 292 00aa 01D9     		bls	.L28
 293              	.LVL21:
 294              	.L17:
 996:Middlewares/Third_Party/LwIP/src/core/dns.c **** 
 295              		.loc 1 996 1 view .LVU73
 296 00ac BDE8F883 		pop	{r3, r4, r5, r6, r7, r8, r9, pc}
 297              	.LVL22:
 298              	.L28:
 991:Middlewares/Third_Party/LwIP/src/core/dns.c ****     dns_pcbs[dns_table[idx].pcb_idx] = NULL;
 299              		.loc 1 991 5 is_stmt 1 view .LVU74
 300 00b0 0C4C     		ldr	r4, .L29+8
 301 00b2 54F82300 		ldr	r0, [r4, r3, lsl #2]
 302 00b6 FFF7FEFF 		bl	udp_remove
 303              	.LVL23:
 992:Middlewares/Third_Party/LwIP/src/core/dns.c ****     dns_table[idx].pcb_idx = DNS_MAX_SOURCE_PORTS;
 304              		.loc 1 992 5 view .LVU75
 992:Middlewares/Third_Party/LwIP/src/core/dns.c ****     dns_table[idx].pcb_idx = DNS_MAX_SOURCE_PORTS;
 305              		.loc 1 992 28 is_stmt 0 view .LVU76
 306 00ba 094B     		ldr	r3, .L29+4
 307 00bc 05EB0512 		add	r2, r5, r5, lsl #4
 308 00c0 03EB0212 		add	r2, r3, r2, lsl #4
 309 00c4 D27B     		ldrb	r2, [r2, #15]	@ zero_extendqisi2
 992:Middlewares/Third_Party/LwIP/src/core/dns.c ****     dns_table[idx].pcb_idx = DNS_MAX_SOURCE_PORTS;
 310              		.loc 1 992 38 view .LVU77
 311 00c6 0021     		movs	r1, #0
 312 00c8 44F82210 		str	r1, [r4, r2, lsl #2]
 993:Middlewares/Third_Party/LwIP/src/core/dns.c ****   }
 313              		.loc 1 993 5 is_stmt 1 view .LVU78
 993:Middlewares/Third_Party/LwIP/src/core/dns.c ****   }
 314              		.loc 1 993 28 is_stmt 0 view .LVU79
 315 00cc 05EB0515 		add	r5, r5, r5, lsl #4
 316 00d0 03EB0513 		add	r3, r3, r5, lsl #4
 317 00d4 0422     		movs	r2, #4
 318 00d6 DA73     		strb	r2, [r3, #15]
 996:Middlewares/Third_Party/LwIP/src/core/dns.c **** 
 319              		.loc 1 996 1 view .LVU80
 320 00d8 E8E7     		b	.L17
 321              	.L30:
 322 00da 00BF     		.align	2
 323              	.L29:
 324 00dc 00000000 		.word	dns_requests
 325 00e0 00000000 		.word	dns_table
 326 00e4 00000000 		.word	dns_pcbs
ARM GAS  /tmp/ccMnJyjS.s 			page 26


 327              		.cfi_endproc
 328              	.LFE166:
 330              		.section	.text.dns_correct_response,"ax",%progbits
 331              		.align	1
 332              		.syntax unified
 333              		.thumb
 334              		.thumb_func
 336              	dns_correct_response:
 337              	.LVL24:
 338              	.LFB171:
1036:Middlewares/Third_Party/LwIP/src/core/dns.c **** 
1037:Middlewares/Third_Party/LwIP/src/core/dns.c **** /**
1038:Middlewares/Third_Party/LwIP/src/core/dns.c ****  * dns_check_entry() - see if entry has not yet been queried and, if so, sends out a query.
1039:Middlewares/Third_Party/LwIP/src/core/dns.c ****  * Check an entry in the dns_table:
1040:Middlewares/Third_Party/LwIP/src/core/dns.c ****  * - send out query for new entries
1041:Middlewares/Third_Party/LwIP/src/core/dns.c ****  * - retry old pending entries on timeout (also with different servers)
1042:Middlewares/Third_Party/LwIP/src/core/dns.c ****  * - remove completed entries from the table if their TTL has expired
1043:Middlewares/Third_Party/LwIP/src/core/dns.c ****  *
1044:Middlewares/Third_Party/LwIP/src/core/dns.c ****  * @param i index of the dns_table entry to check
1045:Middlewares/Third_Party/LwIP/src/core/dns.c ****  */
1046:Middlewares/Third_Party/LwIP/src/core/dns.c **** static void
1047:Middlewares/Third_Party/LwIP/src/core/dns.c **** dns_check_entry(u8_t i)
1048:Middlewares/Third_Party/LwIP/src/core/dns.c **** {
1049:Middlewares/Third_Party/LwIP/src/core/dns.c ****   err_t err;
1050:Middlewares/Third_Party/LwIP/src/core/dns.c ****   struct dns_table_entry *entry = &dns_table[i];
1051:Middlewares/Third_Party/LwIP/src/core/dns.c **** 
1052:Middlewares/Third_Party/LwIP/src/core/dns.c ****   LWIP_ASSERT("array index out of bounds", i < DNS_TABLE_SIZE);
1053:Middlewares/Third_Party/LwIP/src/core/dns.c **** 
1054:Middlewares/Third_Party/LwIP/src/core/dns.c ****   switch (entry->state) {
1055:Middlewares/Third_Party/LwIP/src/core/dns.c ****     case DNS_STATE_NEW:
1056:Middlewares/Third_Party/LwIP/src/core/dns.c ****       /* initialize new entry */
1057:Middlewares/Third_Party/LwIP/src/core/dns.c ****       entry->txid = dns_create_txid();
1058:Middlewares/Third_Party/LwIP/src/core/dns.c ****       entry->state = DNS_STATE_ASKING;
1059:Middlewares/Third_Party/LwIP/src/core/dns.c ****       entry->server_idx = 0;
1060:Middlewares/Third_Party/LwIP/src/core/dns.c ****       entry->tmr = 1;
1061:Middlewares/Third_Party/LwIP/src/core/dns.c ****       entry->retries = 0;
1062:Middlewares/Third_Party/LwIP/src/core/dns.c **** 
1063:Middlewares/Third_Party/LwIP/src/core/dns.c ****       /* send DNS packet for this entry */
1064:Middlewares/Third_Party/LwIP/src/core/dns.c ****       err = dns_send(i);
1065:Middlewares/Third_Party/LwIP/src/core/dns.c ****       if (err != ERR_OK) {
1066:Middlewares/Third_Party/LwIP/src/core/dns.c ****         LWIP_DEBUGF(DNS_DEBUG | LWIP_DBG_LEVEL_WARNING,
1067:Middlewares/Third_Party/LwIP/src/core/dns.c ****                     ("dns_send returned error: %s\n", lwip_strerr(err)));
1068:Middlewares/Third_Party/LwIP/src/core/dns.c ****       }
1069:Middlewares/Third_Party/LwIP/src/core/dns.c ****       break;
1070:Middlewares/Third_Party/LwIP/src/core/dns.c ****     case DNS_STATE_ASKING:
1071:Middlewares/Third_Party/LwIP/src/core/dns.c ****       if (--entry->tmr == 0) {
1072:Middlewares/Third_Party/LwIP/src/core/dns.c ****         if (++entry->retries == DNS_MAX_RETRIES) {
1073:Middlewares/Third_Party/LwIP/src/core/dns.c ****           if (dns_backupserver_available(entry)
1074:Middlewares/Third_Party/LwIP/src/core/dns.c **** #if LWIP_DNS_SUPPORT_MDNS_QUERIES
1075:Middlewares/Third_Party/LwIP/src/core/dns.c ****               && !entry->is_mdns
1076:Middlewares/Third_Party/LwIP/src/core/dns.c **** #endif /* LWIP_DNS_SUPPORT_MDNS_QUERIES */
1077:Middlewares/Third_Party/LwIP/src/core/dns.c ****              ) {
1078:Middlewares/Third_Party/LwIP/src/core/dns.c ****             /* change of server */
1079:Middlewares/Third_Party/LwIP/src/core/dns.c ****             entry->server_idx++;
1080:Middlewares/Third_Party/LwIP/src/core/dns.c ****             entry->tmr = 1;
1081:Middlewares/Third_Party/LwIP/src/core/dns.c ****             entry->retries = 0;
1082:Middlewares/Third_Party/LwIP/src/core/dns.c ****           } else {
ARM GAS  /tmp/ccMnJyjS.s 			page 27


1083:Middlewares/Third_Party/LwIP/src/core/dns.c ****             LWIP_DEBUGF(DNS_DEBUG, ("dns_check_entry: \"%s\": timeout\n", entry->name));
1084:Middlewares/Third_Party/LwIP/src/core/dns.c ****             /* call specified callback function if provided */
1085:Middlewares/Third_Party/LwIP/src/core/dns.c ****             dns_call_found(i, NULL);
1086:Middlewares/Third_Party/LwIP/src/core/dns.c ****             /* flush this entry */
1087:Middlewares/Third_Party/LwIP/src/core/dns.c ****             entry->state = DNS_STATE_UNUSED;
1088:Middlewares/Third_Party/LwIP/src/core/dns.c ****             break;
1089:Middlewares/Third_Party/LwIP/src/core/dns.c ****           }
1090:Middlewares/Third_Party/LwIP/src/core/dns.c ****         } else {
1091:Middlewares/Third_Party/LwIP/src/core/dns.c ****           /* wait longer for the next retry */
1092:Middlewares/Third_Party/LwIP/src/core/dns.c ****           entry->tmr = entry->retries;
1093:Middlewares/Third_Party/LwIP/src/core/dns.c ****         }
1094:Middlewares/Third_Party/LwIP/src/core/dns.c **** 
1095:Middlewares/Third_Party/LwIP/src/core/dns.c ****         /* send DNS packet for this entry */
1096:Middlewares/Third_Party/LwIP/src/core/dns.c ****         err = dns_send(i);
1097:Middlewares/Third_Party/LwIP/src/core/dns.c ****         if (err != ERR_OK) {
1098:Middlewares/Third_Party/LwIP/src/core/dns.c ****           LWIP_DEBUGF(DNS_DEBUG | LWIP_DBG_LEVEL_WARNING,
1099:Middlewares/Third_Party/LwIP/src/core/dns.c ****                       ("dns_send returned error: %s\n", lwip_strerr(err)));
1100:Middlewares/Third_Party/LwIP/src/core/dns.c ****         }
1101:Middlewares/Third_Party/LwIP/src/core/dns.c ****       }
1102:Middlewares/Third_Party/LwIP/src/core/dns.c ****       break;
1103:Middlewares/Third_Party/LwIP/src/core/dns.c ****     case DNS_STATE_DONE:
1104:Middlewares/Third_Party/LwIP/src/core/dns.c ****       /* if the time to live is nul */
1105:Middlewares/Third_Party/LwIP/src/core/dns.c ****       if ((entry->ttl == 0) || (--entry->ttl == 0)) {
1106:Middlewares/Third_Party/LwIP/src/core/dns.c ****         LWIP_DEBUGF(DNS_DEBUG, ("dns_check_entry: \"%s\": flush\n", entry->name));
1107:Middlewares/Third_Party/LwIP/src/core/dns.c ****         /* flush this entry, there cannot be any related pending entries in this state */
1108:Middlewares/Third_Party/LwIP/src/core/dns.c ****         entry->state = DNS_STATE_UNUSED;
1109:Middlewares/Third_Party/LwIP/src/core/dns.c ****       }
1110:Middlewares/Third_Party/LwIP/src/core/dns.c ****       break;
1111:Middlewares/Third_Party/LwIP/src/core/dns.c ****     case DNS_STATE_UNUSED:
1112:Middlewares/Third_Party/LwIP/src/core/dns.c ****       /* nothing to do */
1113:Middlewares/Third_Party/LwIP/src/core/dns.c ****       break;
1114:Middlewares/Third_Party/LwIP/src/core/dns.c ****     default:
1115:Middlewares/Third_Party/LwIP/src/core/dns.c ****       LWIP_ASSERT("unknown dns_table entry state:", 0);
1116:Middlewares/Third_Party/LwIP/src/core/dns.c ****       break;
1117:Middlewares/Third_Party/LwIP/src/core/dns.c ****   }
1118:Middlewares/Third_Party/LwIP/src/core/dns.c **** }
1119:Middlewares/Third_Party/LwIP/src/core/dns.c **** 
1120:Middlewares/Third_Party/LwIP/src/core/dns.c **** /**
1121:Middlewares/Third_Party/LwIP/src/core/dns.c ****  * Call dns_check_entry for each entry in dns_table - check all entries.
1122:Middlewares/Third_Party/LwIP/src/core/dns.c ****  */
1123:Middlewares/Third_Party/LwIP/src/core/dns.c **** static void
1124:Middlewares/Third_Party/LwIP/src/core/dns.c **** dns_check_entries(void)
1125:Middlewares/Third_Party/LwIP/src/core/dns.c **** {
1126:Middlewares/Third_Party/LwIP/src/core/dns.c ****   u8_t i;
1127:Middlewares/Third_Party/LwIP/src/core/dns.c **** 
1128:Middlewares/Third_Party/LwIP/src/core/dns.c ****   for (i = 0; i < DNS_TABLE_SIZE; ++i) {
1129:Middlewares/Third_Party/LwIP/src/core/dns.c ****     dns_check_entry(i);
1130:Middlewares/Third_Party/LwIP/src/core/dns.c ****   }
1131:Middlewares/Third_Party/LwIP/src/core/dns.c **** }
1132:Middlewares/Third_Party/LwIP/src/core/dns.c **** 
1133:Middlewares/Third_Party/LwIP/src/core/dns.c **** /**
1134:Middlewares/Third_Party/LwIP/src/core/dns.c ****  * Save TTL and call dns_call_found for correct response.
1135:Middlewares/Third_Party/LwIP/src/core/dns.c ****  */
1136:Middlewares/Third_Party/LwIP/src/core/dns.c **** static void
1137:Middlewares/Third_Party/LwIP/src/core/dns.c **** dns_correct_response(u8_t idx, u32_t ttl)
1138:Middlewares/Third_Party/LwIP/src/core/dns.c **** {
 339              		.loc 1 1138 1 is_stmt 1 view -0
ARM GAS  /tmp/ccMnJyjS.s 			page 28


 340              		.cfi_startproc
 341              		@ args = 0, pretend = 0, frame = 0
 342              		@ frame_needed = 0, uses_anonymous_args = 0
 343              		.loc 1 1138 1 is_stmt 0 view .LVU82
 344 0000 70B5     		push	{r4, r5, r6, lr}
 345              	.LCFI2:
 346              		.cfi_def_cfa_offset 16
 347              		.cfi_offset 4, -16
 348              		.cfi_offset 5, -12
 349              		.cfi_offset 6, -8
 350              		.cfi_offset 14, -4
 351 0002 0446     		mov	r4, r0
1139:Middlewares/Third_Party/LwIP/src/core/dns.c ****   struct dns_table_entry *entry = &dns_table[idx];
 352              		.loc 1 1139 3 is_stmt 1 view .LVU83
 353              	.LVL25:
1140:Middlewares/Third_Party/LwIP/src/core/dns.c **** 
1141:Middlewares/Third_Party/LwIP/src/core/dns.c ****   entry->state = DNS_STATE_DONE;
 354              		.loc 1 1141 3 view .LVU84
 355              		.loc 1 1141 16 is_stmt 0 view .LVU85
 356 0004 134A     		ldr	r2, .L36
 357 0006 00EB0013 		add	r3, r0, r0, lsl #4
 358 000a 1801     		lsls	r0, r3, #4
 359              	.LVL26:
 360              		.loc 1 1141 16 view .LVU86
 361 000c 02EB0313 		add	r3, r2, r3, lsl #4
 362 0010 0325     		movs	r5, #3
 363 0012 9D72     		strb	r5, [r3, #10]
1142:Middlewares/Third_Party/LwIP/src/core/dns.c **** 
1143:Middlewares/Third_Party/LwIP/src/core/dns.c ****   LWIP_DEBUGF(DNS_DEBUG, ("dns_recv: \"%s\": response = ", entry->name));
 364              		.loc 1 1143 3 is_stmt 1 view .LVU87
 365              		.loc 1 1143 3 view .LVU88
 366              		.loc 1 1143 3 discriminator 4 view .LVU89
1144:Middlewares/Third_Party/LwIP/src/core/dns.c ****   ip_addr_debug_print_val(DNS_DEBUG, entry->ipaddr);
 367              		.loc 1 1144 3 view .LVU90
 368              		.loc 1 1144 3 view .LVU91
 369              		.loc 1 1144 3 discriminator 4 view .LVU92
1145:Middlewares/Third_Party/LwIP/src/core/dns.c ****   LWIP_DEBUGF(DNS_DEBUG, ("\n"));
 370              		.loc 1 1145 3 view .LVU93
 371              		.loc 1 1145 3 view .LVU94
 372              		.loc 1 1145 3 discriminator 4 view .LVU95
1146:Middlewares/Third_Party/LwIP/src/core/dns.c **** 
1147:Middlewares/Third_Party/LwIP/src/core/dns.c ****   /* read the answer resource record's TTL, and maximize it if needed */
1148:Middlewares/Third_Party/LwIP/src/core/dns.c ****   entry->ttl = ttl;
 373              		.loc 1 1148 3 view .LVU96
 374              		.loc 1 1148 14 is_stmt 0 view .LVU97
 375 0014 1150     		str	r1, [r2, r0]
1149:Middlewares/Third_Party/LwIP/src/core/dns.c ****   if (entry->ttl > DNS_MAX_TTL) {
 376              		.loc 1 1149 3 is_stmt 1 view .LVU98
 377              		.loc 1 1149 6 is_stmt 0 view .LVU99
 378 0016 104B     		ldr	r3, .L36+4
 379 0018 9942     		cmp	r1, r3
 380 001a 01D9     		bls	.L32
1150:Middlewares/Third_Party/LwIP/src/core/dns.c ****     entry->ttl = DNS_MAX_TTL;
 381              		.loc 1 1150 5 is_stmt 1 view .LVU100
 382              		.loc 1 1150 16 is_stmt 0 view .LVU101
 383 001c 0E49     		ldr	r1, .L36+4
 384              	.LVL27:
ARM GAS  /tmp/ccMnJyjS.s 			page 29


 385              		.loc 1 1150 16 view .LVU102
 386 001e 1150     		str	r1, [r2, r0]
 387              	.LVL28:
 388              	.L32:
1151:Middlewares/Third_Party/LwIP/src/core/dns.c ****   }
1152:Middlewares/Third_Party/LwIP/src/core/dns.c ****   dns_call_found(idx, &entry->ipaddr);
 389              		.loc 1 1152 3 is_stmt 1 view .LVU103
 390 0020 04EB0411 		add	r1, r4, r4, lsl #4
 391 0024 0E01     		lsls	r6, r1, #4
 392 0026 0B4D     		ldr	r5, .L36
 393 0028 05EB0111 		add	r1, r5, r1, lsl #4
 394 002c 0431     		adds	r1, r1, #4
 395 002e 2046     		mov	r0, r4
 396 0030 FFF7FEFF 		bl	dns_call_found
 397              	.LVL29:
1153:Middlewares/Third_Party/LwIP/src/core/dns.c **** 
1154:Middlewares/Third_Party/LwIP/src/core/dns.c ****   if (entry->ttl == 0) {
 398              		.loc 1 1154 3 view .LVU104
 399              		.loc 1 1154 12 is_stmt 0 view .LVU105
 400 0034 AB59     		ldr	r3, [r5, r6]
 401              		.loc 1 1154 6 view .LVU106
 402 0036 33B9     		cbnz	r3, .L31
1155:Middlewares/Third_Party/LwIP/src/core/dns.c ****     /* RFC 883, page 29: "Zero values are
1156:Middlewares/Third_Party/LwIP/src/core/dns.c ****        interpreted to mean that the RR can only be used for the
1157:Middlewares/Third_Party/LwIP/src/core/dns.c ****        transaction in progress, and should not be cached."
1158:Middlewares/Third_Party/LwIP/src/core/dns.c ****        -> flush this entry now */
1159:Middlewares/Third_Party/LwIP/src/core/dns.c ****     /* entry reused during callback? */
1160:Middlewares/Third_Party/LwIP/src/core/dns.c ****     if (entry->state == DNS_STATE_DONE) {
 403              		.loc 1 1160 5 is_stmt 1 view .LVU107
 404              		.loc 1 1160 14 is_stmt 0 view .LVU108
 405 0038 04EB0412 		add	r2, r4, r4, lsl #4
 406 003c 05EB0213 		add	r3, r5, r2, lsl #4
 407 0040 9B7A     		ldrb	r3, [r3, #10]	@ zero_extendqisi2
 408              		.loc 1 1160 8 view .LVU109
 409 0042 032B     		cmp	r3, #3
 410 0044 00D0     		beq	.L35
 411              	.L31:
1161:Middlewares/Third_Party/LwIP/src/core/dns.c ****       entry->state = DNS_STATE_UNUSED;
1162:Middlewares/Third_Party/LwIP/src/core/dns.c ****     }
1163:Middlewares/Third_Party/LwIP/src/core/dns.c ****   }
1164:Middlewares/Third_Party/LwIP/src/core/dns.c **** }
 412              		.loc 1 1164 1 view .LVU110
 413 0046 70BD     		pop	{r4, r5, r6, pc}
 414              	.LVL30:
 415              	.L35:
1161:Middlewares/Third_Party/LwIP/src/core/dns.c ****       entry->state = DNS_STATE_UNUSED;
 416              		.loc 1 1161 7 is_stmt 1 view .LVU111
1161:Middlewares/Third_Party/LwIP/src/core/dns.c ****       entry->state = DNS_STATE_UNUSED;
 417              		.loc 1 1161 20 is_stmt 0 view .LVU112
 418 0048 05EB0213 		add	r3, r5, r2, lsl #4
 419 004c 0022     		movs	r2, #0
 420 004e 9A72     		strb	r2, [r3, #10]
 421              		.loc 1 1164 1 view .LVU113
 422 0050 F9E7     		b	.L31
 423              	.L37:
 424 0052 00BF     		.align	2
 425              	.L36:
ARM GAS  /tmp/ccMnJyjS.s 			page 30


 426 0054 00000000 		.word	dns_table
 427 0058 803A0900 		.word	604800
 428              		.cfi_endproc
 429              	.LFE171:
 431              		.section	.rodata.dns_send.str1.4,"aMS",%progbits,1
 432              		.align	2
 433              	.LC0:
 434 0000 4D696464 		.ascii	"Middlewares/Third_Party/LwIP/src/core/dns.c\000"
 434      6C657761 
 434      7265732F 
 434      54686972 
 434      645F5061 
 435              		.align	2
 436              	.LC1:
 437 002c 646E7320 		.ascii	"dns server out of array\000"
 437      73657276 
 437      6572206F 
 437      7574206F 
 437      66206172 
 438              		.align	2
 439              	.LC2:
 440 0044 41737365 		.ascii	"Assertion \"%s\" failed at line %d in %s\012\000"
 440      7274696F 
 440      6E202225 
 440      73222066 
 440      61696C65 
 441              		.section	.text.dns_send,"ax",%progbits
 442              		.align	1
 443              		.syntax unified
 444              		.thumb
 445              		.thumb_func
 447              	dns_send:
 448              	.LVL31:
 449              	.LFB163:
 749:Middlewares/Third_Party/LwIP/src/core/dns.c ****   err_t err;
 450              		.loc 1 749 1 is_stmt 1 view -0
 451              		.cfi_startproc
 452              		@ args = 0, pretend = 0, frame = 16
 453              		@ frame_needed = 0, uses_anonymous_args = 0
 749:Middlewares/Third_Party/LwIP/src/core/dns.c ****   err_t err;
 454              		.loc 1 749 1 is_stmt 0 view .LVU115
 455 0000 2DE9F047 		push	{r4, r5, r6, r7, r8, r9, r10, lr}
 456              	.LCFI3:
 457              		.cfi_def_cfa_offset 32
 458              		.cfi_offset 4, -32
 459              		.cfi_offset 5, -28
 460              		.cfi_offset 6, -24
 461              		.cfi_offset 7, -20
 462              		.cfi_offset 8, -16
 463              		.cfi_offset 9, -12
 464              		.cfi_offset 10, -8
 465              		.cfi_offset 14, -4
 466 0004 84B0     		sub	sp, sp, #16
 467              	.LCFI4:
 468              		.cfi_def_cfa_offset 48
 469 0006 0646     		mov	r6, r0
 750:Middlewares/Third_Party/LwIP/src/core/dns.c ****   struct dns_hdr hdr;
ARM GAS  /tmp/ccMnJyjS.s 			page 31


 470              		.loc 1 750 3 is_stmt 1 view .LVU116
 751:Middlewares/Third_Party/LwIP/src/core/dns.c ****   struct dns_query qry;
 471              		.loc 1 751 3 view .LVU117
 752:Middlewares/Third_Party/LwIP/src/core/dns.c ****   struct pbuf *p;
 472              		.loc 1 752 3 view .LVU118
 753:Middlewares/Third_Party/LwIP/src/core/dns.c ****   u16_t query_idx, copy_len;
 473              		.loc 1 753 3 view .LVU119
 754:Middlewares/Third_Party/LwIP/src/core/dns.c ****   const char *hostname, *hostname_part;
 474              		.loc 1 754 3 view .LVU120
 755:Middlewares/Third_Party/LwIP/src/core/dns.c ****   u8_t n;
 475              		.loc 1 755 3 view .LVU121
 756:Middlewares/Third_Party/LwIP/src/core/dns.c ****   u8_t pcb_idx;
 476              		.loc 1 756 3 view .LVU122
 757:Middlewares/Third_Party/LwIP/src/core/dns.c ****   struct dns_table_entry *entry = &dns_table[idx];
 477              		.loc 1 757 3 view .LVU123
 758:Middlewares/Third_Party/LwIP/src/core/dns.c **** 
 478              		.loc 1 758 3 view .LVU124
 479              	.LVL32:
 760:Middlewares/Third_Party/LwIP/src/core/dns.c ****                           (u16_t)(entry->server_idx), entry->name));
 480              		.loc 1 760 3 view .LVU125
 760:Middlewares/Third_Party/LwIP/src/core/dns.c ****                           (u16_t)(entry->server_idx), entry->name));
 481              		.loc 1 760 3 view .LVU126
 760:Middlewares/Third_Party/LwIP/src/core/dns.c ****                           (u16_t)(entry->server_idx), entry->name));
 482              		.loc 1 760 3 discriminator 4 view .LVU127
 762:Middlewares/Third_Party/LwIP/src/core/dns.c ****   if (ip_addr_isany_val(dns_servers[entry->server_idx])
 483              		.loc 1 762 3 view .LVU128
 762:Middlewares/Third_Party/LwIP/src/core/dns.c ****   if (ip_addr_isany_val(dns_servers[entry->server_idx])
 484              		.loc 1 762 3 view .LVU129
 485 0008 00EB0012 		add	r2, r0, r0, lsl #4
 486 000c 5B4B     		ldr	r3, .L53
 487 000e 03EB0213 		add	r3, r3, r2, lsl #4
 488 0012 DB7A     		ldrb	r3, [r3, #11]	@ zero_extendqisi2
 489 0014 012B     		cmp	r3, #1
 490 0016 3ED8     		bhi	.L49
 491              	.LVL33:
 492              	.L39:
 762:Middlewares/Third_Party/LwIP/src/core/dns.c ****   if (ip_addr_isany_val(dns_servers[entry->server_idx])
 493              		.loc 1 762 3 discriminator 3 view .LVU130
 762:Middlewares/Third_Party/LwIP/src/core/dns.c ****   if (ip_addr_isany_val(dns_servers[entry->server_idx])
 494              		.loc 1 762 3 discriminator 3 view .LVU131
 763:Middlewares/Third_Party/LwIP/src/core/dns.c **** #if LWIP_DNS_SUPPORT_MDNS_QUERIES
 495              		.loc 1 763 3 view .LVU132
 763:Middlewares/Third_Party/LwIP/src/core/dns.c **** #if LWIP_DNS_SUPPORT_MDNS_QUERIES
 496              		.loc 1 763 7 is_stmt 0 view .LVU133
 497 0018 06EB0612 		add	r2, r6, r6, lsl #4
 498 001c 574B     		ldr	r3, .L53
 499 001e 03EB0213 		add	r3, r3, r2, lsl #4
 500 0022 DA7A     		ldrb	r2, [r3, #11]	@ zero_extendqisi2
 501 0024 564B     		ldr	r3, .L53+4
 502 0026 53F82230 		ldr	r3, [r3, r2, lsl #2]
 763:Middlewares/Third_Party/LwIP/src/core/dns.c **** #if LWIP_DNS_SUPPORT_MDNS_QUERIES
 503              		.loc 1 763 6 view .LVU134
 504 002a 002B     		cmp	r3, #0
 505 002c 3BD0     		beq	.L50
 777:Middlewares/Third_Party/LwIP/src/core/dns.c ****                                          SIZEOF_DNS_QUERY), PBUF_RAM);
 506              		.loc 1 777 3 is_stmt 1 view .LVU135
 777:Middlewares/Third_Party/LwIP/src/core/dns.c ****                                          SIZEOF_DNS_QUERY), PBUF_RAM);
ARM GAS  /tmp/ccMnJyjS.s 			page 32


 507              		.loc 1 777 71 is_stmt 0 view .LVU136
 508 002e 06EB0617 		add	r7, r6, r6, lsl #4
 509 0032 3F01     		lsls	r7, r7, #4
 510 0034 1037     		adds	r7, r7, #16
 511 0036 514B     		ldr	r3, .L53
 512 0038 1F44     		add	r7, r7, r3
 777:Middlewares/Third_Party/LwIP/src/core/dns.c ****                                          SIZEOF_DNS_QUERY), PBUF_RAM);
 513              		.loc 1 777 59 view .LVU137
 514 003a 3846     		mov	r0, r7
 515 003c FFF7FEFF 		bl	strlen
 516              	.LVL34:
 777:Middlewares/Third_Party/LwIP/src/core/dns.c ****                                          SIZEOF_DNS_QUERY), PBUF_RAM);
 517              		.loc 1 777 7 discriminator 1 view .LVU138
 518 0040 00F11201 		add	r1, r0, #18
 519 0044 4FF42072 		mov	r2, #640
 520 0048 89B2     		uxth	r1, r1
 521 004a 3620     		movs	r0, #54
 522 004c FFF7FEFF 		bl	pbuf_alloc
 523              	.LVL35:
 779:Middlewares/Third_Party/LwIP/src/core/dns.c ****     const ip_addr_t *dst;
 524              		.loc 1 779 3 is_stmt 1 view .LVU139
 779:Middlewares/Third_Party/LwIP/src/core/dns.c ****     const ip_addr_t *dst;
 525              		.loc 1 779 6 is_stmt 0 view .LVU140
 526 0050 0546     		mov	r5, r0
 527 0052 0028     		cmp	r0, #0
 528 0054 00F08F80 		beq	.L47
 529              	.LBB2:
 780:Middlewares/Third_Party/LwIP/src/core/dns.c ****     u16_t dst_port;
 530              		.loc 1 780 5 is_stmt 1 view .LVU141
 781:Middlewares/Third_Party/LwIP/src/core/dns.c ****     /* fill dns header */
 531              		.loc 1 781 5 view .LVU142
 783:Middlewares/Third_Party/LwIP/src/core/dns.c ****     hdr.id = lwip_htons(entry->txid);
 532              		.loc 1 783 5 view .LVU143
 533 0058 01AC     		add	r4, sp, #4
 534 005a 0023     		movs	r3, #0
 535 005c 0193     		str	r3, [sp, #4]
 536 005e 0293     		str	r3, [sp, #8]
 537 0060 0393     		str	r3, [sp, #12]
 784:Middlewares/Third_Party/LwIP/src/core/dns.c ****     hdr.flags1 = DNS_FLAG1_RD;
 538              		.loc 1 784 5 view .LVU144
 784:Middlewares/Third_Party/LwIP/src/core/dns.c ****     hdr.flags1 = DNS_FLAG1_RD;
 539              		.loc 1 784 14 is_stmt 0 view .LVU145
 540 0062 06EB0612 		add	r2, r6, r6, lsl #4
 541 0066 454B     		ldr	r3, .L53
 542 0068 03EB0213 		add	r3, r3, r2, lsl #4
 543 006c 1889     		ldrh	r0, [r3, #8]
 544              	.LVL36:
 784:Middlewares/Third_Party/LwIP/src/core/dns.c ****     hdr.flags1 = DNS_FLAG1_RD;
 545              		.loc 1 784 14 view .LVU146
 546 006e FFF7FEFF 		bl	lwip_htons
 547              	.LVL37:
 784:Middlewares/Third_Party/LwIP/src/core/dns.c ****     hdr.flags1 = DNS_FLAG1_RD;
 548              		.loc 1 784 12 discriminator 1 view .LVU147
 549 0072 ADF80400 		strh	r0, [sp, #4]	@ movhi
 785:Middlewares/Third_Party/LwIP/src/core/dns.c ****     hdr.numquestions = PP_HTONS(1);
 550              		.loc 1 785 5 is_stmt 1 view .LVU148
 785:Middlewares/Third_Party/LwIP/src/core/dns.c ****     hdr.numquestions = PP_HTONS(1);
ARM GAS  /tmp/ccMnJyjS.s 			page 33


 551              		.loc 1 785 16 is_stmt 0 view .LVU149
 552 0076 0123     		movs	r3, #1
 553 0078 8DF80630 		strb	r3, [sp, #6]
 786:Middlewares/Third_Party/LwIP/src/core/dns.c ****     pbuf_take(p, &hdr, SIZEOF_DNS_HDR);
 554              		.loc 1 786 5 is_stmt 1 view .LVU150
 786:Middlewares/Third_Party/LwIP/src/core/dns.c ****     pbuf_take(p, &hdr, SIZEOF_DNS_HDR);
 555              		.loc 1 786 22 is_stmt 0 view .LVU151
 556 007c 4FF48073 		mov	r3, #256
 557 0080 ADF80830 		strh	r3, [sp, #8]	@ movhi
 787:Middlewares/Third_Party/LwIP/src/core/dns.c ****     hostname = entry->name;
 558              		.loc 1 787 5 is_stmt 1 view .LVU152
 559 0084 0C22     		movs	r2, #12
 560 0086 2146     		mov	r1, r4
 561 0088 2846     		mov	r0, r5
 562 008a FFF7FEFF 		bl	pbuf_take
 563              	.LVL38:
 788:Middlewares/Third_Party/LwIP/src/core/dns.c ****     --hostname;
 564              		.loc 1 788 5 view .LVU153
 789:Middlewares/Third_Party/LwIP/src/core/dns.c **** 
 565              		.loc 1 789 5 view .LVU154
 566 008e 013F     		subs	r7, r7, #1
 567              	.LVL39:
 792:Middlewares/Third_Party/LwIP/src/core/dns.c ****     do {
 568              		.loc 1 792 5 view .LVU155
 792:Middlewares/Third_Party/LwIP/src/core/dns.c ****     do {
 569              		.loc 1 792 15 is_stmt 0 view .LVU156
 570 0090 4FF00C08 		mov	r8, #12
 571 0094 3DE0     		b	.L46
 572              	.LVL40:
 573              	.L49:
 792:Middlewares/Third_Party/LwIP/src/core/dns.c ****     do {
 574              		.loc 1 792 15 view .LVU157
 575              	.LBE2:
 762:Middlewares/Third_Party/LwIP/src/core/dns.c ****   if (ip_addr_isany_val(dns_servers[entry->server_idx])
 576              		.loc 1 762 3 is_stmt 1 discriminator 1 view .LVU158
 762:Middlewares/Third_Party/LwIP/src/core/dns.c ****   if (ip_addr_isany_val(dns_servers[entry->server_idx])
 577              		.loc 1 762 3 discriminator 1 view .LVU159
 578 0096 3B4B     		ldr	r3, .L53+8
 579 0098 40F2FA22 		movw	r2, #762
 580 009c 3A49     		ldr	r1, .L53+12
 581 009e 3B48     		ldr	r0, .L53+16
 582              	.LVL41:
 762:Middlewares/Third_Party/LwIP/src/core/dns.c ****   if (ip_addr_isany_val(dns_servers[entry->server_idx])
 583              		.loc 1 762 3 is_stmt 0 discriminator 1 view .LVU160
 584 00a0 FFF7FEFF 		bl	printf
 585              	.LVL42:
 586 00a4 B8E7     		b	.L39
 587              	.L50:
 770:Middlewares/Third_Party/LwIP/src/core/dns.c ****     /* flush this entry */
 588              		.loc 1 770 5 is_stmt 1 view .LVU161
 589 00a6 0021     		movs	r1, #0
 590 00a8 3046     		mov	r0, r6
 591 00aa FFF7FEFF 		bl	dns_call_found
 592              	.LVL43:
 772:Middlewares/Third_Party/LwIP/src/core/dns.c ****     return ERR_OK;
 593              		.loc 1 772 5 view .LVU162
 772:Middlewares/Third_Party/LwIP/src/core/dns.c ****     return ERR_OK;
ARM GAS  /tmp/ccMnJyjS.s 			page 34


 594              		.loc 1 772 18 is_stmt 0 view .LVU163
 595 00ae 06EB0616 		add	r6, r6, r6, lsl #4
 596              	.LVL44:
 772:Middlewares/Third_Party/LwIP/src/core/dns.c ****     return ERR_OK;
 597              		.loc 1 772 18 view .LVU164
 598 00b2 324B     		ldr	r3, .L53
 599 00b4 03EB0613 		add	r3, r3, r6, lsl #4
 600 00b8 0024     		movs	r4, #0
 601 00ba 9C72     		strb	r4, [r3, #10]
 773:Middlewares/Third_Party/LwIP/src/core/dns.c ****   }
 602              		.loc 1 773 5 is_stmt 1 view .LVU165
 603              	.L41:
 862:Middlewares/Third_Party/LwIP/src/core/dns.c **** 
 604              		.loc 1 862 1 is_stmt 0 view .LVU166
 605 00bc 2046     		mov	r0, r4
 606 00be 04B0     		add	sp, sp, #16
 607              	.LCFI5:
 608              		.cfi_remember_state
 609              		.cfi_def_cfa_offset 32
 610              		@ sp needed
 611 00c0 BDE8F087 		pop	{r4, r5, r6, r7, r8, r9, r10, pc}
 612              	.LVL45:
 613              	.L44:
 614              	.LCFI6:
 615              		.cfi_restore_state
 616              	.LBB3:
 797:Middlewares/Third_Party/LwIP/src/core/dns.c ****       }
 617              		.loc 1 797 9 is_stmt 1 view .LVU167
 618 00c4 0134     		adds	r4, r4, #1
 619              	.LVL46:
 797:Middlewares/Third_Party/LwIP/src/core/dns.c ****       }
 620              		.loc 1 797 9 is_stmt 0 view .LVU168
 621 00c6 E4B2     		uxtb	r4, r4
 622              	.LVL47:
 796:Middlewares/Third_Party/LwIP/src/core/dns.c ****         ++n;
 623              		.loc 1 796 55 is_stmt 1 discriminator 4 view .LVU169
 624 00c8 0137     		adds	r7, r7, #1
 625              	.LVL48:
 626              	.L42:
 796:Middlewares/Third_Party/LwIP/src/core/dns.c ****         ++n;
 627              		.loc 1 796 36 discriminator 1 view .LVU170
 796:Middlewares/Third_Party/LwIP/src/core/dns.c ****         ++n;
 628              		.loc 1 796 19 is_stmt 0 discriminator 1 view .LVU171
 629 00ca 3B78     		ldrb	r3, [r7]	@ zero_extendqisi2
 796:Middlewares/Third_Party/LwIP/src/core/dns.c ****         ++n;
 630              		.loc 1 796 36 discriminator 1 view .LVU172
 631 00cc 2E2B     		cmp	r3, #46
 632 00ce 01D0     		beq	.L43
 796:Middlewares/Third_Party/LwIP/src/core/dns.c ****         ++n;
 633              		.loc 1 796 36 discriminator 3 view .LVU173
 634 00d0 002B     		cmp	r3, #0
 635 00d2 F7D1     		bne	.L44
 636              	.L43:
 799:Middlewares/Third_Party/LwIP/src/core/dns.c ****       if (query_idx + n + 1 > 0xFFFF) {
 637              		.loc 1 799 7 is_stmt 1 view .LVU174
 799:Middlewares/Third_Party/LwIP/src/core/dns.c ****       if (query_idx + n + 1 > 0xFFFF) {
 638              		.loc 1 799 35 is_stmt 0 view .LVU175
ARM GAS  /tmp/ccMnJyjS.s 			page 35


 639 00d4 A7EB090A 		sub	r10, r7, r9
 799:Middlewares/Third_Party/LwIP/src/core/dns.c ****       if (query_idx + n + 1 > 0xFFFF) {
 640              		.loc 1 799 16 view .LVU176
 641 00d8 1FFA8AFA 		uxth	r10, r10
 642              	.LVL49:
 800:Middlewares/Third_Party/LwIP/src/core/dns.c ****         /* u16_t overflow */
 643              		.loc 1 800 7 is_stmt 1 view .LVU177
 800:Middlewares/Third_Party/LwIP/src/core/dns.c ****         /* u16_t overflow */
 644              		.loc 1 800 21 is_stmt 0 view .LVU178
 645 00dc 08EB0402 		add	r2, r8, r4
 800:Middlewares/Third_Party/LwIP/src/core/dns.c ****         /* u16_t overflow */
 646              		.loc 1 800 10 view .LVU179
 647 00e0 4FF6FE73 		movw	r3, #65534
 648 00e4 9A42     		cmp	r2, r3
 649 00e6 18DC     		bgt	.L51
 804:Middlewares/Third_Party/LwIP/src/core/dns.c ****       pbuf_take_at(p, hostname_part, copy_len, (u16_t)(query_idx + 1));
 650              		.loc 1 804 7 is_stmt 1 view .LVU180
 651 00e8 2246     		mov	r2, r4
 652 00ea 4146     		mov	r1, r8
 653 00ec 2846     		mov	r0, r5
 654 00ee FFF7FEFF 		bl	pbuf_put_at
 655              	.LVL50:
 805:Middlewares/Third_Party/LwIP/src/core/dns.c ****       query_idx = (u16_t)(query_idx + n + 1);
 656              		.loc 1 805 7 view .LVU181
 657 00f2 08F10103 		add	r3, r8, #1
 658 00f6 9BB2     		uxth	r3, r3
 659 00f8 5246     		mov	r2, r10
 660 00fa 4946     		mov	r1, r9
 661 00fc 2846     		mov	r0, r5
 662 00fe FFF7FEFF 		bl	pbuf_take_at
 663              	.LVL51:
 806:Middlewares/Third_Party/LwIP/src/core/dns.c ****     } while (*hostname != 0);
 664              		.loc 1 806 7 view .LVU182
 806:Middlewares/Third_Party/LwIP/src/core/dns.c ****     } while (*hostname != 0);
 665              		.loc 1 806 37 is_stmt 0 view .LVU183
 666 0102 4444     		add	r4, r4, r8
 667              	.LVL52:
 806:Middlewares/Third_Party/LwIP/src/core/dns.c ****     } while (*hostname != 0);
 668              		.loc 1 806 37 view .LVU184
 669 0104 A4B2     		uxth	r4, r4
 806:Middlewares/Third_Party/LwIP/src/core/dns.c ****     } while (*hostname != 0);
 670              		.loc 1 806 17 view .LVU185
 671 0106 04F10108 		add	r8, r4, #1
 672              	.LVL53:
 806:Middlewares/Third_Party/LwIP/src/core/dns.c ****     } while (*hostname != 0);
 673              		.loc 1 806 17 view .LVU186
 674 010a 1FFA88F8 		uxth	r8, r8
 675              	.LVL54:
 807:Middlewares/Third_Party/LwIP/src/core/dns.c ****     pbuf_put_at(p, query_idx, 0);
 676              		.loc 1 807 24 is_stmt 1 view .LVU187
 807:Middlewares/Third_Party/LwIP/src/core/dns.c ****     pbuf_put_at(p, query_idx, 0);
 677              		.loc 1 807 14 is_stmt 0 view .LVU188
 678 010e 3B78     		ldrb	r3, [r7]	@ zero_extendqisi2
 807:Middlewares/Third_Party/LwIP/src/core/dns.c ****     pbuf_put_at(p, query_idx, 0);
 679              		.loc 1 807 24 view .LVU189
 680 0110 4BB1     		cbz	r3, .L52
 681              	.LVL55:
ARM GAS  /tmp/ccMnJyjS.s 			page 36


 682              	.L46:
 793:Middlewares/Third_Party/LwIP/src/core/dns.c ****       ++hostname;
 683              		.loc 1 793 5 is_stmt 1 view .LVU190
 794:Middlewares/Third_Party/LwIP/src/core/dns.c ****       hostname_part = hostname;
 684              		.loc 1 794 7 view .LVU191
 685 0112 0137     		adds	r7, r7, #1
 686              	.LVL56:
 795:Middlewares/Third_Party/LwIP/src/core/dns.c ****       for (n = 0; *hostname != '.' && *hostname != 0; ++hostname) {
 687              		.loc 1 795 7 view .LVU192
 796:Middlewares/Third_Party/LwIP/src/core/dns.c ****         ++n;
 688              		.loc 1 796 7 view .LVU193
 794:Middlewares/Third_Party/LwIP/src/core/dns.c ****       hostname_part = hostname;
 689              		.loc 1 794 7 is_stmt 0 view .LVU194
 690 0114 B946     		mov	r9, r7
 796:Middlewares/Third_Party/LwIP/src/core/dns.c ****         ++n;
 691              		.loc 1 796 14 view .LVU195
 692 0116 0024     		movs	r4, #0
 796:Middlewares/Third_Party/LwIP/src/core/dns.c ****         ++n;
 693              		.loc 1 796 7 view .LVU196
 694 0118 D7E7     		b	.L42
 695              	.LVL57:
 696              	.L51:
 802:Middlewares/Third_Party/LwIP/src/core/dns.c ****       }
 697              		.loc 1 802 9 is_stmt 1 view .LVU197
 698              	.LDL1:
 699              	.LBE3:
 860:Middlewares/Third_Party/LwIP/src/core/dns.c ****   return ERR_VAL;
 700              		.loc 1 860 3 view .LVU198
 701 011a 2846     		mov	r0, r5
 702 011c FFF7FEFF 		bl	pbuf_free
 703              	.LVL58:
 861:Middlewares/Third_Party/LwIP/src/core/dns.c **** }
 704              		.loc 1 861 3 view .LVU199
 861:Middlewares/Third_Party/LwIP/src/core/dns.c **** }
 705              		.loc 1 861 10 is_stmt 0 view .LVU200
 706 0120 6FF00504 		mvn	r4, #5
 707              	.LVL59:
 861:Middlewares/Third_Party/LwIP/src/core/dns.c **** }
 708              		.loc 1 861 10 view .LVU201
 709 0124 CAE7     		b	.L41
 710              	.L52:
 711              	.LBB4:
 808:Middlewares/Third_Party/LwIP/src/core/dns.c ****     query_idx++;
 712              		.loc 1 808 5 is_stmt 1 view .LVU202
 713 0126 0022     		movs	r2, #0
 714 0128 4146     		mov	r1, r8
 715 012a 2846     		mov	r0, r5
 716 012c FFF7FEFF 		bl	pbuf_put_at
 717              	.LVL60:
 809:Middlewares/Third_Party/LwIP/src/core/dns.c **** 
 718              		.loc 1 809 5 view .LVU203
 809:Middlewares/Third_Party/LwIP/src/core/dns.c **** 
 719              		.loc 1 809 14 is_stmt 0 view .LVU204
 720 0130 A31C     		adds	r3, r4, #2
 721              	.LVL61:
 812:Middlewares/Third_Party/LwIP/src/core/dns.c ****       qry.type = PP_HTONS(DNS_RRTYPE_AAAA);
 722              		.loc 1 812 5 is_stmt 1 view .LVU205
ARM GAS  /tmp/ccMnJyjS.s 			page 37


 815:Middlewares/Third_Party/LwIP/src/core/dns.c ****     }
 723              		.loc 1 815 7 view .LVU206
 815:Middlewares/Third_Party/LwIP/src/core/dns.c ****     }
 724              		.loc 1 815 16 is_stmt 0 view .LVU207
 725 0132 4FF48072 		mov	r2, #256
 726 0136 ADF80020 		strh	r2, [sp]	@ movhi
 817:Middlewares/Third_Party/LwIP/src/core/dns.c ****     pbuf_take_at(p, &qry, SIZEOF_DNS_QUERY, query_idx);
 727              		.loc 1 817 5 is_stmt 1 view .LVU208
 817:Middlewares/Third_Party/LwIP/src/core/dns.c ****     pbuf_take_at(p, &qry, SIZEOF_DNS_QUERY, query_idx);
 728              		.loc 1 817 13 is_stmt 0 view .LVU209
 729 013a ADF80220 		strh	r2, [sp, #2]	@ movhi
 818:Middlewares/Third_Party/LwIP/src/core/dns.c **** 
 730              		.loc 1 818 5 is_stmt 1 view .LVU210
 731 013e 9BB2     		uxth	r3, r3
 818:Middlewares/Third_Party/LwIP/src/core/dns.c **** 
 732              		.loc 1 818 5 is_stmt 0 view .LVU211
 733 0140 0422     		movs	r2, #4
 734 0142 6946     		mov	r1, sp
 735 0144 2846     		mov	r0, r5
 736 0146 FFF7FEFF 		bl	pbuf_take_at
 737              	.LVL62:
 821:Middlewares/Third_Party/LwIP/src/core/dns.c **** #else
 738              		.loc 1 821 5 is_stmt 1 view .LVU212
 821:Middlewares/Third_Party/LwIP/src/core/dns.c **** #else
 739              		.loc 1 821 13 is_stmt 0 view .LVU213
 740 014a 0C4B     		ldr	r3, .L53
 741 014c 06EB0612 		add	r2, r6, r6, lsl #4
 742 0150 03EB0212 		add	r2, r3, r2, lsl #4
 743 0154 D47B     		ldrb	r4, [r2, #15]	@ zero_extendqisi2
 744              	.LVL63:
 826:Middlewares/Third_Party/LwIP/src/core/dns.c ****                             entry->txid, entry->name, entry->server_idx));
 745              		.loc 1 826 5 is_stmt 1 view .LVU214
 826:Middlewares/Third_Party/LwIP/src/core/dns.c ****                             entry->txid, entry->name, entry->server_idx));
 746              		.loc 1 826 5 view .LVU215
 826:Middlewares/Third_Party/LwIP/src/core/dns.c ****                             entry->txid, entry->name, entry->server_idx));
 747              		.loc 1 826 5 discriminator 4 view .LVU216
 847:Middlewares/Third_Party/LwIP/src/core/dns.c ****       dst = &dns_servers[entry->server_idx];
 748              		.loc 1 847 7 view .LVU217
 848:Middlewares/Third_Party/LwIP/src/core/dns.c ****     }
 749              		.loc 1 848 7 view .LVU218
 848:Middlewares/Third_Party/LwIP/src/core/dns.c ****     }
 750              		.loc 1 848 31 is_stmt 0 view .LVU219
 751 0156 D17A     		ldrb	r1, [r2, #11]	@ zero_extendqisi2
 752              	.LVL64:
 850:Middlewares/Third_Party/LwIP/src/core/dns.c **** 
 753              		.loc 1 850 5 is_stmt 1 view .LVU220
 850:Middlewares/Third_Party/LwIP/src/core/dns.c **** 
 754              		.loc 1 850 11 is_stmt 0 view .LVU221
 755 0158 3523     		movs	r3, #53
 756 015a 094A     		ldr	r2, .L53+4
 757              	.LVL65:
 850:Middlewares/Third_Party/LwIP/src/core/dns.c **** 
 758              		.loc 1 850 11 view .LVU222
 759 015c 02EB8102 		add	r2, r2, r1, lsl #2
 760              	.LVL66:
 850:Middlewares/Third_Party/LwIP/src/core/dns.c **** 
 761              		.loc 1 850 11 view .LVU223
ARM GAS  /tmp/ccMnJyjS.s 			page 38


 762 0160 2946     		mov	r1, r5
 763 0162 0B48     		ldr	r0, .L53+20
 764 0164 50F82400 		ldr	r0, [r0, r4, lsl #2]
 765 0168 FFF7FEFF 		bl	udp_sendto
 766              	.LVL67:
 850:Middlewares/Third_Party/LwIP/src/core/dns.c **** 
 767              		.loc 1 850 11 view .LVU224
 768 016c 0446     		mov	r4, r0
 769              	.LVL68:
 853:Middlewares/Third_Party/LwIP/src/core/dns.c ****   } else {
 770              		.loc 1 853 5 is_stmt 1 view .LVU225
 771 016e 2846     		mov	r0, r5
 772 0170 FFF7FEFF 		bl	pbuf_free
 773              	.LVL69:
 774              	.LBE4:
 775 0174 A2E7     		b	.L41
 776              	.LVL70:
 777              	.L47:
 855:Middlewares/Third_Party/LwIP/src/core/dns.c ****   }
 778              		.loc 1 855 9 is_stmt 0 view .LVU226
 779 0176 4FF0FF34 		mov	r4, #-1
 780 017a 9FE7     		b	.L41
 781              	.L54:
 782              		.align	2
 783              	.L53:
 784 017c 00000000 		.word	dns_table
 785 0180 00000000 		.word	dns_servers
 786 0184 00000000 		.word	.LC0
 787 0188 2C000000 		.word	.LC1
 788 018c 44000000 		.word	.LC2
 789 0190 00000000 		.word	dns_pcbs
 790              		.cfi_endproc
 791              	.LFE163:
 793              		.section	.rodata.dns_check_entry.str1.4,"aMS",%progbits,1
 794              		.align	2
 795              	.LC3:
 796 0000 61727261 		.ascii	"array index out of bounds\000"
 796      7920696E 
 796      64657820 
 796      6F757420 
 796      6F662062 
 797 001a 0000     		.align	2
 798              	.LC4:
 799 001c 756E6B6E 		.ascii	"unknown dns_table entry state:\000"
 799      6F776E20 
 799      646E735F 
 799      7461626C 
 799      6520656E 
 800              		.section	.text.dns_check_entry,"ax",%progbits
 801              		.align	1
 802              		.syntax unified
 803              		.thumb
 804              		.thumb_func
 806              	dns_check_entry:
 807              	.LVL71:
 808              	.LFB169:
1048:Middlewares/Third_Party/LwIP/src/core/dns.c ****   err_t err;
ARM GAS  /tmp/ccMnJyjS.s 			page 39


 809              		.loc 1 1048 1 is_stmt 1 view -0
 810              		.cfi_startproc
 811              		@ args = 0, pretend = 0, frame = 0
 812              		@ frame_needed = 0, uses_anonymous_args = 0
1048:Middlewares/Third_Party/LwIP/src/core/dns.c ****   err_t err;
 813              		.loc 1 1048 1 is_stmt 0 view .LVU228
 814 0000 38B5     		push	{r3, r4, r5, lr}
 815              	.LCFI7:
 816              		.cfi_def_cfa_offset 16
 817              		.cfi_offset 3, -16
 818              		.cfi_offset 4, -12
 819              		.cfi_offset 5, -8
 820              		.cfi_offset 14, -4
 821 0002 0446     		mov	r4, r0
1049:Middlewares/Third_Party/LwIP/src/core/dns.c ****   struct dns_table_entry *entry = &dns_table[i];
 822              		.loc 1 1049 3 is_stmt 1 view .LVU229
1050:Middlewares/Third_Party/LwIP/src/core/dns.c **** 
 823              		.loc 1 1050 3 view .LVU230
1050:Middlewares/Third_Party/LwIP/src/core/dns.c **** 
 824              		.loc 1 1050 27 is_stmt 0 view .LVU231
 825 0004 00EB0012 		add	r2, r0, r0, lsl #4
 826 0008 474D     		ldr	r5, .L71
 827 000a 05EB0215 		add	r5, r5, r2, lsl #4
 828              	.LVL72:
1052:Middlewares/Third_Party/LwIP/src/core/dns.c **** 
 829              		.loc 1 1052 3 is_stmt 1 view .LVU232
1052:Middlewares/Third_Party/LwIP/src/core/dns.c **** 
 830              		.loc 1 1052 3 view .LVU233
 831 000e 0328     		cmp	r0, #3
 832 0010 0BD8     		bhi	.L69
 833              	.LVL73:
 834              	.L56:
1052:Middlewares/Third_Party/LwIP/src/core/dns.c **** 
 835              		.loc 1 1052 3 discriminator 3 view .LVU234
1052:Middlewares/Third_Party/LwIP/src/core/dns.c **** 
 836              		.loc 1 1052 3 discriminator 3 view .LVU235
1054:Middlewares/Third_Party/LwIP/src/core/dns.c ****     case DNS_STATE_NEW:
 837              		.loc 1 1054 3 view .LVU236
1054:Middlewares/Third_Party/LwIP/src/core/dns.c ****     case DNS_STATE_NEW:
 838              		.loc 1 1054 16 is_stmt 0 view .LVU237
 839 0012 04EB0412 		add	r2, r4, r4, lsl #4
 840 0016 444B     		ldr	r3, .L71
 841 0018 03EB0213 		add	r3, r3, r2, lsl #4
 842 001c 9B7A     		ldrb	r3, [r3, #10]	@ zero_extendqisi2
1054:Middlewares/Third_Party/LwIP/src/core/dns.c ****     case DNS_STATE_NEW:
 843              		.loc 1 1054 3 view .LVU238
 844 001e 032B     		cmp	r3, #3
 845 0020 79D8     		bhi	.L57
 846 0022 DFE803F0 		tbb	[pc, r3]
 847              	.L59:
 848 0026 20       		.byte	(.L55-.L59)/2
 849 0027 0A       		.byte	(.L61-.L59)/2
 850 0028 21       		.byte	(.L60-.L59)/2
 851 0029 62       		.byte	(.L58-.L59)/2
 852              	.LVL74:
 853              		.p2align 1
 854              	.L69:
ARM GAS  /tmp/ccMnJyjS.s 			page 40


1052:Middlewares/Third_Party/LwIP/src/core/dns.c **** 
 855              		.loc 1 1052 3 is_stmt 1 discriminator 1 view .LVU239
1052:Middlewares/Third_Party/LwIP/src/core/dns.c **** 
 856              		.loc 1 1052 3 discriminator 1 view .LVU240
 857 002a 404B     		ldr	r3, .L71+4
 858 002c 40F21C42 		movw	r2, #1052
 859 0030 3F49     		ldr	r1, .L71+8
 860 0032 4048     		ldr	r0, .L71+12
 861              	.LVL75:
1052:Middlewares/Third_Party/LwIP/src/core/dns.c **** 
 862              		.loc 1 1052 3 is_stmt 0 discriminator 1 view .LVU241
 863 0034 FFF7FEFF 		bl	printf
 864              	.LVL76:
 865 0038 EBE7     		b	.L56
 866              	.L61:
1057:Middlewares/Third_Party/LwIP/src/core/dns.c ****       entry->state = DNS_STATE_ASKING;
 867              		.loc 1 1057 7 is_stmt 1 view .LVU242
1057:Middlewares/Third_Party/LwIP/src/core/dns.c ****       entry->state = DNS_STATE_ASKING;
 868              		.loc 1 1057 21 is_stmt 0 view .LVU243
 869 003a FFF7FEFF 		bl	dns_create_txid
 870              	.LVL77:
1057:Middlewares/Third_Party/LwIP/src/core/dns.c ****       entry->state = DNS_STATE_ASKING;
 871              		.loc 1 1057 19 discriminator 1 view .LVU244
 872 003e 3A4A     		ldr	r2, .L71
 873 0040 04EB0413 		add	r3, r4, r4, lsl #4
 874 0044 02EB0313 		add	r3, r2, r3, lsl #4
 875 0048 1881     		strh	r0, [r3, #8]	@ movhi
1058:Middlewares/Third_Party/LwIP/src/core/dns.c ****       entry->server_idx = 0;
 876              		.loc 1 1058 7 is_stmt 1 view .LVU245
1058:Middlewares/Third_Party/LwIP/src/core/dns.c ****       entry->server_idx = 0;
 877              		.loc 1 1058 20 is_stmt 0 view .LVU246
 878 004a 0221     		movs	r1, #2
 879 004c 9972     		strb	r1, [r3, #10]
1059:Middlewares/Third_Party/LwIP/src/core/dns.c ****       entry->tmr = 1;
 880              		.loc 1 1059 7 is_stmt 1 view .LVU247
1059:Middlewares/Third_Party/LwIP/src/core/dns.c ****       entry->tmr = 1;
 881              		.loc 1 1059 25 is_stmt 0 view .LVU248
 882 004e 0021     		movs	r1, #0
 883 0050 D972     		strb	r1, [r3, #11]
1060:Middlewares/Third_Party/LwIP/src/core/dns.c ****       entry->retries = 0;
 884              		.loc 1 1060 7 is_stmt 1 view .LVU249
1060:Middlewares/Third_Party/LwIP/src/core/dns.c ****       entry->retries = 0;
 885              		.loc 1 1060 18 is_stmt 0 view .LVU250
 886 0052 0120     		movs	r0, #1
 887 0054 1873     		strb	r0, [r3, #12]
1061:Middlewares/Third_Party/LwIP/src/core/dns.c **** 
 888              		.loc 1 1061 7 is_stmt 1 view .LVU251
1061:Middlewares/Third_Party/LwIP/src/core/dns.c **** 
 889              		.loc 1 1061 22 is_stmt 0 view .LVU252
 890 0056 04EB0413 		add	r3, r4, r4, lsl #4
 891 005a 02EB0312 		add	r2, r2, r3, lsl #4
 892 005e 5173     		strb	r1, [r2, #13]
1064:Middlewares/Third_Party/LwIP/src/core/dns.c ****       if (err != ERR_OK) {
 893              		.loc 1 1064 7 is_stmt 1 view .LVU253
1064:Middlewares/Third_Party/LwIP/src/core/dns.c ****       if (err != ERR_OK) {
 894              		.loc 1 1064 13 is_stmt 0 view .LVU254
 895 0060 2046     		mov	r0, r4
ARM GAS  /tmp/ccMnJyjS.s 			page 41


 896 0062 FFF7FEFF 		bl	dns_send
 897              	.LVL78:
1065:Middlewares/Third_Party/LwIP/src/core/dns.c ****         LWIP_DEBUGF(DNS_DEBUG | LWIP_DBG_LEVEL_WARNING,
 898              		.loc 1 1065 7 is_stmt 1 view .LVU255
1066:Middlewares/Third_Party/LwIP/src/core/dns.c ****                     ("dns_send returned error: %s\n", lwip_strerr(err)));
 899              		.loc 1 1066 9 view .LVU256
1066:Middlewares/Third_Party/LwIP/src/core/dns.c ****                     ("dns_send returned error: %s\n", lwip_strerr(err)));
 900              		.loc 1 1066 9 view .LVU257
1066:Middlewares/Third_Party/LwIP/src/core/dns.c ****                     ("dns_send returned error: %s\n", lwip_strerr(err)));
 901              		.loc 1 1066 9 discriminator 4 view .LVU258
1069:Middlewares/Third_Party/LwIP/src/core/dns.c ****     case DNS_STATE_ASKING:
 902              		.loc 1 1069 7 view .LVU259
 903              	.L55:
1118:Middlewares/Third_Party/LwIP/src/core/dns.c **** 
 904              		.loc 1 1118 1 is_stmt 0 view .LVU260
 905 0066 38BD     		pop	{r3, r4, r5, pc}
 906              	.LVL79:
 907              	.L60:
1071:Middlewares/Third_Party/LwIP/src/core/dns.c ****         if (++entry->retries == DNS_MAX_RETRIES) {
 908              		.loc 1 1071 7 is_stmt 1 view .LVU261
1071:Middlewares/Third_Party/LwIP/src/core/dns.c ****         if (++entry->retries == DNS_MAX_RETRIES) {
 909              		.loc 1 1071 18 is_stmt 0 view .LVU262
 910 0068 04EB0413 		add	r3, r4, r4, lsl #4
 911 006c 2E4A     		ldr	r2, .L71
 912 006e 02EB0312 		add	r2, r2, r3, lsl #4
 913 0072 137B     		ldrb	r3, [r2, #12]	@ zero_extendqisi2
1071:Middlewares/Third_Party/LwIP/src/core/dns.c ****         if (++entry->retries == DNS_MAX_RETRIES) {
 914              		.loc 1 1071 11 view .LVU263
 915 0074 013B     		subs	r3, r3, #1
 916 0076 DBB2     		uxtb	r3, r3
1071:Middlewares/Third_Party/LwIP/src/core/dns.c ****         if (++entry->retries == DNS_MAX_RETRIES) {
 917              		.loc 1 1071 10 view .LVU264
 918 0078 1373     		strb	r3, [r2, #12]
 919 007a 002B     		cmp	r3, #0
 920 007c F3D1     		bne	.L55
1072:Middlewares/Third_Party/LwIP/src/core/dns.c ****           if (dns_backupserver_available(entry)
 921              		.loc 1 1072 9 is_stmt 1 view .LVU265
1072:Middlewares/Third_Party/LwIP/src/core/dns.c ****           if (dns_backupserver_available(entry)
 922              		.loc 1 1072 20 is_stmt 0 view .LVU266
 923 007e 04EB0413 		add	r3, r4, r4, lsl #4
 924 0082 294A     		ldr	r2, .L71
 925 0084 02EB0312 		add	r2, r2, r3, lsl #4
 926 0088 537B     		ldrb	r3, [r2, #13]	@ zero_extendqisi2
1072:Middlewares/Third_Party/LwIP/src/core/dns.c ****           if (dns_backupserver_available(entry)
 927              		.loc 1 1072 13 view .LVU267
 928 008a 0133     		adds	r3, r3, #1
 929 008c DBB2     		uxtb	r3, r3
1072:Middlewares/Third_Party/LwIP/src/core/dns.c ****           if (dns_backupserver_available(entry)
 930              		.loc 1 1072 12 view .LVU268
 931 008e 5373     		strb	r3, [r2, #13]
 932 0090 042B     		cmp	r3, #4
 933 0092 09D0     		beq	.L70
1092:Middlewares/Third_Party/LwIP/src/core/dns.c ****         }
 934              		.loc 1 1092 11 is_stmt 1 view .LVU269
1092:Middlewares/Third_Party/LwIP/src/core/dns.c ****         }
 935              		.loc 1 1092 22 is_stmt 0 view .LVU270
 936 0094 04EB0411 		add	r1, r4, r4, lsl #4
ARM GAS  /tmp/ccMnJyjS.s 			page 42


 937 0098 234A     		ldr	r2, .L71
 938 009a 02EB0112 		add	r2, r2, r1, lsl #4
 939 009e 1373     		strb	r3, [r2, #12]
 940              	.L65:
1096:Middlewares/Third_Party/LwIP/src/core/dns.c ****         if (err != ERR_OK) {
 941              		.loc 1 1096 9 is_stmt 1 view .LVU271
1096:Middlewares/Third_Party/LwIP/src/core/dns.c ****         if (err != ERR_OK) {
 942              		.loc 1 1096 15 is_stmt 0 view .LVU272
 943 00a0 2046     		mov	r0, r4
 944 00a2 FFF7FEFF 		bl	dns_send
 945              	.LVL80:
1097:Middlewares/Third_Party/LwIP/src/core/dns.c ****           LWIP_DEBUGF(DNS_DEBUG | LWIP_DBG_LEVEL_WARNING,
 946              		.loc 1 1097 9 is_stmt 1 view .LVU273
1098:Middlewares/Third_Party/LwIP/src/core/dns.c ****                       ("dns_send returned error: %s\n", lwip_strerr(err)));
 947              		.loc 1 1098 11 view .LVU274
1098:Middlewares/Third_Party/LwIP/src/core/dns.c ****                       ("dns_send returned error: %s\n", lwip_strerr(err)));
 948              		.loc 1 1098 11 view .LVU275
 949 00a6 DEE7     		b	.L55
 950              	.L70:
1073:Middlewares/Third_Party/LwIP/src/core/dns.c **** #if LWIP_DNS_SUPPORT_MDNS_QUERIES
 951              		.loc 1 1073 11 view .LVU276
1073:Middlewares/Third_Party/LwIP/src/core/dns.c **** #if LWIP_DNS_SUPPORT_MDNS_QUERIES
 952              		.loc 1 1073 15 is_stmt 0 view .LVU277
 953 00a8 2846     		mov	r0, r5
 954 00aa FFF7FEFF 		bl	dns_backupserver_available
 955              	.LVL81:
1073:Middlewares/Third_Party/LwIP/src/core/dns.c **** #if LWIP_DNS_SUPPORT_MDNS_QUERIES
 956              		.loc 1 1073 14 discriminator 1 view .LVU278
 957 00ae 80B1     		cbz	r0, .L64
1079:Middlewares/Third_Party/LwIP/src/core/dns.c ****             entry->tmr = 1;
 958              		.loc 1 1079 13 is_stmt 1 view .LVU279
1079:Middlewares/Third_Party/LwIP/src/core/dns.c ****             entry->tmr = 1;
 959              		.loc 1 1079 18 is_stmt 0 view .LVU280
 960 00b0 1D4A     		ldr	r2, .L71
 961 00b2 04EB0413 		add	r3, r4, r4, lsl #4
 962 00b6 02EB0313 		add	r3, r2, r3, lsl #4
 963 00ba D97A     		ldrb	r1, [r3, #11]	@ zero_extendqisi2
1079:Middlewares/Third_Party/LwIP/src/core/dns.c ****             entry->tmr = 1;
 964              		.loc 1 1079 30 view .LVU281
 965 00bc 0131     		adds	r1, r1, #1
 966 00be D972     		strb	r1, [r3, #11]
1080:Middlewares/Third_Party/LwIP/src/core/dns.c ****             entry->retries = 0;
 967              		.loc 1 1080 13 is_stmt 1 view .LVU282
1080:Middlewares/Third_Party/LwIP/src/core/dns.c ****             entry->retries = 0;
 968              		.loc 1 1080 24 is_stmt 0 view .LVU283
 969 00c0 0121     		movs	r1, #1
 970 00c2 1973     		strb	r1, [r3, #12]
1081:Middlewares/Third_Party/LwIP/src/core/dns.c ****           } else {
 971              		.loc 1 1081 13 is_stmt 1 view .LVU284
1081:Middlewares/Third_Party/LwIP/src/core/dns.c ****           } else {
 972              		.loc 1 1081 28 is_stmt 0 view .LVU285
 973 00c4 04EB0413 		add	r3, r4, r4, lsl #4
 974 00c8 02EB0312 		add	r2, r2, r3, lsl #4
 975 00cc 0023     		movs	r3, #0
 976 00ce 5373     		strb	r3, [r2, #13]
 977 00d0 E6E7     		b	.L65
 978              	.L64:
ARM GAS  /tmp/ccMnJyjS.s 			page 43


1083:Middlewares/Third_Party/LwIP/src/core/dns.c ****             /* call specified callback function if provided */
 979              		.loc 1 1083 13 is_stmt 1 view .LVU286
1083:Middlewares/Third_Party/LwIP/src/core/dns.c ****             /* call specified callback function if provided */
 980              		.loc 1 1083 13 view .LVU287
1083:Middlewares/Third_Party/LwIP/src/core/dns.c ****             /* call specified callback function if provided */
 981              		.loc 1 1083 13 discriminator 4 view .LVU288
1085:Middlewares/Third_Party/LwIP/src/core/dns.c ****             /* flush this entry */
 982              		.loc 1 1085 13 view .LVU289
 983 00d2 0021     		movs	r1, #0
 984 00d4 2046     		mov	r0, r4
 985 00d6 FFF7FEFF 		bl	dns_call_found
 986              	.LVL82:
1087:Middlewares/Third_Party/LwIP/src/core/dns.c ****             break;
 987              		.loc 1 1087 13 view .LVU290
1087:Middlewares/Third_Party/LwIP/src/core/dns.c ****             break;
 988              		.loc 1 1087 26 is_stmt 0 view .LVU291
 989 00da 04EB0414 		add	r4, r4, r4, lsl #4
 990 00de 124B     		ldr	r3, .L71
 991 00e0 03EB0413 		add	r3, r3, r4, lsl #4
 992 00e4 0022     		movs	r2, #0
 993 00e6 9A72     		strb	r2, [r3, #10]
1088:Middlewares/Third_Party/LwIP/src/core/dns.c ****           }
 994              		.loc 1 1088 13 is_stmt 1 view .LVU292
 995 00e8 BDE7     		b	.L55
 996              	.L58:
1105:Middlewares/Third_Party/LwIP/src/core/dns.c ****         LWIP_DEBUGF(DNS_DEBUG, ("dns_check_entry: \"%s\": flush\n", entry->name));
 997              		.loc 1 1105 7 view .LVU293
1105:Middlewares/Third_Party/LwIP/src/core/dns.c ****         LWIP_DEBUGF(DNS_DEBUG, ("dns_check_entry: \"%s\": flush\n", entry->name));
 998              		.loc 1 1105 17 is_stmt 0 view .LVU294
 999 00ea 04EB0413 		add	r3, r4, r4, lsl #4
 1000 00ee 1B01     		lsls	r3, r3, #4
 1001 00f0 0D4A     		ldr	r2, .L71
 1002 00f2 D358     		ldr	r3, [r2, r3]
1105:Middlewares/Third_Party/LwIP/src/core/dns.c ****         LWIP_DEBUGF(DNS_DEBUG, ("dns_check_entry: \"%s\": flush\n", entry->name));
 1003              		.loc 1 1105 10 view .LVU295
 1004 00f4 3BB1     		cbz	r3, .L66
1105:Middlewares/Third_Party/LwIP/src/core/dns.c ****         LWIP_DEBUGF(DNS_DEBUG, ("dns_check_entry: \"%s\": flush\n", entry->name));
 1005              		.loc 1 1105 33 discriminator 1 view .LVU296
 1006 00f6 013B     		subs	r3, r3, #1
1105:Middlewares/Third_Party/LwIP/src/core/dns.c ****         LWIP_DEBUGF(DNS_DEBUG, ("dns_check_entry: \"%s\": flush\n", entry->name));
 1007              		.loc 1 1105 29 discriminator 1 view .LVU297
 1008 00f8 04EB0412 		add	r2, r4, r4, lsl #4
 1009 00fc 1201     		lsls	r2, r2, #4
 1010 00fe 0A49     		ldr	r1, .L71
 1011 0100 8B50     		str	r3, [r1, r2]
 1012 0102 002B     		cmp	r3, #0
 1013 0104 AFD1     		bne	.L55
 1014              	.L66:
1106:Middlewares/Third_Party/LwIP/src/core/dns.c ****         /* flush this entry, there cannot be any related pending entries in this state */
 1015              		.loc 1 1106 9 is_stmt 1 view .LVU298
1106:Middlewares/Third_Party/LwIP/src/core/dns.c ****         /* flush this entry, there cannot be any related pending entries in this state */
 1016              		.loc 1 1106 9 view .LVU299
1106:Middlewares/Third_Party/LwIP/src/core/dns.c ****         /* flush this entry, there cannot be any related pending entries in this state */
 1017              		.loc 1 1106 9 discriminator 4 view .LVU300
1108:Middlewares/Third_Party/LwIP/src/core/dns.c ****       }
 1018              		.loc 1 1108 9 view .LVU301
1108:Middlewares/Third_Party/LwIP/src/core/dns.c ****       }
ARM GAS  /tmp/ccMnJyjS.s 			page 44


 1019              		.loc 1 1108 22 is_stmt 0 view .LVU302
 1020 0106 04EB0414 		add	r4, r4, r4, lsl #4
 1021 010a 074B     		ldr	r3, .L71
 1022 010c 03EB0413 		add	r3, r3, r4, lsl #4
 1023 0110 0022     		movs	r2, #0
 1024 0112 9A72     		strb	r2, [r3, #10]
 1025 0114 A7E7     		b	.L55
 1026              	.L57:
1115:Middlewares/Third_Party/LwIP/src/core/dns.c ****       break;
 1027              		.loc 1 1115 7 is_stmt 1 view .LVU303
1115:Middlewares/Third_Party/LwIP/src/core/dns.c ****       break;
 1028              		.loc 1 1115 7 view .LVU304
1115:Middlewares/Third_Party/LwIP/src/core/dns.c ****       break;
 1029              		.loc 1 1115 7 discriminator 1 view .LVU305
1115:Middlewares/Third_Party/LwIP/src/core/dns.c ****       break;
 1030              		.loc 1 1115 7 discriminator 1 view .LVU306
 1031 0116 054B     		ldr	r3, .L71+4
 1032 0118 40F25B42 		movw	r2, #1115
 1033 011c 0649     		ldr	r1, .L71+16
 1034 011e 0548     		ldr	r0, .L71+12
 1035 0120 FFF7FEFF 		bl	printf
 1036              	.LVL83:
1115:Middlewares/Third_Party/LwIP/src/core/dns.c ****       break;
 1037              		.loc 1 1115 7 discriminator 3 view .LVU307
1115:Middlewares/Third_Party/LwIP/src/core/dns.c ****       break;
 1038              		.loc 1 1115 7 discriminator 3 view .LVU308
1116:Middlewares/Third_Party/LwIP/src/core/dns.c ****   }
 1039              		.loc 1 1116 7 view .LVU309
1118:Middlewares/Third_Party/LwIP/src/core/dns.c **** 
 1040              		.loc 1 1118 1 is_stmt 0 view .LVU310
 1041 0124 9FE7     		b	.L55
 1042              	.L72:
 1043 0126 00BF     		.align	2
 1044              	.L71:
 1045 0128 00000000 		.word	dns_table
 1046 012c 00000000 		.word	.LC0
 1047 0130 00000000 		.word	.LC3
 1048 0134 44000000 		.word	.LC2
 1049 0138 1C000000 		.word	.LC4
 1050              		.cfi_endproc
 1051              	.LFE169:
 1053              		.section	.text.dns_check_entries,"ax",%progbits
 1054              		.align	1
 1055              		.syntax unified
 1056              		.thumb
 1057              		.thumb_func
 1059              	dns_check_entries:
 1060              	.LFB170:
1125:Middlewares/Third_Party/LwIP/src/core/dns.c ****   u8_t i;
 1061              		.loc 1 1125 1 is_stmt 1 view -0
 1062              		.cfi_startproc
 1063              		@ args = 0, pretend = 0, frame = 0
 1064              		@ frame_needed = 0, uses_anonymous_args = 0
 1065 0000 10B5     		push	{r4, lr}
 1066              	.LCFI8:
 1067              		.cfi_def_cfa_offset 8
 1068              		.cfi_offset 4, -8
ARM GAS  /tmp/ccMnJyjS.s 			page 45


 1069              		.cfi_offset 14, -4
1126:Middlewares/Third_Party/LwIP/src/core/dns.c **** 
 1070              		.loc 1 1126 3 view .LVU312
1128:Middlewares/Third_Party/LwIP/src/core/dns.c ****     dns_check_entry(i);
 1071              		.loc 1 1128 3 view .LVU313
 1072              	.LVL84:
1128:Middlewares/Third_Party/LwIP/src/core/dns.c ****     dns_check_entry(i);
 1073              		.loc 1 1128 10 is_stmt 0 view .LVU314
 1074 0002 0024     		movs	r4, #0
1128:Middlewares/Third_Party/LwIP/src/core/dns.c ****     dns_check_entry(i);
 1075              		.loc 1 1128 3 view .LVU315
 1076 0004 04E0     		b	.L74
 1077              	.LVL85:
 1078              	.L75:
1129:Middlewares/Third_Party/LwIP/src/core/dns.c ****   }
 1079              		.loc 1 1129 5 is_stmt 1 view .LVU316
 1080 0006 2046     		mov	r0, r4
 1081 0008 FFF7FEFF 		bl	dns_check_entry
 1082              	.LVL86:
1128:Middlewares/Third_Party/LwIP/src/core/dns.c ****     dns_check_entry(i);
 1083              		.loc 1 1128 35 discriminator 3 view .LVU317
 1084 000c 0134     		adds	r4, r4, #1
 1085              	.LVL87:
1128:Middlewares/Third_Party/LwIP/src/core/dns.c ****     dns_check_entry(i);
 1086              		.loc 1 1128 35 is_stmt 0 discriminator 3 view .LVU318
 1087 000e E4B2     		uxtb	r4, r4
 1088              	.LVL88:
 1089              	.L74:
1128:Middlewares/Third_Party/LwIP/src/core/dns.c ****     dns_check_entry(i);
 1090              		.loc 1 1128 17 is_stmt 1 discriminator 1 view .LVU319
 1091 0010 032C     		cmp	r4, #3
 1092 0012 F8D9     		bls	.L75
1131:Middlewares/Third_Party/LwIP/src/core/dns.c **** 
 1093              		.loc 1 1131 1 is_stmt 0 view .LVU320
 1094 0014 10BD     		pop	{r4, pc}
1131:Middlewares/Third_Party/LwIP/src/core/dns.c **** 
 1095              		.loc 1 1131 1 view .LVU321
 1096              		.cfi_endproc
 1097              	.LFE170:
 1099              		.section	.text.dns_lookup,"ax",%progbits
 1100              		.align	1
 1101              		.syntax unified
 1102              		.thumb
 1103              		.thumb_func
 1105              	dns_lookup:
 1106              	.LVL89:
 1107              	.LFB160:
 603:Middlewares/Third_Party/LwIP/src/core/dns.c ****   u8_t i;
 1108              		.loc 1 603 1 is_stmt 1 view -0
 1109              		.cfi_startproc
 1110              		@ args = 0, pretend = 0, frame = 0
 1111              		@ frame_needed = 0, uses_anonymous_args = 0
 603:Middlewares/Third_Party/LwIP/src/core/dns.c ****   u8_t i;
 1112              		.loc 1 603 1 is_stmt 0 view .LVU323
 1113 0000 70B5     		push	{r4, r5, r6, lr}
 1114              	.LCFI9:
 1115              		.cfi_def_cfa_offset 16
ARM GAS  /tmp/ccMnJyjS.s 			page 46


 1116              		.cfi_offset 4, -16
 1117              		.cfi_offset 5, -12
 1118              		.cfi_offset 6, -8
 1119              		.cfi_offset 14, -4
 1120 0002 0646     		mov	r6, r0
 1121 0004 0D46     		mov	r5, r1
 604:Middlewares/Third_Party/LwIP/src/core/dns.c **** #if DNS_LOCAL_HOSTLIST
 1122              		.loc 1 604 3 is_stmt 1 view .LVU324
 617:Middlewares/Third_Party/LwIP/src/core/dns.c ****     if ((dns_table[i].state == DNS_STATE_DONE) &&
 1123              		.loc 1 617 3 view .LVU325
 1124              	.LVL90:
 617:Middlewares/Third_Party/LwIP/src/core/dns.c ****     if ((dns_table[i].state == DNS_STATE_DONE) &&
 1125              		.loc 1 617 10 is_stmt 0 view .LVU326
 1126 0006 0024     		movs	r4, #0
 617:Middlewares/Third_Party/LwIP/src/core/dns.c ****     if ((dns_table[i].state == DNS_STATE_DONE) &&
 1127              		.loc 1 617 3 view .LVU327
 1128 0008 01E0     		b	.L78
 1129              	.LVL91:
 1130              	.L79:
 617:Middlewares/Third_Party/LwIP/src/core/dns.c ****     if ((dns_table[i].state == DNS_STATE_DONE) &&
 1131              		.loc 1 617 35 is_stmt 1 discriminator 2 view .LVU328
 1132 000a 0134     		adds	r4, r4, #1
 1133              	.LVL92:
 617:Middlewares/Third_Party/LwIP/src/core/dns.c ****     if ((dns_table[i].state == DNS_STATE_DONE) &&
 1134              		.loc 1 617 35 is_stmt 0 discriminator 2 view .LVU329
 1135 000c E4B2     		uxtb	r4, r4
 1136              	.LVL93:
 1137              	.L78:
 617:Middlewares/Third_Party/LwIP/src/core/dns.c ****     if ((dns_table[i].state == DNS_STATE_DONE) &&
 1138              		.loc 1 617 17 is_stmt 1 discriminator 1 view .LVU330
 1139 000e 032C     		cmp	r4, #3
 1140 0010 1CD8     		bhi	.L84
 618:Middlewares/Third_Party/LwIP/src/core/dns.c ****         (lwip_strnicmp(name, dns_table[i].name, sizeof(dns_table[i].name)) == 0) &&
 1141              		.loc 1 618 5 view .LVU331
 618:Middlewares/Third_Party/LwIP/src/core/dns.c ****         (lwip_strnicmp(name, dns_table[i].name, sizeof(dns_table[i].name)) == 0) &&
 1142              		.loc 1 618 22 is_stmt 0 view .LVU332
 1143 0012 04EB0412 		add	r2, r4, r4, lsl #4
 1144 0016 0F4B     		ldr	r3, .L85
 1145 0018 03EB0213 		add	r3, r3, r2, lsl #4
 1146 001c 9B7A     		ldrb	r3, [r3, #10]	@ zero_extendqisi2
 618:Middlewares/Third_Party/LwIP/src/core/dns.c ****         (lwip_strnicmp(name, dns_table[i].name, sizeof(dns_table[i].name)) == 0) &&
 1147              		.loc 1 618 8 view .LVU333
 1148 001e 032B     		cmp	r3, #3
 1149 0020 F3D1     		bne	.L79
 619:Middlewares/Third_Party/LwIP/src/core/dns.c ****         LWIP_DNS_ADDRTYPE_MATCH_IP(dns_addrtype, dns_table[i].ipaddr)) {
 1150              		.loc 1 619 42 view .LVU334
 1151 0022 1301     		lsls	r3, r2, #4
 1152 0024 1033     		adds	r3, r3, #16
 619:Middlewares/Third_Party/LwIP/src/core/dns.c ****         LWIP_DNS_ADDRTYPE_MATCH_IP(dns_addrtype, dns_table[i].ipaddr)) {
 1153              		.loc 1 619 10 view .LVU335
 1154 0026 4FF48072 		mov	r2, #256
 1155 002a 0A49     		ldr	r1, .L85
 1156 002c 1944     		add	r1, r1, r3
 1157 002e 3046     		mov	r0, r6
 1158 0030 FFF7FEFF 		bl	lwip_strnicmp
 1159              	.LVL94:
 618:Middlewares/Third_Party/LwIP/src/core/dns.c ****         (lwip_strnicmp(name, dns_table[i].name, sizeof(dns_table[i].name)) == 0) &&
ARM GAS  /tmp/ccMnJyjS.s 			page 47


 1160              		.loc 1 618 48 discriminator 1 view .LVU336
 1161 0034 0028     		cmp	r0, #0
 1162 0036 E8D1     		bne	.L79
 621:Middlewares/Third_Party/LwIP/src/core/dns.c ****       ip_addr_debug_print_val(DNS_DEBUG, dns_table[i].ipaddr);
 1163              		.loc 1 621 7 is_stmt 1 view .LVU337
 621:Middlewares/Third_Party/LwIP/src/core/dns.c ****       ip_addr_debug_print_val(DNS_DEBUG, dns_table[i].ipaddr);
 1164              		.loc 1 621 7 view .LVU338
 621:Middlewares/Third_Party/LwIP/src/core/dns.c ****       ip_addr_debug_print_val(DNS_DEBUG, dns_table[i].ipaddr);
 1165              		.loc 1 621 7 discriminator 4 view .LVU339
 622:Middlewares/Third_Party/LwIP/src/core/dns.c ****       LWIP_DEBUGF(DNS_DEBUG, ("\n"));
 1166              		.loc 1 622 7 view .LVU340
 622:Middlewares/Third_Party/LwIP/src/core/dns.c ****       LWIP_DEBUGF(DNS_DEBUG, ("\n"));
 1167              		.loc 1 622 7 view .LVU341
 622:Middlewares/Third_Party/LwIP/src/core/dns.c ****       LWIP_DEBUGF(DNS_DEBUG, ("\n"));
 1168              		.loc 1 622 7 discriminator 4 view .LVU342
 623:Middlewares/Third_Party/LwIP/src/core/dns.c ****       if (addr) {
 1169              		.loc 1 623 7 view .LVU343
 623:Middlewares/Third_Party/LwIP/src/core/dns.c ****       if (addr) {
 1170              		.loc 1 623 7 view .LVU344
 623:Middlewares/Third_Party/LwIP/src/core/dns.c ****       if (addr) {
 1171              		.loc 1 623 7 discriminator 4 view .LVU345
 624:Middlewares/Third_Party/LwIP/src/core/dns.c ****         ip_addr_copy(*addr, dns_table[i].ipaddr);
 1172              		.loc 1 624 7 view .LVU346
 624:Middlewares/Third_Party/LwIP/src/core/dns.c ****         ip_addr_copy(*addr, dns_table[i].ipaddr);
 1173              		.loc 1 624 10 is_stmt 0 view .LVU347
 1174 0038 35B1     		cbz	r5, .L80
 625:Middlewares/Third_Party/LwIP/src/core/dns.c ****       }
 1175              		.loc 1 625 9 is_stmt 1 view .LVU348
 1176 003a 04EB0414 		add	r4, r4, r4, lsl #4
 1177              	.LVL95:
 625:Middlewares/Third_Party/LwIP/src/core/dns.c ****       }
 1178              		.loc 1 625 9 is_stmt 0 view .LVU349
 1179 003e 054B     		ldr	r3, .L85
 1180 0040 03EB0413 		add	r3, r3, r4, lsl #4
 1181 0044 5B68     		ldr	r3, [r3, #4]
 1182 0046 2B60     		str	r3, [r5]
 1183              	.L80:
 627:Middlewares/Third_Party/LwIP/src/core/dns.c ****     }
 1184              		.loc 1 627 7 is_stmt 1 view .LVU350
 627:Middlewares/Third_Party/LwIP/src/core/dns.c ****     }
 1185              		.loc 1 627 14 is_stmt 0 view .LVU351
 1186 0048 0020     		movs	r0, #0
 1187 004a 01E0     		b	.L81
 1188              	.LVL96:
 1189              	.L84:
 631:Middlewares/Third_Party/LwIP/src/core/dns.c **** }
 1190              		.loc 1 631 10 view .LVU352
 1191 004c 6FF00F00 		mvn	r0, #15
 1192              	.LVL97:
 1193              	.L81:
 632:Middlewares/Third_Party/LwIP/src/core/dns.c **** 
 1194              		.loc 1 632 1 view .LVU353
 1195 0050 70BD     		pop	{r4, r5, r6, pc}
 1196              	.LVL98:
 1197              	.L86:
 632:Middlewares/Third_Party/LwIP/src/core/dns.c **** 
 1198              		.loc 1 632 1 view .LVU354
ARM GAS  /tmp/ccMnJyjS.s 			page 48


 1199 0052 00BF     		.align	2
 1200              	.L85:
 1201 0054 00000000 		.word	dns_table
 1202              		.cfi_endproc
 1203              	.LFE160:
 1205              		.section	.text.dns_alloc_random_port,"ax",%progbits
 1206              		.align	1
 1207              		.syntax unified
 1208              		.thumb
 1209              		.thumb_func
 1211              	dns_alloc_random_port:
 1212              	.LFB164:
 867:Middlewares/Third_Party/LwIP/src/core/dns.c ****   err_t err;
 1213              		.loc 1 867 1 is_stmt 1 view -0
 1214              		.cfi_startproc
 1215              		@ args = 0, pretend = 0, frame = 0
 1216              		@ frame_needed = 0, uses_anonymous_args = 0
 1217 0000 10B5     		push	{r4, lr}
 1218              	.LCFI10:
 1219              		.cfi_def_cfa_offset 8
 1220              		.cfi_offset 4, -8
 1221              		.cfi_offset 14, -4
 868:Middlewares/Third_Party/LwIP/src/core/dns.c ****   struct udp_pcb *pcb;
 1222              		.loc 1 868 3 view .LVU356
 869:Middlewares/Third_Party/LwIP/src/core/dns.c **** 
 1223              		.loc 1 869 3 view .LVU357
 871:Middlewares/Third_Party/LwIP/src/core/dns.c ****   if (pcb == NULL) {
 1224              		.loc 1 871 3 view .LVU358
 871:Middlewares/Third_Party/LwIP/src/core/dns.c ****   if (pcb == NULL) {
 1225              		.loc 1 871 9 is_stmt 0 view .LVU359
 1226 0002 2E20     		movs	r0, #46
 1227 0004 FFF7FEFF 		bl	udp_new_ip_type
 1228              	.LVL99:
 872:Middlewares/Third_Party/LwIP/src/core/dns.c ****     /* out of memory, have to reuse an existing pcb */
 1229              		.loc 1 872 3 is_stmt 1 view .LVU360
 872:Middlewares/Third_Party/LwIP/src/core/dns.c ****     /* out of memory, have to reuse an existing pcb */
 1230              		.loc 1 872 6 is_stmt 0 view .LVU361
 1231 0008 0446     		mov	r4, r0
 1232 000a 38B9     		cbnz	r0, .L90
 1233 000c 15E0     		b	.L87
 1234              	.LVL100:
 1235              	.L95:
 1236              	.LBB5:
 879:Middlewares/Third_Party/LwIP/src/core/dns.c ****     } else {
 1237              		.loc 1 879 7 is_stmt 1 view .LVU362
 879:Middlewares/Third_Party/LwIP/src/core/dns.c ****     } else {
 1238              		.loc 1 879 13 is_stmt 0 view .LVU363
 1239 000e 0E49     		ldr	r1, .L97
 1240 0010 2046     		mov	r0, r4
 1241 0012 FFF7FEFF 		bl	udp_bind
 1242              	.LVL101:
 1243              	.L89:
 879:Middlewares/Third_Party/LwIP/src/core/dns.c ****     } else {
 1244              		.loc 1 879 13 view .LVU364
 1245              	.LBE5:
 884:Middlewares/Third_Party/LwIP/src/core/dns.c ****   if (err != ERR_OK) {
 1246              		.loc 1 884 16 is_stmt 1 view .LVU365
ARM GAS  /tmp/ccMnJyjS.s 			page 49


 1247 0016 10F1080F 		cmn	r0, #8
 1248 001a 08D1     		bne	.L94
 1249              	.LVL102:
 1250              	.L90:
 876:Middlewares/Third_Party/LwIP/src/core/dns.c ****     u16_t port = (u16_t)DNS_RAND_TXID();
 1251              		.loc 1 876 3 view .LVU366
 1252              	.LBB6:
 877:Middlewares/Third_Party/LwIP/src/core/dns.c ****     if (DNS_PORT_ALLOWED(port)) {
 1253              		.loc 1 877 5 view .LVU367
 877:Middlewares/Third_Party/LwIP/src/core/dns.c ****     if (DNS_PORT_ALLOWED(port)) {
 1254              		.loc 1 877 25 is_stmt 0 view .LVU368
 1255 001c FFF7FEFF 		bl	rand
 1256              	.LVL103:
 877:Middlewares/Third_Party/LwIP/src/core/dns.c ****     if (DNS_PORT_ALLOWED(port)) {
 1257              		.loc 1 877 11 discriminator 1 view .LVU369
 1258 0020 82B2     		uxth	r2, r0
 1259              	.LVL104:
 878:Middlewares/Third_Party/LwIP/src/core/dns.c ****       err = udp_bind(pcb, IP_ANY_TYPE, port);
 1260              		.loc 1 878 5 is_stmt 1 view .LVU370
 878:Middlewares/Third_Party/LwIP/src/core/dns.c ****       err = udp_bind(pcb, IP_ANY_TYPE, port);
 1261              		.loc 1 878 8 is_stmt 0 view .LVU371
 1262 0022 B2F5806F 		cmp	r2, #1024
 1263 0026 F2D2     		bcs	.L95
 882:Middlewares/Third_Party/LwIP/src/core/dns.c ****     }
 1264              		.loc 1 882 11 view .LVU372
 1265 0028 6FF00700 		mvn	r0, #7
 1266 002c F3E7     		b	.L89
 1267              	.LVL105:
 1268              	.L94:
 882:Middlewares/Third_Party/LwIP/src/core/dns.c ****     }
 1269              		.loc 1 882 11 view .LVU373
 1270              	.LBE6:
 885:Middlewares/Third_Party/LwIP/src/core/dns.c ****     udp_remove(pcb);
 1271              		.loc 1 885 3 is_stmt 1 view .LVU374
 885:Middlewares/Third_Party/LwIP/src/core/dns.c ****     udp_remove(pcb);
 1272              		.loc 1 885 6 is_stmt 0 view .LVU375
 1273 002e 30B9     		cbnz	r0, .L96
 889:Middlewares/Third_Party/LwIP/src/core/dns.c ****   return pcb;
 1274              		.loc 1 889 3 is_stmt 1 view .LVU376
 1275 0030 0022     		movs	r2, #0
 1276 0032 0649     		ldr	r1, .L97+4
 1277 0034 2046     		mov	r0, r4
 1278              	.LVL106:
 889:Middlewares/Third_Party/LwIP/src/core/dns.c ****   return pcb;
 1279              		.loc 1 889 3 is_stmt 0 view .LVU377
 1280 0036 FFF7FEFF 		bl	udp_recv
 1281              	.LVL107:
 890:Middlewares/Third_Party/LwIP/src/core/dns.c **** }
 1282              		.loc 1 890 3 is_stmt 1 view .LVU378
 1283              	.L87:
 891:Middlewares/Third_Party/LwIP/src/core/dns.c **** 
 1284              		.loc 1 891 1 is_stmt 0 view .LVU379
 1285 003a 2046     		mov	r0, r4
 1286 003c 10BD     		pop	{r4, pc}
 1287              	.LVL108:
 1288              	.L96:
 886:Middlewares/Third_Party/LwIP/src/core/dns.c ****     return NULL;
ARM GAS  /tmp/ccMnJyjS.s 			page 50


 1289              		.loc 1 886 5 is_stmt 1 view .LVU380
 1290 003e 2046     		mov	r0, r4
 1291              	.LVL109:
 886:Middlewares/Third_Party/LwIP/src/core/dns.c ****     return NULL;
 1292              		.loc 1 886 5 is_stmt 0 view .LVU381
 1293 0040 FFF7FEFF 		bl	udp_remove
 1294              	.LVL110:
 887:Middlewares/Third_Party/LwIP/src/core/dns.c ****   }
 1295              		.loc 1 887 5 is_stmt 1 view .LVU382
 887:Middlewares/Third_Party/LwIP/src/core/dns.c ****   }
 1296              		.loc 1 887 12 is_stmt 0 view .LVU383
 1297 0044 0024     		movs	r4, #0
 1298              	.LVL111:
 887:Middlewares/Third_Party/LwIP/src/core/dns.c ****   }
 1299              		.loc 1 887 12 view .LVU384
 1300 0046 F8E7     		b	.L87
 1301              	.L98:
 1302              		.align	2
 1303              	.L97:
 1304 0048 00000000 		.word	ip_addr_any
 1305 004c 00000000 		.word	dns_recv
 1306              		.cfi_endproc
 1307              	.LFE164:
 1309              		.section	.text.dns_alloc_pcb,"ax",%progbits
 1310              		.align	1
 1311              		.syntax unified
 1312              		.thumb
 1313              		.thumb_func
 1315              	dns_alloc_pcb:
 1316              	.LFB165:
 901:Middlewares/Third_Party/LwIP/src/core/dns.c ****   u8_t i;
 1317              		.loc 1 901 1 is_stmt 1 view -0
 1318              		.cfi_startproc
 1319              		@ args = 0, pretend = 0, frame = 0
 1320              		@ frame_needed = 0, uses_anonymous_args = 0
 1321 0000 10B5     		push	{r4, lr}
 1322              	.LCFI11:
 1323              		.cfi_def_cfa_offset 8
 1324              		.cfi_offset 4, -8
 1325              		.cfi_offset 14, -4
 902:Middlewares/Third_Party/LwIP/src/core/dns.c ****   u8_t idx;
 1326              		.loc 1 902 3 view .LVU386
 903:Middlewares/Third_Party/LwIP/src/core/dns.c **** 
 1327              		.loc 1 903 3 view .LVU387
 905:Middlewares/Third_Party/LwIP/src/core/dns.c ****     if (dns_pcbs[i] == NULL) {
 1328              		.loc 1 905 3 view .LVU388
 1329              	.LVL112:
 905:Middlewares/Third_Party/LwIP/src/core/dns.c ****     if (dns_pcbs[i] == NULL) {
 1330              		.loc 1 905 10 is_stmt 0 view .LVU389
 1331 0002 0024     		movs	r4, #0
 1332              	.LVL113:
 1333              	.L100:
 905:Middlewares/Third_Party/LwIP/src/core/dns.c ****     if (dns_pcbs[i] == NULL) {
 1334              		.loc 1 905 17 is_stmt 1 discriminator 1 view .LVU390
 1335 0004 032C     		cmp	r4, #3
 1336 0006 06D8     		bhi	.L101
 906:Middlewares/Third_Party/LwIP/src/core/dns.c ****       break;
ARM GAS  /tmp/ccMnJyjS.s 			page 51


 1337              		.loc 1 906 5 view .LVU391
 906:Middlewares/Third_Party/LwIP/src/core/dns.c ****       break;
 1338              		.loc 1 906 17 is_stmt 0 view .LVU392
 1339 0008 164B     		ldr	r3, .L114
 1340 000a 53F82430 		ldr	r3, [r3, r4, lsl #2]
 906:Middlewares/Third_Party/LwIP/src/core/dns.c ****       break;
 1341              		.loc 1 906 8 view .LVU393
 1342 000e 13B1     		cbz	r3, .L101
 905:Middlewares/Third_Party/LwIP/src/core/dns.c ****     if (dns_pcbs[i] == NULL) {
 1343              		.loc 1 905 42 is_stmt 1 discriminator 2 view .LVU394
 1344 0010 0134     		adds	r4, r4, #1
 1345              	.LVL114:
 905:Middlewares/Third_Party/LwIP/src/core/dns.c ****     if (dns_pcbs[i] == NULL) {
 1346              		.loc 1 905 42 is_stmt 0 discriminator 2 view .LVU395
 1347 0012 E4B2     		uxtb	r4, r4
 1348              	.LVL115:
 905:Middlewares/Third_Party/LwIP/src/core/dns.c ****     if (dns_pcbs[i] == NULL) {
 1349              		.loc 1 905 42 discriminator 2 view .LVU396
 1350 0014 F6E7     		b	.L100
 1351              	.LVL116:
 1352              	.L101:
 910:Middlewares/Third_Party/LwIP/src/core/dns.c ****     dns_pcbs[i] = dns_alloc_random_port();
 1353              		.loc 1 910 3 is_stmt 1 view .LVU397
 910:Middlewares/Third_Party/LwIP/src/core/dns.c ****     dns_pcbs[i] = dns_alloc_random_port();
 1354              		.loc 1 910 6 is_stmt 0 view .LVU398
 1355 0016 032C     		cmp	r4, #3
 1356 0018 05D9     		bls	.L111
 1357              	.L103:
 920:Middlewares/Third_Party/LwIP/src/core/dns.c ****     if (idx >= DNS_MAX_SOURCE_PORTS) {
 1358              		.loc 1 920 3 is_stmt 1 view .LVU399
 1359              	.LVL117:
 920:Middlewares/Third_Party/LwIP/src/core/dns.c ****     if (idx >= DNS_MAX_SOURCE_PORTS) {
 1360              		.loc 1 920 21 is_stmt 0 view .LVU400
 1361 001a 134B     		ldr	r3, .L114+4
 1362 001c 1C78     		ldrb	r4, [r3]	@ zero_extendqisi2
 920:Middlewares/Third_Party/LwIP/src/core/dns.c ****     if (idx >= DNS_MAX_SOURCE_PORTS) {
 1363              		.loc 1 920 19 view .LVU401
 1364 001e 0134     		adds	r4, r4, #1
 1365 0020 E4B2     		uxtb	r4, r4
 1366              	.LVL118:
 920:Middlewares/Third_Party/LwIP/src/core/dns.c ****     if (idx >= DNS_MAX_SOURCE_PORTS) {
 1367              		.loc 1 920 10 view .LVU402
 1368 0022 0023     		movs	r3, #0
 920:Middlewares/Third_Party/LwIP/src/core/dns.c ****     if (idx >= DNS_MAX_SOURCE_PORTS) {
 1369              		.loc 1 920 3 view .LVU403
 1370 0024 11E0     		b	.L105
 1371              	.LVL119:
 1372              	.L111:
 911:Middlewares/Third_Party/LwIP/src/core/dns.c ****     if (dns_pcbs[i] != NULL) {
 1373              		.loc 1 911 5 is_stmt 1 view .LVU404
 911:Middlewares/Third_Party/LwIP/src/core/dns.c ****     if (dns_pcbs[i] != NULL) {
 1374              		.loc 1 911 19 is_stmt 0 view .LVU405
 1375 0026 FFF7FEFF 		bl	dns_alloc_random_port
 1376              	.LVL120:
 911:Middlewares/Third_Party/LwIP/src/core/dns.c ****     if (dns_pcbs[i] != NULL) {
 1377              		.loc 1 911 17 discriminator 1 view .LVU406
 1378 002a 0E4B     		ldr	r3, .L114
ARM GAS  /tmp/ccMnJyjS.s 			page 52


 1379 002c 43F82400 		str	r0, [r3, r4, lsl #2]
 912:Middlewares/Third_Party/LwIP/src/core/dns.c ****       /* succeeded */
 1380              		.loc 1 912 5 is_stmt 1 view .LVU407
 912:Middlewares/Third_Party/LwIP/src/core/dns.c ****       /* succeeded */
 1381              		.loc 1 912 8 is_stmt 0 view .LVU408
 1382 0030 0028     		cmp	r0, #0
 1383 0032 F2D0     		beq	.L103
 914:Middlewares/Third_Party/LwIP/src/core/dns.c ****       return i;
 1384              		.loc 1 914 7 is_stmt 1 view .LVU409
 914:Middlewares/Third_Party/LwIP/src/core/dns.c ****       return i;
 1385              		.loc 1 914 24 is_stmt 0 view .LVU410
 1386 0034 0C4B     		ldr	r3, .L114+4
 1387 0036 1C70     		strb	r4, [r3]
 915:Middlewares/Third_Party/LwIP/src/core/dns.c ****     }
 1388              		.loc 1 915 7 is_stmt 1 view .LVU411
 915:Middlewares/Third_Party/LwIP/src/core/dns.c ****     }
 1389              		.loc 1 915 14 is_stmt 0 view .LVU412
 1390 0038 11E0     		b	.L104
 1391              	.LVL121:
 1392              	.L106:
 924:Middlewares/Third_Party/LwIP/src/core/dns.c ****       dns_last_pcb_idx = idx;
 1393              		.loc 1 924 5 is_stmt 1 view .LVU413
 924:Middlewares/Third_Party/LwIP/src/core/dns.c ****       dns_last_pcb_idx = idx;
 1394              		.loc 1 924 17 is_stmt 0 view .LVU414
 1395 003a 0A4A     		ldr	r2, .L114
 1396 003c 52F82420 		ldr	r2, [r2, r4, lsl #2]
 924:Middlewares/Third_Party/LwIP/src/core/dns.c ****       dns_last_pcb_idx = idx;
 1397              		.loc 1 924 8 view .LVU415
 1398 0040 4AB9     		cbnz	r2, .L112
 920:Middlewares/Third_Party/LwIP/src/core/dns.c ****     if (idx >= DNS_MAX_SOURCE_PORTS) {
 1399              		.loc 1 920 80 is_stmt 1 discriminator 2 view .LVU416
 920:Middlewares/Third_Party/LwIP/src/core/dns.c ****     if (idx >= DNS_MAX_SOURCE_PORTS) {
 1400              		.loc 1 920 78 is_stmt 0 discriminator 2 view .LVU417
 1401 0042 0133     		adds	r3, r3, #1
 1402              	.LVL122:
 920:Middlewares/Third_Party/LwIP/src/core/dns.c ****     if (idx >= DNS_MAX_SOURCE_PORTS) {
 1403              		.loc 1 920 78 discriminator 2 view .LVU418
 1404 0044 DBB2     		uxtb	r3, r3
 1405              	.LVL123:
 920:Middlewares/Third_Party/LwIP/src/core/dns.c ****     if (idx >= DNS_MAX_SOURCE_PORTS) {
 1406              		.loc 1 920 85 discriminator 2 view .LVU419
 1407 0046 0134     		adds	r4, r4, #1
 1408              	.LVL124:
 920:Middlewares/Third_Party/LwIP/src/core/dns.c ****     if (idx >= DNS_MAX_SOURCE_PORTS) {
 1409              		.loc 1 920 85 discriminator 2 view .LVU420
 1410 0048 E4B2     		uxtb	r4, r4
 1411              	.LVL125:
 1412              	.L105:
 920:Middlewares/Third_Party/LwIP/src/core/dns.c ****     if (idx >= DNS_MAX_SOURCE_PORTS) {
 1413              		.loc 1 920 53 is_stmt 1 discriminator 1 view .LVU421
 1414 004a 032B     		cmp	r3, #3
 1415 004c 06D8     		bhi	.L113
 921:Middlewares/Third_Party/LwIP/src/core/dns.c ****       idx = 0;
 1416              		.loc 1 921 5 view .LVU422
 921:Middlewares/Third_Party/LwIP/src/core/dns.c ****       idx = 0;
 1417              		.loc 1 921 8 is_stmt 0 view .LVU423
 1418 004e 032C     		cmp	r4, #3
ARM GAS  /tmp/ccMnJyjS.s 			page 53


 1419 0050 F3D9     		bls	.L106
 922:Middlewares/Third_Party/LwIP/src/core/dns.c ****     }
 1420              		.loc 1 922 11 view .LVU424
 1421 0052 0024     		movs	r4, #0
 1422              	.LVL126:
 922:Middlewares/Third_Party/LwIP/src/core/dns.c ****     }
 1423              		.loc 1 922 11 view .LVU425
 1424 0054 F1E7     		b	.L106
 1425              	.LVL127:
 1426              	.L112:
 925:Middlewares/Third_Party/LwIP/src/core/dns.c ****       return idx;
 1427              		.loc 1 925 7 is_stmt 1 view .LVU426
 925:Middlewares/Third_Party/LwIP/src/core/dns.c ****       return idx;
 1428              		.loc 1 925 24 is_stmt 0 view .LVU427
 1429 0056 044B     		ldr	r3, .L114+4
 1430              	.LVL128:
 925:Middlewares/Third_Party/LwIP/src/core/dns.c ****       return idx;
 1431              		.loc 1 925 24 view .LVU428
 1432 0058 1C70     		strb	r4, [r3]
 926:Middlewares/Third_Party/LwIP/src/core/dns.c ****     }
 1433              		.loc 1 926 7 is_stmt 1 view .LVU429
 926:Middlewares/Third_Party/LwIP/src/core/dns.c ****     }
 1434              		.loc 1 926 14 is_stmt 0 view .LVU430
 1435 005a 00E0     		b	.L104
 1436              	.LVL129:
 1437              	.L113:
 929:Middlewares/Third_Party/LwIP/src/core/dns.c **** }
 1438              		.loc 1 929 10 view .LVU431
 1439 005c 0424     		movs	r4, #4
 1440              	.LVL130:
 1441              	.L104:
 930:Middlewares/Third_Party/LwIP/src/core/dns.c **** #endif /* ((LWIP_DNS_SECURE & LWIP_DNS_SECURE_RAND_SRC_PORT) != 0) */
 1442              		.loc 1 930 1 view .LVU432
 1443 005e 2046     		mov	r0, r4
 1444 0060 10BD     		pop	{r4, pc}
 1445              	.L115:
 1446 0062 00BF     		.align	2
 1447              	.L114:
 1448 0064 00000000 		.word	dns_pcbs
 1449 0068 00000000 		.word	dns_last_pcb_idx
 1450              		.cfi_endproc
 1451              	.LFE165:
 1453              		.section	.text.dns_enqueue,"ax",%progbits
 1454              		.align	1
 1455              		.syntax unified
 1456              		.thumb
 1457              		.thumb_func
 1459              	dns_enqueue:
 1460              	.LVL131:
 1461              	.LFB173:
1165:Middlewares/Third_Party/LwIP/src/core/dns.c **** 
1166:Middlewares/Third_Party/LwIP/src/core/dns.c **** /**
1167:Middlewares/Third_Party/LwIP/src/core/dns.c ****  * Receive input function for DNS response packets arriving for the dns UDP pcb.
1168:Middlewares/Third_Party/LwIP/src/core/dns.c ****  */
1169:Middlewares/Third_Party/LwIP/src/core/dns.c **** static void
1170:Middlewares/Third_Party/LwIP/src/core/dns.c **** dns_recv(void *arg, struct udp_pcb *pcb, struct pbuf *p, const ip_addr_t *addr, u16_t port)
1171:Middlewares/Third_Party/LwIP/src/core/dns.c **** {
ARM GAS  /tmp/ccMnJyjS.s 			page 54


1172:Middlewares/Third_Party/LwIP/src/core/dns.c ****   u8_t i;
1173:Middlewares/Third_Party/LwIP/src/core/dns.c ****   u16_t txid;
1174:Middlewares/Third_Party/LwIP/src/core/dns.c ****   u16_t res_idx;
1175:Middlewares/Third_Party/LwIP/src/core/dns.c ****   struct dns_hdr hdr;
1176:Middlewares/Third_Party/LwIP/src/core/dns.c ****   struct dns_answer ans;
1177:Middlewares/Third_Party/LwIP/src/core/dns.c ****   struct dns_query qry;
1178:Middlewares/Third_Party/LwIP/src/core/dns.c ****   u16_t nquestions, nanswers;
1179:Middlewares/Third_Party/LwIP/src/core/dns.c **** 
1180:Middlewares/Third_Party/LwIP/src/core/dns.c ****   LWIP_UNUSED_ARG(arg);
1181:Middlewares/Third_Party/LwIP/src/core/dns.c ****   LWIP_UNUSED_ARG(pcb);
1182:Middlewares/Third_Party/LwIP/src/core/dns.c ****   LWIP_UNUSED_ARG(port);
1183:Middlewares/Third_Party/LwIP/src/core/dns.c **** 
1184:Middlewares/Third_Party/LwIP/src/core/dns.c ****   /* is the dns message big enough ? */
1185:Middlewares/Third_Party/LwIP/src/core/dns.c ****   if (p->tot_len < (SIZEOF_DNS_HDR + SIZEOF_DNS_QUERY)) {
1186:Middlewares/Third_Party/LwIP/src/core/dns.c ****     LWIP_DEBUGF(DNS_DEBUG, ("dns_recv: pbuf too small\n"));
1187:Middlewares/Third_Party/LwIP/src/core/dns.c ****     /* free pbuf and return */
1188:Middlewares/Third_Party/LwIP/src/core/dns.c ****     goto ignore_packet;
1189:Middlewares/Third_Party/LwIP/src/core/dns.c ****   }
1190:Middlewares/Third_Party/LwIP/src/core/dns.c **** 
1191:Middlewares/Third_Party/LwIP/src/core/dns.c ****   /* copy dns payload inside static buffer for processing */
1192:Middlewares/Third_Party/LwIP/src/core/dns.c ****   if (pbuf_copy_partial(p, &hdr, SIZEOF_DNS_HDR, 0) == SIZEOF_DNS_HDR) {
1193:Middlewares/Third_Party/LwIP/src/core/dns.c ****     /* Match the ID in the DNS header with the name table. */
1194:Middlewares/Third_Party/LwIP/src/core/dns.c ****     txid = lwip_htons(hdr.id);
1195:Middlewares/Third_Party/LwIP/src/core/dns.c ****     for (i = 0; i < DNS_TABLE_SIZE; i++) {
1196:Middlewares/Third_Party/LwIP/src/core/dns.c ****       struct dns_table_entry *entry = &dns_table[i];
1197:Middlewares/Third_Party/LwIP/src/core/dns.c ****       if ((entry->state == DNS_STATE_ASKING) &&
1198:Middlewares/Third_Party/LwIP/src/core/dns.c ****           (entry->txid == txid)) {
1199:Middlewares/Third_Party/LwIP/src/core/dns.c **** 
1200:Middlewares/Third_Party/LwIP/src/core/dns.c ****         /* We only care about the question(s) and the answers. The authrr
1201:Middlewares/Third_Party/LwIP/src/core/dns.c ****            and the extrarr are simply discarded. */
1202:Middlewares/Third_Party/LwIP/src/core/dns.c ****         nquestions = lwip_htons(hdr.numquestions);
1203:Middlewares/Third_Party/LwIP/src/core/dns.c ****         nanswers   = lwip_htons(hdr.numanswers);
1204:Middlewares/Third_Party/LwIP/src/core/dns.c **** 
1205:Middlewares/Third_Party/LwIP/src/core/dns.c ****         /* Check for correct response. */
1206:Middlewares/Third_Party/LwIP/src/core/dns.c ****         if ((hdr.flags1 & DNS_FLAG1_RESPONSE) == 0) {
1207:Middlewares/Third_Party/LwIP/src/core/dns.c ****           LWIP_DEBUGF(DNS_DEBUG, ("dns_recv: \"%s\": not a response\n", entry->name));
1208:Middlewares/Third_Party/LwIP/src/core/dns.c ****           goto ignore_packet; /* ignore this packet */
1209:Middlewares/Third_Party/LwIP/src/core/dns.c ****         }
1210:Middlewares/Third_Party/LwIP/src/core/dns.c ****         if (nquestions != 1) {
1211:Middlewares/Third_Party/LwIP/src/core/dns.c ****           LWIP_DEBUGF(DNS_DEBUG, ("dns_recv: \"%s\": response not match to query\n", entry->name));
1212:Middlewares/Third_Party/LwIP/src/core/dns.c ****           goto ignore_packet; /* ignore this packet */
1213:Middlewares/Third_Party/LwIP/src/core/dns.c ****         }
1214:Middlewares/Third_Party/LwIP/src/core/dns.c **** 
1215:Middlewares/Third_Party/LwIP/src/core/dns.c **** #if LWIP_DNS_SUPPORT_MDNS_QUERIES
1216:Middlewares/Third_Party/LwIP/src/core/dns.c ****         if (!entry->is_mdns)
1217:Middlewares/Third_Party/LwIP/src/core/dns.c **** #endif /* LWIP_DNS_SUPPORT_MDNS_QUERIES */
1218:Middlewares/Third_Party/LwIP/src/core/dns.c ****         {
1219:Middlewares/Third_Party/LwIP/src/core/dns.c ****           /* Check whether response comes from the same network address to which the
1220:Middlewares/Third_Party/LwIP/src/core/dns.c ****              question was sent. (RFC 5452) */
1221:Middlewares/Third_Party/LwIP/src/core/dns.c ****           if (!ip_addr_cmp(addr, &dns_servers[entry->server_idx])) {
1222:Middlewares/Third_Party/LwIP/src/core/dns.c ****             goto ignore_packet; /* ignore this packet */
1223:Middlewares/Third_Party/LwIP/src/core/dns.c ****           }
1224:Middlewares/Third_Party/LwIP/src/core/dns.c ****         }
1225:Middlewares/Third_Party/LwIP/src/core/dns.c **** 
1226:Middlewares/Third_Party/LwIP/src/core/dns.c ****         /* Check if the name in the "question" part match with the name in the entry and
1227:Middlewares/Third_Party/LwIP/src/core/dns.c ****            skip it if equal. */
1228:Middlewares/Third_Party/LwIP/src/core/dns.c ****         res_idx = dns_compare_name(entry->name, p, SIZEOF_DNS_HDR);
ARM GAS  /tmp/ccMnJyjS.s 			page 55


1229:Middlewares/Third_Party/LwIP/src/core/dns.c ****         if (res_idx == 0xFFFF) {
1230:Middlewares/Third_Party/LwIP/src/core/dns.c ****           LWIP_DEBUGF(DNS_DEBUG, ("dns_recv: \"%s\": response not match to query\n", entry->name));
1231:Middlewares/Third_Party/LwIP/src/core/dns.c ****           goto ignore_packet; /* ignore this packet */
1232:Middlewares/Third_Party/LwIP/src/core/dns.c ****         }
1233:Middlewares/Third_Party/LwIP/src/core/dns.c **** 
1234:Middlewares/Third_Party/LwIP/src/core/dns.c ****         /* check if "question" part matches the request */
1235:Middlewares/Third_Party/LwIP/src/core/dns.c ****         if (pbuf_copy_partial(p, &qry, SIZEOF_DNS_QUERY, res_idx) != SIZEOF_DNS_QUERY) {
1236:Middlewares/Third_Party/LwIP/src/core/dns.c ****           goto ignore_packet; /* ignore this packet */
1237:Middlewares/Third_Party/LwIP/src/core/dns.c ****         }
1238:Middlewares/Third_Party/LwIP/src/core/dns.c ****         if ((qry.cls != PP_HTONS(DNS_RRCLASS_IN)) ||
1239:Middlewares/Third_Party/LwIP/src/core/dns.c ****             (LWIP_DNS_ADDRTYPE_IS_IPV6(entry->reqaddrtype) && (qry.type != PP_HTONS(DNS_RRTYPE_AAAA
1240:Middlewares/Third_Party/LwIP/src/core/dns.c ****             (!LWIP_DNS_ADDRTYPE_IS_IPV6(entry->reqaddrtype) && (qry.type != PP_HTONS(DNS_RRTYPE_A))
1241:Middlewares/Third_Party/LwIP/src/core/dns.c ****           LWIP_DEBUGF(DNS_DEBUG, ("dns_recv: \"%s\": response not match to query\n", entry->name));
1242:Middlewares/Third_Party/LwIP/src/core/dns.c ****           goto ignore_packet; /* ignore this packet */
1243:Middlewares/Third_Party/LwIP/src/core/dns.c ****         }
1244:Middlewares/Third_Party/LwIP/src/core/dns.c ****         /* skip the rest of the "question" part */
1245:Middlewares/Third_Party/LwIP/src/core/dns.c ****         if (res_idx + SIZEOF_DNS_QUERY > 0xFFFF) {
1246:Middlewares/Third_Party/LwIP/src/core/dns.c ****           goto ignore_packet;
1247:Middlewares/Third_Party/LwIP/src/core/dns.c ****         }
1248:Middlewares/Third_Party/LwIP/src/core/dns.c ****         res_idx = (u16_t)(res_idx + SIZEOF_DNS_QUERY);
1249:Middlewares/Third_Party/LwIP/src/core/dns.c **** 
1250:Middlewares/Third_Party/LwIP/src/core/dns.c ****         /* Check for error. If so, call callback to inform. */
1251:Middlewares/Third_Party/LwIP/src/core/dns.c ****         if (hdr.flags2 & DNS_FLAG2_ERR_MASK) {
1252:Middlewares/Third_Party/LwIP/src/core/dns.c ****           LWIP_DEBUGF(DNS_DEBUG, ("dns_recv: \"%s\": error in flags\n", entry->name));
1253:Middlewares/Third_Party/LwIP/src/core/dns.c **** 
1254:Middlewares/Third_Party/LwIP/src/core/dns.c ****           /* if there is another backup DNS server to try
1255:Middlewares/Third_Party/LwIP/src/core/dns.c ****            * then don't stop the DNS request
1256:Middlewares/Third_Party/LwIP/src/core/dns.c ****            */
1257:Middlewares/Third_Party/LwIP/src/core/dns.c ****           if (dns_backupserver_available(entry)) {
1258:Middlewares/Third_Party/LwIP/src/core/dns.c ****             /* avoid retrying the same server */
1259:Middlewares/Third_Party/LwIP/src/core/dns.c ****             entry->retries = DNS_MAX_RETRIES-1;
1260:Middlewares/Third_Party/LwIP/src/core/dns.c ****             entry->tmr     = 1;
1261:Middlewares/Third_Party/LwIP/src/core/dns.c **** 
1262:Middlewares/Third_Party/LwIP/src/core/dns.c ****             /* contact next available server for this entry */
1263:Middlewares/Third_Party/LwIP/src/core/dns.c ****             dns_check_entry(i);
1264:Middlewares/Third_Party/LwIP/src/core/dns.c **** 
1265:Middlewares/Third_Party/LwIP/src/core/dns.c ****             goto ignore_packet;
1266:Middlewares/Third_Party/LwIP/src/core/dns.c ****           }
1267:Middlewares/Third_Party/LwIP/src/core/dns.c ****         } else {
1268:Middlewares/Third_Party/LwIP/src/core/dns.c ****           while ((nanswers > 0) && (res_idx < p->tot_len)) {
1269:Middlewares/Third_Party/LwIP/src/core/dns.c ****             /* skip answer resource record's host name */
1270:Middlewares/Third_Party/LwIP/src/core/dns.c ****             res_idx = dns_skip_name(p, res_idx);
1271:Middlewares/Third_Party/LwIP/src/core/dns.c ****             if (res_idx == 0xFFFF) {
1272:Middlewares/Third_Party/LwIP/src/core/dns.c ****               goto ignore_packet; /* ignore this packet */
1273:Middlewares/Third_Party/LwIP/src/core/dns.c ****             }
1274:Middlewares/Third_Party/LwIP/src/core/dns.c **** 
1275:Middlewares/Third_Party/LwIP/src/core/dns.c ****             /* Check for IP address type and Internet class. Others are discarded. */
1276:Middlewares/Third_Party/LwIP/src/core/dns.c ****             if (pbuf_copy_partial(p, &ans, SIZEOF_DNS_ANSWER, res_idx) != SIZEOF_DNS_ANSWER) {
1277:Middlewares/Third_Party/LwIP/src/core/dns.c ****               goto ignore_packet; /* ignore this packet */
1278:Middlewares/Third_Party/LwIP/src/core/dns.c ****             }
1279:Middlewares/Third_Party/LwIP/src/core/dns.c ****             if (res_idx + SIZEOF_DNS_ANSWER > 0xFFFF) {
1280:Middlewares/Third_Party/LwIP/src/core/dns.c ****               goto ignore_packet;
1281:Middlewares/Third_Party/LwIP/src/core/dns.c ****             }
1282:Middlewares/Third_Party/LwIP/src/core/dns.c ****             res_idx = (u16_t)(res_idx + SIZEOF_DNS_ANSWER);
1283:Middlewares/Third_Party/LwIP/src/core/dns.c **** 
1284:Middlewares/Third_Party/LwIP/src/core/dns.c ****             if (ans.cls == PP_HTONS(DNS_RRCLASS_IN)) {
1285:Middlewares/Third_Party/LwIP/src/core/dns.c **** #if LWIP_IPV4
ARM GAS  /tmp/ccMnJyjS.s 			page 56


1286:Middlewares/Third_Party/LwIP/src/core/dns.c ****               if ((ans.type == PP_HTONS(DNS_RRTYPE_A)) && (ans.len == PP_HTONS(sizeof(ip4_addr_t)))
1287:Middlewares/Third_Party/LwIP/src/core/dns.c **** #if LWIP_IPV4 && LWIP_IPV6
1288:Middlewares/Third_Party/LwIP/src/core/dns.c ****                 if (!LWIP_DNS_ADDRTYPE_IS_IPV6(entry->reqaddrtype))
1289:Middlewares/Third_Party/LwIP/src/core/dns.c **** #endif /* LWIP_IPV4 && LWIP_IPV6 */
1290:Middlewares/Third_Party/LwIP/src/core/dns.c ****                 {
1291:Middlewares/Third_Party/LwIP/src/core/dns.c ****                   ip4_addr_t ip4addr;
1292:Middlewares/Third_Party/LwIP/src/core/dns.c ****                   /* read the IP address after answer resource record's header */
1293:Middlewares/Third_Party/LwIP/src/core/dns.c ****                   if (pbuf_copy_partial(p, &ip4addr, sizeof(ip4_addr_t), res_idx) != sizeof(ip4_add
1294:Middlewares/Third_Party/LwIP/src/core/dns.c ****                     goto ignore_packet; /* ignore this packet */
1295:Middlewares/Third_Party/LwIP/src/core/dns.c ****                   }
1296:Middlewares/Third_Party/LwIP/src/core/dns.c ****                   ip_addr_copy_from_ip4(dns_table[i].ipaddr, ip4addr);
1297:Middlewares/Third_Party/LwIP/src/core/dns.c ****                   pbuf_free(p);
1298:Middlewares/Third_Party/LwIP/src/core/dns.c ****                   /* handle correct response */
1299:Middlewares/Third_Party/LwIP/src/core/dns.c ****                   dns_correct_response(i, lwip_ntohl(ans.ttl));
1300:Middlewares/Third_Party/LwIP/src/core/dns.c ****                   return;
1301:Middlewares/Third_Party/LwIP/src/core/dns.c ****                 }
1302:Middlewares/Third_Party/LwIP/src/core/dns.c ****               }
1303:Middlewares/Third_Party/LwIP/src/core/dns.c **** #endif /* LWIP_IPV4 */
1304:Middlewares/Third_Party/LwIP/src/core/dns.c **** #if LWIP_IPV6
1305:Middlewares/Third_Party/LwIP/src/core/dns.c ****               if ((ans.type == PP_HTONS(DNS_RRTYPE_AAAA)) && (ans.len == PP_HTONS(sizeof(ip6_addr_p
1306:Middlewares/Third_Party/LwIP/src/core/dns.c **** #if LWIP_IPV4 && LWIP_IPV6
1307:Middlewares/Third_Party/LwIP/src/core/dns.c ****                 if (LWIP_DNS_ADDRTYPE_IS_IPV6(entry->reqaddrtype))
1308:Middlewares/Third_Party/LwIP/src/core/dns.c **** #endif /* LWIP_IPV4 && LWIP_IPV6 */
1309:Middlewares/Third_Party/LwIP/src/core/dns.c ****                 {
1310:Middlewares/Third_Party/LwIP/src/core/dns.c ****                   ip6_addr_p_t ip6addr;
1311:Middlewares/Third_Party/LwIP/src/core/dns.c ****                   /* read the IP address after answer resource record's header */
1312:Middlewares/Third_Party/LwIP/src/core/dns.c ****                   if (pbuf_copy_partial(p, &ip6addr, sizeof(ip6_addr_p_t), res_idx) != sizeof(ip6_a
1313:Middlewares/Third_Party/LwIP/src/core/dns.c ****                     goto ignore_packet; /* ignore this packet */
1314:Middlewares/Third_Party/LwIP/src/core/dns.c ****                   }
1315:Middlewares/Third_Party/LwIP/src/core/dns.c ****                   /* @todo: scope ip6addr? Might be required for link-local addresses at least? */
1316:Middlewares/Third_Party/LwIP/src/core/dns.c ****                   ip_addr_copy_from_ip6_packed(dns_table[i].ipaddr, ip6addr);
1317:Middlewares/Third_Party/LwIP/src/core/dns.c ****                   pbuf_free(p);
1318:Middlewares/Third_Party/LwIP/src/core/dns.c ****                   /* handle correct response */
1319:Middlewares/Third_Party/LwIP/src/core/dns.c ****                   dns_correct_response(i, lwip_ntohl(ans.ttl));
1320:Middlewares/Third_Party/LwIP/src/core/dns.c ****                   return;
1321:Middlewares/Third_Party/LwIP/src/core/dns.c ****                 }
1322:Middlewares/Third_Party/LwIP/src/core/dns.c ****               }
1323:Middlewares/Third_Party/LwIP/src/core/dns.c **** #endif /* LWIP_IPV6 */
1324:Middlewares/Third_Party/LwIP/src/core/dns.c ****             }
1325:Middlewares/Third_Party/LwIP/src/core/dns.c ****             /* skip this answer */
1326:Middlewares/Third_Party/LwIP/src/core/dns.c ****             if ((int)(res_idx + lwip_htons(ans.len)) > 0xFFFF) {
1327:Middlewares/Third_Party/LwIP/src/core/dns.c ****               goto ignore_packet; /* ignore this packet */
1328:Middlewares/Third_Party/LwIP/src/core/dns.c ****             }
1329:Middlewares/Third_Party/LwIP/src/core/dns.c ****             res_idx = (u16_t)(res_idx + lwip_htons(ans.len));
1330:Middlewares/Third_Party/LwIP/src/core/dns.c ****             --nanswers;
1331:Middlewares/Third_Party/LwIP/src/core/dns.c ****           }
1332:Middlewares/Third_Party/LwIP/src/core/dns.c **** #if LWIP_IPV4 && LWIP_IPV6
1333:Middlewares/Third_Party/LwIP/src/core/dns.c ****           if ((entry->reqaddrtype == LWIP_DNS_ADDRTYPE_IPV4_IPV6) ||
1334:Middlewares/Third_Party/LwIP/src/core/dns.c ****               (entry->reqaddrtype == LWIP_DNS_ADDRTYPE_IPV6_IPV4)) {
1335:Middlewares/Third_Party/LwIP/src/core/dns.c ****             if (entry->reqaddrtype == LWIP_DNS_ADDRTYPE_IPV4_IPV6) {
1336:Middlewares/Third_Party/LwIP/src/core/dns.c ****               /* IPv4 failed, try IPv6 */
1337:Middlewares/Third_Party/LwIP/src/core/dns.c ****               dns_table[i].reqaddrtype = LWIP_DNS_ADDRTYPE_IPV6;
1338:Middlewares/Third_Party/LwIP/src/core/dns.c ****             } else {
1339:Middlewares/Third_Party/LwIP/src/core/dns.c ****               /* IPv6 failed, try IPv4 */
1340:Middlewares/Third_Party/LwIP/src/core/dns.c ****               dns_table[i].reqaddrtype = LWIP_DNS_ADDRTYPE_IPV4;
1341:Middlewares/Third_Party/LwIP/src/core/dns.c ****             }
1342:Middlewares/Third_Party/LwIP/src/core/dns.c ****             pbuf_free(p);
ARM GAS  /tmp/ccMnJyjS.s 			page 57


1343:Middlewares/Third_Party/LwIP/src/core/dns.c ****             dns_table[i].state = DNS_STATE_NEW;
1344:Middlewares/Third_Party/LwIP/src/core/dns.c ****             dns_check_entry(i);
1345:Middlewares/Third_Party/LwIP/src/core/dns.c ****             return;
1346:Middlewares/Third_Party/LwIP/src/core/dns.c ****           }
1347:Middlewares/Third_Party/LwIP/src/core/dns.c **** #endif /* LWIP_IPV4 && LWIP_IPV6 */
1348:Middlewares/Third_Party/LwIP/src/core/dns.c ****           LWIP_DEBUGF(DNS_DEBUG, ("dns_recv: \"%s\": error in response\n", entry->name));
1349:Middlewares/Third_Party/LwIP/src/core/dns.c ****         }
1350:Middlewares/Third_Party/LwIP/src/core/dns.c ****         /* call callback to indicate error, clean up memory and return */
1351:Middlewares/Third_Party/LwIP/src/core/dns.c ****         pbuf_free(p);
1352:Middlewares/Third_Party/LwIP/src/core/dns.c ****         dns_call_found(i, NULL);
1353:Middlewares/Third_Party/LwIP/src/core/dns.c ****         dns_table[i].state = DNS_STATE_UNUSED;
1354:Middlewares/Third_Party/LwIP/src/core/dns.c ****         return;
1355:Middlewares/Third_Party/LwIP/src/core/dns.c ****       }
1356:Middlewares/Third_Party/LwIP/src/core/dns.c ****     }
1357:Middlewares/Third_Party/LwIP/src/core/dns.c ****   }
1358:Middlewares/Third_Party/LwIP/src/core/dns.c **** 
1359:Middlewares/Third_Party/LwIP/src/core/dns.c **** ignore_packet:
1360:Middlewares/Third_Party/LwIP/src/core/dns.c ****   /* deallocate memory and return */
1361:Middlewares/Third_Party/LwIP/src/core/dns.c ****   pbuf_free(p);
1362:Middlewares/Third_Party/LwIP/src/core/dns.c ****   return;
1363:Middlewares/Third_Party/LwIP/src/core/dns.c **** }
1364:Middlewares/Third_Party/LwIP/src/core/dns.c **** 
1365:Middlewares/Third_Party/LwIP/src/core/dns.c **** /**
1366:Middlewares/Third_Party/LwIP/src/core/dns.c ****  * Queues a new hostname to resolve and sends out a DNS query for that hostname
1367:Middlewares/Third_Party/LwIP/src/core/dns.c ****  *
1368:Middlewares/Third_Party/LwIP/src/core/dns.c ****  * @param name the hostname that is to be queried
1369:Middlewares/Third_Party/LwIP/src/core/dns.c ****  * @param hostnamelen length of the hostname
1370:Middlewares/Third_Party/LwIP/src/core/dns.c ****  * @param found a callback function to be called on success, failure or timeout
1371:Middlewares/Third_Party/LwIP/src/core/dns.c ****  * @param callback_arg argument to pass to the callback function
1372:Middlewares/Third_Party/LwIP/src/core/dns.c ****  * @return err_t return code.
1373:Middlewares/Third_Party/LwIP/src/core/dns.c ****  */
1374:Middlewares/Third_Party/LwIP/src/core/dns.c **** static err_t
1375:Middlewares/Third_Party/LwIP/src/core/dns.c **** dns_enqueue(const char *name, size_t hostnamelen, dns_found_callback found,
1376:Middlewares/Third_Party/LwIP/src/core/dns.c ****             void *callback_arg LWIP_DNS_ADDRTYPE_ARG(u8_t dns_addrtype) LWIP_DNS_ISMDNS_ARG(u8_t is
1377:Middlewares/Third_Party/LwIP/src/core/dns.c **** {
 1462              		.loc 1 1377 1 is_stmt 1 view -0
 1463              		.cfi_startproc
 1464              		@ args = 0, pretend = 0, frame = 0
 1465              		@ frame_needed = 0, uses_anonymous_args = 0
 1466              		.loc 1 1377 1 is_stmt 0 view .LVU434
 1467 0000 2DE9F84F 		push	{r3, r4, r5, r6, r7, r8, r9, r10, fp, lr}
 1468              	.LCFI12:
 1469              		.cfi_def_cfa_offset 40
 1470              		.cfi_offset 3, -40
 1471              		.cfi_offset 4, -36
 1472              		.cfi_offset 5, -32
 1473              		.cfi_offset 6, -28
 1474              		.cfi_offset 7, -24
 1475              		.cfi_offset 8, -20
 1476              		.cfi_offset 9, -16
 1477              		.cfi_offset 10, -12
 1478              		.cfi_offset 11, -8
 1479              		.cfi_offset 14, -4
 1480 0004 0546     		mov	r5, r0
 1481 0006 0E46     		mov	r6, r1
 1482 0008 9046     		mov	r8, r2
 1483 000a 1F46     		mov	r7, r3
ARM GAS  /tmp/ccMnJyjS.s 			page 58


1378:Middlewares/Third_Party/LwIP/src/core/dns.c ****   u8_t i;
 1484              		.loc 1 1378 3 is_stmt 1 view .LVU435
1379:Middlewares/Third_Party/LwIP/src/core/dns.c ****   u8_t lseq, lseqi;
 1485              		.loc 1 1379 3 view .LVU436
1380:Middlewares/Third_Party/LwIP/src/core/dns.c ****   struct dns_table_entry *entry = NULL;
 1486              		.loc 1 1380 3 view .LVU437
 1487              	.LVL132:
1381:Middlewares/Third_Party/LwIP/src/core/dns.c ****   size_t namelen;
 1488              		.loc 1 1381 3 view .LVU438
1382:Middlewares/Third_Party/LwIP/src/core/dns.c ****   struct dns_req_entry *req;
 1489              		.loc 1 1382 3 view .LVU439
1383:Middlewares/Third_Party/LwIP/src/core/dns.c **** 
1384:Middlewares/Third_Party/LwIP/src/core/dns.c **** #if ((LWIP_DNS_SECURE & LWIP_DNS_SECURE_NO_MULTIPLE_OUTSTANDING) != 0)
1385:Middlewares/Third_Party/LwIP/src/core/dns.c ****   u8_t r;
 1490              		.loc 1 1385 3 view .LVU440
1386:Middlewares/Third_Party/LwIP/src/core/dns.c ****   /* check for duplicate entries */
1387:Middlewares/Third_Party/LwIP/src/core/dns.c ****   for (i = 0; i < DNS_TABLE_SIZE; i++) {
 1491              		.loc 1 1387 3 view .LVU441
 1492              		.loc 1 1387 10 is_stmt 0 view .LVU442
 1493 000c 0024     		movs	r4, #0
 1494              		.loc 1 1387 3 view .LVU443
 1495 000e 0DE0     		b	.L117
 1496              	.LVL133:
 1497              	.L141:
1388:Middlewares/Third_Party/LwIP/src/core/dns.c ****     if ((dns_table[i].state == DNS_STATE_ASKING) &&
1389:Middlewares/Third_Party/LwIP/src/core/dns.c ****         (lwip_strnicmp(name, dns_table[i].name, sizeof(dns_table[i].name)) == 0)) {
1390:Middlewares/Third_Party/LwIP/src/core/dns.c **** #if LWIP_IPV4 && LWIP_IPV6
1391:Middlewares/Third_Party/LwIP/src/core/dns.c ****       if (dns_table[i].reqaddrtype != dns_addrtype) {
1392:Middlewares/Third_Party/LwIP/src/core/dns.c ****         /* requested address types don't match
1393:Middlewares/Third_Party/LwIP/src/core/dns.c ****            this can lead to 2 concurrent requests, but mixing the address types
1394:Middlewares/Third_Party/LwIP/src/core/dns.c ****            for the same host should not be that common */
1395:Middlewares/Third_Party/LwIP/src/core/dns.c ****         continue;
1396:Middlewares/Third_Party/LwIP/src/core/dns.c ****       }
1397:Middlewares/Third_Party/LwIP/src/core/dns.c **** #endif /* LWIP_IPV4 && LWIP_IPV6 */
1398:Middlewares/Third_Party/LwIP/src/core/dns.c ****       /* this is a duplicate entry, find a free request entry */
1399:Middlewares/Third_Party/LwIP/src/core/dns.c ****       for (r = 0; r < DNS_MAX_REQUESTS; r++) {
1400:Middlewares/Third_Party/LwIP/src/core/dns.c ****         if (dns_requests[r].found == 0) {
1401:Middlewares/Third_Party/LwIP/src/core/dns.c ****           dns_requests[r].found = found;
 1498              		.loc 1 1401 11 is_stmt 1 view .LVU444
 1499              		.loc 1 1401 33 is_stmt 0 view .LVU445
 1500 0010 0A46     		mov	r2, r1
 1501 0012 03EB4301 		add	r1, r3, r3, lsl #1
 1502 0016 02EB8100 		add	r0, r2, r1, lsl #2
 1503 001a 42F82180 		str	r8, [r2, r1, lsl #2]
1402:Middlewares/Third_Party/LwIP/src/core/dns.c ****           dns_requests[r].arg = callback_arg;
 1504              		.loc 1 1402 11 is_stmt 1 view .LVU446
 1505              		.loc 1 1402 31 is_stmt 0 view .LVU447
 1506 001e 4760     		str	r7, [r0, #4]
1403:Middlewares/Third_Party/LwIP/src/core/dns.c ****           dns_requests[r].dns_table_idx = i;
 1507              		.loc 1 1403 11 is_stmt 1 view .LVU448
 1508              		.loc 1 1403 41 is_stmt 0 view .LVU449
 1509 0020 0472     		strb	r4, [r0, #8]
1404:Middlewares/Third_Party/LwIP/src/core/dns.c ****           LWIP_DNS_SET_ADDRTYPE(dns_requests[r].reqaddrtype, dns_addrtype);
 1510              		.loc 1 1404 75 is_stmt 1 view .LVU450
1405:Middlewares/Third_Party/LwIP/src/core/dns.c ****           LWIP_DEBUGF(DNS_DEBUG, ("dns_enqueue: \"%s\": duplicate request\n", name));
 1511              		.loc 1 1405 11 view .LVU451
 1512              		.loc 1 1405 11 view .LVU452
ARM GAS  /tmp/ccMnJyjS.s 			page 59


 1513              		.loc 1 1405 11 discriminator 4 view .LVU453
1406:Middlewares/Third_Party/LwIP/src/core/dns.c ****           return ERR_INPROGRESS;
 1514              		.loc 1 1406 11 view .LVU454
 1515              		.loc 1 1406 18 is_stmt 0 view .LVU455
 1516 0022 6FF00400 		mvn	r0, #4
 1517 0026 94E0     		b	.L121
 1518              	.LVL134:
 1519              	.L118:
1387:Middlewares/Third_Party/LwIP/src/core/dns.c ****     if ((dns_table[i].state == DNS_STATE_ASKING) &&
 1520              		.loc 1 1387 36 is_stmt 1 discriminator 2 view .LVU456
 1521 0028 0134     		adds	r4, r4, #1
 1522              	.LVL135:
1387:Middlewares/Third_Party/LwIP/src/core/dns.c ****     if ((dns_table[i].state == DNS_STATE_ASKING) &&
 1523              		.loc 1 1387 36 is_stmt 0 discriminator 2 view .LVU457
 1524 002a E4B2     		uxtb	r4, r4
 1525              	.LVL136:
 1526              	.L117:
1387:Middlewares/Third_Party/LwIP/src/core/dns.c ****     if ((dns_table[i].state == DNS_STATE_ASKING) &&
 1527              		.loc 1 1387 17 is_stmt 1 discriminator 1 view .LVU458
 1528 002c 032C     		cmp	r4, #3
 1529 002e 1FD8     		bhi	.L140
1388:Middlewares/Third_Party/LwIP/src/core/dns.c ****         (lwip_strnicmp(name, dns_table[i].name, sizeof(dns_table[i].name)) == 0)) {
 1530              		.loc 1 1388 5 view .LVU459
1388:Middlewares/Third_Party/LwIP/src/core/dns.c ****         (lwip_strnicmp(name, dns_table[i].name, sizeof(dns_table[i].name)) == 0)) {
 1531              		.loc 1 1388 22 is_stmt 0 view .LVU460
 1532 0030 04EB0412 		add	r2, r4, r4, lsl #4
 1533 0034 504B     		ldr	r3, .L145
 1534 0036 03EB0213 		add	r3, r3, r2, lsl #4
 1535 003a 9B7A     		ldrb	r3, [r3, #10]	@ zero_extendqisi2
1388:Middlewares/Third_Party/LwIP/src/core/dns.c ****         (lwip_strnicmp(name, dns_table[i].name, sizeof(dns_table[i].name)) == 0)) {
 1536              		.loc 1 1388 8 view .LVU461
 1537 003c 022B     		cmp	r3, #2
 1538 003e F3D1     		bne	.L118
1389:Middlewares/Third_Party/LwIP/src/core/dns.c **** #if LWIP_IPV4 && LWIP_IPV6
 1539              		.loc 1 1389 42 view .LVU462
 1540 0040 1301     		lsls	r3, r2, #4
 1541 0042 1033     		adds	r3, r3, #16
1389:Middlewares/Third_Party/LwIP/src/core/dns.c **** #if LWIP_IPV4 && LWIP_IPV6
 1542              		.loc 1 1389 10 view .LVU463
 1543 0044 4FF48072 		mov	r2, #256
 1544 0048 4B49     		ldr	r1, .L145
 1545 004a 1944     		add	r1, r1, r3
 1546 004c 2846     		mov	r0, r5
 1547 004e FFF7FEFF 		bl	lwip_strnicmp
 1548              	.LVL137:
1388:Middlewares/Third_Party/LwIP/src/core/dns.c ****         (lwip_strnicmp(name, dns_table[i].name, sizeof(dns_table[i].name)) == 0)) {
 1549              		.loc 1 1388 50 discriminator 1 view .LVU464
 1550 0052 0028     		cmp	r0, #0
 1551 0054 E8D1     		bne	.L118
1399:Middlewares/Third_Party/LwIP/src/core/dns.c ****         if (dns_requests[r].found == 0) {
 1552              		.loc 1 1399 14 view .LVU465
 1553 0056 0023     		movs	r3, #0
 1554              	.L119:
 1555              	.LVL138:
1399:Middlewares/Third_Party/LwIP/src/core/dns.c ****         if (dns_requests[r].found == 0) {
 1556              		.loc 1 1399 21 is_stmt 1 discriminator 1 view .LVU466
 1557 0058 032B     		cmp	r3, #3
ARM GAS  /tmp/ccMnJyjS.s 			page 60


 1558 005a E5D8     		bhi	.L118
1400:Middlewares/Third_Party/LwIP/src/core/dns.c ****           dns_requests[r].found = found;
 1559              		.loc 1 1400 9 view .LVU467
1400:Middlewares/Third_Party/LwIP/src/core/dns.c ****           dns_requests[r].found = found;
 1560              		.loc 1 1400 28 is_stmt 0 view .LVU468
 1561 005c 03EB4302 		add	r2, r3, r3, lsl #1
 1562 0060 4649     		ldr	r1, .L145+4
 1563 0062 51F82220 		ldr	r2, [r1, r2, lsl #2]
1400:Middlewares/Third_Party/LwIP/src/core/dns.c ****           dns_requests[r].found = found;
 1564              		.loc 1 1400 12 view .LVU469
 1565 0066 002A     		cmp	r2, #0
 1566 0068 D2D0     		beq	.L141
1399:Middlewares/Third_Party/LwIP/src/core/dns.c ****         if (dns_requests[r].found == 0) {
 1567              		.loc 1 1399 42 is_stmt 1 discriminator 2 view .LVU470
 1568 006a 0133     		adds	r3, r3, #1
 1569              	.LVL139:
1399:Middlewares/Third_Party/LwIP/src/core/dns.c ****         if (dns_requests[r].found == 0) {
 1570              		.loc 1 1399 42 is_stmt 0 discriminator 2 view .LVU471
 1571 006c DBB2     		uxtb	r3, r3
 1572              	.LVL140:
1399:Middlewares/Third_Party/LwIP/src/core/dns.c ****         if (dns_requests[r].found == 0) {
 1573              		.loc 1 1399 42 discriminator 2 view .LVU472
 1574 006e F3E7     		b	.L119
 1575              	.LVL141:
 1576              	.L140:
1380:Middlewares/Third_Party/LwIP/src/core/dns.c ****   size_t namelen;
 1577              		.loc 1 1380 27 view .LVU473
 1578 0070 4FF00009 		mov	r9, #0
1407:Middlewares/Third_Party/LwIP/src/core/dns.c ****         }
1408:Middlewares/Third_Party/LwIP/src/core/dns.c ****       }
1409:Middlewares/Third_Party/LwIP/src/core/dns.c ****     }
1410:Middlewares/Third_Party/LwIP/src/core/dns.c ****   }
1411:Middlewares/Third_Party/LwIP/src/core/dns.c ****   /* no duplicate entries found */
1412:Middlewares/Third_Party/LwIP/src/core/dns.c **** #endif
1413:Middlewares/Third_Party/LwIP/src/core/dns.c **** 
1414:Middlewares/Third_Party/LwIP/src/core/dns.c ****   /* search an unused entry, or the oldest one */
1415:Middlewares/Third_Party/LwIP/src/core/dns.c ****   lseq = 0;
1416:Middlewares/Third_Party/LwIP/src/core/dns.c ****   lseqi = DNS_TABLE_SIZE;
 1579              		.loc 1 1416 9 view .LVU474
 1580 0074 0422     		movs	r2, #4
1415:Middlewares/Third_Party/LwIP/src/core/dns.c ****   lseqi = DNS_TABLE_SIZE;
 1581              		.loc 1 1415 8 view .LVU475
 1582 0076 4946     		mov	r1, r9
1417:Middlewares/Third_Party/LwIP/src/core/dns.c ****   for (i = 0; i < DNS_TABLE_SIZE; ++i) {
 1583              		.loc 1 1417 10 view .LVU476
 1584 0078 4C46     		mov	r4, r9
 1585              	.LVL142:
 1586              		.loc 1 1417 10 view .LVU477
 1587 007a 01E0     		b	.L124
 1588              	.LVL143:
 1589              	.L126:
 1590              		.loc 1 1417 35 is_stmt 1 discriminator 2 view .LVU478
 1591 007c 0134     		adds	r4, r4, #1
 1592              	.LVL144:
 1593              		.loc 1 1417 35 is_stmt 0 discriminator 2 view .LVU479
 1594 007e E4B2     		uxtb	r4, r4
 1595              	.LVL145:
ARM GAS  /tmp/ccMnJyjS.s 			page 61


 1596              	.L124:
 1597              		.loc 1 1417 17 is_stmt 1 discriminator 1 view .LVU480
 1598 0080 032C     		cmp	r4, #3
 1599 0082 14D8     		bhi	.L125
1418:Middlewares/Third_Party/LwIP/src/core/dns.c ****     entry = &dns_table[i];
 1600              		.loc 1 1418 5 view .LVU481
 1601              		.loc 1 1418 11 is_stmt 0 view .LVU482
 1602 0084 04EB0413 		add	r3, r4, r4, lsl #4
 1603 0088 3B48     		ldr	r0, .L145
 1604 008a 00EB0319 		add	r9, r0, r3, lsl #4
 1605              	.LVL146:
1419:Middlewares/Third_Party/LwIP/src/core/dns.c ****     /* is it an unused entry ? */
1420:Middlewares/Third_Party/LwIP/src/core/dns.c ****     if (entry->state == DNS_STATE_UNUSED) {
 1606              		.loc 1 1420 5 is_stmt 1 view .LVU483
 1607              		.loc 1 1420 14 is_stmt 0 view .LVU484
 1608 008e 99F80A30 		ldrb	r3, [r9, #10]	@ zero_extendqisi2
 1609              		.loc 1 1420 8 view .LVU485
 1610 0092 63B1     		cbz	r3, .L125
1421:Middlewares/Third_Party/LwIP/src/core/dns.c ****       break;
1422:Middlewares/Third_Party/LwIP/src/core/dns.c ****     }
1423:Middlewares/Third_Party/LwIP/src/core/dns.c ****     /* check if this is the oldest completed entry */
1424:Middlewares/Third_Party/LwIP/src/core/dns.c ****     if (entry->state == DNS_STATE_DONE) {
 1611              		.loc 1 1424 5 is_stmt 1 view .LVU486
 1612              		.loc 1 1424 8 is_stmt 0 view .LVU487
 1613 0094 032B     		cmp	r3, #3
 1614 0096 F1D1     		bne	.L126
 1615              	.LBB7:
1425:Middlewares/Third_Party/LwIP/src/core/dns.c ****       u8_t age = (u8_t)(dns_seqno - entry->seqno);
 1616              		.loc 1 1425 7 is_stmt 1 view .LVU488
 1617              		.loc 1 1425 18 is_stmt 0 view .LVU489
 1618 0098 394B     		ldr	r3, .L145+8
 1619 009a 1B78     		ldrb	r3, [r3]	@ zero_extendqisi2
 1620              		.loc 1 1425 42 view .LVU490
 1621 009c 99F80E00 		ldrb	r0, [r9, #14]	@ zero_extendqisi2
 1622              		.loc 1 1425 12 view .LVU491
 1623 00a0 1B1A     		subs	r3, r3, r0
 1624 00a2 DBB2     		uxtb	r3, r3
 1625              	.LVL147:
1426:Middlewares/Third_Party/LwIP/src/core/dns.c ****       if (age > lseq) {
 1626              		.loc 1 1426 7 is_stmt 1 view .LVU492
 1627              		.loc 1 1426 10 is_stmt 0 view .LVU493
 1628 00a4 9942     		cmp	r1, r3
 1629 00a6 E9D2     		bcs	.L126
1427:Middlewares/Third_Party/LwIP/src/core/dns.c ****         lseq = age;
1428:Middlewares/Third_Party/LwIP/src/core/dns.c ****         lseqi = i;
 1630              		.loc 1 1428 15 view .LVU494
 1631 00a8 2246     		mov	r2, r4
 1632              	.LVL148:
1427:Middlewares/Third_Party/LwIP/src/core/dns.c ****         lseq = age;
 1633              		.loc 1 1427 14 view .LVU495
 1634 00aa 1946     		mov	r1, r3
 1635              	.LVL149:
1427:Middlewares/Third_Party/LwIP/src/core/dns.c ****         lseq = age;
 1636              		.loc 1 1427 14 view .LVU496
 1637 00ac E6E7     		b	.L126
 1638              	.LVL150:
 1639              	.L125:
ARM GAS  /tmp/ccMnJyjS.s 			page 62


1427:Middlewares/Third_Party/LwIP/src/core/dns.c ****         lseq = age;
 1640              		.loc 1 1427 14 view .LVU497
 1641              	.LBE7:
1429:Middlewares/Third_Party/LwIP/src/core/dns.c ****       }
1430:Middlewares/Third_Party/LwIP/src/core/dns.c ****     }
1431:Middlewares/Third_Party/LwIP/src/core/dns.c ****   }
1432:Middlewares/Third_Party/LwIP/src/core/dns.c **** 
1433:Middlewares/Third_Party/LwIP/src/core/dns.c ****   /* if we don't have found an unused entry, use the oldest completed one */
1434:Middlewares/Third_Party/LwIP/src/core/dns.c ****   if (i == DNS_TABLE_SIZE) {
 1642              		.loc 1 1434 3 is_stmt 1 view .LVU498
 1643              		.loc 1 1434 6 is_stmt 0 view .LVU499
 1644 00ae 042C     		cmp	r4, #4
 1645 00b0 02D0     		beq	.L142
 1646              	.LVL151:
 1647              	.L128:
1435:Middlewares/Third_Party/LwIP/src/core/dns.c ****     if ((lseqi >= DNS_TABLE_SIZE) || (dns_table[lseqi].state != DNS_STATE_DONE)) {
1436:Middlewares/Third_Party/LwIP/src/core/dns.c ****       /* no entry can be used now, table is full */
1437:Middlewares/Third_Party/LwIP/src/core/dns.c ****       LWIP_DEBUGF(DNS_DEBUG, ("dns_enqueue: \"%s\": DNS entries table is full\n", name));
1438:Middlewares/Third_Party/LwIP/src/core/dns.c ****       return ERR_MEM;
1439:Middlewares/Third_Party/LwIP/src/core/dns.c ****     } else {
1440:Middlewares/Third_Party/LwIP/src/core/dns.c ****       /* use the oldest completed one */
1441:Middlewares/Third_Party/LwIP/src/core/dns.c ****       i = lseqi;
1442:Middlewares/Third_Party/LwIP/src/core/dns.c ****       entry = &dns_table[i];
1443:Middlewares/Third_Party/LwIP/src/core/dns.c ****     }
1444:Middlewares/Third_Party/LwIP/src/core/dns.c ****   }
1445:Middlewares/Third_Party/LwIP/src/core/dns.c **** 
1446:Middlewares/Third_Party/LwIP/src/core/dns.c **** #if ((LWIP_DNS_SECURE & LWIP_DNS_SECURE_NO_MULTIPLE_OUTSTANDING) != 0)
1447:Middlewares/Third_Party/LwIP/src/core/dns.c ****   /* find a free request entry */
1448:Middlewares/Third_Party/LwIP/src/core/dns.c ****   req = NULL;
 1648              		.loc 1 1448 3 is_stmt 1 view .LVU500
1449:Middlewares/Third_Party/LwIP/src/core/dns.c ****   for (r = 0; r < DNS_MAX_REQUESTS; r++) {
 1649              		.loc 1 1449 3 view .LVU501
 1650              		.loc 1 1449 10 is_stmt 0 view .LVU502
 1651 00b2 4FF0000C 		mov	ip, #0
 1652              		.loc 1 1449 3 view .LVU503
 1653 00b6 12E0     		b	.L129
 1654              	.LVL152:
 1655              	.L142:
1435:Middlewares/Third_Party/LwIP/src/core/dns.c ****     if ((lseqi >= DNS_TABLE_SIZE) || (dns_table[lseqi].state != DNS_STATE_DONE)) {
 1656              		.loc 1 1435 5 is_stmt 1 view .LVU504
1435:Middlewares/Third_Party/LwIP/src/core/dns.c ****     if ((lseqi >= DNS_TABLE_SIZE) || (dns_table[lseqi].state != DNS_STATE_DONE)) {
 1657              		.loc 1 1435 8 is_stmt 0 view .LVU505
 1658 00b8 032A     		cmp	r2, #3
 1659 00ba 56D8     		bhi	.L136
1435:Middlewares/Third_Party/LwIP/src/core/dns.c ****     if ((lseqi >= DNS_TABLE_SIZE) || (dns_table[lseqi].state != DNS_STATE_DONE)) {
 1660              		.loc 1 1435 55 discriminator 1 view .LVU506
 1661 00bc 02EB0211 		add	r1, r2, r2, lsl #4
 1662              	.LVL153:
1435:Middlewares/Third_Party/LwIP/src/core/dns.c ****     if ((lseqi >= DNS_TABLE_SIZE) || (dns_table[lseqi].state != DNS_STATE_DONE)) {
 1663              		.loc 1 1435 55 discriminator 1 view .LVU507
 1664 00c0 2D4B     		ldr	r3, .L145
 1665 00c2 03EB0113 		add	r3, r3, r1, lsl #4
 1666 00c6 9B7A     		ldrb	r3, [r3, #10]	@ zero_extendqisi2
1435:Middlewares/Third_Party/LwIP/src/core/dns.c ****     if ((lseqi >= DNS_TABLE_SIZE) || (dns_table[lseqi].state != DNS_STATE_DONE)) {
 1667              		.loc 1 1435 35 discriminator 1 view .LVU508
 1668 00c8 032B     		cmp	r3, #3
 1669 00ca 51D1     		bne	.L137
ARM GAS  /tmp/ccMnJyjS.s 			page 63


1441:Middlewares/Third_Party/LwIP/src/core/dns.c ****       entry = &dns_table[i];
 1670              		.loc 1 1441 7 is_stmt 1 view .LVU509
 1671              	.LVL154:
1442:Middlewares/Third_Party/LwIP/src/core/dns.c ****     }
 1672              		.loc 1 1442 7 view .LVU510
1442:Middlewares/Third_Party/LwIP/src/core/dns.c ****     }
 1673              		.loc 1 1442 13 is_stmt 0 view .LVU511
 1674 00cc 2A4B     		ldr	r3, .L145
 1675 00ce 03EB0119 		add	r9, r3, r1, lsl #4
 1676              	.LVL155:
1441:Middlewares/Third_Party/LwIP/src/core/dns.c ****       entry = &dns_table[i];
 1677              		.loc 1 1441 9 view .LVU512
 1678 00d2 1446     		mov	r4, r2
 1679 00d4 EDE7     		b	.L128
 1680              	.LVL156:
 1681              	.L130:
 1682              		.loc 1 1449 38 is_stmt 1 discriminator 2 view .LVU513
 1683 00d6 0CF1010C 		add	ip, ip, #1
 1684              	.LVL157:
 1685              		.loc 1 1449 38 is_stmt 0 discriminator 2 view .LVU514
 1686 00da 5FFA8CFC 		uxtb	ip, ip
 1687              	.LVL158:
 1688              	.L129:
 1689              		.loc 1 1449 17 is_stmt 1 discriminator 1 view .LVU515
 1690 00de BCF1030F 		cmp	ip, #3
 1691 00e2 34D8     		bhi	.L143
1450:Middlewares/Third_Party/LwIP/src/core/dns.c ****     if (dns_requests[r].found == NULL) {
 1692              		.loc 1 1450 5 view .LVU516
 1693              		.loc 1 1450 24 is_stmt 0 view .LVU517
 1694 00e4 0CEB4C03 		add	r3, ip, ip, lsl #1
 1695 00e8 244A     		ldr	r2, .L145+4
 1696 00ea 52F82330 		ldr	r3, [r2, r3, lsl #2]
 1697              		.loc 1 1450 8 view .LVU518
 1698 00ee 002B     		cmp	r3, #0
 1699 00f0 F1D1     		bne	.L130
1451:Middlewares/Third_Party/LwIP/src/core/dns.c ****       req = &dns_requests[r];
 1700              		.loc 1 1451 7 is_stmt 1 view .LVU519
 1701              		.loc 1 1451 11 is_stmt 0 view .LVU520
 1702 00f2 0CEB4C0C 		add	ip, ip, ip, lsl #1
 1703              	.LVL159:
 1704              		.loc 1 1451 11 view .LVU521
 1705 00f6 4FEA8C0B 		lsl	fp, ip, #2
 1706 00fa 9246     		mov	r10, r2
 1707 00fc 02EB8C0C 		add	ip, r2, ip, lsl #2
 1708              	.LVL160:
1452:Middlewares/Third_Party/LwIP/src/core/dns.c ****       break;
 1709              		.loc 1 1452 7 is_stmt 1 view .LVU522
1453:Middlewares/Third_Party/LwIP/src/core/dns.c ****     }
1454:Middlewares/Third_Party/LwIP/src/core/dns.c ****   }
1455:Middlewares/Third_Party/LwIP/src/core/dns.c ****   if (req == NULL) {
 1710              		.loc 1 1455 3 view .LVU523
1456:Middlewares/Third_Party/LwIP/src/core/dns.c ****     /* no request entry can be used now, table is full */
1457:Middlewares/Third_Party/LwIP/src/core/dns.c ****     LWIP_DEBUGF(DNS_DEBUG, ("dns_enqueue: \"%s\": DNS request entries table is full\n", name));
1458:Middlewares/Third_Party/LwIP/src/core/dns.c ****     return ERR_MEM;
1459:Middlewares/Third_Party/LwIP/src/core/dns.c ****   }
1460:Middlewares/Third_Party/LwIP/src/core/dns.c ****   req->dns_table_idx = i;
 1711              		.loc 1 1460 3 view .LVU524
ARM GAS  /tmp/ccMnJyjS.s 			page 64


 1712              		.loc 1 1460 22 is_stmt 0 view .LVU525
 1713 0100 8CF80840 		strb	r4, [ip, #8]
1461:Middlewares/Third_Party/LwIP/src/core/dns.c **** #else
1462:Middlewares/Third_Party/LwIP/src/core/dns.c ****   /* in this configuration, the entry index is the same as the request index */
1463:Middlewares/Third_Party/LwIP/src/core/dns.c ****   req = &dns_requests[i];
1464:Middlewares/Third_Party/LwIP/src/core/dns.c **** #endif
1465:Middlewares/Third_Party/LwIP/src/core/dns.c **** 
1466:Middlewares/Third_Party/LwIP/src/core/dns.c ****   /* use this entry */
1467:Middlewares/Third_Party/LwIP/src/core/dns.c ****   LWIP_DEBUGF(DNS_DEBUG, ("dns_enqueue: \"%s\": use DNS entry %"U16_F"\n", name, (u16_t)(i)));
 1714              		.loc 1 1467 3 is_stmt 1 view .LVU526
 1715              		.loc 1 1467 3 view .LVU527
 1716              		.loc 1 1467 3 discriminator 4 view .LVU528
1468:Middlewares/Third_Party/LwIP/src/core/dns.c **** 
1469:Middlewares/Third_Party/LwIP/src/core/dns.c ****   /* fill the entry */
1470:Middlewares/Third_Party/LwIP/src/core/dns.c ****   entry->state = DNS_STATE_NEW;
 1717              		.loc 1 1470 3 view .LVU529
 1718              		.loc 1 1470 16 is_stmt 0 view .LVU530
 1719 0104 0123     		movs	r3, #1
 1720 0106 89F80A30 		strb	r3, [r9, #10]
1471:Middlewares/Third_Party/LwIP/src/core/dns.c ****   entry->seqno = dns_seqno;
 1721              		.loc 1 1471 3 is_stmt 1 view .LVU531
 1722              		.loc 1 1471 16 is_stmt 0 view .LVU532
 1723 010a 1D4B     		ldr	r3, .L145+8
 1724 010c 1B78     		ldrb	r3, [r3]	@ zero_extendqisi2
 1725 010e 89F80E30 		strb	r3, [r9, #14]
1472:Middlewares/Third_Party/LwIP/src/core/dns.c ****   LWIP_DNS_SET_ADDRTYPE(entry->reqaddrtype, dns_addrtype);
 1726              		.loc 1 1472 58 is_stmt 1 view .LVU533
1473:Middlewares/Third_Party/LwIP/src/core/dns.c ****   LWIP_DNS_SET_ADDRTYPE(req->reqaddrtype, dns_addrtype);
 1727              		.loc 1 1473 56 view .LVU534
1474:Middlewares/Third_Party/LwIP/src/core/dns.c ****   req->found = found;
 1728              		.loc 1 1474 3 view .LVU535
 1729              		.loc 1 1474 14 is_stmt 0 view .LVU536
 1730 0112 42F80B80 		str	r8, [r2, fp]
1475:Middlewares/Third_Party/LwIP/src/core/dns.c ****   req->arg   = callback_arg;
 1731              		.loc 1 1475 3 is_stmt 1 view .LVU537
 1732              		.loc 1 1475 14 is_stmt 0 view .LVU538
 1733 0116 CCF80470 		str	r7, [ip, #4]
1476:Middlewares/Third_Party/LwIP/src/core/dns.c ****   namelen = LWIP_MIN(hostnamelen, DNS_MAX_NAME_LENGTH - 1);
 1734              		.loc 1 1476 3 is_stmt 1 view .LVU539
 1735              		.loc 1 1476 11 is_stmt 0 view .LVU540
 1736 011a FF2E     		cmp	r6, #255
 1737 011c 28BF     		it	cs
 1738 011e FF26     		movcs	r6, #255
 1739              	.LVL161:
1477:Middlewares/Third_Party/LwIP/src/core/dns.c ****   MEMCPY(entry->name, name, namelen);
 1740              		.loc 1 1477 3 is_stmt 1 view .LVU541
 1741 0120 3246     		mov	r2, r6
 1742 0122 2946     		mov	r1, r5
 1743 0124 09F11000 		add	r0, r9, #16
 1744 0128 FFF7FEFF 		bl	memcpy
 1745              	.LVL162:
1478:Middlewares/Third_Party/LwIP/src/core/dns.c ****   entry->name[namelen] = 0;
 1746              		.loc 1 1478 3 view .LVU542
 1747              		.loc 1 1478 24 is_stmt 0 view .LVU543
 1748 012c 4E44     		add	r6, r6, r9
 1749              	.LVL163:
 1750              		.loc 1 1478 24 view .LVU544
ARM GAS  /tmp/ccMnJyjS.s 			page 65


 1751 012e 0023     		movs	r3, #0
 1752 0130 3374     		strb	r3, [r6, #16]
1479:Middlewares/Third_Party/LwIP/src/core/dns.c **** 
1480:Middlewares/Third_Party/LwIP/src/core/dns.c **** #if ((LWIP_DNS_SECURE & LWIP_DNS_SECURE_RAND_SRC_PORT) != 0)
1481:Middlewares/Third_Party/LwIP/src/core/dns.c ****   entry->pcb_idx = dns_alloc_pcb();
 1753              		.loc 1 1481 3 is_stmt 1 view .LVU545
 1754              		.loc 1 1481 20 is_stmt 0 view .LVU546
 1755 0132 FFF7FEFF 		bl	dns_alloc_pcb
 1756              	.LVL164:
 1757              		.loc 1 1481 18 discriminator 1 view .LVU547
 1758 0136 89F80F00 		strb	r0, [r9, #15]
1482:Middlewares/Third_Party/LwIP/src/core/dns.c ****   if (entry->pcb_idx >= DNS_MAX_SOURCE_PORTS) {
 1759              		.loc 1 1482 3 is_stmt 1 view .LVU548
 1760              		.loc 1 1482 6 is_stmt 0 view .LVU549
 1761 013a 0328     		cmp	r0, #3
 1762 013c 0BD9     		bls	.L144
1483:Middlewares/Third_Party/LwIP/src/core/dns.c ****     /* failed to get a UDP pcb */
1484:Middlewares/Third_Party/LwIP/src/core/dns.c ****     LWIP_DEBUGF(DNS_DEBUG, ("dns_enqueue: \"%s\": failed to allocate a pcb\n", name));
 1763              		.loc 1 1484 5 is_stmt 1 view .LVU550
 1764              		.loc 1 1484 5 view .LVU551
 1765              		.loc 1 1484 5 discriminator 4 view .LVU552
1485:Middlewares/Third_Party/LwIP/src/core/dns.c ****     entry->state = DNS_STATE_UNUSED;
 1766              		.loc 1 1485 5 view .LVU553
 1767              		.loc 1 1485 18 is_stmt 0 view .LVU554
 1768 013e 0023     		movs	r3, #0
 1769 0140 89F80A30 		strb	r3, [r9, #10]
1486:Middlewares/Third_Party/LwIP/src/core/dns.c ****     req->found = NULL;
 1770              		.loc 1 1486 5 is_stmt 1 view .LVU555
 1771              		.loc 1 1486 16 is_stmt 0 view .LVU556
 1772 0144 4AF80B30 		str	r3, [r10, fp]
1487:Middlewares/Third_Party/LwIP/src/core/dns.c ****     return ERR_MEM;
 1773              		.loc 1 1487 5 is_stmt 1 view .LVU557
 1774              		.loc 1 1487 12 is_stmt 0 view .LVU558
 1775 0148 4FF0FF30 		mov	r0, #-1
 1776 014c 01E0     		b	.L121
 1777              	.LVL165:
 1778              	.L143:
1458:Middlewares/Third_Party/LwIP/src/core/dns.c ****   }
 1779              		.loc 1 1458 12 view .LVU559
 1780 014e 4FF0FF30 		mov	r0, #-1
 1781              	.LVL166:
 1782              	.L121:
1488:Middlewares/Third_Party/LwIP/src/core/dns.c ****   }
1489:Middlewares/Third_Party/LwIP/src/core/dns.c ****   LWIP_DEBUGF(DNS_DEBUG, ("dns_enqueue: \"%s\": use DNS pcb %"U16_F"\n", name, (u16_t)(entry->pcb_i
1490:Middlewares/Third_Party/LwIP/src/core/dns.c **** #endif
1491:Middlewares/Third_Party/LwIP/src/core/dns.c **** 
1492:Middlewares/Third_Party/LwIP/src/core/dns.c **** #if LWIP_DNS_SUPPORT_MDNS_QUERIES
1493:Middlewares/Third_Party/LwIP/src/core/dns.c ****   entry->is_mdns = is_mdns;
1494:Middlewares/Third_Party/LwIP/src/core/dns.c **** #endif
1495:Middlewares/Third_Party/LwIP/src/core/dns.c **** 
1496:Middlewares/Third_Party/LwIP/src/core/dns.c ****   dns_seqno++;
1497:Middlewares/Third_Party/LwIP/src/core/dns.c **** 
1498:Middlewares/Third_Party/LwIP/src/core/dns.c ****   /* force to send query without waiting timer */
1499:Middlewares/Third_Party/LwIP/src/core/dns.c ****   dns_check_entry(i);
1500:Middlewares/Third_Party/LwIP/src/core/dns.c **** 
1501:Middlewares/Third_Party/LwIP/src/core/dns.c ****   /* dns query is enqueued */
1502:Middlewares/Third_Party/LwIP/src/core/dns.c ****   return ERR_INPROGRESS;
ARM GAS  /tmp/ccMnJyjS.s 			page 66


1503:Middlewares/Third_Party/LwIP/src/core/dns.c **** }
 1783              		.loc 1 1503 1 view .LVU560
 1784 0152 BDE8F88F 		pop	{r3, r4, r5, r6, r7, r8, r9, r10, fp, pc}
 1785              	.LVL167:
 1786              	.L144:
1489:Middlewares/Third_Party/LwIP/src/core/dns.c **** #endif
 1787              		.loc 1 1489 3 is_stmt 1 view .LVU561
1489:Middlewares/Third_Party/LwIP/src/core/dns.c **** #endif
 1788              		.loc 1 1489 3 view .LVU562
1489:Middlewares/Third_Party/LwIP/src/core/dns.c **** #endif
 1789              		.loc 1 1489 3 discriminator 4 view .LVU563
1496:Middlewares/Third_Party/LwIP/src/core/dns.c **** 
 1790              		.loc 1 1496 3 view .LVU564
1496:Middlewares/Third_Party/LwIP/src/core/dns.c **** 
 1791              		.loc 1 1496 12 is_stmt 0 view .LVU565
 1792 0156 0A4A     		ldr	r2, .L145+8
 1793 0158 1378     		ldrb	r3, [r2]	@ zero_extendqisi2
 1794 015a 0133     		adds	r3, r3, #1
 1795 015c 1370     		strb	r3, [r2]
1499:Middlewares/Third_Party/LwIP/src/core/dns.c **** 
 1796              		.loc 1 1499 3 is_stmt 1 view .LVU566
 1797 015e 2046     		mov	r0, r4
 1798 0160 FFF7FEFF 		bl	dns_check_entry
 1799              	.LVL168:
1502:Middlewares/Third_Party/LwIP/src/core/dns.c **** }
 1800              		.loc 1 1502 3 view .LVU567
1502:Middlewares/Third_Party/LwIP/src/core/dns.c **** }
 1801              		.loc 1 1502 10 is_stmt 0 view .LVU568
 1802 0164 6FF00400 		mvn	r0, #4
 1803 0168 F3E7     		b	.L121
 1804              	.LVL169:
 1805              	.L136:
1438:Middlewares/Third_Party/LwIP/src/core/dns.c ****     } else {
 1806              		.loc 1 1438 14 view .LVU569
 1807 016a 4FF0FF30 		mov	r0, #-1
 1808 016e F0E7     		b	.L121
 1809              	.LVL170:
 1810              	.L137:
1438:Middlewares/Third_Party/LwIP/src/core/dns.c ****     } else {
 1811              		.loc 1 1438 14 view .LVU570
 1812 0170 4FF0FF30 		mov	r0, #-1
 1813 0174 EDE7     		b	.L121
 1814              	.L146:
 1815 0176 00BF     		.align	2
 1816              	.L145:
 1817 0178 00000000 		.word	dns_table
 1818 017c 00000000 		.word	dns_requests
 1819 0180 00000000 		.word	dns_seqno
 1820              		.cfi_endproc
 1821              	.LFE173:
 1823              		.section	.text.dns_compare_name,"ax",%progbits
 1824              		.align	1
 1825              		.syntax unified
 1826              		.thumb
 1827              		.thumb_func
 1829              	dns_compare_name:
 1830              	.LVL171:
ARM GAS  /tmp/ccMnJyjS.s 			page 67


 1831              	.LFB161:
 652:Middlewares/Third_Party/LwIP/src/core/dns.c ****   int n;
 1832              		.loc 1 652 1 is_stmt 1 view -0
 1833              		.cfi_startproc
 1834              		@ args = 0, pretend = 0, frame = 0
 1835              		@ frame_needed = 0, uses_anonymous_args = 0
 652:Middlewares/Third_Party/LwIP/src/core/dns.c ****   int n;
 1836              		.loc 1 652 1 is_stmt 0 view .LVU572
 1837 0000 F8B5     		push	{r3, r4, r5, r6, r7, lr}
 1838              	.LCFI13:
 1839              		.cfi_def_cfa_offset 24
 1840              		.cfi_offset 3, -24
 1841              		.cfi_offset 4, -20
 1842              		.cfi_offset 5, -16
 1843              		.cfi_offset 6, -12
 1844              		.cfi_offset 7, -8
 1845              		.cfi_offset 14, -4
 1846 0002 0646     		mov	r6, r0
 1847 0004 0F46     		mov	r7, r1
 1848 0006 1446     		mov	r4, r2
 653:Middlewares/Third_Party/LwIP/src/core/dns.c ****   u16_t response_offset = start_offset;
 1849              		.loc 1 653 3 is_stmt 1 view .LVU573
 654:Middlewares/Third_Party/LwIP/src/core/dns.c **** 
 1850              		.loc 1 654 3 view .LVU574
 1851              	.LVL172:
 1852              	.L154:
 656:Middlewares/Third_Party/LwIP/src/core/dns.c ****     n = pbuf_try_get_at(p, response_offset);
 1853              		.loc 1 656 3 view .LVU575
 657:Middlewares/Third_Party/LwIP/src/core/dns.c ****     if ((n < 0) || (response_offset == 0xFFFF)) {
 1854              		.loc 1 657 5 view .LVU576
 657:Middlewares/Third_Party/LwIP/src/core/dns.c ****     if ((n < 0) || (response_offset == 0xFFFF)) {
 1855              		.loc 1 657 9 is_stmt 0 view .LVU577
 1856 0008 2146     		mov	r1, r4
 1857 000a 3846     		mov	r0, r7
 1858 000c FFF7FEFF 		bl	pbuf_try_get_at
 1859              	.LVL173:
 658:Middlewares/Third_Party/LwIP/src/core/dns.c ****       /* error or overflow */
 1860              		.loc 1 658 5 is_stmt 1 view .LVU578
 658:Middlewares/Third_Party/LwIP/src/core/dns.c ****       /* error or overflow */
 1861              		.loc 1 658 8 is_stmt 0 view .LVU579
 1862 0010 051E     		subs	r5, r0, #0
 1863 0012 40DB     		blt	.L155
 658:Middlewares/Third_Party/LwIP/src/core/dns.c ****       /* error or overflow */
 1864              		.loc 1 658 17 discriminator 1 view .LVU580
 1865 0014 4FF6FF73 		movw	r3, #65535
 1866 0018 9C42     		cmp	r4, r3
 1867 001a 3FD0     		beq	.L156
 662:Middlewares/Third_Party/LwIP/src/core/dns.c ****     /** @see RFC 1035 - 4.1.4. Message compression */
 1868              		.loc 1 662 5 is_stmt 1 view .LVU581
 662:Middlewares/Third_Party/LwIP/src/core/dns.c ****     /** @see RFC 1035 - 4.1.4. Message compression */
 1869              		.loc 1 662 20 is_stmt 0 view .LVU582
 1870 001c 0134     		adds	r4, r4, #1
 1871              	.LVL174:
 662:Middlewares/Third_Party/LwIP/src/core/dns.c ****     /** @see RFC 1035 - 4.1.4. Message compression */
 1872              		.loc 1 662 20 view .LVU583
 1873 001e A4B2     		uxth	r4, r4
 1874              	.LVL175:
ARM GAS  /tmp/ccMnJyjS.s 			page 68


 664:Middlewares/Third_Party/LwIP/src/core/dns.c ****       /* Compressed name: cannot be equal since we don't send them */
 1875              		.loc 1 664 5 is_stmt 1 view .LVU584
 664:Middlewares/Third_Party/LwIP/src/core/dns.c ****       /* Compressed name: cannot be equal since we don't send them */
 1876              		.loc 1 664 12 is_stmt 0 view .LVU585
 1877 0020 05F0C003 		and	r3, r5, #192
 664:Middlewares/Third_Party/LwIP/src/core/dns.c ****       /* Compressed name: cannot be equal since we don't send them */
 1878              		.loc 1 664 8 view .LVU586
 1879 0024 C02B     		cmp	r3, #192
 1880 0026 0ED1     		bne	.L149
 666:Middlewares/Third_Party/LwIP/src/core/dns.c ****     } else {
 1881              		.loc 1 666 14 view .LVU587
 1882 0028 4FF6FF70 		movw	r0, #65535
 1883              	.LVL176:
 666:Middlewares/Third_Party/LwIP/src/core/dns.c ****     } else {
 1884              		.loc 1 666 14 view .LVU588
 1885 002c 3AE0     		b	.L148
 1886              	.LVL177:
 1887              	.L165:
 1888              	.LBB8:
 1889              	.LBB9:
 674:Middlewares/Third_Party/LwIP/src/core/dns.c ****           return 0xFFFF;
 1890              		.loc 1 674 13 discriminator 1 view .LVU589
 1891 002e 2032     		adds	r2, r2, #32
 1892              	.LVL178:
 674:Middlewares/Third_Party/LwIP/src/core/dns.c ****           return 0xFFFF;
 1893              		.loc 1 674 13 discriminator 1 view .LVU590
 1894 0030 18E0     		b	.L151
 1895              	.LVL179:
 1896              	.L152:
 674:Middlewares/Third_Party/LwIP/src/core/dns.c ****           return 0xFFFF;
 1897              		.loc 1 674 13 discriminator 1 view .LVU591
 1898              	.LBE9:
 674:Middlewares/Third_Party/LwIP/src/core/dns.c ****           return 0xFFFF;
 1899              		.loc 1 674 12 discriminator 8 view .LVU592
 1900 0032 9A42     		cmp	r2, r3
 1901 0034 37D1     		bne	.L159
 677:Middlewares/Third_Party/LwIP/src/core/dns.c ****           /* would overflow */
 1902              		.loc 1 677 9 is_stmt 1 view .LVU593
 677:Middlewares/Third_Party/LwIP/src/core/dns.c ****           /* would overflow */
 1903              		.loc 1 677 12 is_stmt 0 view .LVU594
 1904 0036 4FF6FF73 		movw	r3, #65535
 1905 003a 9C42     		cmp	r4, r3
 1906 003c 36D0     		beq	.L160
 681:Middlewares/Third_Party/LwIP/src/core/dns.c ****         ++query;
 1907              		.loc 1 681 9 is_stmt 1 view .LVU595
 681:Middlewares/Third_Party/LwIP/src/core/dns.c ****         ++query;
 1908              		.loc 1 681 24 is_stmt 0 view .LVU596
 1909 003e 0134     		adds	r4, r4, #1
 1910              	.LVL180:
 681:Middlewares/Third_Party/LwIP/src/core/dns.c ****         ++query;
 1911              		.loc 1 681 24 view .LVU597
 1912 0040 A4B2     		uxth	r4, r4
 1913              	.LVL181:
 682:Middlewares/Third_Party/LwIP/src/core/dns.c ****         --n;
 1914              		.loc 1 682 9 is_stmt 1 view .LVU598
 1915 0042 0136     		adds	r6, r6, #1
 1916              	.LVL182:
ARM GAS  /tmp/ccMnJyjS.s 			page 69


 683:Middlewares/Third_Party/LwIP/src/core/dns.c ****       }
 1917              		.loc 1 683 9 view .LVU599
 1918 0044 013D     		subs	r5, r5, #1
 1919              	.LVL183:
 1920              	.L149:
 683:Middlewares/Third_Party/LwIP/src/core/dns.c ****       }
 1921              		.loc 1 683 9 is_stmt 0 view .LVU600
 1922              	.LBE8:
 669:Middlewares/Third_Party/LwIP/src/core/dns.c ****         int c = pbuf_try_get_at(p, response_offset);
 1923              		.loc 1 669 16 is_stmt 1 view .LVU601
 1924 0046 002D     		cmp	r5, #0
 1925 0048 15DD     		ble	.L164
 1926              	.LBB12:
 670:Middlewares/Third_Party/LwIP/src/core/dns.c ****         if (c < 0) {
 1927              		.loc 1 670 9 view .LVU602
 670:Middlewares/Third_Party/LwIP/src/core/dns.c ****         if (c < 0) {
 1928              		.loc 1 670 17 is_stmt 0 view .LVU603
 1929 004a 2146     		mov	r1, r4
 1930 004c 3846     		mov	r0, r7
 1931 004e FFF7FEFF 		bl	pbuf_try_get_at
 1932              	.LVL184:
 671:Middlewares/Third_Party/LwIP/src/core/dns.c ****           return 0xFFFF;
 1933              		.loc 1 671 9 is_stmt 1 view .LVU604
 671:Middlewares/Third_Party/LwIP/src/core/dns.c ****           return 0xFFFF;
 1934              		.loc 1 671 12 is_stmt 0 view .LVU605
 1935 0052 031E     		subs	r3, r0, #0
 1936 0054 24DB     		blt	.L158
 674:Middlewares/Third_Party/LwIP/src/core/dns.c ****           return 0xFFFF;
 1937              		.loc 1 674 9 is_stmt 1 view .LVU606
 1938              	.LBB10:
 674:Middlewares/Third_Party/LwIP/src/core/dns.c ****           return 0xFFFF;
 1939              		.loc 1 674 13 view .LVU607
 1940 0056 3278     		ldrb	r2, [r6]	@ zero_extendqisi2
 1941              	.LVL185:
 674:Middlewares/Third_Party/LwIP/src/core/dns.c ****           return 0xFFFF;
 1942              		.loc 1 674 13 view .LVU608
 1943 0058 1849     		ldr	r1, .L166
 1944 005a 895C     		ldrb	r1, [r1, r2]	@ zero_extendqisi2
 1945 005c 01F00301 		and	r1, r1, #3
 1946 0060 0129     		cmp	r1, #1
 1947 0062 E4D0     		beq	.L165
 1948              	.LVL186:
 1949              	.L151:
 674:Middlewares/Third_Party/LwIP/src/core/dns.c ****           return 0xFFFF;
 1950              		.loc 1 674 13 is_stmt 0 view .LVU609
 1951              	.LBE10:
 1952              	.LBB11:
 674:Middlewares/Third_Party/LwIP/src/core/dns.c ****           return 0xFFFF;
 1953              		.loc 1 674 39 is_stmt 1 view .LVU610
 674:Middlewares/Third_Party/LwIP/src/core/dns.c ****           return 0xFFFF;
 1954              		.loc 1 674 39 view .LVU611
 1955 0064 DBB2     		uxtb	r3, r3
 674:Middlewares/Third_Party/LwIP/src/core/dns.c ****           return 0xFFFF;
 1956              		.loc 1 674 39 is_stmt 0 discriminator 4 view .LVU612
 1957 0066 1549     		ldr	r1, .L166
 1958 0068 C95C     		ldrb	r1, [r1, r3]	@ zero_extendqisi2
 1959 006a 01F00301 		and	r1, r1, #3
ARM GAS  /tmp/ccMnJyjS.s 			page 70


 1960 006e 0129     		cmp	r1, #1
 1961 0070 DFD1     		bne	.L152
 674:Middlewares/Third_Party/LwIP/src/core/dns.c ****           return 0xFFFF;
 1962              		.loc 1 674 39 discriminator 5 view .LVU613
 1963 0072 2033     		adds	r3, r3, #32
 1964              	.LVL187:
 674:Middlewares/Third_Party/LwIP/src/core/dns.c ****           return 0xFFFF;
 1965              		.loc 1 674 39 discriminator 5 view .LVU614
 1966 0074 DDE7     		b	.L152
 1967              	.LVL188:
 1968              	.L164:
 674:Middlewares/Third_Party/LwIP/src/core/dns.c ****           return 0xFFFF;
 1969              		.loc 1 674 39 discriminator 5 view .LVU615
 1970              	.LBE11:
 1971              	.LBE12:
 685:Middlewares/Third_Party/LwIP/src/core/dns.c ****     }
 1972              		.loc 1 685 7 is_stmt 1 view .LVU616
 1973 0076 0136     		adds	r6, r6, #1
 1974              	.LVL189:
 687:Middlewares/Third_Party/LwIP/src/core/dns.c ****     if (n < 0) {
 1975              		.loc 1 687 5 view .LVU617
 687:Middlewares/Third_Party/LwIP/src/core/dns.c ****     if (n < 0) {
 1976              		.loc 1 687 9 is_stmt 0 view .LVU618
 1977 0078 2146     		mov	r1, r4
 1978 007a 3846     		mov	r0, r7
 1979 007c FFF7FEFF 		bl	pbuf_try_get_at
 1980              	.LVL190:
 688:Middlewares/Third_Party/LwIP/src/core/dns.c ****       return 0xFFFF;
 1981              		.loc 1 688 5 is_stmt 1 view .LVU619
 688:Middlewares/Third_Party/LwIP/src/core/dns.c ****       return 0xFFFF;
 1982              		.loc 1 688 8 is_stmt 0 view .LVU620
 1983 0080 0028     		cmp	r0, #0
 688:Middlewares/Third_Party/LwIP/src/core/dns.c ****       return 0xFFFF;
 1984              		.loc 1 688 8 view .LVU621
 1985 0082 15DB     		blt	.L161
 691:Middlewares/Third_Party/LwIP/src/core/dns.c **** 
 1986              		.loc 1 691 14 is_stmt 1 view .LVU622
 1987 0084 0028     		cmp	r0, #0
 1988 0086 BFD1     		bne	.L154
 693:Middlewares/Third_Party/LwIP/src/core/dns.c ****     /* would overflow */
 1989              		.loc 1 693 3 view .LVU623
 693:Middlewares/Third_Party/LwIP/src/core/dns.c ****     /* would overflow */
 1990              		.loc 1 693 6 is_stmt 0 view .LVU624
 1991 0088 4FF6FF73 		movw	r3, #65535
 1992 008c 9C42     		cmp	r4, r3
 1993 008e 12D0     		beq	.L162
 697:Middlewares/Third_Party/LwIP/src/core/dns.c **** }
 1994              		.loc 1 697 3 is_stmt 1 view .LVU625
 697:Middlewares/Third_Party/LwIP/src/core/dns.c **** }
 1995              		.loc 1 697 10 is_stmt 0 view .LVU626
 1996 0090 0134     		adds	r4, r4, #1
 1997              	.LVL191:
 697:Middlewares/Third_Party/LwIP/src/core/dns.c **** }
 1998              		.loc 1 697 10 view .LVU627
 1999 0092 A0B2     		uxth	r0, r4
 2000              	.LVL192:
 697:Middlewares/Third_Party/LwIP/src/core/dns.c **** }
ARM GAS  /tmp/ccMnJyjS.s 			page 71


 2001              		.loc 1 697 10 view .LVU628
 2002 0094 06E0     		b	.L148
 2003              	.LVL193:
 2004              	.L155:
 660:Middlewares/Third_Party/LwIP/src/core/dns.c ****     }
 2005              		.loc 1 660 14 view .LVU629
 2006 0096 4FF6FF70 		movw	r0, #65535
 2007              	.LVL194:
 660:Middlewares/Third_Party/LwIP/src/core/dns.c ****     }
 2008              		.loc 1 660 14 view .LVU630
 2009 009a 03E0     		b	.L148
 2010              	.LVL195:
 2011              	.L156:
 660:Middlewares/Third_Party/LwIP/src/core/dns.c ****     }
 2012              		.loc 1 660 14 view .LVU631
 2013 009c 2046     		mov	r0, r4
 2014              	.LVL196:
 660:Middlewares/Third_Party/LwIP/src/core/dns.c ****     }
 2015              		.loc 1 660 14 view .LVU632
 2016 009e 01E0     		b	.L148
 2017              	.LVL197:
 2018              	.L158:
 2019              	.LBB13:
 672:Middlewares/Third_Party/LwIP/src/core/dns.c ****         }
 2020              		.loc 1 672 18 view .LVU633
 2021 00a0 4FF6FF70 		movw	r0, #65535
 2022              	.LVL198:
 2023              	.L148:
 672:Middlewares/Third_Party/LwIP/src/core/dns.c ****         }
 2024              		.loc 1 672 18 view .LVU634
 2025              	.LBE13:
 698:Middlewares/Third_Party/LwIP/src/core/dns.c **** 
 2026              		.loc 1 698 1 view .LVU635
 2027 00a4 F8BD     		pop	{r3, r4, r5, r6, r7, pc}
 2028              	.LVL199:
 2029              	.L159:
 2030              	.LBB14:
 675:Middlewares/Third_Party/LwIP/src/core/dns.c ****         }
 2031              		.loc 1 675 18 view .LVU636
 2032 00a6 4FF6FF70 		movw	r0, #65535
 2033              	.LVL200:
 675:Middlewares/Third_Party/LwIP/src/core/dns.c ****         }
 2034              		.loc 1 675 18 view .LVU637
 2035 00aa FBE7     		b	.L148
 2036              	.LVL201:
 2037              	.L160:
 679:Middlewares/Third_Party/LwIP/src/core/dns.c ****         }
 2038              		.loc 1 679 18 view .LVU638
 2039 00ac 2046     		mov	r0, r4
 2040              	.LVL202:
 679:Middlewares/Third_Party/LwIP/src/core/dns.c ****         }
 2041              		.loc 1 679 18 view .LVU639
 2042 00ae F9E7     		b	.L148
 2043              	.LVL203:
 2044              	.L161:
 679:Middlewares/Third_Party/LwIP/src/core/dns.c ****         }
 2045              		.loc 1 679 18 view .LVU640
ARM GAS  /tmp/ccMnJyjS.s 			page 72


 2046              	.LBE14:
 689:Middlewares/Third_Party/LwIP/src/core/dns.c ****     }
 2047              		.loc 1 689 14 view .LVU641
 2048 00b0 4FF6FF70 		movw	r0, #65535
 2049              	.LVL204:
 689:Middlewares/Third_Party/LwIP/src/core/dns.c ****     }
 2050              		.loc 1 689 14 view .LVU642
 2051 00b4 F6E7     		b	.L148
 2052              	.LVL205:
 2053              	.L162:
 695:Middlewares/Third_Party/LwIP/src/core/dns.c ****   }
 2054              		.loc 1 695 12 view .LVU643
 2055 00b6 2046     		mov	r0, r4
 2056              	.LVL206:
 695:Middlewares/Third_Party/LwIP/src/core/dns.c ****   }
 2057              		.loc 1 695 12 view .LVU644
 2058 00b8 F4E7     		b	.L148
 2059              	.L167:
 2060 00ba 00BF     		.align	2
 2061              	.L166:
 2062 00bc 01000000 		.word	_ctype_+1
 2063              		.cfi_endproc
 2064              	.LFE161:
 2066              		.section	.text.dns_skip_name,"ax",%progbits
 2067              		.align	1
 2068              		.syntax unified
 2069              		.thumb
 2070              		.thumb_func
 2072              	dns_skip_name:
 2073              	.LVL207:
 2074              	.LFB162:
 709:Middlewares/Third_Party/LwIP/src/core/dns.c ****   int n;
 2075              		.loc 1 709 1 is_stmt 1 view -0
 2076              		.cfi_startproc
 2077              		@ args = 0, pretend = 0, frame = 0
 2078              		@ frame_needed = 0, uses_anonymous_args = 0
 709:Middlewares/Third_Party/LwIP/src/core/dns.c ****   int n;
 2079              		.loc 1 709 1 is_stmt 0 view .LVU646
 2080 0000 70B5     		push	{r4, r5, r6, lr}
 2081              	.LCFI14:
 2082              		.cfi_def_cfa_offset 16
 2083              		.cfi_offset 4, -16
 2084              		.cfi_offset 5, -12
 2085              		.cfi_offset 6, -8
 2086              		.cfi_offset 14, -4
 2087 0002 0646     		mov	r6, r0
 2088 0004 0C46     		mov	r4, r1
 710:Middlewares/Third_Party/LwIP/src/core/dns.c ****   u16_t offset = query_idx;
 2089              		.loc 1 710 3 is_stmt 1 view .LVU647
 711:Middlewares/Third_Party/LwIP/src/core/dns.c **** 
 2090              		.loc 1 711 3 view .LVU648
 2091              	.LVL208:
 2092              	.L171:
 713:Middlewares/Third_Party/LwIP/src/core/dns.c ****     n = pbuf_try_get_at(p, offset++);
 2093              		.loc 1 713 3 view .LVU649
 714:Middlewares/Third_Party/LwIP/src/core/dns.c ****     if ((n < 0) || (offset == 0)) {
 2094              		.loc 1 714 5 view .LVU650
ARM GAS  /tmp/ccMnJyjS.s 			page 73


 714:Middlewares/Third_Party/LwIP/src/core/dns.c ****     if ((n < 0) || (offset == 0)) {
 2095              		.loc 1 714 9 is_stmt 0 view .LVU651
 2096 0006 651C     		adds	r5, r4, #1
 2097 0008 ADB2     		uxth	r5, r5
 2098              	.LVL209:
 714:Middlewares/Third_Party/LwIP/src/core/dns.c ****     if ((n < 0) || (offset == 0)) {
 2099              		.loc 1 714 9 view .LVU652
 2100 000a 2146     		mov	r1, r4
 2101 000c 3046     		mov	r0, r6
 2102 000e FFF7FEFF 		bl	pbuf_try_get_at
 2103              	.LVL210:
 715:Middlewares/Third_Party/LwIP/src/core/dns.c ****       return 0xFFFF;
 2104              		.loc 1 715 5 is_stmt 1 view .LVU653
 715:Middlewares/Third_Party/LwIP/src/core/dns.c ****       return 0xFFFF;
 2105              		.loc 1 715 8 is_stmt 0 view .LVU654
 2106 0012 041E     		subs	r4, r0, #0
 2107 0014 1CDB     		blt	.L172
 715:Middlewares/Third_Party/LwIP/src/core/dns.c ****       return 0xFFFF;
 2108              		.loc 1 715 17 discriminator 1 view .LVU655
 2109 0016 F5B1     		cbz	r5, .L173
 719:Middlewares/Third_Party/LwIP/src/core/dns.c ****       /* Compressed name: since we only want to skip it (not check it), stop here */
 2110              		.loc 1 719 5 is_stmt 1 view .LVU656
 719:Middlewares/Third_Party/LwIP/src/core/dns.c ****       /* Compressed name: since we only want to skip it (not check it), stop here */
 2111              		.loc 1 719 12 is_stmt 0 view .LVU657
 2112 0018 04F0C003 		and	r3, r4, #192
 719:Middlewares/Third_Party/LwIP/src/core/dns.c ****       /* Compressed name: since we only want to skip it (not check it), stop here */
 2113              		.loc 1 719 8 view .LVU658
 2114 001c C02B     		cmp	r3, #192
 2115 001e 0FD0     		beq	.L170
 724:Middlewares/Third_Party/LwIP/src/core/dns.c ****         return 0xFFFF;
 2116              		.loc 1 724 7 is_stmt 1 view .LVU659
 724:Middlewares/Third_Party/LwIP/src/core/dns.c ****         return 0xFFFF;
 2117              		.loc 1 724 18 is_stmt 0 view .LVU660
 2118 0020 2B19     		adds	r3, r5, r4
 724:Middlewares/Third_Party/LwIP/src/core/dns.c ****         return 0xFFFF;
 2119              		.loc 1 724 26 view .LVU661
 2120 0022 3289     		ldrh	r2, [r6, #8]
 724:Middlewares/Third_Party/LwIP/src/core/dns.c ****         return 0xFFFF;
 2121              		.loc 1 724 10 view .LVU662
 2122 0024 9342     		cmp	r3, r2
 2123 0026 19DA     		bge	.L174
 727:Middlewares/Third_Party/LwIP/src/core/dns.c ****     }
 2124              		.loc 1 727 7 is_stmt 1 view .LVU663
 727:Middlewares/Third_Party/LwIP/src/core/dns.c ****     }
 2125              		.loc 1 727 14 is_stmt 0 view .LVU664
 2126 0028 15FA84F4 		uxtah	r4, r5, r4
 2127 002c A4B2     		uxth	r4, r4
 2128              	.LVL211:
 729:Middlewares/Third_Party/LwIP/src/core/dns.c ****     if (n < 0) {
 2129              		.loc 1 729 5 is_stmt 1 view .LVU665
 729:Middlewares/Third_Party/LwIP/src/core/dns.c ****     if (n < 0) {
 2130              		.loc 1 729 9 is_stmt 0 view .LVU666
 2131 002e 2146     		mov	r1, r4
 2132 0030 3046     		mov	r0, r6
 2133              	.LVL212:
 729:Middlewares/Third_Party/LwIP/src/core/dns.c ****     if (n < 0) {
 2134              		.loc 1 729 9 view .LVU667
ARM GAS  /tmp/ccMnJyjS.s 			page 74


 2135 0032 FFF7FEFF 		bl	pbuf_try_get_at
 2136              	.LVL213:
 730:Middlewares/Third_Party/LwIP/src/core/dns.c ****       return 0xFFFF;
 2137              		.loc 1 730 5 is_stmt 1 view .LVU668
 730:Middlewares/Third_Party/LwIP/src/core/dns.c ****       return 0xFFFF;
 2138              		.loc 1 730 8 is_stmt 0 view .LVU669
 2139 0036 0028     		cmp	r0, #0
 730:Middlewares/Third_Party/LwIP/src/core/dns.c ****       return 0xFFFF;
 2140              		.loc 1 730 8 view .LVU670
 2141 0038 13DB     		blt	.L175
 733:Middlewares/Third_Party/LwIP/src/core/dns.c **** 
 2142              		.loc 1 733 14 is_stmt 1 view .LVU671
 2143 003a 0028     		cmp	r0, #0
 2144 003c E3D1     		bne	.L171
 727:Middlewares/Third_Party/LwIP/src/core/dns.c ****     }
 2145              		.loc 1 727 14 is_stmt 0 view .LVU672
 2146 003e 2546     		mov	r5, r4
 2147              	.LVL214:
 2148              	.L170:
 735:Middlewares/Third_Party/LwIP/src/core/dns.c ****     return 0xFFFF;
 2149              		.loc 1 735 3 is_stmt 1 view .LVU673
 735:Middlewares/Third_Party/LwIP/src/core/dns.c ****     return 0xFFFF;
 2150              		.loc 1 735 6 is_stmt 0 view .LVU674
 2151 0040 4FF6FF73 		movw	r3, #65535
 2152 0044 9D42     		cmp	r5, r3
 2153 0046 01D0     		beq	.L169
 738:Middlewares/Third_Party/LwIP/src/core/dns.c **** }
 2154              		.loc 1 738 3 is_stmt 1 view .LVU675
 738:Middlewares/Third_Party/LwIP/src/core/dns.c **** }
 2155              		.loc 1 738 10 is_stmt 0 view .LVU676
 2156 0048 0135     		adds	r5, r5, #1
 2157              	.LVL215:
 738:Middlewares/Third_Party/LwIP/src/core/dns.c **** }
 2158              		.loc 1 738 10 view .LVU677
 2159 004a ADB2     		uxth	r5, r5
 2160              	.LVL216:
 2161              	.L169:
 739:Middlewares/Third_Party/LwIP/src/core/dns.c **** 
 2162              		.loc 1 739 1 view .LVU678
 2163 004c 2846     		mov	r0, r5
 2164              	.LVL217:
 739:Middlewares/Third_Party/LwIP/src/core/dns.c **** 
 2165              		.loc 1 739 1 view .LVU679
 2166 004e 70BD     		pop	{r4, r5, r6, pc}
 2167              	.LVL218:
 2168              	.L172:
 716:Middlewares/Third_Party/LwIP/src/core/dns.c ****     }
 2169              		.loc 1 716 14 view .LVU680
 2170 0050 4FF6FF75 		movw	r5, #65535
 2171              	.LVL219:
 716:Middlewares/Third_Party/LwIP/src/core/dns.c ****     }
 2172              		.loc 1 716 14 view .LVU681
 2173 0054 FAE7     		b	.L169
 2174              	.LVL220:
 2175              	.L173:
 716:Middlewares/Third_Party/LwIP/src/core/dns.c ****     }
 2176              		.loc 1 716 14 view .LVU682
ARM GAS  /tmp/ccMnJyjS.s 			page 75


 2177 0056 4FF6FF75 		movw	r5, #65535
 2178              	.LVL221:
 716:Middlewares/Third_Party/LwIP/src/core/dns.c ****     }
 2179              		.loc 1 716 14 view .LVU683
 2180 005a F7E7     		b	.L169
 2181              	.LVL222:
 2182              	.L174:
 725:Middlewares/Third_Party/LwIP/src/core/dns.c ****       }
 2183              		.loc 1 725 16 view .LVU684
 2184 005c 4FF6FF75 		movw	r5, #65535
 2185              	.LVL223:
 725:Middlewares/Third_Party/LwIP/src/core/dns.c ****       }
 2186              		.loc 1 725 16 view .LVU685
 2187 0060 F4E7     		b	.L169
 2188              	.LVL224:
 2189              	.L175:
 731:Middlewares/Third_Party/LwIP/src/core/dns.c ****     }
 2190              		.loc 1 731 14 view .LVU686
 2191 0062 4FF6FF75 		movw	r5, #65535
 2192 0066 F1E7     		b	.L169
 2193              		.cfi_endproc
 2194              	.LFE162:
 2196              		.section	.text.dns_recv,"ax",%progbits
 2197              		.align	1
 2198              		.syntax unified
 2199              		.thumb
 2200              		.thumb_func
 2202              	dns_recv:
 2203              	.LVL225:
 2204              	.LFB172:
1171:Middlewares/Third_Party/LwIP/src/core/dns.c ****   u8_t i;
 2205              		.loc 1 1171 1 is_stmt 1 view -0
 2206              		.cfi_startproc
 2207              		@ args = 4, pretend = 0, frame = 32
 2208              		@ frame_needed = 0, uses_anonymous_args = 0
1171:Middlewares/Third_Party/LwIP/src/core/dns.c ****   u8_t i;
 2209              		.loc 1 1171 1 is_stmt 0 view .LVU688
 2210 0000 2DE9F047 		push	{r4, r5, r6, r7, r8, r9, r10, lr}
 2211              	.LCFI15:
 2212              		.cfi_def_cfa_offset 32
 2213              		.cfi_offset 4, -32
 2214              		.cfi_offset 5, -28
 2215              		.cfi_offset 6, -24
 2216              		.cfi_offset 7, -20
 2217              		.cfi_offset 8, -16
 2218              		.cfi_offset 9, -12
 2219              		.cfi_offset 10, -8
 2220              		.cfi_offset 14, -4
 2221 0004 88B0     		sub	sp, sp, #32
 2222              	.LCFI16:
 2223              		.cfi_def_cfa_offset 64
 2224 0006 1446     		mov	r4, r2
1172:Middlewares/Third_Party/LwIP/src/core/dns.c ****   u16_t txid;
 2225              		.loc 1 1172 3 is_stmt 1 view .LVU689
1173:Middlewares/Third_Party/LwIP/src/core/dns.c ****   u16_t res_idx;
 2226              		.loc 1 1173 3 view .LVU690
1174:Middlewares/Third_Party/LwIP/src/core/dns.c ****   struct dns_hdr hdr;
ARM GAS  /tmp/ccMnJyjS.s 			page 76


 2227              		.loc 1 1174 3 view .LVU691
1175:Middlewares/Third_Party/LwIP/src/core/dns.c ****   struct dns_answer ans;
 2228              		.loc 1 1175 3 view .LVU692
1176:Middlewares/Third_Party/LwIP/src/core/dns.c ****   struct dns_query qry;
 2229              		.loc 1 1176 3 view .LVU693
1177:Middlewares/Third_Party/LwIP/src/core/dns.c ****   u16_t nquestions, nanswers;
 2230              		.loc 1 1177 3 view .LVU694
1178:Middlewares/Third_Party/LwIP/src/core/dns.c **** 
 2231              		.loc 1 1178 3 view .LVU695
1180:Middlewares/Third_Party/LwIP/src/core/dns.c ****   LWIP_UNUSED_ARG(pcb);
 2232              		.loc 1 1180 3 view .LVU696
1181:Middlewares/Third_Party/LwIP/src/core/dns.c ****   LWIP_UNUSED_ARG(port);
 2233              		.loc 1 1181 3 view .LVU697
1182:Middlewares/Third_Party/LwIP/src/core/dns.c **** 
 2234              		.loc 1 1182 3 view .LVU698
1185:Middlewares/Third_Party/LwIP/src/core/dns.c ****     LWIP_DEBUGF(DNS_DEBUG, ("dns_recv: pbuf too small\n"));
 2235              		.loc 1 1185 3 view .LVU699
1185:Middlewares/Third_Party/LwIP/src/core/dns.c ****     LWIP_DEBUGF(DNS_DEBUG, ("dns_recv: pbuf too small\n"));
 2236              		.loc 1 1185 8 is_stmt 0 view .LVU700
 2237 0008 1289     		ldrh	r2, [r2, #8]
 2238              	.LVL226:
1185:Middlewares/Third_Party/LwIP/src/core/dns.c ****     LWIP_DEBUGF(DNS_DEBUG, ("dns_recv: pbuf too small\n"));
 2239              		.loc 1 1185 6 view .LVU701
 2240 000a 0F2A     		cmp	r2, #15
 2241 000c 05D8     		bhi	.L189
 2242              	.LVL227:
 2243              	.L178:
1361:Middlewares/Third_Party/LwIP/src/core/dns.c ****   return;
 2244              		.loc 1 1361 3 is_stmt 1 view .LVU702
 2245 000e 2046     		mov	r0, r4
 2246 0010 FFF7FEFF 		bl	pbuf_free
 2247              	.LVL228:
1362:Middlewares/Third_Party/LwIP/src/core/dns.c **** }
 2248              		.loc 1 1362 3 view .LVU703
 2249              	.L177:
1363:Middlewares/Third_Party/LwIP/src/core/dns.c **** 
 2250              		.loc 1 1363 1 is_stmt 0 view .LVU704
 2251 0014 08B0     		add	sp, sp, #32
 2252              	.LCFI17:
 2253              		.cfi_remember_state
 2254              		.cfi_def_cfa_offset 32
 2255              		@ sp needed
 2256 0016 BDE8F087 		pop	{r4, r5, r6, r7, r8, r9, r10, pc}
 2257              	.LVL229:
 2258              	.L189:
 2259              	.LCFI18:
 2260              		.cfi_restore_state
1363:Middlewares/Third_Party/LwIP/src/core/dns.c **** 
 2261              		.loc 1 1363 1 view .LVU705
 2262 001a 1E46     		mov	r6, r3
1192:Middlewares/Third_Party/LwIP/src/core/dns.c ****     /* Match the ID in the DNS header with the name table. */
 2263              		.loc 1 1192 3 is_stmt 1 view .LVU706
1192:Middlewares/Third_Party/LwIP/src/core/dns.c ****     /* Match the ID in the DNS header with the name table. */
 2264              		.loc 1 1192 7 is_stmt 0 view .LVU707
 2265 001c 0023     		movs	r3, #0
 2266              	.LVL230:
1192:Middlewares/Third_Party/LwIP/src/core/dns.c ****     /* Match the ID in the DNS header with the name table. */
ARM GAS  /tmp/ccMnJyjS.s 			page 77


 2267              		.loc 1 1192 7 view .LVU708
 2268 001e 0C22     		movs	r2, #12
 2269 0020 05A9     		add	r1, sp, #20
 2270              	.LVL231:
1192:Middlewares/Third_Party/LwIP/src/core/dns.c ****     /* Match the ID in the DNS header with the name table. */
 2271              		.loc 1 1192 7 view .LVU709
 2272 0022 2046     		mov	r0, r4
 2273              	.LVL232:
1192:Middlewares/Third_Party/LwIP/src/core/dns.c ****     /* Match the ID in the DNS header with the name table. */
 2274              		.loc 1 1192 7 view .LVU710
 2275 0024 FFF7FEFF 		bl	pbuf_copy_partial
 2276              	.LVL233:
1192:Middlewares/Third_Party/LwIP/src/core/dns.c ****     /* Match the ID in the DNS header with the name table. */
 2277              		.loc 1 1192 6 discriminator 1 view .LVU711
 2278 0028 0C28     		cmp	r0, #12
 2279 002a F0D1     		bne	.L178
1194:Middlewares/Third_Party/LwIP/src/core/dns.c ****     for (i = 0; i < DNS_TABLE_SIZE; i++) {
 2280              		.loc 1 1194 5 is_stmt 1 view .LVU712
1194:Middlewares/Third_Party/LwIP/src/core/dns.c ****     for (i = 0; i < DNS_TABLE_SIZE; i++) {
 2281              		.loc 1 1194 12 is_stmt 0 view .LVU713
 2282 002c BDF81400 		ldrh	r0, [sp, #20]
 2283 0030 FFF7FEFF 		bl	lwip_htons
 2284              	.LVL234:
1195:Middlewares/Third_Party/LwIP/src/core/dns.c ****       struct dns_table_entry *entry = &dns_table[i];
 2285              		.loc 1 1195 5 is_stmt 1 view .LVU714
1195:Middlewares/Third_Party/LwIP/src/core/dns.c ****       struct dns_table_entry *entry = &dns_table[i];
 2286              		.loc 1 1195 12 is_stmt 0 view .LVU715
 2287 0034 0025     		movs	r5, #0
1195:Middlewares/Third_Party/LwIP/src/core/dns.c ****       struct dns_table_entry *entry = &dns_table[i];
 2288              		.loc 1 1195 5 view .LVU716
 2289 0036 67E0     		b	.L179
 2290              	.LVL235:
 2291              	.L190:
 2292              	.LBB15:
1259:Middlewares/Third_Party/LwIP/src/core/dns.c ****             entry->tmr     = 1;
 2293              		.loc 1 1259 13 is_stmt 1 view .LVU717
1259:Middlewares/Third_Party/LwIP/src/core/dns.c ****             entry->tmr     = 1;
 2294              		.loc 1 1259 28 is_stmt 0 view .LVU718
 2295 0038 6C4B     		ldr	r3, .L191
 2296 003a 4FF48872 		mov	r2, #272
 2297 003e 02FB0533 		mla	r3, r2, r5, r3
 2298 0042 0322     		movs	r2, #3
 2299 0044 5A73     		strb	r2, [r3, #13]
1260:Middlewares/Third_Party/LwIP/src/core/dns.c **** 
 2300              		.loc 1 1260 13 is_stmt 1 view .LVU719
1260:Middlewares/Third_Party/LwIP/src/core/dns.c **** 
 2301              		.loc 1 1260 28 is_stmt 0 view .LVU720
 2302 0046 0122     		movs	r2, #1
 2303 0048 1A73     		strb	r2, [r3, #12]
1263:Middlewares/Third_Party/LwIP/src/core/dns.c **** 
 2304              		.loc 1 1263 13 is_stmt 1 view .LVU721
 2305 004a 2846     		mov	r0, r5
 2306 004c FFF7FEFF 		bl	dns_check_entry
 2307              	.LVL236:
1265:Middlewares/Third_Party/LwIP/src/core/dns.c ****           }
 2308              		.loc 1 1265 13 view .LVU722
 2309 0050 DDE7     		b	.L178
ARM GAS  /tmp/ccMnJyjS.s 			page 78


 2310              	.LVL237:
 2311              	.L183:
1326:Middlewares/Third_Party/LwIP/src/core/dns.c ****               goto ignore_packet; /* ignore this packet */
 2312              		.loc 1 1326 13 view .LVU723
1326:Middlewares/Third_Party/LwIP/src/core/dns.c ****               goto ignore_packet; /* ignore this packet */
 2313              		.loc 1 1326 33 is_stmt 0 view .LVU724
 2314 0052 BDF81000 		ldrh	r0, [sp, #16]
 2315 0056 FFF7FEFF 		bl	lwip_htons
 2316              	.LVL238:
1326:Middlewares/Third_Party/LwIP/src/core/dns.c ****               goto ignore_packet; /* ignore this packet */
 2317              		.loc 1 1326 17 discriminator 1 view .LVU725
 2318 005a 3318     		adds	r3, r6, r0
1326:Middlewares/Third_Party/LwIP/src/core/dns.c ****               goto ignore_packet; /* ignore this packet */
 2319              		.loc 1 1326 16 discriminator 1 view .LVU726
 2320 005c B3F5803F 		cmp	r3, #65536
 2321 0060 D5DA     		bge	.L178
1329:Middlewares/Third_Party/LwIP/src/core/dns.c ****             --nanswers;
 2322              		.loc 1 1329 13 is_stmt 1 view .LVU727
1329:Middlewares/Third_Party/LwIP/src/core/dns.c ****             --nanswers;
 2323              		.loc 1 1329 41 is_stmt 0 view .LVU728
 2324 0062 BDF81000 		ldrh	r0, [sp, #16]
 2325 0066 FFF7FEFF 		bl	lwip_htons
 2326              	.LVL239:
1329:Middlewares/Third_Party/LwIP/src/core/dns.c ****             --nanswers;
 2327              		.loc 1 1329 21 discriminator 1 view .LVU729
 2328 006a 8119     		adds	r1, r0, r6
 2329 006c 89B2     		uxth	r1, r1
 2330              	.LVL240:
1330:Middlewares/Third_Party/LwIP/src/core/dns.c ****           }
 2331              		.loc 1 1330 13 is_stmt 1 view .LVU730
 2332 006e 09F1FF39 		add	r9, r9, #-1
 2333              	.LVL241:
1330:Middlewares/Third_Party/LwIP/src/core/dns.c ****           }
 2334              		.loc 1 1330 13 is_stmt 0 view .LVU731
 2335 0072 1FFA89F9 		uxth	r9, r9
 2336              	.LVL242:
 2337              	.L181:
1268:Middlewares/Third_Party/LwIP/src/core/dns.c ****             /* skip answer resource record's host name */
 2338              		.loc 1 1268 33 is_stmt 1 view .LVU732
 2339 0076 B9F1000F 		cmp	r9, #0
 2340 007a 00F0A880 		beq	.L182
1268:Middlewares/Third_Party/LwIP/src/core/dns.c ****             /* skip answer resource record's host name */
 2341              		.loc 1 1268 48 is_stmt 0 discriminator 1 view .LVU733
 2342 007e 2389     		ldrh	r3, [r4, #8]
1268:Middlewares/Third_Party/LwIP/src/core/dns.c ****             /* skip answer resource record's host name */
 2343              		.loc 1 1268 33 discriminator 1 view .LVU734
 2344 0080 9942     		cmp	r1, r3
 2345 0082 80F0A480 		bcs	.L182
1270:Middlewares/Third_Party/LwIP/src/core/dns.c ****             if (res_idx == 0xFFFF) {
 2346              		.loc 1 1270 13 is_stmt 1 view .LVU735
1270:Middlewares/Third_Party/LwIP/src/core/dns.c ****             if (res_idx == 0xFFFF) {
 2347              		.loc 1 1270 23 is_stmt 0 view .LVU736
 2348 0086 2046     		mov	r0, r4
 2349 0088 FFF7FEFF 		bl	dns_skip_name
 2350              	.LVL243:
1270:Middlewares/Third_Party/LwIP/src/core/dns.c ****             if (res_idx == 0xFFFF) {
 2351              		.loc 1 1270 23 view .LVU737
ARM GAS  /tmp/ccMnJyjS.s 			page 79


 2352 008c 0646     		mov	r6, r0
 2353              	.LVL244:
1271:Middlewares/Third_Party/LwIP/src/core/dns.c ****               goto ignore_packet; /* ignore this packet */
 2354              		.loc 1 1271 13 is_stmt 1 view .LVU738
1271:Middlewares/Third_Party/LwIP/src/core/dns.c ****               goto ignore_packet; /* ignore this packet */
 2355              		.loc 1 1271 16 is_stmt 0 view .LVU739
 2356 008e 4FF6FF73 		movw	r3, #65535
 2357 0092 9842     		cmp	r0, r3
 2358 0094 BBD0     		beq	.L178
1276:Middlewares/Third_Party/LwIP/src/core/dns.c ****               goto ignore_packet; /* ignore this packet */
 2359              		.loc 1 1276 13 is_stmt 1 view .LVU740
1276:Middlewares/Third_Party/LwIP/src/core/dns.c ****               goto ignore_packet; /* ignore this packet */
 2360              		.loc 1 1276 17 is_stmt 0 view .LVU741
 2361 0096 0346     		mov	r3, r0
 2362 0098 0A22     		movs	r2, #10
 2363 009a 02A9     		add	r1, sp, #8
 2364 009c 2046     		mov	r0, r4
 2365              	.LVL245:
1276:Middlewares/Third_Party/LwIP/src/core/dns.c ****               goto ignore_packet; /* ignore this packet */
 2366              		.loc 1 1276 17 view .LVU742
 2367 009e FFF7FEFF 		bl	pbuf_copy_partial
 2368              	.LVL246:
1276:Middlewares/Third_Party/LwIP/src/core/dns.c ****               goto ignore_packet; /* ignore this packet */
 2369              		.loc 1 1276 16 discriminator 1 view .LVU743
 2370 00a2 0A28     		cmp	r0, #10
 2371 00a4 B3D1     		bne	.L178
1279:Middlewares/Third_Party/LwIP/src/core/dns.c ****               goto ignore_packet;
 2372              		.loc 1 1279 13 is_stmt 1 view .LVU744
1279:Middlewares/Third_Party/LwIP/src/core/dns.c ****               goto ignore_packet;
 2373              		.loc 1 1279 16 is_stmt 0 view .LVU745
 2374 00a6 4FF6F573 		movw	r3, #65525
 2375 00aa 9E42     		cmp	r6, r3
 2376 00ac AFD8     		bhi	.L178
1282:Middlewares/Third_Party/LwIP/src/core/dns.c **** 
 2377              		.loc 1 1282 13 is_stmt 1 view .LVU746
1282:Middlewares/Third_Party/LwIP/src/core/dns.c **** 
 2378              		.loc 1 1282 21 is_stmt 0 view .LVU747
 2379 00ae 0A36     		adds	r6, r6, #10
 2380 00b0 B6B2     		uxth	r6, r6
 2381              	.LVL247:
1284:Middlewares/Third_Party/LwIP/src/core/dns.c **** #if LWIP_IPV4
 2382              		.loc 1 1284 13 is_stmt 1 view .LVU748
1284:Middlewares/Third_Party/LwIP/src/core/dns.c **** #if LWIP_IPV4
 2383              		.loc 1 1284 20 is_stmt 0 view .LVU749
 2384 00b2 BDF80A30 		ldrh	r3, [sp, #10]
1284:Middlewares/Third_Party/LwIP/src/core/dns.c **** #if LWIP_IPV4
 2385              		.loc 1 1284 16 view .LVU750
 2386 00b6 B3F5807F 		cmp	r3, #256
 2387 00ba CAD1     		bne	.L183
1286:Middlewares/Third_Party/LwIP/src/core/dns.c **** #if LWIP_IPV4 && LWIP_IPV6
 2388              		.loc 1 1286 15 is_stmt 1 view .LVU751
1286:Middlewares/Third_Party/LwIP/src/core/dns.c **** #if LWIP_IPV4 && LWIP_IPV6
 2389              		.loc 1 1286 23 is_stmt 0 view .LVU752
 2390 00bc BDF80830 		ldrh	r3, [sp, #8]
1286:Middlewares/Third_Party/LwIP/src/core/dns.c **** #if LWIP_IPV4 && LWIP_IPV6
 2391              		.loc 1 1286 18 view .LVU753
 2392 00c0 B3F5807F 		cmp	r3, #256
ARM GAS  /tmp/ccMnJyjS.s 			page 80


 2393 00c4 C5D1     		bne	.L183
1286:Middlewares/Third_Party/LwIP/src/core/dns.c **** #if LWIP_IPV4 && LWIP_IPV6
 2394              		.loc 1 1286 63 discriminator 1 view .LVU754
 2395 00c6 BDF81030 		ldrh	r3, [sp, #16]
1286:Middlewares/Third_Party/LwIP/src/core/dns.c **** #if LWIP_IPV4 && LWIP_IPV6
 2396              		.loc 1 1286 56 discriminator 1 view .LVU755
 2397 00ca B3F5806F 		cmp	r3, #1024
 2398 00ce C0D1     		bne	.L183
 2399              	.LBB16:
1291:Middlewares/Third_Party/LwIP/src/core/dns.c ****                   /* read the IP address after answer resource record's header */
 2400              		.loc 1 1291 19 is_stmt 1 view .LVU756
1293:Middlewares/Third_Party/LwIP/src/core/dns.c ****                     goto ignore_packet; /* ignore this packet */
 2401              		.loc 1 1293 19 view .LVU757
1293:Middlewares/Third_Party/LwIP/src/core/dns.c ****                     goto ignore_packet; /* ignore this packet */
 2402              		.loc 1 1293 23 is_stmt 0 view .LVU758
 2403 00d0 3346     		mov	r3, r6
 2404 00d2 0422     		movs	r2, #4
 2405 00d4 6946     		mov	r1, sp
 2406 00d6 2046     		mov	r0, r4
 2407 00d8 FFF7FEFF 		bl	pbuf_copy_partial
 2408              	.LVL248:
1293:Middlewares/Third_Party/LwIP/src/core/dns.c ****                     goto ignore_packet; /* ignore this packet */
 2409              		.loc 1 1293 22 discriminator 1 view .LVU759
 2410 00dc 0428     		cmp	r0, #4
 2411 00de 96D1     		bne	.L178
1296:Middlewares/Third_Party/LwIP/src/core/dns.c ****                   pbuf_free(p);
 2412              		.loc 1 1296 19 is_stmt 1 view .LVU760
 2413 00e0 424B     		ldr	r3, .L191
 2414 00e2 4FF48872 		mov	r2, #272
 2415 00e6 02FB0833 		mla	r3, r2, r8, r3
 2416 00ea 009A     		ldr	r2, [sp]
 2417 00ec 5A60     		str	r2, [r3, #4]
1297:Middlewares/Third_Party/LwIP/src/core/dns.c ****                   /* handle correct response */
 2418              		.loc 1 1297 19 view .LVU761
 2419 00ee 2046     		mov	r0, r4
 2420 00f0 FFF7FEFF 		bl	pbuf_free
 2421              	.LVL249:
1299:Middlewares/Third_Party/LwIP/src/core/dns.c ****                   return;
 2422              		.loc 1 1299 19 view .LVU762
 2423 00f4 0398     		ldr	r0, [sp, #12]
 2424 00f6 FFF7FEFF 		bl	lwip_htonl
 2425              	.LVL250:
 2426 00fa 0146     		mov	r1, r0
1299:Middlewares/Third_Party/LwIP/src/core/dns.c ****                   return;
 2427              		.loc 1 1299 19 is_stmt 0 discriminator 1 view .LVU763
 2428 00fc 2846     		mov	r0, r5
 2429 00fe FFF7FEFF 		bl	dns_correct_response
 2430              	.LVL251:
1300:Middlewares/Third_Party/LwIP/src/core/dns.c ****                 }
 2431              		.loc 1 1300 19 is_stmt 1 view .LVU764
 2432 0102 87E7     		b	.L177
 2433              	.LVL252:
 2434              	.L180:
1300:Middlewares/Third_Party/LwIP/src/core/dns.c ****                 }
 2435              		.loc 1 1300 19 is_stmt 0 view .LVU765
 2436              	.LBE16:
 2437              	.LBE15:
ARM GAS  /tmp/ccMnJyjS.s 			page 81


1195:Middlewares/Third_Party/LwIP/src/core/dns.c ****       struct dns_table_entry *entry = &dns_table[i];
 2438              		.loc 1 1195 38 is_stmt 1 discriminator 2 view .LVU766
 2439 0104 0135     		adds	r5, r5, #1
 2440              	.LVL253:
1195:Middlewares/Third_Party/LwIP/src/core/dns.c ****       struct dns_table_entry *entry = &dns_table[i];
 2441              		.loc 1 1195 38 is_stmt 0 discriminator 2 view .LVU767
 2442 0106 EDB2     		uxtb	r5, r5
 2443              	.LVL254:
 2444              	.L179:
1195:Middlewares/Third_Party/LwIP/src/core/dns.c ****       struct dns_table_entry *entry = &dns_table[i];
 2445              		.loc 1 1195 19 is_stmt 1 discriminator 1 view .LVU768
 2446 0108 032D     		cmp	r5, #3
 2447 010a 80D8     		bhi	.L178
 2448              	.LBB17:
1196:Middlewares/Third_Party/LwIP/src/core/dns.c ****       if ((entry->state == DNS_STATE_ASKING) &&
 2449              		.loc 1 1196 7 view .LVU769
1196:Middlewares/Third_Party/LwIP/src/core/dns.c ****       if ((entry->state == DNS_STATE_ASKING) &&
 2450              		.loc 1 1196 49 is_stmt 0 view .LVU770
 2451 010c A846     		mov	r8, r5
1196:Middlewares/Third_Party/LwIP/src/core/dns.c ****       if ((entry->state == DNS_STATE_ASKING) &&
 2452              		.loc 1 1196 31 view .LVU771
 2453 010e 05EB0513 		add	r3, r5, r5, lsl #4
 2454 0112 364F     		ldr	r7, .L191
 2455 0114 07EB0317 		add	r7, r7, r3, lsl #4
 2456              	.LVL255:
1197:Middlewares/Third_Party/LwIP/src/core/dns.c ****           (entry->txid == txid)) {
 2457              		.loc 1 1197 7 is_stmt 1 view .LVU772
1197:Middlewares/Third_Party/LwIP/src/core/dns.c ****           (entry->txid == txid)) {
 2458              		.loc 1 1197 17 is_stmt 0 view .LVU773
 2459 0118 BB7A     		ldrb	r3, [r7, #10]	@ zero_extendqisi2
1197:Middlewares/Third_Party/LwIP/src/core/dns.c ****           (entry->txid == txid)) {
 2460              		.loc 1 1197 10 view .LVU774
 2461 011a 022B     		cmp	r3, #2
 2462 011c F2D1     		bne	.L180
1198:Middlewares/Third_Party/LwIP/src/core/dns.c **** 
 2463              		.loc 1 1198 17 view .LVU775
 2464 011e 3B89     		ldrh	r3, [r7, #8]
1197:Middlewares/Third_Party/LwIP/src/core/dns.c ****           (entry->txid == txid)) {
 2465              		.loc 1 1197 46 discriminator 1 view .LVU776
 2466 0120 8342     		cmp	r3, r0
 2467 0122 EFD1     		bne	.L180
1202:Middlewares/Third_Party/LwIP/src/core/dns.c ****         nanswers   = lwip_htons(hdr.numanswers);
 2468              		.loc 1 1202 9 is_stmt 1 view .LVU777
1202:Middlewares/Third_Party/LwIP/src/core/dns.c ****         nanswers   = lwip_htons(hdr.numanswers);
 2469              		.loc 1 1202 22 is_stmt 0 view .LVU778
 2470 0124 BDF81800 		ldrh	r0, [sp, #24]
 2471              	.LVL256:
1202:Middlewares/Third_Party/LwIP/src/core/dns.c ****         nanswers   = lwip_htons(hdr.numanswers);
 2472              		.loc 1 1202 22 view .LVU779
 2473 0128 FFF7FEFF 		bl	lwip_htons
 2474              	.LVL257:
 2475 012c 8246     		mov	r10, r0
 2476              	.LVL258:
1203:Middlewares/Third_Party/LwIP/src/core/dns.c **** 
 2477              		.loc 1 1203 9 is_stmt 1 view .LVU780
1203:Middlewares/Third_Party/LwIP/src/core/dns.c **** 
 2478              		.loc 1 1203 22 is_stmt 0 view .LVU781
ARM GAS  /tmp/ccMnJyjS.s 			page 82


 2479 012e BDF81A00 		ldrh	r0, [sp, #26]
 2480 0132 FFF7FEFF 		bl	lwip_htons
 2481              	.LVL259:
 2482 0136 8146     		mov	r9, r0
 2483              	.LVL260:
1206:Middlewares/Third_Party/LwIP/src/core/dns.c ****           LWIP_DEBUGF(DNS_DEBUG, ("dns_recv: \"%s\": not a response\n", entry->name));
 2484              		.loc 1 1206 9 is_stmt 1 view .LVU782
1206:Middlewares/Third_Party/LwIP/src/core/dns.c ****           LWIP_DEBUGF(DNS_DEBUG, ("dns_recv: \"%s\": not a response\n", entry->name));
 2485              		.loc 1 1206 47 is_stmt 0 view .LVU783
 2486 0138 9DF91630 		ldrsb	r3, [sp, #22]
1206:Middlewares/Third_Party/LwIP/src/core/dns.c ****           LWIP_DEBUGF(DNS_DEBUG, ("dns_recv: \"%s\": not a response\n", entry->name));
 2487              		.loc 1 1206 12 view .LVU784
 2488 013c 002B     		cmp	r3, #0
 2489 013e BFF666AF 		bge	.L178
1210:Middlewares/Third_Party/LwIP/src/core/dns.c ****           LWIP_DEBUGF(DNS_DEBUG, ("dns_recv: \"%s\": response not match to query\n", entry->name));
 2490              		.loc 1 1210 9 is_stmt 1 view .LVU785
1210:Middlewares/Third_Party/LwIP/src/core/dns.c ****           LWIP_DEBUGF(DNS_DEBUG, ("dns_recv: \"%s\": response not match to query\n", entry->name));
 2491              		.loc 1 1210 12 is_stmt 0 view .LVU786
 2492 0142 BAF1010F 		cmp	r10, #1
 2493 0146 7FF462AF 		bne	.L178
1221:Middlewares/Third_Party/LwIP/src/core/dns.c ****             goto ignore_packet; /* ignore this packet */
 2494              		.loc 1 1221 11 is_stmt 1 view .LVU787
1221:Middlewares/Third_Party/LwIP/src/core/dns.c ****             goto ignore_packet; /* ignore this packet */
 2495              		.loc 1 1221 16 is_stmt 0 view .LVU788
 2496 014a 3168     		ldr	r1, [r6]
 2497 014c FA7A     		ldrb	r2, [r7, #11]	@ zero_extendqisi2
 2498 014e 284B     		ldr	r3, .L191+4
 2499 0150 53F82230 		ldr	r3, [r3, r2, lsl #2]
1221:Middlewares/Third_Party/LwIP/src/core/dns.c ****             goto ignore_packet; /* ignore this packet */
 2500              		.loc 1 1221 14 view .LVU789
 2501 0154 9942     		cmp	r1, r3
 2502 0156 7FF45AAF 		bne	.L178
1228:Middlewares/Third_Party/LwIP/src/core/dns.c ****         if (res_idx == 0xFFFF) {
 2503              		.loc 1 1228 9 is_stmt 1 view .LVU790
1228:Middlewares/Third_Party/LwIP/src/core/dns.c ****         if (res_idx == 0xFFFF) {
 2504              		.loc 1 1228 41 is_stmt 0 view .LVU791
 2505 015a 4FF48873 		mov	r3, #272
 2506 015e 03FB05F3 		mul	r3, r3, r5
 2507 0162 1033     		adds	r3, r3, #16
1228:Middlewares/Third_Party/LwIP/src/core/dns.c ****         if (res_idx == 0xFFFF) {
 2508              		.loc 1 1228 19 view .LVU792
 2509 0164 0C22     		movs	r2, #12
 2510 0166 2146     		mov	r1, r4
 2511 0168 2048     		ldr	r0, .L191
 2512 016a 1844     		add	r0, r0, r3
 2513 016c FFF7FEFF 		bl	dns_compare_name
 2514              	.LVL261:
 2515 0170 0646     		mov	r6, r0
 2516              	.LVL262:
1229:Middlewares/Third_Party/LwIP/src/core/dns.c ****           LWIP_DEBUGF(DNS_DEBUG, ("dns_recv: \"%s\": response not match to query\n", entry->name));
 2517              		.loc 1 1229 9 is_stmt 1 view .LVU793
1229:Middlewares/Third_Party/LwIP/src/core/dns.c ****           LWIP_DEBUGF(DNS_DEBUG, ("dns_recv: \"%s\": response not match to query\n", entry->name));
 2518              		.loc 1 1229 12 is_stmt 0 view .LVU794
 2519 0172 4FF6FF73 		movw	r3, #65535
 2520 0176 9842     		cmp	r0, r3
 2521 0178 3FF449AF 		beq	.L178
1235:Middlewares/Third_Party/LwIP/src/core/dns.c ****           goto ignore_packet; /* ignore this packet */
ARM GAS  /tmp/ccMnJyjS.s 			page 83


 2522              		.loc 1 1235 9 is_stmt 1 view .LVU795
1235:Middlewares/Third_Party/LwIP/src/core/dns.c ****           goto ignore_packet; /* ignore this packet */
 2523              		.loc 1 1235 13 is_stmt 0 view .LVU796
 2524 017c 0346     		mov	r3, r0
 2525 017e 0422     		movs	r2, #4
 2526 0180 0DEB0201 		add	r1, sp, r2
 2527 0184 2046     		mov	r0, r4
 2528              	.LVL263:
1235:Middlewares/Third_Party/LwIP/src/core/dns.c ****           goto ignore_packet; /* ignore this packet */
 2529              		.loc 1 1235 13 view .LVU797
 2530 0186 FFF7FEFF 		bl	pbuf_copy_partial
 2531              	.LVL264:
1235:Middlewares/Third_Party/LwIP/src/core/dns.c ****           goto ignore_packet; /* ignore this packet */
 2532              		.loc 1 1235 12 discriminator 1 view .LVU798
 2533 018a 0428     		cmp	r0, #4
 2534 018c 7FF43FAF 		bne	.L178
1238:Middlewares/Third_Party/LwIP/src/core/dns.c ****             (LWIP_DNS_ADDRTYPE_IS_IPV6(entry->reqaddrtype) && (qry.type != PP_HTONS(DNS_RRTYPE_AAAA
 2535              		.loc 1 1238 9 is_stmt 1 view .LVU799
1238:Middlewares/Third_Party/LwIP/src/core/dns.c ****             (LWIP_DNS_ADDRTYPE_IS_IPV6(entry->reqaddrtype) && (qry.type != PP_HTONS(DNS_RRTYPE_AAAA
 2536              		.loc 1 1238 17 is_stmt 0 view .LVU800
 2537 0190 BDF80630 		ldrh	r3, [sp, #6]
1238:Middlewares/Third_Party/LwIP/src/core/dns.c ****             (LWIP_DNS_ADDRTYPE_IS_IPV6(entry->reqaddrtype) && (qry.type != PP_HTONS(DNS_RRTYPE_AAAA
 2538              		.loc 1 1238 12 view .LVU801
 2539 0194 B3F5807F 		cmp	r3, #256
 2540 0198 7FF439AF 		bne	.L178
1240:Middlewares/Third_Party/LwIP/src/core/dns.c ****           LWIP_DEBUGF(DNS_DEBUG, ("dns_recv: \"%s\": response not match to query\n", entry->name));
 2541              		.loc 1 1240 68 view .LVU802
 2542 019c BDF80430 		ldrh	r3, [sp, #4]
1239:Middlewares/Third_Party/LwIP/src/core/dns.c ****             (!LWIP_DNS_ADDRTYPE_IS_IPV6(entry->reqaddrtype) && (qry.type != PP_HTONS(DNS_RRTYPE_A))
 2543              		.loc 1 1239 104 view .LVU803
 2544 01a0 B3F5807F 		cmp	r3, #256
 2545 01a4 7FF433AF 		bne	.L178
1245:Middlewares/Third_Party/LwIP/src/core/dns.c ****           goto ignore_packet;
 2546              		.loc 1 1245 9 is_stmt 1 view .LVU804
1245:Middlewares/Third_Party/LwIP/src/core/dns.c ****           goto ignore_packet;
 2547              		.loc 1 1245 12 is_stmt 0 view .LVU805
 2548 01a8 4FF6FB73 		movw	r3, #65531
 2549 01ac 9E42     		cmp	r6, r3
 2550 01ae 3FF62EAF 		bhi	.L178
1248:Middlewares/Third_Party/LwIP/src/core/dns.c **** 
 2551              		.loc 1 1248 9 is_stmt 1 view .LVU806
1248:Middlewares/Third_Party/LwIP/src/core/dns.c **** 
 2552              		.loc 1 1248 17 is_stmt 0 view .LVU807
 2553 01b2 311D     		adds	r1, r6, #4
 2554 01b4 89B2     		uxth	r1, r1
 2555              	.LVL265:
1251:Middlewares/Third_Party/LwIP/src/core/dns.c ****           LWIP_DEBUGF(DNS_DEBUG, ("dns_recv: \"%s\": error in flags\n", entry->name));
 2556              		.loc 1 1251 9 is_stmt 1 view .LVU808
1251:Middlewares/Third_Party/LwIP/src/core/dns.c ****           LWIP_DEBUGF(DNS_DEBUG, ("dns_recv: \"%s\": error in flags\n", entry->name));
 2557              		.loc 1 1251 16 is_stmt 0 view .LVU809
 2558 01b6 9DF81730 		ldrb	r3, [sp, #23]	@ zero_extendqisi2
1251:Middlewares/Third_Party/LwIP/src/core/dns.c ****           LWIP_DEBUGF(DNS_DEBUG, ("dns_recv: \"%s\": error in flags\n", entry->name));
 2559              		.loc 1 1251 12 view .LVU810
 2560 01ba 13F00F0F 		tst	r3, #15
 2561 01be 3FF45AAF 		beq	.L181
1252:Middlewares/Third_Party/LwIP/src/core/dns.c **** 
 2562              		.loc 1 1252 11 is_stmt 1 view .LVU811
ARM GAS  /tmp/ccMnJyjS.s 			page 84


1252:Middlewares/Third_Party/LwIP/src/core/dns.c **** 
 2563              		.loc 1 1252 11 view .LVU812
1252:Middlewares/Third_Party/LwIP/src/core/dns.c **** 
 2564              		.loc 1 1252 11 discriminator 4 view .LVU813
1257:Middlewares/Third_Party/LwIP/src/core/dns.c ****             /* avoid retrying the same server */
 2565              		.loc 1 1257 11 view .LVU814
1257:Middlewares/Third_Party/LwIP/src/core/dns.c ****             /* avoid retrying the same server */
 2566              		.loc 1 1257 15 is_stmt 0 view .LVU815
 2567 01c2 3846     		mov	r0, r7
 2568 01c4 FFF7FEFF 		bl	dns_backupserver_available
 2569              	.LVL266:
1257:Middlewares/Third_Party/LwIP/src/core/dns.c ****             /* avoid retrying the same server */
 2570              		.loc 1 1257 14 discriminator 1 view .LVU816
 2571 01c8 0028     		cmp	r0, #0
 2572 01ca 7FF435AF 		bne	.L190
 2573              	.LVL267:
 2574              	.L182:
1348:Middlewares/Third_Party/LwIP/src/core/dns.c ****         }
 2575              		.loc 1 1348 11 is_stmt 1 discriminator 4 view .LVU817
1351:Middlewares/Third_Party/LwIP/src/core/dns.c ****         dns_call_found(i, NULL);
 2576              		.loc 1 1351 9 view .LVU818
 2577 01ce 2046     		mov	r0, r4
 2578 01d0 FFF7FEFF 		bl	pbuf_free
 2579              	.LVL268:
1352:Middlewares/Third_Party/LwIP/src/core/dns.c ****         dns_table[i].state = DNS_STATE_UNUSED;
 2580              		.loc 1 1352 9 view .LVU819
 2581 01d4 0021     		movs	r1, #0
 2582 01d6 2846     		mov	r0, r5
 2583 01d8 FFF7FEFF 		bl	dns_call_found
 2584              	.LVL269:
1353:Middlewares/Third_Party/LwIP/src/core/dns.c ****         return;
 2585              		.loc 1 1353 9 view .LVU820
1353:Middlewares/Third_Party/LwIP/src/core/dns.c ****         return;
 2586              		.loc 1 1353 28 is_stmt 0 view .LVU821
 2587 01dc 034B     		ldr	r3, .L191
 2588 01de 4FF48872 		mov	r2, #272
 2589 01e2 02FB0833 		mla	r3, r2, r8, r3
 2590 01e6 0022     		movs	r2, #0
 2591 01e8 9A72     		strb	r2, [r3, #10]
1354:Middlewares/Third_Party/LwIP/src/core/dns.c ****       }
 2592              		.loc 1 1354 9 is_stmt 1 view .LVU822
 2593 01ea 13E7     		b	.L177
 2594              	.L192:
 2595              		.align	2
 2596              	.L191:
 2597 01ec 00000000 		.word	dns_table
 2598 01f0 00000000 		.word	dns_servers
 2599              	.LBE17:
 2600              		.cfi_endproc
 2601              	.LFE172:
 2603              		.section	.text.dns_init,"ax",%progbits
 2604              		.align	1
 2605              		.global	dns_init
 2606              		.syntax unified
 2607              		.thumb
 2608              		.thumb_func
 2610              	dns_init:
ARM GAS  /tmp/ccMnJyjS.s 			page 85


 2611              	.LFB156:
 316:Middlewares/Third_Party/LwIP/src/core/dns.c **** #ifdef DNS_SERVER_ADDRESS
 2612              		.loc 1 316 1 view -0
 2613              		.cfi_startproc
 2614              		@ args = 0, pretend = 0, frame = 0
 2615              		@ frame_needed = 0, uses_anonymous_args = 0
 2616              		@ link register save eliminated.
 324:Middlewares/Third_Party/LwIP/src/core/dns.c ****               sizeof(struct dns_query) == SIZEOF_DNS_QUERY);
 2617              		.loc 1 324 3 view .LVU824
 324:Middlewares/Third_Party/LwIP/src/core/dns.c ****               sizeof(struct dns_query) == SIZEOF_DNS_QUERY);
 2618              		.loc 1 324 3 view .LVU825
 324:Middlewares/Third_Party/LwIP/src/core/dns.c ****               sizeof(struct dns_query) == SIZEOF_DNS_QUERY);
 2619              		.loc 1 324 3 discriminator 3 view .LVU826
 324:Middlewares/Third_Party/LwIP/src/core/dns.c ****               sizeof(struct dns_query) == SIZEOF_DNS_QUERY);
 2620              		.loc 1 324 3 discriminator 3 view .LVU827
 326:Middlewares/Third_Party/LwIP/src/core/dns.c ****               sizeof(struct dns_answer) <= SIZEOF_DNS_ANSWER_ASSERT);
 2621              		.loc 1 326 3 view .LVU828
 326:Middlewares/Third_Party/LwIP/src/core/dns.c ****               sizeof(struct dns_answer) <= SIZEOF_DNS_ANSWER_ASSERT);
 2622              		.loc 1 326 3 view .LVU829
 326:Middlewares/Third_Party/LwIP/src/core/dns.c ****               sizeof(struct dns_answer) <= SIZEOF_DNS_ANSWER_ASSERT);
 2623              		.loc 1 326 3 discriminator 3 view .LVU830
 326:Middlewares/Third_Party/LwIP/src/core/dns.c ****               sizeof(struct dns_answer) <= SIZEOF_DNS_ANSWER_ASSERT);
 2624              		.loc 1 326 3 discriminator 3 view .LVU831
 329:Middlewares/Third_Party/LwIP/src/core/dns.c **** 
 2625              		.loc 1 329 3 view .LVU832
 329:Middlewares/Third_Party/LwIP/src/core/dns.c **** 
 2626              		.loc 1 329 3 view .LVU833
 329:Middlewares/Third_Party/LwIP/src/core/dns.c **** 
 2627              		.loc 1 329 3 discriminator 4 view .LVU834
 351:Middlewares/Third_Party/LwIP/src/core/dns.c **** 
 2628              		.loc 1 351 1 is_stmt 0 view .LVU835
 2629 0000 7047     		bx	lr
 2630              		.cfi_endproc
 2631              	.LFE156:
 2633              		.section	.text.dns_setserver,"ax",%progbits
 2634              		.align	1
 2635              		.global	dns_setserver
 2636              		.syntax unified
 2637              		.thumb
 2638              		.thumb_func
 2640              	dns_setserver:
 2641              	.LVL270:
 2642              	.LFB157:
 362:Middlewares/Third_Party/LwIP/src/core/dns.c ****   if (numdns < DNS_MAX_SERVERS) {
 2643              		.loc 1 362 1 is_stmt 1 view -0
 2644              		.cfi_startproc
 2645              		@ args = 0, pretend = 0, frame = 0
 2646              		@ frame_needed = 0, uses_anonymous_args = 0
 2647              		@ link register save eliminated.
 363:Middlewares/Third_Party/LwIP/src/core/dns.c ****     if (dnsserver != NULL) {
 2648              		.loc 1 363 3 view .LVU837
 363:Middlewares/Third_Party/LwIP/src/core/dns.c ****     if (dnsserver != NULL) {
 2649              		.loc 1 363 6 is_stmt 0 view .LVU838
 2650 0000 0128     		cmp	r0, #1
 2651 0002 00D9     		bls	.L197
 2652              	.L194:
 370:Middlewares/Third_Party/LwIP/src/core/dns.c **** 
ARM GAS  /tmp/ccMnJyjS.s 			page 86


 2653              		.loc 1 370 1 view .LVU839
 2654 0004 7047     		bx	lr
 2655              	.L197:
 364:Middlewares/Third_Party/LwIP/src/core/dns.c ****       dns_servers[numdns] = (*dnsserver);
 2656              		.loc 1 364 5 is_stmt 1 view .LVU840
 364:Middlewares/Third_Party/LwIP/src/core/dns.c ****       dns_servers[numdns] = (*dnsserver);
 2657              		.loc 1 364 8 is_stmt 0 view .LVU841
 2658 0006 21B1     		cbz	r1, .L196
 365:Middlewares/Third_Party/LwIP/src/core/dns.c ****     } else {
 2659              		.loc 1 365 7 is_stmt 1 view .LVU842
 365:Middlewares/Third_Party/LwIP/src/core/dns.c ****     } else {
 2660              		.loc 1 365 27 is_stmt 0 view .LVU843
 2661 0008 0A68     		ldr	r2, [r1]
 2662 000a 054B     		ldr	r3, .L198
 2663 000c 43F82020 		str	r2, [r3, r0, lsl #2]
 2664 0010 7047     		bx	lr
 2665              	.L196:
 367:Middlewares/Third_Party/LwIP/src/core/dns.c ****     }
 2666              		.loc 1 367 7 is_stmt 1 view .LVU844
 367:Middlewares/Third_Party/LwIP/src/core/dns.c ****     }
 2667              		.loc 1 367 27 is_stmt 0 view .LVU845
 2668 0012 044B     		ldr	r3, .L198+4
 2669 0014 1A68     		ldr	r2, [r3]
 2670 0016 024B     		ldr	r3, .L198
 2671 0018 43F82020 		str	r2, [r3, r0, lsl #2]
 370:Middlewares/Third_Party/LwIP/src/core/dns.c **** 
 2672              		.loc 1 370 1 view .LVU846
 2673 001c F2E7     		b	.L194
 2674              	.L199:
 2675 001e 00BF     		.align	2
 2676              	.L198:
 2677 0020 00000000 		.word	dns_servers
 2678 0024 00000000 		.word	ip_addr_any
 2679              		.cfi_endproc
 2680              	.LFE157:
 2682              		.section	.text.dns_getserver,"ax",%progbits
 2683              		.align	1
 2684              		.global	dns_getserver
 2685              		.syntax unified
 2686              		.thumb
 2687              		.thumb_func
 2689              	dns_getserver:
 2690              	.LVL271:
 2691              	.LFB158:
 382:Middlewares/Third_Party/LwIP/src/core/dns.c ****   if (numdns < DNS_MAX_SERVERS) {
 2692              		.loc 1 382 1 is_stmt 1 view -0
 2693              		.cfi_startproc
 2694              		@ args = 0, pretend = 0, frame = 0
 2695              		@ frame_needed = 0, uses_anonymous_args = 0
 2696              		@ link register save eliminated.
 383:Middlewares/Third_Party/LwIP/src/core/dns.c ****     return &dns_servers[numdns];
 2697              		.loc 1 383 3 view .LVU848
 383:Middlewares/Third_Party/LwIP/src/core/dns.c ****     return &dns_servers[numdns];
 2698              		.loc 1 383 6 is_stmt 0 view .LVU849
 2699 0000 0128     		cmp	r0, #1
 2700 0002 01D9     		bls	.L203
 386:Middlewares/Third_Party/LwIP/src/core/dns.c ****   }
ARM GAS  /tmp/ccMnJyjS.s 			page 87


 2701              		.loc 1 386 12 view .LVU850
 2702 0004 0248     		ldr	r0, .L204
 2703              	.LVL272:
 388:Middlewares/Third_Party/LwIP/src/core/dns.c **** 
 2704              		.loc 1 388 1 view .LVU851
 2705 0006 7047     		bx	lr
 2706              	.LVL273:
 2707              	.L203:
 384:Middlewares/Third_Party/LwIP/src/core/dns.c ****   } else {
 2708              		.loc 1 384 5 is_stmt 1 view .LVU852
 384:Middlewares/Third_Party/LwIP/src/core/dns.c ****   } else {
 2709              		.loc 1 384 12 is_stmt 0 view .LVU853
 2710 0008 024B     		ldr	r3, .L204+4
 2711 000a 03EB8000 		add	r0, r3, r0, lsl #2
 2712              	.LVL274:
 384:Middlewares/Third_Party/LwIP/src/core/dns.c ****   } else {
 2713              		.loc 1 384 12 view .LVU854
 2714 000e 7047     		bx	lr
 2715              	.L205:
 2716              		.align	2
 2717              	.L204:
 2718 0010 00000000 		.word	ip_addr_any
 2719 0014 00000000 		.word	dns_servers
 2720              		.cfi_endproc
 2721              	.LFE158:
 2723              		.section	.text.dns_tmr,"ax",%progbits
 2724              		.align	1
 2725              		.global	dns_tmr
 2726              		.syntax unified
 2727              		.thumb
 2728              		.thumb_func
 2730              	dns_tmr:
 2731              	.LFB159:
 396:Middlewares/Third_Party/LwIP/src/core/dns.c ****   LWIP_DEBUGF(DNS_DEBUG, ("dns_tmr: dns_check_entries\n"));
 2732              		.loc 1 396 1 is_stmt 1 view -0
 2733              		.cfi_startproc
 2734              		@ args = 0, pretend = 0, frame = 0
 2735              		@ frame_needed = 0, uses_anonymous_args = 0
 2736 0000 08B5     		push	{r3, lr}
 2737              	.LCFI19:
 2738              		.cfi_def_cfa_offset 8
 2739              		.cfi_offset 3, -8
 2740              		.cfi_offset 14, -4
 397:Middlewares/Third_Party/LwIP/src/core/dns.c ****   dns_check_entries();
 2741              		.loc 1 397 3 view .LVU856
 397:Middlewares/Third_Party/LwIP/src/core/dns.c ****   dns_check_entries();
 2742              		.loc 1 397 3 view .LVU857
 397:Middlewares/Third_Party/LwIP/src/core/dns.c ****   dns_check_entries();
 2743              		.loc 1 397 3 discriminator 4 view .LVU858
 398:Middlewares/Third_Party/LwIP/src/core/dns.c **** }
 2744              		.loc 1 398 3 view .LVU859
 2745 0002 FFF7FEFF 		bl	dns_check_entries
 2746              	.LVL275:
 399:Middlewares/Third_Party/LwIP/src/core/dns.c **** 
 2747              		.loc 1 399 1 is_stmt 0 view .LVU860
 2748 0006 08BD     		pop	{r3, pc}
 2749              		.cfi_endproc
ARM GAS  /tmp/ccMnJyjS.s 			page 88


 2750              	.LFE159:
 2752              		.section	.text.dns_gethostbyname_addrtype,"ax",%progbits
 2753              		.align	1
 2754              		.global	dns_gethostbyname_addrtype
 2755              		.syntax unified
 2756              		.thumb
 2757              		.thumb_func
 2759              	dns_gethostbyname_addrtype:
 2760              	.LVL276:
 2761              	.LFB175:
1504:Middlewares/Third_Party/LwIP/src/core/dns.c **** 
1505:Middlewares/Third_Party/LwIP/src/core/dns.c **** /**
1506:Middlewares/Third_Party/LwIP/src/core/dns.c ****  * @ingroup dns
1507:Middlewares/Third_Party/LwIP/src/core/dns.c ****  * Resolve a hostname (string) into an IP address.
1508:Middlewares/Third_Party/LwIP/src/core/dns.c ****  * NON-BLOCKING callback version for use with raw API!!!
1509:Middlewares/Third_Party/LwIP/src/core/dns.c ****  *
1510:Middlewares/Third_Party/LwIP/src/core/dns.c ****  * Returns immediately with one of err_t return codes:
1511:Middlewares/Third_Party/LwIP/src/core/dns.c ****  * - ERR_OK if hostname is a valid IP address string or the host
1512:Middlewares/Third_Party/LwIP/src/core/dns.c ****  *   name is already in the local names table.
1513:Middlewares/Third_Party/LwIP/src/core/dns.c ****  * - ERR_INPROGRESS enqueue a request to be sent to the DNS server
1514:Middlewares/Third_Party/LwIP/src/core/dns.c ****  *   for resolution if no errors are present.
1515:Middlewares/Third_Party/LwIP/src/core/dns.c ****  * - ERR_ARG: dns client not initialized or invalid hostname
1516:Middlewares/Third_Party/LwIP/src/core/dns.c ****  *
1517:Middlewares/Third_Party/LwIP/src/core/dns.c ****  * @param hostname the hostname that is to be queried
1518:Middlewares/Third_Party/LwIP/src/core/dns.c ****  * @param addr pointer to a ip_addr_t where to store the address if it is already
1519:Middlewares/Third_Party/LwIP/src/core/dns.c ****  *             cached in the dns_table (only valid if ERR_OK is returned!)
1520:Middlewares/Third_Party/LwIP/src/core/dns.c ****  * @param found a callback function to be called on success, failure or timeout (only if
1521:Middlewares/Third_Party/LwIP/src/core/dns.c ****  *              ERR_INPROGRESS is returned!)
1522:Middlewares/Third_Party/LwIP/src/core/dns.c ****  * @param callback_arg argument to pass to the callback function
1523:Middlewares/Third_Party/LwIP/src/core/dns.c ****  * @return a err_t return code.
1524:Middlewares/Third_Party/LwIP/src/core/dns.c ****  */
1525:Middlewares/Third_Party/LwIP/src/core/dns.c **** err_t
1526:Middlewares/Third_Party/LwIP/src/core/dns.c **** dns_gethostbyname(const char *hostname, ip_addr_t *addr, dns_found_callback found,
1527:Middlewares/Third_Party/LwIP/src/core/dns.c ****                   void *callback_arg)
1528:Middlewares/Third_Party/LwIP/src/core/dns.c **** {
1529:Middlewares/Third_Party/LwIP/src/core/dns.c ****   return dns_gethostbyname_addrtype(hostname, addr, found, callback_arg, LWIP_DNS_ADDRTYPE_DEFAULT)
1530:Middlewares/Third_Party/LwIP/src/core/dns.c **** }
1531:Middlewares/Third_Party/LwIP/src/core/dns.c **** 
1532:Middlewares/Third_Party/LwIP/src/core/dns.c **** /**
1533:Middlewares/Third_Party/LwIP/src/core/dns.c ****  * @ingroup dns
1534:Middlewares/Third_Party/LwIP/src/core/dns.c ****  * Like dns_gethostbyname, but returned address type can be controlled:
1535:Middlewares/Third_Party/LwIP/src/core/dns.c ****  * @param hostname the hostname that is to be queried
1536:Middlewares/Third_Party/LwIP/src/core/dns.c ****  * @param addr pointer to a ip_addr_t where to store the address if it is already
1537:Middlewares/Third_Party/LwIP/src/core/dns.c ****  *             cached in the dns_table (only valid if ERR_OK is returned!)
1538:Middlewares/Third_Party/LwIP/src/core/dns.c ****  * @param found a callback function to be called on success, failure or timeout (only if
1539:Middlewares/Third_Party/LwIP/src/core/dns.c ****  *              ERR_INPROGRESS is returned!)
1540:Middlewares/Third_Party/LwIP/src/core/dns.c ****  * @param callback_arg argument to pass to the callback function
1541:Middlewares/Third_Party/LwIP/src/core/dns.c ****  * @param dns_addrtype - LWIP_DNS_ADDRTYPE_IPV4_IPV6: try to resolve IPv4 first, try IPv6 if IPv4 f
1542:Middlewares/Third_Party/LwIP/src/core/dns.c ****  *                     - LWIP_DNS_ADDRTYPE_IPV6_IPV4: try to resolve IPv6 first, try IPv4 if IPv6 f
1543:Middlewares/Third_Party/LwIP/src/core/dns.c ****  *                     - LWIP_DNS_ADDRTYPE_IPV4: try to resolve IPv4 only
1544:Middlewares/Third_Party/LwIP/src/core/dns.c ****  *                     - LWIP_DNS_ADDRTYPE_IPV6: try to resolve IPv6 only
1545:Middlewares/Third_Party/LwIP/src/core/dns.c ****  */
1546:Middlewares/Third_Party/LwIP/src/core/dns.c **** err_t
1547:Middlewares/Third_Party/LwIP/src/core/dns.c **** dns_gethostbyname_addrtype(const char *hostname, ip_addr_t *addr, dns_found_callback found,
1548:Middlewares/Third_Party/LwIP/src/core/dns.c ****                            void *callback_arg, u8_t dns_addrtype)
1549:Middlewares/Third_Party/LwIP/src/core/dns.c **** {
 2762              		.loc 1 1549 1 is_stmt 1 view -0
ARM GAS  /tmp/ccMnJyjS.s 			page 89


 2763              		.cfi_startproc
 2764              		@ args = 4, pretend = 0, frame = 0
 2765              		@ frame_needed = 0, uses_anonymous_args = 0
1550:Middlewares/Third_Party/LwIP/src/core/dns.c ****   size_t hostnamelen;
 2766              		.loc 1 1550 3 view .LVU862
1551:Middlewares/Third_Party/LwIP/src/core/dns.c **** #if LWIP_DNS_SUPPORT_MDNS_QUERIES
1552:Middlewares/Third_Party/LwIP/src/core/dns.c ****   u8_t is_mdns;
1553:Middlewares/Third_Party/LwIP/src/core/dns.c **** #endif
1554:Middlewares/Third_Party/LwIP/src/core/dns.c ****   /* not initialized or no valid server yet, or invalid addr pointer
1555:Middlewares/Third_Party/LwIP/src/core/dns.c ****    * or invalid hostname or invalid hostname length */
1556:Middlewares/Third_Party/LwIP/src/core/dns.c ****   if ((addr == NULL) ||
 2767              		.loc 1 1556 3 view .LVU863
 2768              		.loc 1 1556 6 is_stmt 0 view .LVU864
 2769 0000 29B3     		cbz	r1, .L210
1549:Middlewares/Third_Party/LwIP/src/core/dns.c ****   size_t hostnamelen;
 2770              		.loc 1 1549 1 view .LVU865
 2771 0002 2DE9F041 		push	{r4, r5, r6, r7, r8, lr}
 2772              	.LCFI20:
 2773              		.cfi_def_cfa_offset 24
 2774              		.cfi_offset 4, -24
 2775              		.cfi_offset 5, -20
 2776              		.cfi_offset 6, -16
 2777              		.cfi_offset 7, -12
 2778              		.cfi_offset 8, -8
 2779              		.cfi_offset 14, -4
 2780 0006 0446     		mov	r4, r0
 2781 0008 1646     		mov	r6, r2
 2782 000a 1F46     		mov	r7, r3
 2783 000c 8846     		mov	r8, r1
 2784              		.loc 1 1556 22 discriminator 1 view .LVU866
 2785 000e 08B3     		cbz	r0, .L211
1557:Middlewares/Third_Party/LwIP/src/core/dns.c ****       (!hostname) || (!hostname[0])) {
 2786              		.loc 1 1557 32 view .LVU867
 2787 0010 0378     		ldrb	r3, [r0]	@ zero_extendqisi2
 2788              	.LVL277:
 2789              		.loc 1 1557 19 view .LVU868
 2790 0012 13B3     		cbz	r3, .L212
1558:Middlewares/Third_Party/LwIP/src/core/dns.c ****     return ERR_ARG;
1559:Middlewares/Third_Party/LwIP/src/core/dns.c ****   }
1560:Middlewares/Third_Party/LwIP/src/core/dns.c **** #if ((LWIP_DNS_SECURE & LWIP_DNS_SECURE_RAND_SRC_PORT) == 0)
1561:Middlewares/Third_Party/LwIP/src/core/dns.c ****   if (dns_pcbs[0] == NULL) {
1562:Middlewares/Third_Party/LwIP/src/core/dns.c ****     return ERR_ARG;
1563:Middlewares/Third_Party/LwIP/src/core/dns.c ****   }
1564:Middlewares/Third_Party/LwIP/src/core/dns.c **** #endif
1565:Middlewares/Third_Party/LwIP/src/core/dns.c ****   hostnamelen = strlen(hostname);
 2791              		.loc 1 1565 3 is_stmt 1 view .LVU869
 2792              		.loc 1 1565 17 is_stmt 0 view .LVU870
 2793 0014 FFF7FEFF 		bl	strlen
 2794              	.LVL278:
 2795              		.loc 1 1565 17 view .LVU871
 2796 0018 0546     		mov	r5, r0
 2797              	.LVL279:
1566:Middlewares/Third_Party/LwIP/src/core/dns.c ****   if (hostnamelen >= DNS_MAX_NAME_LENGTH) {
 2798              		.loc 1 1566 3 is_stmt 1 view .LVU872
 2799              		.loc 1 1566 6 is_stmt 0 view .LVU873
 2800 001a FF28     		cmp	r0, #255
 2801 001c 20D8     		bhi	.L213
ARM GAS  /tmp/ccMnJyjS.s 			page 90


1567:Middlewares/Third_Party/LwIP/src/core/dns.c ****     LWIP_DEBUGF(DNS_DEBUG, ("dns_gethostbyname: name too long to resolve"));
1568:Middlewares/Third_Party/LwIP/src/core/dns.c ****     return ERR_ARG;
1569:Middlewares/Third_Party/LwIP/src/core/dns.c ****   }
1570:Middlewares/Third_Party/LwIP/src/core/dns.c **** 
1571:Middlewares/Third_Party/LwIP/src/core/dns.c **** 
1572:Middlewares/Third_Party/LwIP/src/core/dns.c **** #if LWIP_HAVE_LOOPIF
1573:Middlewares/Third_Party/LwIP/src/core/dns.c ****   if (strcmp(hostname, "localhost") == 0) {
1574:Middlewares/Third_Party/LwIP/src/core/dns.c ****     ip_addr_set_loopback(LWIP_DNS_ADDRTYPE_IS_IPV6(dns_addrtype), addr);
1575:Middlewares/Third_Party/LwIP/src/core/dns.c ****     return ERR_OK;
1576:Middlewares/Third_Party/LwIP/src/core/dns.c ****   }
1577:Middlewares/Third_Party/LwIP/src/core/dns.c **** #endif /* LWIP_HAVE_LOOPIF */
1578:Middlewares/Third_Party/LwIP/src/core/dns.c **** 
1579:Middlewares/Third_Party/LwIP/src/core/dns.c ****   /* host name already in octet notation? set ip addr and return ERR_OK */
1580:Middlewares/Third_Party/LwIP/src/core/dns.c ****   if (ipaddr_aton(hostname, addr)) {
 2802              		.loc 1 1580 3 is_stmt 1 view .LVU874
 2803              		.loc 1 1580 7 is_stmt 0 view .LVU875
 2804 001e 4146     		mov	r1, r8
 2805 0020 2046     		mov	r0, r4
 2806              	.LVL280:
 2807              		.loc 1 1580 7 view .LVU876
 2808 0022 FFF7FEFF 		bl	ip4addr_aton
 2809              	.LVL281:
 2810              		.loc 1 1580 6 discriminator 1 view .LVU877
 2811 0026 10B1     		cbz	r0, .L220
1581:Middlewares/Third_Party/LwIP/src/core/dns.c **** #if LWIP_IPV4 && LWIP_IPV6
1582:Middlewares/Third_Party/LwIP/src/core/dns.c ****     if ((IP_IS_V6(addr) && (dns_addrtype != LWIP_DNS_ADDRTYPE_IPV4)) ||
1583:Middlewares/Third_Party/LwIP/src/core/dns.c ****         (IP_IS_V4(addr) && (dns_addrtype != LWIP_DNS_ADDRTYPE_IPV6)))
1584:Middlewares/Third_Party/LwIP/src/core/dns.c **** #endif /* LWIP_IPV4 && LWIP_IPV6 */
1585:Middlewares/Third_Party/LwIP/src/core/dns.c ****     {
1586:Middlewares/Third_Party/LwIP/src/core/dns.c ****       return ERR_OK;
 2812              		.loc 1 1586 14 view .LVU878
 2813 0028 0020     		movs	r0, #0
 2814              	.LVL282:
 2815              	.L209:
1587:Middlewares/Third_Party/LwIP/src/core/dns.c ****     }
1588:Middlewares/Third_Party/LwIP/src/core/dns.c ****   }
1589:Middlewares/Third_Party/LwIP/src/core/dns.c ****   /* already have this address cached? */
1590:Middlewares/Third_Party/LwIP/src/core/dns.c ****   if (dns_lookup(hostname, addr LWIP_DNS_ADDRTYPE_ARG(dns_addrtype)) == ERR_OK) {
1591:Middlewares/Third_Party/LwIP/src/core/dns.c ****     return ERR_OK;
1592:Middlewares/Third_Party/LwIP/src/core/dns.c ****   }
1593:Middlewares/Third_Party/LwIP/src/core/dns.c **** #if LWIP_IPV4 && LWIP_IPV6
1594:Middlewares/Third_Party/LwIP/src/core/dns.c ****   if ((dns_addrtype == LWIP_DNS_ADDRTYPE_IPV4_IPV6) || (dns_addrtype == LWIP_DNS_ADDRTYPE_IPV6_IPV4
1595:Middlewares/Third_Party/LwIP/src/core/dns.c ****     /* fallback to 2nd IP type and try again to lookup */
1596:Middlewares/Third_Party/LwIP/src/core/dns.c ****     u8_t fallback;
1597:Middlewares/Third_Party/LwIP/src/core/dns.c ****     if (dns_addrtype == LWIP_DNS_ADDRTYPE_IPV4_IPV6) {
1598:Middlewares/Third_Party/LwIP/src/core/dns.c ****       fallback = LWIP_DNS_ADDRTYPE_IPV6;
1599:Middlewares/Third_Party/LwIP/src/core/dns.c ****     } else {
1600:Middlewares/Third_Party/LwIP/src/core/dns.c ****       fallback = LWIP_DNS_ADDRTYPE_IPV4;
1601:Middlewares/Third_Party/LwIP/src/core/dns.c ****     }
1602:Middlewares/Third_Party/LwIP/src/core/dns.c ****     if (dns_lookup(hostname, addr LWIP_DNS_ADDRTYPE_ARG(fallback)) == ERR_OK) {
1603:Middlewares/Third_Party/LwIP/src/core/dns.c ****       return ERR_OK;
1604:Middlewares/Third_Party/LwIP/src/core/dns.c ****     }
1605:Middlewares/Third_Party/LwIP/src/core/dns.c ****   }
1606:Middlewares/Third_Party/LwIP/src/core/dns.c **** #else /* LWIP_IPV4 && LWIP_IPV6 */
1607:Middlewares/Third_Party/LwIP/src/core/dns.c ****   LWIP_UNUSED_ARG(dns_addrtype);
1608:Middlewares/Third_Party/LwIP/src/core/dns.c **** #endif /* LWIP_IPV4 && LWIP_IPV6 */
1609:Middlewares/Third_Party/LwIP/src/core/dns.c **** 
ARM GAS  /tmp/ccMnJyjS.s 			page 91


1610:Middlewares/Third_Party/LwIP/src/core/dns.c **** #if LWIP_DNS_SUPPORT_MDNS_QUERIES
1611:Middlewares/Third_Party/LwIP/src/core/dns.c ****   if (strstr(hostname, ".local") == &hostname[hostnamelen] - 6) {
1612:Middlewares/Third_Party/LwIP/src/core/dns.c ****     is_mdns = 1;
1613:Middlewares/Third_Party/LwIP/src/core/dns.c ****   } else {
1614:Middlewares/Third_Party/LwIP/src/core/dns.c ****     is_mdns = 0;
1615:Middlewares/Third_Party/LwIP/src/core/dns.c ****   }
1616:Middlewares/Third_Party/LwIP/src/core/dns.c **** 
1617:Middlewares/Third_Party/LwIP/src/core/dns.c ****   if (!is_mdns)
1618:Middlewares/Third_Party/LwIP/src/core/dns.c **** #endif /* LWIP_DNS_SUPPORT_MDNS_QUERIES */
1619:Middlewares/Third_Party/LwIP/src/core/dns.c ****   {
1620:Middlewares/Third_Party/LwIP/src/core/dns.c ****     /* prevent calling found callback if no server is set, return error instead */
1621:Middlewares/Third_Party/LwIP/src/core/dns.c ****     if (ip_addr_isany_val(dns_servers[0])) {
1622:Middlewares/Third_Party/LwIP/src/core/dns.c ****       return ERR_VAL;
1623:Middlewares/Third_Party/LwIP/src/core/dns.c ****     }
1624:Middlewares/Third_Party/LwIP/src/core/dns.c ****   }
1625:Middlewares/Third_Party/LwIP/src/core/dns.c **** 
1626:Middlewares/Third_Party/LwIP/src/core/dns.c ****   /* queue query with specified callback */
1627:Middlewares/Third_Party/LwIP/src/core/dns.c ****   return dns_enqueue(hostname, hostnamelen, found, callback_arg LWIP_DNS_ADDRTYPE_ARG(dns_addrtype)
1628:Middlewares/Third_Party/LwIP/src/core/dns.c ****                      LWIP_DNS_ISMDNS_ARG(is_mdns));
1629:Middlewares/Third_Party/LwIP/src/core/dns.c **** }
 2816              		.loc 1 1629 1 view .LVU879
 2817 002a BDE8F081 		pop	{r4, r5, r6, r7, r8, pc}
 2818              	.LVL283:
 2819              	.L220:
1590:Middlewares/Third_Party/LwIP/src/core/dns.c ****     return ERR_OK;
 2820              		.loc 1 1590 3 is_stmt 1 view .LVU880
1590:Middlewares/Third_Party/LwIP/src/core/dns.c ****     return ERR_OK;
 2821              		.loc 1 1590 7 is_stmt 0 view .LVU881
 2822 002e 4146     		mov	r1, r8
 2823 0030 2046     		mov	r0, r4
 2824 0032 FFF7FEFF 		bl	dns_lookup
 2825              	.LVL284:
1590:Middlewares/Third_Party/LwIP/src/core/dns.c ****     return ERR_OK;
 2826              		.loc 1 1590 6 discriminator 1 view .LVU882
 2827 0036 0028     		cmp	r0, #0
 2828 0038 F7D0     		beq	.L209
1607:Middlewares/Third_Party/LwIP/src/core/dns.c **** #endif /* LWIP_IPV4 && LWIP_IPV6 */
 2829              		.loc 1 1607 3 is_stmt 1 view .LVU883
1621:Middlewares/Third_Party/LwIP/src/core/dns.c ****       return ERR_VAL;
 2830              		.loc 1 1621 5 view .LVU884
1621:Middlewares/Third_Party/LwIP/src/core/dns.c ****       return ERR_VAL;
 2831              		.loc 1 1621 9 is_stmt 0 view .LVU885
 2832 003a 0C4B     		ldr	r3, .L221
 2833 003c 1B68     		ldr	r3, [r3]
1621:Middlewares/Third_Party/LwIP/src/core/dns.c ****       return ERR_VAL;
 2834              		.loc 1 1621 8 view .LVU886
 2835 003e 93B1     		cbz	r3, .L215
1627:Middlewares/Third_Party/LwIP/src/core/dns.c ****                      LWIP_DNS_ISMDNS_ARG(is_mdns));
 2836              		.loc 1 1627 3 is_stmt 1 view .LVU887
1627:Middlewares/Third_Party/LwIP/src/core/dns.c ****                      LWIP_DNS_ISMDNS_ARG(is_mdns));
 2837              		.loc 1 1627 10 is_stmt 0 view .LVU888
 2838 0040 3B46     		mov	r3, r7
 2839 0042 3246     		mov	r2, r6
 2840 0044 2946     		mov	r1, r5
 2841 0046 2046     		mov	r0, r4
 2842 0048 FFF7FEFF 		bl	dns_enqueue
 2843              	.LVL285:
ARM GAS  /tmp/ccMnJyjS.s 			page 92


 2844 004c EDE7     		b	.L209
 2845              	.LVL286:
 2846              	.L210:
 2847              	.LCFI21:
 2848              		.cfi_def_cfa_offset 0
 2849              		.cfi_restore 4
 2850              		.cfi_restore 5
 2851              		.cfi_restore 6
 2852              		.cfi_restore 7
 2853              		.cfi_restore 8
 2854              		.cfi_restore 14
1558:Middlewares/Third_Party/LwIP/src/core/dns.c ****   }
 2855              		.loc 1 1558 12 view .LVU889
 2856 004e 6FF00F00 		mvn	r0, #15
 2857              	.LVL287:
 2858              		.loc 1 1629 1 view .LVU890
 2859 0052 7047     		bx	lr
 2860              	.LVL288:
 2861              	.L211:
 2862              	.LCFI22:
 2863              		.cfi_def_cfa_offset 24
 2864              		.cfi_offset 4, -24
 2865              		.cfi_offset 5, -20
 2866              		.cfi_offset 6, -16
 2867              		.cfi_offset 7, -12
 2868              		.cfi_offset 8, -8
 2869              		.cfi_offset 14, -4
1558:Middlewares/Third_Party/LwIP/src/core/dns.c ****   }
 2870              		.loc 1 1558 12 view .LVU891
 2871 0054 6FF00F00 		mvn	r0, #15
 2872              	.LVL289:
1558:Middlewares/Third_Party/LwIP/src/core/dns.c ****   }
 2873              		.loc 1 1558 12 view .LVU892
 2874 0058 E7E7     		b	.L209
 2875              	.LVL290:
 2876              	.L212:
1558:Middlewares/Third_Party/LwIP/src/core/dns.c ****   }
 2877              		.loc 1 1558 12 view .LVU893
 2878 005a 6FF00F00 		mvn	r0, #15
 2879              	.LVL291:
1558:Middlewares/Third_Party/LwIP/src/core/dns.c ****   }
 2880              		.loc 1 1558 12 view .LVU894
 2881 005e E4E7     		b	.L209
 2882              	.LVL292:
 2883              	.L213:
1568:Middlewares/Third_Party/LwIP/src/core/dns.c ****   }
 2884              		.loc 1 1568 12 view .LVU895
 2885 0060 6FF00F00 		mvn	r0, #15
 2886              	.LVL293:
1568:Middlewares/Third_Party/LwIP/src/core/dns.c ****   }
 2887              		.loc 1 1568 12 view .LVU896
 2888 0064 E1E7     		b	.L209
 2889              	.L215:
1622:Middlewares/Third_Party/LwIP/src/core/dns.c ****     }
 2890              		.loc 1 1622 14 view .LVU897
 2891 0066 6FF00500 		mvn	r0, #5
 2892 006a DEE7     		b	.L209
ARM GAS  /tmp/ccMnJyjS.s 			page 93


 2893              	.L222:
 2894              		.align	2
 2895              	.L221:
 2896 006c 00000000 		.word	dns_servers
 2897              		.cfi_endproc
 2898              	.LFE175:
 2900              		.section	.text.dns_gethostbyname,"ax",%progbits
 2901              		.align	1
 2902              		.global	dns_gethostbyname
 2903              		.syntax unified
 2904              		.thumb
 2905              		.thumb_func
 2907              	dns_gethostbyname:
 2908              	.LVL294:
 2909              	.LFB174:
1528:Middlewares/Third_Party/LwIP/src/core/dns.c ****   return dns_gethostbyname_addrtype(hostname, addr, found, callback_arg, LWIP_DNS_ADDRTYPE_DEFAULT)
 2910              		.loc 1 1528 1 is_stmt 1 view -0
 2911              		.cfi_startproc
 2912              		@ args = 0, pretend = 0, frame = 0
 2913              		@ frame_needed = 0, uses_anonymous_args = 0
1528:Middlewares/Third_Party/LwIP/src/core/dns.c ****   return dns_gethostbyname_addrtype(hostname, addr, found, callback_arg, LWIP_DNS_ADDRTYPE_DEFAULT)
 2914              		.loc 1 1528 1 is_stmt 0 view .LVU899
 2915 0000 10B5     		push	{r4, lr}
 2916              	.LCFI23:
 2917              		.cfi_def_cfa_offset 8
 2918              		.cfi_offset 4, -8
 2919              		.cfi_offset 14, -4
 2920 0002 82B0     		sub	sp, sp, #8
 2921              	.LCFI24:
 2922              		.cfi_def_cfa_offset 16
1529:Middlewares/Third_Party/LwIP/src/core/dns.c **** }
 2923              		.loc 1 1529 3 is_stmt 1 view .LVU900
1529:Middlewares/Third_Party/LwIP/src/core/dns.c **** }
 2924              		.loc 1 1529 10 is_stmt 0 view .LVU901
 2925 0004 0024     		movs	r4, #0
 2926 0006 0094     		str	r4, [sp]
 2927 0008 FFF7FEFF 		bl	dns_gethostbyname_addrtype
 2928              	.LVL295:
1530:Middlewares/Third_Party/LwIP/src/core/dns.c **** 
 2929              		.loc 1 1530 1 view .LVU902
 2930 000c 02B0     		add	sp, sp, #8
 2931              	.LCFI25:
 2932              		.cfi_def_cfa_offset 8
 2933              		@ sp needed
 2934 000e 10BD     		pop	{r4, pc}
 2935              		.cfi_endproc
 2936              	.LFE174:
 2938              		.global	dns_mquery_v4group
 2939              		.section	.rodata.dns_mquery_v4group,"a"
 2940              		.align	2
 2943              	dns_mquery_v4group:
 2944 0000 E00000FB 		.word	-83885856
 2945              		.section	.bss.dns_servers,"aw",%nobits
 2946              		.align	2
 2949              	dns_servers:
 2950 0000 00000000 		.space	8
 2950      00000000 
ARM GAS  /tmp/ccMnJyjS.s 			page 94


 2951              		.section	.bss.dns_requests,"aw",%nobits
 2952              		.align	2
 2955              	dns_requests:
 2956 0000 00000000 		.space	48
 2956      00000000 
 2956      00000000 
 2956      00000000 
 2956      00000000 
 2957              		.section	.bss.dns_table,"aw",%nobits
 2958              		.align	2
 2961              	dns_table:
 2962 0000 00000000 		.space	1088
 2962      00000000 
 2962      00000000 
 2962      00000000 
 2962      00000000 
 2963              		.section	.bss.dns_seqno,"aw",%nobits
 2966              	dns_seqno:
 2967 0000 00       		.space	1
 2968              		.section	.bss.dns_last_pcb_idx,"aw",%nobits
 2971              	dns_last_pcb_idx:
 2972 0000 00       		.space	1
 2973              		.section	.bss.dns_pcbs,"aw",%nobits
 2974              		.align	2
 2977              	dns_pcbs:
 2978 0000 00000000 		.space	16
 2978      00000000 
 2978      00000000 
 2978      00000000 
 2979              		.text
 2980              	.Letext0:
 2981              		.file 2 "/usr/lib/gcc/arm-none-eabi/14.2.1/include/stdint.h"
 2982              		.file 3 "/usr/lib/gcc/arm-none-eabi/14.2.1/include/stddef.h"
 2983              		.file 4 "Middlewares/Third_Party/LwIP/src/include/lwip/arch.h"
 2984              		.file 5 "Middlewares/Third_Party/LwIP/src/include/lwip/err.h"
 2985              		.file 6 "Middlewares/Third_Party/LwIP/src/include/lwip/pbuf.h"
 2986              		.file 7 "Middlewares/Third_Party/LwIP/src/include/lwip/ip4_addr.h"
 2987              		.file 8 "Middlewares/Third_Party/LwIP/src/include/lwip/ip_addr.h"
 2988              		.file 9 "/usr/include/newlib/ctype.h"
 2989              		.file 10 "Middlewares/Third_Party/LwIP/src/include/lwip/memp.h"
 2990              		.file 11 "Middlewares/Third_Party/LwIP/src/include/lwip/netif.h"
 2991              		.file 12 "Middlewares/Third_Party/LwIP/src/include/lwip/udp.h"
 2992              		.file 13 "Middlewares/Third_Party/LwIP/src/include/lwip/dns.h"
 2993              		.file 14 "Middlewares/Third_Party/LwIP/src/include/lwip/prot/dns.h"
 2994              		.file 15 "Middlewares/Third_Party/LwIP/src/include/lwip/def.h"
 2995              		.file 16 "/usr/include/newlib/string.h"
 2996              		.file 17 "/usr/include/newlib/stdio.h"
 2997              		.file 18 "/usr/include/newlib/stdlib.h"
 2998              		.file 19 "<built-in>"
ARM GAS  /tmp/ccMnJyjS.s 			page 95


DEFINED SYMBOLS
                            *ABS*:00000000 dns.c
     /tmp/ccMnJyjS.s:21     .text.dns_backupserver_available:00000000 $t
     /tmp/ccMnJyjS.s:26     .text.dns_backupserver_available:00000000 dns_backupserver_available
     /tmp/ccMnJyjS.s:71     .text.dns_backupserver_available:00000020 $d
     /tmp/ccMnJyjS.s:2949   .bss.dns_servers:00000000 dns_servers
     /tmp/ccMnJyjS.s:76     .text.dns_create_txid:00000000 $t
     /tmp/ccMnJyjS.s:81     .text.dns_create_txid:00000000 dns_create_txid
     /tmp/ccMnJyjS.s:145    .text.dns_create_txid:00000034 $d
     /tmp/ccMnJyjS.s:2961   .bss.dns_table:00000000 dns_table
     /tmp/ccMnJyjS.s:150    .text.dns_call_found:00000000 $t
     /tmp/ccMnJyjS.s:155    .text.dns_call_found:00000000 dns_call_found
     /tmp/ccMnJyjS.s:324    .text.dns_call_found:000000dc $d
     /tmp/ccMnJyjS.s:2955   .bss.dns_requests:00000000 dns_requests
     /tmp/ccMnJyjS.s:2977   .bss.dns_pcbs:00000000 dns_pcbs
     /tmp/ccMnJyjS.s:331    .text.dns_correct_response:00000000 $t
     /tmp/ccMnJyjS.s:336    .text.dns_correct_response:00000000 dns_correct_response
     /tmp/ccMnJyjS.s:426    .text.dns_correct_response:00000054 $d
     /tmp/ccMnJyjS.s:432    .rodata.dns_send.str1.4:00000000 $d
     /tmp/ccMnJyjS.s:442    .text.dns_send:00000000 $t
     /tmp/ccMnJyjS.s:447    .text.dns_send:00000000 dns_send
     /tmp/ccMnJyjS.s:784    .text.dns_send:0000017c $d
     /tmp/ccMnJyjS.s:794    .rodata.dns_check_entry.str1.4:00000000 $d
     /tmp/ccMnJyjS.s:801    .text.dns_check_entry:00000000 $t
     /tmp/ccMnJyjS.s:806    .text.dns_check_entry:00000000 dns_check_entry
     /tmp/ccMnJyjS.s:848    .text.dns_check_entry:00000026 $d
     /tmp/ccMnJyjS.s:853    .text.dns_check_entry:0000002a $t
     /tmp/ccMnJyjS.s:1045   .text.dns_check_entry:00000128 $d
     /tmp/ccMnJyjS.s:1054   .text.dns_check_entries:00000000 $t
     /tmp/ccMnJyjS.s:1059   .text.dns_check_entries:00000000 dns_check_entries
     /tmp/ccMnJyjS.s:1100   .text.dns_lookup:00000000 $t
     /tmp/ccMnJyjS.s:1105   .text.dns_lookup:00000000 dns_lookup
     /tmp/ccMnJyjS.s:1201   .text.dns_lookup:00000054 $d
     /tmp/ccMnJyjS.s:1206   .text.dns_alloc_random_port:00000000 $t
     /tmp/ccMnJyjS.s:1211   .text.dns_alloc_random_port:00000000 dns_alloc_random_port
     /tmp/ccMnJyjS.s:1304   .text.dns_alloc_random_port:00000048 $d
     /tmp/ccMnJyjS.s:2202   .text.dns_recv:00000000 dns_recv
     /tmp/ccMnJyjS.s:1310   .text.dns_alloc_pcb:00000000 $t
     /tmp/ccMnJyjS.s:1315   .text.dns_alloc_pcb:00000000 dns_alloc_pcb
     /tmp/ccMnJyjS.s:1448   .text.dns_alloc_pcb:00000064 $d
     /tmp/ccMnJyjS.s:2971   .bss.dns_last_pcb_idx:00000000 dns_last_pcb_idx
     /tmp/ccMnJyjS.s:1454   .text.dns_enqueue:00000000 $t
     /tmp/ccMnJyjS.s:1459   .text.dns_enqueue:00000000 dns_enqueue
     /tmp/ccMnJyjS.s:1817   .text.dns_enqueue:00000178 $d
     /tmp/ccMnJyjS.s:2966   .bss.dns_seqno:00000000 dns_seqno
     /tmp/ccMnJyjS.s:1824   .text.dns_compare_name:00000000 $t
     /tmp/ccMnJyjS.s:1829   .text.dns_compare_name:00000000 dns_compare_name
     /tmp/ccMnJyjS.s:2062   .text.dns_compare_name:000000bc $d
     /tmp/ccMnJyjS.s:2067   .text.dns_skip_name:00000000 $t
     /tmp/ccMnJyjS.s:2072   .text.dns_skip_name:00000000 dns_skip_name
     /tmp/ccMnJyjS.s:2197   .text.dns_recv:00000000 $t
     /tmp/ccMnJyjS.s:2597   .text.dns_recv:000001ec $d
     /tmp/ccMnJyjS.s:2604   .text.dns_init:00000000 $t
     /tmp/ccMnJyjS.s:2610   .text.dns_init:00000000 dns_init
     /tmp/ccMnJyjS.s:2634   .text.dns_setserver:00000000 $t
     /tmp/ccMnJyjS.s:2640   .text.dns_setserver:00000000 dns_setserver
     /tmp/ccMnJyjS.s:2677   .text.dns_setserver:00000020 $d
ARM GAS  /tmp/ccMnJyjS.s 			page 96


     /tmp/ccMnJyjS.s:2683   .text.dns_getserver:00000000 $t
     /tmp/ccMnJyjS.s:2689   .text.dns_getserver:00000000 dns_getserver
     /tmp/ccMnJyjS.s:2718   .text.dns_getserver:00000010 $d
     /tmp/ccMnJyjS.s:2724   .text.dns_tmr:00000000 $t
     /tmp/ccMnJyjS.s:2730   .text.dns_tmr:00000000 dns_tmr
     /tmp/ccMnJyjS.s:2753   .text.dns_gethostbyname_addrtype:00000000 $t
     /tmp/ccMnJyjS.s:2759   .text.dns_gethostbyname_addrtype:00000000 dns_gethostbyname_addrtype
     /tmp/ccMnJyjS.s:2896   .text.dns_gethostbyname_addrtype:0000006c $d
     /tmp/ccMnJyjS.s:2901   .text.dns_gethostbyname:00000000 $t
     /tmp/ccMnJyjS.s:2907   .text.dns_gethostbyname:00000000 dns_gethostbyname
     /tmp/ccMnJyjS.s:2943   .rodata.dns_mquery_v4group:00000000 dns_mquery_v4group
     /tmp/ccMnJyjS.s:2940   .rodata.dns_mquery_v4group:00000000 $d
     /tmp/ccMnJyjS.s:2946   .bss.dns_servers:00000000 $d
     /tmp/ccMnJyjS.s:2952   .bss.dns_requests:00000000 $d
     /tmp/ccMnJyjS.s:2958   .bss.dns_table:00000000 $d
     /tmp/ccMnJyjS.s:2967   .bss.dns_seqno:00000000 $d
     /tmp/ccMnJyjS.s:2972   .bss.dns_last_pcb_idx:00000000 $d
     /tmp/ccMnJyjS.s:2974   .bss.dns_pcbs:00000000 $d

UNDEFINED SYMBOLS
rand
udp_remove
strlen
pbuf_alloc
lwip_htons
pbuf_take
printf
pbuf_put_at
pbuf_take_at
pbuf_free
udp_sendto
lwip_strnicmp
udp_new_ip_type
udp_bind
udp_recv
ip_addr_any
memcpy
pbuf_try_get_at
_ctype_
pbuf_copy_partial
lwip_htonl
ip4addr_aton
