:020000040800F2
:1000000000000220117201088D3400088F340008AE
:100010009134000893340008953400080000000073
:1000200000000000000000000000000097340008FD
:1000300099340008000000009B3400089D3400083B
:100040006172010861720108617201086172010840
:100050006172010861720108617201086172010830
:100060006172010861720108617201086172010820
:100070006172010861720108617201086172010810
:10008000617201086172010861720108A5340008FB
:10009000B5340008C5340008D53400086172010881
:1000A00061720108617201086172010861720108E0
:1000B00061720108617201086172010861720108D0
:1000C00061720108617201086172010861720108C0
:1000D00061720108E5340008F53400086172010816
:1000E00061720108617201086172010861720108A0
:1000F0006172010861720108617201086172010890
:100100006172010805350008617201086172010819
:10011000617201086172010861720108617201086F
:1001200061720108617201086172010815350008E9
:10013000617201082535000835350008453500088D
:100140005535000865350008753500088535000807
:10015000617201086172010861720108617201082F
:10016000617201086172010895350008A535000823
:1001700061720108B53500086172010800000000D5
:080180006172010861720108BF
:1001C0000348044B834202D0034B03B118477047E6
:1001D000B0010020B0010020000000000548064BDF
:1001E0001B1AD90F01EBA301491002D0034B03B135
:1001F00018477047B0010020B00100200000000047
:1002000010B5064C237843B9FFF7DAFF044B13B15E
:100210000448AFF300800123237010BDB00100201B
:10022000000000006472010808B5044B1BB10449CA
:100230000448AFF30080BDE80840CFE700000000AD
:10024000B40100206472010838B5124B1D682A6B96
:1002500004461AB10023C2E9044338BD182000F057
:100260006DFE0246286378B101200021C2E9040135
:10027000094B0A480A499160C2E900030B239381A4
:100280000023C2E9044338BD064B0748462100F06D
:10029000D9F800BF0C00002034126DE60E33CDAB50
:1002A000ECDE050038990108509901081C4B10B587
:1002B0001C68226B8AB113691A4954691A4803FBF6
:1002C00001F100FB0411A3FB0030013341EB0001FD
:1002D000C2E9043121F0004010BD182000F02EFECC
:1002E0000246206388B1114C114B0E4811499160B0
:1002F0009FED097BC2E900430B2393810E4B01461E
:1003000082ED047BC2E9043110BD0C4B0C48522134
:1003100000F098F8AFF3008001000000000000003A
:100320000C0000202DF451582D7F954C0E33CDAB91
:1003300034126DE6ECDE05002E7F954C38990108ED
:100340005099010888420ED98B1883420BD900EBD3
:10035000020C002A6ED0624613F801CD02F801CDDE
:100360009942F9D170470F2A0FD8034602F1FF3C9A
:10037000002A5FD00CF1010C013B8C4411F8012BD9
:1003800003F8012F6145F9D1704740EA01039B074B
:1003900051D1A2F1100370B501F1200C23F00F052B
:1003A00001F1100E00F11004AC441B095EF8105C62
:1003B00044F8105C5EF80C5C44F80C5C5EF8085C79
:1003C00044F8085C5EF8045C44F8045C0EF1100E1E
:1003D000E64504F11004E9D1013312F00C0F01EBF2
:1003E000031102F00F0400EB031328D0043C24F0A7
:1003F00003064FEA940C1E441C1F8E465EF8045BF5
:1004000044F8045FB442F9D10CF1010402F0030294
:1004100003EB840301EB840102F1FF3C4AB10CF1D0
:10042000010C013B8C4411F8012B03F8012F6145AD
:10043000F9D170BD704702F1FF3C03469AE72246AE
:10044000EAE700BF00B50B4C25681446EE681A4673
:1004500085B003460D464CB107490095CDE901141E
:100460003046064900F088FD00F01CFA04490C46AD
:10047000F3E700BF0C0000207C9901088C9901086B
:10048000CC73010808B513460022FFF7DBFF00BF5D
:1004900070B50F4B0F4DAB42A3EB050607D0B6105E
:1004A000002455F8043B01349847A642F9D816F0C9
:1004B000D9FE094D094B5E1BAB424FEAA60606D09A
:1004C000002455F8043B01349847A642F9D870BD82
:1004D000809B0108809B0108809B0108849B010888
:1004E000036A2DE9F041846880460E46002B3BD01C
:1004F000A3891B0717D52369ABB1013EA36816F882
:10050000015F013BA360EDB1002B07DAA7699F42B1
:1005100022462946404610DC0A2D0ED023685A1C7C
:1005200022601D70EAE72146404600F097FA002855
:10053000E3D04FF0FF30BDE8F08100F08DFC0130DA
:10054000DCD1F6E7002B09DA22460A21404600F00A
:1005500083FC0130EDD00A20BDE8F08123680A2237
:10056000591C21601A70F6E700F074F9C0E700BF6B
:10057000024B01461868FFF7B3BF00BF0C00002014
:10058000830730B547D0541E002A3ED0CAB2034676
:1005900001E0013C39D303F8012B9D07F9D1032C6D
:1005A0002CD9CDB205EB05250F2C05EB054535D92A
:1005B000A4F1100222F00F0C03F1100EE6444FEAF2
:1005C000121C1A46C2E90055C2E9025510327245A2
:1005D000F8D10CF1010214F00C0F03EB021204F03D
:1005E0000F0C13D0ACF1040323F0030304331344C2
:1005F00042F8045B9342FBD10CF003042CB1C9B266
:100600001C4403F8011BA342FBD130BD64461346D2
:10061000002CF4D1F9E703461446C0E71A46A44675
:10062000E0E700BF032A30B415D941EA0004A4076B
:1006300084460B4604D0541E0FE0043A032A08D91E
:100640001946604653F8044B5CF8045BA542F4D0AD
:10065000F1E760461946541E7AB1431E013902196A
:1006600001E09A4209D013F8010F11F801CF60455B
:10067000F7D0A0EB0C0030BC7047002030BC7047B6
:1006800000207047024A0349034800F035BC00BF10
:1006900000000020D9090008100000200C4B416820
:1006A000994210B5044601D000F096F9A168094BB3
:1006B000994202D0204600F08FF9E168064B99423A
:1006C00004D02046BDE8104000F086B910BD00BF40
:1006D000CC010020340200209C0200200020704742
:1006E0002DE9F8432A4C2B49DFF8BC90DFF8BC8099
:1006F000294FC4F83811002504230822294604F1A3
:100700005C00264EE360C4E90055C4E90455A560C9
:100710006566A561FFF734FF214B63670822294610
:1007200004F1C400C4E90849C4E90A87C4E91A55B8
:10073000C4E91E552567C4F8CC50C4F88050266320
:10074000FFF71EFF174BC4F8DC30294604F168039D
:10075000082204F59670C4F88830C4E92398C4E9E7
:100760002576C4E93455C4E93855C4F8D850C4F8DE
:100770003451C4F8E850FFF703FF04F1D003C4E993
:100780003D98C4E93F76C4F8F030BDE8F88300BF77
:10079000CC01002085060008151900083919000849
:1007A0000900010012000200AD180008D518000869
:1007B000F8B5254BD3F838310646002B3CD0234FF3
:1007C000D7E90134013B04D51DE05A1C04F168044B
:1007D00019D0B4F90C50013B002DF6D11C4BE3604D
:1007E000C4E90155C4E9045565662560A561082280
:1007F000294604F15C00FFF7C3FEC4E90D55C4E9C6
:1008000012552046F8BD3D680DB12F46D8E74FF48C
:10081000D671304600F0A8F9044680B10423C0E93F
:1008200000530C302946A0604FF4D0722546FFF7E4
:10083000A7FE3C602F46C3E7FFF752FFBFE70C233C
:1008400038603360DDE700BFCC01002000000020ED
:100850000100FFFF036A03B17047044B044AD3F859
:1008600038310262002BF7D13AE700BFCC010020FB
:100870009D060008704700BF704700BF024A034949
:10088000002000F039BB00BF0000002081060008F6
:10089000024A0349002000F02FBB00BF00000020E7
:1008A000DD06000808B5062000F08EFD012001F0ED
:1008B000EDFE00BFB1F90C302DE9F0411E070C46EA
:1008C00080463DD44A68002A56DDE56A002D34D0C2
:1008D0000022D8F80060C8F8002013F48052216A82
:1008E00057D101234046A847451C024666D0B4F9BB
:1008F0000C30E56A216A580705D56368D21A636B24
:100900000BB1236CD21A00234046A847431C42D0A7
:100910000023636023692360A389DF0400D5606539
:10092000616BC8F8006041B104F14403994202D000
:10093000404600F033FA002363630020BDE8F081F5
:100940000E69002EF9D09B070D6808BF4B690E6039
:1009500018BF0023AD1B8B600BE02B463246216A8B
:10096000A76A4046B847B0F1000CA5EB0C056644F9
:1009700006DD002DF1DCE0E70A6C002AA5DCDCE7EF
:10098000B4F90C3043F04003A3814FF0FF30BDE8D1
:10099000F081626DAFE7D8F80010B4F90C301D2972
:1009A000F0D80C4ACA40D507ECD522692260002253
:1009B0006260DA04B4D50029B1D0B1E7D8F80030CC
:1009C000002B94D01D2B01D0162BD9D1C8F8006074
:1009D000B3E700BF010040200B69B3B110B5044676
:1009E00082B008B1036A5BB1B1F90C3013B90020D1
:1009F00002B010BD204602B0BDE81040FFF75ABF5C
:100A00000191FFF727FF0199EEE70020704700BF33
:100A1000B8B138B50D4A0369156804462BB10DB15C
:100A20002B6A53B1B4F90C300BB9002038BD214604
:100A30002846BDE83840FFF73DBF2846FFF70AFFCC
:100A4000F0E7034A0349044800F056BA0C000020BE
:100A500000000020D90900081000002038B52F4BF5
:100A60001B6805460C4613B11A6A002A4BD0B4F92C
:100A70000C3018071CD5226922B313F0010107D0EE
:100A8000616900204942A060A1613AB1002038BDEF
:100A9000980758BF6169A160002AF7D1190658BFAD
:100AA0001046F4D543F04003A3814FF0FF3038BD2A
:100AB000D9062CD55A0712D4226943F00803A38122
:100AC000002ADAD103F42071B1F5007FD5D0214698
:100AD000284600F0E5FAB4F90C302269CDE7616BE5
:100AE00051B104F14402914204D0284600F056F975
:100AF000B4F90C300022626322690021C4E90021AC
:100B000023F02403D9E71846FFF7A4FEAFE7092234
:100B100043F040032A60A381C7E700BF0C00002018
:100B200070B5104E336805460C46B3B121462846D1
:100B300000F094FE431C0CD0C41C24F00304A0421B
:100B400005D0211A284600F089FE013001D0204648
:100B500070BD4FF0FF34204670BD194600F07EFE98
:100B60003060E3E7080300202DE9F843CD1C25F0B1
:100B7000030508350C2D38BF0C25002D064618DB63
:100B8000A94216D8DFF8DC8000F086FAD8F80420F5
:100B9000A2B1144603E0636822467BB11C46236879
:100BA0005B1BF8D40B2B1FD89442636854D053605E
:100BB0000CE00C2333600020BDE8F8832946304662
:100BC000FFF7AEFF431C044619D00560304600F025
:100BD00065FA04F10B00231D20F00700C21A1CBFA8
:100BE0001B1AA350BDE8F88361199442256014BF15
:100BF0005160C8F80410635163684B60E6E7D8F8A9
:100C000004701FB33C467F68002FFBD12368394630
:100C1000304604EB030900F021FE814516D123681C
:100C2000ED1A29463046FFF77BFF01300ED02368CE
:100C3000D8F804202B442360536883B1A34203D027
:100C40001A465B689C42FBD10023B0E70C2333605B
:100C5000304600F023FAAEE7C8F80430B6E7C8F82B
:100C60000470B3E708030020844641EA000313F050
:100C700003036DD1403A41D351F8043B40F8043BA3
:100C800051F8043B40F8043B51F8043B40F8043B66
:100C900051F8043B40F8043B51F8043B40F8043B56
:100CA00051F8043B40F8043B51F8043B40F8043B46
:100CB00051F8043B40F8043B51F8043B40F8043B36
:100CC00051F8043B40F8043B51F8043B40F8043B26
:100CD00051F8043B40F8043B51F8043B40F8043B16
:100CE00051F8043B40F8043B51F8043B40F8043B06
:100CF00051F8043B40F8043B403ABDD2303211D3A6
:100D000051F8043B40F8043B51F8043B40F8043BE5
:100D100051F8043B40F8043B51F8043B40F8043BD5
:100D2000103AEDD20C3205D351F8043B40F8043BA5
:100D3000043AF9D2043208D0D2071CBF11F8013BA3
:100D400000F8013B01D30B8803806046704700BF69
:100D5000082A13D38B078DD010F003038AD0C3F178
:100D60000403D21ADB071CBF11F8013B00F8013B5A
:100D700080D331F8023B20F8023B7BE7043AD9D319
:100D8000013A11F8013B00F8013BF9D20B780370EE
:100D90004B7843708B78837060467047002950D041
:100DA00038B551F8043C0C1F002BB8BFE4180546B9
:100DB00000F072F9274A13682BB1A3420CD92168BD
:100DC000601883422CD0636028461460BDE8384028
:100DD00000F064B9A3420FD81A465B68002BF9D122
:100DE00011685018844217D02CD363605460284691
:100DF000BDE8384000F052B911685018A04214D034
:100E000020D8216860188342EFD118685B680844D5
:100E1000C4E900035460EAE723680B441360E6E783
:100E200018685B6808442060CDE7206801445018CA
:100E300083421160DBD1D3E900040144C2E900140C
:100E4000D5E770470C232B602846BDE8384000F0FA
:100E500025B900BF0C030020F8B50D461446064620
:100E600010B1036A002B37D0A389A269A2601A07C8
:100E700019D52369BBB122686169D31AEDB29942D1
:100E80002F4620DD0133A1680139A160511C21608A
:100E9000157062699A420DD0A389DB0701D50A2D2E
:100EA00008D03846F8BD21463046FFF7D7FD38B99F
:100EB0002369E0E721463046FFF78EFD0028F0D099
:100EC0004FF0FF37EDE721463046FFF785FD00285C
:100ED000F6D122680123D6E7FFF7BCFCC4E700BFC8
:100EE00010B4044C03460A4620685DF8044B1946CA
:100EF000FFF7B2BF0C0000202DE9F84307468846F3
:100F000016464FF00009D6E90154013D10D4A389DB
:100F1000012B08D9B4F90E3001332146384602D0EE
:100F2000C04749EA0009013D6B1C04F16804EED199
:100F30003668002EE7D14846BDE8F883024B0146EB
:100F40001868FFF711BE00BF0C000020024B0146DD
:100F50001868FFF723BF00BF0C0000200CB400B5D9
:100F600083B004AB53F8042B019300F033FB03B0C0
:100F70005DF804EB02B070470EB410B583B005AB5A
:100F8000064C53F8042B01930146206800F022FB25
:100F900003B0BDE8104003B0704700BF0C00002054
:100FA0000000000000000000000000000000000041
:100FB0000000000000000000000000000000000031
:100FC00030B490F800F020F007016FF0000C10F042
:100FD000070491F820F040F048804FF000046FF0D3
:100FE0000700D1E9002391F840F000F1080082FAEF
:100FF0004CF2A4FA8CF283FA4CF3A2FA8CF34BBBBA
:10100000D1E9022382FA4CF200F10800A4FA8CF232
:1010100083FA4CF3A2FA8CF3E3B9D1E9042382FA00
:101020004CF200F10800A4FA8CF283FA4CF3A2FA15
:101030008CF37BB9D1E9062301F1200182FA4CF24D
:1010400000F10800A4FA8CF283FA4CF3A2FA8CF3B4
:10105000002BC6D0002A04BF04301A4612BAB2FAD6
:1010600082F200EBD20030BC7047D1E9002304F0DB
:101070000305C4F100004FEAC50514F0040F91F810
:1010800040F00CFA05F562EA05021CBF63EA0503AD
:1010900062464FF00004AAE7704700BF704700BFE8
:1010A00070B5B1F90C300C46990796B007D504F12C
:1010B00047030122C4E90432236016B070BDB4F9BD
:1010C0000E100029054629DB6A4600F0D9FB0028EE
:1010D00022DB4FF480612846019EFFF745FD88B36F
:1010E000A389206043F0800306F47046A381B6F51F
:1010F000005F4FF48063C4E90403DED1B4F90E103D
:10110000284601F0F7F90028D7D0A38923F003037C
:1011100043F00103A381D0E7B4F90C3013F0800F42
:1011200014BF40264FF4806631462846FFF71CFD69
:1011300040B1A389206043F08003C4E90406A38181
:1011400016B070BDB4F90C309A05B6D423F0030381
:1011500004F1470243F002030121C4E90421A38101
:101160002260AAE770B50C46B1F90E10002996B0BE
:1011700015461E460FDB6A4600F082FB00280ADB9C
:10118000019B03F47043A3F50053B3FA83F34FF4C8
:1011900080625B0908E0A28912F0800F4FF0000323
:1011A00014BF40224FF48062002033602A6016B0E2
:1011B00070BD00BF10B51C4C002924689AB02DDB0F
:1011C000009004904FF40270ADF80C004FF0000056
:1011D000199013D001394FF6FF7002910591ADF8C7
:1011E0000E006946204600F08FFC421C01DA8B237A
:1011F0002360009B00221A701AB010BD4FF6FF70DA
:1012000002910591ADF80E006946204600F07CFC85
:10121000431C01DA8B2323601AB010BD8B2323609B
:101220004FF0FF30F8E700BF0C00002030B5144647
:10123000002C9BB005462EDB1A464FF40273ADF826
:101240000C304FF0000300910491199313D04FF626
:10125000FF73013CADF80E3069461E9B0294059465
:1012600000F052FC421C01DA8B232B60009B002211
:101270001A701BB030BD4FF6FF73ADF80E306946E3
:101280001E9B0294059400F03FFC431C01DA8B2363
:101290002B601BB030BD8B2303604FF0FF30F8E7AD
:1012A00038B5C46B0CB1002038BD80210546FFF76E
:1012B0005BFC0246E86330B1031F7C3243F8044F05
:1012C0009342FBD1EFE74FF0FF3038BD30B51F2917
:1012D00083B0054608D8C36B0C4653B153F82400BD
:1012E00043F8242003B030BD162303604FF0FF30D5
:1012F000F8E780210192FFF737FC019AE863034683
:101300000028F3D0011F00F17C05002041F8040FF4
:10131000A942FBD1E2E700BF1F2938B505461ED818
:10132000C26B0C466AB152F8213053B1012B06D082
:10133000591C10D0002142F8241020469847002064
:1013400038BD284601F0FEF8224601462846BDE891
:10135000384001F0E1B816230360012038BD1623A0
:1013600003604FF0FF3038BD1F292AD838B5C36B52
:101370000C460546A3B153F8242003EB84034AB17D
:10138000511C0BD0012A07D0002520461D60904734
:10139000284638BD012038BD032038BD022038BDA5
:1013A0008021FFF7E1FB0346E86338B1021F00210B
:1013B0007C3042F8041F8242FBD1DCE74FF0FF3063
:1013C00038BD4FF0FF30704738B5134B1F281D68EC
:1013D0001DD8EA6B044662B152F820304BB1012BA4
:1013E00005D0591C0FD0002142F82010984700204A
:1013F00038BD284601F0A6F8224601462846BDE839
:10140000384001F089B816232B60012038BD16231F
:101410002B604FF0FF3038BD0C000020114B1F280F
:1014200070B51E6808D8F36B04460D464BB153F8EF
:10143000240043F8245070BD162333604FF0FF3072
:1014400070BD80213046FFF78FFB0346F063002814
:10145000F4D0021F00217C3042F8041F8242FBD1ED
:10146000E5E700BF0C00002038B50B4B1D68EC6BA6
:101470000CB1002038BD80212846FFF775FBE863DA
:1014800038B1031F00F17C0243F8044F9342FBD1B3
:10149000EFE74FF0FF3038BD0C00002038B5174B98
:1014A0001F281D6826D80446E86BA0B150F82430E8
:1014B00000EB84004BB15A1C0BD0012B07D0002548
:1014C000056020469847284638BD012038BD0320D6
:1014D00038BD022038BD80212846FFF745FBE86370
:1014E00040B1031F00F17C01002243F8042F8B421E
:1014F000FBD1DBE74FF0FF3038BD00BF0C00002010
:101500000EB400B582B003AB816853F8042B01938D
:1015100000F060F802B05DF804EB03B0704700BF64
:101520000FB400B5074983B004AB086853F8042B27
:101530008168019300F04EF803B05DF804EB04B04D
:10154000704700BF0C0000209368013B002B9360A4
:1015500011DA10B49469A34209DB0A2907D0136891
:10156000581C1060197008465DF8044B70475DF810
:10157000044BFFF771BC1368581C106019700846C3
:10158000704700BF9BB1F8B5134406460F46541E82
:101590005D1E01E0AC4208D014F8011F3A46304607
:1015A000FFF7D2FF431CF5D1F8BD0020F8BD0020A5
:1015B000704700BF936810B514461BB91846002346
:1015C000636010BD00F0D2FB0023A36000236360C2
:1015D00010BD00BF2DE9F04FA1B08B4691461C46CF
:1015E000049018B1036A002B00F01C81BBF80C308A
:1015F000180740F19580DBF81030002B00F0908048
:101600000023CA460D9343F22003ADF839309AF80F
:101610000030864E07940127002B79D0D14604E094
:1016200019F8013F002B00F08580252BF8D1B9EB8C
:101630000A0840F0828099F80030002B68D000231F
:101640004FF0FF32CDE9092309F1010908930B930B
:101650008DF863301E9305E0089A07FA03F31A43E6
:101660000892A1464C46052214F8011B304600F0B2
:101670006FFFA246831B0028EED1089BD90644BF0A
:1016800020228DF8632099F800101A0744BF2B22FE
:101690008DF863202A2966D1079A1168043200293F
:1016A0000792C0F29A800B9199F801102E2970D000
:1016B0005F4C0322204600F04BFF38B1089B001B13
:1016C0004022824013430AF1010A08931AF8011BD1
:1016D00058488DF83810062200F03AFF002800F034
:1016E0008280554B002B69D007AA0092534B049877
:1016F0005A4608A9AFF300800390039B013307D03B
:101700000D9B039A13440D939AF80030002B85D15A
:10171000BBF80C305B060AD40D9821B0BDE8F08F01
:1017200004985946FFF79AF900283FF469AF4FF043
:10173000FF30F2E7B9EB0A08EAD00AF1FF35CDF83D
:101740001490A946049D01E0A0453ED94C465A4656
:1017500019F8011F2846FFF7F7FE02340130A4EB09
:101760000A04F1D1D4E7A1F13002092A88BFCA46A0
:101770009CD80B9B00E00134217803EB830302EB40
:101780004303A1F13002092AF5D92E290B93A24671
:101790008ED19AF801102A292FD1079B9AF80210AE
:1017A0001A6809920433002A0AF102000793B8BFAD
:1017B0004FF0FF338246B8BF099379E7079B0733A1
:1017C00023F00703083307939AE70D99DDF8149087
:1017D000414499F800300D912FE7494243F002034C
:1017E0000B91089360E707AA0092144B04985A469D
:1017F00008A900F03DFD03907FE7A1F1300200232E
:10180000092A09930AF1010A3FF652AF1AF8011F9B
:1018100003EB830302EB4303A1F13002092AF5D95C
:10182000099345E7FFF716F8E0E600BFBC99010809
:10183000C4990108C8990108000000008515000836
:1018400010B4054C8446134620685DF8044B0A46E4
:101850006146FFF7BFBE00BF0C00002038B5074D42
:101860000022044608462A6000F002FF431C00D014
:1018700038BD2B68002BFBD0236038BD100300203F
:1018800070B50C46084D03460026204611461C46FE
:101890002E6000F0BDFE431C00D070BD2B68002BF5
:1018A000FBD0236070BD00BF1003002010B50C46B4
:1018B000B1F90E1000F044FA002803DB636D034415
:1018C000636510BDA38923F48053A38110BD00BFBD
:1018D000002070472DE9F0410C46B1F90C101F466D
:1018E000CB05054616460BD421F48051A1813B4619
:1018F000B4F90E1032462846BDE8F04100F0B6BB00
:10190000B4F90E100223002200F0D8FBB4F90C1039
:10191000EAE700BF10B50C46B1F90E1000F0CEFB9F
:10192000B4F90C30421C0EBF23F4805343F48053AF
:101930006065A38110BD00BFB1F90E1000F0ACBB13
:101940002DE9F0478F681D46AF420B680C461646DE
:1019500036D8B1F90CC01CF4906F0ED13D46184634
:1019600031462A46FEF7EEFCA368DF1B2368A7601A
:101970002B4400202360BDE8F0874A69096902EB27
:1019800042025F1A02EBD2726B1C52103B4493422C
:1019900092BF914699461A461CF4806F804611D03A
:1019A0001146FFF7E1F8824600B321693A46FFF796
:1019B0005BF9A38923F4906343F08003A38105E0DE
:1019C0002F46CCE700F090FB824658B10AEB0703A4
:1019D000A9EB0707A760C4F810A0C4F8149023600F
:1019E0002F46BCE721694046FFF7D8F9A3890C22AE
:1019F00043F04003C8F800204FF0FF30A381BAE75E
:101A00002DE9F04F9368176883B09246002B74D08D
:101A10004FF0000B8B680A6881460C465D4645E036
:101A2000B4F90C3013F4906F2CD0D4E90401161AD9
:101A300001EB410202EBD272711C52102944914217
:101A400092BF904688460A465B0539D511464846FE
:101A5000FFF78AF8019000283DD032462169FFF750
:101A600003F9A289019B22F4906242F08002A281D4
:101A70009819A8EB0606A660C4F8148023612060BC
:101A8000A8462E4632465946FEF75CFCDAF80810A6
:101A9000A3682268A3EB08033244491BA3602260B9
:101AA000CAF8081049B3D7E900B508379846104678
:101AB000002DF8D09D421E46B2D2A8462E46E1E740
:101AC0000146484600F010FB03460028D0D12169AA
:101AD0004846FFF763F9A3890C2243F04003C9F895
:101AE00000204FF0FF30A38100220023CAF8082015
:101AF000CAF8043003B0BDE8F08F00200023CAF814
:101B0000043003B0BDE8F08F2DE9F04F1C468B89FF
:101B10001D069DB088468146934603D50B69002B70
:101B200000F0F1800023099343F22003ADF829303F
:101B30009BF800307D4D03940126002B73D0DA46CC
:101B400003E01AF8013F002B75D0252BF9D1BAEB31
:101B50000B0473D19AF80020002A64D000234FF0C0
:101B6000FF32CDE905230AF1010A049307938DF8AA
:101B700053301A9305E0049A06FA03F31A430492C9
:101B8000A2465446052214F8011B284600F0E0FC4A
:101B9000A346431B0028EED1049BD80644BF202255
:101BA0008DF8532019079AF8001044BF2B228DF8A6
:101BB00053202A2950D1039A116804320029039234
:101BC0007CDB07919AF801102E295BD0584C032238
:101BD000204600F0BDFC38B1049B001B402282402F
:101BE00013430BF1010B04931BF8011B51488DF8B3
:101BF0002810062200F0ACFC002865D04E4B002BCC
:101C000055D003AA00924D4B424604A94846AFF373
:101C1000008007467A1C06D0099B3B4409939BF839
:101C20000030002B8BD1B8F80C305B067AD40998C1
:101C30001DB0BDE8F08FBAEB0B04F4D023465A4632
:101C400041464846FFF77CFE0130ECD0099B9AF8EC
:101C50000020234409937FE7A1F13002092A88BFBD
:101C6000D346B1D8079B00E00134217803EB83030E
:101C700002EB4303A1F13002092AF5D92E2907937B
:101C8000A346A3D19BF801102A2927D1039B9BF8D7
:101C900002101A6805920433002A0BF10200039324
:101CA000B8BF4FF0FF338346B8BF05938EE7039B61
:101CB000073323F0070308330393ADE7494243F0AA
:101CC0000203079104937DE703AA00921B4B42464F
:101CD00004A9484600F0CCFA07469BE7A1F1300280
:101CE0000023092A05930BF1010B3FF66FAF1BF898
:101CF000011F03EB830302EB4303A1F13002092A26
:101D0000F5D9059362E74021FEF72EFFC8F80000E1
:101D1000C8F8100018B14023C8F8143002E70C23AB
:101D2000C9F800304FF0FF3082E700BFBC990108CE
:101D3000C4990108C8990108000000004119000871
:101D400038B50C46084D8446114620461A460023F5
:101D50002B60644600F084FC431C00D038BD2B6827
:101D6000002BFBD0236038BD100300209368002BAC
:101D700000F0F8802DE9F04FB1F90CC01CF0080F0D
:101D800083B0904681460C4631D00B697BB31CF082
:101D90000207D8F8006038D00027D4F828B0216AAC
:101DA000DFF8C4A23D4655452B463A4628BF534668
:101DB0004846C5B1D847002840F3CA80D8F8083053
:101DC0001B1A07442D1AC8F80830002B00F0B68003
:101DD00055452B46D4F828B0216A28BF53463A46C9
:101DE0004846002DE6D1D6E900750836DBE72146E6
:101DF0004846FEF733FE002840F0AF80B4F90CC02F
:101E0000D8F800601CF00207C6D11CF0010A63D1AB
:101E10002368A168574618468B46002F58D01CF4FB
:101E2000007F00F0B580B9420A4600F2E1801CF460
:101E3000906F2FD0216962695D1A02EB420202EBBA
:101E4000D2726B1C52103B44934292BF93469B4606
:101E50001A461CF4806F00F0EA8011464846FEF7EF
:101E600083FE002800F0F9802A4621690090FEF7E1
:101E7000FBFEA289009B22F4906242F08002A281C4
:101E80005819ABEB0505C4F814B02361A5602060B8
:101E9000BB463A4651460092FEF754FAA1682368C1
:101EA000009AA1EB0B011A443D46A1602260002775
:101EB000D8F808305B1BAA44C8F80830002B3DD086
:101EC0002368A168B4F90CC018468B46002FA6D130
:101ED000D6E900A708369EE73846BB463D46009740
:101EE000002D41D0002846D0009A2068A168D4E98E
:101EF0000473AA4228BF2A46B84204D901EB030A58
:101F0000524500F38580934275DC216AA76A5A46E0
:101F10004846B847B0F1000A1ADD009BB3EB0A034C
:101F200000930FD00120D8F80830A3EB0A03D34464
:101F3000A5EB0A05C8F80830002BD1D1002003B06A
:101F4000BDE8F08F21464846FEF746FD0028EAD05E
:101F5000B4F90C3043F04003A3814FF0FF3003B0DD
:101F6000BDE8F08F00207047756833460836002DB5
:101F7000FAD0D3F800B02A460A21584600F0E8FA11
:101F8000002867D00130A0EB0B0300931A46ACE7A2
:101F900022699A4214D36269BA4211D86FF00043A1
:101FA000BB4228BF3B46A56A93FBF2F3216A02FBC2
:101FB00003F348465246A847051EC9DD7F1B77E755
:101FC000B94228BF39460D4618460A465146FEF723
:101FD000B9F9A1682368491B2B44A160236000293B
:101FE000ECD121464846FEF7F7FC0028E6D0AFE7E3
:101FF000BB463A464EE759460192FEF7A3F9019ACD
:10200000A3689B1AA360236813442360924684E765
:1020100059465246FEF796F92368534423602146F9
:102020004846FEF7D9FC00283FF477AF90E74846D2
:1020300000F05AF8034600287FF422AF2169484691
:10204000FEF7ACFEB4F90C300C22C9F8002023F0E6
:1020500080037FE76A1C009247E70C22B4F90C303A
:10206000C9F8002076E700BF00FCFF7F38B50C46BA
:10207000084D8446114620461A4600232B606446CC
:1020800000F09CFC431C00D038BD2B68002BFBD01B
:10209000236038BD1003002038B5074D00220446E8
:1020A00008462A6000F0ACFA431C00D038BD2B680B
:1020B000002BFBD0236038BD1003002038B50C4640
:1020C000084D8446114620461A4600232B6064467C
:1020D00000F0BEFA431C00D038BD2B68002BFBD0AB
:1020E000236038BD100300202DE9F041144641B3B0
:1020F0000AB306460D4600F07BFA8442074602D832
:10210000B4EB500F13D821463046FEF72DFD804624
:1021100050B1BC422246294628BF3A46FEF7A4FDEC
:1021200029463046FEF73AFE4046BDE8F081A84613
:102130004046BDE8F081A046FEF730FE4046BDE8CF
:10214000F081BDE8F0411146FEF70EBD2DE9F84FD4
:1021500092461F460A698B68DDF828909A42B8BFFC
:102160001A46CAF8002091F843300C46064613B1CF
:102170000132CAF80020226891065FD5DAF80030F3
:102180000233CAF80030226812F0060F11461DD142
:10219000E1689942D8BF114618DD4FF0000804F1FC
:1021A000190B05E0E568DAF80030ED1A45450CDD5D
:1021B00001235A4639463046C847013008F1010824
:1021C000F0D14FF0FF30BDE8F88F216894F843302C
:1021D000003B18BF01238A060AD5E1185A1C30209B
:1021E00081F84300224494F8451082F843100233EA
:1021F00004F1430239463046C8470130E1D0236834
:10220000DAF80050216903F00603042BD4E9022018
:102210001BD08A4220DD4FF00008521A90441A3435
:10222000002501E0454517DA0123224639463046AC
:10223000C847013005F10105F4D1C2E712F0060FDD
:102240000DD0003B18BF0123D2E7401B8A4220EA91
:10225000E078E2DC0028E2DC0020BDE8F88FE168ED
:10226000DAF800309942D8BF114696DCAEE700BFDD
:102270002DE9F047174684B00A7E0C9D0C460646B1
:10228000984601F1430C002A35D0A2F15803D9B287
:10229000202969D8202B67D8DFE813F0E600660014
:1022A00066006600660066006600660066006600FE
:1022B0006600AC0070006600660066006600700094
:1022C000660066006600660021008300C6006600A6
:1022D0006600B6006600830066006600EC002B68AE
:1022E00022686169181D286010061B6802D4520616
:1022F00000F1E08019600023E1462361CDF8008001
:102300003B4603AA21463046FFF720FF013020D08C
:1023100023694A4639463046C047013019D0236800
:10232000E068DDF80C909B0718D5484516DD0025C0
:1023300004F1190A04E0E068A0EB0903AB420DDDEB
:102340000123524639463046C047013005F10105A8
:10235000F1D14FF0FF3004B0BDE8F0874845B8BF79
:10236000484604B0BDE8F08784F84220012004F11B
:1023700042090023206184F84330BFE72A682368BC
:10238000111D1806296002D4590600F195801068C5
:10239000014600286268C0F2938054484FF00A0E4C
:1023A00015E020682B6810F0800F53F8041B02D151
:1023B000400648BF89B26F2A4C482B6014BF4FF0CB
:1023C0000A0E4FF0080E0023626884F84330002A9A
:1023D000A26051DB236823F00403236000294BD162
:1023E000002A7BD1E146BEF1080F56D0ACEB0903C1
:1023F000236183E72B681A6804332B6004F14209D8
:1024000084F842200120B4E72B686268191D296016
:10241000D3F800900021484600F09AF8002863D0D5
:10242000A0EB09006060A4E7236843F02003236069
:1024300078222F4884F845202A6813F0800F52F83C
:10244000041B03D113F0400F18BF89B22A60DA07CA
:1024500044BF43F02003236019B9236823F020030D
:1024600023604FF0100EAEE7582384F845301F4824
:102470002368E1E72368DBE77546E146B1FBF5F346
:1024800005FB131A0A46AA4210F80A1009F8011DA2
:102490001946F3D2BEF1080FA8D12368DD07A5D5F0
:1024A000626823699A42A1DC302309F8013C09F1F2
:1024B000FF399BE719801EE7B2F90010084668E76C
:1024C0002D20002AA26084F8430002DB23F00403DD
:1024D00023600A2505484942AE46CEE7037884F8D2
:1024E000423004F142097EE7606842E7D099010872
:1024F000E499010838B5074D0022044608462A60D1
:1025000000F096F8431C00D038BD2B68002BFBD0A0
:10251000236038BD1003002070B50C46084D0346FB
:102520000026204611461C462E6000F089F8431C08
:1025300000D070BD2B68002BFBD0236070BD00BFA6
:102540001003002000F06CB8000000000000000044
:1025500001F0FF01102A2BDB10F0070F08D010F854
:10256000013B013A8B422DD010F0070F42B3F6D158
:10257000F0B441EA012141EA014122F007047FF071
:1025800000070023F0E80256083C85EA010586EAC8
:10259000010685FA47F5A3FA87F586FA47F6A5FA04
:1025A00087F68EB9EED1F0BC01F0FF0102F0070210
:1025B00032B110F8013B013A83EA010313B1F8D1BB
:1025C0000020704701387047002D06BF354603389C
:1025D000073815F0010F07D1013015F4807F02BFD5
:1025E000013015F4C03F0130F0BC0138704700BF26
:1025F00051F8043C181F002BBCBF0B58C018704783
:10260000024B58221A604FF0FF3070471003002031
:10261000024B58221A604FF0FF3070471003002021
:10262000024B58221A604FF0FF3070471003002011
:10263000024B58221A600020704700BF1003002090
:10264000024B58221A604FF0FF30704710030020F1
:10265000024B58221A604FF0FF30704710030020E1
:10266000024B58221A604FF0FF30704710030020D1
:10267000044A05491368002B08BF0B461844106034
:102680001846704714030020C0A40020FEE700BFD6
:1026900053B94AB9002908BF00281CBF4FF0FF31C9
:1026A0004FF0FF3000F088B9ADF1080C6DE904CEB1
:1026B00000F006F8DDF804E0DDE9022304B070471D
:1026C0002DE9F047089D0F4604468C46002B48D163
:1026D0008A42164661D9B2FA82F34BB1C3F12002A5
:1026E00001FA03FC20FA02F29E4042EA0C0C9C40E4
:1026F0004FEA164EB7B2BCFBFEF1220C0EFB11CC1A
:1027000042EA0C4201FB07F0904209D9B21801F1EC
:10271000FF3C80F0EE80904240F2EB800239324480
:10272000121AA4B2B2FBFEF00EFB102244EA0244DD
:1027300000FB07F7A74209D9341900F1FF3280F0F6
:10274000DA80A74240F2D7803444023840EA0140A0
:10275000E41B00211DB1DC400023C5E90043BDE8B6
:10276000F0878B4206D90DB1C5E90001002108466A
:10277000BDE8F087B3FA83F1002948D1BB4202D308
:10278000824200F20781841A67EB0302012094461B
:10279000002DE4D0C5E9004CE1E7002A00F092806A
:1027A000B2FA82F3002B40F0A8808A1A4FEA164E44
:1027B0001FFA86FC0121200CB2FBFEF70EFB17224C
:1027C00040EA02420CFB07F0904207D9B21807F129
:1027D000FF3802D2904200F2E2804746121AA4B2B9
:1027E000B2FBFEF00EFB102244EA02440CFB00FC9C
:1027F000A44507D9341900F1FF3202D2A44500F2F2
:10280000CB801046A4EB0C0440EA0740A2E7C1F1DC
:1028100020068B4022FA06FC4CEA030C07FA01F46E
:1028200020FA06F3F7404FEA1C49234300FA01F867
:102830001FFA8CFEB7FBF9F01C0C09FB107744EA79
:10284000074400FB0EF7A74202FA01F20AD91CEB7B
:10285000040400F1FF3A80F09B80A74240F2988088
:1028600002386444E41B9FB2B4FBF9F309FB134440
:1028700047EA044403FB0EFEA64509D91CEB0404F9
:1028800003F1FF3780F08280A6457FD9023B644484
:1028900043EA0040A4EB0E04A0FB02E7BC427346EF
:1028A000B94663D360D05DB1B8EB030264EB0904B1
:1028B00004FA06F622FA01F31E43CC40C5E900648F
:1028C00000214CE76208480842EAC1710B0C43EA58
:1028D00000438AB242EA0342B3FBF6F1E407B4468E
:1028E0003746B6461F23B0FBF6F0D21B41EA004143
:1028F00061E7614614E7104628E7C3F1200120FA9A
:1029000001F29E4027FA01F19F403A434FEA164EEA
:102910001FFA86FCB1FBFEF70EFB1710110C41EA03
:10292000004107FB0CF8884504FA03F43AD9711802
:1029300007F1FF3001D288451FD8A1EB0801B1FB98
:10294000FEF808FB0CF70EFB181192B242EA0142A6
:10295000BA422FD2B21808F1FF31C6D2BA42C4D25D
:10296000A8F102013244C0E7F0459CD2BEEB02035D
:1029700067EB0C070138B94695E7A6EB0808414418
:10298000B81EB1FBFEF808FB0CF7DCE73B467FE71F
:10299000504667E70846FBE63444023832E7023F18
:1029A00032441BE7A1EB08013846B1FBFEF808FBF7
:1029B0000CF7C8E7414698E7704700BF38B50D46A9
:1029C000144600224FF40051094802F0A6F964238E
:1029D000A2B22946074807F050FF0228F7D001228B
:1029E0004FF40051024802F098F9204638BD00BF6C
:1029F000001002400C05002008B5002014F0DAFB9E
:102A000000B108BD0A2114F0F1FB18B90348FDF725
:102A1000AFFDF6E70248FDF7ABFDF2E77C72010877
:102A20009072010872B6FEE710B594B008AC30227F
:102A300000212046FDF7A4FD002303930493059392
:102A4000069307930193224A116C41F0805111645F
:102A5000126C02F080520192019A02931D4B1A6887
:102A600042F480421A601B6803F480430293029B85
:102A7000092308934FF48033099301230D93022314
:102A80000E934FF480020F92192210924FF4A87205
:102A90001192129307231393204601F0D7FB90B9AC
:102AA0000F23039302230493002305934FF4A053B1
:102AB00006934FF480530793052103A801F016FEF7
:102AC00018B914B010BDFFF7ADFFFFF7ABFF00BFA3
:102AD000003802400070004008B502F025FCFFF706
:102AE000A3FF00F02FF813F0B1F800F0D7F800F0D2
:102AF000F5F800F0D3F900F00DFA00F08BFB00F0D0
:102B0000A3FB00F09BFD01F063F812F085FA13F0CF
:102B1000B7F800F0CFFA0948FDF72AFD0848FDF79D
:102B200027FDFFF769FF00F039FB00F091FA00F094
:102B300081FC00F0C5FD00F0C3FDFCE7A8720108B0
:102B4000BC7201082DE9F0418CB007AD0024079458
:102B5000089409940A940B9401944A4B1A6B42F01E
:102B600010021A631A6B02F010020192019A029489
:102B70001A6B42F004021A631A6B02F0040202920A
:102B8000029A03941A6B42F080021A631A6B02F0E5
:102B900080020392039A04941A6B42F001021A63B2
:102BA0001A6B02F001020492049A05941A6B42F027
:102BB00002021A631A6B02F002020592059A069449
:102BC0001A6B42F008021A631B6B03F008030693AA
:102BD000069B2D4E01224EF20811304602F09DF860
:102BE00022468021304602F098F8284F2246802164
:102BF000384602F092F841F67763079308940994F7
:102C00002946304601F0F2FE4EF2881307934FF04A
:102C10000108CDF8208009940A942946304601F035
:102C2000E5FE42F2C1030793089409942946184827
:102C300001F0DCFE40F279130793089409942946C9
:102C4000144801F0D3FE872307930894099429467A
:102C5000114801F0CBFE4FF61873079308940994BE
:102C60002946384601F0C2FE80230793CDF8208024
:102C700009940A942946384601F0B8FE0CB0BDE824
:102C8000F08100BF0038024000100240000C0240FA
:102C900000080240000002400004024008B50D4850
:102CA0000D4B03600623436000238360C3604FF431
:102CB000A02202614FF4C00242610376437683761C
:102CC000C3760377437704F0F4FF00B908BDFFF73C
:102CD000A9FEFBE7440300200064004008B50D484E
:102CE0000D4B03600623436000238360C3604FF4F1
:102CF000A02202614FF4C0024261037643768376DC
:102D0000C3760377437704F0D4FF00B908BDFFF71B
:102D100089FEFBE71C0300200068004010B58AB064
:102D20000023059306930793089309930368554A74
:102D3000934204D0544A93424CD00AB010BD534A37
:102D4000136801331360012B37D000240194504BDA
:102D50001A6B42F008021A631B6B03F0080301931D
:102D6000019B0323059302220692089309230993EA
:102D700005A9484801F03AFE22462146132002F0F8
:102D80007BFA132002F088FA22462146142002F032
:102D900073FA142002F080FA22462146152002F030
:102DA0006BFA152002F078FA22462146162002F02E
:102DB00063FA162002F070FABFE700230093344B49
:102DC0001A6C42F000721A641B6C03F000730093DB
:102DD000009BBAE7002302932D4B1A6C42F08062ED
:102DE0001A641B6C03F080630293029B274A1368EA
:102DF00001331360012B38D000240494244B1A6B48
:102E000042F002021A631B6B03F002030493049B5B
:102E10006023059302230693032308930923099350
:102E200005A91D4801F0E2FD224621463F2002F09F
:102E300023FA3F2002F030FA22462146402002F0D9
:102E40001BFA402002F028FA22462146412002F0D7
:102E500013FA412002F020FA22462146422002F0D5
:102E60000BFA422002F018FA67E700230393084B9D
:102E70001A6C42F000721A641B6C03F00073039327
:102E8000039BB9E70064004000680040180300207D
:102E900000380240000C02400004024008B5094816
:102EA000094B0360002343607F228260FF22C260DF
:102EB00003614361836106F06BF800B908BDFFF759
:102EC000B1FDFBE76C0300200028004000B585B091
:102ED0000023009301930293039302680B4B9A42E1
:102EE00002D005B05DF804FB022300934FF4007399
:102EF0000393684601F0D0FC20B9054B0122C3F8CA
:102F00003C2EEEE7FFF78EFDF7E700BF00280040FC
:102F100000004742074B084A1A6000225A609A6034
:102F20004FF40071D9601A614FF480425A61032254
:102F30009A617047EC030020002C01402DE9F04716
:102F400088B00023039304930593069307930268C4
:102F50003A4B9A4202D008B0BDE8F08704460025FB
:102F6000009503F586335A6C42F400625A645A6C39
:102F700002F400620092009A01951A6B42F004027A
:102F80001A631A6B02F004020192019A02951A6BFD
:102F900042F008021A631B6B03F008030293029BC2
:102FA0004FF4885303934FF0020ACDF810A0032684
:102FB00006964FF00C09CDF81C900DEB0908414620
:102FC0001F4801F013FD04270397CDF810A00595C5
:102FD0000696CDF81C9041461A4801F007FD1A48A4
:102FE0001A4B03604FF0006343608560C5604FF487
:102FF000806303614FF4805343614FF480438361E6
:103000002023C3610562476286624FF40003C362F6
:103010004FF40013036301F003FF60B90A4B23640C
:103020009C63E36300221146312002F025F9312030
:1030300002F032F98FE7FFF7F5FCEFE7002C0140D3
:1030400000080240000C02408C030020586402403B
:1030500000B5ADF50F7D0022124902A812F028FD3F
:1030600018B10DF50F7D5DF804FB01AA02AB1360EA
:1030700069460C4812F04AFD70B9079B9A1EBDF8CC
:10308000123003FB02F2084BA3FB0232D2090549BE
:103090000648FEF745FAE4E702490548FEF740FA1C
:1030A000DFE700BFA89A0020D34D6210F07201083C
:1030B000D872010808B50D480D4B03604FF48273B8
:1030C000436000238360C360036143614FF4007277
:1030D0008261C3610362436283620A23C36207F0B1
:1030E000F7F800B908BDFFF79DFCFBE7700400206E
:1030F000003800402DE9F04188B000230393049389
:103100000593069307930268214B9A4202D008B0B8
:10311000BDE8F0810024009403F500331A6C42F4FA
:1031200080421A641A6C02F480420092009A019460
:103130001A6B42F004021A631A6B02F00402019245
:10314000019A02941A6B42F002021A631B6B03F09D
:1031500002030293029B0C2303934FF00208CDF865
:10316000108003270697052607960DEB03052946D1
:10317000084801F03BFC4FF480630393CDF81080C6
:103180000594069707962946034801F02FFCBEE7F1
:1031900000380040000802400004024010B584B02E
:1031A0009F2302930024ADF80C408DF80E4064205C
:1031B00002F0E6F822460821114801F0AEFD02A90E
:1031C0006423009307230A460E4807F0E0F80446FC
:1031D00020B9029A0C4B9A4208D0012401220821FE
:1031E000074801F09AFD2CB904B010BD0748FDF75F
:1031F000BFF9F3E721460648FEF792F9F4E700BF6E
:10320000001002407004002000EF4017087301080E
:103210001C73010808B50A480A4B03604FF4E133F8
:10322000436000238360C36003610C2242618361B9
:10323000C36107F0F3FA00B908BDFFF7F3FBFBE742
:103240000C0500200010014008B50B480B4B036033
:103250004FF41653436000238360C3604FF4C06291
:1032600002610C2242618361C36107F0D7FA00B9A1
:1032700008BDFFF7D7FBFBE7C8040020004400406F
:1032800010B58AB00023059306930793089309931A
:1032900003682F4A934204D02E4A93422DD00AB09D
:1032A00010BD002401942C4B5A6C42F010025A6459
:1032B0005A6C02F010020192019A02941A6B42F0C9
:1032C00001021A631B6B03F001030293029B4FF48C
:1032D000C0630593022306930323089307230993EE
:1032E00005A91E4801F082FB22462146252001F057
:1032F000C3FF252001F0D0FFD1E700240394164B33
:103300001A6C42F400321A641A6C02F4003203920E
:10331000039A04941A6B42F008021A631B6B03F0C1
:1033200008030493049B602305930223069303235D
:1033300008930723099305A9094801F057FB224682
:103340002146262001F098FF262001F0A5FFA6E7E0
:1033500000100140004400400038024000000240DC
:10336000000C024010B50446FDF72AFE642382B229
:103370002146024807F081FA10BD00BF0C0500206D
:103380000FB410B582B004AB53F8042B0193064C74
:1033900080212046FDF70EFF2046FFF7E3FF02B035
:1033A000BDE8104004B0704750050020002A3CD012
:1033B0002DE9F041ADF5087D1D4614461289112A0C
:1033C00006D820460CF024FD0DF5087DBDE8F081FF
:1033D00003AE002340F212218A4228BF0A4631463A
:1033E00020460CF06DFF072210493046FDF71AF910
:1033F0000028E6D13389B3F5A04FE2D13346F27B02
:10340000B77B47EA0227328A160246EA1226B6B28C
:1034100093F80C80284610F0BBFD009033464246DE
:1034200039460348FFF7ACFFCBE770473873010814
:103430004073010810B50DF0F3FB80B1044641F66E
:1034400036120D490DF0B0F9024660B900220B4961
:1034500020460DF0A7FB0A48FFF784FF10BD09487E
:10346000FFF780FFFAE741F636110748FFF788FFBC
:1034700020460DF0ABFBF1E74C9B0108AD33000893
:10348000D073010870730108A4730108FEE7FEE71A
:10349000FEE7FEE7FEE770477047704708B501F0AA
:1034A0005DFF08BD08B5024804F0B6FC08BD00BFCA
:1034B0004403002008B5024804F0AEFC08BD00BF7C
:1034C0004403002008B5024804F0A6FC08BD00BF74
:1034D0004403002008B5024804F09EFC08BD00BF6C
:1034E0004403002008B5024807F0BCFA08BD00BF3D
:1034F0000C05002008B5024807F0B4FA08BD00BF6B
:10350000C804002008B5024806F05AFD08BD00BFF7
:10351000EC03002008B5024801F078FD08BD00BFAB
:103520008C03002008B5024802F0DCFB08BD00BF98
:103530007406002008B5024802F0D4FB08BD00BFA5
:103540007406002008B5024804F066FC08BD00BF00
:103550001C03002008B5024804F05EFC08BD00BF53
:103560001C03002008B5024804F056FC08BD00BF4B
:103570001C03002008B5024804F04EFC08BD00BF43
:103580001C03002008B5024803F0A2F808BD00BFE4
:103590007059002008B5024807F0B2FF08BD00BF0F
:1035A000FC9C002008B5024807F0AAFF08BD00BF38
:1035B000FC9C002008B5024807F0A2FF08BD00BF30
:1035C000FC9C002082B0002100910B4B5A6C42F40D
:1035D00080425A645A6C02F480420092009A01912F
:1035E0001A6C42F080521A641B6C03F080530193F2
:1035F000019B02B0704700BF00380240034AD2F876
:10360000883043F47003C2F88830704700ED00E062
:103610007047000010B5044601F0ACFE064B1B6875
:10362000C31A632B00D810BD01F0A4FE024B186032
:10363000204600F097F9F6E71806002010B584B090
:103640000BF0B6FE16494FF002330B60154AFF230C
:103650001360154B15481860154C16480290164813
:1036600001900020009020460CF00EF920460CF04E
:103670009FF994F8353013F0040F0CD020460CF06D
:103680009DF90B4C0D4920460CF026FA20460FF010
:103690002DF904B010BD06480CF0B2F9F1E700BFF7
:1036A000D8050020D4050020D00500200202020128
:1036B000DC05002091B60008053B00081136000823
:1036C00010B5054C204600F0A7F80BF045FF20464A
:1036D000FFF7A0FF10BD00BFDC05002000207047F1
:1036E00000B583B000230193054B1B781BB10198F3
:1036F00003B05DF804FB01A9024802F06EFAF6E798
:10370000640800207406002070B58CB00C4630268A
:10371000324600216846FCF733FF324600216846F6
:10372000FCF72EFF2246002303E01168E9B10133C4
:1037300012681AB3032B2DD8516803EB43000CAD6C
:1037400005EB800040F8301C518940F82C1C002B00
:10375000EBD0581E03EB430C0DEB8C0100EB40004B
:1037600005EB800040F8281CDFE703EB43010CA8C1
:1037700000EB8101002041F8280CD8E72389074994
:103780004B60C1F808D04C631422054802F0C0F920
:10379000002001E06FF00B000CB070BD3C06002073
:1037A0007406002008B5014605480BF085FF054B5F
:1037B0001B78012B00D008BD024B00221A70FAE7DB
:1037C000109A01086408002008B501F0D3FD08BD77
:1037D00008B5024802F0E6FB002008BD7406002090
:1037E00008B513460A460146034802F005FB00B936
:1037F00008BD4FF0FF30FBE77406002008B5134604
:103800000A460146034802F01FFB00B908BD4FF00D
:10381000FF30FBE77406002038B5054600E074B1C0
:103820002846FFF75DFF04460028F8D02B6929469B
:1038300098470028F3D020460CF0EAFAEFE738BDAD
:1038400008B501F097FD08BD2DE9F0418CB00023CB
:103850000793089309930A930B9302683D4B9A428E
:1038600002D00CB0BDE8F08100240194A3F5904390
:103870001A6B42F000721A631A6B02F00072019226
:10388000019A02941A6B42F080621A631A6B02F07A
:1038900080620292029A03941A6B42F000621A63E9
:1038A0001A6B02F000620392039A04941A6B42F0BE
:1038B00004021A631A6B02F004020492049A05943B
:1038C0001A6B42F001021A631A6B02F001020592B0
:1038D000059A06941A6B42F002021A631B6B03F0FE
:1038E00002030693069B322307934FF00208CDF89C
:1038F000208003270A970B260B9607AD294616480A
:1039000001F074F886230793CDF8208009940A9774
:103910000B962946114801F069F84FF4605307935C
:10392000CDF8208009940A970B9629460C4801F09F
:103930005DF8224621463D2001F09EFC3D2001F02D
:10394000ABFC224621463E2001F096FC3E2001F0D1
:10395000A3FC86E70080024000080240000002400D
:10396000000402402DE9F0419AB00446642200218F
:1039700001A8FCF705FE244800F007FC94F8353058
:1039800013F0040F01D001280BDD13F0040F2CD12C
:1039900001282ADD831E032B27D8DFE803F00C2E35
:1039A00029321A4802F07CF820460CF029F820460B
:1039B0000CF074F819E04FF400674FF4804801AE42
:1039C000124D3146284602F065FA0797CDF8188067
:1039D0003146284602F0D7FA284602F025F820465C
:1039E0000BF0ECFF20460CF031F81AB0BDE8F08186
:1039F0004FF400674FF00008E1E700274FF48048DC
:103A0000DDE70027B846DAE71C0600207406002030
:103A10002DE9F04182B00446324D334B2B60002635
:103A20008DF8006080238DF80130E1238DF802309D
:103A30008DF803608DF8046001238DF80530C5F81A
:103A400004D04FF40003AB60284BEB60284B2B6194
:103A50004FF4C0636B61284601F086FF0746DFF82C
:103A6000A080382231464046FCF78AFD2123C8F861
:103A700000304FF44003C8F814301E480BF0C8FD66
:103A8000062384F834306B681A7884F82E205A782C
:103A900084F82F209A7884F83020DA7884F831205E
:103AA0001A7984F832205B7984F8333040F2DC53A1
:103AB000A38594F8353043F00A0384F835300E4D71
:103AC0000E49284600F0DAFA284600F0F6FA2FB937
:103AD0002046FFF747FF02B0BDE8F081FEF7A2FFE6
:103AE000F9E700BF74060020008002402407002090
:103AF000C4070020109A01081C0600206000002066
:103B00003C06002010B5044670B1732384F83630AB
:103B1000742384F83730084B6361084BA361204657
:103B2000FFF776FF002010BD054B4FF4B572054935
:103B30000548FDF7F5FCE8E76D3201080937000894
:103B4000F4730108107401082074010810B582B0E4
:103B500004460E480BF080FD88B1034600F12002B8
:103B600022600B4A02614FF4C06201922268009207
:103B70004122002108460CF0E5F802B010BD054BCB
:103B800001221A7000232360F7E700BF109A010892
:103B9000A53700086408002030B4A2F120040025F5
:103BA00042F8205C22F8185C22F8163C026822B128
:103BB0000A6814600C60026805E00460FAE7118985
:103BC000194411811268002AF9D130BC70470000F5
:103BD00008B500220F49104810F0E2F970B90F49FA
:103BE0000D4810F0F4F960B90D490B4811F0D3F904
:103BF00050B9094810F00BFA48B908BDFEF712FF9A
:103C0000EDE7FEF70FFFEFE7FEF70CFFF1E7FEF73A
:103C100009FFF2E7A8000020F05100202C0100204D
:103C2000C400002012230B8000487047940000203D
:103C300004230B800048704790000020002393422B
:103C40001ED200B510E00CF1370C01F813C00001D2
:103C50004FEA430C0CF1010C4FF0000E01F80CE0A0
:103C60000133DBB2934209D24FEA107CB0F1204F0E
:103C7000E9D20CF1300C01F813C0E8E75DF804FB61
:103C80007047000038B50B4BD3F8100AD3F8144A2C
:103C9000D3F8183AC01800D138BD074D082229467C
:103CA000FFF7CCFF042205F110012046FFF7C6FF05
:103CB000F2E700BF0070FF1F7600002008B51A234E
:103CC0000B80FFF7DFFF014808BD00BF7400002034
:103CD00008B50A4628B90549054810F0DEFE034834
:103CE00008BD0249024810F0D8FEF8E7CC54002085
:103CF0006074010810B50A46034C2146034810F0D1
:103D0000CCFE204610BD00BFCC54002078740108C2
:103D100008B50A4628B90549054810F0BEFE034813
:103D200008BD0249024810F0B8FEF8E7CC54002064
:103D30008C74010808B50A4628B90549054810F0F1
:103D4000ACFE034808BD0249024810F0A6FEF8E7A1
:103D5000CC5400209874010800207047222801D01C
:103D6000002070474B8813F0010F03D0034B012252
:103D70001A70F5E7014B00221A70F1E7CC560020CB
:103D80000020704710B50146044C204611F01CF984
:103D9000204611F025F9002010BD00BFF051002091
:103DA00010B5064C00220649204611F0FFF80549DF
:103DB000204611F009F9002010BD00BFF05100208D
:103DC000D05600201057002030B589B0002303934F
:103DD00004930593069307930368B3F1A04F01D0B2
:103DE00009B030BD03AA00250195174C236B43F0A1
:103DF00001032363236B03F001030193019B4FF441
:103E0000C053039302230493032306930A230793C7
:103E100011460E4800F0EAFD636B43F080036363D4
:103E20000295636C43F480436364636C03F48043E2
:103E30000293029B2A462946432001F01DFA4320A3
:103E400001F02AFACCE700BF00380240000002402F
:103E500008B500F2C441D0F8080510F0EEF808BD2E
:103E600008B501EBC10300EB8303D3F88C22D0F833
:103E7000080510F0ABF908BD08B501EBC10300EB74
:103E80008303DA6CD0F8080510F000FA08BD08B515
:103E9000D0F8080510F048F908BD10B50446C3680D
:103EA0003BB1022B01D1012104E0FEF7BBFD012152
:103EB00000E00021D4F8080510F01DF9D4F8080539
:103EC00010F0E7F810BD000010B50446D0F8080562
:103ED00010F014F92268D2F8003E43F00103C2F852
:103EE000003E236A23B1034A136943F006031361BA
:103EF00010BD00BF00ED00E008B5D0F8080510F0D7
:103F000007F908BD08B5D0F8080510F033F908BD69
:103F100008B5D0F8080510F017F908BD08B5D0F8B5
:103F2000080510F03DF908BD08B5D0F8080510F0F7
:103F300039F908BD02780AB10020704710B5034670
:103F40001548C0F80835C3F8C8024FF0A043036015
:103F5000042343600222C260002303618261C361C3
:103F600003624362C362036302F0BEF880B90A4C85
:103F70008021204602F0B6FE40220021204602F0B9
:103F80008BFE80220121204602F086FE002010BD1B
:103F9000FEF748FDEBE700BF70590020D0F8C832AB
:103FA00011F0800F08D101F07F0101EBC10103EB9B
:103FB000810393F87E02704701F07F0101EBC1019C
:103FC00003EB810393F83E00704708B5D0F8C802B0
:103FD00002F0ADFA08BD00000048704750570020BD
:103FE0007047032805D8DFE800F00504020501202A
:103FF00070470320704708B5D0F8C80202F00BF9EB
:10400000FFF7EFFF08BD08B594461A466346D0F89F
:10401000C80202F0DFF9FFF7E4FF08BD08B5D0F8E9
:10402000C80202F01CFAFFF7DCFF08BD08B5D0F8A3
:10403000C80202F0B4FAFFF7D4FF08BD08B5D0F803
:10404000C80202F0F0FAFFF7CCFF08BD08B5D0F8BF
:10405000C80202F0ABF9FFF7C4FF08BD08B5D0F8FD
:10406000C80202F06DFAFFF7BCFF08BD08B5D0F832
:10407000C80202F02DFAFFF7B4FF08BD88B1CA6884
:1040800092B18A689AB10A69A2B10A6882604A68E4
:10409000C260CA6842618A6802610A69826100205E
:1040A00070474FF0FF3070474FF0FF3070474FF0D0
:1040B000FF3070474FF0FF30704770B582B0054653
:1040C000002301934468002C4AD1836803B19847C8
:1040D00020232B60002602E06FF0040601341F2C21
:1040E0000DD86B6901AA1921204698470028F3DBF7
:1040F000019B03F01F03A342F0D12C600026286827
:104100001F2826D8002E37D12B694FF400420021FA
:104110009847002833DB6B6901AA0021286898477B
:1041200000282FDBAB6998470446019B13F4004F2E
:1041300011D0AB699847001BB0F5FA7F0DD86B69B9
:1041400001AA0021286898470028EEDA6FF00406DB
:1041500001E06FF002067EB903E06FF00106FAE7B6
:104160000026AB6998470446AB699847031BB3F533
:10417000FA6FF9D901236B60304602B070BD6FF061
:104180000306F9E76FF00406F6E710B582B00446BF
:1041900000230193436901AA012100689847002880
:1041A00038DB636901AA012120689847002834DBC5
:1041B000019B13F0040F33D0636901AA002120682A
:1041C000984700282FDB019B13F4805F0CD103F488
:1041D0000452B2F5045F29D013F4005F28D113F420
:1041E000807F27D004201CE0636901AA1021206889
:1041F0009847002820DB019B13F4807F1FD003F039
:104200000603042B1DD0F3B1062B01D0052008E0D6
:10421000042006E06FF0040003E06FF0040000E00B
:10422000012002B010BD6FF00400FAE70220F8E7A9
:104230000320F6E70520F4E76FF00400F1E706201D
:10424000EFE70220EDE70320EBE70000002800F095
:10425000E08170B582B00446036813F0010F3BD0D3
:104260009F4B9B6803F00C03042B2CD09C4B9B684A
:1042700003F00C03082B21D06368B3F5803F4FD0C7
:10428000B3F5A02F52D0964B1A6822F480321A60F0
:104290001A6822F480221A606368002B50D001F063
:1042A00069F805468E4B1B6813F4003F14D101F0EA
:1042B00061F8401B6428F5D90320B1E1884B5B68A5
:1042C00013F4800FD8D0864B1B6813F4003F03D043
:1042D0006368002B00F09F81236813F0020F54D015
:1042E0007F4B9B6813F00C0F3ED07D4B9B6803F017
:1042F0000C03082B33D0E368002B68D0794B0122E4
:104300001A6001F037F80546754B1B6813F0020F71
:1043100054D101F02FF8401B0228F5D903207FE18A
:104320006F4A136843F480331360B5E76C4B1A6827
:1043300042F480221A601A6842F480321A60ABE7B5
:1043400001F018F80546664B1B6813F4003FC3D014
:1043500001F010F8401B6428F5D9032060E1604BA0
:104360005B6813F4800FC6D15D4B1B6813F0020F1E
:1043700003D0E368012B40F05081594A136823F0C1
:10438000F803216943EAC1031360236813F0080F9F
:1043900042D063696BB3534B0122C3F8802E00F007
:1043A000E9FF05464E4B5B6F13F0020F34D100F06E
:1043B000E1FF401B0228F5D9032031E1484A136888
:1043C00023F0F803216943EAC1031360DDE7454B9D
:1043D00000221A6000F0CEFF0546414B1B6813F027
:1043E000020FD2D000F0C6FF401B0228F5D90320EF
:1043F00016E13C4B0022C3F8802E00F0BBFF0546BF
:10440000374B5B6F13F0020F06D000F0B3FF401B79
:104410000228F5D9032003E1236813F0040F77D0B5
:104420002F4B1B6C13F0805F33D1002301932C4B77
:104430001A6C42F080521A641B6C03F08053019393
:10444000019B0125284B1B6813F4807F23D0A368B0
:10445000012B34D0052B38D0214B1A6F22F00102EA
:104460001A671A6F22F004021A67A368002B3DD066
:1044700000F080FF06461A4B1B6F13F0020F46D167
:1044800000F078FF801B41F288339842F3D9032073
:10449000C6E00025D6E7144A136843F4807313601E
:1044A00000F068FF0646104B1B6813F4807FCED1E6
:1044B00000F060FF801B0228F5D90320B0E0084A15
:1044C000136F43F001031367CFE7054B1A6F42F0F8
:1044D00004021A671A6F42F001021A67C5E700BFAB
:1044E00000380240000047420070004000F042FFE8
:1044F0000646524B1B6F13F0020F08D000F03AFF34
:10450000801B41F288339842F3D9032088E0EDB94B
:10451000A369002B00F08380484A926802F00C02E5
:10452000082A51D0022B17D0454B00221A6600F002
:1045300021FF0446414B1B6813F0007F42D000F07E
:1045400019FF001B0228F5D9032069E03B4A136CD0
:1045500023F080531364DBE7394B00221A6600F026
:1045600009FF0546354B1B6813F0007F06D000F0AD
:1045700001FF401B0228F5D9032051E0E369226ABC
:104580001343626A43EA8213A26A5208013A43EA79
:104590000243E26A43EA0263284A5360284B01223D
:1045A0001A6600F0E7FE0446244B1B6813F0007FF8
:1045B00006D100F0DFFE001B0228F5D903202FE012
:1045C00000202DE000202BE0012B2BD01B4B5B6843
:1045D00003F48001E269914226D103F03F02216A8F
:1045E0008A4223D1616A47F6C0721A40B2EB811F3A
:1045F0001ED103F44031A26A5208013AB1EB024FD6
:1046000018D103F07063E26AB3EB026F14D100209B
:1046100006E001207047012002E0012000E00020B8
:1046200002B070BD0120FBE70120F9E70120F7E7A8
:104630000120F5E70120F3E70120F1E7003802400F
:104640000000474208B5264B9B6803F00C03042B7F
:1046500041D0082B41D1224B5A6802F03F025B68DF
:1046600013F4800F12D01E4B5968C1F388111D48F6
:104670000023A1FB0001FEF70BF8194B5B68C3F3A5
:10468000014301335B00B0FBF3F008BD144B5868E5
:10469000C0F388104FEA401CBCEB000C6EEB0E0E12
:1046A0004FEA8E1343EA9C634FEA8C11B1EB0C0185
:1046B00063EB0E03DB0043EA5173C90011EB000CFE
:1046C00043F10003990200234FEA8C2041EA9C51F8
:1046D000FDF7DEFFD1E70348D7E70348D5E700BF82
:1046E0000038024040787D010024F400002800F0EA
:1046F0009B8070B50D4604464F4B1B6803F00703C3
:104700008B4208D2CBB24C4A1370136803F00703F4
:104710008B4240F08B80236813F0020F17D013F008
:10472000040F04D0454A936843F4E0539360236830
:1047300013F0080F04D0414A936843F46043936038
:104740003E4A936823F0F003A1680B43936023680B
:1047500013F0010F32D06368012B21D09A1E012A79
:1047600025D9364A126812F0020F61D033498A689F
:1047700022F0030213438B6000F0FCFD06462F4B32
:104780009B6803F00C036268B3EB820F16D000F055
:10479000F1FD801B41F288339842F0D9032042E0BA
:1047A000264A126812F4003FE0D101203BE0234A80
:1047B000126812F0007FD9D1012034E01E4B1B6833
:1047C00003F00703AB4207D9EAB21B4B1A701B6810
:1047D00003F00703AB422DD1236813F0040F06D07A
:1047E000164A936823F4E053E1680B43936023680F
:1047F00013F0080F07D0114A936823F4604321692E
:1048000043EAC1039360FFF71DFF0C4B9B68C3F3A2
:1048100003130B4AD35CD8400A4B18600A4B186844
:1048200000F05CFD002070BD012070470120FAE718
:104830000120F8E70120F6E7003C02400038024082
:10484000009A01085C000020DC000020014B186881
:10485000704700BF5C00002008B5FFF7F7FF044B6E
:104860009B68C3F38223034AD35CD84008BD00BFD2
:1048700000380240F899010808B5FFF7E7FF044B3C
:104880009B68C3F34233034AD35CD84008BD00BFE2
:1048900000380240F899010830B583B00446036837
:1048A00013F0050F06D1236813F0020F2ED100205C
:1048B00003B030BD4A4B00229A6600F05BFD05460E
:1048C000484B1B6813F0006F06D000F053FD431BEC
:1048D000022BF5D90320EBE76268A3681B0743EAC4
:1048E0008213404AC2F884303D4B01229A6600F0A0
:1048F00041FD05463B4B1B6813F0006FD3D100F020
:1049000039FD431B022BF5D90320D1E70023019386
:10491000344B1A6C42F080521A641B6C03F08053C3
:104920000193019B304A136843F48073136000F0D5
:1049300021FD05462C4B1B6813F4807F06D100F047
:1049400019FD431B022BF5D90320B1E7254B1B6F43
:1049500013F4407314D0E26802F440729A420FD00C
:10496000204B1A6F22F440721D490120C1F8400EFD
:104970000020C1F8400E1A671B6F13F0010F13D10E
:10498000E36803F44072B2F5407F1ED0154A936885
:1049900023F4F813936013490B6FE268C2F30B0220
:1049A00013430B67002083E700F0E4FC05460D4B42
:1049B0001B6F13F0020FE3D100F0DCFC401B41F24F
:1049C00088339842F3D9032072E706498A6822F4B3
:1049D000F81223F0704323F4407313438B60DAE73B
:1049E00000004742003802400070004000230F2BB7
:1049F00000F2E98070B582B065E085684FEA430E49
:104A0000032404FA0EF425EA0405CC6804FA0EF433
:104A10002C438460446824EA02044A68C2F300120A
:104A20009A40224342605CE0DC08083450F82420BD
:104A300003F00705AD004FF00F0E0EFA05FE22EA57
:104A40000E0E0A69AA4042EA0E0240F824205CE0F9
:104A5000072200E0002202FA0EF22A4302345A4DE5
:104A600045F82420594A94686FEA0C0224EA0C05A0
:104A70004E6816F4801F01D04CEA0405534CA56023
:104A8000E46802EA04054E6816F4001F01D04CEAFF
:104A900004054E4CE560646802EA04054E6816F4AD
:104AA000003F01D04CEA0405484C65602468224070
:104AB0004D6815F4803F01D04CEA0402434C22605B
:104AC00001330F2B7DD801229A400C6804EA020CB6
:104AD00032EA0404F4D14C6804F00304013C012CD4
:104AE0008BD94A6802F00302032A09D0C4685D002A
:104AF0000322AA4024EA02048A68AA402243C26030
:104B00004A6802F00302022A8ED004684FEA430E7C
:104B1000032202FA0EF224EA02044A6802F00302B7
:104B200002FA0EF2224302604A6812F4403FC7D0F4
:104B300000220192264A546C44F480445464526C1E
:104B400002F480420192019A9C08A51C1E4A52F868
:104B5000255003F0030E4FEA8E0E0F2202FA0EF2DA
:104B600025EA02051B4A90423FF474AF02F58062C9
:104B700090421AD002F58062904218D002F580620D
:104B8000904216D002F58062904214D002F5806205
:104B9000904212D002F58062904210D002F58062FD
:104BA00090423FF455AF082255E7012253E7022215
:104BB00051E703224FE704224DE705224BE7062287
:104BC00049E702B070BD704700380140003C014029
:104BD000003802400000024000230F2B00F28F80BB
:104BE000F0B52DE0072500E0002505FA0CF5A542FB
:104BF00069D004685D004FF0030C0CFA05FC24EA50
:104C00000C0404604FEAD30E0EF1080E50F82E404B
:104C100003F00706B6000F25B54024EA050440F866
:104C20002E40C46824EA0C04C460446824EA0202EA
:104C30004260826822EA0C02826001330F2B5DD849
:104C400001229A4002EA010632EA0104F5D14FEA54
:104C5000930E0EF102052A4C54F8254003F0030C84
:104C60004FEA8C0C0F2505FA0CF73C40254DA84265
:104C7000BAD005F58065A84219D005F58065A8422F
:104C800017D005F58065A84215D005F58065A842C6
:104C900013D005F58065A84211D005F58065A842BE
:104CA0000FD005F58065A8429CD008259DE7012519
:104CB0009BE7022599E7032597E7042595E7052556
:104CC00093E7062591E7104C256825EA060525603F
:104CD000656825EA06056560E56825EA0605E5607C
:104CE000A56825EA0605A560054E0EF1020456F8F2
:104CF000245025EA070546F824507AE7F0BD7047AE
:104D00000038014000000240003C014003691942A4
:104D100001D001207047002070470AB181617047BF
:104D200009048161704730B405682C6824F480243C
:104D30002C60046863608368402B05D00368996029
:104D40000368DA6030BC704703689A600368D96012
:104D5000F8E7000010B40368D9B210390A4AA2FB80
:104D600001421209094CA25CC2655F2907D96FF3A1
:104D7000090304338365806D5DF8044B70476FF35E
:104D800009038365F7E700BFABAAAAAA209A010826
:104D9000836A826992B9012B0AD0022B02D00BB12F
:104DA00000207047C36A13F0807F28D1002070472D
:104DB000C36AB3F1C07F24D000207047B2F5005F12
:104DC00009D0022B25D9032B25D1C36A13F0807F8C
:104DD00023D100207047032B03D8DFE803F014042D
:104DE000140A00207047C36A13F0807F0DD10020A1
:104DF0007047C36AB3F1C07F09D00020704701201B
:104E00007047012070470120704701207047012042
:104E10007047012070470020704701207047000054
:104E200070B5044600F0A6FA002C5BD005460223BC
:104E300084F83530002384F834302268136823F076
:104E40000103136023681A6812F0010F0AD000F002
:104E500091FA431B052BF5D920236365032084F8C1
:104E6000350070BD1A68204911406268A06802438D
:104E7000E06802432069024360690243A06902437B
:104E8000E0690243206A02430A43616A04291ED092
:104E90001A602668756925F00705636A1D43042BAF
:104EA00007D1A36A1D43E36A1BB12046FFF770FFD9
:104EB00090B975612046FFF74DFFE26D3F239340A7
:104EC000836000206065012384F83530C9E7E16A1A
:104ED000206B01430A43DBE740236365012084F82C
:104EE0003500BEE70120BCE73F8010F038B504462E
:104EF000856D90F8340001282AD0012084F8340010
:104F000094F83500012804D0002384F834300220BE
:104F100038BD022084F83500002060652046FFF788
:104F200002FFE26D3F239340AB602268136843F0B9
:104F300016031360236C23B12268136843F008033F
:104F400013602268136843F0010313600020DFE759
:104F50000220DDE770B50446866D00F00BFA94F888
:104F60003530022B06D080236365002384F834306B
:104F7000012070BD05462268136823F016031360F4
:104F80002268536923F080035361236CE3B12268E4
:104F9000136823F0080313602268136823F00103E9
:104FA000136023681B6813F0010F11D000F0E2F9C1
:104FB000431B052BF5D920236365032084F83500B6
:104FC000002384F83430D4E7A36C002BDFD1E3E76F
:104FD000E26D3F239340B360012384F83530002015
:104FE00084F83400C5E790F83530022B03D08023D5
:104FF000436501207047052380F835300268136847
:1050000023F001031360002070470000F0B583B067
:10501000044600230193724B1D68724BA3FB0535B8
:10502000AD0A876D3E68C26D08239340334210D0AD
:1050300003681A6812F0040F0BD01A6822F00402F9
:105040001A60C26D08239340BB60436D43F00103B7
:105050004365E26D01239340334209D022685269CF
:1050600012F0800F04D0BB60636D43F002036365F0
:10507000E26D04239340334209D02268126812F093
:10508000020F04D0BB60636D43F004036365E26DFF
:1050900010239340334224D02268126812F0080F84
:1050A0001FD0BB6023681A6812F4802F0DD01B68D4
:1050B00013F4002F04D1236C9BB12046984710E0D5
:1050C000A36C73B1204698470BE01A6812F4807FF6
:1050D00003D11A6822F008021A60236C0BB1204633
:1050E0009847E26D20239340334254D022681268DF
:1050F00012F0100F4FD0BB6094F83530052B0ED056
:1051000023681A6812F4802F33D01B6813F4002F21
:105110002AD1636C002B3ED0204698473BE02268A2
:10512000136823F0160313602268536923F0800389
:105130005361236CA3B12268136823F00803136042
:10514000E26D3F239340BB60012384F83530002398
:1051500084F83430236D002B3FD0204698473CE044
:10516000A36C002BE7D1EBE7E36BA3B12046984794
:1051700011E01A6812F4807F09D11A6822F0100237
:105180001A60012384F83530002384F83430E36B4F
:105190000BB120469847636DFBB1636D13F0010FAF
:1051A00017D0052384F835302268136823F00103F3
:1051B0001360019B01330193AB4204D823681B6841
:1051C00013F0010FF5D1012384F83530002384F862
:1051D0003430E36C0BB12046984703B0F0BD00BFFC
:1051E0005C000020B5814E1B406D7047002808DB35
:1051F0000901C9B200F1604000F5614080F8001378
:10520000704700F00F000901C9B2014B19547047F3
:1052100014ED00E000B500F00700C0F1070CBCF190
:10522000040F28BF4FF0040C031D062B0FD9C31E1B
:105230004FF0FF3E0EFA0CF021EA000199400EFA01
:1052400003FE22EA0E0241EA02005DF804FB00239D
:10525000EEE70000074AD36823F4E0631B041B0C4D
:10526000000200F4E060034343F0BF6343F4003303
:10527000D360704700ED00E010B50446054BD868D8
:10528000C0F30220FFF7C6FF01462046FFF7AEFF3E
:1052900010BD00BF00ED00E0002807DB00F01F029A
:1052A000400901239340024A42F82030704700BF72
:1052B00000E100E00138B0F1807F0BD24FF0E02335
:1052C0005861054AF02182F82310002098610722D6
:1052D0001A6170470120704700ED00E010B50446E8
:1052E0000E4B1A784FF47A73B3FBF2F30C4A106842
:1052F000B0FBF3F0FFF7DEFF68B90F2C01D90120F6
:105300000AE0002221464FF0FF30FFF7B5FF054BC2
:105310001C60002000E0012010BD00BFD80000206C
:105320005C000020DC00002008B50B4B1A6842F43A
:1053300000721A601A6842F480621A601A6842F4B5
:1053400080721A600320FFF785FF0F20FFF7C6FF6A
:10535000FEF738F9002008BD003C0240034A1168FE
:10536000034B1B780B441360704700BF7C5E00202A
:10537000D8000020014B1868704700BF7C5E0020F9
:1053800038B50446FFF7F6FF0546B4F1FF3F02D0FB
:10539000044B1B781C44FFF7EDFF401BA042FAD3DF
:1053A00038BD00BFD80000202DE9F04182B007468B
:1053B00000230193D0F8688008F1120350F82340CD
:1053C000C56E012613E001A8FEF7C0FB019B13B1D7
:1053D0002362A36010E000260EE04FF48C4363606C
:1053E00011E003F1120257F82240013D9846BDB189
:1053F000B6B1236A002BE6D0002EF8D0BB6D002B8F
:10540000EBD10E4B6360BFF35F8F236843F0004323
:10541000236008F10103032BE3D9A8F10303E0E7BC
:10542000FB6EAB4207D03B6803F5805300229A60C5
:10543000C7F86880FD6602B0BDE8F08100460080D4
:105440005079137943EA002307480B50D0789378BA
:105450001B0443EA0063507843EA002312781343A5
:10546000024A8B50704700BF408002404480024097
:1054700030B4002208E0C468DC6051F80C3043F41A
:10548000400341F80C300132032A1FD8C16802EBF7
:1054900082034FEAC30C01EBC303002441F80C4024
:1054A0005C609C60DC60941D40F8243051F80C4036
:1054B00044F4801441F80C40022ADCD8541C04EB5C
:1054C0008404C56805EBC404DC60D6E7002383626E
:1054D000C268036803F580531A6130BC704700B599
:1054E0004FF0000E03E00269DA600EF1010EBEF12A
:1054F000030F29D801690EEB8E034FEAC30C01EBB1
:10550000C303002241F80C205A609A60DA601A62E4
:105510005A624FF0004241F80C204FF48C425A601E
:105520005A6822F000425A600EF1120240F822300E
:10553000BEF1020FD7D801690EF1010202EB82021F
:1055400001EBC201D960D0E70023C365036683661F
:10555000C36683650269036803F58053DA605DF80A
:1055600004FBF0B5856A00EB85039B698C681E68B7
:10557000002EC0F2AB802E1D00EB8606F669002ED1
:1055800040F0A68026689E605E686FF30C06676830
:105590003E435E600E6816F0010F05D01E6826F4CB
:1055A00040064F693E431E600E6816F0200F05D07E
:1055B0001E6826F040660F693E431E60096811F0C0
:1055C000040F03D0196841F080011960196841F097
:1055D00080511960BFF35F8F196841F00041196075
:1055E0002F4600264FF0010E27E0196821F0804178
:1055F00019602EE000EB8C039B69196821F0805143
:105600001960196800292CDB0CF1040100EB810101
:10561000C96931BB0EF1010EA4682168996059680F
:105620006FF30C016768394359600136BFF35F8F30
:10563000196841F0004119606746A16851B31968C3
:1056400021F000511960002ACFD0196841F0804143
:10565000196007F1010CBCF1030FCBD9A7F1030CC2
:10566000C8E700EB85039969002204E000EB8301A1
:10567000896901321D4672450AD2BFF35F8F0B68FC
:1056800023F000430B606B1C032BEFD9EB1EEDE7FF
:105690000220F0BDAAB11A6842F080421A601A686E
:1056A00042F000521A60C26B3B1D00EB8303DA61CB
:1056B000876272B6036C33440133036462B6002020
:1056C000E7E71A6822F080421A60E8E70220E0E784
:1056D0000220DEE770B505460C46026813683B49B8
:1056E0001940237C002B60D14FF40003607C00281C
:1056F0005DD14FF480000343A0680343E07F43EA99
:10570000004360690343A07F002852D14FF400504A
:105710000343207F43EA0033A0690343207943EA2F
:10572000802394F82000002845D14FF400700343F3
:10573000E07B43EAC013606A034394F8280043EA1D
:1057400000130B4313602B681E680120FFF718FE3F
:105750002B681E6029688A6922F0BE021204120CAE
:10576000A36C1B0494F84C0038BB80200343206DCD
:10577000034394F85500012821D00020034394F8F6
:10578000560001281DD00020034394F8540001283E
:1057900019D00020034313438B612B689C690120BF
:1057A000FFF7EEFD2B689C6170BD00239EE7002093
:1057B000A1E70020ACE70020B9E70020D6E70820E9
:1057C000DCE70420E0E70220E4E700BF0F8120FFD0
:1057D00070B505460C46026802F580539B692B495B
:1057E0001940237B002B4DD14FF08063607B43EA4F
:1057F0004063607F002847D14FF480100343A07BB3
:1058000043EA405360690343207F43EAC013A07F0B
:1058100043EA8013206A034394F8240043EA800398
:105820000B4302F5805293612B6803F580539E6908
:105830000120FFF7A5FD2B6803F580539E612279B7
:10584000A36843EA4263A26913432269134394F8AD
:10585000252043EAC213A26A43EA82032268134363
:105860002A6843F4000302F5805213602B6803F5A5
:1058700080531C680120FFF783FD2B6803F58053DC
:105880001C6070BD0023B1E70020B7E7233FDEF8BE
:1058900070B5A4B0064601258DF83C508DF83D50FA
:1058A00000240D948DF84B408DF84A508DF84840F7
:1058B0008DF830508DF84C408DF83B4014948DF8A5
:1058C00054401D948DF878401F948DF882408DF8D7
:1058D00080404FF4804310934FF4006311938DF890
:1058E00081400BA9FFF7F6FE8DF80C508DF80D5096
:1058F0008DF81D508DF80E5005948DF81C408DF8D4
:105900001E4008948DF824508DF804504FF48033D5
:1059100002934FF4800306934FF4005304938DF8E1
:1059200025500A94009469463046FFF751FF24B091
:1059300070BD10B582B0044600230193036803F5DF
:1059400080539A6942F480129A61036803F5805388
:105950009B6901930120FFF713FD2368019A03F56A
:1059600080539A6102B010BD002857D030B583B083
:105970000446D0F88430002B34D000230193284B08
:105980005A6C42F480425A645B6C03F48043019386
:10599000019B244B5A6822F400025A605A68A1689D
:1059A0000A435A605B68236803F580531A6842F023
:1059B00001021A60FFF7DEFC0546236803F58053F9
:1059C0001B6813F0010F13D0FFF7D4FC401BB0F598
:1059D000FA7FF2D90423C4F88830E023C4F8843075
:1059E000012019E02323C0F88430FDF72DFFC4E720
:1059F0002046FFF74DFF2046FFF73AFD2046FFF710
:105A00006EFD626800212046FFF71AFD0020C4F8F1
:105A100088001023C4F8843003B030BD01207047E3
:105A20000038024000380140D0F88430102B01D0FB
:105A30000120704770B504462325C0F88450042324
:105A4000C366FFF7B1FC2268136843F008031360D4
:105A500023681E680120FFF793FC23681E602268FC
:105A6000136843F00403136023681E680120FFF7E6
:105A700087FC23681E602046FFF75BFF236803F561
:105A800080539A6942F400529A61236803F5805367
:105A90009A6942F002029A61C4F88450002070BDF5
:105AA00038B5D0F88430232B01D0012038BD04460E
:105AB000C0F88430036803F580539A6922F40052D9
:105AC0009A61036803F580539A6922F002029A6191
:105AD0000268136823F00403136003681D68012043
:105AE000FFF74EFC23681D602046FFF722FF226867
:105AF000136823F00803136023681D680120FFF773
:105B00003FFC23681D601023C4F884300020CDE7DB
:105B1000F8B5044631B11546D4F88430232B09D0AA
:105B20000120F8BDD0F8883043F00103C0F8883078
:105B30000120F6E700222046FFF713FD002835D1AB
:105B4000BFF34F8FA36A9A1D54F822605A1CA262B9
:105B5000032A01D9033BA362A26A2368063254F8E0
:105B6000222003F580535A60FFF704FC0746336890
:105B7000002B30DA236803F58052526912F4005F7B
:105B80001CD1B5F1FF3FF2D0FFF7F4FBC01BA842D8
:105B900001D8002DEBD1D4F8883043F00403C4F8C9
:105BA00088304FF0405333600120BAE7D4F8883092
:105BB00043F00203C4F888300120B2E7D4F888200B
:105BC00042F00802C4F8882003F580535B69C4F8EA
:105BD0008C300120A5E70020A3E72DE9F84F04460B
:105BE00089B18B46D0F88430232B72D1D0F85C80F9
:105BF00008F1120350F82350C36EC3F1040A4FF0AA
:105C000000094F4638E0D0F8883043F00103C0F86F
:105C1000883001205EE02B6813F4007F02D000235F
:105C20002366636666692B6813F4807F07D02E684D
:105C3000C6F30D46043E2B6823674FF00109AA689E
:105C40002A62B3B204F1800104F17C00FDF7A4FFE5
:105C5000236E01332366636E3344636600232B6235
:105C600008F10103032B01D9A8F1030303F1120288
:105C700054F82250013798462B68002B14DB574507
:105C800012D2B9F1000F0FD12B6813F4807F03D02B
:105C9000AB69A367EB6963672B6813F4007FBAD124
:105CA000E36F002BB7D1DBE7E36E3B44E36633B928
:105CB000C4F85C80B9F1000F05D101200AE020464C
:105CC000FFF772FBF4E7E36FCBF800300020E067EA
:105CD00000E00120BDE8F88F7047704770477047BB
:105CE0007047000010B50446036803F580525269FE
:105CF00012F0400F05D003F58052D26912F0400F28
:105D000047D1236803F58052526912F0010F05D084
:105D100003F58052D26912F0010F41D1236803F5D7
:105D20008052526912F4004F28D003F58052D26994
:105D300012F4004F22D0D4F8882042F00802C4F8B0
:105D4000882003F58052526912F4005F31D003F5C8
:105D500080535A6922F07F4222F4010222F45F420A
:105D600022F0FF02C4F88C20DA6922F4C032DA6132
:105D7000E023C4F884302046FFF7B0FF23689A6B15
:105D800012F0080F1FD11A4B5B6913F4002F26D1B4
:105D900010BD03F58053174A5A61FFF79EFFB0E725
:105DA00003F580534FF001125A612046FFF794FF2C
:105DB000B4E703F580535A6948F280610A40C4F899
:105DC0008C205961D7E7DB6A03F06003C4F8943094
:105DD0002046FFF784FF0023C4F89430D3E7044B38
:105DE0004FF400225A612046FFF77AFFD0E700BF48
:105DF000003C014040000100F8B505461E46006821
:105E0000036903F01C03C90289B21943940104F425
:105E1000F8640C4344F001040461FFF7ABFA074651
:105E200001E02B681C6914F0010F07D0FFF7A2FAFC
:105E3000C01BB0F5803FF4D3012004E02B685B6900
:105E40009BB233600020F8BD70B505460668306926
:105E500000F01C00C90289B20143940104F4F86403
:105E60000C4344F003049BB273612B681C61FFF781
:105E700081FA064601E02B681C6914F0010F07D077
:105E8000FFF778FA801BB0F5803FF4D3012000E0E3
:105E9000002070BD002974D002681268C2F300129D
:105EA00081F828200268126802F060024A620268E3
:105EB000126802F40072B2FA82F2520981F82020CC
:105EC00002681268C2F30042CA770268126802F4DC
:105ED0000052B2FA82F252098A7702681268C2F35B
:105EE00000320A770268126802F400628A6102686E
:105EF000126802F480424A610268126802F4800269
:105F0000B2FA82F252094A740268126802F400027C
:105F1000B2FA82F252090A7402681268C2F3C0121D
:105F2000CA730268126802F460228A60026812680A
:105F3000C2F380220A7102689269C2F3400281F8BA
:105F400054200268926902F08002B2FA82F2520989
:105F500081F84C200268926902F030020A650268FA
:105F60009269120C8A6402689269C2F3800281F815
:105F7000562002689269C2F3C00281F855200020C1
:105F800070470120704751B108B5D0F88430102B0C
:105F900001D0012008BDFFF79DFB0020FAE701209A
:105FA0007047000038B5054603681C6924F01C04DE
:105FB000FEF74CFC104B0344104A934204D244F0C9
:105FC00008042B681C6138BD0D4B03440D4A9342F5
:105FD00002D844F00C04F4E70B4B03440B4A934201
:105FE000EFD30B4B03440B4A934202D844F0040412
:105FF000E7E744F01004E4E700D3CEFEC0E1E4009C
:1060000040F1E9FD3F787D0100796CFC005A6202A5
:10601000001F0AFA7FF0FA022DE9F04383B0D0F8AE
:10602000008001EBC10300EB8303DA6D5B6D9A42E4
:1060300054D807460C469B1A01EBC10200EB8202C2
:10604000926C9A4200D31A4602F103094FEA990969
:1060500015E006F103094FEA990904EBC40507EBC3
:106060008505E96C3B7C0093B3B2E2B2404601F097
:1060700002FAEB6C3344EB64EB6D3344EB6508EBF5
:10608000441303F510639B699BB24B4512D304EB99
:10609000C40307EB8303DA6D5B6D9A420AD24BB1FE
:1060A0009B1A04EBC40207EB8202966C9E42D0D38B
:1060B0001E46CEE704EBC40307EB83077A6DFB6D46
:1060C0009A420FD804F00F040122A240D8F83438C5
:1060D00023EA0203C8F83438002000E0012003B0AE
:1060E000BDE8F0830020FAE770B58AB0002800F020
:1060F00090800546046890F8BD343BB3032385F8CF
:10610000BD34E36B13F4807F01D100232B61286839
:1061100000F0D4FE2C4654F8106BEC460FCCACE8E3
:106120000F000FCCACE80F0094E803008CE80300EC
:106130002B1D0ECB304600F003FE044658B102235F
:1061400085F8BD34012420460AB070BD80F8BC3407
:10615000FDF73AFED2E70021286801F094FB2346C0
:1061600016E003EBC30205EB8202012182F83D1029
:1061700082F83C30A2F84430002182F8401091644B
:10618000D16403EBC30205EB820251650133DBB23C
:1061900069688B42E5D316E004EBC40305EB830387
:1061A000002283F87D2283F87C4283F88022C3F8A2
:1061B0008822C3F88C2204EBC40305EB8303C3F8E5
:1061C00094220134E4B2A142E6D82C4654F8106B74
:1061D000EC460FCCACE80F000FCCACE80F0094E815
:1061E00003008CE803002B1D0ECB304600F0C2FEEE
:1061F000044620B1022385F8BD340124A3E700231F
:1062000085F83830012385F8BD34286801F0FAFAA2
:1062100099E7012497E7026890F8BC34012B19D064
:1062200010B50446012380F8BC34836A012B09D0E1
:10623000206800F03DFE206801F0D6FA002084F8C6
:10624000BC0410BD8369012BF2D0936B43F48033FF
:106250009363EDE70220704770B504460D46006871
:10626000066C00EB411303F530639A68216901293C
:1062700011D038498E4256D03DB905EBC50304EB29
:106280008303D3F89432002B5ED0E9B22046FDF7A9
:10629000E7FD002070BD12F0080F09D02E498E4294
:1062A000F7D912F4004FF4D04FF400429A60F0E7AF
:1062B00012F0200F02D020229A60EAE712F0280F95
:1062C000E7D125498E4206D912F4004F03D04FF48E
:1062D00000429A60DDE705EBC50204EB8202D2F8CA
:1062E00098121B69C3F31203CB1AC2F89C327DB912
:1062F00005EBC50204EB8202D2F894226AB105EBE9
:10630000C50204EB8202D2F88C121944C2F88C1236
:10631000E9B22046FDF7A4FDBBE704F2C442012127
:1063200001F0F0FAF4E712F4004F03D04FF400420A
:106330009A60AEE712F0200F01D020229A60E9B2F5
:106340002046FDF78DFDA4E704F2C442002101F0D0
:10635000D9FA9AE70A31544F0A30544F38B50446F7
:1063600003681D6C03EB4113D3F8081B0E4A9542DA
:1063700007D903F5306311F4004F02D04FF4004207
:106380009A602046FDF764FD074B9D4202D92369C0
:10639000012B01D0002038BD04F2C4420121206845
:1063A00001F0B0FAF6E700BF0A30544F90F8BC3461
:1063B000012B0DD010B50446012380F8BC3480F8C1
:1063C0003810006801F000FA002084F8BC0410BD09
:1063D0000220704738B505468C4611F0800F29D150
:1063E00001F00F0E0EEBCE04A40004F51E7404445D
:1063F000211D0EEBCE0E00EB8E0E00208EF87D02DE
:106400000CF00F0C81F800C0CA600B714A780AB119
:10641000A1F808C0022B1DD095F8BC34012B1CD06C
:10642000012385F8BC34286800F07DFE002085F843
:10643000BC0438BD01F00F0000EBC0018900383109
:106440002944043100EBC00005EB8000012480F8F2
:106450003D40D5E700234B71DEE70220E9E710B5A8
:1064600004460A4611F0800F20D101F00F0000EB26
:10647000C0039B0003F51E732344191D00EBC000ED
:1064800004EB8000002380F87D3202F00F020A70D6
:1064900094F8BC34012B19D0012384F8BC34206853
:1064A00000F08EFE002084F8BC0410BD01F00F0047
:1064B00000EBC0039B0038332344191D00EBC000E0
:1064C00004EB8000012380F83D30DEE70220ECE79A
:1064D00010B501F00F0404EBC401890001F51E7131
:1064E0000144043104EBC40C00EB8C0CCCF88C227E
:1064F000CCF894320023CCF89C328CF87D328CF8A6
:106500007C420369012B06D064B9DAB2006800F05E
:10651000C7FE002010BD04EBC40C00EB8C0CCCF8C3
:106520009022F1E7DAB2006800F0BCFFF1E701F079
:106530000F0101EBC10100EB8100D0F89C02704714
:1065400010B501F00F0404EBC40189003831014497
:10655000043104EBC40C00EB8C0CCCF84C20CCF8D0
:1065600054300023CCF85C3001238CF83D308CF89B
:106570003C400369012B06D064B9DAB2006800F030
:106580008FFE002010BD04EBC40C00EB8C0CCCF88B
:106590005020F1E7DAB2006800F084FFF1E738B587
:1065A00001F00F054268954239D804460B4611F0B8
:1065B000800F1FD101EBC101890001F51E7101445B
:1065C000043103EBC30300EB8303002283F87D2235
:1065D00001238B700D7094F8BC34012B21D0012362
:1065E00084F8BC34206801F094F88DB1002084F860
:1065F000BC0438BD05EBC5018900383101440431C4
:1066000005EBC50300EB8303012283F83D20DFE7A0
:1066100004F2C442217C206801F074F9E6E701200D
:10662000E7E70220E5E701F00F034268934231D823
:1066300010B5044611F0800F1ED103EBC301890091
:1066400001F51E710144043103EBC30200EB820229
:10665000002082F87D0200228A700B7094F8BC340E
:10666000012B19D0012384F8BC34206801F07EF896
:10667000002084F8BC0410BD03EBC301890038314D
:106680000144043103EBC30200EB8202012082F8D3
:106690003D00E0E7012070470220ECE708B511F06B
:1066A000800F0CD101F00F0101EBC101890001F550
:1066B0001E7101440431006800F07EFE08BD01F047
:1066C0000F0101EBC1018900383101440431F2E7C7
:1066D0002DE9F04F83B004460568284601F0CFF855
:1066E00010B103B0BDE8F08F0646206801F098F8BD
:1066F0000028F6D005F50067BB68C3F30D23C4F886
:10670000FC34206801F08CF810F0020F04D02268ED
:10671000536903F002035361206801F081F810F01F
:10672000100F15D02268936923F010039361D5F8F8
:10673000208008F00F0908F4F013B3F5802F4CD037
:10674000B3F5402F6FD02268936943F01003936133
:10675000206801F065F810F4002F76D1206801F070
:106760005FF810F4802F40F0E080206801F058F8C6
:106770000028C0F26381206801F052F810F4006F25
:1067800009D0BB6813F0010F40F070812268536993
:1067900003F400635361206801F042F810F4805F55
:1067A00040F06881206801F03BF810F4005F40F091
:1067B000B581206801F034F810F0080F40F0C68170
:1067C000206801F02DF810F0800F00F0D981AB693E
:1067D00023F08003AB610126C2E147F6F07318EAAB
:1067E000030FB0D04FEA181A4FEAC903019309EB1F
:1067F000C90B04EB8B0BC8F30A12DBF88C1228468A
:1068000000F064FFDBF88C32CAF30A0A5344CBF879
:106810008C32DBF89C32019A4A4404EB82025344E6
:10682000C2F89C328FE7082204F2C441284600F0E7
:106830004DFF09EBC90304EB8303D3F89C22C8F393
:106840000A184244C3F89C227DE7206800F0ECFF60
:106850008046B14635E005EB49130122C3F8082B09
:1068600049462046FFF7F8FC3CE005EB49130822B7
:10687000C3F8082B49462046FFF770FD35E009EBC9
:10688000C90304EB830393F87F32012B41D005EB5E
:1068900049130222C3F8082B1AF0200F04D005EB8D
:1068A00049132022C3F8082B1AF4005F05D005EB2A
:1068B00049134FF40052C3F8082B09F101094FEABC
:1068C0005808B8F1000F3FF449AF18F0010FF4D0A9
:1068D0005FFA89FB5946206800F0B6FF824610F047
:1068E000010FB8D11AF0080FBFD11AF0100F04D061
:1068F00005EB49131022C3F8082B1AF0020FCBD076
:106900006B6913F0800FBAD07B6843F480637B60BF
:10691000B5E709EBC90304EB8303002283F87F2268
:1069200059462046FDF7EEFAB1E7206800F084FFF3
:106930008046B14625E059462046FDF79DFA1AF0FB
:10694000080F04D005EB49130822C3F808291AF0F0
:10695000100F04D005EB49131022C3F808291AF0D0
:10696000400F04D005EB49134022C3F808291AF060
:10697000020F40D11AF0800F5BD109F101094FEAF3
:106980005808B8F1000F3FF4F0AE18F0010FF4D042
:106990005FFA89FB5946206800F05FFF824610F0DD
:1069A000010FCCD009F00F02012101FA02F27B6B3A
:1069B00023EA02037B6305EB4913C3F80819236933
:1069C0008B42B8D109EBC90304EB8303DA6C996CF1
:1069D0000A44DA64B9F1000FADD109EBC90304EB45
:1069E00083035B6D002BA6D104F2C4420121206811
:1069F00000F088FF9FE74946284600F065FA09EB5A
:106A0000C90304EB830393F83F30012B05D005EB5A
:106A100049130222C3F80829ACE709EBC90304EBC8
:106A20008303002283F83F2059462046FDF770FA81
:106A3000EDE749462046FFF7EFFA9EE77B6823F033
:106A400001037B6094F8F434012B08D02046FDF755
:106A500053FA2268536903F0004353618BE6002127
:106A600084F8F414204600F041F9F2E72046FDF7DF
:106A70002BFA8BE67B6823F001037B6010212068F2
:106A800000F022FA1AE005EB46134FF67F31C3F807
:106A90000819D3F8002922F40012C3F80029C3F81A
:106AA000081BD3F8002B22F40012C3F8002BD3F8F4
:106AB000002B42F00062C3F8002B01366368B3423A
:106AC000E1D8FB6943F00113FB61236BDBB1D7F81D
:106AD000843043F00B03C7F884307B6C43F00B0326
:106AE0007B64D5F8003823F4FE63C5F8003804F25F
:106AF000C442217C206800F005FF2268536903F43A
:106B0000805353614EE67B6943F4005343F02B03FB
:106B10007B613B6943F00B033B61E2E7206800F0D7
:106B2000E3FE206800F0EEFAE0602668FDF78EFED6
:106B30000146227B304600F049F92046FDF7ADF9C9
:106B40002268536903F40053536132E62046FDF78F
:106B50009EF92268536903F00803536130E6013659
:106B60006368B3420CD906EBC60304EB830393F8C6
:106B70007F32012BF3D1F1B22046FFF78FFDEEE714
:106B8000206800F04DFE10F4801F27D1206800F02F
:106B900047FE10F4001F5BD0012328E00136636834
:106BA000B3421DD905EB4613D3F8002906EBC60303
:106BB00004EB830393F84030012BEFD1002AEDDA88
:106BC00006EBC60304EB8303012283F83F2066F043
:106BD0007F01C9B22046FFF761FDDFE70126DEE74E
:106BE0002268536903F480135361CFE7013362686D
:106BF0009A4228D905EB4312D2F8001B03EBC302DB
:106C000004EB820292F88022012AEFD10029EDDA0A
:106C100001F48031D4F8FC2402F001029142E5D164
:106C200003EBC30204EB8202012182F87F12AA69FE
:106C300042F08002AA616A6912F0800FD6D17B68A7
:106C400043F400737B602268536903F400135361BB
:106C5000206800F0E5FD10F0804F10D1206800F0B2
:106C6000DFFD10F0040F3FF43CAD23685D6815F0C4
:106C7000040F0DD1226853682B43536031E5204641
:106C8000FDF74CF92268536903F080435361E5E74F
:106C90002046FDF749F9EDE710B40468606A31B9A0
:106CA00040EA0240A06200205DF8044B70478C4629
:106CB000A36A00EB1340002308E003F1400104EB5A
:106CC0008101496800EB11400133DBB20CF1FF3167
:106CD0008B42F2D340EA02400CF13F0104EB810405
:106CE0006060E0E703685962002070477047000069
:106CF00082B000230193019B01330193019A0F4B52
:106D00009A4215D80369002BF5DA00230193036931
:106D100043F001030361019B01330193019A074B87
:106D20009A4208D8036913F0010FF4D1002000E063
:106D3000032002B070470320FBE700BF400D0300B3
:106D400084B010B5044603A880E80E00089B012B10
:106D50001FD1A36B23F48033A363E36823F484037C
:106D600023F04003E360E36823F44013E3600F9BE8
:106D7000012B09D02046FFF7BBFF069B012B1BD040
:106D8000BDE8104004B07047E36843F48013E3604B
:106D9000F0E7E36843F04003E3602046FFF7A8FF15
:106DA0000C9B23B9A36B43F48033A363E5E7A36B88
:106DB00023F48033A363E0E7A36843F00603A360F2
:106DC000A36843F02003A360DAE70000022A0AD098
:106DD0000922C36823F47053C360C36843EA822363
:106DE000C36000207047234B0B44234A93422FD9A2
:106DF000224B0B44224A93422CD9A1F57403A3F5EC
:106E00001053204A934227D9A1F18373A3F5E74396
:106E10001D4A934222D31D4B0B441D4A93421FD956
:106E20001C4B0B441C4A93421CD31C4B0B441C4A66
:106E3000934219D3A1F1B773A3F55853194A93425A
:106E400014D3194B0B44194A934211D20722C0E7BD
:106E50000F22BEE70E22BCE70D22BAE70C22B8E7EC
:106E60000B22B6E70A22B4E70922B2E70822B0E70C
:106E70000622AEE7405327FFFF340C00401E1BFFE5
:106E80003F420F007F4F120020D6130060B6E5FE90
:106E90005FE3160000D3CEFE40771B00C05BB3FE5D
:106EA000C091210020753800E05459FEE09C41005B
:106EB000836843F00103836000207047836823F0F8
:106EC000010383600020704782B000230193019B7F
:106ED00001330193019A0F4B9A4215D80369002B95
:106EE000F5DA00230193890141F020010161019B42
:106EF00001330193019A074B9A4208D8036913F0B2
:106F0000200FF4D1002000E0032002B070470320DE
:106F1000FBE700BF400D030082B000230193019BFB
:106F200001330193019A0E4B9A4213D80369002B47
:106F3000F5DA0023019310230361019B01330193D0
:106F4000019A074B9A4208D8036913F0100FF4D145
:106F5000002000E0032002B070470320FBE700BFE1
:106F6000400D0300D0F800381943C0F80018002085
:106F70007047000084B02DE9F041044607A880E87E
:106F80000E00002306E003F1400204EB8202002120
:106F9000516001330E2BF6D9119F27BBD4F804386A
:106FA00043F00203C4F80438A36B43F40013A36353
:106FB000A36B23F40023A363A36B23F48023A363B5
:106FC0000023C4F8003E04F50065D4F80038C4F886
:106FD00000380C9B012B14D1099B6BB90021204672
:106FE000FFF7C0FF11E0A36B23F40013A363A36BAF
:106FF00043F40023A363E3E701212046FFF7B2FF38
:1070000003E003212046FFF7ADFF10212046FFF7E4
:107010005BFF804608B14FF001082046FFF77CFF78
:1070200008B14FF0010800232B616B61EB610DE0AB
:107030004FF09040C2F8000902E00020C2F80009B9
:1070400000220A614FF67F328A6001330799994224
:107050000ED904EB431202F51061D2F800090028A2
:10706000EBDA002BE4D14FF00060C2F80009E7E74B
:1070700000230AE0C3B14FF0904CC2F800CB0022CD
:1070800002614FF67F3282600133994211D904EBDD
:10709000431202F53060D2F8006B002EEADB4FF0AD
:1070A000000CC2F800CBEAE74FF0006CC2F800CB4E
:1070B000E5E72B6923F480732B610023A3616FF054
:1070C000804363610A9B1BB9A36943F01003A3616A
:1070D000A2690B4B1343A3610D9B1BB1A36943F042
:1070E0000803A361012F04D04046BDE8F04104B07D
:1070F0007047A36943F0804343F00403A361F3E7BF
:1071000000383C80D0F8083803F00603022B04D086
:10711000062B04D02BB900207047022070470220B4
:1071200070470F20704710B591F800C04B78012BC5
:1071300023D000F5006ED0F81C380CF00F040122AB
:10714000A24043EA0243C0F81C3800EB4C10D0F8D0
:10715000003B13F4004F0ED1D0F8003BCA68C2F3D5
:107160000A02097942EA8142134343F0805343F40F
:107170000043C0F8003B002010BDD0F81C280CF0E4
:107180000F0E03FA0EF39BB21343C0F81C3800EB4A
:107190004C10D0F8003913F4004FECD1D0F800397E
:1071A000CA68C2F30A02097942EA814242EA8C5271
:1071B000134343F0805343F40043C0F80039DAE747
:1071C00030B40B784A78012A26D000EB4313D3F869
:1071D000002B002A52DBD0F83C480A7802F00F025C
:1071E0004FF0010C0CFA02F224EA0242C0F83C28EB
:1071F000D0F81C28097801F00F010CFA01FC22EAF2
:107200000C42C0F81C28D3F8001B234A0A40C3F8DC
:10721000002B002030BC704700EB4313D3F800294B
:10722000002A1EDBD0F83C580A7802F00F02012435
:1072300004FA02F292B225EA0202C0F83C28D0F821
:107240001C28097801F00F018C40A4B222EA040244
:10725000C0F81C28D3F80019104A0A40C3F80029C6
:10726000D7E7D3F8002942F00062C3F80029D3F829
:10727000002942F08042C3F80029D3E7D3F8002B5D
:1072800042F00062C3F8002BD3F8002B42F080429A
:10729000C3F8002B9FE700BF0078F3EF007833ECD2
:1072A00070B40B784C78012C27D000EB431000F51C
:1072B00030631C696FF312041C611C696FF3DC44BA
:1072C0001C618C690CB1CC688C61CC68CC611C6988
:1072D00044F400241C611C69CD69C5F3120C44EA16
:1072E0000C041C61012A62D0D0F8003B43F0044337
:1072F000C0F8003B002070BC70478C695CBB00EBA1
:107300004314D4F810596FF3DC45C4F81059D4F87D
:10731000105945F40025C4F81059D4F810596FF3EA
:107320001205C4F81059012A32D000EB4313D3F8E8
:10733000002942F00442C3F800298B69002BD9D000
:10734000D0F83438097801F00F0101228A40134344
:10735000C0F83438CEE700EB431404F51064256917
:107360006FF31205256125696FF3DC452561CD6852
:107370008E69AE4200D98D61256945F400252561ED
:1073800025698E69C6F3120C45EA0C052561CAE72A
:107390004A691AB100EB4311C1F8142900EB4313F9
:1073A000D3F8002942F00442C3F80029A2E70A6991
:1073B000002A99D05A6197E710B483B0024600239F
:1073C0000193487801280BD00B7802EB4313D3F8D4
:1073D000000B00282DDB002003B05DF8044B704744
:1073E0000B7802EB4313D3F80049002C01DB00209B
:1073F000F2E7D3F8004944F00064C3F800490B7881
:1074000002EB4313D3F8004944F08044C3F8004929
:10741000019B01330193019C42F210739C42DBD823
:107420000B7802EB4313D3F80039002BF0DB00207C
:10743000D2E7D3F8000B40F00060C3F8000B0B78E4
:1074400002EB4313D3F8000B40F08040C3F8000B6D
:10745000019B01330193019842F21073984208D8BE
:107460000B7802EB4313D3F8003B002BF0DB00203A
:10747000B2E70120B0E710B59DF8084084B90333A6
:107480004FEA930E4FF0000C08E000EB023303F5D7
:10749000805351F8044B1C600CF1010CF445F4D3FB
:1074A000002010BDF0B583B00B784C78012C31D0A2
:1074B00000EB431303F5306CDCF810406FF312045B
:1074C000CCF81040DCF810406FF3DC44CCF81040EE
:1074D0008C69002C40F0C380DCF81040CD68C5F307
:1074E00012052C43CCF81040DCF8104044F4002482
:1074F000CCF81040012A00F0CC800A79012A00F073
:10750000CF80D3F8002B42F00442C3F8002B0020B8
:1075100003B0F0BD8C6974BB00EB4314D4F8105970
:107520006FF3DC45C4F81059D4F8105945F4002520
:10753000C4F81059D4F810596FF31205C4F8105953
:10754000012A4AD000EB4313D3F8004944F0044425
:10755000C3F800490C79012C68D08B69002BD6D078
:10756000D0F83438097801F00F0101228A40134322
:10757000C0F83438CBE700EB4314D4F810596FF35C
:107580001205C4F81059D4F810596FF3DC45C4F84B
:107590001059D4F810698D69CF683D44013DB5FBA1
:1075A000F7F5494F07EAC5453543C4F81059D4F8F3
:1075B00010598E69C6F312063543C4F8105904F504
:1075C00010640D79012DBBD1256925F0C0452561D9
:1075D000256945F000552561B2E74A691AB100EB0B
:1075E0004314C4F814290A79012A08D000EB431384
:1075F000D3F8002942F00442C3F8002987E7D0F805
:10760000082812F4807F08D100EB4311D1F800293B
:1076100042F00052C1F80029E8E700EB4311D1F82D
:10762000002942F08052C1F80029DFE7D0F808486D
:1076300014F4807F0CD1D3F8004944F00054C3F80F
:10764000004900920B8B0A780969FFF714FF5EE787
:10765000D3F8004944F08054C3F80049F1E7CD68FD
:107660002C44013CB4FBF5F4A4B204FB05F5CD6158
:10767000DCF81050144E06EAC4442C43CCF81040F9
:10768000DCF81040CD69C5F312052C43CCF810404E
:1076900030E70A69002A3FF430AFCCF814202CE719
:1076A000D0F8082812F4807F06D1D3F8002B42F0DE
:1076B0000052C3F8002B24E7D3F8002B42F080528D
:1076C000C3F8002B1DE700BF0000F81F10B584466B
:1076D00008464FEA920E02F00302002305E00CF583
:1076E0008051096840F8041B01337345F7D37AB120
:1076F0000CF5805CDCF800400021CBB2DB0024FA02
:1077000003F300F8013B0131013A92B2002AF4D1AF
:1077100010BD0B784A78012A14D000EB4310D0F842
:10772000002B002A06DB2BB1D0F8003B23F080436E
:10773000C0F8003BD0F8003B43F40013C0F8003B16
:107740000020704700EB4310D0F80029002A06DB28
:107750002BB1D0F8003923F08043C0F80039D0F8BD
:10776000003943F40013C0F80039E9E70B784A7890
:10777000012A0ED000EB4310D0F8003B23F4001395
:10778000C0F8003B0B79023BDBB2012B15D900207E
:10779000704700EB4310D0F8003923F40013C0F811
:1077A00000390B79023BDBB2012BF0D8D0F800395D
:1077B00043F08053C0F80039E9E7D0F8003B43F0CC
:1077C0008053C0F8003BE2E7D0F8003823F4FE63B2
:1077D000C0F80038D0F80038090101F4FE610B430D
:1077E000C0F8003800207047D0F8003E23F00303B3
:1077F000C0F8003ED0F8043823F00203C0F8043883
:1078000000207047D0F8003E23F00303C0F8003E8C
:10781000D0F8043843F00203C0F804380020704761
:107820004269806910407047D0F8183800F5006050
:10783000C0691840000C7047D0F8183800F5006097
:10784000C069184080B2704700EB4111D1F8082B95
:1078500000F50060406910407047D0F81028D0F85B
:10786000343801F00F0C23FA0CF3DB01DBB21343C5
:1078700000EB411000F510608068184070474069C7
:1078800000F00100704738B50546C36823F0C043D7
:10789000C360012913D019BBC36843F08043C360A0
:1078A00000240120FDF76CFD01342846FFF7E7FFB7
:1078B00008B1312CF5D9322C14D0002038BDC36862
:1078C00043F00053C36000240120FDF759FD01344B
:1078D0002846FFF7D4FF0128EDD0312CF4D9EAE790
:1078E0000120EBE70120E9E7D0F800396FF30A0344
:1078F000C0F80039D0F8043843F48073C0F8043875
:107900000020704710B4046C154B9C4203D9D0F88A
:10791000003B002B16DB0024C0F8104BD0F8104BB6
:1079200044F40024C0F8104BD0F8104B44F0180475
:10793000C0F8104BD0F8104B44F0C044C0F8104BC6
:10794000012903D000205DF8044B7047C0F8142BC8
:10795000D0F8003B43F08023C0F8003BF2E700BFC3
:107960000A30544F00F5806CD0F8003423F0030344
:10797000C0F80034D0F8003401F003021343C0F81B
:107980000034012903D0022906D0002070474BF6AD
:107990008033CCF80430F8E741F27073CCF804304F
:1079A000F3E700F58060406980B2704710B483B09F
:1079B0000023019300EB411101F5A06CD1F80035D3
:1079C000C3F38143D1F80025846814F0200F02D05E
:1079D000D20F002A51D023B3022B22D0D1F8003588
:1079E00043F08043C1F80035D0F8103413F47F0F12
:1079F00048D1D1F8003523F00043C1F80035D1F863
:107A0000003543F00043C1F80035019B0133019379
:107A1000019BB3F57A7F30D8DCF80030002BF4DB23
:107A20002BE0D1F8003543F08043C1F8003583687E
:107A300013F0200F21D1C36A13F47F0F17D1D1F8AF
:107A4000003523F00043C1F80035D1F8003543F08C
:107A50000043C1F80035019B01330193019BB3F54D
:107A60007A7F0AD8DCF80030002BF4DB05E0D1F88F
:107A7000003543F00043C1F80035002003B05DF845
:107A8000044B7047D1F8003543F00043C1F800358E
:107A9000F3E7000000EB4110064AC0F81025D0F8CB
:107AA000003523F0804343F00043C0F80035002048
:107AB000704700BF0000088030B585B04B78C46BBC
:107AC00014F4807F07D00C792CB9012A16D012B992
:107AD0004C79012C1FD04C690CB30D8904EB050CBB
:107AE0000CF1FF3CBCFBF5FC1FFA8CFCBCF5807F65
:107AF00017D92D020D614FF4807C12E0CC790CB1C6
:107B0000022CE4D100EB4314D4F80C5525F0700599
:107B1000C4F80C55DBE74978FFF7BCFF6EE04FF087
:107B2000010CCD78002D50D00C8904FB0CF40C61B5
:107B30000C69C4F31204394D05EACC452C4391F885
:107B40000AC04FEA4C7C0CF0C04C00EB431344EAF3
:107B50000C04C3F8104512B1CC68C3F8144500F505
:107B6000806EDEF80840D3F8005525F00055C3F8C4
:107B70000055D3F800556FEA040C4FEA4C7C0CF02A
:107B8000005C45EA0C05C3F80055D3F800450394A2
:107B9000039C24F080440394CC78C4B1039C44F447
:107BA00000440394039C44F000440394039CC3F8F2
:107BB00000451ABBCB780BBB4B69FBB1CA79032AD2
:107BC00015D8DFE802F0091E091E0C61B0E7039C1E
:107BD00024F400440394E5E70333C26A92B2C3F38A
:107BE0008F039A4203D2836943F020038361002309
:107BF00000938B8A4A78C968FFF73DFC002005B0E6
:107C000030BD0333DEF8102092B2C3F38F039A42E3
:107C1000EDD2836943F080638361E8E70000F81FD9
:107C200030B583B0044600230193FFF747F91021D4
:107C30002046FFF749F9054600B101252046FFF728
:107C40006BF900B1012500220AE004EB4211D1F8E2
:107C5000003523F0802343F08043C1F80035013222
:107C60000F2AF2D9002100E001310F2916D804EBC8
:107C7000411000F5A062D0F8003523F4004343F032
:107C80004043C0F80035019B01330193019BB3F5DC
:107C90007A7FE9D81368002BF5DBE5E74FF0FF3377
:107CA000C4F8143463612046FFF702F9284603B094
:107CB00030BD002800F0A18038B5044690F820308F
:107CC000D3B12268136843F001031360FDF752FB40
:107CD000054623685A6812F0010F10D1FDF74AFBE0
:107CE000401B0A28F5D9636A43F400336362052315
:107CF00084F82030012038BDFBF710F8E1E71A685E
:107D000022F002021A60FDF735FB054623685A6827
:107D100012F0020F0DD0FDF72DFB401B0A28F5D9FC
:107D2000636A43F400336362052384F82030012042
:107D3000E1E7227E012A3DD01A6822F080021A6013
:107D4000637E012B3BD02268136823F0400313604D
:107D5000A37E012B39D02268136823F0200313601F
:107D6000E37E012B37D02268136843F010031360C1
:107D7000237F012B35D02268136823F0080313609A
:107D8000637F012B33D02268136823F00403136050
:107D9000A368E2681343226913436269134362686C
:107DA000013A21681343CB6100206062012384F80B
:107DB0002030A0E71A6842F080021A60C0E722680B
:107DC000136843F040031360C2E72268136843F06E
:107DD00020031360C4E72268136823F010031360C4
:107DE000C6E72268136843F008031360C8E72268F7
:107DF000136843F004031360CAE70120704770471B
:107E000070477047704770477047704770477047BA
:107E100070477047704770472DE9F84F0546036873
:107E20005C69D3F804809F68D3F80CA0D3F8109055
:107E3000D3F818B014F001063BD017F0010616D0A5
:107E400001229A6017F0020F08D117F0040F0CD12D
:107E500017F0080606D04FF4805608E0FFF7CFFF72
:107E6000002604E0FFF7CEFF01E04FF4006617F4B0
:107E7000807F0DD02B684FF480729A6017F4007FDA
:107E800040F0968017F4806F00F0968046F400561C
:107E900017F4803F0DD02B684FF480329A6017F4AE
:107EA000003F40F0938017F4802F00F0938046F459
:107EB000004614F0080F07D01AF0100F04D046F453
:107EC00000762B681022DA6014F0040F03D01AF049
:107ED000080F40F0898014F0020F05D02B68DB6892
:107EE00013F0030F40F0878014F0400F07D019F013
:107EF000100F04D046F480662B6810221A6114F02B
:107F0000200F02D019F0080F79D114F0100F04D00F
:107F10002B681B6913F0030F78D114F4003F02D0D3
:107F200018F0100F76D114F4803F02D018F0080F2B
:107F300077D114F4004F37D018F0040F31D014F477
:107F4000807F04D01BF0010F01D046F0010614F42D
:107F5000007F04D01BF0020F01D046F0020614F49B
:107F6000806F04D01BF0040F01D046F0040614F417
:107F7000006F16D01BF0700B13D0BBF1400F66D012
:107F800056D8BBF1200F5CD0BBF1300F5CD0BBF1F9
:107F9000100F01D146F008062A68936923F0700398
:107FA00093612B6804225A60002E56D1BDE8F88FE9
:107FB0002846FFF725FF6BE717F4006F02D046F461
:107FC000804665E72846FFF71EFF61E72846FFF772
:107FD00018FF6EE717F4002F02D046F4803668E7EA
:107FE0002846FFF711FF64E72B680822DA6028466D
:107FF000FFF70CFF6FE72846FFF707FF74E72B68D2
:1080000008221A612846FFF703FF7EE72846FFF79C
:10801000FEFE82E72B6810225A602846FFF7F9FE21
:1080200081E72B6808225A602846FFF7F3FE80E7B5
:10803000BBF1500F0ED0BBF1600FADD146F480768E
:10804000AAE746F01006A7E746F02006A4E746F0A8
:108050004006A1E746F080069EE76B6A33436B62F9
:108060002846FFF7D8FEA1E703685A6912F4806F2B
:1080700001D1002070476FF480625A6100230363CE
:10808000202280F83D2080F83E30026C42F004024D
:10809000026480F83C30012070472DE9F04107462A
:1080A0000D4690461E4624E0FDF764F9069BC01A73
:1080B000B04200D8EEB900233B63202287F83D2070
:1080C00087F83E303A6C42F020023A6487F83C3040
:1080D00001201EE03B689C6925EA040C1FFA8CFC19
:1080E000BCFA8CFC4FEA5C1CE04511D1B6F1FF3FB5
:1080F000DAD1C5F30743012BECD13B685B6925EA74
:10810000030C1FFA8CFCBCFA8CFC4FEA5C1CEBE7FE
:108110000020BDE8F0812DE9F04105460E461746E6
:1081200098463DE01A6842F400721A602B686FF4BA
:1081300080625A6100232B63202285F83D2085F858
:108140003E302A6C42F004022A6485F83C3001205B
:1081500034E0FDF70FF9A0EB0800B84200D8FFB9F2
:1081600000232B63202285F83D2085F83E302A6CC1
:1081700042F020022A6485F83C3001201EE02B6882
:108180009C6926EA0404A4B2003C18BF0124A4B1EF
:108190002B685A6912F4806FC4D1B7F1FF3FD8D170
:1081A000C6F30743012BEAD12B685C6926EA040475
:1081B000A4B2003C18BF0124E9E70020BDE8F0812B
:1081C000F0B583B004460D4616461F46C36A082B19
:1081D0000DD0012B0BD013F5803F08D0036B122B71
:1081E0000AD10268136843F48073136004E02268C4
:1081F000136843F4807313600097334600224FF0F6
:1082000001112046FFF749FF80B92369B3F5804F7C
:1082100016D1236805F0FE051D613B463246134921
:108220002046FFF778FFF8B903B0F0BD23681B685C
:1082300013F4807F02D04FF4007323640320F3E72C
:10824000EB11226803F0060343F0F00313613B4691
:10825000324607492046FFF75EFF18B92368EDB2A2
:108260001D61DAE70120DFE70120DDE70200010000
:108270000800010070B504460D46164623685B6988
:1082800013F0800F1CD12046FFF7EEFED0B9B5F1F8
:10829000FF3FF3D0FDF76EF8801BA84201D8002DF8
:1082A000ECD100232363202284F83D2084F83E3063
:1082B000226C42F02002226484F83C30012000E06D
:1082C000002070BD0120FCE72DE9F04385B0044695
:1082D0000D4691461F46DDF830800D9E03681968F3
:1082E00041F4807119600096434600224FF001115D
:1082F000FFF7D3FE60B9236805F0FE051D61334624
:10830000424626492046FFF706FF68B1012008E0F3
:1083100023681B6813F4807F02D04FF4007323643A
:10832000032005B0BDE8F0830023039323685A6956
:1083300003929B690393039B324641462046FFF715
:1083400099FF30B9012F0FD123685FFA89F61E61BA
:10835000E7E7236C042B01D00120E2E722681368D1
:1083600043F400731360F7E723684FEA19221A6198
:10837000324641462046FFF77DFF20B923685FFA69
:1083800089F61E61CDE7236C042B01D00120C8E7DC
:108390002268136843F400731360F7E702000100DA
:1083A0002DE9F04784B004460D46164699460C9FC9
:1083B000DDF834800268136843F480631360036857
:1083C000196841F480711960CDF800803B460022A5
:1083D0004FF00111FFF761FE70B95FFA85FA23686B
:1083E00005F0FE051D6143463A4641492046FFF728
:1083F00092FE68B1012008E023681B6813F4807FB7
:1084000002D04FF400732364032004B0BDE8F0876A
:108410000023039323685A6903929B690393039B88
:10842000424639462046FFF725FF80B9B9F1010FD2
:1084300018D12368F6B21E61424639462046FFF73E
:1084400019FF68B3236C042B24D00120DDE7236CD3
:10845000042B01D00120D8E72268136843F400738D
:108460001360F7E72368320A1A614246394620460C
:10847000FFF700FF18B92368F6B21E61DCE7236C32
:10848000042B01D00120C0E72268136843F4007375
:108490001360F7E72268136843F400731360D4E7AE
:1084A0002268136843F480731360CDF800803B4664
:1084B00000224FF001112046FFF7EFFD68B9226856
:1084C0004AF00103136143463A4609492046FFF743
:1084D00022FE002899D0012097E723681B6813F437
:1084E000807F02D04FF40073236403208DE700BF28
:1084F0000200010070B504460D46164623685B690C
:1085000013F0040F1CD12046FFF7AEFDD0B9B5F132
:10851000FF3FF3D0FCF72EFF801BA84201D8002DAF
:10852000ECD100232363202284F83D2084F83E30E0
:10853000226C42F02002226484F83C30012000E0EA
:10854000002070BD0120FCE770B505460C461646BC
:108550002B68596911F0400F29D1596911F0100F9A
:1085600015D1FCF707FF801BA04201D8002CEFD1EA
:1085700000232B63202285F83D2085F83E302A6CAD
:1085800042F020022A6485F83C30012070BD6FF073
:1085900010025A6100232B63202285F83D2085F8C4
:1085A0003E302A6C2A6485F83C300120EEE700203A
:1085B000ECE77047002800F0CC8070B5044690F8D6
:1085C0003D30002B77D0242384F83D302268136897
:1085D00023F0010313602268136843F4004313601F
:1085E0002268136823F400431360FCF735F96268CE
:1085F0005A4B9A4264D85A4B98428CBF00230123AD
:10860000002B40F0A8805749A1FB00318B0C256856
:108610006A6822F03F0242EA91426A6021680A6A6F
:1086200022F03F0266684D4DAE424FD801331343EE
:108630000B622168CA6922F44F4222F0FF0265688A
:10864000464B9D424CD8431E6D00B3FBF5F30133FE
:1086500040F6FC70034278D0C3F30B031A43CA619F
:1086600021680B6823F0C003E269206A02431343C8
:108670000B6021688B6823F4034323F0FF03226916
:10868000E068024313438B602168CB6823F0FF034B
:108690006269A06902431343CB602268136843F008
:1086A0000103136000202064202384F83D30206300
:1086B00084F83E0070BD80F83C30FFF77AFF82E717
:1086C000294B98428CBF0023012399E74FF49675FC
:1086D00005FB03F3254DA5FB03539B090133A6E7D7
:1086E000A668BEB9431E05EB450CB3FBFCF3013392
:1086F000C3F30B03B3FA83F35B0943BBC6B9431E51
:1087000005EB4505B3FBF5F30133C3F30B0343F46A
:108710000043A3E7431E05EB850C0CEB8C0CB3FB6D
:10872000FCF30133C3F30B03B3FA83F35B09E4E710
:10873000431E05EB850505EB8505B3FBF5F301331A
:10874000C3F30B0343F4404388E7042386E7012384
:1087500084E7012070470120ACE700BFA08601003C
:108760007F841E0083DE1B43FF083D00D34D621053
:108770007047A8B110B50446242380F83D30026844
:10878000136823F001031360FFF7F2FF0020206459
:1087900084F83D00206384F83E0084F83C0010BD5E
:1087A000012070472DE9F04385B004460F469046FE
:1087B00099460C9EFCF7DEFD94F83D10202904D06C
:1087C0000227384605B0BDE8F0830546009019231E
:1087D00001224F492046FFF760FC002840F09280BC
:1087E00094F83C30012B00F08F80012384F83C305A
:1087F00023681A6812F0010F03D11A6842F00102CF
:108800001A602268136823F400631360212384F83C
:108810003D30102384F83E3000232364C4F82480C4
:10882000A4F82A90638D23853A4BE3622B463246A7
:1088300039462046FFF7C4FC0746002866D10023CE
:10884000039323685A6903929B690393039B11E086
:10885000236C042B01D00127B3E72268136843F48B
:1088600000731360F7E72A4631462046FFF742FEC1
:1088700000282ED1238D002B36D02A4631462046A3
:10888000FFF7F8FC0028E3D1626A236812781A61C6
:10889000606A431C6362618D89B2013989B2618566
:1088A000238D013B9BB223852268516911F0040F8F
:1088B000D9D0002BD7D043781361636A0133636248
:1088C000638D9BB2013B9BB26385238D013B238566
:1088D000C9E7236C042B01D0012772E722681368D3
:1088E00043F400731360F7E72268136843F40073DE
:1088F0001360202384F83D30002384F83E3084F850
:108900003C305EE702275CE702275AE7012758E779
:10891000020010000000FFFF2DE9F04383B0044681
:108920000F46904699460C9EFCF724FD94F83D2096
:10893000202A03D0022003B0BDE8F0830546009052
:10894000192301224A492046FFF7A7FB002840F0DF
:10895000898094F83C30012B00F08680012384F854
:108960003C3023681A6812F0010F03D11A6842F0F4
:1089700001021A602268136823F400631360212344
:1089800084F83D30402384F83E30002323640A9B62
:108990006362BDF82C306385638D2385354BE362BC
:1089A000019500964B46424639462046FFF78CFC1F
:1089B00000285BD1238D002B35D02A463146204636
:1089C000FFF758FC20BB626A236812781A61626A5A
:1089D000531C6362218D013989B22185638D9BB25D
:1089E000013B9BB263852368586910F0040FE1D006
:1089F0000029DFD052781A61636A01336362238DE4
:108A0000013B2385638D9BB2013B9BB26385D1E71C
:108A1000236C042B01D001208DE72268136843F4F6
:108A200000731360F7E72A4631462046FFF762FDE0
:108A300050B1236C042B01D001207CE7226813681D
:108A400043F400731360F7E72268136843F400737C
:108A50001360202384F83D30002384F83E3084F8EE
:108A60003C3068E7022066E7022064E7012062E705
:108A7000020010000000FFFF2DE9F04387B004461C
:108A80000F4690469946109EFCF774FC94F83D20E2
:108A9000202A04D00227384607B0BDE8F0830546F7
:108AA00000901923012288492046FFF7F6FA002892
:108AB00040F0428194F83C30012B00F03F810123CB
:108AC00084F83C3023681A6812F0010F03D11A6849
:108AD00042F001021A602268136823F400631360F5
:108AE000222384F83D30402384F83E300023236461
:108AF0000E9B6362BDF83C306385638D2385734BA9
:108B0000E362019500964B46424639462046FFF700
:108B100047FC0746002840F01381238D5BB9029380
:108B200023685A6902929A690292029A1A6842F478
:108B300000721A6075E0012B0AD0022B1AD00023B4
:108B4000059323685A6905929B690593059B68E024
:108B50002268136823F4806313600023039323685F
:108B60005A6903929A690392039A1A6842F400724E
:108B70001A6056E02268136823F480631360226849
:108B8000136843F4006313600023049323685A6955
:108B900004929B690493049B43E02A463146204695
:108BA000FFF7D2FC002840F0CD8023681A69636A81
:108BB0001A70636A01336362238D013B2385638DE1
:108BC0009BB2013B9BB263852BE0009533460022AC
:108BD0003F492046FFF761FA002840F0B58022683F
:108BE000136843F40073136023681A69636A1A7088
:108BF000626A531C6362238D013B2385638D9BB2A4
:108C0000013B9BB2638523681B695370636A013320
:108C10006362238D013B2385638D9BB2013B9BB235
:108C20006385238D002B7ED0032B53D8012BB4D02A
:108C3000022BCAD000953346002225492046FFF773
:108C40002CFA002840F082802268136823F48063A5
:108C5000136023681A69636A1A70636A0133636276
:108C6000238D013B2385638D9BB2013B9BB26385C2
:108C700000953346002216492046FFF70EFA0028D9
:108C800066D12268136843F40073136023681A697D
:108C9000636A1A70626A531C6362238D013B2385E9
:108CA000638D9BB2013B9BB2638523681B69537044
:108CB000636A01336362238D013B2385638D9BB21D
:108CC000013B9BB26385ACE7020010000000FFFF90
:108CD000040001002A4631462046FFF735FC0028F3
:108CE00038D123681A69636A1A70626A531C636216
:108CF000238D013B2385638D9BB2013B9BB2638532
:108D00002368596911F0040F8BD01B695370636A93
:108D100001336362238D013B2385638D9BB2013B4D
:108D20009BB263857DE7202384F83D30002384F8DF
:108D30003E3084F83C30AEE60227ACE60227AAE6D5
:108D40000127A8E60127A6E60127A4E60127A2E657
:108D50000127A0E601279EE62DE9F04385B00446F1
:108D6000884691461D46FCF705FB94F83D30202BC4
:108D700003D0022005B0BDE8F08306460090192319
:108D8000012256492046FFF788F9002840F09D80CF
:108D900094F83C30012B00F09A80012384F83C3099
:108DA00023681A6812F0010F03D11A6842F0010219
:108DB0001A602268136823F400631360242384F884
:108DC0003D3000272764464BE3623DE023681B6883
:108DD00013F4807F02D04FF4007323640320C9E7AB
:108DE000A02384F83D3022685369C3F340035269DD
:108DF000C2F3802294F83D10A02909D043B93AB9B2
:108E0000FCF7B8FA801BA842EAD8002DEBD1E7E7BF
:108E1000202384F83D3023685A6912F0020F31D1C3
:108E20001A6842F400721A6023686FF480625A6113
:108E300000961923012229492046FFF72EF9002820
:108E400049D101374F4538D22268136843F4807303
:108E5000136000962B4600224FF001112046FFF7C9
:108E60001CF90028B2D1236808F0FE021A61FCF751
:108E700081FA064622685369C3F340035269C2F37C
:108E80008022B7E71A6842F400721A600023039345
:108E900023685A6903929B690393039B00961923E5
:108EA00001220E492046FFF7F8F890B9202384F8F4
:108EB0003D30002384F83C305CE7202384F83D30CB
:108EC000002384F83C30012054E7022052E70220BE
:108ED00050E701204EE701204CE700BF02001000E0
:108EE0000000FFFF90F83D007047006C704738B5F8
:108EF00004460268D36823F0A003D360FCF73AFA73
:108F000005462368DB6813F0200F07D1FCF732FA1F
:108F1000401BB0F57A7FF4D9032000E0002038BD73
:108F200070B50368DA6812F0400F02D000252846B9
:108F300070BD0446DA6842F08002DA60FCF71AFA83
:108F4000064600252368DB6813F0400FEFD1002DA3
:108F5000EDD1FCF70FFA831BB3F57A7FF2D9042326
:108F600063770125EEE70268D36823F08003D360BE
:108F700003689B6813F0200F01D00020704710B5E4
:108F80000446FFF7B4FF10B104236377012010BD3E
:108F9000002842D010B50446437F7BB1022363779B
:108FA0002368CA225A62236853225A622046FFF776
:108FB000B7FF38B12368FF225A6210BD0377F9F773
:108FC00085FFEBE72268936823F4E00323F0400376
:108FD000936021688A68636820690343606903437A
:108FE00013438B602368E2681A6122681369A168E1
:108FF00043EA014313612046FFF7B5FF0028D9D1AA
:109000002268136C23F4802313642268136CA16913
:109010000B43136401236377CCE701207047000002
:109020000B4B1B680B4AA2FB03235B0A41F28832FD
:1090300002FB03F31A46013B3AB1426B12F0800F78
:10904000F8D0C5238363002070474FF0004070477D
:109050005C000020D34D621084B00DF1040C8CE84C
:109060000E000B461343039A1343049A1343059AC5
:109070001343069A1343426822F4FD4222F07F0212
:1090800013434360002004B07047D0F8800070475D
:109090000B68C0F880300020704703230360002075
:1090A0007047006800F0030070470B6883604B68EE
:1090B0008A681343CA6813430A691343C2686FF38B
:1090C0000B021343C360002070470069C0B27047B1
:1090D0001430405870470B6843624B6883628B685A
:1090E000CA6813430A6913434A691343C26A22F0E8
:1090F000F7021343C3620020704710B586B00446E0
:10910000002301930293039304934FF48063059328
:1091100001A9FFF7CAFF2046FFF782FF06B010BD86
:1091200038B504460D46504B1B685049A1FB03134C
:109130005B0A03FB02F21346013A002B5DD0636B1E
:1091400013F0450FF7D013F4006FF4D1636B13F0F5
:10915000040F06D1636B13F0010F05D00120A0634B
:109160004DE00420A0634AE0C523A3632046FFF737
:10917000ACFFA84201D0012041E000212046FFF7CA
:10918000A7FF03463A481840C8B3002B38DB13F05A
:10919000804F38D113F0005F37D113F0805F36D1A4
:1091A00013F0006F36D113F0806F36D113F0807F4B
:1091B00036D113F4000F36D113F4800F36D113F4E7
:1091C000001F36D113F4801F36D113F4802F36D10F
:1091D00013F4003F36D113F4803F36D113F4004F1F
:1091E00036D113F4804F36D113F4005F36D113F02B
:1091F000080F36D04FF4000001E04FF0004038BDBA
:109200004FF00070FBE74020F9E78020F7E74FF4CC
:109210008070F4E74FF40070F1E74FF48060EEE700
:109220004FF40060EBE74FF48050E8E74FF4005054
:10923000E5E74FF48040E2E74FF40040DFE74FF40A
:109240000030DCE74FF48020D9E74FF40020D6E768
:109250004FF48010D3E74FF40010D0E74FF48000B4
:10926000CDE74FF48030CAE75C000020D34D621098
:1092700008E0FFFD30B587B0044601911025029546
:1092800040230393002304934FF48063059301A9C3
:10929000FFF70BFF41F2883229462046FFF740FFD7
:1092A00007B030BD30B587B0044601911125029555
:1092B00040230393002304934FF48063059301A993
:1092C000FFF7F3FE41F2883229462046FFF728FFD8
:1092D00007B030BD30B587B0044601911225029524
:1092E00040230393002304934FF48063059301A963
:1092F000FFF7DBFE41F2883229462046FFF710FFD8
:1093000007B030BD30B587B00446019118250295ED
:1093100040230393002304934FF48063059301A932
:10932000FFF7C3FE41F2883229462046FFF7F8FED8
:1093300007B030BD30B587B00446019119250295BC
:1093400040230393002304934FF48063059301A902
:10935000FFF7ABFE41F2883229462046FFF7E0FED8
:1093600007B030BD30B587B00446002301930C250B
:1093700002954022039204934FF48063059301A960
:10938000FFF793FE034A29462046FFF7C9FE07B0C0
:1093900030BD00BF00E1F50530B587B0044601924D
:1093A0000725029540230393002304934FF4806321
:1093B000059301A9FFF779FE41F28832294620463C
:1093C000FFF7AEFE07B030BD30B587B0044601915F
:1093D0003725029540230393002304934FF48063C1
:1093E000059301A9FFF761FE41F288322946204624
:1093F000FFF796FE07B030BD30B587B00446019147
:109400000D25029540230393002304934FF48063BA
:10941000059301A9FFF749FE41F28832294620460B
:10942000FFF77EFE07B030BD0146144B1B68144A9F
:10943000A2FB03235B0A41F2883202FB03F31A46C4
:10944000013BBAB14A6B12F0450FF8D012F4006F2D
:10945000F5D14B6B13F0040F06D1486B10F00100EF
:1094600005D1C5238B6370470420886370470120B2
:10947000886370474FF00040704700BF5C000020D9
:10948000D34D621010B586B004460023019302222A
:109490000292C022039204934FF48063059301A9C2
:1094A000FFF703FE2046FFF7BFFF06B010BD10B563
:1094B00086B00446019109230293C023039300233D
:1094C00004934FF48063059301A9FFF7EEFD204656
:1094D000FFF7AAFF06B010BD0146104B1B68104AEB
:1094E000A2FB03235B0A41F2883202FB03F31A4614
:1094F000013B82B14A6B12F0450FF8D012F4006FB5
:10950000F5D1486B10F0040002D1C5238B6370477E
:109510000420886370474FF0004070475C000020D3
:10952000D34D621010B586B0044641F0004141F4BD
:109530008011019129230293402303930023049374
:109540004FF48063059301A9FFF7AFFD2046FFF7B5
:10955000C3FF06B010BD0000F8B505460E4617461D
:10956000234B1B68234AA2FB03235B0A41F2883288
:1095700002FB03F31A46013B8AB36C6B14F0450FF0
:10958000F8D014F4006FF5D16B6B13F0040F06D113
:109590006B6B13F0010F05D00120A86321E00420BC
:1095A000A8631EE02846FFF790FDB04201D00120DD
:1095B00017E0C523AB6300212846FFF789FD03466A
:1095C00010F4604008D013F4804F0BD113F4004F17
:1095D0000BD04FF4805004E01B0C3B8001E04FF0B7
:1095E0000040F8BD4FF40050FBE74FF48030F8E73F
:1095F0005C000020D34D621070B586B004460D4665
:1096000000230193032602964022039204934FF411
:109610008063059301A9FFF748FD2A46314620469D
:10962000FFF79AFF06B070BD0146164B1B68164A3D
:10963000A2FB03235B0A41F2883202FB03F31A46C2
:10964000013BE2B14A6B12F0450FF8D012F4006F03
:10965000F5D14B6B13F0040F0BD14B6B13F00103DF
:109660000AD1486B10F040000BD040228A631846A4
:1096700070470420886370470120886370474FF06B
:10968000004070475C000020D34D621010B586B0DA
:1096900004464FF4D57301930823029340230393A8
:1096A000002304934FF48063059301A9FFF7FDFCA9
:1096B0002046FFF7B9FF06B010BD836B1A68D36B65
:1096C00043F48073D363704770B582B004460023BF
:1096D00001930068FFF711FD054610B1284602B05E
:1096E00070BD2068FFF7D2FF38B90123A364A36CD3
:1096F000012B0BD02E46284614E00023A3642068DB
:10970000FFF7FBFC0028F2D00546E7E700212068C0
:10971000FFF75AFE0028EDD04FF08055DEE7019BA1
:1097200001330193019A4FF6FE739A4213D896B90A
:1097300000212068FFF748FEE0B912492068FFF7D2
:10974000F1FE0646C0B900212068FFF7C1FCC30F37
:10975000E5D01E46E3E7019A4FF6FE739A420ED813
:1097600010F0804302D001236364B7E700226264F3
:109770001D46B3E70546B1E74FF08055AEE74FF021
:109780008075ABE7000010C1F8B5846AC66AA6B957
:10979000F8BD3868FFF779FC2070C0F307236370C9
:1097A000C0F30743A370000EE0700434043E01359B
:1097B000072DEED9BC62FE62EAE707460025F7E70F
:1097C000F0B583B0046A466ADEB903B0F0BD237811
:1097D0000193627843EA02230193A27843EA0243A9
:1097E0000193E27843EA026301930434043E01A941
:1097F0003868FFF74DFC0135072DE8D93C627E62E1
:10980000E3E707460025F7E770B581B104460E4649
:10981000016D09040068FFF7EFFD054608B1284611
:1098200070BD00212068FFF753FC3060F7E74FF070
:109830000065F4E72DE9F04387B0044691B1164680
:109840001F460A4690F83400C5B201287FD1002394
:10985000A363F019E36D98420AD9A36B43F0007338
:10986000A36375E0836B43F00063836301256FE0BE
:10987000032384F8343023680021D9622068C36B45
:1098800043F44A7343F00203C363236C3348D86341
:10989000236C3348D864236C1965236C9960206C61
:1098A00001680B6823F0C003806803430B602168E4
:1098B0004FEA47294FEA99038031206CFBF716FBEA
:1098C000804668BB274B0122C3F88C25636C93420A
:1098D00000D076024FF0FF330093CDF80490902330
:1098E0000293022303930023049301230593694603
:1098F0002068FFF7F0FB012F22D982232363314632
:109900002068FFF7E7FC38B32368174A9A63A36B14
:109910000343A363012384F834300023236317E057
:109920002268D36B23F49573D36323680E4A9A633A
:10993000A36B43F08043A363012384F8343007E032
:109940008123236331462068FFF7ACFCDBE7022567
:10995000284607B0BDE8F0834546F9E7AB9A000812
:10996000D19E000800802542FF054000F0B587B079
:10997000044600293BD01D460F4690F83430DEB235
:10998000012B40F08480002383635319C16D8B4207
:1099900033D8032380F8343003680021D96200688B
:1099A000C36B43F4067343F00203C363E36B3A48AB
:1099B000D863E36B3948D864E36B1965636C012B9A
:1099C00000D05202012D1DD9A02323631146206827
:1099D000FFF7B0FCE8B12368314A9A63A36B0343F5
:1099E000A363012384F834300023236350E0836BA6
:1099F00043F00063836301264AE0836B43F0007306
:109A0000836345E09023236311462068FFF77AFCC7
:109A1000E0E7244B0122C3F88C25E36B40229A60D7
:109A2000E16B0A68136823F0C00389680B43136075
:109A300022686D02AB0880323946E06BFBF756FABC
:109A4000074698B12268D36B23F4067323F0020310
:109A5000D3632368124A9A63A36B43F08043A363E2
:109A6000012384F834300023236311E04FF0FF33E7
:109A70000093019590230293002303930493012301
:109A8000059369462068FFF726FB3E4600E0022664
:109A9000304607B0F0BD00BFBB960008D19E00085D
:109AA000FF05400000802542704710B5846B236B92
:109AB000822B11D02268D36A23F00803D362236873
:109AC00040F23A529A63012384F83430002323632E
:109AD00020460BF0EEFA10BD2068FFF743FC03466A
:109AE0000028E7D0A26B1343A3632046FFF7DCFFF7
:109AF000E0E700000346426E920F0A70426EC2F326
:109B000083624A7090F8672002F003028A7090F82E
:109B10006620CA7090F865200A7190F864204A7136
:109B2000826E120DCA80B0F86A2002F00F020A722B
:109B3000826EC2F3C0324A72826EC2F380328A727F
:109B4000826EC2F34032CA72826EC2F300320A736E
:109B500000224A73426C002A40F08680806E40F6F4
:109B6000FC7202EA8002D86E42EA90720A61DA6EF2
:109B7000C2F3C2620A7593F86F2002F007024A75B9
:109B8000DA6EC2F342528A75DA6EC2F38242CA7545
:109B9000DA6EC2F3C2320A760A6901325A65087E69
:109BA00000F00700023082405A6591F808C00CF0BE
:109BB0000F0C012000FA0CF09865400A00FB02F23D
:109BC000DA654FF400721A66DA6EC2F380324A76B2
:109BD000DA6EC2F3C6128A76DA6E02F07F02CA76B5
:109BE0001A6FD20F0A771A6FC2F341724A771A6F4F
:109BF000C2F382628A771A6FC2F38352CA771A6FEE
:109C0000C2F3405281F82020002081F82100B3F8EF
:109C1000722002F0010281F822201A6FC2F3C032D2
:109C200081F823201A6FC2F3803281F824201A6F42
:109C3000C2F3403281F825201A6FC2F3003281F856
:109C400026201A6FC2F3812281F827201A6FC2F3EF
:109C5000012281F828201B6FC3F3460381F82930C5
:109C6000012381F82A307047012A11D1826E120433
:109C700002F47C12B0F86E0002430A610A690132F4
:109C800092025A65DA654FF400729A651A669BE78C
:109C9000026805499163826B42F080528263012021
:109CA00083F83400704700BFFF05400070B590B0E6
:109CB00004460123ADF812300068FFF7F2F90028DE
:109CC0006CD0636C032B45D1636C032B5DD1636C4B
:109CD000032B1DD0BDF81210216509042068FFF781
:109CE000E6FB054600285BD100212068FFF7F0F96C
:109CF000606604212068FFF7EBF9A0660821206860
:109D0000FFF7E6F9E0660C212068FFF7E1F920672C
:109D100004212068FFF7DCF9000DE06405A9204666
:109D2000FFF7E8FE00283ED1226D120400232068D0
:109D3000FFF732FB054698BB234653F8106B93E8B8
:109D400007008DE80700043494E80E003046FFF762
:109D500083F925E02068FFF795FB054600BB00214D
:109D60002068FFF7B5F9606704212068FFF7B0F9B4
:109D7000A06708212068FFF7ABF9E0670C21206895
:109D8000FFF7A6F9C4F880009EE70DF112012068E4
:109D9000FFF732FC0546002899D001E04FF08065BE
:109DA000284610B070BD4FF08055F9E770B58AB005
:109DB00004460023049305930693079308937623A0
:109DC00009930AAB13E907008DE8070004AB0ECB3B
:109DD0002068FFF741F918B1012528460AB070BD87
:109DE00005461A4E0023C6F8A0302068FFF755F943
:109DF0000123C6F8A0300220FBF7C2FA2046FFF785
:109E000063FC30B1012584F83450A36B0343A36392
:109E1000E3E72046FFF74AFF30B1012584F83450CC
:109E2000A36B0343A363D8E74FF400712068FFF7E7
:109E300021FA0028D1D0236805499963A36B034315
:109E4000A363012584F83450C7E700BF0080254292
:109E5000FF054000A8B110B5044690F8343063B156
:109E6000032384F834302046FFF7A0FF58B9A063DD
:109E70002063012384F8343010BD0377F9F75EF8CE
:109E8000EEE7012070470120F6E7436C0B60836C1E
:109E90004B60C36C8B60036DCB60436D0B61836D56
:109EA0004B61C36D8B61036ECB610020704710B5B1
:109EB00082B004460023019301A9FFF7A5FC10B16D
:109EC000A36B0343A3630198C0F3432002B010BD0A
:109ED00010B5846BFBF788F902280AD0236C5B6D00
:109EE000E26B526D012B05D0012A03D02046FFF70B
:109EF000DBFD10BD23680F4A9A632268D36B23F4FD
:109F00009D73D363A36B43F08043A3632046FFF7A5
:109F1000CEFF0538012805D9012384F83430002309
:109F20002363E3E72068FFF71DFAA36B0343A363F2
:109F3000F2E700BFFF05400010B5846B236840F2D4
:109F40003A529A632046FFF7B2FF012384F8343077
:109F5000002323630538012805D9A36B53B9204694
:109F60000BF09FF810BD2068FFF7FCF9A36B0343CB
:109F7000A363F2E72046FFF797FDF3E710B5846B84
:109F8000236840F23A529A632046FFF790FF01237C
:109F900084F83430002323630538012805D9A36BE6
:109FA00053B920460BF07DF810BD2068FFF7DAF9B1
:109FB000A36B0343A363F2E72046FFF775FDF3E7C6
:109FC00038B50446056B03685A6B12F4004F02D093
:109FD00015F0080F28D15A6B12F4807F5AD04FF435
:109FE00080729A632268D36B23F4434323F03A03CD
:109FF000D3632268D36A23F00103D36215F0080FFC
:10A0000026D015F0220F12D1236840F23A529A63FB
:10A01000012384F834300023236315F0030F13D099
:10A0200020460BF046F801E0FFF7AEFB38BD206894
:10A03000FFF798F903460028E6D0A26B1343A36309
:10A040002046FFF731FDDFE720460BF02EF8EDE765
:10A0500015F0800FEAD015F0200F0ED115F0030F88
:10A06000E4D12268D36A23F00803D362012384F881
:10A07000343020460BF019F8D8E72068FFF772F962
:10A0800003460028EAD0A26B1343A3632046FFF7E0
:10A090000BFDE3E75A6B12F4804F02D015F0080F66
:10A0A00055D1596B40F23A221142BFD05A6B12F08F
:10A0B000020F03D0A26B42F00202A2635A6B12F0AD
:10A0C000080F03D0A26B42F00802A2635A6B12F091
:10A0D000200F03D0A26B42F02002A2635A6B12F051
:10A0E000100F03D0A26B42F01002A2635A6B12F45D
:10A0F000007F03D0A26B42F00802A26340F23A72E2
:10A100009A632268D36B23F44E7323F00203D36364
:10A110002068FFF727F9A36B0343A36315F0080F2B
:10A1200019D115F0800F81D015F0300F1CD115F02A
:10A13000030F26D0236C184A1A65206CFAF753FFD8
:10A1400000283FF473AF206CFFF718FF6EE720463E
:10A15000FFF736FB6AE7012384F8343000232363DA
:10A160002046FFF7A1FC61E7E36B0C4A1A65E06B40
:10A17000FAF739FF00283FF459AFE06BFFF7DCFE38
:10A1800054E70023A363012284F83420236320468C
:10A190000AF087FF4AE700BF7D9F0008399F00084B
:10A1A0002DE9F04782B00546884617461E46FBF764
:10A1B000E1F80A9B1B1A03EB0609FBF7DBF8824662
:10A1C000284B1B68C3F3CB3309FB03F301932B68C4
:10A1D0009C6838EA04040CBF01230023BB423DD035
:10A1E000B6F1FF3FF3D0FBF7C5F8A0EB0A004845F6
:10A1F00007D2019A02B14A46019B013B0193914665
:10A20000E5E72A68536823F0E00353606B68B3F511
:10A21000827F0BD0AB6AB3F5005F14D0012385F8C1
:10A220005130002385F85030032018E0AB68B3F5B7
:10A23000004F02D0B3F5806FECD12A68136823F089
:10A2400040031360E6E72A68136823F400531360A1
:10A250002A68136843F400531360DFE7002002B05C
:10A26000BDE8F0875C00002010B584B00446164BB2
:10A270001868164BA3FB0030400D4FF47A7303FBB4
:10A2800000F003906368B3F5827F0BD0039BBBB1F2
:10A29000039B013B039323689B6813F0800FF5D168
:10A2A00000200EE000920B46002280212046FFF79E
:10A2B00077FF30B1636D43F020036365032000E056
:10A2C000002004B010BD00BF5C000020819F5E161E
:10A2D00000285AD010B50446436A33B94368B3F531
:10A2E000827F05D00023C36102E000230361436144
:10A2F0000023A36294F85130002B40D0022384F84D
:10A3000051302268136823F040031360636803F43C
:10A310008273A26802F404421343E26802F400620A
:10A320001343226902F002021343626902F0010240
:10A330001343A26902F400721343E26902F0380287
:10A340001343226A02F080021343A26A02F400520D
:10A35000216813430B60638B03F00403626A02F00D
:10A360001002216813434B602268D36923F4006311
:10A37000D36100206065012384F8513010BD84F85A
:10A3800050302046F8F7B6FEB8E7012070472DE9B7
:10A39000F04383B004460A9D90F85000012800F075
:10A3A00014810F4690469946012384F85030FAF7FD
:10A3B000E1FF064694F85100C2B2636801280AD052
:10A3C000B3F5827F40F0E780A368002B40F0ED807A
:10A3D000042A40F0EC80002F00F0EB80B8F1000F71
:10A3E00000F0E980B9F1000F00F0E78094F85130F7
:10A3F000042B02D0052384F8513000236365C4F890
:10A400003880A4F83E90A4F83C902763A4F83690D6
:10A41000A4F834902364636423681A6812F0400F30
:10A4200003D11A6842F040021A60E368B3F5006F86
:10A4300012D0636813B1B9F1010F0BD1226B2368FD
:10A4400012781A73236B01332363E38E9BB2013BB3
:10A450009BB2E38601276CE0636813B1B9F1010F89
:10A460000BD1226B23681288DA60236B02332363DB
:10A47000E38E9BB2013B9BB2E38601271CE023687D
:10A480009A6812F0010F0ED0E28F92B25AB1DA68D8
:10A49000A36B1A80A36B0233A363E38F9BB2013BD0
:10A4A0009BB2E3870127FAF765FF801BA84203D31D
:10A4B000B5F1FF3F40F08380E38E9BB21BB9E38F81
:10A4C0009BB2002B53D023689A6812F0020FD6D0AB
:10A4D000E28E92B2002AD2D0002FD0D0226B128806
:10A4E000DA60236B02332363E38E9BB2013B9BB2A2
:10A4F000E3860027C3E723689A6812F0010F0ED0A5
:10A50000E28F92B25AB1DA68A36B1A70A36B01336F
:10A51000A363E38F9BB2013B9BB2E3870127FAF76A
:10A5200029FF831BAB4202D3B5F1FF3F49D1002D78
:10A5300049D0E38E9BB213B9E38F9BB2BBB12368C2
:10A540009A6812F0020FD6D0E28E92B2002AD2D0D0
:10A55000002FD0D0226B12781A73236B0133236340
:10A56000E38E9BB2013B9BB2E3860027C3E73246F2
:10A5700029462046FFF778FE48B9A36863B90193DE
:10A580002368DA6801929B680193019B04E0202311
:10A590006365012000E00220012384F8513000238C
:10A5A00084F8503003B0BDE8F0830220F4E70220C5
:10A5B000F2E70120F0E70120EEE70120ECE70320BD
:10A5C000EAE70320E8E70320E6E70220EAE702687B
:10A5D00002F10C0353E8003F23F490730C3242E87D
:10A5E00000310029F3D1026802F1140353E8003F5F
:10A5F00023F00103143242E800310029F3D1036B48
:10A60000012B05D0202380F83E30002303637047E0
:10A61000026802F10C0353E8003F23F010030C32F0
:10A6200042E800310029F3D1ECE790F83D30212BCE
:10A6300001D0022070478368B3F5805F17D0036AAA
:10A640005A1C02621A7803685A60C38C9BB2013BA1
:10A650009BB2C3844BB90268D36823F08003D360F4
:10A660000268D36843F04003D36000207047036959
:10A67000002BE4D1036A1B880268C3F3080353600C
:10A68000036A02330362E0E710B504460268136907
:10A6900023F44053C1680B431361836802691A4372
:10A6A00043691A43C3691A430168CB6823F416430C
:10A6B00023F00C031343CB600268536923F4407307
:10A6C00081690B4353610368314A934206D002F516
:10A6D0008062934202D0FAF7BFF801E0FAF7CCF8B3
:10A6E000E369B3F5004F29D00021031849411B1835
:10A6F00041F10001C90041EA5371DB001818636899
:10A700004FEA83024FEA937341F10001F7F7C0FF6C
:10A71000204AA2FB00314909642303FB11031B01FA
:10A720003233A2FB03235B0903F0F00202EB0112B8
:10A7300003F00F03216813448B6010BD002302183F
:10A7400043EB0301121841F10001C90041EA5271C3
:10A75000D200101841F10001626892185B41F7F7CE
:10A7600097FF0C4AA2FB00314909642303FB110344
:10A77000DB003233A2FB03235B095A0002F4F872B8
:10A7800002EB011203F00703216813448B60D4E746
:10A79000001001401F85EB512DE9F84305460F4697
:10A7A00016469946DDF820802B681C6837EA0404B9
:10A7B0000CBF01240024B4422DD1B8F1FF3FF3D0E7
:10A7C000B8F1000F05D0FAF7D5FDA0EB0900404520
:10A7D000EAD92A6802F10C0353E8003F23F4D0734E
:10A7E0000C3242E800310029F3D12A6802F1140347
:10A7F00053E8003F23F00103143242E800310029FE
:10A80000F3D1202385F83D3085F83E30002385F8CC
:10A810003C30032000E00020BDE8F88358B310B5B9
:10A82000044690F83D300BB3242384F83D30226871
:10A83000D36823F40053D3602046FFF725FF226836
:10A84000136923F4904313612268536923F02A03A8
:10A8500053612268D36843F40053D360002020641E
:10A86000202384F83D3084F83E3010BD80F83C3021
:10A87000F8F706FDD8E7012070472DE9F04182B0D6
:10A880001E4690F83D30202B54D104460D4690468C
:10A89000002953D0002A53D090F83C30012B51D0DE
:10A8A000012380F83C3000230364212380F83D30ED
:10A8B000FAF760FD0746A4F82480A4F82680A36870
:10A8C000B3F5805F05D04FF00008002384F83C30DA
:10A8D00012E0236913B14FF00008F6E7A8460025FF
:10A8E000F3E738F8023B2268C3F308035360E28CB5
:10A8F00092B2013A92B2E284E38C9BB273B10096B9
:10A900003B46002280212046FFF746FFE0B9002D9C
:10A91000E7D015F8012B23685A60E8E700963B461C
:10A92000002240212046FFF737FF78B9202384F822
:10A930003D3000E0022002B0BDE8F0810120FAE7DE
:10A940000120F8E70220F6E70320F4E70320F2E70E
:10A95000704708B50168CA6822F04002CA60202228
:10A9600080F83D20FFF7F4FF002008BD70477047D6
:10A9700008B5806B0023C385C384FFF7F8FF08BDCB
:10A98000704790F83E30222B67D18368B3F5805F23
:10A990004DD0826AB3F5805F04D0002B54D1036997
:10A9A000002B51D103685B681370836A01338362A3
:10A9B000C38D9BB2013B9BB2C385002B4FD100B529
:10A9C00083B00268D36823F02003D3600268D368A1
:10A9D00023F48073D3600268536923F00103536149
:10A9E000202380F83E30036B012B33D10023036317
:10A9F000026802F10C0353E8003F23F010030C320D
:10AA000042E800310029F3D103681A6812F0100FF0
:10AA100006D0002201921A6801925B680193019BA3
:10AA2000818DFFF7ADFF002003B05DF804FB0269E4
:10AA3000002AAED1826A03685B68C3F308031380FF
:10AA4000836A02338362B3E703685B6803F07F03C2
:10AA50001370AAE7FFF78AFFE5E70220704700209E
:10AA60007047000010B582B0044602681368D068D1
:10AA7000516913F00F0F09D113F0200F0CD010F013
:10AA8000200F09D02046FFF77CFF16E011F00101EE
:10AA900015D110F4907F12D1216B012979D013F0D8
:10AAA000800F03D010F0800F40F0108113F0400FA2
:10AAB00003D010F0400F40F00D8102B010BD13F034
:10AAC000010F06D010F4807F03D0226C42F0010207
:10AAD000226413F0040F04D019B1226C42F0020278
:10AAE000226413F0020F04D019B1226C42F0040268
:10AAF000226413F0080F07D010F0200F00D119B115
:10AB0000226C42F008022264226C002AD5D013F095
:10AB1000200F02D010F0200F29D123685B6903F0C9
:10AB20004003226C12F0080F00D163B32046FFF7F8
:10AB30004EFD23685B6913F0400F20D0226802F1BC
:10AB4000140353E8003F23F04003143242E800317D
:10AB50000029F3D1A36B73B1604A1A65A06BFAF7B1
:10AB600042FA0028A9D0A06B036D9847A5E72046BC
:10AB7000FFF707FFD1E72046FFF7F9FE9DE72046E4
:10AB8000FFF7F5FE99E72046FFF7F1FE0023236467
:10AB900093E713F0100F82D010F0100F3FF47FAF47
:10ABA000002301931368019353680193019B536938
:10ABB00013F0400F50D0A26B13685B689BB2002B60
:10ABC0003FF47BAFA18D99427FF677AFE385D369E0
:10ABD000B3F5807F37D0226802F10C0353E8003FC1
:10ABE00023F480730C3242E800310029F3D122684B
:10ABF00002F1140353E8003F23F00103143242E84A
:10AC000000310029F3D1226802F1140353E8003F18
:10AC100023F04003143242E800310029F3D120230D
:10AC200084F83E3000232363226802F10C0353E8CA
:10AC3000003F23F010030C3242E800310029F3D129
:10AC4000A06BFAF787F9A18DE38D9BB2C91A89B27F
:10AC50002046FFF795FE30E7A18DE38D9BB2C91A20
:10AC600089B2E38D9BB2002B3FF427AF00293FF45C
:10AC700024AF226802F10C0353E8003F23F49073E1
:10AC80000C3242E800300028F3D1226802F11403AC
:10AC900053E8003F23F00103143242E8003000285B
:10ACA000F3D1202384F83E3000232363226802F18D
:10ACB0000C0353E8003F23F010030C3242E800304D
:10ACC0000028F3D12046FFF75BFEF6E62046FFF7AB
:10ACD000ACFCF2E62046FFF73CFEEEE671A9000868
:10ACE000F8B50668346A04F00F07C4F34343C4F3AD
:10ACF0000A14022B00D0F8BD0546002CFBD02C23F3
:10AD000003FB0703596C0029F5D02C2303FB070331
:10AD10001A6D2244DB6C9A4206D92C2303FB0705EB
:10AD2000042385F86030E6E722463046FCF7CEFC87
:10AD30002C2303FB07535A6C22445A641A6D224495
:10AD40001A6506EB4716D6F81025B3F84030A34233
:10AD5000D1D10B4B1340002BCDD0D6F8003523F0CA
:10AD6000804343F00043C6F800352C2303FB075310
:10AD700093F8542082F0010283F85420BBE700BF0F
:10AD80000000F81F70B59DF81050BDF818604FF026
:10AD90002C0C0CFB010C8CF83B208CF83F307DB95F
:10ADA00064464FF0030C84F842C09DF81CC084F840
:10ADB0003DC0032B00F28180DFE803F00A792951BE
:10ADC0002C2404FB01044FF0020C84F842C0F0E78D
:10ADD000012D72D1002A70D12EB92C2303FB01035F
:10ADE000012283F855202C2303FB010393F85530EF
:10ADF00033B92C2303FB0103002283F842205CE0DB
:10AE00002C2303FB0103022283F8422055E092B970
:10AE10002C2303FB010393F855302BB92C2303FBA0
:10AE2000010383F8422048E02C2303FB01030222A4
:10AE300083F8422041E02C2303FB010393F85430B4
:10AE400033B92C2303FB0103002283F8422034E0B2
:10AE50002C2303FB0103022283F842202DE092B948
:10AE60002C2303FB010393F855302BB92C2303FB50
:10AE7000010383F8422020E02C2303FB010302227C
:10AE800083F8422019E02C2303FB010393F854308C
:10AE900033B92C2303FB0103002283F842200CE08A
:10AEA0002C2303FB0103022283F8422005E02C231C
:10AEB00003FB0103002283F842202C2301FB03F350
:10AEC000C218059C5464D664002482F8604014655E
:10AED00082F8391082F8614003F13801027C0144A4
:10AEE0000068FCF7E9FD70BD30B583B00446056825
:10AEF000D5F840340193D5F840340093009B23F0FB
:10AF00002E030093019B13F0020F07D0019B13F057
:10AF1000010F25D1009B43F002030093019B13F026
:10AF2000080F10D0009B43F008030093019B13F01F
:10AF3000040F2DD0A369022B15D0E368012B22D07A
:10AF400020460AF0E7FE019B13F0200F03D0009B80
:10AF500043F020030093009BC5F8403403B030BD9C
:10AF60000AF0CBFED6E7019B03F4C023B3F5802F94
:10AF700004D001212068FCF7F5FCE1E702212068FC
:10AF8000FCF7F0FCDCE74EF66022C5F80424D7E7B6
:10AF900020460AF0C5FED6E7F8B504460D46076818
:10AFA00007EB411707F5A066B36813F0040F0AD149
:10AFB000B36813F4807F36D1B36813F0200F3FD00D
:10AFC0002023B3600AE00423B3602C2303FB0103B6
:10AFD000062283F861200068FCF7E8FCB36813F4EC
:10AFE000007F5ED1B36813F0010F00F09B802369EE
:10AFF00043B12C2303FB05439A6C3169C1F3120161
:10B00000521A1A652C2303FB0543012283F86120A1
:10B010000021D965B26093F83F30032B4FD8DFE8A9
:10B0200003F0485B485B4FF48073B3602C2303FB51
:10B030000103072283F861200068FCF7B7FCCDE725
:10B04000B36813F0080F13D1B36813F4806F1BD1EA
:10B05000B36813F0800FC1D08023B3602C2303FBAF
:10B060000103062283F861200068FCF79FFCB5E726
:10B070000823B3602C2303FB0103052283F861201E
:10B080000068FCF793FCA9E74FF48063B3602C23BE
:10B0900003FB0103082283F861200068FCF786FCAB
:10B0A0009CE729462068FCF781FC4FF40073B360ED
:10B0B000F8BD29462068FCF779FC1023B3602369AA
:10B0C000012B1AD02C2303FB054393F8542082F064
:10B0D000010283F85420EBE7D7F8003543F0005322
:10B0E000C7F800352C2303FB0543012283F86020B9
:10B0F000294620460AF00DFEE1E72C2303FB054319
:10B100009A6CB3F84030B2FBF3F313F0010FCFD0D9
:10B110002C2303FB054393F8542082F0010283F8AB
:10B120005420C5E7B36813F0020F5DD02C2303FB56
:10B13000054393F86130013B072B0BD8DFE803F0A0
:10B14000040A3B0A161D4A1D2C2303FB054301225A
:10B1500083F860200223B3602C2303FB054393F89C
:10B160006020294620460AF0D4FDA1E72C2303FBEA
:10B170000543052283F86020ECE72C2202FB054200
:10B18000D36D0133D365022B06D913460022DA654D
:10B19000042283F86020DDE72C2303FB0543022211
:10B1A00083F86020D7F8003523F0804343F0004354
:10B1B000C7F80035CEE72C2303FB0543022283F8B2
:10B1C0006020D7F8003523F0804343F00043C7F8F0
:10B1D0000035BFE72C2303FB0543DA6D0132DA6546
:10B1E000042283F86020B5E7B36813F0100F3FF432
:10B1F0005FAF2C2303FB054393F83F30032B0CD0A8
:10B200000BB1022B06D12C2303FB05430022DA6588
:10B21000236963B11023B3604AE72C2303FB054382
:10B220000022DA6529462068FCF7C0FBF2E72C23F0
:10B2300003FB0543032283F8612029462068FCF7BD
:10B24000B5FBE7E738B5036803EB411202F5A065EB
:10B25000AC6814F0040F19D1AC6814F0200F21D0A1
:10B260002023AB602C2303FB010393F83D30012B1B
:10B2700017D12C2303FB0103002283F83D20022277
:10B2800083F860200068FCF791FB0AE00423AB60C0
:10B290002C2303FB0103062283F861200068FCF7DE
:10B2A00085FB38BDAC6814F4007F1FD1AC6814F086
:10B2B000010F22D02C2303FB01030022DA65AB68C7
:10B2C00013F0400F07D02C2303FB0103012283F866
:10B2D0003D204023AB600122AA602C2303FB010325
:10B2E00083F861200068FCF761FBDAE74FF4007334
:10B2F000AB600068FCF75AFBD3E7AC6814F0400F72
:10B3000024D1AC6814F0080F31D1AC6814F0100FE0
:10B3100039D02C2202FB01020024D465032482F8D8
:10B32000614092F83D205AB92C2202FB010292F8AA
:10B330003C202AB92C2202FB0102012082F83D00A8
:10B340001846FCF733FB1023AB60AAE72C2202FB64
:10B350000102042082F86100012082F83D000020F3
:10B36000D0651846FCF722FB4023AB6099E7082321
:10B37000AB602C2303FB0103052283F861200068E6
:10B38000FCF714FB8DE7AC6814F0800F25D0026940
:10B3900082B12C2202FB0102D36D0133D365022B53
:10B3A00012D82C2303FB0103022283F860208023A0
:10B3B000AB6076E72C2202FB0102062082F86100D6
:10B3C0001846FCF7F3FAF2E713460022DA65042286
:10B3D00083F860200AF09DFCE9E7AC6814F4806F04
:10B3E00012D1AB6813F0020F3FF45BAF2C2303FBC9
:10B3F000010393F86130013B072B4CD8DFE803F0E1
:10B40000114B45555C634B632C2202FB0102082063
:10B4100082F861001846FCF7C9FA4FF48063AB600C
:10B420003FE72C2303FB0103012283F8602093F8FC
:10B430003F30023BDBB293422DD8046944B92C2340
:10B4400003FB010393F8552082F0010283F8552095
:10B45000012C20D12C2303FB0103DB6CDBB12C225C
:10B4600002FB0102B2F840201344013BB3FBF2F3AC
:10B4700013F0010F0FD02C2303FB010393F8552089
:10B4800082F0010283F8552005E02C2303FB010321
:10B49000022283F860200223AB602C2303FB01030C
:10B4A00093F860200AF035FCFBE62C2303FB010334
:10B4B000022283F86020EEE72C2303FB0103052220
:10B4C00083F86020E7E72C2404FB0104E36D0133DB
:10B4D000E365022B05D90022E265042284F860208E
:10B4E000D9E72C2303FB0103022483F86040D2F840
:10B4F000003523F0804343F00043C2F80035CAE72B
:10B50000F8B5044605682846FCF7B9F9012800D0CB
:10B51000F8BD2068FCF784F90028F9D02068FCF712
:10B520007FF910F4001F03D023684FF400125A6112
:10B530002068FCF775F910F4801F03D023684FF4DE
:10B5400080125A612068FCF76BF910F0806F03D00D
:10B5500023684FF080625A612068FCF761F910F0AF
:10B56000020F02D0236802225A612068FCF758F9C2
:10B5700010F0005F08D023684FF000525A61D5F8F0
:10B58000403413F0010F1DD02068FCF749F910F08A
:10B59000807F26D12068FCF743F910F0080F24D1F2
:10B5A0002068FCF73DF910F0100F25D12068FCF75A
:10B5B00037F910F0007FABD02068FCF7F2F90746AE
:10B5C00000262CE010212846FBF77EFC2846FBF7DE
:10B5D000A3FC01212068FCF7C5F920460AF093FB83
:10B5E000D2E72046FFF780FCD4E720460AF07FFB35
:10B5F000236808225A61D3E72268936923F0100375
:10B6000093612046FFF76CFB2268936943F01003B7
:10B610009361CBE7F1B22046FFF714FE0136A36831
:10B62000B34212D906F00F0327FA03F313F0010F08
:10B63000F4D005EB4613D3F8003513F4004FE9D0EE
:10B64000F1B22046FFF7A8FCE8E723684FF000724C
:10B650005A615DE790F8F832012B0BD010B5044623
:10B66000012380F8F8320068FCF7DAFA002084F849
:10B67000F80210BD022070472C2303FB010090F854
:10B68000600070472C2303FB0100006D7047000031
:10B6900070B5044643890E2B1CD90D46C37B1BB9DC
:10B6A00091F838300133C37360688689037813F0EA
:10B6B000010F0AD0012B12D006221E49F4F7B2FF67
:10B6C00018B9637B43F008036373082E12D0B6F5F4
:10B6D000C16F1FD0204604F09BFB002070BD437853
:10B6E000002BF2D183785E2BEFD1637B43F0100304
:10B6F0006373EAE795F8353013F0080FEAD00E21AE
:10B70000204604F043FB0028E4D12946204605F0FA
:10B71000C7FDE2E795F8353013F0080FDAD00E21B7
:10B72000204604F033FB0028D4D12946204607F0F8
:10B73000B9FBD2E7309A01082DE9F04105460C46E5
:10B7400016461F46BDF8180004F0D7FE80460E21AD
:10B75000204604F016FBE8B96168A1F80C803B684C
:10B760000B60BB888B803368C1F80630B3884B818F
:10B7700095F83430062B05D1AB6921462846984709
:10B78000BDE8F081054B4FF4997205490548F5F77E
:10B79000C7FEF1E76FF00100F2E700BFA8740108EF
:10B7A000DC7401082074010838B1C07A38B9431C30
:10B7B000054A52F8233023B9704700207047002013
:10B7C00070470120704700BF805E002008B5F4F785
:10B7D0006DFD80B2002301E00133DBB2032B0ED8F4
:10B7E00003EB0311064A02EB0112927A022AF3D10B
:10B7F000034A02EB011212898242EDD1E7E708BD4C
:10B80000B85E00202DE9F84305460E46002401E00D
:10B810000134E4B2032C23D804EB4403304A52F839
:10B820002370002FF4D01A462D4B03EB82031B7AB2
:10B83000AB42EDD105EB05131B011033DFF8A090EF
:10B840004FEA440809EB8202526831462548184401
:10B85000B847A0444FEA8808002349F80830D7E7E2
:10B86000002301E00133DBB2032B19D8AB42F9D03E
:10B8700003EB03111B4A02EB0112927A022AF1D167
:10B88000184A02EB0111C97B05EB051002EB00120F
:10B89000D27B9142E6D1134B03EB00130422DA73FF
:10B8A00005EB05120F4B03EB0213DB7B032B01D9D6
:10B8B000BDE8F8830C4C54F8230005F087F9094BD8
:10B8C00005EB051203EB0212D27B002144F8221093
:10B8D00005EB051503EB05130422DA73E8E700BF57
:10B8E000885E0020B85E0020F86200202DE9F04755
:10B8F00084B0064600EB00125B4B03EB0213DB7ACD
:10B90000012B3ED806EB0612574B03EB0213DA7AF3
:10B91000564B53F82230002B3BD006EB06173F0165
:10B920001037514B1F443846F5F74AFB00F112011E
:10B930004FF4207289B2362004F0CCFA0546002874
:10B9400000F08F8001AC002301930293039306EB78
:10B950000612454B03EB0213188904F0CEFDADF837
:10B96000040001238DF806304FF48073ADF80830E1
:10B970000C222146284604F0F1FC013F4FF00C0850
:10B980003DE03B4B40F2FA223A493B48F5F7C8FD0F
:10B99000B8E700213046FFF735FF06EB0616324BBD
:10B9A00003EB061300249C72204604B0BDE8F08728
:10B9B0000134E4B201373B782E2B01D0002BF7D1B4
:10B9C000A7EB090A1FFA8AFA08EB04024FF6FE7386
:10B9D0009A4218DC22464146284604F07DFD08F1D3
:10B9E00001039BB252464946284604F017FD4444E1
:10B9F000A4B204F101081FFA88F83B784BB1013773
:10BA0000B9460024D7E7284604F002FA6FF005048F
:10BA1000CAE700224146284604F05EFDA31C4FF40D
:10BA20008072ADF80020ADF802209BB20422694676
:10BA3000284604F0F3FC0C4B06EB061203EB021253
:10BA4000D47BD17A3523094A02EB810229460B487F
:10BA500050F8240005F01EF80446284604F0D8F9F2
:10BA6000A2E74FF0FF349FE7B85E0020805E002021
:10BA7000107501083C75010820740108F862002067
:10BA800038B5044600EB0012474D05EB02150328BC
:10BA90000BD804EB0412444B03EB02139B7A032BE9
:10BAA00079D8DFE803F0200A2162404B40F21C42C3
:10BAB0003F494048F5F734FDEBE7FFF787FE3A4A88
:10BAC00004EB041302EB0313188102219972002185
:10BAD000D9720120187304EB041302EB03125173A3
:10BAE0002046FFF703FF38BD04EB04132E4A02EB98
:10BAF0000312137B013BDBB21373002BF3D104EB76
:10BB00000413294A02EB0312537B0133DBB2537354
:10BB1000042B09D004EB0411234A02EB0112137326
:10BB20002046FFF7E3FEDEE72846FFF73DFE80B143
:10BB30001D4A04EB041302EB0313D97A0131D972C5
:10BB40000121197304EB041302EB03120023537356
:10BB5000E6E700212046FFF755FE04EB0414124BE4
:10BB600003EB041300229A72BDE704EB04131B01DC
:10BB70000D4AD3583BB1013B04EB041212010A49B0
:10BB80008B50002BAFD104EB0414074B03EB0413D1
:10BB900000229A72A7E7054B40F25B42064905482E
:10BBA000F5F7BEFC9FE700BFB85E002010750108E6
:10BBB00054750108207401087075010810B500243F
:10BBC00004E02046FFF75CFF0134E4B2032CF8D90F
:10BBD00010BD7047012800D9704721B10A68054B94
:10BBE00043F820207047044B1A68024B43F820208A
:10BBF000F2E700BF805E00204C9B010808B5FFF70C
:10BC0000DDFF08BD0A4A1388591C1180094A1168D2
:10BC100019B1094A1288934204D2084A126813449F
:10BC2000187D7047DBB2D2B29B1ADBB2C85C70479A
:10BC30002063002024630020286300202C63002060
:10BC400038B50446E8B1214B1B88002B3DD0204B72
:10BC500000221A801E4B1A881C4B1B889A4234D231
:10BC6000FFF7D0FF0128F5D0022812D068B3FFF704
:10BC7000C9FF012829D9164B1A88104402381880A8
:10BC8000E8E7144B40F27D7213491448F5F748FC7D
:10BC9000D9E7FFF7B7FF042817D10D4B1B880133F5
:10BCA0000A4A1288934210DAFFF7ACFF0502ADB2E0
:10BCB000FFF7A8FF284380B2431E9BB2B3F5067F6F
:10BCC00001D34FF406706086C4E738BD2A630020B4
:10BCD0002063002090750108C075010820740108D8
:10BCE00010B5044630B1114B1B7813F0100F09D179
:10BCF000002010BD0E4B40F25A220E490E48F5F7B7
:10BD00000FFCF0E7638B13F0100F06D1D4F89030DE
:10BD10001BB16FF00E01206998472146074801F0DA
:10BD2000FDFD204601F0B4FC0120E2E71063002095
:10BD300090750108DC750108207401084C6300202F
:10BD4000234B1B7813F0040F41D130B585B0044666
:10BD5000A0B11F4B1B7813F0020F29D01D4B1A689E
:10BD6000636AD11A002904DB218D0B44D31A002BFE
:10BD70000CDD194B1B8813BB05B030BD174B40F2CF
:10BD8000EE2217491748F5F7CBFBE2E7164B196887
:10BD9000164B114800880D88029549880191191F9A
:10BDA0000091024412490968204603F05FF8E3E776
:10BDB00013F0010FDDD00F4B1B682362D9E7638BB3
:10BDC00043F002036383204603F0D2F8D4E77047C0
:10BDD000116300201C63002012630020907501088D
:10BDE00004760108207401082C630020E0920020F2
:10BDF0001863002058630020474B1B7813F0040F92
:10BE000040F08880F0B585B0044648B1424B1B78BD
:10BE100013F0100F0CD113F0020F1DD105B0F0BDBF
:10BE20003E4B40F281223E493E48F5F779FBEDE773
:10BE30003D4B19683D4B3E4A10883E4A12680D88BA
:10BE4000029549880191191F009102443A490968F5
:10BE5000204603F00BF8E1E7607D01F015FF054691
:10BE6000002849D0354B5A6902601B694360E38A58
:10BE7000C3822D4E33681B880383032303752D4F24
:10BE80003B6801334362C36201F0D0FCA8652865BA
:10BE90006864E8653B68013B6B6523692B61EC676F
:10BEA000637A03F00C036B72237A2B72244B1A68AB
:10BEB000EA601D6003F002FB224B01221A70284643
:10BEC000FFF7BEFE3368DB89A5F86030A5F8623065
:10BED0006E8E2C1D204605F089F90146224630461B
:10BEE00001F0C0FC68861221284602F007FE60B906
:10BEF000284603F03DF891E7A369002B8ED04FF060
:10BF0000FF3200212069984788E70021284601F088
:10BF10006DFD83E7704700BF116300209075010835
:10BF200024760108207401082C630020E092002090
:10BF3000126300201C63002018630020CC920020B4
:10BF40004C630020466300202DE9F84306460C466A
:10BF5000994608E0264B40F2574226492648F5F715
:10BF6000DFFA21E03C46002C3ED02369586804F0FB
:10BF7000C9FA0546B4F808802369988904F0BDFA27
:10BF800010F0030F2ED0012343441D441B4B1B68AC
:10BF9000ED1A002D28DC2768606804F09BF8054640
:10BFA000B6F866309842D5D8B6F866305B1BA6F86E
:10BFB00066302389124A11880B441380204601F011
:10BFC000F7FBB6F86630002BCCD0002FCAD1B9F100
:10BFD000000FC7D1064B40F261420A490648F5F707
:10BFE0009FFABFE70023CFE72046BDE8F88300BFF4
:10BFF0009075010844760108207401081863002038
:10C00000146300206C76010870B50C46054660B1DB
:10C010002B69988904F071FA10F0010F12D02046B4
:10C0200001F0D3FB00242C6070BD1D4B40F21F4279
:10C030001C491D48F5F774FAEAE72668204601F026
:10C04000B7FB3446CCB12B89184A126813442169D6
:10C050004A68208902449B1A002B0EDB888904F071
:10C060004CFA10F0010FE8D02B699E89012004F0F2
:10C0700044FA2B6906439E81DFE7002CD3D02B893D
:10C080000A4A11680B44226952689B1A002BCADDC8
:10C09000521A91B22981686803F0C8FFC3E700BF54
:10C0A000907501088C760108207401081C6300203B
:10C0B000F8B5044600286FD0237D032B74D9A84B14
:10C0C0001B7813F0100F3CD0B4F86000A26D8618F6
:10C0D000616DA44B1B68CD1A002D0ADB99426BD011
:10C0E000A14909688A4214D1A04A1268D2899042B3
:10C0F0000FD29E4A1268D28990B2A4F86020B4F898
:10C100006210884201D9A4F862206365964B1B68CF
:10C11000A365954B1B68616C5A1A002A52DD012AEF
:10C1200003D4226D9A1A002A7EDD204602F0E6FE34
:10C13000636B33B1A26B8C490968521A002AC0F2B2
:10C1400036818B4B1B88002B00F03584227D062A1C
:10C1500000F23184616A834A12688E1A012E05D476
:10C160001344CB1A0133002B40F34781521A002AA3
:10C17000C0F285817B4B1B68616A5A1A002A06DB74
:10C18000228D0A449A1A0132002A40F37D8120460A
:10C1900002F0B4FE00F01FBC764B40F27B427649C1
:10C1A0007648F5F7BDF987E7724B40F27C42744957
:10C1B0007248F5F7B5F982E76B490968511A002909
:10C1C0008EDA96E76A4A12882AB9A26DB4F860003E
:10C1D0000244B24203D0002384F84330A8E7B4F904
:10C1E0003020002AF7DB8B42F5D194F84330FF2B47
:10C1F00002D0013384F8433094F84330032B08D93C
:10C20000B4F84810628E0A4492B2914207D8A4F85A
:10C210004820022B8CD9204602F0ECFD88E74FF62F
:10C22000FF72A4F84820F4E7628B12F0040F09D0E3
:10C2300022F004026283B4F84A20A4F848200022C5
:10C24000A4F86A20002084F84200B4F93C50E28F40
:10C2500002EBE502A4F840209AB289B2521A92B2D7
:10C2600084F843006364237D032B17D9B4F8483066
:10C27000B4F84A108B424BD2618B11F4006F40D05E
:10C280000121608E11FB00F189B2914294BF5818D0
:10C29000981882B2934236D8A4F84820E36E394AFF
:10C2A000216F2046FFF750FE03462067364AE16EB5
:10C2B0002046FFF749FEE066226F002A49D000239E
:10C2C000238600232377002847D0B4F864302F4911
:10C2D00009880B44A4F86430638B13F4006F3FF4B7
:10C2E00027AF002A54D0E56C1369586804F00AF9A6
:10C2F0002D1A002D3FF71CAF638B23F4006363837B
:10C3000016E70221BDE74FF6FF73A4F84830C5E7F2
:10C31000B4F86A100A4492B2914210D8A4F86A2084
:10C32000B4F86A209342B9D8D21AA4F86A20628E6F
:10C330001A4492B2934207D8A4F84820AEE74FF6C9
:10C34000FF72A4F86A20EBE74FF6FF73A4F84830B9
:10C35000A4E74FF6FF732386B3E7A4F86830B4E789
:10C36000116300201C630020186300202C63002050
:10C370001263002090750108B4760108207401084A
:10C38000D0760108EC760108F476010814630020E9
:10C3900040B1E56C0369586804F0B4F82D1A002D1B
:10C3A0003FF7C6AE638B23F400636383C0E6884A1D
:10C3B00016889BB2F21A92B2B4F93C00C0F3CF05D2
:10C3C000521B11B280B210FA82F212B2A287002977
:10C3D0000FDBB4F93E30A1EBA3019BB213FA81F15C
:10C3E000E187D21012FA81F1A4F8401000236363B0
:10C3F000A7E69B1B1D4429B2EBE7764B5D6895B120
:10C400004FF6FE739E4216D8B6B2724B5B681B891C
:10C41000B34218D36F4B1A89921B1A815B681A8931
:10C42000921B92B21DE06C4B40F294526B496C48E7
:10C43000F5F776F8E4E7684B40F2955269496848A9
:10C44000F5F76EF8E0E7644B40F2975266496448AE
:10C45000F5F766F8DEE7F31A9EB22A8100236B81B6
:10C460002D686B89B342F6D33146284603F08EFC23
:10C47000636A5E4A1360574A126953607AE6638BB7
:10C4800043F00203638375E68B4205D0656F002D90
:10C4900000F0AA810026CCE14E4B1D891B699889CA
:10C4A00004F02BF810F0030F14D001232B449BB29F
:10C4B0004F4A1380228D93420ED8636F002B5DD0BC
:10C4C000444B1B69988904F018F810F0010F52D101
:10C4D000656F9EE00023E9E73E4B1B69988904F0F5
:10C4E0000CF810F0010F2FD1228D3A4B1A811B69E5
:10C4F000988904F002F810F0020F03D0354A13892E
:10C50000013B1381334D2989686803F08FFD2E8923
:10C510002B69988903F0F1FF10F0030F25D0012358
:10C5200033449BB2324A1380304A12681344626A21
:10C53000218D0A449342C0D0274B40F2CB522D4963
:10C540002748F4F7EDFFB8E7224E33699D89284666
:10C5500003F0D3FF00F03E0003F0CFFF326925F473
:10C560007C5540EA05039381BEE70023D8E70368C2
:10C57000636701F01DF9606F0028F8D11C4B1A8821
:10C580001A4B1B6813446362238D9A4200F2AD80FC
:10C59000238D174A12889B1A2385204601F090F8B4
:10C5A0000C4B5B681A8922B1134A1360094B0022B5
:10C5B0005A60084B1B69988903F09FFF10F0010F28
:10C5C00000F0C1800D4A137843F020031370BAE0E5
:10C5D000586300203063002090750108FC76010844
:10C5E000207401080C7701081C7701081C630020E7
:10C5F000126300202C7701080C63002010630020D8
:10C6000000233B449E4A13802E68284601F0D0F850
:10C61000354665B39A4B1B889A4A126813442969B8
:10C620004A68288902449B1A002B20DB888903F082
:10C6300064FF10F0010FE7D0934B1B69988903F05A
:10C640005CFF10F0020FDFD18F4E33699F8901200C
:10C6500003F053FF336907439F8137893369988912
:10C6600003F04BFF10F0030FCAD00123C9E74DB10F
:10C67000844B1968824B1B880B442A6952689B1AA9
:10C68000002B01DC656779E7521A7F4B1A811B6921
:10C69000988903F032FF10F0020F03D07A4A138911
:10C6A000013B1381784E3189706803F0BFFC3789F4
:10C6B0003369988903F021FF10F0030F13D0012391
:10C6C0003B449BB26E4A13806E4A126813442A6937
:10C6D00052689342D6D06D4B40F2FC526C496D4883
:10C6E000F4F71EFFCEE70023EAE7684B40F207624B
:10C6F00069496848F4F714FF4AE7002235E000234F
:10C7000041E0624B40F22B6264496248F4F708FF53
:10C710003CE0002243E0624B196000236B602B6910
:10C72000988903F0EAFE10F0010F07D05D4A1378F4
:10C7300043F020031370237D042B42D02B686367E2
:10C74000284601F035F8656F002D3DD02A69536801
:10C75000616A8B4238D14B490B602E89908903F076
:10C76000CCFE10F0030FC8D001223244636A134498
:10C770006362268D2F892B69988903F0BEFE10F025
:10C78000030FBCD001233B449E42BAD32E892B69B0
:10C79000988903F0B2FE10F0030FBAD001223244A0
:10C7A000238D9B1A2385204600F08AFF69680B8938
:10C7B000002BB4D03A4B18680028ACD003F0ACFC86
:10C7C000ABE707232375B9E7638B13F0010F07D09D
:10C7D00023F001039BB2638343F002036383FAE017
:10C7E00043F001036383F6E0274800F0F9FF606738
:10C7F00004E0254B1A892B899A4203D8204602F07F
:10C800007DFBE8E0204800F0EBFF03460028F5D070
:10C810002EB1306029461846FFF7F6FBEEE7606759
:10C82000F8E7991A00293FDB29682E4600294CD0E9
:10C830000D46002DE2D0286942689342D9D0002EDF
:10C84000EFD031694968591A0129EDD4991A01319B
:10C850000029E9DC0C4800F0C3FF07460028CDD0D2
:10C860003369596833890B44064A12689B1A002BB6
:10C8700024DC376029463846FFF7C6FBBEE700BF19
:10C88000126300201C6300203063002090750108B3
:10C890006477010820740108A0770108C0770108B7
:10C8A0000C630020106300204B4800F099FF002823
:10C8B000A4D060672946FFF7A7FB9FE7521A91B201
:10C8C0003181706803F0B2FBD3E79A1A002A01DCC9
:10C8D0000D46AEE7808903F010FE10F0010F8DD1F8
:10C8E0003D4800F07DFF2860002887D02B695968FB
:10C8F0002A890A44394B1B68D21A002A40DC384B7B
:10C900001B88364A12681344626A218D0A449B1AB6
:10C91000002B7FF773AF2B681B69988903F0EDFD3F
:10C9200010F0010F33D1626A238D13449BB22A6841
:10C930002A4909685B1A13812B681989586803F022
:10C9400075FB2B681D891B69988903F0D6FD10F0D3
:10C95000030F2ED001232B449BB2214A13801F4A80
:10C9600012681344626A218D0A4493423FF446AF31
:10C970001C4B4FF4DF621C491C48F4F7D1FD3DE726
:10C980005B1A99B22981686803F050FBB7E72B68FE
:10C990001B699E89304603F0B0FD00F03E0003F0B5
:10C9A000ACFD2B681A6926F47C5640EA0603938195
:10C9B000B9E70023CFE7094B1B68626A991A00297F
:10C9C00005DB218D0A449B1A0133002B03DD638BA9
:10C9D00043F002036383F8BD306300201C63002032
:10C9E00012630020907501082C770108207401085B
:10C9F00070B584B00446C8B1994B1B7813F0040F8E
:10CA00003AD0217D022919D0626A964B1B689A425E
:10CA10001DD0991A002916DB218D0A449B1A002B80
:10CA200011DC638B43F0020363830CE08E4B4FF405
:10CA300047728E498E48F4F773FDDDE7226D8D4B0A
:10CA40001B689A4203D00025284604B070BD59B136
:10CA5000894A137843F008031370638B23F00103B2
:10CA600063836FF00D05EFE77F4B4FF44E72834900
:10CA70007F48F4F755FDEBE713F0020F04D0237D58
:10CA8000023BDBB2012B1DD8638B13F0100F02D1D8
:10CA90007B4B1B682362002384F89B3084F89A3018
:10CAA0002046FFF7CDF8237D023B072B00F24082A2
:10CAB000DFE813F00E00B30059016A01C10159010A
:10CAC000F0012402638B43F0020363830025BBE77C
:10CAD000634B1B7813F0100208D013F0020F05D03F
:10CAE000636C0133634909688B4203D0002A75D116
:10CAF0000025A9E75B4B1B685A1C6262E262616415
:10CB0000604A1268D289A4F86020A4F86220013B30
:10CB1000636504232375668EE518284604F066FBDA
:10CB200001462A46304600F09DFE6086420041F2F2
:10CB30001C13934238BF1346B3EB800F2BD98300ED
:10CB40009BB2A4F84830B4F8663073B3B4F86630DA
:10CB5000013BA4F86630256F7DB32B682367284618
:10CB600000F026FE236F002B34D00023238684F8A8
:10CB70004230D4F8883043B10022214620699847DA
:10CB8000054610F10D0F3FF45FAF638B43F00203D6
:10CB90006383002558E741F21C139A4202D94300EF
:10CBA0009BB2CEE741F21C13CBE72F4B4FF45B72E5
:10CBB00035492F48F4F7B4FCC8E7E56E15B12B688A
:10CBC000E366CCE7284B4FF45D7230492848F4F710
:10CBD000A7FCF4E74FF6FF732386CAE7294B1968D1
:10CBE0002B4B2C4A10881F4A12680D8802954988E1
:10CBF0000191191F009102441E490968204602F064
:10CC000035F994F84230052B01D900251CE70025A1
:10CC10002586204602F016FB16E7114B1B7813F011
:10CC2000100F00F08F80134B1968636CCB1A012B27
:10CC300003D4236DCB1A002B2EDD124B1868144B36
:10CC4000144A1588074A126806880296408801909F
:10CC5000181F00902A44204602F008F90025F3E648
:10CC6000116300201C63002090750108E87701081B
:10CC70002074010818630020106300200478010864
:10CC8000586300202C630020247801083C780108B8
:10CC9000E09200201263002004232375E36F002B31
:10CCA00037D09B696BB3E36F9B69002B39D00022AF
:10CCB000214620699847054668BB2046FFF7F8F9EA
:10CCC0009C4B1B8813B1013B9A4A1380638E590019
:10CCD00041F21C128A4238BF0A46B2EB830F27D9B1
:10CCE0009B009BB2A4F84830934B1B7813F0200FA5
:10CCF0003FF4AAAE638B43F00203638307232375DB
:10CD0000A2E68E4B4FF46A728D498E48F4F708FC08
:10CD1000C9E76FF0050515F10D0F05D16FF00C0592
:10CD200092E66FF00F05F6E7204600F0E5FEF5E726
:10CD300041F21C12914202D95B009BB2D2E741F250
:10CD40001C13CFE713F0020F00F00A81636A013B66
:10CD50007D4A1268934201D0002575E6204602F014
:10CD600005F8002570E62046FFF7A2F9724B1B7804
:10CD700013F0200F00F0F680638B43F0020363830F
:10CD80000723237500255FE62046FFF791F96A4BDC
:10CD90001B7813F0200F39D06C4B1B7813F0100F59
:10CDA00004D0226D6A4B1B689A4207D0638B43F014
:10CDB0000203638308232375002545E6E36E002BF9
:10CDC000F4D1638B43F002036383204600F074FDCB
:10CDD000604B1B689C4205D053B1DA68944205D081
:10CDE0001346F9E7DA685B4B1A6001E0E268DA6043
:10CDF0000025E560584B01221A700A232375574B12
:10CE00001A68E2601C6002F059FB1DE64F4B1B786C
:10CE100013F0100F00F0A880226D4D4B1B689A4252
:10CE200001D0002510E6E36E0BB100250CE60623C9
:10CE30002375002508E62046FFF73AF93E4B1B789C
:10CE400013F0200F01D10025FEE5638B43F00203B0
:10CE50006383204600F030FD3E4B1B689C4205D0AA
:10CE600053B1DA68944205D01346F9E7DA68394BD2
:10CE70001A6001E0E268DA600025E560364B0122C5
:10CE80001A700A232375354B1A68E2601C6002F0A1
:10CE900015FBD9E52046FFF70BF92C4B1B7813F057
:10CEA000100F63D0226D2A4B1B689A4201D00025D7
:10CEB000CAE5E36E0BB10025C6E5204600F0FCFC98
:10CEC000244B1B689C4205D053B1DA68944205D0CC
:10CED0001346F9E7DA681F4B1A6001E0E268DA608E
:10CEE0000025E5601C4B01221A700A2323751B4B99
:10CEF0001A68E2601C6002F0E1FAA5E52046FFF73F
:10CF0000D7F8124B1B7813F0100F31D0226D104B55
:10CF10001B689A4201D0002596E5E36E0BB100250F
:10CF200092E5054A137843F01003137000258BE552
:10CF3000002589E514630020106300209075010826
:10CF400050780108207401081C6300201163002040
:10CF5000186300204C6300204663002048630020D3
:10CF6000002571E500256FE500256DE500256BE5E1
:10CF7000002569E5F0B585B0054650B16A688B4B70
:10CF80001A606B89132B0BD8284602F041FF05B0BD
:10CF9000F0BD874B832287498748F4F7C1FAEDE754
:10CFA000864B1968586906F081FF0028ECD1834B45
:10CFB0005B6903F0F003E02BE6D07C4B1B6898899B
:10CFC00003F09BFAC0F307318900C9B21329DBD9FA
:10CFD0002B899942D8D8A1F114039BB2784A1380C7
:10CFE000784A002010606A8991422ED92B68002B64
:10CFF00067D01421284602F0C9FE6C89724B1C8050
:10D000006F4B1F883E1BB6B22146284602F0BEFE7B
:10D0100028684389B342B7D342686A4B1A603146E5
:10D0200002F0B4FE2B89E41B23442B816B89002B77
:10D030004ED12A892B681B899A420BD05C4BE02287
:10D0400062495D48F4F76CFA04E05F4A13802846B1
:10D0500002F09CFE554C2668308803F04EFA308072
:10D060002668708803F049FA70802668706803F0BB
:10D0700049FA7060564B18602668B06803F042FAAF
:10D08000B060544B18602668F08903F036FAF081DE
:10D090002368988903F031FA00F03F024E4B1A7072
:10D0A0002B894E4A138010F0030F06D05A1C92B2FF
:10D0B0004A490A8093423FF667AF494B1C680026F5
:10D0C0002AE03B4BC22247493B48F4F729FA90E754
:10D0D000374BDF2244493848F4F722FAA9E7344BAA
:10D0E000FB2242493448F4F71BFA1AE0304BFC2289
:10D0F0003F493148F4F714FA16E02D4BFD223D4923
:10D100002D48F4F70DFA12E0218B284B1B681A8882
:10D11000914218D02646E468002C76D0237D002B5F
:10D12000DDD0237D0A2BE1D0237D012BE5D0227AAF
:10D13000002AE9D0214B5B6893F838300133DBB229
:10D140009A42E1D0E6E7E28A5B889A42E2D16268DD
:10D150001A4B1B699A42DDD12268184B5B699A42CF
:10D16000D8D1E3689C4218D02EB1E368F3601C4B21
:10D170001A68E2601C60E3689C423FD0002C46D1F4
:10D180000A4B1B68988903F0B8F910F0040F00F0FF
:10D190009681284602F03CFEF9E6054B40F20D125E
:10D1A00015490548F4F7BCF9DEE700BF2C63002001
:10D1B000907501087078010820740108CC92002055
:10D1C0002A6300202463002028630020A47801083B
:10D1D0001C630020186300201163002012630020EC
:10D1E0004C6300208878010898780108C478010809
:10D1F000EC7801081879010840790108954B40F254
:10D20000151295499548F4F78BF9002C53D0944AA0
:10D2100000231360298911815560924909681161C1
:10D22000914A1360914A1370914A1380914B1B7875
:10D2300013F0080F03D06B7B43F001036B73A36FF4
:10D240006BB1204600F06EFE10F10D0F00F09A80D9
:10D25000A36F23B1884B1B88002B40F09380874B32
:10D260001C602046FFF7C4FB10F10D0F13D07F4B5D
:10D270001B7813F0080F00F08C80D4F890301BB1AD
:10D280006FF00D012069984721467D4800F046FB6C
:10D29000204600F0FDF90023784A1360724A1360BB
:10D2A0006F4B586800283FF472AE02F0B1FD6C4B32
:10D2B00000225A606BE6734B1C680EE0654B40F22F
:10D2C0001F1271496548F4F72BF90AE0218B654B71
:10D2D0001B681A88914210D0E4681CB3237D0A2B86
:10D2E000ECD1227A002AF1D0684B5B6893F8383091
:10D2F0000133DBB29A42E9D0EEE7E28A5B889A42D8
:10D30000EAD16268614B1B699A42E5D122685F4BA2
:10D310005B699A42E0D12046FEF712FD284602F0F2
:10D3200077FD34E65A4B1E683046214607E0C28A34
:10D330004C4B1B685B889A420ED00146C06890B186
:10D34000027A002AF3D0514B5B6893F838300133EE
:10D35000DBB29A42EBD0F0E703684C4A5269934241
:10D3600001D0002BE9D100283FF408AF21B1C368F8
:10D37000CB60C660464B1860FEF73EFD284602F0C3
:10D3800047FD04E6638D002B85D1204601F0B6FDF4
:10D3900081E7374B1A8862B1D4F8803033B1214627
:10D3A0002069984710F10D0F3FF475AF304B002204
:10D3B0001A802046FEF794FC00287FF46CAF2A4BBD
:10D3C0001B68F3B1A36F33B1224B4FF4F3723149B1
:10D3D0002248F4F7A5F8638B13F0100F2AD1D4F884
:10D3E0008450002D2ED000231F4A12682146206948
:10D3F000A84710F10D0F3FF44EAF10B11A4B1B6848
:10D40000A3671A4B1B7813F0200F06D0A36F002BD5
:10D4100042D05A7B42F020025A73184B00221A6005
:10D420002046FEF75DFC00287FF435AF204601F072
:10D430009FFD30E70C4B186802F0EAFC204600F034
:10D440005BFB28E70023084A12682146184600F0D3
:10D4500045FDCEE7907501086C790108207401083C
:10D46000306300202C6300200C6300201063002038
:10D470001463002011630020126300200863002061
:10D480004C6300204863002098790108CC9200206A
:10D4900050630020C8790108238DB3F5066F01D0D1
:10D4A00001332385D4F88450002DB6D000231A46CA
:10D4B00021462069A84710F10D0FAED1EBE60A4BCB
:10D4C00019680A4B0A4A10880A4A12680C880294A2
:10D4D00049880191191F00910244074909680020F9
:10D4E00001F0C4FC55E600BF2C630020E092002050
:10D4F000126300201C63002018630020024A137886
:10D5000043F01003137070471063002038B50446D1
:10D510000D4649B9074BFF2207490848F4F700F8C0
:10D5200002E00023E367E4681CB1E36FAB42FAD189
:10D53000F7E738BDE4790108107A01082074010882
:10D5400038B5054620B12B7D012B09D1012417E008
:10D550000D4B40F211120D490D48F3F7E1FFF2E7D0
:10D56000094B4FF489720B490948F3F7D9FFEDE7EE
:10D57000094B53F8243029461868FFF7C7FF0134D8
:10D58000032CF5D938BD00BFE4790108387A0108C9
:10D5900020740108447A0108389A010810B504463D
:10D5A000037D012B04D02146022002F099F810BD22
:10D5B000034BDF2203490448F3F7B2FFF3E700BF50
:10D5C000E47901085C7A01082074010838B5044642
:10D5D00090B1237D042B17D0072B1DD0032B2CD10A
:10D5E000204601F041FB0546F0B90523237520468E
:10D5F00001F0BEFC284638BD114B4FF4CE721149E4
:10D600001148F3F78DFFE4E7204601F02DFB0546B6
:10D6100050B905232375EAE7204601F025FB0546AE
:10D6200010B909232375E2E7B5F1FF3FE2D1638B1F
:10D6300043F0080363830025DCE70025DAE700BF39
:10D64000E4790108387A010820740108094B186848
:10D6500078B110B501E0204654B1C468438B13F093
:10D66000080FF8D023F008034383FFF7AFFFF2E77A
:10D6700010BD70474C63002008B5F2F717FE6FEA43
:10D6800080406FEA9040014B188008BDE400002004
:10D6900010B50446037D012B04D02146012002F081
:10D6A0001FF810BD034BD42203490448F3F738FF99
:10D6B000F3E700BFE4790108787A010820740108D3
:10D6C00038B5044690B1656A218D6818E26AB4F8ED
:10D6D00032C0BCF5866F94BF02EB0C0302F5866383
:10D6E000C31A002B0ADB6185801A38BD0E4B40F24D
:10D6F000A6320E490E48F3F713FFE4E7AB1A002BEE
:10D7000003DD002363850020EFE7551BB5F5803F5F
:10D7100001D26585F7E7044B40F2B632054904486B
:10D72000F3F7FEFEF5E700BFE47901088C7A010803
:10D7300020740108B07A010838B5B0B10C4605462E
:10D74000037D012B19D02B8D191989B2B1F5066F04
:10D7500001D88B4219D94FF406632B852846FFF771
:10D76000AFFFB0F5067F12D238BD0D4B40F2CF327D
:10D770000C490D48F3F7D4FEF6E7094B40F2D232DC
:10D780000A490948F3F7CCFEDDE72985E6E76B8B0C
:10D7900043F002036B83284601F0EAFBE4E700BF95
:10D7A000E4790108CC7A010820740108E47A0108C0
:10D7B00050B110B50446406808B102F029FB21467B
:10D7C000032001F08DFF10BD704738B110B504681B
:10D7D000FFF7EEFF2046002CF9D110BD7047000086
:10D7E00038B5054698B1032001F04CFF044660B1FE
:10D7F0002B686868A968EA6823606060A160E260DD
:10D800002B692361606802F06FFC204638BD044B31
:10D8100040F2826203490448F3F782FEE3E700BF67
:10D82000E47901080C7B01082074010808B530B1C7
:10D83000074B1868074A12681044186008BD064B69
:10D8400040F6AF0205490648F3F76AFEF0E700BF6D
:10D85000E000002058630020E4790108287B0108DB
:10D860002074010838B505460C465AB144B1A38D61
:10D8700033B1282B0ED9283B9BB29D4228BF1D46B1
:10D88000284638BD044B40F6C50204490448F3F766
:10D8900047FEEBE70023F0E7E4790108447B010849
:10D8A0002074010810B50446406F18B1FFF78DFFD2
:10D8B0000023636710BD000010B500B30446037D6C
:10D8C000E3B10A2B1AD0012B18D0806F18B102F0E7
:10D8D0009FFA0023A367636F13B12046FFF7E2FFAF
:10D8E0004FF6FF732386E06EFFF76FFF206FFFF7A1
:10D8F0006CFF0023E3662367A4F8683010BD044B77
:10D9000040F6510203490448F3F70AFEF6E700BF68
:10D91000E47901086C7B01082074010838B50546DC
:10D920000C4649B185B12B68A34215D0CBB1DA685A
:10D93000A24214D01346F9E7254B40F6830225494D
:10D940002548F3F7EDFDEDE7214B40F6840223492E
:10D950002148F3F7E5FDE6E7DB682B6001E0E268CC
:10D96000DA600023E3602046FFF7A6FF237D0A2B41
:10D9700005D0012B03D0638B13F0010F21D1237D40
:10D98000012B1AD0E36E33B1114B40F693021449C8
:10D990001148F3F7C5FD236F33B10D4B40F69402E8
:10D9A00010490D48F3F7BCFD636F33B1084B40F6E7
:10D9B00096020D490848F3F7B3FD00232375E3826F
:10D9C00038BD43F002036383204601F0D1FAD6E765
:10D9D000E4790108887B010820740108A47B010810
:10D9E000C47B0108DC7B0108F87B01082DE9F047C6
:10D9F00084B0F8B10D460446037D012B22D0237D6F
:10DA00000A2B27D0D4F85080D4F82490D4F8906012
:10DA10002769002B47D1B4F816A0BAF1000F4CD0FB
:10DA20002D4B1B68A3421DD013B3DA68A2421DD050
:10DA30001346F9E7294B40F23D2229492948F3F7DB
:10DA40006FFD2DE0254B4FF4107227492548F3F761
:10DA500067FDD4E721462548FFF760FF2046FFF722
:10DA600017FE1DE0DA681C4B1A6001E0E268DA601C
:10DA70000025E560AA46206F08B1FFF7A6FEE06E1C
:10DA800008B1FFF7A2FE606F08B1FFF79EFEB5B9BF
:10DA90002046FFF7FDFD1EB16FF00C013846B04780
:10DAA00004B0BDE8F087B4F816A021461048FFF78F
:10DAB00035FF104B01221A70DDE70025DBE7231D3F
:10DAC000228B0292CDF804A0009323464A46414699
:10DAD000204601F0CBF9DBE754630020E47901082C
:10DAE000107C0108207401082C7C01084863002088
:10DAF0004C6300204663002008B50121FFF776FF44
:10DB000008BD000008B50A4B1B684FF0000C6046CA
:10DB100000E0DB6843B1196A064A1268521A62458E
:10DB2000F7D394461846F4E708B1FFF7E5FF08BDC0
:10DB3000486300205863002010F0800F01D108B91D
:10DB400070477F2038B50138C2B20F4B1B684FF0C9
:10DB5000000C604607E00D4A1268186AA2EB000C40
:10DB60000A461846DB685BB1597D9142F3D3F9D17F
:10DB7000064C24681D6AA4EB050EE645F2D3EAE7DD
:10DB800008B1FFF7B9FF38BD4C630020586300208F
:10DB900070B50C46054660B90A4B4FF410620A494D
:10DBA0000A48F3F7BDFC04E0E6682046FFF7A4FF4F
:10DBB00034462CB122682B689A42F5D0E468F8E725
:10DBC00070BD00BFE4790108607C01082074010881
:10DBD00000B338B50D460446036803B938BD0E4B93
:10DBE0001968FFF7D5FF0D4B19682046FFF7D0FFE6
:10DBF000002DF3D02B68002BF0D0094B1B6800E000
:10DC0000DB68002BEAD0196822689142F8D12A68B3
:10DC10001A60F5E7704700BF4C6300205463002092
:10DC20005063002038B50446A0F10803DBB2012B95
:10DC300004D8104B1B680021084608E00E4B40F248
:10DC4000DD620E490E48F3F76BFCF2E7DB685BB16F
:10DC50001A7DA242FAD10B4A12681D6A521B8A42EF
:10DC6000F4D311461846F1E710B10021FFF7BEFECC
:10DC700038BD00BF4C630020E4790108947C0108A2
:10DC8000207401085863002038B50546012001F0D2
:10DC9000F9FC044660B39C2200212046F2F770FC98
:10DCA00065754FF48663A4F864304FF406626285AC
:10DCB0002285FF22E2724FF4067262860622A4F8E1
:10DCC0004020E2874FF6FF7222860122A4F8482006
:10DCD0001A4A126822621A4A1278A277A4F84A30C5
:10DCE000184BC4F88430184BC4F89430204638BD23
:10DCF000FFF7ACFCFFF706FF012001F0C3FC044670
:10DD00000028C8D10920FFF78DFF012001F0BAFCDF
:10DD100004460028BFD10820FFF784FF012001F04E
:10DD2000B1FC04460028B6D12846FFF705FF0120C4
:10DD300001F0A8FC04460028ADD1D7E758630020C5
:10DD400044630020DDDE000800DD6D0030B585B0E5
:10DD50000D460446D0B125B1237D042B1ED0072BE0
:10DD60001CD0237D012B6AD0022B74D0002B7ED1D6
:10DD7000E38A002B5ED0404B1B68A34252D0002B9D
:10DD800056D0DA68A24251D01346F8E73B4B4FF425
:10DD9000AF723B493B48F3F7C3FBDCE7A36FE3B14A
:10DDA000638B13F0100F1DD0231D228B0292E28A89
:10DDB000019200932346626A216D204601F056F8D5
:10DDC0002046FFF779FD304B1B68A34212D0BBB150
:10DDD000DA68A24212D01346F9E7238DB3F5066F35
:10DDE000BFD0DDE7254B4FF4B27228492548F3F741
:10DDF00097FBD9E7DA68244B1A6001E0E268DA6041
:10DE00000023E360224B01221A70224B1B68A342BD
:10DE100005D02046FFF73CFC002005B030BDFFF7E1
:10DE20006DFBF9E7DA68144B1A6001E0E268DA602A
:10DE30000023E3602046FFF72BFC0020EDE720469F
:10DE4000FFF77EFB21461448FFF768FD2046FFF7E9
:10DE5000A5FB0020E1E721460B48FFF75FFD0C4BD7
:10DE600001221A702046FFF713FC0020D5E7204658
:10DE7000FFF7ACFBD1E700BF54630020E479010851
:10DE8000A47C0108207401084C630020C47C0108B4
:10DE900046630020086300205063002008B560B18D
:10DEA0000346027D012A03D0428B42F010024283D6
:10DEB00001211846FFF74AFF08BD054B4FF4F472E5
:10DEC00004490548F3F72CFB6FF00F00F4E700BF9F
:10DED000E4790108E07C01082074010810B551B113
:10DEE000144608468AB11189FFF726FC204601F046
:10DEF0008FFF002010BD084B4FF4D362074908483C
:10DF0000F3F70EFB6FF00F00F4E70BB10020F1E721
:10DF1000FFF7C4FFEEE700BFE4790108F87C0108D1
:10DF200020740108F8B518B30446866F777B002388
:10DF30008367D0F884502DB3324601460069A84764
:10DF400005463DBB17F0200F2AD0238DB3F5066F91
:10DF500001D001332385D4F884600EB300231A4620
:10DF600021462069B04710F10D0F19D1054617E081
:10DF70000C4B40F209620C490C48F3F7D1FA6FF0F0
:10DF80000F050DE00023324601461846FFF7A6FFB5
:10DF90000546D6E715F10D0F02D0A6676FF0040510
:10DFA0002846F8BDE4790108147D010820740108B1
:10DFB00070B51C4A1378013313701B4B1C6813E0B7
:10DFC00043F002036383204600F0D2FF638B23F00B
:10DFD0000303638313E023F0080363832046FFF702
:10DFE000F5FA10E0E5682C46DCB1A27F0D4B1B78FA
:10DFF0009A42F7D0A377638B13F0010FE0D1638BC4
:10E0000013F0080FE7D1E568A36F002BEBD0074EA4
:10E01000002333702046FFF785FF3378002BE2D0D2
:10E02000CBE770BD446300204C63002046630020B2
:10E030002DE9F04184B09B4A1368013313609A4A7A
:10E04000137801331370994B1C68002694E1984BA8
:10E0500040F2BE4297499848F3F762FA92E1944B36
:10E0600040F2BF4295499448F3F75AFA8EE1904B3B
:10E070004FF4986292499048F3F752FA8AE12646A3
:10E08000E46879E194F84230052B40F28E81012555
:10E090006FE0874B40F2D5428A498748F3F740FA50
:10E0A0009AE1204600F04CFC60B1002384F89830DF
:10E0B00094F89930062B00F2A180013384F899304E
:10E0C000002556E0204600F053FF0028EDD1002542
:10E0D0004FE0B4F930309BB247F6FE72934201D85C
:10E0E00001332386B4F93020B4F940309A4240DB42
:10E0F000204600F0EBFD20B1236F002B39D1E36EF9
:10E10000BBB3237D022B14D094F842200C2A28BFE5
:10E110000C22B4F93C10B4F93E3003EBE1036A4938
:10E120008A5C934047F6FE7293421EDC1BB2A4F851
:10E13000403000232386B4F86030B4F8482093427E
:10E1400028BF13465B08A4F84A30618E4A0092B299
:10E15000934201D2A4F84A20A4F848100023A4F85E
:10E160006A30204601F052F803E047F6FF73DEE71D
:10E170000125227D062A43D0637A13F0080704D0D4
:10E18000042A4AD0072A48D00027636F53B1236A74
:10E19000444A1268D21AB4F9403003EB4303B2EB9D
:10E1A000430F68D2237D032B69D0092B70D0002D3B
:10E1B00040F09280E568237F0133DBB22377627FF2
:10E1C0009342C0F0D78000232377404A1370D4F8DD
:10E1D0008C30002B00F0C6802146206998473B4BCD
:10E1E0001B78002B7FF42FAF002800F0BD8026465F
:10E1F0002C46C1E00125BCE70025BAE70025B8E7B9
:10E20000638B13F0100FB7D0216A264B1B685B1A83
:10E21000282BB1D90135EDB2AEE7224B1A68236A3B
:10E22000D21AD4F8941001F5242303F6B8432848F1
:10E23000A0FB0303B2EB531F03D90135EDB2012755
:10E24000A3E794F89B30234800FB0311204BA3FB6A
:10E250000131B2EB511F01D8002796E7204601F0AB
:10E260000BF830B994F89B30013384F89B300027C9
:10E270008BE7002789E72046FFF714FB92E7216A26
:10E28000084A1268521A282A8FD90135EDB28CE754
:10E29000226A044B1B689B1AF02B88D90135EDB21A
:10E2A00085E700BF58630020446300204C630020D2
:10E2B000E47901083C7D010820740108687D0108AB
:10E2C000947D0108F87D0108509A010846630020FA
:10E2D000D34D6210F8240100D4F890502046FFF787
:10E2E000EBFA1EB36F4B1B689C4217D0E368F360D8
:10E2F0005FBBD4F81080E7682046FFF7C9F96A4B86
:10E3000000221A701DB16FF00C014046A847664B01
:10E310001B78002B7FF497AE3C462DE0634B40F218
:10E320006D5263496348F3F7FBF8DFE75D4B1B6809
:10E330009C4206D05D4B40F271525F495D48F3F755
:10E34000EFF8E268574B1A60D2E7231D626A216D2D
:10E35000208B0290E08A019000932346204600F033
:10E3600085FDC6E700203AE7204600F001FE26467C
:10E370002C4601E026462C46002C50D0237D002B55
:10E380003FF465AE237D012B3FF469AE237D0A2B5C
:10E390003FF46DAEA27F494B1B789A423FF46FAEBB
:10E3A000A377237D022B3FF46DAE94F842300B2B04
:10E3B0003FF6DEAE94F89950002D3FF48AAE236FFD
:10E3C00033B13A4B40F2D4423D493A48F3F7A8F80A
:10E3D000E36E002B3FF45DAE94F89A300B2B3FF6C2
:10E3E00009AF94F89930013B364AD25C94F89830E2
:10E3F000934202D2013384F8983094F898309342D3
:10E40000FFF4FAAEB4F8601000297FF44AAE20465B
:10E4100000F060FF00283FF448AE0025A9E62A4B33
:10E420001D6807E02A6A294B1B689B1AF02B0ED83F
:10E430002C46ED68002D31D02B7D0A2BF2D01B4BE2
:10E4400040F2A15222491B48F3F76AF8EAE728464E
:10E45000FFF732FA9CB11C4B1B689D4207D0EB685A
:10E46000E360EE682846FFF713F93546E2E70F4B05
:10E4700040F2AF5217490F48F3F752F8EFE7124B4B
:10E480001B689D4206D0094B40F2B352124909481D
:10E49000F3F746F8EA680C4B1A60E2E704B0BDE80F
:10E4A000F08100BF4C63002046630020E47901083E
:10E4B000307E0108207401085C7E0108446300205E
:10E4C000C47D0108489A0108486300205863002071
:10E4D000887E0108B87E0108E07E010808B5FFF7D4
:10E4E00067FD064A13780133DBB2137013F0010F96
:10E4F00000D108BDFFF79CFDFBE700BF456300208E
:10E5000010B5044628B163689B7B012B09D100201C
:10E5100010BD054B40F29A5204490548F3F700F844
:10E52000F1E70120F4E700BF087F0108C87F010878
:10E530002074010810B5144619B114F0010F08D168
:10E5400010BD084B40F2567207490848F2F7E8FF41
:10E55000F3E7044B40F2757205490448F2F7E0FF17
:10E56000EEE700BF087F0108F07F01082074010872
:10E57000188001082DE9F0470E46174698469DF889
:10E5800020A08146002840D0002E45D04FEA8A05C1
:10E5900005F00405032001F075F80446002842D078
:10E5A00080F80CA00023036046603389AB423ED361
:10E5B0003189491B2181002363811421304601F0F8
:10E5C000E0FB00283AD163685E682661B9F816005E
:10E5D00001F093FF30802669B9F8180001F08DFF33
:10E5E00070802669404601F08DFF7060A8080530F4
:10E5F000256947EA003001F080FFA88123690022E5
:10E600009A74DA742046BDE8F0870F4BA3220F49B5
:10E610000F48F2F785FFB7E70B4BA4220D490C48D2
:10E62000F2F77EFFB2E7304601F0F2FBEAE7064B75
:10E63000B02209490648F2F773FFB9E72046FFF711
:10E64000B7F80024DEE700BF087F01082C8001082E
:10E65000207401084C800108708001082DE9F04108
:10E6600006460C469846114489B214314FF4207284
:10E6700089B2222001F02EFC074648B304F11303AF
:10E680004289934227DA7D68BDF8180001F035FF12
:10E690002880BDF81C0001F030FF6880C5F80480B8
:10E6A000304601F02FFFA860A40805342403A4B26B
:10E6B0009DF82000204301F020FFA881BDF8240030
:10E6C00001F01BFFE88100232B746B74AB74EB74B7
:10E6D0003846BDE8F081044B40F2237203490448F8
:10E6E000F2F71EFFCFE700BF087F0108888001080E
:10E6F00020740108F0B585B00D4616461F46044645
:10E70000A0B1638D039310230293238B0193E38ABB
:10E7100000933B4632462946606AFFF79FFF18B1D7
:10E72000636A628D1344E36205B0F0BD034B40F2AF
:10E73000427203490348F2F7F3FEE2E7087F01085B
:10E74000B88001082074010808B508B1007A18B92A
:10E75000104602F04BFD08BD01F0C2F9FBE70000D6
:10E760002DE9F04184B00C461646054648B184B107
:10E77000BEB12846FFF7C4FED8B1002004B0BDE802
:10E78000F081464B4FF4B76245494648F2F7C8FE60
:10E79000EDE7424B40F2B95243494248F2F7C0FE1E
:10E7A000E6E73E4B40F2BA5240493E48F2F7B8FE27
:10E7B000DFE72F69606A01F0A5FEB8602F69608D00
:10E7C00001F09BFEF881636A628D1344E362D5F821
:10E7D000108008F114072B7B13F0010F40D1B4F91E
:10E7E0003030002B4BDB636B002B4BD02B696A68FE
:10E7F00051685B1A9BB25189C91A518169680A89AB
:10E80000D31A0B816A682B69536000221A745A74F8
:10E810002B692A7B12F0010F3DD0182213449F422E
:10E8200006D01E4B40F21C6221491E48F2F778FECA
:10E830006868271DD5F810800289009723460621B5
:10E8400001F0D8F9A8F81000029606230193A37AE4
:10E850000093E37A3A462146686802F0A1FE8DE70C
:10E86000221D31464FF40670FEF7FCFF40F00170A8
:10E8700001F048FEC8F8140008F11807AFE70023BC
:10E880002386B0E70B4B1B6863632B69586801F064
:10E8900039FEA063AAE71422C0E700BF087F010881
:10E8A000E08001082074010800810108208101082E
:10E8B00018800108586300202DE9F04385B0044614
:10E8C00015461E460F4631B3324629462046FFF70D
:10E8D0003BFF804650B3D7F8049000962B463A8908
:10E8E0000621384601F086F9A9F81000DCB1E37A78
:10E8F000A17ACDF80880062201920091324629467D
:10E90000384602F04DFE0446384601F081FA2046B2
:10E9100005B0BDE8F083074B40F28772064907480F
:10E92000F2F7FEFDD0E70021FF23E2E76FF00304DA
:10E93000EAE700BF087F010844810108207401084C
:10E940002DE9F04F83B00C46074600283DD0FD6E00
:10E95000002D00F0BD80002C3FD02B89A34240F257
:10E96000BA807B8EA34242D32B89002B47D095F8E7
:10E970000C904FEA890B0BF0040BB5F808A0AAEB3A
:10E980000406B6B20BEB06014FF4207289B23620B2
:10E9900001F0A0FA804670B1686803892A899B1A41
:10E9A00014FA83F3D8F804109BB23246594401F0AC
:10E9B00087FCB0422BD0B8F1000F00F090804046A9
:10E9C00001F026FA4FF0FF3086E0464B40F24B3222
:10E9D00045494648F2F7A4FDB9E7424B40F25332AD
:10E9E00043494248F2F79CFD6FF0050074E03D4B4F
:10E9F00040F25B323F493D48F2F792FDB4E7394BB4
:10EA00004FF457723C493948F2F78AFDAFE72B695A
:10EA1000988901F072FDC3B200F03F0610F0080BB8
:10EA200003D003F037064FF0080B16F0010F03D0A8
:10EA300006F0FE064BF0010B2B69586801F062FDF1
:10EA4000CDF8009023185A4641463846FFF792FD0C
:10EA500081460028AFD0686801F03CFBB7F866300B
:10EA60001B1AA7F8663068680189A4EB0A04A4B2EF
:10EA7000214489B201F0DAFA2B8923442B812B69D6
:10EA80009C89304601F039FD2B6904439C810023A9
:10EA90006B81686801F01EFBB7F866300344A7F885
:10EAA0006630D9F8040001F015FBB7F8663003446E
:10EAB000A7F866302B68C9F80030C5F80090D9F87F
:10EAC00000300BB1002007E00020A7F8680003E049
:10EAD0004FF0FF3000E0002003B0BDE8F08F4FF0B2
:10EAE000FF30F9E7087F01087081010820740108F0
:10EAF00094810108B8810108C88101082DE9F0431B
:10EB000083B004460D4611F0030F50D0002C56D0B0
:10EB100015F002075BD1B8464FEA880606F00406F6
:10EB20004FF420723146362001F0D4F98146002896
:10EB300050D043899E4254D8CDF80080E36D2A46D8
:10EB400049462046FFF716FD0646002851D00369C6
:10EB500013F0030F54D13389002B59D1E36E002BEE
:10EB60005ED01A461B68002BFBD116600023A4F868
:10EB7000683017B915F0010F09D0E36D0133E36573
:10EB800015F0010F03D0638B43F02003638370689B
:10EB900001F0A0FAB4F86630184480B2A4F8660018
:10EBA00000284CD0236F002B3CD0002048E0264B9F
:10EBB00040F2114225492648F2F7B2FCA6E7224B63
:10EBC00040F2134223492248F2F7AAFCA0E74FF093
:10EBD0000108A1E7638B43F0800363834FF0FF30AC
:10EBE0002EE0194B40F239421B491948F2F798FCC4
:10EBF000A2E7638B43F0800363834FF0FF301FE095
:10EC0000114B40F2424215491148F2F789FCA2E744
:10EC10000D4B40F2434212490D48F2F781FC9DE74B
:10EC2000E666A3E7E36E0BB1002009E0064B40F275
:10EC300065420C490648F2F773FC002000E0002012
:10EC400003B0BDE8F08300BF087F0108D881010848
:10EC50002074010830820108508201088C8201086A
:10EC6000A4820108D082010870B5054688B1EB6E18
:10EC700053B11C461B68002BFBD12369988901F016
:10EC80003CFC10F0070F0CD001212846FFF736FF9F
:10EC900070BD0B4B40F2EB320A490B48F2F740FCD7
:10ECA000E5E723699E89012001F027FC23690643DB
:10ECB0009E816B8B43F020036B830020E8E700BF4D
:10ECC000087F0108F882010820740108F8B505469C
:10ECD00058B12C6F002C39D0236873B12046FFF750
:10ECE0000FFC002835D12468F6E71D4B40F2636223
:10ECF0001C491D48F2F714FCEBE72046FFF700FC27
:10ED000050BBEB6E2360DBB12B6FEB6600232B67F0
:10ED10006B8B43F400636B832369586801F0F2FB4B
:10ED2000064627892369988901F0E7FB10F0030F55
:10ED30000AD001231F443E44EE6400206863F8BDFE
:10ED40006389A5F86830DFE70023F3E76FF005007B
:10ED5000F5E76FF00500F2E76FF00500EFE700BFA1
:10ED6000087F01081483010820740108F8B50746DC
:10ED700050B13E6F8EB33046FFF7C2FB80BB3368A5
:10ED80003B6707F16C0508E0174B40F2C162174979
:10ED90001748F2F7C5FBECE72D682B685BB11B69E0
:10EDA000586801F0AFFB04463369586801F0AAFBCC
:10EDB000241A002CF0DB2B6833602E6033684BB1D3
:10EDC00097F84230FF2B02D0013387F84230002001
:10EDD0007863F8BDA7F86830F2E76FF00500F8E750
:10EDE0006FF00500F5E700BF087F010838830108D0
:10EDF0002074010810B5044630B1236F1BB1638B3A
:10EE000013F0040F08D010BD154B40F2F9621549FC
:10EE10001548F2F785FBF0E72046FFF7A7FF00282B
:10EE2000F1D1B4F86030B4F84820934228BF1346BB
:10EE30005B10A4F84A30628EB3EB420F02D253004B
:10EE4000A4F84A30B4F84A3002EB42021344A4F862
:10EE50004830638B43F00403638300232386D2E7A7
:10EE6000087F010850830108207401082DE9F04152
:10EE700084B004460E4615460A9F98462BB367B3E6
:10EE8000304601F03FFB034646F20802039214228B
:10EE90000292BDF830200192BDF82C200092002291
:10EEA00011462846FFF7DAFB054658B100231A46FB
:10EEB00001462046FFF73EFB3B4642462946204698
:10EEC000FFF7FAFC04B0BDE8F081084B40F2C472D1
:10EED00007490848F2F724FBD1E7044B40F2C5721A
:10EEE00005490448F2F71CFBCAE700BF087F010888
:10EEF00070830108207401088C83010838B504462A
:10EF0000E0B1206D01F0FEFA0346002211462046D2
:10EF1000FFF7F0FB0546C8B100231A46014620461C
:10EF2000FFF708FB231D224629462046FFF7C4FCB5
:10EF300098B1638B43F00303638338BD094B40F200
:10EF4000EA7209490948F2F7EBFADAE7638B43F012
:10EF5000030363836FF00100EFE7638B23F0030388
:10EF60006383EAE7087F0108A88301082074010889
:10EF70002DE9F0470546002837D02B7D012B3CD0EA
:10EF80009C4B1B68AB4200F03081B5F84860B5F887
:10EF900060309E4228BF1E46EC6E002C35D02A1DE4
:10EFA00029462846FFF7D0FB8046002800F01F8145
:10EFB0000DB12B6813B9D8F804302B602369586859
:10EFC00001F0A0FA6B6CC01A23891844B0423CD9F6
:10EFD000B5F860309E4229D06B8B13F0020F18D029
:10EFE0002846FFF78BFF034618E0834B40F2E142CF
:10EFF00082498348F2F794FABFE77F4B40F2E3423D
:10F0000080497F48F2F78CFABAE76B8B13F0020F56
:10F0100007D16B8B23F080036B8300231846BDE878
:10F02000F0872846FFF76AFF0346F7E72B6F002BB0
:10F03000D2D195F89930002BCED185F898300122A5
:10F0400085F8992085F89A30C6E7002385F899302D
:10F050002B6F002B00F0C7801F461B68002BFBD1D5
:10F0600034E0654B40F2365267496548F2F758FA8A
:10F070003FE011896A8E914247D2B5F86420002A98
:10F0800043D0B5F86620082A3FD813F0A00F3CD132
:10F09000EB6E002BBDD1A5F86830BAE72369B3F851
:10F0A0000C90102001F029FA236949EA0009A3F81D
:10F0B0000C902DE06A8B42F080026A83AEE7002359
:10F0C00048E028654DE02C672746EC6E002CDFD029
:10F0D0002369586801F016FA6B6CC01A238918442A
:10F0E000B042D5D82369988901F007FA10F0040FCF
:10F0F000B7D12B6F4BB16B8B13F0440F05D1EA6E78
:10F10000002ABAD011680029B3D02B7D022BC5D1BB
:10F11000424629462046FFF723FB03460028C9D173
:10F12000002363812368EB662B7D022B03D06B8B5E
:10F1300023F003036B832369586801F0E3F98146E8
:10F14000B4F808A02369988901F0D7F910F0030FEB
:10F15000B5D00123534409EB03002B6D1B1A002B80
:10F16000AFDBB4F808902369988901F0C6F910F074
:10F17000030F02D1B9F1000F31D0002323602B6FB0
:10F18000002BA0D02369586801F0BCF981463B6987
:10F19000586801F0B7F9A9EB0009B9F1000F02DBDB
:10F1A0003C60274691E705F1700ADAF8003083B138
:10F1B0001B69586801F0A6F981462369586801F077
:10F1C000A1F9A9EB0009B9F1000F02DADAF800A001
:10F1D000EBE7DAF800302360CAF8004075E7204614
:10F1E000FEF7E6FA71E71F4670E7002316E76FF0B7
:10F1F000030313E708630020087F0108C8830108A0
:10F2000020740108E08301080884010810B5044651
:10F2100050B194F84230FF2B02D0013384F84230D1
:10F220002046FFF7A5FE10BD034B4FF4D362034900
:10F230000348F2F775F9ECE7087F0108208401081C
:10F240002074010810B5044620B12046FFF73EFDAA
:10F2500040B110BD054B40F2AD6205490548F2F7DB
:10F260005FF9F2E72046FFF7D1FFF2E7087F0108D8
:10F27000448401082074010838B50446C0B1206DEB
:10F28000013801F03FF90346002211462046FFF7FE
:10F2900031FA0546A0B100231A4601462046FFF781
:10F2A00049F9231D224629462046FFF705FB38BDB4
:10F2B000054B40F6240205490548F2F731F9DEE72F
:10F2C0004FF0FF30F3E700BF087F010860840108BA
:10F2D000207401082DE9F0410446A8B1E56E002D27
:10F2E0005BD094F89A30FF2B02D0013384F89A3027
:10F2F0002B69988901F001F910F0010F0CD02B89CE
:10F30000002B3BD0002208E0264B40F64F02264956
:10F310002648F2F705F9E1E700225FFA82F82B6947
:10F320005B6882F0010200212046FFF7E3F9064600
:10F33000A8B34768B8F1000F22D0B7F80C801120AD
:10F3400001F0DBF828F47C5840EA0800B8812B690A
:10F35000586801F0D7F80130236D1B1A002B1ADB17
:10F3600000231A4631462046FFF7E4F8231D2246C3
:10F3700031462046FFF7A0FABDE8F0810122CCE734
:10F38000686803892A899B1A9BB2012207F114013C
:10F3900000F096FFDBE72065E2E70020ECE74FF0A6
:10F3A000FF30E9E7087F01087C8401082074010828
:10F3B00008B501F019FD00F03FF900F02DFA01F059
:10F3C00023F9FEF759F9FCF704FC00F0B1F808BD89
:10F3D000F8B504460F461646062000F053F980B1F2
:10F3E0000546002303608760C6604460104B1A68BE
:10F3F00072B15368E31A002B0FDA02600C4B1860ED
:10F40000F8BD0C4BBE220C490C48F2F789F8F7E71F
:10F410001860F5E72B601560F2E7002AF0D013685A
:10F42000002BF7D05968611A0029F3DB1A46F4E77C
:10F4300064630020A0840108D484010820740108BA
:10F4400038B5044643689847F4F7FAF984462568C6
:10F45000094B18682844A0EB0C03002B06DA22465F
:10F46000064905EB0C00FFF7B3FF38BD2246034900
:10F47000FFF7AEFFF9E700BF6063002041F400082A
:10F4800070B504460D461646B0F1804F07D2F4F72A
:10F49000D7F9324629462044FFF79AFF70BD044B46
:10F4A00040F2291203490448F2F73AF8EFE700BFA7
:10F4B000A0840108148501082074010808B50A4BCE
:10F4C0001B6853B9094B1B6843B1074B01221A60F3
:10F4D00000220749FA20FFF7D3FF08BD054B1B6840
:10F4E000002BF2D1F9E700BF5C6300204C630020E1
:10F4F000F9F400084863002008B5FEF7EFFF084B59
:10F500001B682BB100220749FA20FFF7B9FF08BD9D
:10F51000054B1B68002BF5D1044B00221A60F6E75F
:10F520004C630020F9F40008486300205C6300206D
:10F5300010B5012408E0064B03EBC402054953F85B
:10F540003400FFF79DFF0134052CF4D910BD00BF36
:10F55000609A010841F4000870B5F4F771F90546A6
:10F5600011E00E4B1968C1B14B68EA1A002A14DB8E
:10F5700008680A4A10608C68CE68094A1360062041
:10F5800000F0AEF834B9074B1B78002BE9D000F03F
:10F590009DFBE6E73046A047F5E770BD64630020B9
:10F5A00060630020E492002010B5C3681C6824B199
:10F5B00022681A6014F0030F01D1204610BD044BDD
:10F5C0004FF48C7203490448F1F7AAFFF5E700BF36
:10F5D0004C8501087C8501082074010838B5054672
:10F5E0000C4611F0030F05D1EB681B682360EB6834
:10F5F0001C6038BD034B4FF4B67203490348F1F762
:10F600008FFFF1E74C850108A085010820740108EF
:10F61000C36800221A608368033323F0030307E002
:10F62000C16809681960C1680B6081880B440132A8
:10F63000C1889142F4DC704710B5002406E0054B08
:10F6400053F82400FFF7E4FF0134A4B2082CF6D9E4
:10F6500010BD00BF909A010810B5044610B1FFF725
:10F66000A3FF10BD044B4FF49E7204490448F1F708
:10F6700057FF2046F5E700BF4C850108C08501080B
:10F680002074010808B5082805D8074B53F8200056
:10F69000FFF78AFF08BD054B40F2571204490548A1
:10F6A000F1F73EFF0020F5E7909A01084C8501082C
:10F6B000D48501082074010808B518B109B1FFF715
:10F6C0008DFF08BD034B40F2951203490348F1F743
:10F6D00027FFF6E74C850108C08501082074010862
:10F6E00008B5082806D821B1064B53F82000FFF7CB
:10F6F00075FF08BD044B4FF4D57204490448F1F777
:10F700000FFFF6E7909A01084C850108F48501087F
:10F71000207401080B688268934202D08360012044
:10F720007047002070470B68C268934202D0C360E4
:10F7300001207047002070476FF00B00704738B50C
:10F7400004460D46FEF744FA2946204601F076FAB3
:10F7500038BD000038B50C46054680B195F8353007
:10F7600013F0040F0AD013F0010F07D014F0010FAB
:10F7700004D06A6812B113F0080F08D138BD064BE7
:10F7800040F26D3205490648F1F7CAFEE6E7291D49
:10F79000284603F0E9FBF1E778860108A88601080E
:10F7A0002074010870B582B0044615460E4639B182
:10F7B00075B1326863689A4212D1002002B070BD00
:10F7C000124B40F2CB1212491248F1F7A9FEEFE7B3
:10F7D0000E4B4FF4E6720E490E48F1F7A1FEE8E732
:10F7E00001922B6001A92846FFF7A9FF5EB133689B
:10F7F000636001212046FFF7ADFFE3690BB12046AE
:10F8000098470120DAE70023F2E700BF7886010875
:10F81000CC86010820740108704700002DE9F041F2
:10F8200082B0044616461D460F46D9B1E6B1EDB189
:10F830000FB13B68E3B901AA39462046FFF7B2FF92
:10F840004FF00108002231462046FFF763FF0022F7
:10F8500029462046FFF767FFB8F1000F0BD002B032
:10F86000BDE8F081074FE1E7064EE0E7054DDFE731
:10F870004FF00008E6E701AA39462046FFF792FF5D
:10F88000EDE700BF4C9B010870B5059C064620B310
:10F89000002C2BD0002932D0002A32D0002B32D0BD
:10F8A00000207060B060F060374D7561B08586F8FB
:10F8B0003500B062F06130620498706233480078BD
:10F8C00086F83800069830613046FFF7A7FF3046CB
:10F8D000A04700283ED0002050E02D4B40F22712D8
:10F8E0002C492D48F1F71CFE304647E0284B4FF4D9
:10F8F00094722A492848F1F713FE00203EE0284977
:10F90000CAE7274ACAE7264BCAE7002386F83830F9
:10F9100024E01F4B40F28B1222491F48F1F700FEF2
:10F9200009E094F8382096F838309A420ED02468CE
:10F930007CB1A642EDD00135FF2DF2DD144B40F233
:10F940008D1219491448F1F7EBFDEAE7013386F807
:10F9500038303CB196F83830FF2BD6D0134B1C68AA
:10F960000025E5E796F83830FE2B08D00133074A2A
:10F9700013700E4B1A6832601E60304670BD034B28
:10F9800000221A70F5E700BF39F70008C392002083
:10F9900078860108DC86010820740108F8860108D1
:10F9A0004C9B01081C87010830870108C892002081
:10F9B000014B1860704700BFC492002010B588B199
:10F9C000044690F8353013F0010F0AD143F00103DB
:10F9D00080F83530C36903B1984703212046FFF70B
:10F9E000B9FE10BD034B4FF4547203490348F1F7BD
:10F9F00097FDF6E778860108608701082074010802
:10FA000010B588B1044690F8353013F0010F0AD0D4
:10FA100003F0FE0280F8352013F0080F0CD1E369E3
:10FA20000BB12046984710BD054B40F29B3205496B
:10FA30000548F1F775FDF6E703F018FAEFE700BFA8
:10FA4000788601087C8701082074010810B530B160
:10FA5000044690F8353013F0040F08D010BD0C4B5D
:10FA60004FF478720B490C48F1F75AFDF6E743F072
:10FA7000040380F8353002F0E5FD03212046FFF74E
:10FA800069FE236A002BE9D020469847E6E700BFCD
:10FA9000788601089C8701082074010808B560B1C8
:10FAA00090F8353013F0040F06D003F0FB0380F814
:10FAB0003530036A03B1984708BD044B40F2064253
:10FAC00003490448F1F72CFDF6E700BF78860108EA
:10FAD000C08701082074010800B10162704700006E
:10FAE000024658B1064B186838B190F838300133E7
:10FAF000DBB2934203D00068F6E7704700207047FE
:10FB0000C892002010B44FF0000C10F0010406D091
:10FB1000614504DD10F8013B63F31F2C013900231C
:10FB200003E030F8022B134402390129F9DC0029E3
:10FB300002DD027862F3070C63449AB202EB1343CE
:10FB400098B200EB134024B103029BB2C0F307202C
:10FB5000184380B25DF8044B70472DE9F843054621
:10FB6000894690461C46002700E02D689DB16E89AD
:10FB700031466868FFF7C6FF204484B204EB1044A6
:10FB800016F0010FF1D087F0010723029BB2C4F3F6
:10FB900007241C43E9E727B123029BB2C4F30724DF
:10FBA0001C43484600F0A9FC0444404600F0A5FC74
:10FBB000204483B203EB104398B200EB1340C043E0
:10FBC00080B2BDE8F88308B51B684FEA134C1CFAF5
:10FBD00083FC029B1B681CFA83FC0CEB134C1FFA82
:10FBE0008CF303EB1C431FFA83FC0CEB1343FFF76E
:10FBF000B4FF08BD10B582B0049C0094FFF7E3FF8A
:10FC000002B010BD08B5FFF77DFFC04380B208BD4C
:10FC1000014B01221A707047E492002010B40024B6
:10FC200004604160028143819DF8043003739DF8B4
:10FC30000830437301238373C4735DF8044B70472A
:10FC400002E0C91A89B2006810B143898B42F8D921
:10FC500002B111807047000008B5D0B10346B1F57C
:10FC6000803F1DD231B31FFA81FC0089604480B20D
:10FC7000604521D393F90CE0BEF1000F12DBEAB12D
:10FC80005A68511A59605A8962445A811881002071
:10FC900007E00B4B40F2DF120A490B48F1F740FC3A
:10FCA000012008BD5A68511A03F110028A42E9D9AD
:10FCB0000120F6E70020F4E70120F2E70120F0E759
:10FCC000E4870108989201082074010808B5074BE1
:10FCD00000221A70064B186800E0C06820B1436F1C
:10FCE000002BFAD0FDF7DEFD08BD00BFE492002036
:10FCF0004C630020F0B583B006460D461446412AF9
:10FD000001D0012A0FD10720FFF7BCFC074638B10C
:10FD10000023019300942B462A463146FFF77EFFCD
:10FD2000384603B0F0BD044B4FF4A57203490448B4
:10FD3000F1F7F6FBE7E700BFE48701081488010844
:10FD40002074010810B582B084468E461846049986
:10FD50000CF1030C2CF0030C0EEB0C04BDF814306A
:10FD60009C420CD801B161440446022301930092E5
:10FD700073467246FFF752FF204602B010BD0024C2
:10FD8000FAE708B50022FFF767FF08BD10B590B18C
:10FD90000346B1F5803F15D2F9B188B25A89824243
:10FDA00012D35C6821445960121A5A811A89121AB6
:10FDB0001A81002007E00A4B40F24B2209490A4809
:10FDC000F1F7AEFB012010BD054B40F2552207496B
:10FDD0000548F1F7A5FB0120F5E70020F3E700BF98
:10FDE000E487010898920108207401082888010816
:10FDF00008B5002902DBFFF72FFF08BD4942FFF7D6
:10FE0000C5FFFAE708B50122FFF7F2FF08BD0000C1
:10FE100070B510B10446002517E0284B4FF4377237
:10FE200027492848F1F77CFB0025284670BD234B65
:10FE300040F2F12224492348F1F772FB0AE02369DA
:10FE4000204698470135EDB23446002CEDD0A37B17
:10FE5000002BECD0A37B013BDBB2A373002BE4D1DE
:10FE60002668237B03F00F03627B12F0020F0AD097
:10FE70002369002BE3D1114B40F2FF2213491148B3
:10FE8000F1F74EFBDBE7022B06D0012B09D06BB953
:10FE9000204600F0C9FFD5E721460820FFF720FCE7
:10FEA000D0E721460720FFF71BFCCBE7034B40F2CE
:10FEB0000F3207490348F1F733FBC3E7E487010832
:10FEC0009892010820740108488801086088010898
:10FED000848801082DE9F04782B00E469046B2F5BD
:10FEE000C17F4DD004460DD8012A3FD0412A3DD0D4
:10FEF000494B40F2271249494948F1F711FB4FF0AD
:10FF0000000939E0B2F5207FF2D1C11C01F4FE7185
:10FF1000F21C93B223F003030B449BB203F11000D5
:10FF200080B222F0030293426FD3824270D801F074
:10FF300093F8814600B304F110010144033100231A
:10FF40000193CDF800803346324621F00301FFF7DC
:10FF500065FED9F8043013F0030F0DD02E4B4FF48B
:10FF6000917230492E48F1F7DBFA05E042463146FE
:10FF70000020FFF7BFFE8146484602B0BDE8F0878B
:10FF800005460027B9461AE0FFF742FEB9F1000F17
:10FF900002D04846FFF73CFFB946EDE71E4B4FF451
:10FFA000807221491E48F1F7BBFAB9F1000F2AD03F
:10FFB000CAF80070341BA6B20025002EDCD0BA4669
:10FFC0000820FFF75FFB07460028DDD0EC1C24F07B
:10FFD0000304A4B2C4F51474A4B2B44228BF3446D6
:10FFE00005F110010144033100230193CDF8008095
:10FFF0002346324621F00301FFF710FE7B6813F021
:020000040801F1
:10000000030FD2D0CAE7B946D4E74FF00009B3E7EF
:100010004FF00009B0E700BFE48701082889010814
:1000200020740108FC88010898880108F8B50E467C
:100030000446B8B12789B7422ED935466389AB4209
:1000400018D2EB1A9DB22389F21B13442381246832
:10005000002CF3D11A4B40F2AF121A491A48F1F7AB
:100060005FFAEBE7164B4FF4CC7218491648F1F7DC
:1000700057FADFE7227B12F00F0F05D1AB4203D016
:10008000637B13F0020F08D065812581206808B1D9
:10009000FFF7BEFE00232360F8BD63681B1BE91851
:1000A00089B2204600F01AFF04460028ECD1044B28
:1000B00040F2BD1206490448F1F732FAE4E700BF06
:1000C000E48701085C89010820740108448901085B
:1000D000748901080346002002E0013080B21B68E9
:1000E000002BFAD17047000070B108B5837B013353
:1000F000DBB2837303B108BD044B40F242320449C2
:100100000448F1F70DFAF6E7704700BFE4870108ED
:10011000908901082074010838B510B10D460446D5
:1001200061B9154B40F2593214491548F1F7F8F905
:1001300019E0238928890344238114462268002A70
:10014000F7D1228963899A420ED1236833B10A4BD1
:1001500040F263320B490A48F1F7E2F923892A8910
:1001600013442381256038BD034B40F262320649B7
:100170000348F1F7D5F9E8E7E4870108A489010805
:10018000207401080C8A0108DC89010810B50C46AE
:10019000FFF7C2FF2046FFF7A7FF10BD2DE9F04192
:1001A00048B10C46054631B102890B899A4202D307
:1001B0000027B84629E03B4B40F2C9323A493B4858
:1001C000F1F7AEF96FF00F0069E0364B40F2D9322B
:1001D00037493648F1F7A4F92BE0324B40F2DA32D6
:1001E00034493248F1F79CF926E02D6815B14FF0FB
:1001F000000829E0002C3AD14FF000081DB16A89AF
:100200002B899A423DD0002C48D06E89A6EB080677
:100210006389DB1B9E4200D31E46686861683246D4
:1002200039444044F0F720FDB04437446B894345DE
:10023000CBD36389BB42D0D36389BB4201D8246846
:1002400000276B894345D0D0002CD7D06289238901
:100250009A42D3D12368002BD0D0124B40F2E9321E
:1002600015491248F1F75CF96FF0050017E00D4BE6
:100270004FF4797211490D48F1F752F96FF00F0000
:100280000DE02B68002BBED0064B40F2EE320A493F
:100290000648F1F745F96FF0050000E00020BDE8E1
:1002A000F08100BFE48701081C8A0108207401085E
:1002B0004C8A0108648A0108908A0108808A010832
:1002C0002DE9F84330B188469146054669B10027CB
:1002D0003E462AE01B4B40F20A421B491B48F1F7FD
:1002E0001FF900273846BDE8F883164B40F20B4251
:1002F00017491648F1F714F90027F3E76C89E41A57
:10030000A4B2A14500D24C4669682246194408EBC4
:100310000600F0F7A9FC2744BFB22644B6B2A9EB09
:1003200004041FFA84F900232D68B9F1000FD9D015
:10033000002DD7D0002BE1D06A899A42DED89B1AD3
:100340009BB2F1E7E4870108BC8A01082074010828
:10035000DC8A010808B5FFF773FC08BD2DE9F843F6
:1003600048B188469146054679B10389934216D330
:10037000164600272EE0224B40F2B3422149224884
:10038000F1F7CEF86FF00F002FE01D4B40F2B442B2
:100390001E491D48F1F7C4F86FF00F0025E0184B17
:1003A00040F2B5421A491848F1F7BAF84FF0FF3059
:1003B0001BE0134B40F2BD4216491348F1F7B0F869
:1003C0000BE0224608EB07016868F0F74DFC361B8E
:1003D00027442D6836B1002DEBD06C89B442F0D3A0
:1003E0003446EEE74F4502D10020BDE8F883044BC8
:1003F0004FF4996208490448F1F792F80020F4E7B5
:10040000E4870108008B010820740108188B01089B
:10041000348B0108548B01086C8B0108F0B583B054
:100420000E4614460DF106021946FFF793FF58B326
:1004300007460189BDF806301A19914227DB428927
:10044000934213D27D89BDF80630EA1A944215DD35
:1004500095B278682A4631461844F0F705FC621BCD
:1004600092B2711962B9002003B0F0BD094B40F29D
:10047000E34209490948F1F753F8E3E72546E8E77D
:100480003868FFF76BFFEFE74FF0FF30ECE74FF016
:10049000FF30E9E7E4870108848B01082074010834
:1004A00038B514460A462189FFF714FD054618B1F0
:1004B0002146FFF773FE08B9284638BD034B40F2CA
:1004C000245203490348F1F72BF8F5E7E4870108C4
:1004D0009C8B01082074010810B582B014460DF100
:1004E0000602FFF737FF30B14189BDF8062091427F
:1004F00001D943689C5402B010BD030243EA1020A6
:1005000080B27047030203F47F0343EA0063020AE8
:1005100002F47F42134343EA106070470020104A00
:100520001388591C11804FF6FF72934209D00D4B6E
:100530001B6893B1598A0A4A1288914206D0DB6837
:10054000F7E7074B4FF440421A80F0E7013080B2E2
:10055000B0F5804FE3D300207047014B18887047F7
:10056000E6000020E8920020F8B50E461546074642
:10057000C8B1FEB13C7A3CB11E4B5B6893F8383091
:100580000133DBB29C4225D1DDB12FB33B682BB3E5
:10059000184A5269B2F1FF3F22D0B16853400B4272
:1005A00020D0002017E0144B872214491448F0F79C
:1005B000B7FFDEE7104B882212491148F0F7B0FF71
:1005C000D8E78FB13B688BB10A4A526993420FD08A
:1005D000284600E00020F8BD0120FCE70120FAE7F2
:1005E0000120F8E70120F6E70120F4E70120F2E717
:1005F0000120F0E7CC920020B08B0108DC8B0108D1
:1006000020740108008C010808B5EFF74FFE6FEA6F
:1006100080406FEA9040014B188008BDE600002042
:100620002DE9F04F83B00F468146D0B107B3B9F83A
:100630000A30072B23D9D9F80440534B196858695D
:1006400003F034FC80462088FFF757FF824660881D
:10065000FFF753FF05464D4B1C684FF0000B5E46FD
:1006600019E04B4BCF224B494B48F0F759FFDDE7E0
:10067000474BD02249494848F0F752FFD7E7484650
:10068000FFF7C6FB03B0BDE8F08FA346A38A9A45E7
:1006900026D02646E468002C30D0638A9D42F8D1EB
:1006A000424639462046FFF75FFF0028F1D0237C01
:1006B00013F0040FEAD1BBF1000FE6D0B8F1000F40
:1006C000E4D0314B5B69B3F1FF3FDFD1DBF80020B1
:1006D0007B689A42DAD022689342D7D1A346D5E705
:1006E00063681BB1284A12699342D2D136B1E368DC
:1006F000F360264B1A68E2601C6011E07CB10821AF
:100700004846FFF743FBB0B924B3A569F5B1E069EA
:10071000CDF800A0224B4A462146A847B2E75C46E6
:10072000002CECD17A68184B5B699A42E7D04846B6
:10073000FFF76EFBA6E7164B4FF4B872194916483F
:10074000F0F7EEFE4846FFF763FB9BE74846FFF7EE
:100750005FFB97E7B8F1000F05D10B4B5B6903F026
:10076000F003E02B03D14846FFF752FB8AE7064B24
:100770009989083109B24846FFF744FB03214846EE
:1007800002F046FFEFE700BFCC920020E892002085
:10079000B08B0108288C010820740108408C0108E6
:1007A000DC9200205C8C010870B504460D4621B136
:1007B0002CB1254B1B6819460CE0244DF8E7244B5F
:1007C00040F2B73223492448F0F7AAFE6FF00F0039
:1007D00015E0C96819B1A142FBD1012600E000264D
:1007E0007AB9FFF79BFE0246F8B1E5B12B682360AA
:1007F000628236BB144B1A68E2601C60002070BD38
:10080000DB68002BF1D0A342FAD0598A8A42F7D193
:100810001868296888420BD069B17BB10028EFD1F4
:100820006FF00700EBE70023E1E76FF00700E6E772
:100830006FF00700E3E76FF00700E0E76FF00700F5
:10084000DDE70020DBE700BFE89200204C9B0108B9
:10085000B08B0108788C0108207401082DE9F04F55
:1008600085B0DDF838B0DDF83CA000284AD00C4651
:1008700090469946064600294ED0002A56D0BAF135
:10088000000F5DD0BBF1000F64D0428A002A6BD00C
:1008900022894FF6F7739A4200F29280082120468F
:1008A000FFF76FFA002866D125466B89072B71D9AF
:1008B0006F68708AFFF721FE38804846FFF71DFEFB
:1008C00078800023BB71FB712889FFF716FEB88082
:1008D000337C13F0010F65D0CDF808B011230193DC
:1008E000B37A0093F37A42465146284600F0B2FDAF
:1008F0000746A54202D02846FFF78AFA384605B0D7
:10090000BDE8F08F314B40F2D12231493148F0F748
:1009100007FE6FF00F07F1E72C4B40F2D2222E4971
:100920002C48F0F7FDFD6FF00F07E7E7274B40F28B
:10093000D3222A492748F0F7F3FD6FF00F07DDE7D0
:10094000224B4FF4357226492248F0F7E9FD6FF04B
:100950000F07D3E71D4B40F2D52222491D48F0F77F
:10096000DFFD6FF00F07C9E70146FFF71DFF0746E0
:1009700000288DD0C2E74FF4207208212220FFF713
:10098000A9FA0546F8B12389002B8ED02146FFF73E
:10099000FDFB8AE70D4B40F20D3213490D48F0F78D
:1009A000BFFD85E72A89CDF80080534611212846EE
:1009B000FFF720F9034608B94FF6FF73FB808BE77A
:1009C0004FF0FF379AE74FF0FF3797E7B08B0108FA
:1009D000908C010820740108B08C0108D08C0108AB
:1009E000F48C0108188D01083C8D0108F0B583B026
:1009F000089D90B10446D1B11AB365B3002834D034
:100A0000066896B306F0F00CBCF1E00F2DD06F68CD
:100A1000BE422BD06FF003002DE0184B4FF4207234
:100A200017491848F0F77CFD6FF00F0023E0134BD7
:100A300040F2812214491348F0F772FD6FF00F0065
:100A400019E00E4B40F2822210490E48F0F768FD83
:100A50006FF00F000FE0094B40F283220C49094868
:100A6000F0F75EFD6FF00F0005E0281D0190009586
:100A70002046FFF7F3FE03B0F0BD00BFB08B0108C6
:100A80006C8D010820740108888D0108A48D01086F
:100A9000C48D0108F0B583B098B10D4614461E46CA
:100AA0000746C1B10AB3007A48B3FFF719F850B34B
:100AB00000903346224629463846FFF797FF03B099
:100AC000F0BD124B4FF4067211491248F0F728FDA1
:100AD0006FF00F00F3E70D4B40F219220E490D485D
:100AE000F0F71EFD6FF00F00E9E7084B40F21A2205
:100AF0000A490848F0F714FD6FF00F00DFE71046D1
:100B000000F074FBD3E76FF00300D8E7B08B010867
:100B1000E48D010820740108FC8D0108188E01087D
:100B200070B5A0B10D4616460446D1B1428A12B343
:100B30002B686360A682237C43F004032374144B68
:100B40001A681346EBB19C4220D0DB68FAE7114BE0
:100B500040F2354210491148F0F7E2FC6FF00F0007
:100B600013E00C4B40F236420D490C48F0F7D8FC2C
:100B70006FF00F0009E00146FFF716FE0028D7D0FE
:100B800003E0E260024B1C60002070BD0020FCE727
:100B9000E8920020B08B0108348E0108207401080F
:100BA000508E010808B510B18161C26108BD044BC7
:100BB00040F28A4203490448F0F7B2FCF6E700BF6E
:100BC000B08B01086C8E01082074010808B550B183
:100BD00001460F4B1A68824211D1D2681A60002078
:100BE000FEF77EFD08BD0B4B40F2A1420A490B48BF
:100BF000F0F796FCF6E7CB68D360F0E71A46002AD8
:100C0000EDD0D368002BF9D08B42F4D01A46F6E72A
:100C1000E8920020B08B0108848E0108207401083E
:100C200010B50020FEF72EFD044628B12022002139
:100C3000EFF7A6FCFF23E372204610BDB8B10246D1
:100C40000368A3B199B10B688BB1094B1B686BB1F9
:100C500010B401E0DB6833B110681C688442F9D13C
:100C600008681860F6E75DF8044B704770477047F6
:100C7000E8920020014B1B6818447047F492002052
:100C8000024B1B68C01A80B2704700BFF49200206C
:100C9000F8B50446FFF7F4FF074625882846FFF716
:100CA000E9FF064664882046FFF7E4FFB5F5C86F04
:100CB00010D8B4F5C86F0FD8BC4202D00388BB422D
:100CC0000CD1094B1B68B3420AD07388BB4209D1CF
:100CD000012000E00020F8BD0020FCE70020FAE73A
:100CE0000120F8E70020F6E7F092002038B504462E
:100CF000344B1B6883423ED8334B1B68A34242D916
:100D00002379002B47D12388B3F5C86F4BD82088AF
:100D1000FFF7B0FF844215D003799BB92A4B1B68BB
:100D200083420FD0294B1B68834244D00088208027
:100D3000B0F5C86F06D0FFF79DFF05462046FFF7C8
:100D40009FFF68806088FFF795FF0546844211D0B9
:100D500003797BB91D4B1B68A3422FD020882880C4
:100D6000B0F5C86F06D0FFF785FF04462846FFF7A9
:100D700087FF608038BD164B40F2DF1215491648D8
:100D8000F0F7CEFBB8E7124B4FF4F072134912485C
:100D9000F0F7C6FBB4E70E4B40F2E11210490E48E3
:100DA000F0F7BEFBAFE70A4B4FF4F2720D490A4869
:100DB000F0F7B6FBABE7054B1C60B7E7034B1860D9
:100DC000CCE700BFF4920020F0920020EC920020CB
:100DD0009C8E0108C88E010820740108E08E01086D
:100DE000FC8E0108188F010838B50B4C24F0030461
:100DF0000A4B1C604FF4C865258000236380237173
:100E00002846FFF737FF064B186001230371058062
:100E10004580044B1C6038BDFB920020F4920020FA
:100E2000F0920020EC920020002844D038B504460F
:100E300010F0030F1FD1A0F108051F4B1B68AB4238
:100E400021D800F10C031D4A126893421BD810F8F8
:100E5000043C03B32846FFF71BFF20B3002304F82C
:100E6000043C174B1B68AB4201D9154B1D6028464B
:100E7000FFF73CFF0EE0134B40F273221249134878
:100E8000F0F74EFB06E00F4B40F27F2210490F486F
:100E9000F0F746FB38BD0B4B4FF423720D490B485E
:100EA000F0F73EFBF6E7074B40F295220A49074868
:100EB000F0F736FBEEE77047F4920020F092002046
:100EC000EC9200209C8E0108448F010820740108D8
:100ED000688F0108848F0108AC8F01082DE9F84361
:100EE0000446CB1C9BB223F003030B2B05D99DB208
:100EF000B5F5C86F02D9002499E00C258D42C0F0E9
:100F000095804D4B1B68A34203D84C4B1B68A342F2
:100F100006D84B4B40F2D1224A494B48F0F700FB30
:100F2000454B1B68A34200F28280444B1B68A342DE
:100F30007DD9A4F10800FFF7A3FE064634F8088C1B
:100F4000A8EB00081FFA88F8A8F108081FFA88F82B
:100F5000454529D845456DD869D034F8087C3846D0
:100F6000FFF788FE81460379002B33D1B7F5C86FB0
:100F700022D0B9F800703544ADB20835ADB2334B6C
:100F80001B684B4520D02846FFF774FE00230371F1
:100F90000780468024F8085C0088B0F5C86F46D00A
:100FA000FFF768FE458042E0254B4FF4397228492F
:100FB0002548F0F7B5FACDE7214B40F2F522254957
:100FC0002148F0F7ADFAD4E72846FFF753FE1F4B50
:100FD0001860D8E705F11403434528D83544ADB26D
:100FE0000835ADB2B7F5C86F18D02846FFF742FEF6
:100FF000164B1B68834201D9144B18600023037100
:1010000034F8083C0380468024F8085C0088B0F57A
:10101000C86F0CD0FFF72EFE458008E0084B40F269
:1010200016320C490848F0F77BFADEE70024204628
:10103000BDE8F8830024FAE7F4920020F092002043
:101040009C8E0108E08F010820740108EC920020BA
:10105000F88F010818900108002800F09680F8B574
:101060000246C31C9BB223F003039EB20B2B04D990
:10107000B6F5C86F02D9002086E00C269642C0F073
:101080008680444B1868FFF7FBFD05464CE0424B59
:1010900040F2873241494248F0F742FA60E00123CA
:1010A00003713C4B1868A0420FD0274408373D4BD2
:1010B0001B689F421FD814F0030524D15DBB04F1C7
:1010C000080061E00088FFF7D5FD03791BB1354AC0
:1010D00012688242F6D12F4A1060324A1268824268
:1010E000E3D0002BE1D02C4B40F2B5322E492C48F6
:1010F000F0F716FAD9E7284B40F2B9322B492848C5
:10110000F0F70EFAD7E7244B40F2BB3228492448C7
:10111000F0F706FAD2E7204B40F2BD3225492048CD
:10112000F0F7FEF9CBE725883746C6F5C8639D4240
:1011300029D22846FFF79EFD04460379002BF2D101
:1011400003885B1B083BB342EDD306F114029342C4
:10115000A5D32E44B6B20836B6B2B6F5C86F96D04F
:101160003046FFF787FD0023037123880380458005
:101170002680012323710088B0F5C86F91D0FFF756
:1011800079FD46808DE70020F8BD002070470020E3
:10119000FAE700BFEC9200209C8E0108189001082D
:1011A00020740108F09200202C900108489001085A
:1011B00078900108A890010808B590F8353013F030
:1011C000010F0DD00146436863B1074A506983425D
:1011D00004D002F06BFE08B9002002E0012000E01C
:1011E000002008BD0020FCE7CC92002084462A4B5A
:1011F00018682FE00068B8B190F8353013F0010F8F
:10120000F8D013F0040FF5D04268002AF2D0DCF8D1
:1012100000104A408468224218D013F0020FE9D12E
:10122000C3689942E6D111E01C4B1B6873B193F877
:10123000352012F0010F09D012F0040F06D05A68C1
:1012400022B19CF800207F2A00D018465DF8044B9C
:101250007047006860B190F8353013F0010FF8D096
:1012600013F0040FF5D04268002AF2D010B4CEE794
:101270000A4B1B687BB193F8352012F0010F0AD09E
:1012800012F0040F07D05A682AB19CF800207F2A78
:1012900001D0184670477047C8920020C4920020C1
:1012A0002DE9F041044647683B781A09042A04D026
:1012B000FEF7AEFD0020BDE8F0810E4603F00F03FF
:1012C0009D007888FFF719F98046238983421BD84F
:1012D0006389AB421DD3238943451AD3132D18D9F3
:1012E0003B695A4A5361F968116103F0F003E02B3E
:1012F00013D196F8353013F0010F2CD07368002B02
:101300006FD14FF0000828E001462046FEF78EFE20
:10131000DEE72046FEF77CFDCCE73046FFF74CFFCA
:10132000A0B94A4B1B7D7F2B51D0494BD3F800808D
:1013300001E0D8F80080B8F1000F08D04645F8D099
:101340004046FFF739FF0028F3D000E0B046B8F17F
:10135000000F05D101E04FF000087B7A112B39D046
:101360003A4B186900283ED1B8F1000F49D0FB88EC
:1013700033F0C00306D0204602F08EFB044600285E
:1013800098D04768314AC2F80080566097603B7831
:1013900003F00F039B00938129462046FEF7F6FCDD
:1013A0007B7A062B3ED0112B2FD0012B3FD041460C
:1013B000264B586902F07AFD28B9244B5B6903F08B
:1013C000F003E02B38D12046FEF722FD21E04FF05C
:1013D0000008C2E77B195B88B3F5884FC0D1B046DF
:1013E000C2E7B046BCE7314602F060FD28B9174BB2
:1013F0001B6903F0F003E02BB6D12046FEF708FD91
:1014000058E72046FEF704FD54E731462046FFF733
:1014100007F90E4B00221A605A609A609A811A618D
:101420005A6147E731462046FBF7A4FDF1E7314614
:10143000204602F02DF8ECE729462046FEF7E2FCB4
:101440000221204602F0E4F8BDE700BFCC92002064
:10145000C89200202DE9F04F83B004468846164616
:101460009A469DF830909DF834B00E9F837B012BF7
:1014700061D1002E73D014212046FEF782FC002893
:101480007BD165686389132B5DD985F808A085F841
:1014900009B04BEA0A2B4FEA1B2343EA0B233268BD
:1014A0002A6191B211FA83F303EB124345222A70A9
:1014B00085F8019049F48A424FF0450949EA02292A
:1014C0000FFA89F91FFA89F999442089FFF715F86D
:1014D000688000EB090A0023AB71EB71DFF8BC9068
:1014E000B9F80000FFF709F8A88000EB0A03B9F883
:1014F00000200132A9F80020B8F1000F2BD0D8F855
:101500000020EA60EA6813FA82F303EB12439AB20E
:1015100002EB134303EB1343DB436B81BB8D13B12E
:101520002289934223D37B69324621463846984725
:1015300003B0BDE8F08F144B4FF4557213491448B3
:10154000EFF7EEFF95E7104B4FF462721149104828
:10155000EFF7E6FF99E7104A1268EA60D2E763897D
:10156000132B0DD963681B69019301AED6E7324690
:101570003946204602F09EFBDAE76FF00100D7E71C
:101580006FF00100D4E700BFCC9001080091010882
:10159000207401080C9101084C9B01084C99002013
:1015A00010B584B0089C94461AB109B10A6802B912
:1015B000211D02949DF81C2001929DF81820009294
:1015C0006246FFF747FF04B010BD43798B4203D05A
:1015D00041710023837103817047000070B5044698
:1015E0000D461646831C442B07D8631C9BB2320A57
:1015F0002A55A01CEE5480B270BD044B40F2AE528E
:1016000003490448EFF78CFFEFE700BF3C91010866
:101610007091010820740108F8B504460D4617467C
:101620001E4603440233442B06D8631C9BB22F553D
:10163000A01CEE5480B2F8BD034B40F29A5203490D
:101640000348EFF76DFFF0E73C910108AC9101080A
:101650002074010870B504460D461646432803D889
:10166000601C2E5580B270BD034B40F2A652034958
:101670000348EFF755FFF3E73C910108F0910108AB
:101680002074010870B504460D461646031D442B10
:1016900011D8631C9BB2320E2A55A21C92B2C6F31B
:1016A0000741E954E31C9BB2C6F30721A954201D4E
:1016B000EE5480B270BD044B40F2B7520349044867
:1016C000EFF72EFFE5E700BF3C91010828920108E3
:1016D000207401082DE9F8438046002841D089464E
:1016E00015461E46002945D04FF420724FF49A71DA
:1016F0003620FEF7EFFB0746002879D04389B3F583
:101700009A7F40D3032D46D099F80630002B47D05E
:10171000394B1B68C9F800307C684FF49A7200217D
:101720002046EEF72DFF01232370637098F83430C4
:10173000A370D9F80000FEF7E5FE6060082D0BD01D
:10174000042D09D0072D07D0032D08D199F80530B5
:10175000043BDBB2012B02D8D8F80430E360002050
:101760002BE0264B40F2697225492648EFF7D8FE58
:1017700047463DE0214B40F26A7223492148EFF78A
:10178000CFFE4F4634E01D4B40F271721F491D4899
:10179000EFF7C6FEB6E799F80530032BBCD1B3E7E7
:1017A000EEF784FD144B1860B2E708EB000393F8E2
:1017B0002E3021180B77013080B20528F5D963232C
:1017C00084F8EC306FF07D0284F8ED20532284F829
:1017D000EE2084F8EF30F03401233522214600203A
:1017E000FFF71AFF2A462146FFF734FF06B1308083
:1017F0003846BDE8F88300BF509900203C910108AD
:10180000649201082074010884920108A4920108DE
:1018100008B5844610460CF101039BB2FF2201F883
:101820000C2007E003F1010C4FF0000E01F803E07B
:101830001FFA8CF3432BF5D903F1F00189B2FEF7BF
:10184000F5FB08BD2DE9F04184B08046856A04218E
:101850002846FFF7BAFE0DF10E0303222946404643
:10186000FFF738FF002856D007464668F0360223B7
:1018700039223146BDF80E00FFF7CEFEADF80E005E
:10188000B8F82C203146FFF7A9FEADF80E0004236E
:1018900037223146FFF7C0FEADF80E0000240AE003
:1018A000204B1A5D3146BDF80E00FFF7D3FEADF8B0
:1018B0000E000134E4B2032CF2D93A463146BDF8A9
:1018C0000E00FFF7A5FFCDF800804323164A3946E6
:1018D00016480068FFF78AF804463846FEF798FA7B
:1018E000AB79FF2B01D00133AB71AB79092B15D844
:1018F000C3EB431203EB8203DB009BB203F2F3134F
:101900000B4A82FB0312DB17C3EB62132B812046C9
:1019100004B0BDE8F0814FF0FF34E1E742F210730C
:10192000ECE700BF449B0108489B01085899002040
:10193000D34D621010B5846A6379013BDBB2092B89
:1019400006D840F2192222FA03F313F0010F00D156
:1019500010BDFFF777FFA38A628A9B1A012BF7DD80
:1019600003EBD373C3F34F032382F1E72DE9F04177
:1019700084B08046856A03212846FFF726FE0DF1D4
:101980000E03032229464046FFF7A4FE002868D034
:1019900007464668F036022339223146BDF80E006C
:1019A000FFF73AFEADF80E004FF410723146FFF724
:1019B00015FEADF80E00042332223146FFF72CFE4F
:1019C0000446ADF80E00E869FEF79CFD024631467C
:1019D0002046FFF757FEADF80E00042337223146AC
:1019E000FFF71AFEADF80E0000240AE0204B1A5D46
:1019F0003146BDF80E00FFF72DFEADF80E000134A4
:101A0000E4B2032CF2D93A463146BDF80E00FFF796
:101A1000FFFECDF800804323164A39461648006879
:101A2000FEF7E4FF04463846FEF7F2F9AB79FF2BE8
:101A300001D00133AB71AB79092B15D8C3EB43123D
:101A400003EB8203DB009BB203F2F3130B4A82FB2E
:101A50000312DB17C3EB62132B81204604B0BDE8F1
:101A6000F0814FF0FF34E1E742F21073ECE700BF82
:101A7000449B0108489B010858990020D34D6210EF
:101A80002DE9F04184B0002851D08046846A002CB2
:101A900057D001212046FFF798FD0DF10E030322D8
:101AA00021464046FFF716FE0746002800F09280C8
:101AB0004668F036022339223146BDF80E00FFF7A2
:101AC000ABFDADF80E00B8F82C203146FFF786FDCF
:101AD000ADF80E00042332223146FFF79DFD054686
:101AE000ADF80E00E069FEF70DFD024631462846CE
:101AF000FFF7C8FDADF80E00042336223146FFF78C
:101B00008BFD0546ADF80E00A069FEF7FBFC024612
:101B100031462846FFF7B6FDADF80E000423372204
:101B20003146FFF779FDADF80E0000251EE02C4B85
:101B300040F277122B492C48EFF7F2FC6FF00F05BB
:101B400044E0274B40F2791228492748EFF7E8FC98
:101B50006FF005053AE0264B5A5D3146BDF80E00A0
:101B6000FFF778FDADF80E000135EDB2032DF2D987
:101B70003A463146BDF80E00FFF74AFE1D4B019371
:101B8000CDF8008043231C4A39461C480068FEF704
:101B900065FE05463846FEF73BF9A379FF2B01D0D9
:101BA0000133A371A279052A17D801239340C3EB0F
:101BB000431203EB8203DB009BB203F2F313104AE0
:101BC00082FB0312DB17C3EB62132381284604B0A8
:101BD000BDE8F0814FF0FF35DFE74EF66023ECE71C
:101BE0003C910108E4920108207401080093010867
:101BF000449B01084C9B0108489B01085899002010
:101C0000D34D621070B5866A094B9B7803B970BDDD
:101C100004460D4600233381064B9868FEF772FC9C
:101C2000B0612B69F3612046FFF72AFFEFE700BFA1
:101C30005C990020689900202DE9F04184B00646A7
:101C4000846A0023E36106212046FFF7BEFC0DF104
:101C50000E03012221463046FFF73CFD00283AD012
:101C600080464768F037022339223946BDF80E0016
:101C7000FFF7D2FCADF80E00B28D3946FFF7AEFC8F
:101C8000ADF80E00042337223946FFF7C5FCADF846
:101C90000E0000250AE0204B5A5D3946BDF80E00C3
:101CA000FFF7D8FCADF80E000135EDB2032DF2D9E7
:101CB00042463946BDF80E00FFF7AAFD174B0193C7
:101CC00000964323164A414616480068FEF7C6FDB3
:101CD0004046FEF79DF8A379FF2B01D00133A37195
:101CE000A279052A14D801239340C3EB431203EBD6
:101CF0008203DB009BB203F2F3130B4A82FB031255
:101D0000DB17C3EB62132381002004B0BDE8F08130
:101D10004EF66023EFE700BF449B01084C9B01088F
:101D2000489B010858990020D34D62102DE9F041DD
:101D300084B00546846A0C212046FFF746FC0DF16D
:101D40000E03042221462846FFF7C4FC98B3074639
:101D50004668F036042332223146BDF80E00FFF704
:101D60005BFC8046ADF80E00E069FEF7CBFB024657
:101D700031464046FFF786FCADF80E003A46314644
:101D8000FFF746FD0D4B0193009543230C4A39465E
:101D90000C480068FEF762FD05463846FEF738F845
:101DA000A379FF2B01D00133A3711423238128468B
:101DB00004B0BDE8F0814FF0FF35F1E74C9B01081E
:101DC000489B01085899002038B50546846A0821C7
:101DD0002046FFF7FAFB002204F11C01284601F01F
:101DE0007BF9A379FF2B01D00133A3710123238158
:101DF00038BD000030B583B0002865D00546846A40
:101E0000002C69D000236382A26AB2F1FF3F0FD099
:101E10001E32A3F17733A3FB02135B09B2F5701FE7
:101E200001D34FF6FF739BB2A3820BB90123A382A8
:101E3000E26AB2F1FF3F10D01E32344BA3FB021313
:101E40005B09B2F5701F01D34FF6FF739BB263813C
:101E50000BB9012363816389E381226BB2F1FF3FF8
:101E600010D01E32294BA3FB02135B09B2F5701F81
:101E700001D34FF6FF739BB2A3810BB90123A3815A
:101E8000A38923826289A3899A4202D30BB10023DA
:101E90006381E37943B3236A0193636A009333B99F
:101EA000E369019A1340009343F0807300930A2181
:101EB0002046FFF78AFB6B4601AA04F11C01284665
:101EC000FDF7ACFC03B030BD114B40F21542114997
:101ED0001148EFF725FBF5E70D4B40F217420F498C
:101EE0000D48EFF71DFBEDE7227F94F91C30002B26
:101EF00002DBFF230193D0E7BF2A03D96FF07F43B2
:101F00000193CAE74FF6FF730193C6E78988888873
:101F10003C9101081C9301082074010838930108C2
:101F200010B504460C21806AFFF74FFB04490B46AD
:101F30000A462046FDF772FC2046FFF77DFE10BDE5
:101F40004C9B010810B50C4B1B7833B10A4A13782F
:101F5000013BDBB213703BB110BD084BFF220849B7
:101F60000848EFF7DDFAF1E7074C2068FEF72EFE90
:101F700000232360F0E700BF549900203C91010842
:101F800050930108207401085899002038B5174B68
:101F90001B780BBB164B1B682BB1164BE522164961
:101FA0001648EFF7BDFAFEF73BFE114B1860C8B1BB
:101FB000437A43F020034372114D44222946FEF731
:101FC000F3FB0B4C432229462068FEF7A9FD0022B3
:101FD0000C492068FEF7E6FD044A137801331370BC
:101FE000002038BD4FF0FF30FBE700BF54990020C0
:101FF000589900203C91010874930108207401084D
:102000004C9B010859250108684B00221A605A6050
:102010001A8143892B2B40F227822DE9F04F87B09C
:10202000824604899046F026554604E0F61AB6B278
:10203000E41AA4B22D68002D00F019826B89B34216
:10204000F4D96B6801933746B346CDF80C80DDE0D8
:102050002A6812B152681278F1E00022EFE0042AF7
:1020600003D116464FF0060922E0514B40F22E6292
:1020700050495148EFF754FA6FF00500F9E1032A8F
:1020800003D94FF00709042612E0494B40F23362AE
:102090004A494948EFF744FA6FF00500E9E112F0C8
:1020A000030F0BD11646082A28BF08264FF008094F
:1020B000002940F08E800137BFB297E03C4B40F2E0
:1020C00039623F493C48EFF72BFA6FF00500D0E149
:1020D000042A03D116464FF00309E9E7344B40F2D6
:1020E000416234493448EFF71BFA6FF00500C0E154
:1020F000012A06D1BBF1F00F0DD116464FF00009B1
:10210000D6E72B4B40F24F622E492B48EFF708FAE7
:102110006FF00500ADE1264B40F251622A49264896
:10212000EFF7FEF96FF00500A3E1012A03D116468F
:102130004FF00109BCE71E4B40F2556221491E4891
:10214000EFF7EEF96FF0050093E1042A03D116468C
:102150004FF00209ACE7164B40F259621549164898
:10216000EFF7DEF96FF0050083E1042A03D116468C
:102170004FF004099CE70E4B40F25D620D490E489A
:10218000EFF7CEF96FF0050073E1042A03D116468C
:102190004FF005098CE7064B40F26162054906489D
:1021A000EFF7BEF96FF0050063E100BF5C99002016
:1021B0003C9101089C93010820740108A893010830
:1021C000BC930108CC930108D89301084FF0FF3964
:1021D000002610444FF6FD71884200F350813A44C6
:1021E00092B2023297B2002E40F0A6806B899F42D5
:1021F0000CD3FF1ABFB2E31A9CB2A74280F042810F
:102200002D68002D00F004816B680193002D00F013
:102210000981A74280F00681019BD95DFF2900F06A
:102220000181BB1C1FFA83F8474500F2258138461F
:102230007A1C6E89B242BFF60BAF019B9A5C3B29B8
:10224000C4D801A656F821F0B72001085F20010884
:10225000CD2101087F200108CD210108CD210108F1
:102260009F200108CD210108CD210108CD210108C1
:10227000CD210108CD210108CD210108CD21010882
:10228000CD210108CD210108CD210108CD21010872
:10229000CD210108CD210108CD210108CD21010862
:1022A000CD210108CD210108CD210108CD21010852
:1022B000CD210108CD210108CD210108CD21010842
:1022C000CD210108CD210108CD210108CD21010832
:1022D000CD210108CD210108CD210108CD21010822
:1022E000CD210108CD210108CD210108CD21010812
:1022F000CD210108CD210108CD210108CD21010802
:10230000CD210108CD210108CD210108CD210108F1
:10231000CD210108D1200108F12001082B2101085D
:102320004B210108CD210108CD210108CD21010853
:102330006B2101088B2101080022059202972AE0F7
:10234000524B13F80930002B60D13746042E28BFBA
:102350000427FFB243463A4605A92846FDF7B0FFD9
:10236000B8424DD1042E2BD916F0030F1ED1474B86
:10237000012203F809200598FEF7C4F8444B43F8FE
:102380002900043EF6B208F104039BB298453AD8FE
:1023900009F101099846B9F1090FD1D93D4B4FF424
:1023A000CF623D493D48EFF7BBF8C9E7394B40F2F2
:1023B00081623B493948EFF7B3F86FF0050058E008
:1023C000029F042E0DD0012E10D19DF814300593DC
:1023D0002E4B012203F809202D4B059A43F82920A2
:1023E00004E70598FEF78EF80590F1E7294B4FF4C6
:1023F000D2622C492948EFF793F86FF0050038E0D6
:102400006FF0010035E06FF0010032E0029FEDE671
:10241000204B40F29D6224492048EFF781F86FF08D
:10242000050026E0DDF80C80184B1B7853B1184BE3
:102430001B68164A00211170012B12D0022B09D003
:10244000032B0CD0B8F1000F07D04FF000086C241C
:102450002C26E9E54FF00108F4E7002009E04FF0F1
:102460000108EC246C26DFE56FF0010070476FF087
:10247000010007B0BDE8F08F6FF00100F9E76FF0E1
:102480000100F6E76FF00100F3E700BF5C99002060
:10249000689900203C910108F0930108207401081C
:1024A000049401081C9401083094010810B582B00E
:1024B000846A002323626362254BDB7813B1254BCA
:1024C000DB68A362224B1B79A3B1224B1B69E36239
:1024D0001F4B5B7993B11F4B5B6923630B69E3610E
:1024E0001B4B9B7983B90023E371194BDB799BB9B3
:1024F000002423E0A36A5B08E362E9E7A36AC3EB75
:10250000C303DB082363E9E7124B9869FDF7FAFF81
:1025100020620123E371E8E70E4BD869FDF7F2FF73
:102520006062E5E70B4A52F82300FDF7EBFF0190EC
:1025300001A92046F9F74EFB0134E4B2012C05D87D
:1025400004F10803024AD25C002AEBD102B010BDAC
:102550005C9900206899002070B51446364B5D6880
:10256000AE6A5268F6B13379E3B163892B2B19D97E
:102570001378022B16D1002395F8341099420BD909
:10258000052B09D8E91891F82E00D118097F884247
:1025900008D10133DBB2EFE75068FDF7B3FF3368D2
:1025A000984203D02046FDF733FC70BD31462046EB
:1025B000FFF72AFD0028F5D1204B5B78002BF1D0E6
:1025C00061681F4B1B79052B0AD0062B26D0022BE6
:1025D000E8D17379062BE5D12846FFF713FBE1E735
:1025E0007379012B0AD0033BDBB2022BDAD82846E1
:1025F000FFF75CFF2846FFF7FDFBD3E72846FFF710
:1026000055FF95F8353013F0080F03D02846FFF733
:10261000DBFBC7E72846FFF7EDFBC3E77279032A28
:1026200005D0012A03D0042A01D0052ACFD128469B
:10263000FFF776FCB6E700BFCC9200205C99002043
:102640006899002038B5856AADB104466B79052BD1
:102650000AD8032B0AD273B10C2B0DD80023AB710F
:102660002046FFF7E9FA06E00A2BF5D10023AB710B
:102670002046FFF77BF938BD034B40F26D3203492A
:102680000348EEF74DFFE9E73C9101087894010813
:102690002074010808B530B10246836A13B1587935
:1026A000082808D008BD084B40F28B32074908487B
:1026B000EEF736FFF6E70968DB699942F2D110467A
:1026C000FFF734FBEEE700BF3C91010810740108EE
:1026D000207401082DE9F04184B08046856A052107
:1026E0002846FEF772FF0DF10E03032229464046ED
:1026F000FEF7F0FF002857D007464668F036022361
:1027000039223146BDF80E00FEF786FFADF80E0007
:10271000B8F82C203146FEF761FFADF80E00042317
:1027200037223146FEF778FFADF80E0000240AE0AC
:10273000204B1A5D3146BDF80E00FEF78BFFADF859
:102740000E000134E4B2032CF2D93A463146BDF80A
:102750000E00FFF75DF8CDF80080432305F1180265
:10276000394615480068FEF741F904463846FDF73A
:102770004FFBAB79FF2B01D00133AB71AB79092B48
:1027800015D8C3EB431203EB82031B019BB203F288
:10279000F3130A4A82FB0312DB17C3EB62132B818C
:1027A000204604B0BDE8F0814FF0FF34E1E744F685
:1027B0002063ECE7449B010858990020D34D621038
:1027C00010B5846A6379013BDBB2092B06D840F26D
:1027D000112222FA03F313F0010F00D110BDFFF70D
:1027E00079FFA389628A9B1A012BF7DD03EBD37370
:1027F000C3F34F03E381F1E788B1836A8BB15B795F
:10280000052B06D00A2B06D0042B06D10120C0B21E
:1028100070470120FBE70120F9E70020F7E70020DF
:1028200070470020704700002DE9F04184B0846AB1
:10283000FCB105466379E3B1A36903930023A36167
:10284000E361236263622363E362A362A382638220
:102850002382E381FFF7D0FF70B922490B460A4675
:102860002846FCF7DBFF00212046FEF7AEFE237969
:1028700093BB04B0BDE8F0810DF10A0307222146A5
:102880002846FEF727FF07460028E6D04668F036C0
:10289000042336223146BDF80A00FEF7BDFE80460D
:1028A000ADF80A000398FDF72DFE0246314640467A
:1028B000FEF7E8FEADF80A003A463146FEF7A8FFFB
:1028C0000095432303AA394607480068FEF78EF8AF
:1028D0003846FDF79DFAC0E7FFF734FB002323716C
:1028E000C7E700BF4C9B01085899002070B528B37A
:1028F000044690F8353013F0010F29D0856A838D96
:10290000B3F5107F43D36DB32B7993BB34220021F1
:102910002846EDF735FEFFF739FB064600283CD187
:1029200001232B7194F8353013F0040F24D0204686
:10293000FFF782F9064620BB304670BD184B40F2C7
:10294000E72218491848EEF7EBFD6FF00F06F3E7A2
:10295000134B4FF43A7215491348EEF7E1FD6FF04F
:102960000F06E9E73420FEF777FB054690B1A06239
:10297000CCE7FFF7E7FAC9E702212846FEF725FE74
:10298000DAE72046FFF750FF4FF0FF36D4E74FF06D
:10299000FF36D1E74FF0FF36CEE74FF0FF36CBE7FB
:1029A0003C91010810740108207401088C940108FE
:1029B00010B5174B1C6806E02046FFF735FF204690
:1029C000FFF794FF246814B3A36A002BFAD05A7956
:1029D000002AF7D0998A29B15A8A013292B25A82D2
:1029E0009142E9D01A8A1AB1511E1982012A0AD0DD
:1029F000DA89002AE6D0511ED981012AE2D1204687
:102A0000FFF7DEFEDEE72046FEF794FFDAE710BDB3
:102A1000C892002010B50446826A5379013B0B2B03
:102A200009D8DFE803F009081E0808060815080899
:102A30000806FFF701F910BD9379052B02D8FFF7BF
:102A40001FF8F8E7FFF7F0FE2046FFF74FFFF2E729
:102A50009379012B02D9FFF7CDF9ECE7FFF7B4F931
:102A6000E9E79379012B02D9FFF7E6F8E3E7FEF7F0
:102A70007DFFE0E710B50B4B1C6802E0012A0AD08D
:102A8000246874B1A36A002BFAD01A89012AF5D9F7
:102A9000013A1A81F4E7013A1A812046FFF7BAFF9A
:102AA000EEE710BDC892002010B5044600EB4002CE
:102AB0000D4B53F8320038B1FDF7AAF904EB44038B
:102AC000DB00094A0021D150074A04EB440302EB22
:102AD000C30300211975598299605960034A10682F
:102AE000D86092881A8210BD94990020289A010813
:102AF0002DE9F04F85B0064617464FF00009CDF896
:102B00000890CB464FF00A0A4B465546D046CDF8C2
:102B10000CA0019103E078B91D4601331BB2092BCB
:102B20004BDC1C4603EB4300564A02EBC002107D0F
:102B30000A2DF0D00028F0D04EB104EB440E514ADB
:102B400002EBCE0CDCF80420316891420ED0012853
:102B500017D00128E1D904EB44044A4A02EBC4022D
:102B6000528A4A45D9D391469846D6E7002F00F0BD
:102B70008180444A02EBCE029268BA42E7D11D46F8
:102B800052E004EB44023F4850F832204AB104EBD3
:102B9000440400EBC402528A5A45BED393469A4677
:102BA000BBE704EB4404374A02EBC402528A0299A1
:102BB0008A42B2D302920393AFE7019911F0020F58
:102BC0005AD10A2D34D0092D16DDB8F1090F35DCA4
:102BD00008EB48032B4A52F83330002B36D02A4BEF
:102BE00040F26D1229492A48EEF79AFC45462846DC
:102BF000FFF75AFF092D2DDC2C4605EB4502214B32
:102C000003EBC2031B7D6BBB36B1316804EB44029E
:102C10001C4B03EBC20359601A4B04EB440203EB59
:102C2000C202002151829760284605B0BDE8F08FAE
:102C300011F0010FC7D14FF0FF35F5E7039B092BCA
:102C400006DDBAF1090F1ADC5546D0E74546CEE756
:102C5000039DCCE70C4B40F283120E490C48EEF773
:102C60005FFCC9E7084B4FF4C2720B490848EEF706
:102C700057FCC9E71D46D7E74FF0FF35D4E74FF0C3
:102C8000FF35D1E794990020B0940108E49401083D
:102C900020740108FC94010810950108F0B583B078
:102CA00005460C4616461F4690F83420062A3DD1AC
:102CB000002C43D02068002840D0294601F0F6F8C7
:102CC00000283BD1226802F0F002E02A36D02A46E2
:102CD00039462046FFF70CFFB0F1000C31DB1C4BEE
:102CE0000CEB4C0003EBC002022111759560C10092
:102CF0000831194434684C60B4880C810021518239
:102D000053F830700FB3C3000C46114AD1504FF442
:102D100000630093334605F12E0239462846F8F742
:102D20000BFD3846FDF774F820460CE0094B40F2E5
:102D3000A91209490948EEF7F3FBB9E76FF00F0054
:102D400001E04FFA8CF003B0F0BD0020FBE700BFBC
:102D500094990020B09401083C9501082074010862
:102D60002DE9F04782B00F4690461D46DDF82CA0B5
:102D70008146002842D04FF420721C210E20FDF71E
:102D8000A9F80646002851D043891B2B3ED9746808
:102D9000BDF83400FDF7B1FBE08099F83430062B24
:102DA0003CD12B68A360AB88A381DAF80030C4F86B
:102DB0001230BAF80430E3820A9B1B68C4F80E3064
:102DC0000C9B1B68A36100252570012363700823F9
:102DD000A370E570062323710423637140F6060394
:102DE000009343463A4631464846F8F7A5FC30463C
:102DF000FDF70EF8284602B0BDE8F0870D4B40F213
:102E000057420D490D48EEF78BFBB4E7094B40F2F2
:102E100062420B490948EEF783FBB8E7054B40F2E5
:102E2000694208490548EEF77BFBBAE74FF0FF30EF
:102E3000E1E700BFB0940108107401082074010894
:102E4000609501089495010830B585B000F12E0316
:102E5000041D01250395029103490191009419462F
:102E6000FFF77EFF05B030BD289A010838B505464A
:102E7000002400E00134092C11DC04EB4402084B6F
:102E800003EBC2031B7D002BF4D0054B03EBC20305
:102E90009B68AB42EED12046FFF706FEEAE738BD5D
:102EA000949900202DE9F04186B0A9B104460E4660
:102EB00045682B88B3F5807F08D12B79062B05D187
:102EC0006B79042B02D16B88082B0DD02046FCF7C0
:102ED0009FFF06B0BDE8F081204B40F28A222049D6
:102EE0002048EEF71DFBF4E7D5F80E300593AA69EC
:102EF0004F68B7B905F108080223424605A93046D4
:102F0000FFF7CCFEEB88B3F5807F15D0B3F5007FDB
:102F100003D105A93046FFF7BDFB2046FCF778FF3B
:102F2000D7E7974214BF0027012705F108080FB122
:102F30000123E2E70223E0E7002FEED006F12E01A5
:102F4000331D0222039205AA0292CDF80480009359
:102F50000B4642463046FFF703FFDEE7B094010818
:102F6000107401082074010808B5024AFFF76CFFCD
:102F700008BD00BF309A010810B5002405E0042BFD
:102F80001BD92046FFF790FD0134092C35DC04EBFA
:102F90004403DA00194B13441A7D002AF4D004EBE1
:102FA0004401CB00154919444B8A01339BB24B8233
:102FB000B3F5967FE5D2012AE1D0032A0DD0042A89
:102FC00013D0012AE0D104EB4402D3000B4A13448E
:102FD000191D9868FFF7C8FFD6E704EB4403DA0031
:102FE000064B134404221A75CEE704EB4403DA00BF
:102FF000024B134402221A75C6E710BD94990020B3
:1030000070B582B005460E46144602EB42022E4BC6
:1030100003EBC2031B7D012B19D904EB44022A4B9D
:1030200003EBC2031B7D022B19D004EB4403DB002E
:103030000833254A13444FF400620092043305F12B
:103040002E0231462846F8F777FB02B070BD1F4BC1
:1030500040F2EE221E491F48EEF762FADDE71A4BF6
:1030600003EBC2035B8AB3F58E7F1BD8B3F5877F72
:10307000DBD304EB4401144B03EBC10104EB44022A
:10308000D20008321A44043204312846FFF7DCFE2D
:103090000028CAD104EB44020B4B03EBC20303220A
:1030A0001A75C2E7084901EBC20104312846FFF74F
:1030B0005BFF0028B9D104EB4402034B03EBC203CE
:1030C00003221A75B1E700BF94990020B09401085B
:1030D000F8950108207401082DE9F04383B00546F6
:1030E0008846164600F12E070146D8F8000000F089
:1030F000DDFE002840F09F80D8F8003003F0F00299
:10310000E02A00F09B80002B00F09B802A460121E2
:103110004046FFF7EDFC041E2BDBA3B27E2B2AD822
:10312000E4B204EB44024A4B03EBC2031B7D53BBE6
:10313000474B03EBC2034FF0010983F814909D60E5
:1031400004EB4402424B03EBC2031B7DF3B1B9F124
:10315000000F23D116B34FF0FF3004EB44023C4B79
:1031600003EBC2031B7D012B1FD8012B2CD135464D
:1031700039E060B228E0374B40F2C1323649374877
:10318000EEF7CEF9CCE74FF00009D9E7314B40F22A
:10319000CD3233493148EEF7C3F9D8E741462846E6
:1031A000FFF7E2FE002ED8D10EE02E4B1C70D300AC
:1031B0000833274A13444FF40062009204333A461E
:1031C00031462846F8F7B8FA03B0BDE8F083214B42
:1031D00040F2F13224492148EEF7A2F92B7B13F09B
:1031E000400F22D12D683DB16A892B899A42F5D1D1
:1031F0002B68002BEBD1F1E70023C3B132464FF42B
:1032000020710E20FDF74CF90646EEB104EB4403A5
:103210000F4A52F8330008B1FCF7FAFD04EB4404FE
:103220000B4B43F834600020CEE70123E5E730463E
:10323000FCF75AFFE9E76FF00F00C5E76FF00F00EA
:10324000C2E76FF00F00BFE74FF0FF30BCE700BFF1
:1032500094990020B0940108289601082074010870
:1032600038960108909900206096010870B584B0E6
:103270000E461446054600283DD0002E43D0002CB3
:1032800049D02946206800F011FE0346002840F08E
:103290008480226802F0F001E02944D06968A868BF
:1032A0005140014209D092B24FF6A9618A4204D03E
:1032B000EA68002A7DD005F10C043F4A127802EB3F
:1032C00042003E4901EBC001097D012943D93B4938
:1032D00001EBC0018968A9423DD1206802EB420C94
:1032E000364901EBCC014968884234D13146284641
:1032F000FFF786FE5BE0324B40F21E323149324826
:10330000EEF70EF9B9E72E4B40F21F322F492E4847
:10331000EEF706F9B3E72A4B4FF448722C492A48D6
:10332000EEF7FEF8ADE701238DF8083000238DF8A5
:1033300009305E238DF80A30637803F07F038DF83F
:103340000B30A3788DF80C30E3788DF80D3002AB9C
:1033500024E00133DBB2092B19D803EB430C1748E7
:1033600000EBCC00027D012AF3D98268AA42F0D199
:103370002068124A02EBCC0252689042E9D10E4A10
:1033800013701A4631462846FFF73AFE0FE03246E0
:1033900021462846FFF7A0FE09E00E4B4FF40062DD
:1033A000009205F12E0231462846F8F7C5F904B01F
:1033B00070BD6FF00300FAE7909900209499002007
:1033C000B094010810740108207401087C9601086B
:1033D000D8950108309A01082DE9F04186B00646DB
:1033E000884617464FF4207224212220FCF772FDF4
:1033F00000283BD005464389232B3AD9D6F804C090
:103400006C6884F800806770002323716371A37176
:10341000E3716B687268166850689168D7689E603F
:10342000D86019615F611669506991699E61D861C0
:103430001962DCF80C30059305A8FDF7D7FE0746A6
:1034400088B10026A670E67069892046FCF7DAFB91
:1034500060800297012301930096FF2305AA31465D
:103460002846FEF79DF82846FCF7D2FC06B0BDE8DA
:10347000F081044B4FF4B47203490448EEF750F85E
:10348000BCE700BF88960108BC96010820740108BB
:103490002DE9F04385B00546574B9E68347804F01B
:1034A0000F04A400132C16D90F464389032B12D9FD
:1034B00043681B78082B40F08F804F4B586900F011
:1034C000F003E02B1AD04C4B196800F0EFFCA8B9C0
:1034D0002B89072B05D82846FCF79AFC05B0BDE8D8
:1034E000F08304F10E0841462846FCF74AFC002808
:1034F0003AD02B89191989B28B4203D92846FCF797
:1035000087FCEBE74FF420720E20FCF7E3FC8046CB
:103510000028F3D0428904F108039A4213D32246CB
:1035200031464068EDF7A0FB21464046FCF72EFCF3
:1035300060B929464046FCF731FE88B92846FCF7B9
:1035400067FC454615E0FCF763FCD7E72B4BB6223A
:103550002B492C48EDF7E4FF4046FCF759FCCDE73A
:103560004046FCF755FCC9E741462846FCF70EFCEF
:10357000B0BBD5F8048021462846FCF702FC58BBB6
:103580006E681D4B5A69F2601B693361002388F82D
:103590000030B8F802304FF6F772934227D909335A
:1035A000A8F802304FF0FF0986F808904FF00008A5
:1035B00086F80A8086F80B8021463046FCF722FB0D
:1035C0007081029701230193CDF800804B4642465B
:1035D0000D492846FDF7E4FF2846FCF719FC7DE776
:1035E000064BC72209490748EDF79AFF86E70833DB
:1035F000A8F80230D6E700BFCC92002088960108D8
:10360000E896010820740108E09200202097010844
:1036100008B50A460321FFF7DFFE08BD08B50A46D4
:103620000B21FFF7D9FE08BD38B504460C4B1B68CB
:10363000834208D00D4651B123682B6021460420F7
:10364000FCF74EF838BD0268054B1A60F6E7054BEB
:1036500040F2451204490548EDF762FFECE700BF70
:10366000889A0020549701088C970108207401085B
:103670002DE9F84380468946814215D0B9F1000F03
:1036800009D0D9F80030434505D0314BAD2231493E
:103690003148EDF745FFD8F8044063689A8852B185
:1036A0000026D8F804502BE0294BAB222B492A489E
:1036B000EDF736FFE2E71B68C8F804306368D8F816
:1036C0000820D8F80C50D8F81000D8F814101A6058
:1036D0005D609860D960D8F818201A6101212046F1
:1036E000FFF79CFF2046FCF7F5FC06462046FCF75A
:1036F0008FFBD6E73444A6B22846FCF789FB3D464B
:1037000085B16B681F682846FCF7E4FC0446331853
:10371000B3F5803FEEDB0E4BCC2211490E48EDF79E
:10372000FFFEE7E749464046FFF77EFF0D4B1B884B
:10373000B34206D30B4A13889B1B13803046BDE867
:10374000F883034BD22208490348EDF7E9FEF1E77D
:1037500054970108B497010820740108A89701083C
:10376000C8970108849A0020E8970108F8B5054633
:103770000F4600262BE09A69D5F810E0724511D16A
:10378000B3F80CE0AA8896450CD101E061461846D2
:103790001A6892B19C4613468BB15A69D5F80CE071
:1037A0007245E8D001340028F0D093F81FE0C27FC2
:1037B0009645EDD861461846EAE76346EAE710B158
:1037C000FFF756FF0644BE4208DA012C06DD044B23
:1037D0001B6800242146A4462046DDE73046F8BD9C
:1037E000889A002010B5044620B121460520FBF739
:1037F00077FF10BD034B4FF4317203490348EDF7D7
:103800008FFEF2E75497010898920108207401088E
:1038100010B5044638B1606908B1FCF7F9FA2046E2
:10382000FFF7E0FF10BD044B40F2CE2203490448ED
:10383000EDF776FEEFE700BF549701080C980108FA
:10384000207401082DE9F84380460E4615464C6861
:103850006088FCF752FE237803F00F03B0EB830F70
:1038600003D24FF0FF30BDE8F8839A00801A1FFAA8
:1038700080F9E088FCF741FEC0F30C0C4FEACC0C59
:10388000776800233B707B70BB70FB70A7F804C0A7
:1038900009EB0C001FFA80FEF880E645C0F092802C
:1038A000D8F804104FF001091C4621E03960BCB182
:1038B000E288624500F289809B889E4500F28880FC
:1038C0002660BB889A4201D04FF0000919B3002D41
:1038D00043D198F81E3013F0010F3ED12846C2E7BD
:1038E0009B889E4577D8C8F80460EFE719681C46A6
:1038F0000029EBD04B689A886245D7D862456DD0D5
:10390000D98861456DD8002CF0D0E1888A42EDD08D
:103910004FF00009EAE79CB1E288BB889A4207D8D9
:103920002660E288BB889A42D1D04FF00009CEE7EA
:103930002D4B4FF4DB722D492D48EDF7F1FDEFE7EC
:10394000D8F8043033B1284B4FF4DF7229492848A6
:10395000EDF7E6FDC8F80460B9E7B9F1000F2ED025
:10396000D8F8043033B35868838833BB3A6852B10F
:103970005368F9889A88914202D11A681F46F6E77F
:103980001F464FF00009B9F1000F18D0B84209D016
:103990003B68A3B1144B4FF4F17217491448EDF78B
:1039A000BFFD0CE0104B4FF4F07214491048EDF7D6
:1039B000B7FDEDE74FF0000901E04FF00009C9F352
:1039C000000050E74FF0FF304DE74FF0FF304AE77F
:1039D0004FF0FF3047E74FF0FF3044E74FF0FF3044
:1039E00041E74FF0FF303EE754970108189801086F
:1039F000207401083898010880980108709801081F
:103A000008B50520FBF73EFE08BD000070B5054671
:103A10000E460420FBF736FE0446B0B120220021FA
:103A20002046ECF7ADFD0F23E3770F4B1A682260B9
:103A30001C602B686868A968EA68A360E06021617F
:103A400062612B69A361204670BD31462846FFF7AD
:103A50008DFEB04202DA002CE0D1F4E70420FBF73F
:103A600011FE0446F7E700BF889A002038B5094BDD
:103A70001868002404E005682146FFF7F9FD284690
:103A800038B1C37F002BF6D0013BC37704460068F2
:103A9000F6E738BD889A00202DE9F84306464568C8
:103AA0002B7803F00F03052B40F0D780E888FCF754
:103AB00024FDC0F30C084FEAC8086888FCF71DFD18
:103AC0002B7803F00F039A00B0EB830FC0F0C58092
:103AD000801A87B23046FCF7FDFA81466E4B1B8890
:103AE00003440A2B02DC6D4B1C680DE0014628469E
:103AF000FFF73CFE002800F0B080674B1B884B446A
:103B00000A2BF0DDA9E024685CB16269EB689A4297
:103B1000F9D1A2692B699A42F5D1A289AB889A4260
:103B2000F1D17CB3E888FCF7E8FCC0F30C0088B363
:103B3000ED8805F02005002D0CBF0122002209D1DF
:103B400008EB07039BB2984500F284804FF6EB71B7
:103B50008B427FD831462046FFF774FEB0F1FF3F1D
:103B600078D04D4B1A889144A3F8009035B9B844E9
:103B7000A4F81C80A37F43F00103A37701281BD086
:103B800000256EE049462846FFF740FF044600281E
:103B9000CED162E0E089FCF7B0FCC0F30C00002855
:103BA000C6D02B686868A968EA68A360E0602161F4
:103BB00062612B69A361BBE7A08B143063685D6809
:103BC0002E68A368E768216962692B606F60A9604D
:103BD000EA60A3692B6180B2FCF78FFC6880002348
:103BE000AB71EB71AB72EB7214212846FCF70AF84B
:103BF0006881656809E0776814213046FCF7C6F8EB
:103C000031462846FCF788FA3E68002EF3D1234B54
:103C100019688C4205D029B10B689C4202D0194624
:103C2000F9E731462046FFF7FFFC2846FCF752FA39
:103C30000446194B1B88834204D3174A13881B1B65
:103C400013800EE0164B40F29B2216491648EDF702
:103C500067FCF2E744B1636873B13046FCF7D8F80B
:103C600000252846BDE8F8830D4B4FF42A720F4912
:103C70000D48EDF755FCEEE7084B1B689C4206D05B
:103C8000074B40F2AB220A490748EDF749FC0021F7
:103C90002046FFF7C9FCE0E7849A0020889A0020BC
:103CA00054970108A498010820740108C0980108DD
:103CB000CC9801082DE9F04F8BB00546069108928B
:103CC0008B8D143B21D4C3F3CF030593D5F8048027
:103CD00098F8003003F00F03052B40F0D5806B8976
:103CE000132B14D9B8F80600FCF707FCC0F30C033B
:103CF000049300F4005309932B89143B9BB21427BF
:103D00000024CDF80880984692E00733DBE7614B4A
:103D10004FF43F7260496148EDF702FC6FF0050017
:103D200042E05C4B4FF449725D495C48EDF7F8FBAB
:103D300094E0584B40F22D325A495848EDF7F0FBC9
:103D400026E0FFF75DFE824648B36B6801943B4472
:103D500000930346412221460020FBF7F3FF8046F3
:103D600028B32846FCF7C0F9CAF814504E4BCAF8DD
:103D7000103041464846FCF7CFF9361BB6B2FEB1CB
:103D80002D680027E6B16B89DC1BA4B2BB42D0D3FF
:103D9000B44228BF3446002CD3D12D68F1E7484601
:103DA000FCF736F84FF0FF300BB0BDE8F08F50460F
:103DB000FFF718FD4846FCF72BF84FF0FF30F3E70C
:103DC000DDF81C802744BFB2069B9B8D133B049AF1
:103DD000C2F30C00434501DD099B0BB140F40050D8
:103DE000FCF78BFBABF80600039E06F1140080B2D3
:103DF000FCF783FBABF8020000238BF80A308BF84A
:103E00000B3014215846FBF7FDFEABF80A0006986C
:103E10004369089A494698474846FBF7F9FFA8EBDB
:103E200006031FFA83F8049B059A13449BB204937C
:103E3000B8F1000F26D0059BDB009BB2434528BF9D
:103E4000434603934FF4207214210E20FCF742F8EE
:103E50008146E0B14389132B7FF663AFD9F8043074
:103E600002990A684E688868C9681A605E6098603E
:103E7000D96002990A691A61D9F804B0039ECDF895
:103E80001C807FE700208FE76FF005008CE74FF084
:103E9000FF3089E754970108EC9801082074010865
:103EA0000899010828990108113801080346421EA3
:103EB00012F1030F12D891F8350010F0020014D05F
:103EC0004A689A420CD089685A400A420AD1CA43C9
:103ED00023EA01039A4207D000207047012070476F
:103EE0000020704700207047012070472DE9F04105
:103EF00082B08846036801930C460026304601AF25
:103F000003283BD800233D782049A1FB05CE4FEA8A
:103F1000DE0E0EEB8E0CA5EB4C0C5FFA8CFC87F8DA
:103F200000E09E460133DBB20CF1300C0EF10801CB
:103F30000DEB010E0EF808CC092DE4D809E005F1CF
:103F400008010DEB010616F8086C04F8016B1E461B
:103F50002B465D1EEDB233B1731C9642EFDB0020A1
:103F600002B0BDE8F081731C96420CDA2E2504F8ED
:103F7000015B01370130C0B21E46C1E7002304F8DF
:103F8000013C4046ECE70020EAE700BFCDCCCCCCBA
:103F900008B510220149FFF7A9FF08BD8C9A00203F
:103FA00098B108B503460020C3F8B802C3F8C402AC
:103FB000C3F8D00209B1C3F8B412012183F89C12EE
:103FC0001A701846EFF7B6FF08BD0320704710B50A
:103FD00082B00023ADF80630B9B10446C0F8B8127B
:103FE000D0F8D422CB6A43B1AE3250F82230DB6A2B
:103FF0000DF106009847C4F8D002D4F8D832013346
:10400000C4F8D832002002B010BD0320FBE708B589
:10401000EFF7F1FF08BD08B5D0F8B83213B11B684F
:10402000984708BD0020FCE708B5D0F8B8325B68B7
:10403000984700B908BD0320FCE738B5044600F2F4
:10404000AA25284600F0BBF90123C4F89432B4F83D
:10405000B032C4F8983294F8AA1201F01F03012B71
:1040600007D0022B0AD073B92946204600F07CFB0A
:1040700038BD2946204600F0B2FBF9E72946204624
:1040800000F0EFFBF4E701F080012046EFF7CEFFF0
:10409000EEE7F8B50446012380F89C320023C0F80F
:1040A00094324360C0F8A43280F8A032D0F8B8321D
:1040B000DBB15B68DBB1002198470746C8B94023F4
:1040C000002211462046EFF79EFF0126A4F8646106
:1040D0004025C4F860512B46002280212046EFF78E
:1040E00092FFA68425623846F8BD0027E7E700273F
:1040F000E5E70327E3E701740020704790F89C325E
:10410000DBB280F89D32042380F89C320020704797
:1041100090F89C32042B01D00020704790F89D321B
:10412000DBB280F89C32F7E708B590F89C32032B9D
:1041300001D0002008BDD0F8B832002BF9D0DB69DF
:10414000002BF6D09847F4E708B5D0F8D432AE3358
:1041500050F8233053B190F89C22032A01D000205C
:1041600008BD1B6A23B198470020F9E70320F7E751
:104170000020F5E708B5D0F8D432AE3350F823303C
:1041800053B190F89C22032A01D0002008BD5B6A3D
:1041900023B198470020F9E70320F7E70020F5E76F
:1041A0000020704708B5012380F89C32D0F8B8325F
:1041B00023B15B680179984710B908BD0020FCE77E
:1041C0000320FAE7002070470020704738B5044606
:1041D0000D46002941D11346D0F89422032A01D07C
:1041E000084638BDD0F85C11D0F86021914209D85A
:1041F00090F8AA3203F01F03012B0ED0022B1AD025
:1042000028460FE0891AC0F85C118A4228BF0A4686
:10421000194600F083FC2846E3E790F8AE12FFF75A
:10422000D1FF18B994F89C32032B09D0204600F036
:104230007DFC2846D5E790F8AE12FFF7C5FFF0E702
:1042400000F1AE0354F823301A69002AEED0C4F806
:10425000D4021B6920469847E8E701F07F01FFF789
:10426000B3FF88B994F89C32032BBAD100F1AE03A6
:1042700054F823309A69002AB3D0C4F8D4029B6959
:10428000294620469847ACE70020AAE738B50446FF
:104290000D4600294AD11346D0F89422022A07D0AD
:1042A00094F8A00218B1002384F8A032284638BD43
:1042B000C269016A8A420DD88A4217D094F89C32AA
:1042C000032B27D080212046EFF7B0FE204600F0D8
:1042D00038FCE5E7521AC261194600F008FC0023D9
:1042E0001A4619462046EFF7C1FED9E7836999427D
:1042F000E4D8D0F898229342E0D20022114600F090
:10430000F6FB0021C4F898120B460A462046EFF748
:10431000ADFEC5E7D4F8B832DA68002AD2D0002260
:10432000C4F8D422DB6820469847CBE741F08001EF
:10433000FFF74AFF88B994F89C32032BB7D100F1FC
:10434000AE0354F823305A69002AB0D0C4F8D4021E
:104350005B69294620469847A9E70020A7E70B8814
:10436000027813440B80037818447047428803781E
:104370009A4218D930B583B004460D46ADF80630E0
:104380006388BDF806209A420AD20DF10601FFF7B4
:10439000E6FF4378052BF3D18378AB42F0D100E000
:1043A000002003B030BD002070470346002002E02B
:1043B0000130C0B201331A78002AF9D170470B7866
:1043C00003704B7843708B78CA7843EA02234380AA
:1043D0000B794A7943EA022383808B79CA7943EACD
:1043E0000223C380704710B504468021EFF71EFEFC
:1043F00000212046EFF71AFE10BD30B583B0044609
:104400000D460023ADF806304A88130A013B062BFF
:1044100000F2AA80DFE803F0041E32A8A88C9900FD
:10442000D0F8B4321B680DF10601007C9847EA8889
:10443000002A00F0A380BDF80630002B00F0998020
:104440009A4228BF1A46ADF806200146204600F0E1
:1044500041FB8CE0037C43B9D0F8B8329B6A0DF184
:104460000600984702234370E1E7D0F8B832DB6AD0
:104470000DF10600984702234370D8E7D2B2052A0F
:1044800052D8DFE802F003101D2A3744D0F8B432C6
:104490005B6823B10DF10601007C9847C7E7294608
:1044A000FFF7A1FF63E0D0F8B4329B6823B10DF1B0
:1044B0000601007C9847BAE72946FFF794FF56E0CB
:1044C000D0F8B432DB6823B10DF10601007C9847C7
:1044D000ADE72946FFF787FF49E0D0F8B4321B6902
:1044E00023B10DF10601007C9847A0E72946FFF7AC
:1044F0007AFF3CE0D0F8B4325B6923B10DF10601DC
:10450000007C984793E72946FFF76DFF2FE0D0F82E
:10451000B4329B6923B10DF10601007C984786E710
:104520002946FFF760FF22E02946FFF75CFF1EE007
:10453000037C33B9D0F8B8325B6B0DF106009847B5
:1045400075E72946FFF74FFF11E0037C43B9D0F828
:10455000B8321B6B0DF1060098470723437066E7DE
:104560002946FFF740FF02E02946FFF73CFF03B072
:1045700030BD29462046FFF736FFF8E7204600F019
:10458000D5FAF4E738B504468B88F3B9CB88E3B99C
:104590004B887F2B19D803F07F0590F89C32032BB2
:1045A0000CD080F89E522946EFF750FD204600F0CF
:1045B000BDFA35B1022384F89C3209E0FFF713FFFE
:1045C00006E0012384F89C3202E02046FFF70BFF4F
:1045D00038BD000070B504460E468D782F4B1D7017
:1045E000012D10D890F89C32DAB2022B0FD0032A9A
:1045F00026D0FFF7F8FE294B19782046FFF714FD67
:104600000325284670BDFFF7EEFE0325F9E7A5B1A7
:1046100045602946FFF7FFFC054638B13146204684
:10462000FFF7E1FE022384F89C32EAE7204600F01F
:104630007DFA032384F89C32E3E700F077FAE0E7A1
:10464000CDB141688D4225D0C9B2FFF7EDFC134BC7
:10465000197861602046FFF7DEFC0546B0B13146AF
:104660002046FFF7C0FE21792046FFF7DDFC02233C
:1046700084F89C32C5E7022380F89C3245602946C5
:10468000FFF7D2FC204600F051FABAE7204600F0CE
:104690004DFAB6E700F04AFA0025B2E79C9A0020EE
:1046A00008B5CB88012B0BD190F89C32DAB2022BE3
:1046B00009D9032A11D10122011D00F00BFA01E0F2
:1046C000FFF791FE08BD52B23AB10146002341F80E
:1046D000083F012200F0FEF9F4E7FFF784FEF1E75E
:1046E00008B590F89C32013B022B12D8CB88022BE4
:1046F0000CD10123C360D0F8A4320BB10323C360F3
:10470000022200F10C0100F0E5F908BDFFF76BFE95
:10471000FBE7FFF768FEF8E708B54B88012B04D0EC
:10472000022B07D0FFF75FFE08BDC0F8A43200F0EF
:10473000FDF9F9E78B881B0A80F8A03200F0F6F942
:10474000F2E708B590F89C32013B022B09D84B8860
:10475000012B00D008BD0023C0F8A43200F0E6F918
:10476000F8E7FFF740FEF5E738B50C7804F0600491
:10477000202C06D0402C04D06CB1FFF734FE00246E
:1047800007E0D0F8D432AE3350F823309B68984716
:104790000446204638BD4D78092D1DD8DFE805F0C8
:1047A00012191C161C08051C0F0BFFF726FEF0E75C
:1047B000FFF7E8FEEDE7FFF70DFF0446E9E7FFF737
:1047C0006FFFE6E7FFF78CFF2C46E2E7FFF7A4FF59
:1047D000DFE7FFF7B6FFDCE7FFF705FED9E770B5C7
:1047E00005460C460B7803F06003202B07D0402BC6
:1047F00005D023B1FFF7F7FD0026304670BD95F8D0
:104800009C32013B022B26D82179012905D921466A
:104810002846FFF7E8FD0026EFE72846FFF7D2FC21
:1048200068B900F1AE0255F82220916889B1C5F847
:10483000D4029368214628469847064600E003269E
:10484000E388002BD9D1002ED7D1284600F06EF98D
:10485000D3E70326F4E721462846FFF7C4FD0026E8
:10486000CBE72DE9F04106460D468B88DFB20C7888
:1048700004F06004202C08D0402C06D0DCB1FFF7F7
:10488000B2FD00242046BDE8F08139463046FFF7EE
:104890009BFC0446002840F0FC80C6F8D40200F1DE
:1048A000AE0356F823309B68002BEBD029463046E8
:1048B00098470446E6E791F80180B8F1010F31D03E
:1048C000B8F1030F05D0B8F1000F67D0FFF78BFDEB
:1048D000D8E790F89C32DAB2022B04D0032A12D027
:1048E000FFF781FDCEE70FB1802F04D12946304676
:1048F000FFF779FDC6E73946EFF798FB8021304690
:10490000EFF794FBBEE74B8823B91FB1802F01D08E
:10491000CB881BB1304600F009F9B3E73946EFF711
:1049200085FBF7E790F89C32DAB2022B04D0032A19
:1049300012D0FFF758FDA5E70FB1802F04D129460B
:104940003046FFF750FD9DE73946EFF76FFB8021BA
:104950003046EFF76BFB95E74B88002B92D117F0B1
:104960007F0F17D1304600F0E1F839463046FFF7A7
:104970002BFC002886D1C6F8D40200F1AE0256F80E
:1049800022209268002A00F086802946304690470F
:10499000044677E73946EFF751FBE3E790F89C22AE
:1049A000D1B2022A06D0032929D02946FFF71BFDE0
:1049B000444667E70FB1802F13D113F0800F15D154
:1049C00007F07F0707EB8707B90001F5A8713144AD
:1049D000043100230B600222304600F07BF844468D
:1049E00050E72946FFF7FFFC44464BE707F07F07F7
:1049F00007EB8707B900103131440431E9E75BB2B6
:104A0000002B1FDB07F00F0202EB820200EB820299
:104A1000B2F8642122B3002B27DB07F07F0303EBFE
:104A200083039C0004F5A874344404340FB1802F30
:104A300024D10023236002222146304600F04AF8A8
:104A400044461FE707F00F0202EB820200EB8202EE
:104A5000928C002ADFD12946FFF7C5FC444611E7B6
:104A60002946FFF7C0FC44460CE707F07F0303EB41
:104A700083039C00103434440434D7E7394630466D
:104A8000EFF78CFA10B101232360D4E700232360F1
:104A9000D1E70024F6E60446F4E6D0B170B50D4641
:104AA00016460446FFF781FC431C5B009BB2338033
:104AB0002B7003236B70022307E0EA5401345A1C65
:104AC000D2B20021A9540233DBB22278002AF4D1F9
:104AD00070BD704708B513460222C0F89422836166
:104AE000C3610A460021EFF7B9FA002008BD08B5F6
:104AF00013460A460021EFF7B1FA002008BD08B5B9
:104B000013460322C0F89422C0F85831C0F85C3133
:104B10000A460021EFF7AAFA002008BD08B513469F
:104B20000A460021EFF7A2FA002008BD08B50422CA
:104B3000C0F8942200231A461946EFF78FFA002096
:104B400008BD08B50522C0F8942200231A4619466C
:104B5000EFF78CFA002008BD10B5D0F8D43203F17D
:104B6000B00250F822408CB100EB820043687BB168
:104B700094F80002FF280DD09B6894F8012221468A
:104B80009847FF2384F80032002010BD0320FCE783
:104B90000020FAE70020F8E70A2303800048704766
:104BA00064010020F8B506460F4F82213846FFF712
:104BB000DDFB054601213846FFF7D8FB044681217D
:104BC0003846FFF7D3FB0DB11022AA711CB1402269
:104BD00022710022627118B14022027100224271DA
:104BE000432333800048F8BDE8000020F8B50646AE
:104BF0000F4F82213846FFF7B9FB054601213846A1
:104C0000FFF7B4FB044681213846FFF7AFFB0DB137
:104C10001022AA711CB1402222710022627118B1C7
:104C20004022027100224271432333800048F8BDC4
:104C3000E8000020F8B506460F4F82213846FFF7FE
:104C400095FB054601213846FFF790FB044681217C
:104C50003846FFF78BFB0DB11022AA711CB1002260
:104C600022710222627118B1002202710222427185
:104C7000432333800048F8BDE800002038B5D0F861
:104C8000D432B03350F8235095B10446EFF79DF974
:104C9000C5F80C02D4F8D432B03304EB8304636853
:104CA000DB6805F50371D5F804029847002038BD8C
:104CB0000320FCE738B5D0F8C852D0F8D432B0336E
:104CC00050F8234084B301F00F0303EB830200EBA1
:104CD000820292694AB103EBC30C05EB8C05AD6C03
:104CE000B2FBF5FC05FB1C2292B10023C4F8143280
:104CF000D0F8D432B03300EB830043681B69ABB10A
:104D00000A4604F50471D4F808029847002038BD1B
:104D100003EB830300EB830300249C6123462246BC
:104D2000EFF79CF92046F2E70320F0E70020EEE7DA
:104D3000F0B583B0D0F8D43203F1B00250F822704D
:104D400000228DF80720ADF80420002F78D004460B
:104D50000D46097811F0600634D0202E69D1EA881A
:104D60002AB311F0800F0ED16B7887F80032EA88F1
:104D70003F2A1AD8D2B287F8012239462046FFF7D7
:104D8000BEFE002659E0B03300EB83035B689B68EE
:104D9000394668789847EA88072A28BF07223946A3
:104DA0002046FFF797FE002647E04022E3E7B033B6
:104DB00000EB83035B689B6800222946687898476C
:104DC00000263AE06F780B2F2ED8DFE807F0063682
:104DD0002D2D2D2D2D2D2D2D152490F89C32032BAE
:104DE00004D02946FFF7FFFA032626E0022201A994
:104DF000FFF770FE3E4620E090F89C32032B04D073
:104E00002946FFF7F0FA032617E001220DF107010A
:104E1000FFF760FE11E090F89C32032B0DD029467D
:104E2000FFF7E1FA032608E02946FFF7DCFA03263C
:104E300003E02946FFF7D7FA0326304603B0F0BD5A
:104E40000326FAE738B504468121EFF7E7F8002595
:104E5000258701212046EFF7E1F8A4F87851822157
:104E60002046EFF7DBF8A4F84C50A4F84E50D4F8E5
:104E7000D43203F1B00254F822209AB1B03304EBDB
:104E800083035B685B689847D4F8D432B03354F836
:104E90002300EFF7A5F8D4F8D432B03344F8235008
:104EA000C4F8BC52002038BD70B504464FF40770FA
:104EB000EFF792F8002849D005464FF40772002119
:104EC000EBF75EFBD4F8D432B03344F82350C4F887
:104ED000BC52237C002B41D14FF40073022281216C
:104EE0002046EFF790F8012626874FF40073022240
:104EF00031462046EFF787F8A4F878611023A4F82C
:104F00004E300823032282212046EFF77CF801234C
:104F1000A4F84C300026C5F80462D4F8D432B0337B
:104F200004EB83035B681B689847C5F81462C5F8F7
:104F30001862D5F8042262B3257C1DBB4FF40073C0
:104F400001212046EFF792F8284670BDD4F8D432FC
:104F5000B033002244F823200225F5E74023022243
:104F600081212046EFF74FF80126268740230222B1
:104F700031462046EFF747F8A4F878611023A4F8EB
:104F80004E30BEE7402301212046EFF76FF80025A1
:104F9000DAE70225D8E739B1D0F8D432B03300EBE4
:104FA000830041600020704703207047D0F8D4325E
:104FB000B03350F823302BB1C3F80812C3F81022D5
:104FC0000020704703207047D0F8D432B03350F837
:104FD00023301BB1C3F80412002070470320704730
:104FE00010B5D0F8D432B03350F8232092B1047CFD
:104FF00044B94FF40073D2F804220121EFF736F8D8
:10500000204610BD4023D2F804220121EFF72EF8EC
:105010000024F5E70324F3E708B50649064800F045
:105020000FFE064B18700649064800F009FE064BB5
:10503000187008BDA89A0020509B0108AC9A002067
:10504000A09A0020649B0108A49A002008B513468A
:105050000A4601460248F4F7EDFB00B1012008BD05
:10506000EC03002008B513460A4601460248F4F74F
:105070007DFC00B1012008BDEC03002008B5034809
:10508000F4F715FF043818BF012008BDEC03002019
:1050900008B501460148F4F7F8FE08BDEC0300200E
:1050A000704708B5FFF7FCFF08BD08B500F00AF926
:1050B00008BD08B500F00CF908BD00B583B00123A8
:1050C0008DF8073000F0F2F910B900238DF80730A1
:1050D0009DF8070003B05DF804FB000008B5FFF77A
:1050E000ECFF012801D0012008BD0248F4F7B2FE10
:1050F000FAE700BFEC03002008B5074B01221A7045
:10510000FFF7BCFF20B9044A137803F0FE031370C5
:10511000014B187808BD00BF6E01002010B5044691
:10512000FFF7DCFF10B1044B187810BD2046FFF7E5
:10513000E3FF014B1870F6E76E01002008B5FFF79A
:10514000DBFF08BD38B50546F0F714F90446F0F763
:1051500011F9001BA84205D2FFF790FF0028F6D1F5
:10516000002001E04FF0FF3038BD000070B50C4664
:1051700015461E4647F23050FFF7E4FF002830DBAB
:10518000324629462046FFF761FF08B1012029E099
:10519000154B00221A60F0F7EDF80446124B1B681D
:1051A00033B9F0F7E7F8001B47F22F539842F5D9CF
:1051B0000D4B1B680BB9012014E00B4B00221A6049
:1051C000F0F7D8F80446F0F7D5F8001B47F22F5354
:1051D000984204D8FFF752FF0028F4D102E00120E2
:1051E00000E0012070BD00BFB09A002070B50C46F1
:1051F00015461E461C4B00221A6047F23050FFF73E
:10520000A1FF00282DDB324629462046FFF72AFF62
:1052100008B1012026E0F0F7ADF80446124B1B68F8
:1052200033B9F0F7A7F8001B47F22F539842F5D98E
:105230000D4B1B680BB9012014E00B4B00221A60C8
:10524000F0F798F80446F0F795F8001B47F22F5353
:10525000984204D8FFF712FF0028F4D102E00120A1
:1052600000E0012070BD00BFB49A002030B589B0C5
:10527000134B187810F001041BD1154603291CD8D4
:10528000DFE801F002040A100C4613E06846FFF75D
:10529000FFFE069B2B600DE06846FFF7F9FE079BBB
:1052A0002B8007E06846FFF7F3FE079B5B0A2B6045
:1052B00000E00324204609B030BD0424FAE700BF13
:1052C0006E010020014B01221A607047B49A002041
:1052D000014B01221A607047B09A002000207047ED
:1052E00008B50146034801F036FA08B1002008BDB0
:1052F0000120FCE700A000202DE9F04190B0074616
:105300000E46904611F0030F04D0214AD2F8D02364
:10531000126962B900933346424639461C4801F08F
:1053200050FA0546F5B9284610B0BDE8F0810025D1
:105330005C1E002BF6D0002DF4D101230093154BF9
:1053400004EB08023946124801F03BFA05460028F2
:10535000E8D14FF400720F4906EB4420EBF784FCD0
:105360002346E5E703AA3946094801F006FA9DF805
:105370001930282B07D03A2B07D0042B01D0012558
:10538000D1E70325CFE70325CDE70325CBE700BF12
:1053900000A00020B89A002030B58FB00C4615460A
:1053A000032924D8DFE801F002050E1808460FB0E3
:1053B00030BD01AA0146124801F0DFF9C8B9029BCD
:1053C0002B60F4E701AA01460D4801F0D6F990B927
:1053D000BDF80C302B60EAE701AA0146084801F04D
:1053E000CCF950B9BDF80C305B0A2B60DFE7042024
:1053F000DDE72046DBE70120D9E70120D7E700BF42
:1054000000A000202DE9F04190B007460E469046DE
:105410001C4611F0030F04D0224BD3F8D0331B6984
:1054200053B900943346424639461E4801F013FAF8
:10543000D8B910B0BDE8F08100202346013C002B14
:10544000F6D0194D4FF4007206EB44212846EBF7D5
:105450000BFC012300932B4604EB0802394611484C
:1054600001F0F9F90228E8D1E2E703AA39460D482C
:1054700001F083F99DF81930272B0ED005D9282B80
:105480000DD03A2B07D00120D3E7042B01D0012007
:10549000CFE70320CDE70320CBE70220C9E70320B5
:1054A000C7E700BF00A00020B89A002008B5082177
:1054B0000348EFF72BFC08B9012008BD0020FCE7EA
:1054C000000C024008B5044B03EB8002526852689E
:1054D0000344187B904708BDE49C002008B5084BA6
:1054E0001B5C53B9064B01221A5403EB800252682D
:1054F00012680344187B904708BD0020FCE700BFFA
:10550000E49C002038B5044C04EB80056D68AD6860
:105510000444207BA84738BDE49C002038B5044CE7
:1055200004EB80056D68ED680444207BA84738BD16
:10553000E49C00204278007840EA02207047C3785B
:10554000827842EA0322437843EA0223007840EA61
:1055500003207047002303E05DF8044B70470133DC
:10556000012B11D81A0109498A588242F7D110B487
:105570001A0100248C500133012BEDD81A01034984
:105580008A588242F7D1F3E7704700BFB89C0020E9
:105590000146006838B102461378202B06D93A2B11
:1055A00004D00132F8E74FF0FF3070473A2B01D0BA
:1055B00000207047034613F8010B303809280CD837
:1055C0009A4202D04FF0FF307047012802D94FF0C5
:1055D000FF30704701320A6070474FF0FF3070476C
:1055E0002DE9F041C57815B92846BDE8F08104469B
:1055F000C76A00F1300801233A4641464078FFF778
:105600008DFF0546A0B90023E370236AFB1AA26947
:105610009342E9D2A67808E0A3691F4401233A46E1
:1056200041466078FFF77AFF013E012EF4D8DBE7B0
:105630000125D9E770B5C36A8B4202D100263046F6
:1056400070BD04460D46FFF7CBFF06460028F6D195
:1056500001232A4604F130016078FFF753FF10B1AF
:1056600001264FF0FF35E562E9E7000038B5044652
:105670000023C3704FF0FF33C362FFF7DBFF30BB83
:10568000054604F22E20FFF755FF4AF655239842AF
:105690001FD194F83030E92B07D0236B03F0FF13B0
:1056A0000D4A934201D0022514E004F16600FFF791
:1056B00046FF20F07F40094B98420BD004F1820056
:1056C000FFF73DFF064B984204D0022502E0042577
:1056D00000E00325284638BDEB0090004641540009
:1056E000464154332DE9F04F85B00D461646002350
:1056F0000B60FFF74DFF071EC0F24381B44B53F818
:105700002740002C00F042812C6006F0FE06237832
:1057100073B16078FFF7D6FE10F0010508D1002EB6
:1057200000F0308110F0040F00F02C810A2529E1EF
:1057300000232370F8B26070FFF7D0FE10F001056F
:1057400040F026811EB110F0040F40F023810021AB
:105750002046FFF78BFF02287ED00027042800F0A8
:105760001B81012800F21A8104F13B00FFF7E2FEE1
:10577000B0F5007F40F0148104F14600FFF7DAFE37
:10578000064620B904F15400FFF7D9FE0646A6618B
:1057900094F84020A270531EDBB2012B00F202816C
:1057A00006FB02F894F83D90A4F80A90B9F1000FB6
:1057B00000F0FA8009F1FF3319EA030F40F0F68098
:1057C00004F14100FFF7B6FE8246208110F00F0F72
:1057D00040F0EE8004F14300FFF7ACFE834620B9B1
:1057E00004F15000FFF7ABFE834604F13E00FFF7E3
:1057F000A1FE0246002800F0DD8000EB080303EB69
:105800001A139B45C0F0D880ABEB030BBBFBF9F13F
:10581000CB45C0F0D3804FF6F570814234D840F6C6
:10582000F570814267D94FF0020B2FE0002004ABE6
:1058300003EB860343F8100C0136032E0ED804F157
:105840003000330103F5DF7318440379002BEDD0EA
:105850000830FFF774FEEAE70026EEE700260AE0CC
:1058600039462046FFF702FF01287FF677AF013661
:10587000032E3FF673AF04AB03EB860353F8107CA3
:10588000002FEDD10320F2E74FF0030B01F10209E5
:10589000C4F81490E7613A4422623B44A362BBF12E
:1058A000030F2BD0BAF1000F00F08E8042446262E9
:1058B000BBF1020F33D009EB490309F0010909EBF1
:1058C000530909F2FF19B6EB592F7FD34FF0FF337D
:1058D0002361E36080232371BBF1030F22D084F89E
:1058E00000B03C4A138801339BB21380E38020460A
:1058F000FFF730FE46E04FF0010BC7E704F15A0016
:10590000FFF718FE00285BD1BAF1000F5AD104F15D
:105910005C00FFF714FE60624FEA8909D1E74FEAA5
:105920004909CEE704F16000FFF704FE0128D6D153
:10593000791C2046FFF77EFE0028D0D1002323717A
:1059400004F22E20FFF7F6FD4AF655239842C6D101
:1059500004F13000FFF7F3FD1F4B9842BFD104F56F
:105960000570FFF7ECFD1D4B9842B8D104F50670A9
:10597000FFF7E5FD206104F50770FFF7E0FDE0604B
:10598000ADE70B25284605B0BDE8F08F0C25F9E7FB
:105990000325F7E70A25F5E70125F3E70D25F1E7EC
:1059A0000D25EFE70D25EDE70D25EBE70D25E9E7E3
:1059B0000D25E7E70D25E5E70D25E3E70D25E1E7F3
:1059C0000D25DFE70D25DDE70D25DBE70D25D9E703
:1059D000DC9C0020D89C00205252614172724161CF
:1059E000F8B50568012954D90C466B698B4252D928
:1059F0002B78022B2BD0032B39D0012B4DD101EB6F
:105A00005106296A01EB56212846FFF713FE10B113
:105A10004FF0FF303EE0771CC6F308062E4496F8A0
:105A20003060296A01EB57212846FFF703FEB0BB1F
:105A3000C7F308072F4497F8303046EA032014F0E4
:105A4000010F01D0000925E0C0F30B0022E0296A14
:105A500001EB14212846FFF7EDFD18BB05F13000DE
:105A6000640004F4FF742044FFF764FD12E0296A27
:105A700001EBD4112846FFF7DDFDB0B905F1300088
:105A8000A40004F4FE742044FFF759FD20F0704098
:105A900000E00120F8BD0120FCE70120FAE74FF00B
:105AA000FF30F7E74FF0FF30F4E74FF0FF30F1E75A
:105AB00070B584B0019000911646039103A8FFF7DA
:105AC00067FD041E1CDB104B53F8245025B12846FB
:105AD000FFF740FD00232B70019B0BB100221A70D1
:105AE000019B094A42F8243063B1012E02D0002004
:105AF00004B070BD002201A96846FFF7F3FDF7E787
:105B00000B20F5E70020F3E7DC9C00202DE9F047AF
:105B100088B0019088461446002207A901A8FFF723
:105B2000E1FD8146002859D1079B23601A695D6910
:105B3000A91E8A4202D8C8F800204FE01E78012E24
:105B400005D0D3F820A00024264627462FE0029354
:105B50000224002704E00134079B5B69A34235D986
:105B6000214602A8FFF73CFFB0F1FF3F2DD00128EE
:105B700038D00028EFD10137EDE70AF10106514690
:105B80000798FFF757FD814600BB079C3034B246AB
:105B90004FF400760DE02046FFF7CCFC00B901374A
:105BA0000234023E01E00434043E013D0ED0002EDA
:105BB000E3D0079B1B78022BEDD02046FFF7BFFCFC
:105BC00030F07043EFD10137EDE7B146C8F800700F
:105BD000079B1F611A7942F001021A71484608B00A
:105BE000BDE8F0874FF00209F0E70000134B9B7B04
:105BF000012B01D90120704710B404460F4B93F8D4
:105C00000EC05FFA8CFC002003F80C0093F80EC065
:105C100003EB8C0CCCF804409C7B1C4422739A7BD5
:105C2000541CE4B29C7330320A703A234B702F2319
:105C30008B70C8705DF8044B704700BFE49C002077
:105C400008B50022FFF7D2FF08BD000000B583B001
:105C500000210191094B1A6B42F480021A631B6BFD
:105C600003F480030193019B0A463B20EFF704FBFA
:105C70003B20EFF711FB03B05DF804FB0038024056
:105C800008B50548054B036000F022F800B908BDCF
:105C9000ECF7C8FEFBE700BFF49C00200030024098
:105CA0000268094B9A4200D0704782B000230193EA
:105CB000064B1A6B42F480521A631B6B03F4805339
:105CC0000193019B02B0704700300240003802404F
:105CD00058B110B5044643791BB10123637100200C
:105CE00010BD0371FFF7DCFFF7E70120704708B52F
:105CF000D0F8000300F0FDFA08BD08B5D0F80003A5
:105D000000F008FB08BD08B5D0F8000300F00CFB5C
:105D100008BD704708B5D0F8000300F0F3FA08BDDD
:105D200008B5D0F8000300F0F1FA08BD08B5D0F8C6
:105D3000D003F5F7A7FC08BD08B5D0F8D003F5F7F8
:105D40009BFC08BDD0F8D0332C2000FB013090F82C
:105D50003B0030B12C2000FB013181F854200020A1
:105D600070472C2000FB013181F85520F7E7D0F86F
:105D7000D0332C2202FB013292F83B202AB12C2294
:105D800002FB013191F8540070472C2202FB0131D3
:105D900091F855007047022805D8DFE800F00504A7
:105DA0000200012070470220704708B5D0F8D003E8
:105DB000F5F750FCFFF7EFFF08BD10B584B0D0F841
:105DC000D0039DF824400394BDF820400294079C22
:105DD00001949DF818400094F4F7D4FFFFF7DBFF1F
:105DE00004B010BD08B503689847002801DB002007
:105DF00008BD4FF0FF30FBE708B54368984700281F
:105E000001DB002008BD4FF0FF30FBE708B5C36998
:105E100090F82400984708BD70B504460E46154614
:105E2000C369022190F82400984778B994F82400B7
:105E3000A82805D0A46901233246A9B2A04770BDA5
:105E4000646901233246A9B2A047F8E76FF0020067
:105E5000F5E7F8B504460E4617461D46022190F8B0
:105E60002400E369984778B994F82400A82805D05D
:105E7000A4692B463246B9B2A047F8BD64692B46E7
:105E80003246B9B2A047F8E76FF00200F5E7F8B57F
:105E900004460E4617461D46022190F82400E36989
:105EA000984778B994F82400A82805D0A4692B460F
:105EB0003246B9B2A047F8BD64692B463246B9B242
:105EC000A047F8E76FF00200F5E770B504460E460C
:105ED0001546C369022190F824009847C8B994F880
:105EE0002400A8280ED001233246A9B2E568A847AD
:105EF0000546E369022194F8240098470028F8D168
:105F0000284670BD01233246A9B2A568A8470546B8
:105F1000EFE76FF00205F3E7F8B504460E461546C5
:105F20001F46C369022190F824009847C8B994F825
:105F30002400A8280ED03B463246A9B2E568A847FF
:105F40000546E369022194F8240098470028F8D117
:105F50002846F8BD3B463246A9B2A568A847054683
:105F6000EFE76FF00205F3E72DE9F04F83B0044649
:105F70000E4615469A46BDF83030924508D8B3FB18
:105F8000FAF7B2FBFAF20AFB125222B1013702E031
:105F90009F18B7FBFAF72B44B3FBFAF20AFB123B4C
:105FA000BBF1000F00D00137E369022194F824000F
:105FB00098470190002870D17DB30096A946054608
:105FC00058E0D9461CE01FFA89F33246BDF80010AC
:105FD000A568A8470190236A06209847009D4D4474
:105FE0004E44E369022194F8240098470028F8D130
:105FF0000095B84554D208F10108B845E1D0D14622
:1060000094F82400A828DED01FFA89F33246BDF8A0
:106010000010E568A8470190DDE7DDF804800095F1
:10602000E7E7CA4503D32BD0AAEB090805E0B9FB83
:10603000FAF80AFB1898AAEB08080135BD4221D0EE
:1060400094F82400A8281FD01FFA88F3009A1FFA9A
:1060500089F1E668B0470190236A06209847C14459
:10606000009E4644E369022194F8240098470028E2
:10607000F8D10096BD4213D2002DD2D0D046DCE735
:10608000D046DAE7D846DBE71FFA88F3009A1FFA12
:1060900089F1A668B0470190DEE76FF00203019333
:1060A000019803B0BDE8F08F2DE9F84304460E4691
:1060B00091461D46BDF82070C369022190F8240066
:1060C000984700283CD194F824801FFA89F248F0C0
:1060D00010004FF0000E4FF0010C0BE00CF1FF31FF
:1060E00001238B404EEA030E1FFA8EFE0CF1010CC9
:1060F0001FFA8CFC55FA0CF3F0D10EEA0201B1FB49
:10610000F5F305FB13139BB2ED1AADB2BD421AD3E2
:10611000B8F1A80F0ED0E5683B463246A8470546C1
:10612000E369022194F8240098470028F8D1284612
:10613000BDE8F883A5683B463246A8470546EFE729
:106140006FF00205F3E74FF0FF35F0E72DE9F0417E
:1061500005460E4690461C46BDF81870C3690221DC
:1061600090F82400984700283ED11FFA88F195F84E
:10617000242042F010004FF0000E4FF0010C0CE014
:106180000CF1FF38012303FA08F34EEA030E1FFA5D
:106190008EFE0CF1010C5FFA8CFC54FA0CF3EFD17B
:1061A0000EEA010EBEFBF4F304FB13EE1FFA8EFEA3
:1061B000A4EB0E039BB2BB420CD3A82A05D0AC695A
:1061C0003B463246A047BDE8F0816C693B4632460B
:1061D000A047F8E7A82A03D0AC693246A047F2E707
:1061E0006C693246A047EEE76FF00200EBE730B58E
:1061F00083B0044690F8240040F0100502218DF889
:106200000710E369984700BB94F82430A82B12D0FC
:1062100001230DF107024FF480612846E568A84785
:106220000546E369022194F8240098470028F8D134
:10623000284603B030BD01230DF107024FF4806101
:106240002846A568A8470546EBE76FF00205EFE78B
:1062500070B582B004460D46AA238DF8073090F839
:10626000240040F01006E36902219847B0B9236981
:1062700001220DF107013046984760B900232B70C9
:10628000E369022194F82400984703460028F7D1D7
:10629000184602B070BD01232B70F1E76FF00203C6
:1062A000F6E791F8243080F824300B6803604A68E0
:1062B00042604A6942618A6882608A698261CA680A
:1062C000C2600A690261CA69C2610A6A02620BB1EC
:1062D000002070474FF0FF30704708B503780B2B54
:1062E00000D008BDD0F87C33002BFAD09B699847CA
:1062F000F7E708B5D0F8C4230132C0F8C423FFF78C
:10630000ECFF08BD012380F823337047002380F899
:10631000233370470346012280F82023002083F8AE
:10632000210383F82203704738B50446012380F81F
:106330002133002580F8205380F82353FFF735FDE3
:106340002179204600F081F96179204600F07DF93D
:10635000284638BD30B583B00446057E6B1E0A2B37
:1063600000F2DC80DFE803F00610354154617C88E0
:106370009BA8BF00427900F1100100F009F9022347
:106380002376284603B030BD4179FFF7D5FC05469A
:10639000012805D0042818D0022816D00125F0E7DE
:1063A000237CE28A42B113F0800F02D105232376C9
:1063B000E7E703232376E4E713F0800F02D10723F6
:1063C0002376DEE709232376DBE70B2323760125FB
:1063D000D7E7D0F8C433C38103798289816800F09C
:1063E000FEF8042323760125CBE70179FFF7A4FC0F
:1063F000012806D0052800F09380042804D0012548
:10640000BFE709232376F8E70B2323760125B8E7B6
:106410000125009543798289816800F0CAF8D4F893
:10642000C433E38106232376ABE74179FFF784FC8D
:106430000546431E042B75D8DFE803F0030A740EEB
:106440000600072323769CE70C232376032598E791
:1064500005232376012594E70B232376022590E775
:1064600003790022114600F0BAF8D4F8C433E3816E
:1064700008232376012584E70179FFF75DFC0128D5
:1064800005D0042807D005284ED0012579E70D2333
:106490002376002575E70B232376012571E7012577
:1064A000009543790022114600F083F8D4F8C433F4
:1064B000E3810A23237664E74179FFF73DFC012855
:1064C00005D0022807D0042809D0012559E70D235B
:1064D0002376002555E709232376012551E70B2371
:1064E000237601254DE7437E0133DBB24376022B51
:1064F00003D801250576857043E7D0F8D43306210B
:106500009847002565766179204600F09EF821794C
:10651000204600F09AF82570022532E7012530E781
:1065200003252EE701252CE703252AE710B50446AD
:106530008078012803D0022808D0012005E0A1605E
:10654000A281012323760223A37010BD2046FFF70A
:1065500001FF30B1032804D00228F6D10123A37033
:10656000F3E70123A37000232376EEE708B58378D1
:10657000012B04D000221146FFF7D8FF08BD0223EB
:10658000037401234374002343828182C382F1E7B1
:1065900010B584B00B4611460024039408220292E1
:1065A0000193009423462246FFF707FC204604B0DF
:1065B00010BD30B585B00C4619469DF8203090F8D6
:1065C0001D5305B10023039302920194012300930C
:1065D00000231A46FFF7F1FB002005B030BD30B5AF
:1065E00085B00D46194600240394029201950122BC
:1065F00000922346FFF7E1FB204605B030BD30B5E1
:1066000085B00C4619469DF8203090F81D5305B111
:10661000002303930292019401230093022300229A
:10662000FFF7CBFB002005B030BD30B585B00D467F
:10663000194600240394029201950122009202233C
:10664000FFF7BBFB204605B030BD0F2906D8E0316F
:1066500000EB81004368C3F30E03436000207047E2
:1066600030B583B00C46D0F87C33DD69342303FBAE
:10667000015393F89030062B06D0072B27D0052B1B
:1066800048D0012003B030BD00220092134600F034
:1066900026FB30B9342303FB0453012283F89020F6
:1066A000F0E7022803D0042809D00120EAE73423C8
:1066B00003FB0453052283F890200120E2E73423F2
:1066C00003FB0453082283F890200220DAE700221B
:1066D0000092134600F0BDFA30B9342303FB045393
:1066E000012283F89020CDE7022803D0042809D0A6
:1066F0000120C7E7342303FB0453052283F89020CD
:106700000120BFE7342303FB0453082283F89020C1
:106710000220B7E7342201FB02F298322A44043205
:1067200000F051FA0346A0B9342202FB04520121C1
:1067300082F89010022082F89100022BA2D0042B44
:10674000A0D1342303FB0455082385F890300220A0
:1067500098E70120F1E7D0F87C33DB6902780B2A57
:1067600001D000207047342202FB013393F89130AE
:106770000BB10020704701207047D0F87C33DB69F3
:1067800000780B2801D00220704710B5342000FBA0
:1067900001F190310B4403F130011C68D3F804E09F
:1067A000D3F808C0D8681460C2F804E0C2F808C082
:1067B000D060103310328B42EFD11B681360002081
:1067C00010BD2DE9F04182B00D46089ED0F87C1333
:1067D000CF6990F82013C1B3044601780B2936D154
:1067E000342101FB057191F89010012901D002209C
:1067F0002EE006203873342101FB057181F89000EA
:10680000A7F8FA5000962946204600F068FAD4F816
:10681000C48329462046FFF723FF012811D1D4F86D
:10682000C423A2EB080242F2107306FB03F39A4260
:1068300003D894F82033002BEBD101233B730220C3
:1068400006E001233B73002002E0022000E002206A
:1068500002B0BDE8F0812DE9F04182B00D46089EFE
:10686000D0F87C13CF6990F82013C1B304460178A7
:106870000B2936D1342101FB057191F890100129C3
:1068800001D002202EE007203873342101FB05716E
:1068900081F89000A7F8FA5000962946204600F0AB
:1068A000D8F9D4F8C48329462046FFF7D9FE012839
:1068B00011D1D4F8C423A2EB080242F2107306FBF4
:1068C00003F39A4203D894F82033002BEBD1012331
:1068D0003B73022006E001233B73002002E002200C
:1068E00000E0022002B0BDE8F081000010B5D0F851
:1068F0007C33DC692179FFF719FA0D2801D00220D9
:1069000010BDA26F0A4B9A4201D00220F8E7E26F55
:10691000A36D9A4201D00120F2E794F88400002888
:10692000EED00128ECD00228EAD00120E8E700BF31
:106930005553425308B5D0F87C33DB691AB1012AAC
:1069400005D0022002E0D979FFF710FE08BD997941
:10695000FFF70CFEFAE708B521220274FF22427409
:10696000002141828182C1820A46FFF7DFFD08BD16
:1069700070B582B00546D0F87C33DE6996F8504099
:10698000631E0A2B00F21D81DFE813F00B001B00D1
:1069900042004D0077008300B600C100DD00EF002B
:1069A000110186F86110022386F8503073790122B4
:1069B00000921F2206F15401FFF721FE204602B08B
:1069C00070BD7179FFF7B8F90446012805D0022897
:1069D00015D0052817D00124F0E7F36D5BB196F9C7
:1069E0006030002B03DB052386F85030E6E70323F5
:1069F00086F85030E2E7072386F85030DEE70124BE
:106A000086F85040DAE70A2386F850300124D5E7AB
:106A100033797289D6F88C10FFF707FE042386F8C5
:106A200050300124CAE73179FFF786F9044601287E
:106A300003D005281CD00124C0E7F36D728993426E
:106A40000CD9D6F88C101144C6F88C109B1AF3653B
:106A5000F36D33B9072386F85030AFE70023F365B1
:106A6000F6E73379D6F88C102846FFF7DEFDA5E768
:106A7000092386F850300124A0E773793289D6F8CB
:106A80008C1001240094FFF7BAFD062386F85030DD
:106A900094E77179FFF750F90446012805D00228E0
:106AA00020D0052823D0012488E7F36D3289934252
:106AB0000CD9D6F88C101144C6F88C109B1AF365CB
:106AC000F36D33B9072386F8503077E70023F36579
:106AD000F6E77379D6F88C10012000902846FFF76E
:106AE0008EFD6BE7052386F85030012466E70A2304
:106AF00086F85030012461E733790D2206F17801E0
:106B0000FFF793FD082386F85030012456E73179CA
:106B1000FFF712F9012803D005280FD001244DE713
:106B2000012386F8503086F852302846FFF7DEFE03
:106B3000044600283FF442AF02243FE7092386F8C9
:106B4000503001243AE70022FFF7F4FE20B9072372
:106B500086F85030012431E7042801D001242DE7C4
:106B60000B2386F85030012428E70122FFF7E2FECC
:106B700018B1042816D0012420E771792846FFF7C0
:106B8000F6F8C0F10102D2B271792846FFF7DAF8BF
:106B9000002231792846FFF7D5F8092386F85030CE
:106BA00001240BE70B2386F85030012406E7FFF79A
:106BB000D2FE044600287FF401AF012386F850304E
:106BC000FCE60124FAE638B50346D0F87C03C46934
:106BD00094F85200012804D01546022825D002203E
:106BE00022E00E22E265802384F860300A2384F8D4
:106BF00062300023C4F86330C4F86730C4F86B30E7
:106C0000C4F86F30032384F86330490184F86410BA
:106C100084F86720012384F85030022384F852302E
:106C200004F11003C4F88C3038BD1846FFF7A0FEFD
:106C30000028F9D1D4F88C309B7803F00F032B7027
:106C4000D4F88C301B7B6B70D4F88C305B7BAB70D2
:106C5000EAE738B58446D0F87C03C46994F852005A
:106C6000012803D0022836D0022033E0B4F898106F
:106C7000049D05FB01F1E165002184F860104FF0EF
:106C80000A0C84F862C0C4F86310C4F86710C4F832
:106C90006B10C4F86F102A2184F86310C2F30761E7
:106CA00084F86510C2F3074184F86610C2F3072127
:106CB00084F8671084F86820C5F3072284F86A20F6
:106CC00084F86B50012284F85020022284F852206C
:106CD000C4F88C3038BD6046FFF74AFEFAE738B595
:106CE0008446D0F87C03C46994F85200012803D08C
:106CF000022836D0022033E0B4F89810049D05FB3A
:106D000001F1E165802184F860100A2184F86210A5
:106D10000021C4F86310C4F86710C4F86B10C4F8FD
:106D20006F10282184F86310C2F3076184F865109E
:106D3000C2F3074184F86610C2F3072184F8671094
:106D400084F86820C5F3072284F86A2084F86B5021
:106D5000012284F85020022284F85220C4F88C309A
:106D600038BD6046FFF704FEFAE700002DE9F04762
:106D700088B0002501951D4C236B43F0020323636B
:106D8000236B03F002030193019B4FF48073039381
:106D90004FF0120ACDF810A005954FF00309CDF879
:106DA00018904FF00408CDF81C8003AF104E394600
:106DB0003046EDF71BFE4FF400730393CDF810A09F
:106DC0000595CDF81890CDF81C8039463046EDF782
:106DD0000DFE0295236C43F400132364236C03F42B
:106DE00000130293029B08B0BDE8F0870038024010
:106DF0000004024010B5084A136C23F40013136416
:106E0000064C4FF480712046EDF7E6FE4FF400711A
:106E10002046EDF7E1FE10BD0038024000040240BC
:106E20000B4B1B687BB1013B094A13600BB100207F
:106E3000704710B5074C2046FFF7DCFF2046F1F7FE
:106E400098FC10B910BD002070476FF00700F9E7FB
:106E5000D8A30020DCA3002008B50A464FF48053D5
:106E600001460448F1F778FF00B908BD6FF0020051
:106E7000FBE700BFDCA3002010B584B04FF48054C2
:106E800002940193009201230A4601460848F1F753
:106E900043FD10B9002004B010BD0548F2F725F8F5
:106EA000042802D06FF00300F5E76FF06500F2E709
:106EB000DCA3002010B584B04FF4805402940193F9
:106EC000009201230A4601460848F1F7D5FD10B9A2
:106ED000002004B010BD0548F2F707F8042802D0DE
:106EE0006FF00300F5E76FF06500F2E7DCA3002028
:106EF00010B584B04FF48054029401930092102393
:106F00000A4601460848F1F707FD10B9002004B011
:106F100010BD0548F1F7E9FF042802D06FF0030027
:106F2000F5E76FF06500F2E7DCA3002010B584B050
:106F30004FF4805402940193009210230A460146B4
:106F40000848F1F799FD10B9002004B010BD0548BC
:106F5000F1F7CBFF042802D06FF06500F5E76FF082
:106F60000300F2E7DCA3002000B583B013464FF422
:106F7000805200920A4601460948F1F713FC18B9FD
:106F8000002003B05DF804FB0548F1F7AEFF0428CC
:106F900002D06FF06500F4E76FF00300F1E700BF87
:106FA000DCA3002008B5094A0260094A42600022B9
:106FB0008260C2604FF48041016142618261C261BE
:106FC0000262F1F7F7FA00B1012008BD0054004059
:106FD000A08601000E4B0F4A1A600F4A1368591C15
:106FE00011600BB10020704710B50948F1F77AFF26
:106FF00008B1002010BD064C2046FFF7B7FE204622
:10700000FFF7D0FF08B90020F4E76FF00700F1E7C1
:10701000DCA3002000540040D8A3002010B58AB0A3
:10702000A0238DF82430124B0093124B0193124B86
:107030000593124B0293124B0693124B0393124B80
:107040000493124B0793124B0893124C6946204647
:10705000FFF727F9104B1C60104B114A13601B6897
:107060002046984708B90AB010BD6FF00400FAE74F
:10707000D56F0108216E0108B56E0108796E01080F
:107080002D6F0108F16E0108696F0108596E010842
:107090008153000880A40020A8A4002070010020D3
:1070A000B4A4002010B58AB0AA238DF82430124B66
:1070B0000093124B0193124B0593124B0293124B08
:1070C0000693124B0393124B0493124B0793124BEC
:1070D0000893124C69462046FFF7E3F8104B5C60BA
:1070E000104B114A53601B682046984708B90AB0F4
:1070F00010BD6FF00400FAE7D56F0108216E01089A
:10710000B56E0108796E01082D6F0108F16E010856
:10711000696F0108596E01088153000858A40020C6
:10712000A8A4002070010020B4A4002010B58AB0EB
:10713000AC238DF82430124B0093124B0193124B69
:107140000593124B0293124B0693124B0393124B6F
:107150000493124B0793124B0893124C6946204636
:10716000FFF79FF8104B9C60104B114A93601B680F
:107170002046984708B90AB010BD6FF00400FAE73E
:10718000D56F0108216E0108B56E0108796E0108FE
:107190002D6F0108F16E0108696F0108596E010831
:1071A0008153000830A40020A8A400207001002012
:1071B000B4A4002008B5012808D002280CD088B952
:1071C000FFF72CFF80B14FF0FF300DE0FFF76AFFB3
:1071D00050B14FF0FF3007E0FFF7A8FF20B14FF0AC
:1071E000FF3001E06FF0010008BD000008B5064B5C
:1071F00053F820309B68054A52F82000984700B9A0
:1072000008BD6FF00400FBE7B4A40020A8A4002090
:10721000DFF834D00D480E490E4A002302E0D4585E
:10722000C4500433C4188C42F9D30B4A0B4C0023CE
:1072300001E013600432A242FBD3ECF7DFF9E9F777
:1072400027F9EBF749FC70470000022000000020FE
:10725000B0010020889B0108B0010020C0A40020DC
:10726000FEE70000F8B500BFF8BC08BC9E467047BA
:0C727000F8B500BFF8BC08BC9E46704793
:10727C004932432032344330323A202020203235F8
:10728C0036420D004932432032344330323A20200A
:10729C0020204572726F720D000000000D0A496EBD
:1072AC00697420436F6D706C6574652E0D00000061
:1072BC00436865636B696E672053746F72616765B1
:1072CC0020446576696365733A0D000044726976F3
:1072DC006520257320202020204572726F720D0AC4
:1072EC000000000044726976652025732020202060
:1072FC0020256C754D420D0A0000000053504920AA
:10730C005732355136344A563A20384D420D00002A
:10731C00535049205732355136344A563A2045722B
:10732C00726F7220282564290D0A00004172742D99
:10733C004E6574005B4172744E65745D20556E69C8
:10734C0076657273202575207C2053657120257518
:10735C00207C202575206368207C20737263202597
:10736C00730D0A005B4172744E65745D2045525278
:10737C004555523A20696D706F737369626C652064
:10738C006465206372C3A96572206C65205043420A
:10739C00205544500D0A00005B4172744E65745DBB
:1073AC00204552524555523A2062696E6420706FE6
:1073BC00727420257520286572723D2564290D0A8A
:1073CC00000000005B4172744E65745D2045636F74
:1073DC007574652073757220322E322E322E323A2D
:1073EC00363435340D0A00004C5749502F54617215
:1073FC006765742F65746865726E657469662E6353
:10740C00000000006E6574696620213D204E554CCD
:10741C004C000000417373657274696F6E202225F5
:10742C007322206661696C6564206174206C696EDE
:10743C006520256420696E2025730A005A65726FD9
:10744C002D636F7079205258205042554620706F32
:10745C006F6C000053544D33322056697274756151
:10746C006C20436F6D506F727400000053544D6963
:10747C0063726F656C656374726F6E696373000021
:10748C0043444320436F6E666967000043444320C6
:10749C00496E746572666163650000004D696464D1
:1074AC006C6577617265732F54686972645F5061A3
:1074BC007274792F4C7749502F7372632F6E6574E9
:1074CC0069662F65746865726E65742E63000000C2
:1074DC006E657469662D3E6877616464725F6C6575
:1074EC006E206D757374206265203620666F722075
:1074FC0065746865726E65745F6F757470757421F0
:10750C00000000004D6964646C6577617265732FCF
:10751C0054686972645F50617274792F4C7749506A
:10752C002F7372632F636F72652F646E732E6300FB
:10753C00646E7320736572766572206F7574206F3C
:10754C006620617272617900617272617920696E74
:10755C00646578206F7574206F6620626F756E6439
:10756C0073000000756E6B6E6F776E20646E735FC8
:10757C007461626C6520656E7472792073746174C9
:10758C00653A00004D6964646C6577617265732FB0
:10759C0054686972645F50617274792F4C774950EA
:1075AC002F7372632F636F72652F7463705F696ED4
:1075BC002E6300007463705F70617273656F70741A
:1075CC003A20696E76616C69642070636200000019
:1075DC007463705F696E7075745F64656C617965F6
:1075EC00645F636C6F73653A20696E76616C696475
:1075FC0020706362000000007463705F74696D65D5
:10760C00776169745F696E7075743A20696E766122
:10761C006C696420706362007463705F6C6973746E
:10762C00656E5F696E7075743A20696E76616C690F
:10763C0064207063620000007063622D3E736E64A0
:10764C005F71756575656C656E203E3D2070627569
:10765C00665F636C656E286E6578742D3E702900CC
:10766C007463705F726563656976653A2076616CE8
:10767C006964207175657565206C656E677468004A
:10768C007463705F6F6F735F696E736572745F7331
:10769C0065676D656E743A20696E76616C696420FD
:1076AC0063736567000000007463705F72656365E7
:1076BC006976653A20696E76616C696420706362E4
:1076CC00000000007463705F726563656976653AEB
:1076DC002077726F6E672073746174650000000010
:1076EC00756E61636B656400756E73656E74000016
:1076FC00696E7365672E7020213D204E554C4C00F1
:10770C00696E73616E65206F666673657421000027
:10771C007062756620746F6F2073686F72742100CD
:10772C007463705F726563656976653A207365672B
:10773C006D656E74206E6F74207472696D6D656406
:10774C0020636F72726563746C7920746F2072633E
:10775C00765F776E640A00007463705F72656365B0
:10776C006976653A207365676D656E74206E6F740B
:10777C00207472696D6D656420636F7272656374D9
:10778C006C7920746F206F6F7365712071756575DE
:10779C00650A00007463705F726563656976653AAB
:1077AC00207463706C656E203E207263765F776E1A
:1077BC00640A00007463705F726563656976653A8C
:1077CC00206F6F736571207463706C656E203E2042
:1077DC007263765F776E640A000000007463705FFA
:1077EC0070726F636573733A20696E76616C69644D
:1077FC0020706362000000007463705F696E7075C6
:10780C00743A207063622D3E737461746520213D5F
:10781C0020434C4F534544007063622D3E736E649D
:10782C005F71756575656C656E203E2030000000DB
:10783C006E6F207365676D656E7420746F20667251
:10784C00656500007063622D3E6C697374656E65CE
:10785C00722D3E61636365707420213D204E554C42
:10786C004C0000007463705F696E7075743A206927
:10787C006E76616C6964207062756600702D3E6E68
:10788C0065787420213D204E554C4C00702D3E6C7B
:10789C00656E203D3D203000702D3E746F745F6C22
:1078AC00656E203D3D20702D3E6E6578742D3E74C6
:1078BC006F745F6C656E00007463705F696E7075D9
:1078CC00743A20616374697665207063622D3E732F
:1078DC007461746520213D20434C4F534544000096
:1078EC007463705F696E7075743A20616374697645
:1078FC0065207063622D3E737461746520213D2098
:10790C0054494D452D574149540000007463705F34
:10791C00696E7075743A2061637469766520706362
:10792C00622D3E737461746520213D204C49535483
:10793C00454E00007463705F696E7075743A207008
:10794C0063622D3E6E65787420213D207063622049
:10795C00286265666F726520636163686529000043
:10796C007463705F696E7075743A207063622D3E3B
:10797C006E65787420213D207063622028616674E6
:10798C006572206361636865290000007463705F31
:10799C00696E7075743A2054494D452D57414954C0
:1079AC00207063622D3E7374617465203D3D2054DC
:1079BC00494D452D57414954000000007063622D1C
:1079CC003E726566757365645F64617461203D3DEC
:1079DC00204E554C4C0000004D6964646C65776119
:1079EC007265732F54686972645F50617274792F79
:1079FC004C7749502F7372632F636F72652F7463CA
:107A0C00702E63007463705F72656D6F76655F6C6A
:107A1C00697374656E65723A20696E76616C69641F
:107A2C00206C697374656E6572000000706362206F
:107A3C00213D204E554C4C007063622D3E73746199
:107A4C007465203D3D204C495354454E00000000C8
:107A5C007463705F667265655F6C697374656E3AAA
:107A6C0020214C495354454E000000007463705F54
:107A7C00667265653A204C495354454E000000002F
:107A8C007463705F7570646174655F7263765F6157
:107A9C006E6E5F776E643A20696E76616C696420F5
:107AAC00706362006E65775F7263765F616E6E5FA6
:107ABC00776E64203C3D2030786666666600000078
:107ACC007463705F7265637665643A20696E766183
:107ADC006C69642070636200646F6E27742063614C
:107AEC006C6C207463705F72656376656420666F7E
:107AFC0072206C697374656E2D7063627300000084
:107B0C007463705F7365675F636F70793A20696E39
:107B1C0076616C6964207365670000007463705F44
:107B2C006E6578745F6973733A20696E76616C69FF
:107B3C0064207063620000007463705F6566665F4A
:107B4C0073656E645F6D73735F6E657469663A20FE
:107B5C00696E76616C6964206473745F697000008F
:107B6C007463705F7063625F70757267653A2069E9
:107B7C006E76616C69642070636200007463705F80
:107B8C007063625F72656D6F76653A20696E7661BF
:107B9C006C696420706362007463705F7063625F11
:107BAC0072656D6F76653A20696E76616C696420DA
:107BBC007063626C69737400756E73656E74207398
:107BCC0065676D656E7473206C65616B696E6700BB
:107BDC00756E61636B6564207365676D656E747338
:107BEC00206C65616B696E67000000006F6F7365D8
:107BFC0071207365676D656E7473206C65616B695C
:107C0C006E6700007463705F6162616E646F6E3AE0
:107C1C0020696E76616C69642070636200000000FC
:107C2C00646F6E27742063616C6C207463705F6189
:107C3C00626F72742F7463705F6162616E646F6ED9
:107C4C0020666F72206C697374656E2D706362733D
:107C5C00000000007463705F6E657469665F697024
:107C6C005F616464725F6368616E6765645F7063B3
:107C7C00626C6973743A20696E76616C6964206F0A
:107C8C006C645F6164647200696E76616C69642017
:107C9C0073746174650000007463705F636C6F7360
:107CAC00655F73687574646F776E3A20696E766180
:107CBC006C696420706362007063622D3E666C6157
:107CCC00677320262054465F5258434C4F5345440B
:107CDC00000000007463705F636C6F73653A206919
:107CEC006E76616C69642070636200007463705F0F
:107CFC00726563765F6E756C6C3A20696E76616C3A
:107D0C0069642070636200007463705F70726F63EB
:107D1C006573735F726566757365645F64617461C6
:107D2C003A20696E76616C696420706362000000B1
:107D3C007463705F736C6F77746D723A20616374E7
:107D4C00697665207063622D3E73746174652021C1
:107D5C003D20434C4F5345440A0000007463705F50
:107D6C00736C6F77746D723A2061637469766520F9
:107D7C007063622D3E737461746520213D204C4903
:107D8C005354454E0A0000007463705F736C6F7738
:107D9C00746D723A20616374697665207063622D2C
:107DAC003E737461746520213D2054494D452D5717
:107DBC004149540A000000007463705F736C6F7764
:107DCC0074696D723A20706572736973742074698A
:107DDC00636B696E67207769746820696E2D666CB9
:107DEC006967687420646174610000007463705F7B
:107DFC00736C6F7774696D723A2070657273697306
:107E0C0074207469636B696E672077697468206588
:107E1C006D7074792073656E642062756666657228
:107E2C00000000007463705F736C6F77746D723A4E
:107E3C00206D6964646C652074637020213D20742E
:107E4C0063705F6163746976655F70636273000071
:107E5C007463705F736C6F77746D723A20666972BD
:107E6C00737420706362203D3D207463705F6163A6
:107E7C00746976655F706362730000007463705F91
:107E8C00736C6F77746D723A2054494D452D574180
:107E9C004954207063622D3E7374617465203D3DBE
:107EAC002054494D452D5741495400007463705F6F
:107EBC00736C6F77746D723A206D6964646C6520B5
:107ECC0074637020213D207463705F74775F7063FE
:107EDC00627300007463705F736C6F77746D723AC9
:107EEC0020666972737420706362203D3D20746358
:107EFC00705F74775F706362730000004D69646437
:107F0C006C6577617265732F54686972645F506138
:107F1C007274792F4C7749502F7372632F636F7281
:107F2C00652F7463705F6F75742E63007463705F7C
:107F3C0077726974655F636865636B733A20696E09
:107F4C0076616C6964207063620000007463705F1A
:107F5C0077726974653A207062756673206F6E2053
:107F6C007175657565203D3E206174206C6561738B
:107F7C0074206F6E65207175657565206E6F6E2D42
:107F8C00656D7074790000007463705F777269744A
:107F9C00653A206E6F207062756673206F6E20716B
:107FAC0075657565203D3E20626F7468207175653E
:107FBC0075657320656D7074790000007463705F73
:107FCC006F75747075745F7365676D656E745F62E1
:107FDC007573793A20696E76616C69642073656794
:107FEC00000000007463705F6F75747075745F6669
:107FFC00696C6C5F6F7074696F6E733A20696E7622
:10800C00616C696420706275660000006F70746941
:10801C006F6E73206E6F742066696C6C6564000003
:10802C007463705F6372656174655F7365676D65BA
:10803C006E743A20696E76616C69642070636200BC
:10804C007463705F6372656174655F7365676D659A
:10805C006E743A20696E76616C6964207062756624
:10806C0000000000702D3E746F745F6C656E203ED6
:10807C003D206F70746C656E000000006368656372
:10808C006B207468617420666972737420706275F9
:10809C00662063616E20686F6C6420737472756304
:1080AC0074207463705F6864720000007463705FA6
:1080BC006F75747075745F616C6C6F635F6865610C
:1080CC006465723A20696E76616C696420706362D3
:1080DC00000000007463705F6F75747075745F736B
:1080EC0065676D656E743A20696E76616C696420A3
:1080FC00736567007463705F6F75747075745F730C
:10810C0065676D656E743A20696E76616C69642082
:10811C00706362007463705F6F75747075745F73F5
:10812C0065676D656E743A20696E76616C69642062
:10813C006E657469660000007463705F6F757470AF
:10814C0075745F636F6E74726F6C5F7365676D656A
:10815C006E743A20696E76616C6964207062756623
:10816C00000000007463705F73706C69745F756EEF
:10817C0073656E745F7365673A20696E76616C69BE
:10818C00642070636200000043616E27742073707A
:10819C006C6974207365676D656E7420696E746F9D
:1081AC00206C656E677468203000000073706C6919
:1081BC0074203C3D206D737300000000757365677F
:1081CC002D3E6C656E203E20300000007463705FA5
:1081DC00656E71756575655F666C6167733A206E67
:1081EC0065656420656974686572205443505F53FB
:1081FC00594E206F72205443505F46494E20696E91
:10820C0020666C616773202870726F6772616D6D88
:10821C0065722076696F6C617465732041504929D1
:10822C00000000007463705F656E71756575655F45
:10823C00666C6167733A20696E76616C6964207054
:10824C00636200007463705F656E71756575655F60
:10825C00666C6167733A20636865636B2074686150
:10826C007420666972737420706275662063616E27
:10827C0020686F6C64206F70746C656E0000000079
:10828C007365672D3E746370686472206E6F742022
:10829C00616C69676E6564007463705F656E71759F
:1082AC006575655F666C6167733A20696E76616CA3
:1082BC006964207365676D656E74206C656E677498
:1082CC00680000007463705F656E71756575655F3D
:1082DC00666C6167733A20696E76616C69642071B3
:1082EC0075657565206C656E677468007463705F86
:1082FC0073656E645F66696E3A20696E76616C694F
:10830C0064207063620000007463705F7265786D46
:10831C0069745F72746F5F707265706172653A2018
:10832C00696E76616C696420706362007463705F5F
:10833C007265786D69743A20696E76616C69642037
:10834C00706362007463705F7265786D69745F66E8
:10835C006173743A20696E76616C69642070636233
:10836C00000000007463705F7273743A20696E765B
:10837C00616C6964206C6F63616C5F6970000000F4
:10838C007463705F7273743A20696E76616C6964A1
:10839C002072656D6F74655F697000007463705F47
:1083AC0073656E645F656D7074795F61636B3A20A1
:1083BC00696E76616C696420706362007463705FCF
:1083CC006F75747075743A20696E76616C6964208F
:1083DC0070636200646F6E27742063616C6C207430
:1083EC0063705F6F757470757420666F72206C6942
:1083FC007374656E2D7063627300000052535420C9
:10840C006E6F74206578706563746564206865723E
:10841C00652100007463705F7265786D69745F72BA
:10842C00746F5F636F6D6D69743A20696E76616C01
:10843C0069642070636200007463705F7265786DAC
:10844C0069745F72746F3A20696E76616C6964202E
:10845C00706362007463705F6B656570616C6976E4
:10846C00653A20696E76616C696420706362000005
:10847C007463705F7A65726F5F77696E646F775F34
:10848C0070726F62653A20696E76616C69642070F7
:10849C00636200004D6964646C6577617265732F6B
:1084AC0054686972645F50617274792F4C774950CB
:1084BC002F7372632F636F72652F74696D656F759F
:1084CC0074732E63000000007379735F74696D65BB
:1084DC006F75743A2074696D656F757420213D2039
:1084EC004E554C4C2C20706F6F6C204D454D505F91
:1084FC005359535F54494D454F555420697320656A
:10850C006D7074790000000054696D656F7574208E
:10851C0074696D6520746F6F206C6F6E672C206DA5
:10852C006178206973204C5749505F55494E54333C
:10853C00325F4D41582F34206D736563730000001A
:10854C004D6964646C6577617265732F54686972E8
:10855C00645F50617274792F4C7749502F7372633A
:10856C002F636F72652F6D656D702E6300000000B8
:10857C006D656D705F6D616C6C6F633A206D656DD0
:10858C00702070726F7065726C7920616C69676EA7
:10859C00656400006D656D705F667265653A206D8F
:1085AC00656D2070726F7065726C7920616C696793
:1085BC006E656400696E76616C696420706F6F6CB7
:1085CC0020646573630000006D656D705F6D616C98
:1085DC006C6F633A2074797065203C204D454D508A
:1085EC005F4D4158000000006D656D705F667265EF
:1085FC00653A2074797065203C204D454D505F4D97
:10860C0041580000504255465F504F4F4C000000FF
:10861C00504255465F5245462F524F4D00000000C8
:10862C005359535F54494D454F5554004652414799
:10863C005F5042554600000052454153534441544B
:10864C00410000005443505F534547005443505F72
:10865C005043425F4C495354454E00005443505FC5
:10866C00504342005544505F504342004D6964648E
:10867C006C6577617265732F54686972645F5061C1
:10868C007274792F4C7749502F7372632F636F720A
:10869C00652F6E657469662E630000006E657469E3
:1086AC00665F69737375655F7265706F7274733A28
:1086BC0020696E76616C6964206E65746966000071
:1086CC00696E76616C696420706F696E7465720096
:1086DC006E657469665F6164643A20696E76616C7C
:1086EC006964206E65746966000000006E657469CB
:1086FC00665F6164643A204E6F20696E697420660F
:10870C00756E6374696F6E20676976656E00000024
:10871C006E6574696620616C726561647920616450
:10872C0064656400746F6F206D616E79206E657482
:10873C006966732C206D61782E20737570706F7262
:10874C00746564206E756D626572206973203235B4
:10875C00350000006E657469665F7365745F7570D3
:10876C003A20696E76616C6964206E657469660086
:10877C006E657469665F7365745F646F776E3A20BB
:10878C00696E76616C6964206E65746966000000C0
:10879C006E657469665F7365745F6C696E6B5F752B
:1087AC00703A20696E76616C6964206E65746966D6
:1087BC00000000006E657469665F7365745F6C69B8
:1087CC006E6B5F646F776E3A20696E76616C69646C
:1087DC00206E6574696600004D6964646C65776130
:1087EC007265732F54686972645F50617274792F6B
:1087FC004C7749502F7372632F636F72652F7062C1
:10880C0075662E6300000000696E76616C696420E9
:10881C00706275665F74797065000000696E6372D2
:10882C00656D656E745F6D61676E697475646520E6
:10883C003C3D20702D3E6C656E00000070627566CC
:10884C005F667265653A20702D3E726566203E202B
:10885C003000000070632D3E637573746F6D5F663E
:10886C007265655F66756E6374696F6E20213D205D
:10887C004E554C4C00000000696E76616C696420AA
:10888C0070627566207479706500000070627566A0
:10889C005F616C6C6F633A207062756620712D3E5F
:1088AC007061796C6F61642070726F7065726C7935
:1088BC0020616C69676E656400000000504255468B
:1088CC005F504F4F4C5F42554653495A45206D758A
:1088DC0073742062652062696767657220746861D1
:1088EC006E204D454D5F414C49474E4D454E540011
:1088FC00706275665F616C6C6F633A20706275664E
:10890C002D3E7061796C6F61642070726F7065724E
:10891C006C7920616C69676E6564000070627566C5
:10892C005F616C6C6F633A206572726F6E656F7508
:10893C007320747970650000706275665F72656192
:10894C006C6C6F633A207020213D204E554C4C00CE
:10895C00706275665F7265616C6C6F633A20712032
:10896C00213D204E554C4C006D656D5F7472696DE8
:10897C002072657475726E65642071203D3D204EC9
:10898C00554C4C007062756620726566206F76657A
:10899C0072666C6F77000000286820213D204E55D0
:1089AC004C4C2920262620287420213D204E554C45
:1089BC004C29202870726F6772616D6D657220761C
:1089CC00696F6C6174657320415049290000000087
:1089DC00702D3E746F745F6C656E203D3D20702D64
:1089EC003E6C656E20286F66206C6173742070621B
:1089FC00756620696E20636861696E29000000004D
:108A0C00702D3E6E657874203D3D204E554C4C00CB
:108A1C00706275665F636F70793A20746172676516
:108A2C0074206E6F742062696720656E6F7567685D
:108A3C0020746F20686F6C6420736F7572636500AF
:108A4C006F66667365745F746F203C3D20705F7455
:108A5C006F2D3E6C656E00006F66667365745F66A5
:108A6C00726F6D203C3D20705F66726F6D2D3E6C99
:108A7C00656E0000705F746F20213D204E554C4C8C
:108A8C0000000000706275665F636F7079282920A2
:108A9C00646F6573206E6F7420616C6C6F772070DF
:108AAC0061636B65742071756575657321000000D9
:108ABC00706275665F636F70795F70617274696103
:108ACC006C3A20696E76616C696420627566000090
:108ADC00706275665F636F70795F706172746961E3
:108AEC006C3A20696E76616C6964206461746170A3
:108AFC0074720000706275665F74616B653A206910
:108B0C006E76616C696420627566000070627566D1
:108B1C005F74616B653A20696E76616C6964206480
:108B2C006174617074720000706275665F74616B61
:108B3C00653A20627566206E6F74206C6172676591
:108B4C0020656E6F75676800706275665F74616B27
:108B5C00653A20696E76616C696420706275660096
:108B6C00646964206E6F7420636F707920616C6C23
:108B7C002064617461000000636865636B2070623F
:108B8C0075665F736B697020726573756C74000029
:108B9C00706275665F636F7079206661696C65647D
:108BAC00000000004D6964646C6577617265732F19
:108BBC0054686972645F50617274792F4C774950B4
:108BCC002F7372632F636F72652F7564702E630041
:108BDC007564705F696E7075745F6C6F63616C5FE8
:108BEC006D617463683A20696E76616C696420709B
:108BFC00636200007564705F696E7075745F6C6F92
:108C0C0063616C5F6D617463683A20696E76616C48
:108C1C006964206E65746966000000007564705F9D
:108C2C00696E7075743A20696E76616C6964207037
:108C3C00627566007564705F696E7075743A206950
:108C4C006E76616C6964206E657469660000000064
:108C5C00706275665F72656D6F76655F686561647D
:108C6C006572206661696C65640A00007564705FEA
:108C7C0062696E643A20696E76616C696420706317
:108C8C00620000007564705F73656E64746F5F6979
:108C9C00665F7372633A20696E76616C69642070EA
:108CAC00636200007564705F73656E64746F5F69F6
:108CBC00665F7372633A20696E76616C69642070CA
:108CCC00627566007564705F73656E64746F5F695E
:108CDC00665F7372633A20696E76616C69642064B6
:108CEC0073745F69700000007564705F73656E6407
:108CFC00746F5F69665F7372633A20696E76616C3C
:108D0C006964207372635F69700000007564705F42
:108D1C0073656E64746F5F69665F7372633A206922
:108D2C006E76616C6964206E657469660000000083
:108D3C00636865636B207468617420666972737410
:108D4C0020706275662063616E20686F6C6420739E
:108D5C007472756374207564705F686472000000CF
:108D6C007564705F73656E64746F5F69663A2069D1
:108D7C006E76616C69642070636200007564705F6C
:108D8C0073656E64746F5F69663A20696E76616CA8
:108D9C0069642070627566007564705F73656E64DB
:108DAC00746F5F69663A20696E76616C69642064E1
:108DBC0073745F69700000007564705F73656E6436
:108DCC00746F5F69663A20696E76616C6964206EB7
:108DDC0065746966000000007564705F73656E648D
:108DEC00746F3A20696E76616C69642070636200FE
:108DFC007564705F73656E64746F3A20696E76612A
:108E0C006C69642070627566000000007564705FA8
:108E1C0073656E64746F3A20696E76616C69642058
:108E2C006473745F697000007564705F636F6E6E5D
:108E3C006563743A20696E76616C69642070636254
:108E4C00000000007564705F636F6E6E6563743A4A
:108E5C0020696E76616C696420697061646472006B
:108E6C007564705F726563763A20696E76616C69C1
:108E7C0064207063620000007564705F72656D6FD2
:108E8C0076653A20696E76616C6964207063620065
:108E9C004D6964646C6577617265732F546869728F
:108EAC00645F50617274792F4C7749502F737263E1
:108EBC002F636F72652F6D656D2E6300706C756717
:108ECC005F686F6C65733A206D656D203E3D207256
:108EDC00616D0000706C75675F686F6C65733A202C
:108EEC006D656D203C2072616D5F656E64000000E5
:108EFC00706C75675F686F6C65733A206D656D2D6E
:108F0C003E75736564203D3D20300000706C7567C4
:108F1C005F686F6C65733A206D656D2D3E6E65787C
:108F2C0074203C3D204D454D5F53495A455F414CA3
:108F3C0049474E45440000006D656D5F667265657E
:108F4C003A2073616E69747920636865636B206184
:108F5C006C69676E6D656E74000000006D656D5F09
:108F6C00667265653A20696C6C6567616C206D652D
:108F7C006D6F7279000000006D656D5F66726565DE
:108F8C003A20696C6C6567616C206D656D6F7279E8
:108F9C003A20646F75626C6520667265650000002E
:108FAC006D656D5F667265653A20696C6C656761AD
:108FBC006C206D656D6F72793A206E6F6E2D6C69D9
:108FCC006E6B65643A20646F75626C6520667265C1
:108FDC00650000006D656D5F7472696D3A206C659B
:108FEC0067616C206D656D6F727900006D656D5FEA
:108FFC007472696D2063616E206F6E6C792073687A
:10900C0072696E6B206D656D6F727900696E766139
:10901C006C6964206E6578742070747200000000B6
:10902C006D656D5F6D616C6C6F633A20216C66725F
:10903C0065652D3E75736564000000006D656D5FA0
:10904C006D616C6C6F633A20616C6C6F63617465FD
:10905C0064206D656D6F7279206E6F742061626F24
:10906C0076652072616D5F656E642E006D656D5F57
:10907C006D616C6C6F633A20616C6C6F63617465CD
:10908C0064206D656D6F72792070726F7065726C93
:10909C007920616C69676E65642E00006D656D5F8B
:1090AC006D616C6C6F633A2073616E6974792063C7
:1090BC006865636B20616C69676E6D656E7400002A
:1090CC004D6964646C6577617265732F546869725D
:1090DC00645F50617274792F4C7749502F737263AF
:1090EC002F636F72652F697076342F6970342E631D
:1090FC0000000000702D3E726566203D3D20310061
:10910C00636865636B20746861742066697273743C
:10911C0020706275662063616E20686F6C642073CA
:10912C0074727563742069705F686472000000006B
:10913C004D6964646C6577617265732F54686972EC
:10914C00645F50617274792F4C7749502F7372633E
:10915C002F636F72652F697076342F646863702E7D
:10916C0063000000646863705F6F7074696F6E5F9A
:10917C0073686F72743A206F7074696F6E735F6F7F
:10918C0075745F6C656E202B2032203C3D2044486A
:10919C0043505F4F5054494F4E535F4C454E000067
:1091AC00646863705F6F7074696F6E3A206F70746F
:1091BC00696F6E735F6F75745F6C656E202B2032F8
:1091CC00202B206F7074696F6E5F6C656E203C3D58
:1091DC0020444843505F4F5054494F4E535F4C45C9
:1091EC004E000000646863705F6F7074696F6E5F2F
:1091FC00627974653A206F7074696F6E735F6F7506
:10920C00745F6C656E203C20444843505F4F505453
:10921C00494F4E535F4C454E00000000646863702C
:10922C005F6F7074696F6E5F6C6F6E673A206F70F2
:10923C0074696F6E735F6F75745F6C656E202B2035
:10924C0034203C3D20444843505F4F5054494F4ECE
:10925C00535F4C454E000000646863705F63726539
:10926C006174655F6D73673A206E65746966202161
:10927C003D204E554C4C0000646863705F63726512
:10928C006174655F6D73673A206468637020213D7B
:10929C00204E554C4C000000646863705F6372652F
:1092AC006174655F6D73673A20636865636B2074E6
:1092BC0068617420666972737420706275662063CD
:1092CC00616E20686F6C64207374727563742064B3
:1092DC006863705F6D736700646863705F73656C5F
:1092EC006563743A206E6574696620213D204E5585
:1092FC004C4C0000646863705F73656C6563743A12
:10930C00206468637020213D204E554C4C000000B9
:10931C00646863705F62696E643A206E6574696636
:10932C0020213D204E554C4C0000000064686370B9
:10933C005F62696E643A206468637020213D204E40
:10934C00554C4C00646863705F7063625F72656655
:10935C00636F756E7428293A20726566636F756E3B
:10936C0074206572726F7200646863705F696E63FB
:10937C005F7063625F726566636F756E7428293AFD
:10938C00206D656D6F7279206C65616B000000005B
:10939C006C656E203D3D2034000000006C656E2035
:1093AC003E3D206465636F64655F6C656E00000014
:1093BC006C656E2025252034203D3D2030000000BA
:1093CC006C656E203D3D2031000000006F766572AB
:1093DC006C6F616420696E2066696C652F736E61B9
:1093EC006D650000636865636B206465636F64651D
:1093FC005F696478000000006465636F64655F6C8E
:10940C00656E2025252034203D3D203000000000D5
:10941C00696E76616C6964206465636F64655F6C0A
:10942C00656E00006E6578742070627566207761D9
:10943C0073206E756C6C00006468637020213D2095
:10944C004E554C4C000000006E6574696620616CD2
:10945C007265616479206861732061207374727520
:10946C00637420646863702073657400696E766140
:10947C006C696420646863702D3E7374617465005C
:10948C006E65746966206973206E6F742075702C1C
:10949C00206F6C64207374796C6520706F72743FEC
:1094AC00000000004D6964646C6577617265732F10
:1094BC0054686972645F50617274792F4C774950AB
:1094CC002F7372632F636F72652F697076342F65FB
:1094DC0074686172702E63006172705F7461626C8B
:1094EC00655B695D2E71203D3D204E554C4C000056
:1094FC0069203C204152505F5441424C455F5349D6
:10950C005A4500006172705F7461626C655B695DE5
:10951C002E7374617465203D3D2045544841525072
:10952C005F53544154455F454D5054590000000061
:10953C006E657469662D3E6877616464725F6C65F4
:10954C006E203D3D204554485F4857414444525F8E
:10955C004C454E00636865636B20746861742066CB
:10956C006972737420706275662063616E20686F17
:10957C006C642073747275637420657468617270A6
:10958C005F686472000000006E657469662D3E6849
:10959C0077616464725F6C656E206D7573742062A4
:1095AC0065207468652073616D6520617320455476
:1095BC00485F4857414444525F4C454E20666F7299
:1095CC00206574686172702100000000697061642C
:1095DC00647220213D204E554C4C00006574685F30
:1095EC0072657420213D204E554C4C006172705FA9
:1095FC007461626C655B6172705F6964785D2E7317
:10960C0074617465203E3D204554484152505F536F
:10961C00544154455F535441424C45007479706534
:10962C00206F766572666C6F770000006172705FF8
:10963C007461626C655B695D2E7374617465203D49
:10964C003D2050454E44494E47206F7220535441A3
:10965C00424C45006E6F207061636B6574207175B0
:10966C006575657320616C6C6F7765642100000013
:10967C007120213D204E554C4C0000004D69646416
:10968C006C6577617265732F54686972645F5061A1
:10969C007274792F4C7749502F7372632F636F72EA
:1096AC00652F697076342F69636D702E630000002E
:1096BC00636865636B207468617420666972737487
:1096CC0020706275662063616E20686F6C6420691F
:1096DC00636D70206D6573736167650069636D7090
:1096EC005F696E7075743A206D6F76696E67207263
:1096FC002D3E7061796C6F616420746F2069636DAD
:10970C007020686561646572206661696C65640AC5
:10971C000000000069636D705F696E7075743A20AB
:10972C00726573746F72696E67206F726967696EA8
:10973C00616C20702D3E7061796C6F616420666184
:10974C00696C65640A0000004D6964646C6577613E
:10975C007265732F54686972645F50617274792FEB
:10976C004C7749502F7372632F636F72652F69703A
:10977C0076342F6970345F667261672E6300000067
:10978C0073616E69747920636865636B206C696EB4
:10979C006B6564206C6973740000000070726576F0
:1097AC0020213D2069707200707265762D3E6E65C9
:1097BC007874203D3D2069707200000070627566FF
:1097CC00735F6672656564202B20636C656E203C4C
:1097DC003D203078666666660000000069705F7236
:1097EC00656173735F70627566636F756E74203E2E
:1097FC003D2070627566735F66726565640000007B
:10980C0070637220213D204E554C4C00636865639B
:10981C006B20667261676D656E747320646F6E2762
:10982C0074206F7665726C61700000006E6F207032
:10983C00726576696F757320667261676D656E749B
:10984C002C2074686973206D7573742062652074A4
:10985C00686520666972737420667261676D656EE7
:10986C007421000073616E69747920636865636BA1
:10987C000000000076616C69646174655F646174FA
:10988C00616772616D3A6E6578745F70627566219E
:10989C003D4E554C4C00000069705F7265617373EE
:1098AC005F70627566636F756E74203E3D20636CED
:1098BC00656E000069707220213D204E554C4C00A5
:1098CC006E6F74206669727374616C74686F7567FF
:1098DC0068206A75737420656E71756575656400B2
:1098EC006970345F6672616728293A207062756608
:1098FC0020746F6F2073686F7274000074686973E2
:10990C00206E656564732061207062756620696ED7
:10991C00206F6E652070696563652100702D3E6C4B
:10992C00656E203E3D20706F666600005245454EC8
:10993C0054206D616C6C6F63207375636365656433
:10994C00656400002E2E2F2E2E2F2E2E2F2E2E2F16
:10995C002E2E2F2E2E2F6E65776C69622F6C6962FE
:10996C00632F7374646C69622F72616E642E630072
:10997C002C2066756E6374696F6E3A2000000000CF
:10998C00617373657274696F6E2022257322206671
:10999C0061696C65643A2066696C652022257322C6
:1099AC002C206C696E65202564257325730A0000D4
:1099BC00232D302B20000000686C4C006566674539
:1099CC00464700003031323334353637383941426E
:1099DC0043444546000000003031323334353637CD
:1099EC0038396162636465660000000000000000A5
:1099FC000102030400000000000000000102030447
:109A0C00060708094874010820060C006C080020A1
:109A1C006808002000061016000610160000000052
:109A2C0000000000FFFFFFFFFFFF0000506300205D
:109A3C00546300204C6300204863002003060C187C
:109A4C0030607800010203040506070707070707C3
:109A5C0007000000FA000000DDE40008E803000045
:109A6C006D3A0108E8030000792F010860EA000054
:109A7C00B1290108F4010000752A0108E80300006F
:109A8C00FDBB0008349B0108249B0108149B0108B2
:109A9C00049B0108F49A0108E49A0108D49A01087D
:109AAC00C49A0108B49A01081086010860021000DB
:109ABC006C630020686300201C86010810001000F5
:109ACC0074890020708900202C8601081000060083
:109ADC007C8A0020788A00203886010818000F0044
:109AEC00E48A0020E08A002044860108200005005A
:109AFC00548C0020508C002050860108140010005B
:109B0C00FC8C0020F88C0020588601081C000800F2
:109B1C00448E0020408E0020688601089C000500C1
:109B2C002C8F0020288F0020708601082000040054
:109B3C00409200203C92002001031C06FFFFFFFF17
:109B4C00000000001D5101083D5101086D51010834
:109B5C00ED5101086D520108DD520108E152010876
:0C9B6C00F9520108055401089953010842
:089B7800F070FE7F0100000007
:049B800029020008AE
:049B840001020008D2
:109B88000000000003000000CC01002010000020AD
:109B980000000000CC010020340200209C020020BC
:109BA80000000000000000000000000000000000AD
:109BB800000000000000000000000000000000009D
:109BC800000000000000000000000000000000008D
:109BD8000000000000000000000000000024F40065
:109BE800D1370008DD360008FD370008E1370008E6
:109BF800C93700081A030000000000000000000038
:109C0800000000000000000000000000000000004C
:109C180004030904120100020202004083044057B1
:109C28000002010203010000253C0008313C000845
:109C3800F53C0008D13C0008BD3C0008113D000877
:109C4800353D0008A13D0008593D00085D3D00086C
:109C5800853D0008813D000801000000100000005B
:109C68006E19000000C000C009024300020100C0D4
:109C78003209040000010202010005240010010558
:109C880024010001042402020524060001070582BC
:109C98000308001009040100020A0000000705017A
:109CA800024000000705810240000000A94E01089B
:109CB800454E0108314D010800000000594B0108CC
:109CC800B54C01087D4C01080000000000000000B0
:109CD80000000000354C0108ED4B0108A54B0108B8
:109CE800994B01080A06000200000040010001002B
:109CF800E55D0108F95D01080D5E0108000000003E
:109D080000000000195E0108CB5E0108535E0108DF
:109D1800195F01088F5E0108695F0108A9600108E1
:109D28004D610108EF61010851620108000000005F
:04000005080172116B
:00000001FF
