ARM GAS  /tmp/ccnf9wtj.s 			page 1


   1              		.cpu cortex-m4
   2              		.arch armv7e-m
   3              		.fpu fpv4-sp-d16
   4              		.eabi_attribute 27, 1
   5              		.eabi_attribute 28, 1
   6              		.eabi_attribute 20, 1
   7              		.eabi_attribute 21, 1
   8              		.eabi_attribute 23, 3
   9              		.eabi_attribute 24, 1
  10              		.eabi_attribute 25, 1
  11              		.eabi_attribute 26, 1
  12              		.eabi_attribute 30, 1
  13              		.eabi_attribute 34, 1
  14              		.eabi_attribute 18, 4
  15              		.file	"stm32f4xx_hal_sd.c"
  16              		.text
  17              	.Ltext0:
  18              		.cfi_sections	.debug_frame
  19              		.file 1 "Drivers/STM32F4xx_HAL_Driver/Src/stm32f4xx_hal_sd.c"
  20              		.section	.text.SD_DMATransmitCplt,"ax",%progbits
  21              		.align	1
  22              		.syntax unified
  23              		.thumb
  24              		.thumb_func
  26              	SD_DMATransmitCplt:
  27              	.LVL0:
  28              	.LFB157:
   1:Drivers/STM32F4xx_HAL_Driver/Src/stm32f4xx_hal_sd.c **** /**
   2:Drivers/STM32F4xx_HAL_Driver/Src/stm32f4xx_hal_sd.c ****   ******************************************************************************
   3:Drivers/STM32F4xx_HAL_Driver/Src/stm32f4xx_hal_sd.c ****   * @file    stm32f4xx_hal_sd.c
   4:Drivers/STM32F4xx_HAL_Driver/Src/stm32f4xx_hal_sd.c ****   * @author  MCD Application Team
   5:Drivers/STM32F4xx_HAL_Driver/Src/stm32f4xx_hal_sd.c ****   * @brief   SD card HAL module driver.
   6:Drivers/STM32F4xx_HAL_Driver/Src/stm32f4xx_hal_sd.c ****   *          This file provides firmware functions to manage the following
   7:Drivers/STM32F4xx_HAL_Driver/Src/stm32f4xx_hal_sd.c ****   *          functionalities of the Secure Digital (SD) peripheral:
   8:Drivers/STM32F4xx_HAL_Driver/Src/stm32f4xx_hal_sd.c ****   *           + Initialization and de-initialization functions
   9:Drivers/STM32F4xx_HAL_Driver/Src/stm32f4xx_hal_sd.c ****   *           + IO operation functions
  10:Drivers/STM32F4xx_HAL_Driver/Src/stm32f4xx_hal_sd.c ****   *           + Peripheral Control functions
  11:Drivers/STM32F4xx_HAL_Driver/Src/stm32f4xx_hal_sd.c ****   *           + Peripheral State functions
  12:Drivers/STM32F4xx_HAL_Driver/Src/stm32f4xx_hal_sd.c ****   *
  13:Drivers/STM32F4xx_HAL_Driver/Src/stm32f4xx_hal_sd.c ****   ******************************************************************************
  14:Drivers/STM32F4xx_HAL_Driver/Src/stm32f4xx_hal_sd.c ****   * @attention
  15:Drivers/STM32F4xx_HAL_Driver/Src/stm32f4xx_hal_sd.c ****   *
  16:Drivers/STM32F4xx_HAL_Driver/Src/stm32f4xx_hal_sd.c ****   * Copyright (c) 2016 STMicroelectronics.
  17:Drivers/STM32F4xx_HAL_Driver/Src/stm32f4xx_hal_sd.c ****   * All rights reserved.
  18:Drivers/STM32F4xx_HAL_Driver/Src/stm32f4xx_hal_sd.c ****   *
  19:Drivers/STM32F4xx_HAL_Driver/Src/stm32f4xx_hal_sd.c ****   * This software is licensed under terms that can be found in the LICENSE file
  20:Drivers/STM32F4xx_HAL_Driver/Src/stm32f4xx_hal_sd.c ****   * in the root directory of this software component.
  21:Drivers/STM32F4xx_HAL_Driver/Src/stm32f4xx_hal_sd.c ****   * If no LICENSE file comes with this software, it is provided AS-IS.
  22:Drivers/STM32F4xx_HAL_Driver/Src/stm32f4xx_hal_sd.c ****   *
  23:Drivers/STM32F4xx_HAL_Driver/Src/stm32f4xx_hal_sd.c ****   ******************************************************************************
  24:Drivers/STM32F4xx_HAL_Driver/Src/stm32f4xx_hal_sd.c ****   @verbatim
  25:Drivers/STM32F4xx_HAL_Driver/Src/stm32f4xx_hal_sd.c ****   ==============================================================================
  26:Drivers/STM32F4xx_HAL_Driver/Src/stm32f4xx_hal_sd.c ****                         ##### How to use this driver #####
  27:Drivers/STM32F4xx_HAL_Driver/Src/stm32f4xx_hal_sd.c ****   ==============================================================================
  28:Drivers/STM32F4xx_HAL_Driver/Src/stm32f4xx_hal_sd.c ****   [..]
  29:Drivers/STM32F4xx_HAL_Driver/Src/stm32f4xx_hal_sd.c ****     This driver implements a high level communication layer for read and write from/to
  30:Drivers/STM32F4xx_HAL_Driver/Src/stm32f4xx_hal_sd.c ****     this memory. The needed STM32 hardware resources (SDIO and GPIO) are performed by
ARM GAS  /tmp/ccnf9wtj.s 			page 2


  31:Drivers/STM32F4xx_HAL_Driver/Src/stm32f4xx_hal_sd.c ****     the user in HAL_SD_MspInit() function (MSP layer).
  32:Drivers/STM32F4xx_HAL_Driver/Src/stm32f4xx_hal_sd.c ****     Basically, the MSP layer configuration should be the same as we provide in the
  33:Drivers/STM32F4xx_HAL_Driver/Src/stm32f4xx_hal_sd.c ****     examples.
  34:Drivers/STM32F4xx_HAL_Driver/Src/stm32f4xx_hal_sd.c ****     You can easily tailor this configuration according to hardware resources.
  35:Drivers/STM32F4xx_HAL_Driver/Src/stm32f4xx_hal_sd.c **** 
  36:Drivers/STM32F4xx_HAL_Driver/Src/stm32f4xx_hal_sd.c ****   [..]
  37:Drivers/STM32F4xx_HAL_Driver/Src/stm32f4xx_hal_sd.c ****     This driver is a generic layered driver for SDIO memories which uses the HAL
  38:Drivers/STM32F4xx_HAL_Driver/Src/stm32f4xx_hal_sd.c ****     SDIO driver functions to interface with SD and uSD cards devices.
  39:Drivers/STM32F4xx_HAL_Driver/Src/stm32f4xx_hal_sd.c ****     It is used as follows:
  40:Drivers/STM32F4xx_HAL_Driver/Src/stm32f4xx_hal_sd.c **** 
  41:Drivers/STM32F4xx_HAL_Driver/Src/stm32f4xx_hal_sd.c ****     (#)Initialize the SDIO low level resources by implementing the HAL_SD_MspInit() API:
  42:Drivers/STM32F4xx_HAL_Driver/Src/stm32f4xx_hal_sd.c ****         (##) Enable the SDIO interface clock using __HAL_RCC_SDIO_CLK_ENABLE();
  43:Drivers/STM32F4xx_HAL_Driver/Src/stm32f4xx_hal_sd.c ****         (##) SDIO pins configuration for SD card
  44:Drivers/STM32F4xx_HAL_Driver/Src/stm32f4xx_hal_sd.c ****             (+++) Enable the clock for the SDIO GPIOs using the functions __HAL_RCC_GPIOx_CLK_ENABL
  45:Drivers/STM32F4xx_HAL_Driver/Src/stm32f4xx_hal_sd.c ****             (+++) Configure these SDIO pins as alternate function pull-up using HAL_GPIO_Init()
  46:Drivers/STM32F4xx_HAL_Driver/Src/stm32f4xx_hal_sd.c ****                   and according to your pin assignment;
  47:Drivers/STM32F4xx_HAL_Driver/Src/stm32f4xx_hal_sd.c ****         (##) DMA configuration if you need to use DMA process (HAL_SD_ReadBlocks_DMA()
  48:Drivers/STM32F4xx_HAL_Driver/Src/stm32f4xx_hal_sd.c ****              and HAL_SD_WriteBlocks_DMA() APIs).
  49:Drivers/STM32F4xx_HAL_Driver/Src/stm32f4xx_hal_sd.c ****             (+++) Enable the DMAx interface clock using __HAL_RCC_DMAx_CLK_ENABLE();
  50:Drivers/STM32F4xx_HAL_Driver/Src/stm32f4xx_hal_sd.c ****             (+++) Configure the DMA using the function HAL_DMA_Init() with predeclared and filled.
  51:Drivers/STM32F4xx_HAL_Driver/Src/stm32f4xx_hal_sd.c ****         (##) NVIC configuration if you need to use interrupt process when using DMA transfer.
  52:Drivers/STM32F4xx_HAL_Driver/Src/stm32f4xx_hal_sd.c ****             (+++) Configure the SDIO and DMA interrupt priorities using functions
  53:Drivers/STM32F4xx_HAL_Driver/Src/stm32f4xx_hal_sd.c ****                   HAL_NVIC_SetPriority(); DMA priority is superior to SDIO's priority
  54:Drivers/STM32F4xx_HAL_Driver/Src/stm32f4xx_hal_sd.c ****             (+++) Enable the NVIC DMA and SDIO IRQs using function HAL_NVIC_EnableIRQ()
  55:Drivers/STM32F4xx_HAL_Driver/Src/stm32f4xx_hal_sd.c ****             (+++) SDIO interrupts are managed using the macros __HAL_SD_ENABLE_IT()
  56:Drivers/STM32F4xx_HAL_Driver/Src/stm32f4xx_hal_sd.c ****                   and __HAL_SD_DISABLE_IT() inside the communication process.
  57:Drivers/STM32F4xx_HAL_Driver/Src/stm32f4xx_hal_sd.c ****             (+++) SDIO interrupts pending bits are managed using the macros __HAL_SD_GET_IT()
  58:Drivers/STM32F4xx_HAL_Driver/Src/stm32f4xx_hal_sd.c ****                   and __HAL_SD_CLEAR_IT()
  59:Drivers/STM32F4xx_HAL_Driver/Src/stm32f4xx_hal_sd.c ****         (##) NVIC configuration if you need to use interrupt process (HAL_SD_ReadBlocks_IT()
  60:Drivers/STM32F4xx_HAL_Driver/Src/stm32f4xx_hal_sd.c ****              and HAL_SD_WriteBlocks_IT() APIs).
  61:Drivers/STM32F4xx_HAL_Driver/Src/stm32f4xx_hal_sd.c ****             (+++) Configure the SDIO interrupt priorities using function HAL_NVIC_SetPriority();
  62:Drivers/STM32F4xx_HAL_Driver/Src/stm32f4xx_hal_sd.c ****             (+++) Enable the NVIC SDIO IRQs using function HAL_NVIC_EnableIRQ()
  63:Drivers/STM32F4xx_HAL_Driver/Src/stm32f4xx_hal_sd.c ****             (+++) SDIO interrupts are managed using the macros __HAL_SD_ENABLE_IT()
  64:Drivers/STM32F4xx_HAL_Driver/Src/stm32f4xx_hal_sd.c ****                   and __HAL_SD_DISABLE_IT() inside the communication process.
  65:Drivers/STM32F4xx_HAL_Driver/Src/stm32f4xx_hal_sd.c ****             (+++) SDIO interrupts pending bits are managed using the macros __HAL_SD_GET_IT()
  66:Drivers/STM32F4xx_HAL_Driver/Src/stm32f4xx_hal_sd.c ****                   and __HAL_SD_CLEAR_IT()
  67:Drivers/STM32F4xx_HAL_Driver/Src/stm32f4xx_hal_sd.c ****     (#) At this stage, you can perform SD read/write/erase operations after SD card initialization
  68:Drivers/STM32F4xx_HAL_Driver/Src/stm32f4xx_hal_sd.c **** 
  69:Drivers/STM32F4xx_HAL_Driver/Src/stm32f4xx_hal_sd.c **** 
  70:Drivers/STM32F4xx_HAL_Driver/Src/stm32f4xx_hal_sd.c ****   *** SD Card Initialization and configuration ***
  71:Drivers/STM32F4xx_HAL_Driver/Src/stm32f4xx_hal_sd.c ****   ================================================
  72:Drivers/STM32F4xx_HAL_Driver/Src/stm32f4xx_hal_sd.c ****   [..]
  73:Drivers/STM32F4xx_HAL_Driver/Src/stm32f4xx_hal_sd.c ****     To initialize the SD Card, use the HAL_SD_Init() function. It Initializes
  74:Drivers/STM32F4xx_HAL_Driver/Src/stm32f4xx_hal_sd.c ****     SDIO Peripheral(STM32 side) and the SD Card, and put it into StandBy State (Ready for data tran
  75:Drivers/STM32F4xx_HAL_Driver/Src/stm32f4xx_hal_sd.c ****     This function provide the following operations:
  76:Drivers/STM32F4xx_HAL_Driver/Src/stm32f4xx_hal_sd.c **** 
  77:Drivers/STM32F4xx_HAL_Driver/Src/stm32f4xx_hal_sd.c ****     (#) Apply the SD Card initialization process at 400KHz and check the SD Card
  78:Drivers/STM32F4xx_HAL_Driver/Src/stm32f4xx_hal_sd.c ****         type (Standard Capacity or High Capacity). You can change or adapt this
  79:Drivers/STM32F4xx_HAL_Driver/Src/stm32f4xx_hal_sd.c ****         frequency by adjusting the "ClockDiv" field.
  80:Drivers/STM32F4xx_HAL_Driver/Src/stm32f4xx_hal_sd.c ****         The SD Card frequency (SDIO_CK) is computed as follows:
  81:Drivers/STM32F4xx_HAL_Driver/Src/stm32f4xx_hal_sd.c **** 
  82:Drivers/STM32F4xx_HAL_Driver/Src/stm32f4xx_hal_sd.c ****            SDIO_CK = SDIOCLK / (ClockDiv + 2)
  83:Drivers/STM32F4xx_HAL_Driver/Src/stm32f4xx_hal_sd.c **** 
  84:Drivers/STM32F4xx_HAL_Driver/Src/stm32f4xx_hal_sd.c ****         In initialization mode and according to the SD Card standard,
  85:Drivers/STM32F4xx_HAL_Driver/Src/stm32f4xx_hal_sd.c ****         make sure that the SDIO_CK frequency doesn't exceed 400KHz.
  86:Drivers/STM32F4xx_HAL_Driver/Src/stm32f4xx_hal_sd.c **** 
  87:Drivers/STM32F4xx_HAL_Driver/Src/stm32f4xx_hal_sd.c ****         This phase of initialization is done through SDIO_Init() and
ARM GAS  /tmp/ccnf9wtj.s 			page 3


  88:Drivers/STM32F4xx_HAL_Driver/Src/stm32f4xx_hal_sd.c ****         SDIO_PowerState_ON() SDIO low level APIs.
  89:Drivers/STM32F4xx_HAL_Driver/Src/stm32f4xx_hal_sd.c **** 
  90:Drivers/STM32F4xx_HAL_Driver/Src/stm32f4xx_hal_sd.c ****     (#) Initialize the SD card. The API used is HAL_SD_InitCard().
  91:Drivers/STM32F4xx_HAL_Driver/Src/stm32f4xx_hal_sd.c ****         This phase allows the card initialization and identification
  92:Drivers/STM32F4xx_HAL_Driver/Src/stm32f4xx_hal_sd.c ****         and check the SD Card type (Standard Capacity or High Capacity)
  93:Drivers/STM32F4xx_HAL_Driver/Src/stm32f4xx_hal_sd.c ****         The initialization flow is compatible with SD standard.
  94:Drivers/STM32F4xx_HAL_Driver/Src/stm32f4xx_hal_sd.c **** 
  95:Drivers/STM32F4xx_HAL_Driver/Src/stm32f4xx_hal_sd.c ****         This API (HAL_SD_InitCard()) could be used also to reinitialize the card in case
  96:Drivers/STM32F4xx_HAL_Driver/Src/stm32f4xx_hal_sd.c ****         of plug-off plug-in.
  97:Drivers/STM32F4xx_HAL_Driver/Src/stm32f4xx_hal_sd.c **** 
  98:Drivers/STM32F4xx_HAL_Driver/Src/stm32f4xx_hal_sd.c ****     (#) Configure the SD Card Data transfer frequency. You can change or adapt this
  99:Drivers/STM32F4xx_HAL_Driver/Src/stm32f4xx_hal_sd.c ****         frequency by adjusting the "ClockDiv" field.
 100:Drivers/STM32F4xx_HAL_Driver/Src/stm32f4xx_hal_sd.c ****         In transfer mode and according to the SD Card standard, make sure that the
 101:Drivers/STM32F4xx_HAL_Driver/Src/stm32f4xx_hal_sd.c ****         SDIO_CK frequency doesn't exceed 25MHz and 50MHz in High-speed mode switch.
 102:Drivers/STM32F4xx_HAL_Driver/Src/stm32f4xx_hal_sd.c ****         To be able to use a frequency higher than 24MHz, you should use the SDIO
 103:Drivers/STM32F4xx_HAL_Driver/Src/stm32f4xx_hal_sd.c ****         peripheral in bypass mode. Refer to the corresponding reference manual
 104:Drivers/STM32F4xx_HAL_Driver/Src/stm32f4xx_hal_sd.c ****         for more details.
 105:Drivers/STM32F4xx_HAL_Driver/Src/stm32f4xx_hal_sd.c **** 
 106:Drivers/STM32F4xx_HAL_Driver/Src/stm32f4xx_hal_sd.c ****     (#) Select the corresponding SD Card according to the address read with the step 2.
 107:Drivers/STM32F4xx_HAL_Driver/Src/stm32f4xx_hal_sd.c **** 
 108:Drivers/STM32F4xx_HAL_Driver/Src/stm32f4xx_hal_sd.c ****     (#) Configure the SD Card in wide bus mode: 4-bits data.
 109:Drivers/STM32F4xx_HAL_Driver/Src/stm32f4xx_hal_sd.c **** 
 110:Drivers/STM32F4xx_HAL_Driver/Src/stm32f4xx_hal_sd.c ****   *** SD Card Read operation ***
 111:Drivers/STM32F4xx_HAL_Driver/Src/stm32f4xx_hal_sd.c ****   ==============================
 112:Drivers/STM32F4xx_HAL_Driver/Src/stm32f4xx_hal_sd.c ****   [..]
 113:Drivers/STM32F4xx_HAL_Driver/Src/stm32f4xx_hal_sd.c ****     (+) You can read from SD card in polling mode by using function HAL_SD_ReadBlocks().
 114:Drivers/STM32F4xx_HAL_Driver/Src/stm32f4xx_hal_sd.c ****         This function support only 512-bytes block length (the block size should be
 115:Drivers/STM32F4xx_HAL_Driver/Src/stm32f4xx_hal_sd.c ****         chosen as 512 bytes).
 116:Drivers/STM32F4xx_HAL_Driver/Src/stm32f4xx_hal_sd.c ****         You can choose either one block read operation or multiple block read operation
 117:Drivers/STM32F4xx_HAL_Driver/Src/stm32f4xx_hal_sd.c ****         by adjusting the "NumberOfBlocks" parameter.
 118:Drivers/STM32F4xx_HAL_Driver/Src/stm32f4xx_hal_sd.c ****         After this, you have to ensure that the transfer is done correctly. The check is done
 119:Drivers/STM32F4xx_HAL_Driver/Src/stm32f4xx_hal_sd.c ****         through HAL_SD_GetCardState() function for SD card state.
 120:Drivers/STM32F4xx_HAL_Driver/Src/stm32f4xx_hal_sd.c **** 
 121:Drivers/STM32F4xx_HAL_Driver/Src/stm32f4xx_hal_sd.c ****     (+) You can read from SD card in DMA mode by using function HAL_SD_ReadBlocks_DMA().
 122:Drivers/STM32F4xx_HAL_Driver/Src/stm32f4xx_hal_sd.c ****         This function support only 512-bytes block length (the block size should be
 123:Drivers/STM32F4xx_HAL_Driver/Src/stm32f4xx_hal_sd.c ****         chosen as 512 bytes).
 124:Drivers/STM32F4xx_HAL_Driver/Src/stm32f4xx_hal_sd.c ****         You can choose either one block read operation or multiple block read operation
 125:Drivers/STM32F4xx_HAL_Driver/Src/stm32f4xx_hal_sd.c ****         by adjusting the "NumberOfBlocks" parameter.
 126:Drivers/STM32F4xx_HAL_Driver/Src/stm32f4xx_hal_sd.c ****         After this, you have to ensure that the transfer is done correctly. The check is done
 127:Drivers/STM32F4xx_HAL_Driver/Src/stm32f4xx_hal_sd.c ****         through HAL_SD_GetCardState() function for SD card state.
 128:Drivers/STM32F4xx_HAL_Driver/Src/stm32f4xx_hal_sd.c ****         You could also check the DMA transfer process through the SD Rx interrupt event.
 129:Drivers/STM32F4xx_HAL_Driver/Src/stm32f4xx_hal_sd.c **** 
 130:Drivers/STM32F4xx_HAL_Driver/Src/stm32f4xx_hal_sd.c ****     (+) You can read from SD card in Interrupt mode by using function HAL_SD_ReadBlocks_IT().
 131:Drivers/STM32F4xx_HAL_Driver/Src/stm32f4xx_hal_sd.c ****         This function support only 512-bytes block length (the block size should be
 132:Drivers/STM32F4xx_HAL_Driver/Src/stm32f4xx_hal_sd.c ****         chosen as 512 bytes).
 133:Drivers/STM32F4xx_HAL_Driver/Src/stm32f4xx_hal_sd.c ****         You can choose either one block read operation or multiple block read operation
 134:Drivers/STM32F4xx_HAL_Driver/Src/stm32f4xx_hal_sd.c ****         by adjusting the "NumberOfBlocks" parameter.
 135:Drivers/STM32F4xx_HAL_Driver/Src/stm32f4xx_hal_sd.c ****         After this, you have to ensure that the transfer is done correctly. The check is done
 136:Drivers/STM32F4xx_HAL_Driver/Src/stm32f4xx_hal_sd.c ****         through HAL_SD_GetCardState() function for SD card state.
 137:Drivers/STM32F4xx_HAL_Driver/Src/stm32f4xx_hal_sd.c ****         You could also check the IT transfer process through the SD Rx interrupt event.
 138:Drivers/STM32F4xx_HAL_Driver/Src/stm32f4xx_hal_sd.c **** 
 139:Drivers/STM32F4xx_HAL_Driver/Src/stm32f4xx_hal_sd.c ****   *** SD Card Write operation ***
 140:Drivers/STM32F4xx_HAL_Driver/Src/stm32f4xx_hal_sd.c ****   ===============================
 141:Drivers/STM32F4xx_HAL_Driver/Src/stm32f4xx_hal_sd.c ****   [..]
 142:Drivers/STM32F4xx_HAL_Driver/Src/stm32f4xx_hal_sd.c ****     (+) You can write to SD card in polling mode by using function HAL_SD_WriteBlocks().
 143:Drivers/STM32F4xx_HAL_Driver/Src/stm32f4xx_hal_sd.c ****         This function support only 512-bytes block length (the block size should be
 144:Drivers/STM32F4xx_HAL_Driver/Src/stm32f4xx_hal_sd.c ****         chosen as 512 bytes).
ARM GAS  /tmp/ccnf9wtj.s 			page 4


 145:Drivers/STM32F4xx_HAL_Driver/Src/stm32f4xx_hal_sd.c ****         You can choose either one block read operation or multiple block read operation
 146:Drivers/STM32F4xx_HAL_Driver/Src/stm32f4xx_hal_sd.c ****         by adjusting the "NumberOfBlocks" parameter.
 147:Drivers/STM32F4xx_HAL_Driver/Src/stm32f4xx_hal_sd.c ****         After this, you have to ensure that the transfer is done correctly. The check is done
 148:Drivers/STM32F4xx_HAL_Driver/Src/stm32f4xx_hal_sd.c ****         through HAL_SD_GetCardState() function for SD card state.
 149:Drivers/STM32F4xx_HAL_Driver/Src/stm32f4xx_hal_sd.c **** 
 150:Drivers/STM32F4xx_HAL_Driver/Src/stm32f4xx_hal_sd.c ****     (+) You can write to SD card in DMA mode by using function HAL_SD_WriteBlocks_DMA().
 151:Drivers/STM32F4xx_HAL_Driver/Src/stm32f4xx_hal_sd.c ****         This function support only 512-bytes block length (the block size should be
 152:Drivers/STM32F4xx_HAL_Driver/Src/stm32f4xx_hal_sd.c ****         chosen as 512 bytes).
 153:Drivers/STM32F4xx_HAL_Driver/Src/stm32f4xx_hal_sd.c ****         You can choose either one block read operation or multiple block read operation
 154:Drivers/STM32F4xx_HAL_Driver/Src/stm32f4xx_hal_sd.c ****         by adjusting the "NumberOfBlocks" parameter.
 155:Drivers/STM32F4xx_HAL_Driver/Src/stm32f4xx_hal_sd.c ****         After this, you have to ensure that the transfer is done correctly. The check is done
 156:Drivers/STM32F4xx_HAL_Driver/Src/stm32f4xx_hal_sd.c ****         through HAL_SD_GetCardState() function for SD card state.
 157:Drivers/STM32F4xx_HAL_Driver/Src/stm32f4xx_hal_sd.c ****         You could also check the DMA transfer process through the SD Tx interrupt event.
 158:Drivers/STM32F4xx_HAL_Driver/Src/stm32f4xx_hal_sd.c **** 
 159:Drivers/STM32F4xx_HAL_Driver/Src/stm32f4xx_hal_sd.c ****     (+) You can write to SD card in Interrupt mode by using function HAL_SD_WriteBlocks_IT().
 160:Drivers/STM32F4xx_HAL_Driver/Src/stm32f4xx_hal_sd.c ****         This function support only 512-bytes block length (the block size should be
 161:Drivers/STM32F4xx_HAL_Driver/Src/stm32f4xx_hal_sd.c ****         chosen as 512 bytes).
 162:Drivers/STM32F4xx_HAL_Driver/Src/stm32f4xx_hal_sd.c ****         You can choose either one block read operation or multiple block read operation
 163:Drivers/STM32F4xx_HAL_Driver/Src/stm32f4xx_hal_sd.c ****         by adjusting the "NumberOfBlocks" parameter.
 164:Drivers/STM32F4xx_HAL_Driver/Src/stm32f4xx_hal_sd.c ****         After this, you have to ensure that the transfer is done correctly. The check is done
 165:Drivers/STM32F4xx_HAL_Driver/Src/stm32f4xx_hal_sd.c ****         through HAL_SD_GetCardState() function for SD card state.
 166:Drivers/STM32F4xx_HAL_Driver/Src/stm32f4xx_hal_sd.c ****         You could also check the IT transfer process through the SD Tx interrupt event.
 167:Drivers/STM32F4xx_HAL_Driver/Src/stm32f4xx_hal_sd.c **** 
 168:Drivers/STM32F4xx_HAL_Driver/Src/stm32f4xx_hal_sd.c ****   *** SD card status ***
 169:Drivers/STM32F4xx_HAL_Driver/Src/stm32f4xx_hal_sd.c ****   ======================
 170:Drivers/STM32F4xx_HAL_Driver/Src/stm32f4xx_hal_sd.c ****   [..]
 171:Drivers/STM32F4xx_HAL_Driver/Src/stm32f4xx_hal_sd.c ****     (+) The SD Status contains status bits that are related to the SD Memory
 172:Drivers/STM32F4xx_HAL_Driver/Src/stm32f4xx_hal_sd.c ****         Card proprietary features. To get SD card status use the HAL_SD_GetCardStatus().
 173:Drivers/STM32F4xx_HAL_Driver/Src/stm32f4xx_hal_sd.c **** 
 174:Drivers/STM32F4xx_HAL_Driver/Src/stm32f4xx_hal_sd.c ****   *** SD card information ***
 175:Drivers/STM32F4xx_HAL_Driver/Src/stm32f4xx_hal_sd.c ****   ===========================
 176:Drivers/STM32F4xx_HAL_Driver/Src/stm32f4xx_hal_sd.c ****   [..]
 177:Drivers/STM32F4xx_HAL_Driver/Src/stm32f4xx_hal_sd.c ****     (+) To get SD card information, you can use the function HAL_SD_GetCardInfo().
 178:Drivers/STM32F4xx_HAL_Driver/Src/stm32f4xx_hal_sd.c ****         It returns useful information about the SD card such as block size, card type,
 179:Drivers/STM32F4xx_HAL_Driver/Src/stm32f4xx_hal_sd.c ****         block number ...
 180:Drivers/STM32F4xx_HAL_Driver/Src/stm32f4xx_hal_sd.c **** 
 181:Drivers/STM32F4xx_HAL_Driver/Src/stm32f4xx_hal_sd.c ****   *** SD card CSD register ***
 182:Drivers/STM32F4xx_HAL_Driver/Src/stm32f4xx_hal_sd.c ****   ============================
 183:Drivers/STM32F4xx_HAL_Driver/Src/stm32f4xx_hal_sd.c ****     (+) The HAL_SD_GetCardCSD() API allows to get the parameters of the CSD register.
 184:Drivers/STM32F4xx_HAL_Driver/Src/stm32f4xx_hal_sd.c ****         Some of the CSD parameters are useful for card initialization and identification.
 185:Drivers/STM32F4xx_HAL_Driver/Src/stm32f4xx_hal_sd.c **** 
 186:Drivers/STM32F4xx_HAL_Driver/Src/stm32f4xx_hal_sd.c ****   *** SD card CID register ***
 187:Drivers/STM32F4xx_HAL_Driver/Src/stm32f4xx_hal_sd.c ****   ============================
 188:Drivers/STM32F4xx_HAL_Driver/Src/stm32f4xx_hal_sd.c ****     (+) The HAL_SD_GetCardCID() API allows to get the parameters of the CID register.
 189:Drivers/STM32F4xx_HAL_Driver/Src/stm32f4xx_hal_sd.c ****         Some of the CSD parameters are useful for card initialization and identification.
 190:Drivers/STM32F4xx_HAL_Driver/Src/stm32f4xx_hal_sd.c **** 
 191:Drivers/STM32F4xx_HAL_Driver/Src/stm32f4xx_hal_sd.c ****   *** SD HAL driver macros list ***
 192:Drivers/STM32F4xx_HAL_Driver/Src/stm32f4xx_hal_sd.c ****   ==================================
 193:Drivers/STM32F4xx_HAL_Driver/Src/stm32f4xx_hal_sd.c ****   [..]
 194:Drivers/STM32F4xx_HAL_Driver/Src/stm32f4xx_hal_sd.c ****     Below the list of most used macros in SD HAL driver.
 195:Drivers/STM32F4xx_HAL_Driver/Src/stm32f4xx_hal_sd.c **** 
 196:Drivers/STM32F4xx_HAL_Driver/Src/stm32f4xx_hal_sd.c ****     (+) __HAL_SD_ENABLE : Enable the SD device
 197:Drivers/STM32F4xx_HAL_Driver/Src/stm32f4xx_hal_sd.c ****     (+) __HAL_SD_DISABLE : Disable the SD device
 198:Drivers/STM32F4xx_HAL_Driver/Src/stm32f4xx_hal_sd.c ****     (+) __HAL_SD_DMA_ENABLE: Enable the SDIO DMA transfer
 199:Drivers/STM32F4xx_HAL_Driver/Src/stm32f4xx_hal_sd.c ****     (+) __HAL_SD_DMA_DISABLE: Disable the SDIO DMA transfer
 200:Drivers/STM32F4xx_HAL_Driver/Src/stm32f4xx_hal_sd.c ****     (+) __HAL_SD_ENABLE_IT: Enable the SD device interrupt
 201:Drivers/STM32F4xx_HAL_Driver/Src/stm32f4xx_hal_sd.c ****     (+) __HAL_SD_DISABLE_IT: Disable the SD device interrupt
ARM GAS  /tmp/ccnf9wtj.s 			page 5


 202:Drivers/STM32F4xx_HAL_Driver/Src/stm32f4xx_hal_sd.c ****     (+) __HAL_SD_GET_FLAG:Check whether the specified SD flag is set or not
 203:Drivers/STM32F4xx_HAL_Driver/Src/stm32f4xx_hal_sd.c ****     (+) __HAL_SD_CLEAR_FLAG: Clear the SD's pending flags
 204:Drivers/STM32F4xx_HAL_Driver/Src/stm32f4xx_hal_sd.c **** 
 205:Drivers/STM32F4xx_HAL_Driver/Src/stm32f4xx_hal_sd.c ****     (@) You can refer to the SD HAL driver header file for more useful macros
 206:Drivers/STM32F4xx_HAL_Driver/Src/stm32f4xx_hal_sd.c **** 
 207:Drivers/STM32F4xx_HAL_Driver/Src/stm32f4xx_hal_sd.c ****   *** Callback registration ***
 208:Drivers/STM32F4xx_HAL_Driver/Src/stm32f4xx_hal_sd.c ****   =============================================
 209:Drivers/STM32F4xx_HAL_Driver/Src/stm32f4xx_hal_sd.c ****   [..]
 210:Drivers/STM32F4xx_HAL_Driver/Src/stm32f4xx_hal_sd.c ****     The compilation define USE_HAL_SD_REGISTER_CALLBACKS when set to 1
 211:Drivers/STM32F4xx_HAL_Driver/Src/stm32f4xx_hal_sd.c ****     allows the user to configure dynamically the driver callbacks.
 212:Drivers/STM32F4xx_HAL_Driver/Src/stm32f4xx_hal_sd.c **** 
 213:Drivers/STM32F4xx_HAL_Driver/Src/stm32f4xx_hal_sd.c ****     Use Functions HAL_SD_RegisterCallback() to register a user callback,
 214:Drivers/STM32F4xx_HAL_Driver/Src/stm32f4xx_hal_sd.c ****     it allows to register following callbacks:
 215:Drivers/STM32F4xx_HAL_Driver/Src/stm32f4xx_hal_sd.c ****       (+) TxCpltCallback : callback when a transmission transfer is completed.
 216:Drivers/STM32F4xx_HAL_Driver/Src/stm32f4xx_hal_sd.c ****       (+) RxCpltCallback : callback when a reception transfer is completed.
 217:Drivers/STM32F4xx_HAL_Driver/Src/stm32f4xx_hal_sd.c ****       (+) ErrorCallback : callback when error occurs.
 218:Drivers/STM32F4xx_HAL_Driver/Src/stm32f4xx_hal_sd.c ****       (+) AbortCpltCallback : callback when abort is completed.
 219:Drivers/STM32F4xx_HAL_Driver/Src/stm32f4xx_hal_sd.c ****       (+) MspInitCallback    : SD MspInit.
 220:Drivers/STM32F4xx_HAL_Driver/Src/stm32f4xx_hal_sd.c ****       (+) MspDeInitCallback  : SD MspDeInit.
 221:Drivers/STM32F4xx_HAL_Driver/Src/stm32f4xx_hal_sd.c ****     This function takes as parameters the HAL peripheral handle, the Callback ID
 222:Drivers/STM32F4xx_HAL_Driver/Src/stm32f4xx_hal_sd.c ****     and a pointer to the user callback function.
 223:Drivers/STM32F4xx_HAL_Driver/Src/stm32f4xx_hal_sd.c **** 
 224:Drivers/STM32F4xx_HAL_Driver/Src/stm32f4xx_hal_sd.c ****     Use function HAL_SD_UnRegisterCallback() to reset a callback to the default
 225:Drivers/STM32F4xx_HAL_Driver/Src/stm32f4xx_hal_sd.c ****     weak (surcharged) function. It allows to reset following callbacks:
 226:Drivers/STM32F4xx_HAL_Driver/Src/stm32f4xx_hal_sd.c ****       (+) TxCpltCallback : callback when a transmission transfer is completed.
 227:Drivers/STM32F4xx_HAL_Driver/Src/stm32f4xx_hal_sd.c ****       (+) RxCpltCallback : callback when a reception transfer is completed.
 228:Drivers/STM32F4xx_HAL_Driver/Src/stm32f4xx_hal_sd.c ****       (+) ErrorCallback : callback when error occurs.
 229:Drivers/STM32F4xx_HAL_Driver/Src/stm32f4xx_hal_sd.c ****       (+) AbortCpltCallback : callback when abort is completed.
 230:Drivers/STM32F4xx_HAL_Driver/Src/stm32f4xx_hal_sd.c ****       (+) MspInitCallback    : SD MspInit.
 231:Drivers/STM32F4xx_HAL_Driver/Src/stm32f4xx_hal_sd.c ****       (+) MspDeInitCallback  : SD MspDeInit.
 232:Drivers/STM32F4xx_HAL_Driver/Src/stm32f4xx_hal_sd.c ****     This function) takes as parameters the HAL peripheral handle and the Callback ID.
 233:Drivers/STM32F4xx_HAL_Driver/Src/stm32f4xx_hal_sd.c **** 
 234:Drivers/STM32F4xx_HAL_Driver/Src/stm32f4xx_hal_sd.c ****     By default, after the HAL_SD_Init and if the state is HAL_SD_STATE_RESET
 235:Drivers/STM32F4xx_HAL_Driver/Src/stm32f4xx_hal_sd.c ****     all callbacks are reset to the corresponding legacy weak (surcharged) functions.
 236:Drivers/STM32F4xx_HAL_Driver/Src/stm32f4xx_hal_sd.c ****     Exception done for MspInit and MspDeInit callbacks that are respectively
 237:Drivers/STM32F4xx_HAL_Driver/Src/stm32f4xx_hal_sd.c ****     reset to the legacy weak (surcharged) functions in the HAL_SD_Init
 238:Drivers/STM32F4xx_HAL_Driver/Src/stm32f4xx_hal_sd.c ****     and  HAL_SD_DeInit only when these callbacks are null (not registered beforehand).
 239:Drivers/STM32F4xx_HAL_Driver/Src/stm32f4xx_hal_sd.c ****     If not, MspInit or MspDeInit are not null, the HAL_SD_Init and HAL_SD_DeInit
 240:Drivers/STM32F4xx_HAL_Driver/Src/stm32f4xx_hal_sd.c ****     keep and use the user MspInit/MspDeInit callbacks (registered beforehand)
 241:Drivers/STM32F4xx_HAL_Driver/Src/stm32f4xx_hal_sd.c **** 
 242:Drivers/STM32F4xx_HAL_Driver/Src/stm32f4xx_hal_sd.c ****     Callbacks can be registered/unregistered in READY state only.
 243:Drivers/STM32F4xx_HAL_Driver/Src/stm32f4xx_hal_sd.c ****     Exception done for MspInit/MspDeInit callbacks that can be registered/unregistered
 244:Drivers/STM32F4xx_HAL_Driver/Src/stm32f4xx_hal_sd.c ****     in READY or RESET state, thus registered (user) MspInit/DeInit callbacks can be used
 245:Drivers/STM32F4xx_HAL_Driver/Src/stm32f4xx_hal_sd.c ****     during the Init/DeInit.
 246:Drivers/STM32F4xx_HAL_Driver/Src/stm32f4xx_hal_sd.c ****     In that case first register the MspInit/MspDeInit user callbacks
 247:Drivers/STM32F4xx_HAL_Driver/Src/stm32f4xx_hal_sd.c ****     using HAL_SD_RegisterCallback before calling HAL_SD_DeInit
 248:Drivers/STM32F4xx_HAL_Driver/Src/stm32f4xx_hal_sd.c ****     or HAL_SD_Init function.
 249:Drivers/STM32F4xx_HAL_Driver/Src/stm32f4xx_hal_sd.c **** 
 250:Drivers/STM32F4xx_HAL_Driver/Src/stm32f4xx_hal_sd.c ****     When The compilation define USE_HAL_SD_REGISTER_CALLBACKS is set to 0 or
 251:Drivers/STM32F4xx_HAL_Driver/Src/stm32f4xx_hal_sd.c ****     not defined, the callback registering feature is not available
 252:Drivers/STM32F4xx_HAL_Driver/Src/stm32f4xx_hal_sd.c ****     and weak (surcharged) callbacks are used.
 253:Drivers/STM32F4xx_HAL_Driver/Src/stm32f4xx_hal_sd.c **** 
 254:Drivers/STM32F4xx_HAL_Driver/Src/stm32f4xx_hal_sd.c ****   @endverbatim
 255:Drivers/STM32F4xx_HAL_Driver/Src/stm32f4xx_hal_sd.c ****   ******************************************************************************
 256:Drivers/STM32F4xx_HAL_Driver/Src/stm32f4xx_hal_sd.c ****   */
 257:Drivers/STM32F4xx_HAL_Driver/Src/stm32f4xx_hal_sd.c **** 
 258:Drivers/STM32F4xx_HAL_Driver/Src/stm32f4xx_hal_sd.c **** /* Includes ------------------------------------------------------------------*/
ARM GAS  /tmp/ccnf9wtj.s 			page 6


 259:Drivers/STM32F4xx_HAL_Driver/Src/stm32f4xx_hal_sd.c **** #include "stm32f4xx_hal.h"
 260:Drivers/STM32F4xx_HAL_Driver/Src/stm32f4xx_hal_sd.c **** 
 261:Drivers/STM32F4xx_HAL_Driver/Src/stm32f4xx_hal_sd.c **** #if defined(SDIO)
 262:Drivers/STM32F4xx_HAL_Driver/Src/stm32f4xx_hal_sd.c **** 
 263:Drivers/STM32F4xx_HAL_Driver/Src/stm32f4xx_hal_sd.c **** /** @addtogroup STM32F4xx_HAL_Driver
 264:Drivers/STM32F4xx_HAL_Driver/Src/stm32f4xx_hal_sd.c ****   * @{
 265:Drivers/STM32F4xx_HAL_Driver/Src/stm32f4xx_hal_sd.c ****   */
 266:Drivers/STM32F4xx_HAL_Driver/Src/stm32f4xx_hal_sd.c **** 
 267:Drivers/STM32F4xx_HAL_Driver/Src/stm32f4xx_hal_sd.c **** /** @addtogroup SD
 268:Drivers/STM32F4xx_HAL_Driver/Src/stm32f4xx_hal_sd.c ****   * @{
 269:Drivers/STM32F4xx_HAL_Driver/Src/stm32f4xx_hal_sd.c ****   */
 270:Drivers/STM32F4xx_HAL_Driver/Src/stm32f4xx_hal_sd.c **** 
 271:Drivers/STM32F4xx_HAL_Driver/Src/stm32f4xx_hal_sd.c **** #ifdef HAL_SD_MODULE_ENABLED
 272:Drivers/STM32F4xx_HAL_Driver/Src/stm32f4xx_hal_sd.c **** 
 273:Drivers/STM32F4xx_HAL_Driver/Src/stm32f4xx_hal_sd.c **** /* Private typedef -----------------------------------------------------------*/
 274:Drivers/STM32F4xx_HAL_Driver/Src/stm32f4xx_hal_sd.c **** /* Private define ------------------------------------------------------------*/
 275:Drivers/STM32F4xx_HAL_Driver/Src/stm32f4xx_hal_sd.c **** /** @addtogroup SD_Private_Defines
 276:Drivers/STM32F4xx_HAL_Driver/Src/stm32f4xx_hal_sd.c ****   * @{
 277:Drivers/STM32F4xx_HAL_Driver/Src/stm32f4xx_hal_sd.c ****   */
 278:Drivers/STM32F4xx_HAL_Driver/Src/stm32f4xx_hal_sd.c **** 
 279:Drivers/STM32F4xx_HAL_Driver/Src/stm32f4xx_hal_sd.c **** /**
 280:Drivers/STM32F4xx_HAL_Driver/Src/stm32f4xx_hal_sd.c ****   * @}
 281:Drivers/STM32F4xx_HAL_Driver/Src/stm32f4xx_hal_sd.c ****   */
 282:Drivers/STM32F4xx_HAL_Driver/Src/stm32f4xx_hal_sd.c **** 
 283:Drivers/STM32F4xx_HAL_Driver/Src/stm32f4xx_hal_sd.c **** /* Private macro -------------------------------------------------------------*/
 284:Drivers/STM32F4xx_HAL_Driver/Src/stm32f4xx_hal_sd.c **** /* Private variables ---------------------------------------------------------*/
 285:Drivers/STM32F4xx_HAL_Driver/Src/stm32f4xx_hal_sd.c **** /* Private function prototypes -----------------------------------------------*/
 286:Drivers/STM32F4xx_HAL_Driver/Src/stm32f4xx_hal_sd.c **** /* Private functions ---------------------------------------------------------*/
 287:Drivers/STM32F4xx_HAL_Driver/Src/stm32f4xx_hal_sd.c **** /** @defgroup SD_Private_Functions SD Private Functions
 288:Drivers/STM32F4xx_HAL_Driver/Src/stm32f4xx_hal_sd.c ****   * @{
 289:Drivers/STM32F4xx_HAL_Driver/Src/stm32f4xx_hal_sd.c ****   */
 290:Drivers/STM32F4xx_HAL_Driver/Src/stm32f4xx_hal_sd.c **** static uint32_t SD_InitCard(SD_HandleTypeDef *hsd);
 291:Drivers/STM32F4xx_HAL_Driver/Src/stm32f4xx_hal_sd.c **** static uint32_t SD_PowerON(SD_HandleTypeDef *hsd);
 292:Drivers/STM32F4xx_HAL_Driver/Src/stm32f4xx_hal_sd.c **** static uint32_t SD_SendSDStatus(SD_HandleTypeDef *hsd, uint32_t *pSDstatus);
 293:Drivers/STM32F4xx_HAL_Driver/Src/stm32f4xx_hal_sd.c **** static uint32_t SD_SendStatus(SD_HandleTypeDef *hsd, uint32_t *pCardStatus);
 294:Drivers/STM32F4xx_HAL_Driver/Src/stm32f4xx_hal_sd.c **** static uint32_t SD_WideBus_Enable(SD_HandleTypeDef *hsd);
 295:Drivers/STM32F4xx_HAL_Driver/Src/stm32f4xx_hal_sd.c **** static uint32_t SD_WideBus_Disable(SD_HandleTypeDef *hsd);
 296:Drivers/STM32F4xx_HAL_Driver/Src/stm32f4xx_hal_sd.c **** static uint32_t SD_FindSCR(SD_HandleTypeDef *hsd, uint32_t *pSCR);
 297:Drivers/STM32F4xx_HAL_Driver/Src/stm32f4xx_hal_sd.c **** static void SD_PowerOFF(SD_HandleTypeDef *hsd);
 298:Drivers/STM32F4xx_HAL_Driver/Src/stm32f4xx_hal_sd.c **** static void SD_Write_IT(SD_HandleTypeDef *hsd);
 299:Drivers/STM32F4xx_HAL_Driver/Src/stm32f4xx_hal_sd.c **** static void SD_Read_IT(SD_HandleTypeDef *hsd);
 300:Drivers/STM32F4xx_HAL_Driver/Src/stm32f4xx_hal_sd.c **** static void SD_DMATransmitCplt(DMA_HandleTypeDef *hdma);
 301:Drivers/STM32F4xx_HAL_Driver/Src/stm32f4xx_hal_sd.c **** static void SD_DMAReceiveCplt(DMA_HandleTypeDef *hdma);
 302:Drivers/STM32F4xx_HAL_Driver/Src/stm32f4xx_hal_sd.c **** static void SD_DMAError(DMA_HandleTypeDef *hdma);
 303:Drivers/STM32F4xx_HAL_Driver/Src/stm32f4xx_hal_sd.c **** static void SD_DMATxAbort(DMA_HandleTypeDef *hdma);
 304:Drivers/STM32F4xx_HAL_Driver/Src/stm32f4xx_hal_sd.c **** static void SD_DMARxAbort(DMA_HandleTypeDef *hdma);
 305:Drivers/STM32F4xx_HAL_Driver/Src/stm32f4xx_hal_sd.c **** /**
 306:Drivers/STM32F4xx_HAL_Driver/Src/stm32f4xx_hal_sd.c ****   * @}
 307:Drivers/STM32F4xx_HAL_Driver/Src/stm32f4xx_hal_sd.c ****   */
 308:Drivers/STM32F4xx_HAL_Driver/Src/stm32f4xx_hal_sd.c **** 
 309:Drivers/STM32F4xx_HAL_Driver/Src/stm32f4xx_hal_sd.c **** /* Exported functions --------------------------------------------------------*/
 310:Drivers/STM32F4xx_HAL_Driver/Src/stm32f4xx_hal_sd.c **** /** @addtogroup SD_Exported_Functions
 311:Drivers/STM32F4xx_HAL_Driver/Src/stm32f4xx_hal_sd.c ****   * @{
 312:Drivers/STM32F4xx_HAL_Driver/Src/stm32f4xx_hal_sd.c ****   */
 313:Drivers/STM32F4xx_HAL_Driver/Src/stm32f4xx_hal_sd.c **** 
 314:Drivers/STM32F4xx_HAL_Driver/Src/stm32f4xx_hal_sd.c **** /** @addtogroup SD_Exported_Functions_Group1
 315:Drivers/STM32F4xx_HAL_Driver/Src/stm32f4xx_hal_sd.c ****  *  @brief   Initialization and de-initialization functions
ARM GAS  /tmp/ccnf9wtj.s 			page 7


 316:Drivers/STM32F4xx_HAL_Driver/Src/stm32f4xx_hal_sd.c ****  *
 317:Drivers/STM32F4xx_HAL_Driver/Src/stm32f4xx_hal_sd.c **** @verbatim
 318:Drivers/STM32F4xx_HAL_Driver/Src/stm32f4xx_hal_sd.c ****   ==============================================================================
 319:Drivers/STM32F4xx_HAL_Driver/Src/stm32f4xx_hal_sd.c ****           ##### Initialization and de-initialization functions #####
 320:Drivers/STM32F4xx_HAL_Driver/Src/stm32f4xx_hal_sd.c ****   ==============================================================================
 321:Drivers/STM32F4xx_HAL_Driver/Src/stm32f4xx_hal_sd.c ****   [..]
 322:Drivers/STM32F4xx_HAL_Driver/Src/stm32f4xx_hal_sd.c ****     This section provides functions allowing to initialize/de-initialize the SD
 323:Drivers/STM32F4xx_HAL_Driver/Src/stm32f4xx_hal_sd.c ****     card device to be ready for use.
 324:Drivers/STM32F4xx_HAL_Driver/Src/stm32f4xx_hal_sd.c **** 
 325:Drivers/STM32F4xx_HAL_Driver/Src/stm32f4xx_hal_sd.c **** @endverbatim
 326:Drivers/STM32F4xx_HAL_Driver/Src/stm32f4xx_hal_sd.c ****   * @{
 327:Drivers/STM32F4xx_HAL_Driver/Src/stm32f4xx_hal_sd.c ****   */
 328:Drivers/STM32F4xx_HAL_Driver/Src/stm32f4xx_hal_sd.c **** 
 329:Drivers/STM32F4xx_HAL_Driver/Src/stm32f4xx_hal_sd.c **** /**
 330:Drivers/STM32F4xx_HAL_Driver/Src/stm32f4xx_hal_sd.c ****   * @brief  Initializes the SD according to the specified parameters in the
 331:Drivers/STM32F4xx_HAL_Driver/Src/stm32f4xx_hal_sd.c ****             SD_HandleTypeDef and create the associated handle.
 332:Drivers/STM32F4xx_HAL_Driver/Src/stm32f4xx_hal_sd.c ****   * @param  hsd: Pointer to the SD handle
 333:Drivers/STM32F4xx_HAL_Driver/Src/stm32f4xx_hal_sd.c ****   * @retval HAL status
 334:Drivers/STM32F4xx_HAL_Driver/Src/stm32f4xx_hal_sd.c ****   */
 335:Drivers/STM32F4xx_HAL_Driver/Src/stm32f4xx_hal_sd.c **** HAL_StatusTypeDef HAL_SD_Init(SD_HandleTypeDef *hsd)
 336:Drivers/STM32F4xx_HAL_Driver/Src/stm32f4xx_hal_sd.c **** {
 337:Drivers/STM32F4xx_HAL_Driver/Src/stm32f4xx_hal_sd.c ****   /* Check the SD handle allocation */
 338:Drivers/STM32F4xx_HAL_Driver/Src/stm32f4xx_hal_sd.c ****   if(hsd == NULL)
 339:Drivers/STM32F4xx_HAL_Driver/Src/stm32f4xx_hal_sd.c ****   {
 340:Drivers/STM32F4xx_HAL_Driver/Src/stm32f4xx_hal_sd.c ****     return HAL_ERROR;
 341:Drivers/STM32F4xx_HAL_Driver/Src/stm32f4xx_hal_sd.c ****   }
 342:Drivers/STM32F4xx_HAL_Driver/Src/stm32f4xx_hal_sd.c **** 
 343:Drivers/STM32F4xx_HAL_Driver/Src/stm32f4xx_hal_sd.c ****   /* Check the parameters */
 344:Drivers/STM32F4xx_HAL_Driver/Src/stm32f4xx_hal_sd.c ****   assert_param(IS_SDIO_ALL_INSTANCE(hsd->Instance));
 345:Drivers/STM32F4xx_HAL_Driver/Src/stm32f4xx_hal_sd.c ****   assert_param(IS_SDIO_CLOCK_EDGE(hsd->Init.ClockEdge));
 346:Drivers/STM32F4xx_HAL_Driver/Src/stm32f4xx_hal_sd.c ****   assert_param(IS_SDIO_CLOCK_BYPASS(hsd->Init.ClockBypass));
 347:Drivers/STM32F4xx_HAL_Driver/Src/stm32f4xx_hal_sd.c ****   assert_param(IS_SDIO_CLOCK_POWER_SAVE(hsd->Init.ClockPowerSave));
 348:Drivers/STM32F4xx_HAL_Driver/Src/stm32f4xx_hal_sd.c ****   assert_param(IS_SDIO_BUS_WIDE(hsd->Init.BusWide));
 349:Drivers/STM32F4xx_HAL_Driver/Src/stm32f4xx_hal_sd.c ****   assert_param(IS_SDIO_HARDWARE_FLOW_CONTROL(hsd->Init.HardwareFlowControl));
 350:Drivers/STM32F4xx_HAL_Driver/Src/stm32f4xx_hal_sd.c ****   assert_param(IS_SDIO_CLKDIV(hsd->Init.ClockDiv));
 351:Drivers/STM32F4xx_HAL_Driver/Src/stm32f4xx_hal_sd.c **** 
 352:Drivers/STM32F4xx_HAL_Driver/Src/stm32f4xx_hal_sd.c ****   if(hsd->State == HAL_SD_STATE_RESET)
 353:Drivers/STM32F4xx_HAL_Driver/Src/stm32f4xx_hal_sd.c ****   {
 354:Drivers/STM32F4xx_HAL_Driver/Src/stm32f4xx_hal_sd.c ****     /* Allocate lock resource and initialize it */
 355:Drivers/STM32F4xx_HAL_Driver/Src/stm32f4xx_hal_sd.c ****     hsd->Lock = HAL_UNLOCKED;
 356:Drivers/STM32F4xx_HAL_Driver/Src/stm32f4xx_hal_sd.c **** #if defined (USE_HAL_SD_REGISTER_CALLBACKS) && (USE_HAL_SD_REGISTER_CALLBACKS == 1U)
 357:Drivers/STM32F4xx_HAL_Driver/Src/stm32f4xx_hal_sd.c ****     /* Reset Callback pointers in HAL_SD_STATE_RESET only */
 358:Drivers/STM32F4xx_HAL_Driver/Src/stm32f4xx_hal_sd.c ****     hsd->TxCpltCallback    = HAL_SD_TxCpltCallback;
 359:Drivers/STM32F4xx_HAL_Driver/Src/stm32f4xx_hal_sd.c ****     hsd->RxCpltCallback    = HAL_SD_RxCpltCallback;
 360:Drivers/STM32F4xx_HAL_Driver/Src/stm32f4xx_hal_sd.c ****     hsd->ErrorCallback     = HAL_SD_ErrorCallback;
 361:Drivers/STM32F4xx_HAL_Driver/Src/stm32f4xx_hal_sd.c ****     hsd->AbortCpltCallback = HAL_SD_AbortCallback;
 362:Drivers/STM32F4xx_HAL_Driver/Src/stm32f4xx_hal_sd.c **** 
 363:Drivers/STM32F4xx_HAL_Driver/Src/stm32f4xx_hal_sd.c ****     if(hsd->MspInitCallback == NULL)
 364:Drivers/STM32F4xx_HAL_Driver/Src/stm32f4xx_hal_sd.c ****     {
 365:Drivers/STM32F4xx_HAL_Driver/Src/stm32f4xx_hal_sd.c ****       hsd->MspInitCallback = HAL_SD_MspInit;
 366:Drivers/STM32F4xx_HAL_Driver/Src/stm32f4xx_hal_sd.c ****     }
 367:Drivers/STM32F4xx_HAL_Driver/Src/stm32f4xx_hal_sd.c **** 
 368:Drivers/STM32F4xx_HAL_Driver/Src/stm32f4xx_hal_sd.c ****     /* Init the low level hardware */
 369:Drivers/STM32F4xx_HAL_Driver/Src/stm32f4xx_hal_sd.c ****     hsd->MspInitCallback(hsd);
 370:Drivers/STM32F4xx_HAL_Driver/Src/stm32f4xx_hal_sd.c **** #else
 371:Drivers/STM32F4xx_HAL_Driver/Src/stm32f4xx_hal_sd.c ****     /* Init the low level hardware : GPIO, CLOCK, CORTEX...etc */
 372:Drivers/STM32F4xx_HAL_Driver/Src/stm32f4xx_hal_sd.c ****     HAL_SD_MspInit(hsd);
ARM GAS  /tmp/ccnf9wtj.s 			page 8


 373:Drivers/STM32F4xx_HAL_Driver/Src/stm32f4xx_hal_sd.c **** #endif /* USE_HAL_SD_REGISTER_CALLBACKS */
 374:Drivers/STM32F4xx_HAL_Driver/Src/stm32f4xx_hal_sd.c ****   }
 375:Drivers/STM32F4xx_HAL_Driver/Src/stm32f4xx_hal_sd.c **** 
 376:Drivers/STM32F4xx_HAL_Driver/Src/stm32f4xx_hal_sd.c ****   hsd->State = HAL_SD_STATE_BUSY;
 377:Drivers/STM32F4xx_HAL_Driver/Src/stm32f4xx_hal_sd.c **** 
 378:Drivers/STM32F4xx_HAL_Driver/Src/stm32f4xx_hal_sd.c ****   /* Initialize the Card parameters */
 379:Drivers/STM32F4xx_HAL_Driver/Src/stm32f4xx_hal_sd.c ****   if (HAL_SD_InitCard(hsd) != HAL_OK)
 380:Drivers/STM32F4xx_HAL_Driver/Src/stm32f4xx_hal_sd.c ****   {
 381:Drivers/STM32F4xx_HAL_Driver/Src/stm32f4xx_hal_sd.c ****     return HAL_ERROR;
 382:Drivers/STM32F4xx_HAL_Driver/Src/stm32f4xx_hal_sd.c ****   }
 383:Drivers/STM32F4xx_HAL_Driver/Src/stm32f4xx_hal_sd.c **** 
 384:Drivers/STM32F4xx_HAL_Driver/Src/stm32f4xx_hal_sd.c ****   /* Initialize the error code */
 385:Drivers/STM32F4xx_HAL_Driver/Src/stm32f4xx_hal_sd.c ****   hsd->ErrorCode = HAL_SD_ERROR_NONE;
 386:Drivers/STM32F4xx_HAL_Driver/Src/stm32f4xx_hal_sd.c **** 
 387:Drivers/STM32F4xx_HAL_Driver/Src/stm32f4xx_hal_sd.c ****   /* Initialize the SD operation */
 388:Drivers/STM32F4xx_HAL_Driver/Src/stm32f4xx_hal_sd.c ****   hsd->Context = SD_CONTEXT_NONE;
 389:Drivers/STM32F4xx_HAL_Driver/Src/stm32f4xx_hal_sd.c **** 
 390:Drivers/STM32F4xx_HAL_Driver/Src/stm32f4xx_hal_sd.c ****   /* Initialize the SD state */
 391:Drivers/STM32F4xx_HAL_Driver/Src/stm32f4xx_hal_sd.c ****   hsd->State = HAL_SD_STATE_READY;
 392:Drivers/STM32F4xx_HAL_Driver/Src/stm32f4xx_hal_sd.c **** 
 393:Drivers/STM32F4xx_HAL_Driver/Src/stm32f4xx_hal_sd.c ****   return HAL_OK;
 394:Drivers/STM32F4xx_HAL_Driver/Src/stm32f4xx_hal_sd.c **** }
 395:Drivers/STM32F4xx_HAL_Driver/Src/stm32f4xx_hal_sd.c **** 
 396:Drivers/STM32F4xx_HAL_Driver/Src/stm32f4xx_hal_sd.c **** /**
 397:Drivers/STM32F4xx_HAL_Driver/Src/stm32f4xx_hal_sd.c ****   * @brief  Initializes the SD Card.
 398:Drivers/STM32F4xx_HAL_Driver/Src/stm32f4xx_hal_sd.c ****   * @param  hsd: Pointer to SD handle
 399:Drivers/STM32F4xx_HAL_Driver/Src/stm32f4xx_hal_sd.c ****   * @note   This function initializes the SD card. It could be used when a card
 400:Drivers/STM32F4xx_HAL_Driver/Src/stm32f4xx_hal_sd.c ****             re-initialization is needed.
 401:Drivers/STM32F4xx_HAL_Driver/Src/stm32f4xx_hal_sd.c ****   * @retval HAL status
 402:Drivers/STM32F4xx_HAL_Driver/Src/stm32f4xx_hal_sd.c ****   */
 403:Drivers/STM32F4xx_HAL_Driver/Src/stm32f4xx_hal_sd.c **** HAL_StatusTypeDef HAL_SD_InitCard(SD_HandleTypeDef *hsd)
 404:Drivers/STM32F4xx_HAL_Driver/Src/stm32f4xx_hal_sd.c **** {
 405:Drivers/STM32F4xx_HAL_Driver/Src/stm32f4xx_hal_sd.c ****   uint32_t errorstate;
 406:Drivers/STM32F4xx_HAL_Driver/Src/stm32f4xx_hal_sd.c ****   HAL_StatusTypeDef status;
 407:Drivers/STM32F4xx_HAL_Driver/Src/stm32f4xx_hal_sd.c ****   SD_InitTypeDef Init;
 408:Drivers/STM32F4xx_HAL_Driver/Src/stm32f4xx_hal_sd.c ****   
 409:Drivers/STM32F4xx_HAL_Driver/Src/stm32f4xx_hal_sd.c ****   /* Default SDIO peripheral configuration for SD card initialization */
 410:Drivers/STM32F4xx_HAL_Driver/Src/stm32f4xx_hal_sd.c ****   Init.ClockEdge           = SDIO_CLOCK_EDGE_RISING;
 411:Drivers/STM32F4xx_HAL_Driver/Src/stm32f4xx_hal_sd.c ****   Init.ClockBypass         = SDIO_CLOCK_BYPASS_DISABLE;
 412:Drivers/STM32F4xx_HAL_Driver/Src/stm32f4xx_hal_sd.c ****   Init.ClockPowerSave      = SDIO_CLOCK_POWER_SAVE_DISABLE;
 413:Drivers/STM32F4xx_HAL_Driver/Src/stm32f4xx_hal_sd.c ****   Init.BusWide             = SDIO_BUS_WIDE_1B;
 414:Drivers/STM32F4xx_HAL_Driver/Src/stm32f4xx_hal_sd.c ****   Init.HardwareFlowControl = SDIO_HARDWARE_FLOW_CONTROL_DISABLE;
 415:Drivers/STM32F4xx_HAL_Driver/Src/stm32f4xx_hal_sd.c ****   Init.ClockDiv            = SDIO_INIT_CLK_DIV;
 416:Drivers/STM32F4xx_HAL_Driver/Src/stm32f4xx_hal_sd.c **** 
 417:Drivers/STM32F4xx_HAL_Driver/Src/stm32f4xx_hal_sd.c ****   /* Initialize SDIO peripheral interface with default configuration */
 418:Drivers/STM32F4xx_HAL_Driver/Src/stm32f4xx_hal_sd.c ****   status = SDIO_Init(hsd->Instance, Init);
 419:Drivers/STM32F4xx_HAL_Driver/Src/stm32f4xx_hal_sd.c ****   if(status != HAL_OK)
 420:Drivers/STM32F4xx_HAL_Driver/Src/stm32f4xx_hal_sd.c ****   {
 421:Drivers/STM32F4xx_HAL_Driver/Src/stm32f4xx_hal_sd.c ****     return HAL_ERROR;
 422:Drivers/STM32F4xx_HAL_Driver/Src/stm32f4xx_hal_sd.c ****   }
 423:Drivers/STM32F4xx_HAL_Driver/Src/stm32f4xx_hal_sd.c **** 
 424:Drivers/STM32F4xx_HAL_Driver/Src/stm32f4xx_hal_sd.c ****   /* Disable SDIO Clock */
 425:Drivers/STM32F4xx_HAL_Driver/Src/stm32f4xx_hal_sd.c ****   __HAL_SD_DISABLE(hsd);
 426:Drivers/STM32F4xx_HAL_Driver/Src/stm32f4xx_hal_sd.c **** 
 427:Drivers/STM32F4xx_HAL_Driver/Src/stm32f4xx_hal_sd.c ****   /* Set Power State to ON */
 428:Drivers/STM32F4xx_HAL_Driver/Src/stm32f4xx_hal_sd.c ****   (void)SDIO_PowerState_ON(hsd->Instance);
 429:Drivers/STM32F4xx_HAL_Driver/Src/stm32f4xx_hal_sd.c **** 
ARM GAS  /tmp/ccnf9wtj.s 			page 9


 430:Drivers/STM32F4xx_HAL_Driver/Src/stm32f4xx_hal_sd.c ****   /* Enable SDIO Clock */
 431:Drivers/STM32F4xx_HAL_Driver/Src/stm32f4xx_hal_sd.c ****   __HAL_SD_ENABLE(hsd);
 432:Drivers/STM32F4xx_HAL_Driver/Src/stm32f4xx_hal_sd.c **** 
 433:Drivers/STM32F4xx_HAL_Driver/Src/stm32f4xx_hal_sd.c ****   /* Required power up waiting time before starting the SD initialization  sequence */
 434:Drivers/STM32F4xx_HAL_Driver/Src/stm32f4xx_hal_sd.c ****   HAL_Delay(2);
 435:Drivers/STM32F4xx_HAL_Driver/Src/stm32f4xx_hal_sd.c **** 
 436:Drivers/STM32F4xx_HAL_Driver/Src/stm32f4xx_hal_sd.c ****   /* Identify card operating voltage */
 437:Drivers/STM32F4xx_HAL_Driver/Src/stm32f4xx_hal_sd.c ****   errorstate = SD_PowerON(hsd);
 438:Drivers/STM32F4xx_HAL_Driver/Src/stm32f4xx_hal_sd.c ****   if(errorstate != HAL_SD_ERROR_NONE)
 439:Drivers/STM32F4xx_HAL_Driver/Src/stm32f4xx_hal_sd.c ****   {
 440:Drivers/STM32F4xx_HAL_Driver/Src/stm32f4xx_hal_sd.c ****     hsd->State = HAL_SD_STATE_READY;
 441:Drivers/STM32F4xx_HAL_Driver/Src/stm32f4xx_hal_sd.c ****     hsd->ErrorCode |= errorstate;
 442:Drivers/STM32F4xx_HAL_Driver/Src/stm32f4xx_hal_sd.c ****     return HAL_ERROR;
 443:Drivers/STM32F4xx_HAL_Driver/Src/stm32f4xx_hal_sd.c ****   }
 444:Drivers/STM32F4xx_HAL_Driver/Src/stm32f4xx_hal_sd.c **** 
 445:Drivers/STM32F4xx_HAL_Driver/Src/stm32f4xx_hal_sd.c ****   /* Card initialization */
 446:Drivers/STM32F4xx_HAL_Driver/Src/stm32f4xx_hal_sd.c ****   errorstate = SD_InitCard(hsd);
 447:Drivers/STM32F4xx_HAL_Driver/Src/stm32f4xx_hal_sd.c ****   if(errorstate != HAL_SD_ERROR_NONE)
 448:Drivers/STM32F4xx_HAL_Driver/Src/stm32f4xx_hal_sd.c ****   {
 449:Drivers/STM32F4xx_HAL_Driver/Src/stm32f4xx_hal_sd.c ****     hsd->State = HAL_SD_STATE_READY;
 450:Drivers/STM32F4xx_HAL_Driver/Src/stm32f4xx_hal_sd.c ****     hsd->ErrorCode |= errorstate;
 451:Drivers/STM32F4xx_HAL_Driver/Src/stm32f4xx_hal_sd.c ****     return HAL_ERROR;
 452:Drivers/STM32F4xx_HAL_Driver/Src/stm32f4xx_hal_sd.c ****   }
 453:Drivers/STM32F4xx_HAL_Driver/Src/stm32f4xx_hal_sd.c **** 
 454:Drivers/STM32F4xx_HAL_Driver/Src/stm32f4xx_hal_sd.c ****   /* Set Block Size for Card */
 455:Drivers/STM32F4xx_HAL_Driver/Src/stm32f4xx_hal_sd.c ****   errorstate = SDMMC_CmdBlockLength(hsd->Instance, BLOCKSIZE);
 456:Drivers/STM32F4xx_HAL_Driver/Src/stm32f4xx_hal_sd.c ****   if(errorstate != HAL_SD_ERROR_NONE)
 457:Drivers/STM32F4xx_HAL_Driver/Src/stm32f4xx_hal_sd.c ****   {
 458:Drivers/STM32F4xx_HAL_Driver/Src/stm32f4xx_hal_sd.c ****     /* Clear all the static flags */
 459:Drivers/STM32F4xx_HAL_Driver/Src/stm32f4xx_hal_sd.c ****     __HAL_SD_CLEAR_FLAG(hsd, SDIO_STATIC_FLAGS);
 460:Drivers/STM32F4xx_HAL_Driver/Src/stm32f4xx_hal_sd.c ****     hsd->ErrorCode |= errorstate;
 461:Drivers/STM32F4xx_HAL_Driver/Src/stm32f4xx_hal_sd.c ****     hsd->State = HAL_SD_STATE_READY;
 462:Drivers/STM32F4xx_HAL_Driver/Src/stm32f4xx_hal_sd.c ****     return HAL_ERROR;
 463:Drivers/STM32F4xx_HAL_Driver/Src/stm32f4xx_hal_sd.c ****   }
 464:Drivers/STM32F4xx_HAL_Driver/Src/stm32f4xx_hal_sd.c **** 
 465:Drivers/STM32F4xx_HAL_Driver/Src/stm32f4xx_hal_sd.c ****   return HAL_OK;
 466:Drivers/STM32F4xx_HAL_Driver/Src/stm32f4xx_hal_sd.c **** }
 467:Drivers/STM32F4xx_HAL_Driver/Src/stm32f4xx_hal_sd.c **** 
 468:Drivers/STM32F4xx_HAL_Driver/Src/stm32f4xx_hal_sd.c **** /**
 469:Drivers/STM32F4xx_HAL_Driver/Src/stm32f4xx_hal_sd.c ****   * @brief  De-Initializes the SD card.
 470:Drivers/STM32F4xx_HAL_Driver/Src/stm32f4xx_hal_sd.c ****   * @param  hsd: Pointer to SD handle
 471:Drivers/STM32F4xx_HAL_Driver/Src/stm32f4xx_hal_sd.c ****   * @retval HAL status
 472:Drivers/STM32F4xx_HAL_Driver/Src/stm32f4xx_hal_sd.c ****   */
 473:Drivers/STM32F4xx_HAL_Driver/Src/stm32f4xx_hal_sd.c **** HAL_StatusTypeDef HAL_SD_DeInit(SD_HandleTypeDef *hsd)
 474:Drivers/STM32F4xx_HAL_Driver/Src/stm32f4xx_hal_sd.c **** {
 475:Drivers/STM32F4xx_HAL_Driver/Src/stm32f4xx_hal_sd.c ****   /* Check the SD handle allocation */
 476:Drivers/STM32F4xx_HAL_Driver/Src/stm32f4xx_hal_sd.c ****   if(hsd == NULL)
 477:Drivers/STM32F4xx_HAL_Driver/Src/stm32f4xx_hal_sd.c ****   {
 478:Drivers/STM32F4xx_HAL_Driver/Src/stm32f4xx_hal_sd.c ****     return HAL_ERROR;
 479:Drivers/STM32F4xx_HAL_Driver/Src/stm32f4xx_hal_sd.c ****   }
 480:Drivers/STM32F4xx_HAL_Driver/Src/stm32f4xx_hal_sd.c **** 
 481:Drivers/STM32F4xx_HAL_Driver/Src/stm32f4xx_hal_sd.c ****   /* Check the parameters */
 482:Drivers/STM32F4xx_HAL_Driver/Src/stm32f4xx_hal_sd.c ****   assert_param(IS_SDIO_ALL_INSTANCE(hsd->Instance));
 483:Drivers/STM32F4xx_HAL_Driver/Src/stm32f4xx_hal_sd.c **** 
 484:Drivers/STM32F4xx_HAL_Driver/Src/stm32f4xx_hal_sd.c ****   hsd->State = HAL_SD_STATE_BUSY;
 485:Drivers/STM32F4xx_HAL_Driver/Src/stm32f4xx_hal_sd.c **** 
 486:Drivers/STM32F4xx_HAL_Driver/Src/stm32f4xx_hal_sd.c ****   /* Set SD power state to off */
ARM GAS  /tmp/ccnf9wtj.s 			page 10


 487:Drivers/STM32F4xx_HAL_Driver/Src/stm32f4xx_hal_sd.c ****   SD_PowerOFF(hsd);
 488:Drivers/STM32F4xx_HAL_Driver/Src/stm32f4xx_hal_sd.c **** 
 489:Drivers/STM32F4xx_HAL_Driver/Src/stm32f4xx_hal_sd.c **** #if defined (USE_HAL_SD_REGISTER_CALLBACKS) && (USE_HAL_SD_REGISTER_CALLBACKS == 1U)
 490:Drivers/STM32F4xx_HAL_Driver/Src/stm32f4xx_hal_sd.c ****   if(hsd->MspDeInitCallback == NULL)
 491:Drivers/STM32F4xx_HAL_Driver/Src/stm32f4xx_hal_sd.c ****   {
 492:Drivers/STM32F4xx_HAL_Driver/Src/stm32f4xx_hal_sd.c ****     hsd->MspDeInitCallback = HAL_SD_MspDeInit;
 493:Drivers/STM32F4xx_HAL_Driver/Src/stm32f4xx_hal_sd.c ****   }
 494:Drivers/STM32F4xx_HAL_Driver/Src/stm32f4xx_hal_sd.c **** 
 495:Drivers/STM32F4xx_HAL_Driver/Src/stm32f4xx_hal_sd.c ****   /* DeInit the low level hardware */
 496:Drivers/STM32F4xx_HAL_Driver/Src/stm32f4xx_hal_sd.c ****   hsd->MspDeInitCallback(hsd);
 497:Drivers/STM32F4xx_HAL_Driver/Src/stm32f4xx_hal_sd.c **** #else
 498:Drivers/STM32F4xx_HAL_Driver/Src/stm32f4xx_hal_sd.c ****   /* De-Initialize the MSP layer */
 499:Drivers/STM32F4xx_HAL_Driver/Src/stm32f4xx_hal_sd.c ****   HAL_SD_MspDeInit(hsd);
 500:Drivers/STM32F4xx_HAL_Driver/Src/stm32f4xx_hal_sd.c **** #endif /* USE_HAL_SD_REGISTER_CALLBACKS */
 501:Drivers/STM32F4xx_HAL_Driver/Src/stm32f4xx_hal_sd.c **** 
 502:Drivers/STM32F4xx_HAL_Driver/Src/stm32f4xx_hal_sd.c ****   hsd->ErrorCode = HAL_SD_ERROR_NONE;
 503:Drivers/STM32F4xx_HAL_Driver/Src/stm32f4xx_hal_sd.c ****   hsd->State = HAL_SD_STATE_RESET;
 504:Drivers/STM32F4xx_HAL_Driver/Src/stm32f4xx_hal_sd.c **** 
 505:Drivers/STM32F4xx_HAL_Driver/Src/stm32f4xx_hal_sd.c ****   return HAL_OK;
 506:Drivers/STM32F4xx_HAL_Driver/Src/stm32f4xx_hal_sd.c **** }
 507:Drivers/STM32F4xx_HAL_Driver/Src/stm32f4xx_hal_sd.c **** 
 508:Drivers/STM32F4xx_HAL_Driver/Src/stm32f4xx_hal_sd.c **** 
 509:Drivers/STM32F4xx_HAL_Driver/Src/stm32f4xx_hal_sd.c **** /**
 510:Drivers/STM32F4xx_HAL_Driver/Src/stm32f4xx_hal_sd.c ****   * @brief  Initializes the SD MSP.
 511:Drivers/STM32F4xx_HAL_Driver/Src/stm32f4xx_hal_sd.c ****   * @param  hsd: Pointer to SD handle
 512:Drivers/STM32F4xx_HAL_Driver/Src/stm32f4xx_hal_sd.c ****   * @retval None
 513:Drivers/STM32F4xx_HAL_Driver/Src/stm32f4xx_hal_sd.c ****   */
 514:Drivers/STM32F4xx_HAL_Driver/Src/stm32f4xx_hal_sd.c **** __weak void HAL_SD_MspInit(SD_HandleTypeDef *hsd)
 515:Drivers/STM32F4xx_HAL_Driver/Src/stm32f4xx_hal_sd.c **** {
 516:Drivers/STM32F4xx_HAL_Driver/Src/stm32f4xx_hal_sd.c ****   /* Prevent unused argument(s) compilation warning */
 517:Drivers/STM32F4xx_HAL_Driver/Src/stm32f4xx_hal_sd.c ****   UNUSED(hsd);
 518:Drivers/STM32F4xx_HAL_Driver/Src/stm32f4xx_hal_sd.c **** 
 519:Drivers/STM32F4xx_HAL_Driver/Src/stm32f4xx_hal_sd.c ****   /* NOTE : This function should not be modified, when the callback is needed,
 520:Drivers/STM32F4xx_HAL_Driver/Src/stm32f4xx_hal_sd.c ****             the HAL_SD_MspInit could be implemented in the user file
 521:Drivers/STM32F4xx_HAL_Driver/Src/stm32f4xx_hal_sd.c ****    */
 522:Drivers/STM32F4xx_HAL_Driver/Src/stm32f4xx_hal_sd.c **** }
 523:Drivers/STM32F4xx_HAL_Driver/Src/stm32f4xx_hal_sd.c **** 
 524:Drivers/STM32F4xx_HAL_Driver/Src/stm32f4xx_hal_sd.c **** /**
 525:Drivers/STM32F4xx_HAL_Driver/Src/stm32f4xx_hal_sd.c ****   * @brief  De-Initialize SD MSP.
 526:Drivers/STM32F4xx_HAL_Driver/Src/stm32f4xx_hal_sd.c ****   * @param  hsd: Pointer to SD handle
 527:Drivers/STM32F4xx_HAL_Driver/Src/stm32f4xx_hal_sd.c ****   * @retval None
 528:Drivers/STM32F4xx_HAL_Driver/Src/stm32f4xx_hal_sd.c ****   */
 529:Drivers/STM32F4xx_HAL_Driver/Src/stm32f4xx_hal_sd.c **** __weak void HAL_SD_MspDeInit(SD_HandleTypeDef *hsd)
 530:Drivers/STM32F4xx_HAL_Driver/Src/stm32f4xx_hal_sd.c **** {
 531:Drivers/STM32F4xx_HAL_Driver/Src/stm32f4xx_hal_sd.c ****   /* Prevent unused argument(s) compilation warning */
 532:Drivers/STM32F4xx_HAL_Driver/Src/stm32f4xx_hal_sd.c ****   UNUSED(hsd);
 533:Drivers/STM32F4xx_HAL_Driver/Src/stm32f4xx_hal_sd.c **** 
 534:Drivers/STM32F4xx_HAL_Driver/Src/stm32f4xx_hal_sd.c ****   /* NOTE : This function should not be modified, when the callback is needed,
 535:Drivers/STM32F4xx_HAL_Driver/Src/stm32f4xx_hal_sd.c ****             the HAL_SD_MspDeInit could be implemented in the user file
 536:Drivers/STM32F4xx_HAL_Driver/Src/stm32f4xx_hal_sd.c ****    */
 537:Drivers/STM32F4xx_HAL_Driver/Src/stm32f4xx_hal_sd.c **** }
 538:Drivers/STM32F4xx_HAL_Driver/Src/stm32f4xx_hal_sd.c **** 
 539:Drivers/STM32F4xx_HAL_Driver/Src/stm32f4xx_hal_sd.c **** /**
 540:Drivers/STM32F4xx_HAL_Driver/Src/stm32f4xx_hal_sd.c ****   * @}
 541:Drivers/STM32F4xx_HAL_Driver/Src/stm32f4xx_hal_sd.c ****   */
 542:Drivers/STM32F4xx_HAL_Driver/Src/stm32f4xx_hal_sd.c **** 
 543:Drivers/STM32F4xx_HAL_Driver/Src/stm32f4xx_hal_sd.c **** /** @addtogroup SD_Exported_Functions_Group2
ARM GAS  /tmp/ccnf9wtj.s 			page 11


 544:Drivers/STM32F4xx_HAL_Driver/Src/stm32f4xx_hal_sd.c ****  *  @brief   Data transfer functions
 545:Drivers/STM32F4xx_HAL_Driver/Src/stm32f4xx_hal_sd.c ****  *
 546:Drivers/STM32F4xx_HAL_Driver/Src/stm32f4xx_hal_sd.c **** @verbatim
 547:Drivers/STM32F4xx_HAL_Driver/Src/stm32f4xx_hal_sd.c ****   ==============================================================================
 548:Drivers/STM32F4xx_HAL_Driver/Src/stm32f4xx_hal_sd.c ****                         ##### IO operation functions #####
 549:Drivers/STM32F4xx_HAL_Driver/Src/stm32f4xx_hal_sd.c ****   ==============================================================================
 550:Drivers/STM32F4xx_HAL_Driver/Src/stm32f4xx_hal_sd.c ****   [..]
 551:Drivers/STM32F4xx_HAL_Driver/Src/stm32f4xx_hal_sd.c ****     This subsection provides a set of functions allowing to manage the data
 552:Drivers/STM32F4xx_HAL_Driver/Src/stm32f4xx_hal_sd.c ****     transfer from/to SD card.
 553:Drivers/STM32F4xx_HAL_Driver/Src/stm32f4xx_hal_sd.c **** 
 554:Drivers/STM32F4xx_HAL_Driver/Src/stm32f4xx_hal_sd.c **** @endverbatim
 555:Drivers/STM32F4xx_HAL_Driver/Src/stm32f4xx_hal_sd.c ****   * @{
 556:Drivers/STM32F4xx_HAL_Driver/Src/stm32f4xx_hal_sd.c ****   */
 557:Drivers/STM32F4xx_HAL_Driver/Src/stm32f4xx_hal_sd.c **** 
 558:Drivers/STM32F4xx_HAL_Driver/Src/stm32f4xx_hal_sd.c **** /**
 559:Drivers/STM32F4xx_HAL_Driver/Src/stm32f4xx_hal_sd.c ****   * @brief  Reads block(s) from a specified address in a card. The Data transfer
 560:Drivers/STM32F4xx_HAL_Driver/Src/stm32f4xx_hal_sd.c ****   *         is managed by polling mode.
 561:Drivers/STM32F4xx_HAL_Driver/Src/stm32f4xx_hal_sd.c ****   * @note   This API should be followed by a check on the card state through
 562:Drivers/STM32F4xx_HAL_Driver/Src/stm32f4xx_hal_sd.c ****   *         HAL_SD_GetCardState().
 563:Drivers/STM32F4xx_HAL_Driver/Src/stm32f4xx_hal_sd.c ****   * @param  hsd: Pointer to SD handle
 564:Drivers/STM32F4xx_HAL_Driver/Src/stm32f4xx_hal_sd.c ****   * @param  pData: pointer to the buffer that will contain the received data
 565:Drivers/STM32F4xx_HAL_Driver/Src/stm32f4xx_hal_sd.c ****   * @param  BlockAdd: Block Address from where data is to be read
 566:Drivers/STM32F4xx_HAL_Driver/Src/stm32f4xx_hal_sd.c ****   * @param  NumberOfBlocks: Number of SD blocks to read
 567:Drivers/STM32F4xx_HAL_Driver/Src/stm32f4xx_hal_sd.c ****   * @param  Timeout: Specify timeout value
 568:Drivers/STM32F4xx_HAL_Driver/Src/stm32f4xx_hal_sd.c ****   * @retval HAL status
 569:Drivers/STM32F4xx_HAL_Driver/Src/stm32f4xx_hal_sd.c ****   */
 570:Drivers/STM32F4xx_HAL_Driver/Src/stm32f4xx_hal_sd.c **** HAL_StatusTypeDef HAL_SD_ReadBlocks(SD_HandleTypeDef *hsd, uint8_t *pData, uint32_t BlockAdd, uint3
 571:Drivers/STM32F4xx_HAL_Driver/Src/stm32f4xx_hal_sd.c **** {
 572:Drivers/STM32F4xx_HAL_Driver/Src/stm32f4xx_hal_sd.c ****   SDIO_DataInitTypeDef config;
 573:Drivers/STM32F4xx_HAL_Driver/Src/stm32f4xx_hal_sd.c ****   uint32_t errorstate;
 574:Drivers/STM32F4xx_HAL_Driver/Src/stm32f4xx_hal_sd.c ****   uint32_t tickstart = HAL_GetTick();
 575:Drivers/STM32F4xx_HAL_Driver/Src/stm32f4xx_hal_sd.c ****   uint32_t count, data, dataremaining;
 576:Drivers/STM32F4xx_HAL_Driver/Src/stm32f4xx_hal_sd.c ****   uint32_t add = BlockAdd;
 577:Drivers/STM32F4xx_HAL_Driver/Src/stm32f4xx_hal_sd.c ****   uint8_t *tempbuff = pData;
 578:Drivers/STM32F4xx_HAL_Driver/Src/stm32f4xx_hal_sd.c **** 
 579:Drivers/STM32F4xx_HAL_Driver/Src/stm32f4xx_hal_sd.c ****   if(NULL == pData)
 580:Drivers/STM32F4xx_HAL_Driver/Src/stm32f4xx_hal_sd.c ****   {
 581:Drivers/STM32F4xx_HAL_Driver/Src/stm32f4xx_hal_sd.c ****     hsd->ErrorCode |= HAL_SD_ERROR_PARAM;
 582:Drivers/STM32F4xx_HAL_Driver/Src/stm32f4xx_hal_sd.c ****     return HAL_ERROR;
 583:Drivers/STM32F4xx_HAL_Driver/Src/stm32f4xx_hal_sd.c ****   }
 584:Drivers/STM32F4xx_HAL_Driver/Src/stm32f4xx_hal_sd.c **** 
 585:Drivers/STM32F4xx_HAL_Driver/Src/stm32f4xx_hal_sd.c ****   if(hsd->State == HAL_SD_STATE_READY)
 586:Drivers/STM32F4xx_HAL_Driver/Src/stm32f4xx_hal_sd.c ****   {
 587:Drivers/STM32F4xx_HAL_Driver/Src/stm32f4xx_hal_sd.c ****     hsd->ErrorCode = HAL_SD_ERROR_NONE;
 588:Drivers/STM32F4xx_HAL_Driver/Src/stm32f4xx_hal_sd.c **** 
 589:Drivers/STM32F4xx_HAL_Driver/Src/stm32f4xx_hal_sd.c ****     if((add + NumberOfBlocks) > (hsd->SdCard.LogBlockNbr))
 590:Drivers/STM32F4xx_HAL_Driver/Src/stm32f4xx_hal_sd.c ****     {
 591:Drivers/STM32F4xx_HAL_Driver/Src/stm32f4xx_hal_sd.c ****       hsd->ErrorCode |= HAL_SD_ERROR_ADDR_OUT_OF_RANGE;
 592:Drivers/STM32F4xx_HAL_Driver/Src/stm32f4xx_hal_sd.c ****       return HAL_ERROR;
 593:Drivers/STM32F4xx_HAL_Driver/Src/stm32f4xx_hal_sd.c ****     }
 594:Drivers/STM32F4xx_HAL_Driver/Src/stm32f4xx_hal_sd.c **** 
 595:Drivers/STM32F4xx_HAL_Driver/Src/stm32f4xx_hal_sd.c ****     hsd->State = HAL_SD_STATE_BUSY;
 596:Drivers/STM32F4xx_HAL_Driver/Src/stm32f4xx_hal_sd.c **** 
 597:Drivers/STM32F4xx_HAL_Driver/Src/stm32f4xx_hal_sd.c ****     /* Initialize data control register */
 598:Drivers/STM32F4xx_HAL_Driver/Src/stm32f4xx_hal_sd.c ****     hsd->Instance->DCTRL = 0U;
 599:Drivers/STM32F4xx_HAL_Driver/Src/stm32f4xx_hal_sd.c **** 
 600:Drivers/STM32F4xx_HAL_Driver/Src/stm32f4xx_hal_sd.c ****     if(hsd->SdCard.CardType != CARD_SDHC_SDXC)
ARM GAS  /tmp/ccnf9wtj.s 			page 12


 601:Drivers/STM32F4xx_HAL_Driver/Src/stm32f4xx_hal_sd.c ****     {
 602:Drivers/STM32F4xx_HAL_Driver/Src/stm32f4xx_hal_sd.c ****       add *= 512U;
 603:Drivers/STM32F4xx_HAL_Driver/Src/stm32f4xx_hal_sd.c ****     }
 604:Drivers/STM32F4xx_HAL_Driver/Src/stm32f4xx_hal_sd.c **** 
 605:Drivers/STM32F4xx_HAL_Driver/Src/stm32f4xx_hal_sd.c ****     /* Configure the SD DPSM (Data Path State Machine) */
 606:Drivers/STM32F4xx_HAL_Driver/Src/stm32f4xx_hal_sd.c ****     config.DataTimeOut   = SDMMC_DATATIMEOUT;
 607:Drivers/STM32F4xx_HAL_Driver/Src/stm32f4xx_hal_sd.c ****     config.DataLength    = NumberOfBlocks * BLOCKSIZE;
 608:Drivers/STM32F4xx_HAL_Driver/Src/stm32f4xx_hal_sd.c ****     config.DataBlockSize = SDIO_DATABLOCK_SIZE_512B;
 609:Drivers/STM32F4xx_HAL_Driver/Src/stm32f4xx_hal_sd.c ****     config.TransferDir   = SDIO_TRANSFER_DIR_TO_SDIO;
 610:Drivers/STM32F4xx_HAL_Driver/Src/stm32f4xx_hal_sd.c ****     config.TransferMode  = SDIO_TRANSFER_MODE_BLOCK;
 611:Drivers/STM32F4xx_HAL_Driver/Src/stm32f4xx_hal_sd.c ****     config.DPSM          = SDIO_DPSM_ENABLE;
 612:Drivers/STM32F4xx_HAL_Driver/Src/stm32f4xx_hal_sd.c ****     (void)SDIO_ConfigData(hsd->Instance, &config);
 613:Drivers/STM32F4xx_HAL_Driver/Src/stm32f4xx_hal_sd.c **** 
 614:Drivers/STM32F4xx_HAL_Driver/Src/stm32f4xx_hal_sd.c ****     /* Read block(s) in polling mode */
 615:Drivers/STM32F4xx_HAL_Driver/Src/stm32f4xx_hal_sd.c ****     if(NumberOfBlocks > 1U)
 616:Drivers/STM32F4xx_HAL_Driver/Src/stm32f4xx_hal_sd.c ****     {
 617:Drivers/STM32F4xx_HAL_Driver/Src/stm32f4xx_hal_sd.c ****       hsd->Context = SD_CONTEXT_READ_MULTIPLE_BLOCK;
 618:Drivers/STM32F4xx_HAL_Driver/Src/stm32f4xx_hal_sd.c **** 
 619:Drivers/STM32F4xx_HAL_Driver/Src/stm32f4xx_hal_sd.c ****       /* Read Multi Block command */
 620:Drivers/STM32F4xx_HAL_Driver/Src/stm32f4xx_hal_sd.c ****       errorstate = SDMMC_CmdReadMultiBlock(hsd->Instance, add);
 621:Drivers/STM32F4xx_HAL_Driver/Src/stm32f4xx_hal_sd.c ****     }
 622:Drivers/STM32F4xx_HAL_Driver/Src/stm32f4xx_hal_sd.c ****     else
 623:Drivers/STM32F4xx_HAL_Driver/Src/stm32f4xx_hal_sd.c ****     {
 624:Drivers/STM32F4xx_HAL_Driver/Src/stm32f4xx_hal_sd.c ****       hsd->Context = SD_CONTEXT_READ_SINGLE_BLOCK;
 625:Drivers/STM32F4xx_HAL_Driver/Src/stm32f4xx_hal_sd.c **** 
 626:Drivers/STM32F4xx_HAL_Driver/Src/stm32f4xx_hal_sd.c ****       /* Read Single Block command */
 627:Drivers/STM32F4xx_HAL_Driver/Src/stm32f4xx_hal_sd.c ****       errorstate = SDMMC_CmdReadSingleBlock(hsd->Instance, add);
 628:Drivers/STM32F4xx_HAL_Driver/Src/stm32f4xx_hal_sd.c ****     }
 629:Drivers/STM32F4xx_HAL_Driver/Src/stm32f4xx_hal_sd.c ****     if(errorstate != HAL_SD_ERROR_NONE)
 630:Drivers/STM32F4xx_HAL_Driver/Src/stm32f4xx_hal_sd.c ****     {
 631:Drivers/STM32F4xx_HAL_Driver/Src/stm32f4xx_hal_sd.c ****       /* Clear all the static flags */
 632:Drivers/STM32F4xx_HAL_Driver/Src/stm32f4xx_hal_sd.c ****       __HAL_SD_CLEAR_FLAG(hsd, SDIO_STATIC_FLAGS);
 633:Drivers/STM32F4xx_HAL_Driver/Src/stm32f4xx_hal_sd.c ****       hsd->ErrorCode |= errorstate;
 634:Drivers/STM32F4xx_HAL_Driver/Src/stm32f4xx_hal_sd.c ****       hsd->State = HAL_SD_STATE_READY;
 635:Drivers/STM32F4xx_HAL_Driver/Src/stm32f4xx_hal_sd.c ****       hsd->Context = SD_CONTEXT_NONE;
 636:Drivers/STM32F4xx_HAL_Driver/Src/stm32f4xx_hal_sd.c ****       return HAL_ERROR;
 637:Drivers/STM32F4xx_HAL_Driver/Src/stm32f4xx_hal_sd.c ****     }
 638:Drivers/STM32F4xx_HAL_Driver/Src/stm32f4xx_hal_sd.c **** 
 639:Drivers/STM32F4xx_HAL_Driver/Src/stm32f4xx_hal_sd.c ****     /* Poll on SDIO flags */
 640:Drivers/STM32F4xx_HAL_Driver/Src/stm32f4xx_hal_sd.c ****     dataremaining = config.DataLength;
 641:Drivers/STM32F4xx_HAL_Driver/Src/stm32f4xx_hal_sd.c **** #if defined(SDIO_STA_STBITERR)
 642:Drivers/STM32F4xx_HAL_Driver/Src/stm32f4xx_hal_sd.c ****     while(!__HAL_SD_GET_FLAG(hsd, SDIO_FLAG_RXOVERR | SDIO_FLAG_DCRCFAIL | SDIO_FLAG_DTIMEOUT | SDI
 643:Drivers/STM32F4xx_HAL_Driver/Src/stm32f4xx_hal_sd.c **** #else /* SDIO_STA_STBITERR not defined */
 644:Drivers/STM32F4xx_HAL_Driver/Src/stm32f4xx_hal_sd.c ****     while(!__HAL_SD_GET_FLAG(hsd, SDIO_FLAG_RXOVERR | SDIO_FLAG_DCRCFAIL | SDIO_FLAG_DTIMEOUT | SDI
 645:Drivers/STM32F4xx_HAL_Driver/Src/stm32f4xx_hal_sd.c **** #endif /* SDIO_STA_STBITERR */
 646:Drivers/STM32F4xx_HAL_Driver/Src/stm32f4xx_hal_sd.c ****     {
 647:Drivers/STM32F4xx_HAL_Driver/Src/stm32f4xx_hal_sd.c ****       if(__HAL_SD_GET_FLAG(hsd, SDIO_FLAG_RXFIFOHF) && (dataremaining > 0U))
 648:Drivers/STM32F4xx_HAL_Driver/Src/stm32f4xx_hal_sd.c ****       {
 649:Drivers/STM32F4xx_HAL_Driver/Src/stm32f4xx_hal_sd.c ****         /* Read data from SDIO Rx FIFO */
 650:Drivers/STM32F4xx_HAL_Driver/Src/stm32f4xx_hal_sd.c ****         for(count = 0U; count < 8U; count++)
 651:Drivers/STM32F4xx_HAL_Driver/Src/stm32f4xx_hal_sd.c ****         {
 652:Drivers/STM32F4xx_HAL_Driver/Src/stm32f4xx_hal_sd.c ****           data = SDIO_ReadFIFO(hsd->Instance);
 653:Drivers/STM32F4xx_HAL_Driver/Src/stm32f4xx_hal_sd.c ****           *tempbuff = (uint8_t)(data & 0xFFU);
 654:Drivers/STM32F4xx_HAL_Driver/Src/stm32f4xx_hal_sd.c ****           tempbuff++;
 655:Drivers/STM32F4xx_HAL_Driver/Src/stm32f4xx_hal_sd.c ****           dataremaining--;
 656:Drivers/STM32F4xx_HAL_Driver/Src/stm32f4xx_hal_sd.c ****           *tempbuff = (uint8_t)((data >> 8U) & 0xFFU);
 657:Drivers/STM32F4xx_HAL_Driver/Src/stm32f4xx_hal_sd.c ****           tempbuff++;
ARM GAS  /tmp/ccnf9wtj.s 			page 13


 658:Drivers/STM32F4xx_HAL_Driver/Src/stm32f4xx_hal_sd.c ****           dataremaining--;
 659:Drivers/STM32F4xx_HAL_Driver/Src/stm32f4xx_hal_sd.c ****           *tempbuff = (uint8_t)((data >> 16U) & 0xFFU);
 660:Drivers/STM32F4xx_HAL_Driver/Src/stm32f4xx_hal_sd.c ****           tempbuff++;
 661:Drivers/STM32F4xx_HAL_Driver/Src/stm32f4xx_hal_sd.c ****           dataremaining--;
 662:Drivers/STM32F4xx_HAL_Driver/Src/stm32f4xx_hal_sd.c ****           *tempbuff = (uint8_t)((data >> 24U) & 0xFFU);
 663:Drivers/STM32F4xx_HAL_Driver/Src/stm32f4xx_hal_sd.c ****           tempbuff++;
 664:Drivers/STM32F4xx_HAL_Driver/Src/stm32f4xx_hal_sd.c ****           dataremaining--;
 665:Drivers/STM32F4xx_HAL_Driver/Src/stm32f4xx_hal_sd.c ****         }
 666:Drivers/STM32F4xx_HAL_Driver/Src/stm32f4xx_hal_sd.c ****       }
 667:Drivers/STM32F4xx_HAL_Driver/Src/stm32f4xx_hal_sd.c **** 
 668:Drivers/STM32F4xx_HAL_Driver/Src/stm32f4xx_hal_sd.c ****       if(((HAL_GetTick()-tickstart) >=  Timeout) || (Timeout == 0U))
 669:Drivers/STM32F4xx_HAL_Driver/Src/stm32f4xx_hal_sd.c ****       {
 670:Drivers/STM32F4xx_HAL_Driver/Src/stm32f4xx_hal_sd.c ****         /* Clear all the static flags */
 671:Drivers/STM32F4xx_HAL_Driver/Src/stm32f4xx_hal_sd.c ****         __HAL_SD_CLEAR_FLAG(hsd, SDIO_STATIC_FLAGS);
 672:Drivers/STM32F4xx_HAL_Driver/Src/stm32f4xx_hal_sd.c ****         hsd->ErrorCode |= HAL_SD_ERROR_TIMEOUT;
 673:Drivers/STM32F4xx_HAL_Driver/Src/stm32f4xx_hal_sd.c ****         hsd->State= HAL_SD_STATE_READY;
 674:Drivers/STM32F4xx_HAL_Driver/Src/stm32f4xx_hal_sd.c ****         hsd->Context = SD_CONTEXT_NONE;
 675:Drivers/STM32F4xx_HAL_Driver/Src/stm32f4xx_hal_sd.c ****         return HAL_TIMEOUT;
 676:Drivers/STM32F4xx_HAL_Driver/Src/stm32f4xx_hal_sd.c ****       }
 677:Drivers/STM32F4xx_HAL_Driver/Src/stm32f4xx_hal_sd.c ****     }
 678:Drivers/STM32F4xx_HAL_Driver/Src/stm32f4xx_hal_sd.c ****     
 679:Drivers/STM32F4xx_HAL_Driver/Src/stm32f4xx_hal_sd.c ****     /* Send stop transmission command in case of multiblock read */
 680:Drivers/STM32F4xx_HAL_Driver/Src/stm32f4xx_hal_sd.c ****     if(__HAL_SD_GET_FLAG(hsd, SDIO_FLAG_DATAEND) && (NumberOfBlocks > 1U))
 681:Drivers/STM32F4xx_HAL_Driver/Src/stm32f4xx_hal_sd.c ****     {
 682:Drivers/STM32F4xx_HAL_Driver/Src/stm32f4xx_hal_sd.c ****       if(hsd->SdCard.CardType != CARD_SECURED)
 683:Drivers/STM32F4xx_HAL_Driver/Src/stm32f4xx_hal_sd.c ****       {
 684:Drivers/STM32F4xx_HAL_Driver/Src/stm32f4xx_hal_sd.c ****         /* Send stop transmission command */
 685:Drivers/STM32F4xx_HAL_Driver/Src/stm32f4xx_hal_sd.c ****         errorstate = SDMMC_CmdStopTransfer(hsd->Instance);
 686:Drivers/STM32F4xx_HAL_Driver/Src/stm32f4xx_hal_sd.c ****         if(errorstate != HAL_SD_ERROR_NONE)
 687:Drivers/STM32F4xx_HAL_Driver/Src/stm32f4xx_hal_sd.c ****         {
 688:Drivers/STM32F4xx_HAL_Driver/Src/stm32f4xx_hal_sd.c ****           /* Clear all the static flags */
 689:Drivers/STM32F4xx_HAL_Driver/Src/stm32f4xx_hal_sd.c ****           __HAL_SD_CLEAR_FLAG(hsd, SDIO_STATIC_FLAGS);
 690:Drivers/STM32F4xx_HAL_Driver/Src/stm32f4xx_hal_sd.c ****           hsd->ErrorCode |= errorstate;
 691:Drivers/STM32F4xx_HAL_Driver/Src/stm32f4xx_hal_sd.c ****           hsd->State = HAL_SD_STATE_READY;
 692:Drivers/STM32F4xx_HAL_Driver/Src/stm32f4xx_hal_sd.c ****           hsd->Context = SD_CONTEXT_NONE;
 693:Drivers/STM32F4xx_HAL_Driver/Src/stm32f4xx_hal_sd.c ****           return HAL_ERROR;
 694:Drivers/STM32F4xx_HAL_Driver/Src/stm32f4xx_hal_sd.c ****         }
 695:Drivers/STM32F4xx_HAL_Driver/Src/stm32f4xx_hal_sd.c ****       }
 696:Drivers/STM32F4xx_HAL_Driver/Src/stm32f4xx_hal_sd.c ****     }
 697:Drivers/STM32F4xx_HAL_Driver/Src/stm32f4xx_hal_sd.c **** 
 698:Drivers/STM32F4xx_HAL_Driver/Src/stm32f4xx_hal_sd.c ****     /* Get error state */
 699:Drivers/STM32F4xx_HAL_Driver/Src/stm32f4xx_hal_sd.c ****     if(__HAL_SD_GET_FLAG(hsd, SDIO_FLAG_DTIMEOUT))
 700:Drivers/STM32F4xx_HAL_Driver/Src/stm32f4xx_hal_sd.c ****     {
 701:Drivers/STM32F4xx_HAL_Driver/Src/stm32f4xx_hal_sd.c ****       /* Clear all the static flags */
 702:Drivers/STM32F4xx_HAL_Driver/Src/stm32f4xx_hal_sd.c ****       __HAL_SD_CLEAR_FLAG(hsd, SDIO_STATIC_FLAGS);
 703:Drivers/STM32F4xx_HAL_Driver/Src/stm32f4xx_hal_sd.c ****       hsd->ErrorCode |= HAL_SD_ERROR_DATA_TIMEOUT;
 704:Drivers/STM32F4xx_HAL_Driver/Src/stm32f4xx_hal_sd.c ****       hsd->State = HAL_SD_STATE_READY;
 705:Drivers/STM32F4xx_HAL_Driver/Src/stm32f4xx_hal_sd.c ****       hsd->Context = SD_CONTEXT_NONE;
 706:Drivers/STM32F4xx_HAL_Driver/Src/stm32f4xx_hal_sd.c ****       return HAL_ERROR;
 707:Drivers/STM32F4xx_HAL_Driver/Src/stm32f4xx_hal_sd.c ****     }
 708:Drivers/STM32F4xx_HAL_Driver/Src/stm32f4xx_hal_sd.c ****     else if(__HAL_SD_GET_FLAG(hsd, SDIO_FLAG_DCRCFAIL))
 709:Drivers/STM32F4xx_HAL_Driver/Src/stm32f4xx_hal_sd.c ****     {
 710:Drivers/STM32F4xx_HAL_Driver/Src/stm32f4xx_hal_sd.c ****       /* Clear all the static flags */
 711:Drivers/STM32F4xx_HAL_Driver/Src/stm32f4xx_hal_sd.c ****       __HAL_SD_CLEAR_FLAG(hsd, SDIO_STATIC_FLAGS);
 712:Drivers/STM32F4xx_HAL_Driver/Src/stm32f4xx_hal_sd.c ****       hsd->ErrorCode |= HAL_SD_ERROR_DATA_CRC_FAIL;
 713:Drivers/STM32F4xx_HAL_Driver/Src/stm32f4xx_hal_sd.c ****       hsd->State = HAL_SD_STATE_READY;
 714:Drivers/STM32F4xx_HAL_Driver/Src/stm32f4xx_hal_sd.c ****       hsd->Context = SD_CONTEXT_NONE;
ARM GAS  /tmp/ccnf9wtj.s 			page 14


 715:Drivers/STM32F4xx_HAL_Driver/Src/stm32f4xx_hal_sd.c ****       return HAL_ERROR;
 716:Drivers/STM32F4xx_HAL_Driver/Src/stm32f4xx_hal_sd.c ****     }
 717:Drivers/STM32F4xx_HAL_Driver/Src/stm32f4xx_hal_sd.c ****     else if(__HAL_SD_GET_FLAG(hsd, SDIO_FLAG_RXOVERR))
 718:Drivers/STM32F4xx_HAL_Driver/Src/stm32f4xx_hal_sd.c ****     {
 719:Drivers/STM32F4xx_HAL_Driver/Src/stm32f4xx_hal_sd.c ****       /* Clear all the static flags */
 720:Drivers/STM32F4xx_HAL_Driver/Src/stm32f4xx_hal_sd.c ****       __HAL_SD_CLEAR_FLAG(hsd, SDIO_STATIC_FLAGS);
 721:Drivers/STM32F4xx_HAL_Driver/Src/stm32f4xx_hal_sd.c ****       hsd->ErrorCode |= HAL_SD_ERROR_RX_OVERRUN;
 722:Drivers/STM32F4xx_HAL_Driver/Src/stm32f4xx_hal_sd.c ****       hsd->State = HAL_SD_STATE_READY;
 723:Drivers/STM32F4xx_HAL_Driver/Src/stm32f4xx_hal_sd.c ****       hsd->Context = SD_CONTEXT_NONE;
 724:Drivers/STM32F4xx_HAL_Driver/Src/stm32f4xx_hal_sd.c ****       return HAL_ERROR;
 725:Drivers/STM32F4xx_HAL_Driver/Src/stm32f4xx_hal_sd.c ****     }
 726:Drivers/STM32F4xx_HAL_Driver/Src/stm32f4xx_hal_sd.c ****     else
 727:Drivers/STM32F4xx_HAL_Driver/Src/stm32f4xx_hal_sd.c ****     {
 728:Drivers/STM32F4xx_HAL_Driver/Src/stm32f4xx_hal_sd.c ****       /* Nothing to do */
 729:Drivers/STM32F4xx_HAL_Driver/Src/stm32f4xx_hal_sd.c ****     }
 730:Drivers/STM32F4xx_HAL_Driver/Src/stm32f4xx_hal_sd.c **** 
 731:Drivers/STM32F4xx_HAL_Driver/Src/stm32f4xx_hal_sd.c ****     /* Empty FIFO if there is still any data */
 732:Drivers/STM32F4xx_HAL_Driver/Src/stm32f4xx_hal_sd.c ****     while ((__HAL_SD_GET_FLAG(hsd, SDIO_FLAG_RXDAVL)) && (dataremaining > 0U))
 733:Drivers/STM32F4xx_HAL_Driver/Src/stm32f4xx_hal_sd.c ****     {
 734:Drivers/STM32F4xx_HAL_Driver/Src/stm32f4xx_hal_sd.c ****       data = SDIO_ReadFIFO(hsd->Instance);
 735:Drivers/STM32F4xx_HAL_Driver/Src/stm32f4xx_hal_sd.c ****       *tempbuff = (uint8_t)(data & 0xFFU);
 736:Drivers/STM32F4xx_HAL_Driver/Src/stm32f4xx_hal_sd.c ****       tempbuff++;
 737:Drivers/STM32F4xx_HAL_Driver/Src/stm32f4xx_hal_sd.c ****       dataremaining--;
 738:Drivers/STM32F4xx_HAL_Driver/Src/stm32f4xx_hal_sd.c ****       *tempbuff = (uint8_t)((data >> 8U) & 0xFFU);
 739:Drivers/STM32F4xx_HAL_Driver/Src/stm32f4xx_hal_sd.c ****       tempbuff++;
 740:Drivers/STM32F4xx_HAL_Driver/Src/stm32f4xx_hal_sd.c ****       dataremaining--;
 741:Drivers/STM32F4xx_HAL_Driver/Src/stm32f4xx_hal_sd.c ****       *tempbuff = (uint8_t)((data >> 16U) & 0xFFU);
 742:Drivers/STM32F4xx_HAL_Driver/Src/stm32f4xx_hal_sd.c ****       tempbuff++;
 743:Drivers/STM32F4xx_HAL_Driver/Src/stm32f4xx_hal_sd.c ****       dataremaining--;
 744:Drivers/STM32F4xx_HAL_Driver/Src/stm32f4xx_hal_sd.c ****       *tempbuff = (uint8_t)((data >> 24U) & 0xFFU);
 745:Drivers/STM32F4xx_HAL_Driver/Src/stm32f4xx_hal_sd.c ****       tempbuff++;
 746:Drivers/STM32F4xx_HAL_Driver/Src/stm32f4xx_hal_sd.c ****       dataremaining--;
 747:Drivers/STM32F4xx_HAL_Driver/Src/stm32f4xx_hal_sd.c **** 
 748:Drivers/STM32F4xx_HAL_Driver/Src/stm32f4xx_hal_sd.c ****       if(((HAL_GetTick()-tickstart) >=  Timeout) || (Timeout == 0U))
 749:Drivers/STM32F4xx_HAL_Driver/Src/stm32f4xx_hal_sd.c ****       {
 750:Drivers/STM32F4xx_HAL_Driver/Src/stm32f4xx_hal_sd.c ****         /* Clear all the static flags */
 751:Drivers/STM32F4xx_HAL_Driver/Src/stm32f4xx_hal_sd.c ****         __HAL_SD_CLEAR_FLAG(hsd, SDIO_STATIC_FLAGS);
 752:Drivers/STM32F4xx_HAL_Driver/Src/stm32f4xx_hal_sd.c ****         hsd->ErrorCode |= HAL_SD_ERROR_TIMEOUT;
 753:Drivers/STM32F4xx_HAL_Driver/Src/stm32f4xx_hal_sd.c ****         hsd->State= HAL_SD_STATE_READY;
 754:Drivers/STM32F4xx_HAL_Driver/Src/stm32f4xx_hal_sd.c ****         hsd->Context = SD_CONTEXT_NONE;
 755:Drivers/STM32F4xx_HAL_Driver/Src/stm32f4xx_hal_sd.c ****         return HAL_ERROR;
 756:Drivers/STM32F4xx_HAL_Driver/Src/stm32f4xx_hal_sd.c ****       }
 757:Drivers/STM32F4xx_HAL_Driver/Src/stm32f4xx_hal_sd.c ****     }
 758:Drivers/STM32F4xx_HAL_Driver/Src/stm32f4xx_hal_sd.c **** 
 759:Drivers/STM32F4xx_HAL_Driver/Src/stm32f4xx_hal_sd.c ****     /* Clear all the static flags */
 760:Drivers/STM32F4xx_HAL_Driver/Src/stm32f4xx_hal_sd.c ****     __HAL_SD_CLEAR_FLAG(hsd, SDIO_STATIC_DATA_FLAGS);
 761:Drivers/STM32F4xx_HAL_Driver/Src/stm32f4xx_hal_sd.c **** 
 762:Drivers/STM32F4xx_HAL_Driver/Src/stm32f4xx_hal_sd.c ****     hsd->State = HAL_SD_STATE_READY;
 763:Drivers/STM32F4xx_HAL_Driver/Src/stm32f4xx_hal_sd.c **** 
 764:Drivers/STM32F4xx_HAL_Driver/Src/stm32f4xx_hal_sd.c ****     return HAL_OK;
 765:Drivers/STM32F4xx_HAL_Driver/Src/stm32f4xx_hal_sd.c ****   }
 766:Drivers/STM32F4xx_HAL_Driver/Src/stm32f4xx_hal_sd.c ****   else
 767:Drivers/STM32F4xx_HAL_Driver/Src/stm32f4xx_hal_sd.c ****   {
 768:Drivers/STM32F4xx_HAL_Driver/Src/stm32f4xx_hal_sd.c ****     hsd->ErrorCode |= HAL_SD_ERROR_BUSY;
 769:Drivers/STM32F4xx_HAL_Driver/Src/stm32f4xx_hal_sd.c ****     return HAL_ERROR;
 770:Drivers/STM32F4xx_HAL_Driver/Src/stm32f4xx_hal_sd.c ****   }
 771:Drivers/STM32F4xx_HAL_Driver/Src/stm32f4xx_hal_sd.c **** }
ARM GAS  /tmp/ccnf9wtj.s 			page 15


 772:Drivers/STM32F4xx_HAL_Driver/Src/stm32f4xx_hal_sd.c **** 
 773:Drivers/STM32F4xx_HAL_Driver/Src/stm32f4xx_hal_sd.c **** /**
 774:Drivers/STM32F4xx_HAL_Driver/Src/stm32f4xx_hal_sd.c ****   * @brief  Allows to write block(s) to a specified address in a card. The Data
 775:Drivers/STM32F4xx_HAL_Driver/Src/stm32f4xx_hal_sd.c ****   *         transfer is managed by polling mode.
 776:Drivers/STM32F4xx_HAL_Driver/Src/stm32f4xx_hal_sd.c ****   * @note   This API should be followed by a check on the card state through
 777:Drivers/STM32F4xx_HAL_Driver/Src/stm32f4xx_hal_sd.c ****   *         HAL_SD_GetCardState().
 778:Drivers/STM32F4xx_HAL_Driver/Src/stm32f4xx_hal_sd.c ****   * @param  hsd: Pointer to SD handle
 779:Drivers/STM32F4xx_HAL_Driver/Src/stm32f4xx_hal_sd.c ****   * @param  pData: pointer to the buffer that will contain the data to transmit
 780:Drivers/STM32F4xx_HAL_Driver/Src/stm32f4xx_hal_sd.c ****   * @param  BlockAdd: Block Address where data will be written
 781:Drivers/STM32F4xx_HAL_Driver/Src/stm32f4xx_hal_sd.c ****   * @param  NumberOfBlocks: Number of SD blocks to write
 782:Drivers/STM32F4xx_HAL_Driver/Src/stm32f4xx_hal_sd.c ****   * @param  Timeout: Specify timeout value
 783:Drivers/STM32F4xx_HAL_Driver/Src/stm32f4xx_hal_sd.c ****   * @retval HAL status
 784:Drivers/STM32F4xx_HAL_Driver/Src/stm32f4xx_hal_sd.c ****   */
 785:Drivers/STM32F4xx_HAL_Driver/Src/stm32f4xx_hal_sd.c **** HAL_StatusTypeDef HAL_SD_WriteBlocks(SD_HandleTypeDef *hsd, uint8_t *pData, uint32_t BlockAdd, uint
 786:Drivers/STM32F4xx_HAL_Driver/Src/stm32f4xx_hal_sd.c **** {
 787:Drivers/STM32F4xx_HAL_Driver/Src/stm32f4xx_hal_sd.c ****   SDIO_DataInitTypeDef config;
 788:Drivers/STM32F4xx_HAL_Driver/Src/stm32f4xx_hal_sd.c ****   uint32_t errorstate;
 789:Drivers/STM32F4xx_HAL_Driver/Src/stm32f4xx_hal_sd.c ****   uint32_t tickstart = HAL_GetTick();
 790:Drivers/STM32F4xx_HAL_Driver/Src/stm32f4xx_hal_sd.c ****   uint32_t count, data, dataremaining;
 791:Drivers/STM32F4xx_HAL_Driver/Src/stm32f4xx_hal_sd.c ****   uint32_t add = BlockAdd;
 792:Drivers/STM32F4xx_HAL_Driver/Src/stm32f4xx_hal_sd.c ****   uint8_t *tempbuff = pData;
 793:Drivers/STM32F4xx_HAL_Driver/Src/stm32f4xx_hal_sd.c **** 
 794:Drivers/STM32F4xx_HAL_Driver/Src/stm32f4xx_hal_sd.c ****   if(NULL == pData)
 795:Drivers/STM32F4xx_HAL_Driver/Src/stm32f4xx_hal_sd.c ****   {
 796:Drivers/STM32F4xx_HAL_Driver/Src/stm32f4xx_hal_sd.c ****     hsd->ErrorCode |= HAL_SD_ERROR_PARAM;
 797:Drivers/STM32F4xx_HAL_Driver/Src/stm32f4xx_hal_sd.c ****     return HAL_ERROR;
 798:Drivers/STM32F4xx_HAL_Driver/Src/stm32f4xx_hal_sd.c ****   }
 799:Drivers/STM32F4xx_HAL_Driver/Src/stm32f4xx_hal_sd.c **** 
 800:Drivers/STM32F4xx_HAL_Driver/Src/stm32f4xx_hal_sd.c ****   if(hsd->State == HAL_SD_STATE_READY)
 801:Drivers/STM32F4xx_HAL_Driver/Src/stm32f4xx_hal_sd.c ****   {
 802:Drivers/STM32F4xx_HAL_Driver/Src/stm32f4xx_hal_sd.c ****     hsd->ErrorCode = HAL_SD_ERROR_NONE;
 803:Drivers/STM32F4xx_HAL_Driver/Src/stm32f4xx_hal_sd.c **** 
 804:Drivers/STM32F4xx_HAL_Driver/Src/stm32f4xx_hal_sd.c ****     if((add + NumberOfBlocks) > (hsd->SdCard.LogBlockNbr))
 805:Drivers/STM32F4xx_HAL_Driver/Src/stm32f4xx_hal_sd.c ****     {
 806:Drivers/STM32F4xx_HAL_Driver/Src/stm32f4xx_hal_sd.c ****       hsd->ErrorCode |= HAL_SD_ERROR_ADDR_OUT_OF_RANGE;
 807:Drivers/STM32F4xx_HAL_Driver/Src/stm32f4xx_hal_sd.c ****       return HAL_ERROR;
 808:Drivers/STM32F4xx_HAL_Driver/Src/stm32f4xx_hal_sd.c ****     }
 809:Drivers/STM32F4xx_HAL_Driver/Src/stm32f4xx_hal_sd.c **** 
 810:Drivers/STM32F4xx_HAL_Driver/Src/stm32f4xx_hal_sd.c ****     hsd->State = HAL_SD_STATE_BUSY;
 811:Drivers/STM32F4xx_HAL_Driver/Src/stm32f4xx_hal_sd.c **** 
 812:Drivers/STM32F4xx_HAL_Driver/Src/stm32f4xx_hal_sd.c ****     /* Initialize data control register */
 813:Drivers/STM32F4xx_HAL_Driver/Src/stm32f4xx_hal_sd.c ****     hsd->Instance->DCTRL = 0U;
 814:Drivers/STM32F4xx_HAL_Driver/Src/stm32f4xx_hal_sd.c **** 
 815:Drivers/STM32F4xx_HAL_Driver/Src/stm32f4xx_hal_sd.c ****     if(hsd->SdCard.CardType != CARD_SDHC_SDXC)
 816:Drivers/STM32F4xx_HAL_Driver/Src/stm32f4xx_hal_sd.c ****     {
 817:Drivers/STM32F4xx_HAL_Driver/Src/stm32f4xx_hal_sd.c ****       add *= 512U;
 818:Drivers/STM32F4xx_HAL_Driver/Src/stm32f4xx_hal_sd.c ****     }
 819:Drivers/STM32F4xx_HAL_Driver/Src/stm32f4xx_hal_sd.c **** 
 820:Drivers/STM32F4xx_HAL_Driver/Src/stm32f4xx_hal_sd.c ****     /* Configure the SD DPSM (Data Path State Machine) */
 821:Drivers/STM32F4xx_HAL_Driver/Src/stm32f4xx_hal_sd.c ****     config.DataTimeOut   = SDMMC_DATATIMEOUT;
 822:Drivers/STM32F4xx_HAL_Driver/Src/stm32f4xx_hal_sd.c ****     config.DataLength    = NumberOfBlocks * BLOCKSIZE;
 823:Drivers/STM32F4xx_HAL_Driver/Src/stm32f4xx_hal_sd.c ****     config.DataBlockSize = SDIO_DATABLOCK_SIZE_512B;
 824:Drivers/STM32F4xx_HAL_Driver/Src/stm32f4xx_hal_sd.c ****     config.TransferDir   = SDIO_TRANSFER_DIR_TO_CARD;
 825:Drivers/STM32F4xx_HAL_Driver/Src/stm32f4xx_hal_sd.c ****     config.TransferMode  = SDIO_TRANSFER_MODE_BLOCK;
 826:Drivers/STM32F4xx_HAL_Driver/Src/stm32f4xx_hal_sd.c ****     config.DPSM          = SDIO_DPSM_ENABLE;
 827:Drivers/STM32F4xx_HAL_Driver/Src/stm32f4xx_hal_sd.c ****     (void)SDIO_ConfigData(hsd->Instance, &config);
 828:Drivers/STM32F4xx_HAL_Driver/Src/stm32f4xx_hal_sd.c **** 
ARM GAS  /tmp/ccnf9wtj.s 			page 16


 829:Drivers/STM32F4xx_HAL_Driver/Src/stm32f4xx_hal_sd.c ****     /* Write Blocks in Polling mode */
 830:Drivers/STM32F4xx_HAL_Driver/Src/stm32f4xx_hal_sd.c ****     if(NumberOfBlocks > 1U)
 831:Drivers/STM32F4xx_HAL_Driver/Src/stm32f4xx_hal_sd.c ****     {
 832:Drivers/STM32F4xx_HAL_Driver/Src/stm32f4xx_hal_sd.c ****       hsd->Context = SD_CONTEXT_WRITE_MULTIPLE_BLOCK;
 833:Drivers/STM32F4xx_HAL_Driver/Src/stm32f4xx_hal_sd.c **** 
 834:Drivers/STM32F4xx_HAL_Driver/Src/stm32f4xx_hal_sd.c ****       /* Write Multi Block command */
 835:Drivers/STM32F4xx_HAL_Driver/Src/stm32f4xx_hal_sd.c ****       errorstate = SDMMC_CmdWriteMultiBlock(hsd->Instance, add);
 836:Drivers/STM32F4xx_HAL_Driver/Src/stm32f4xx_hal_sd.c ****     }
 837:Drivers/STM32F4xx_HAL_Driver/Src/stm32f4xx_hal_sd.c ****     else
 838:Drivers/STM32F4xx_HAL_Driver/Src/stm32f4xx_hal_sd.c ****     {
 839:Drivers/STM32F4xx_HAL_Driver/Src/stm32f4xx_hal_sd.c ****       hsd->Context = SD_CONTEXT_WRITE_SINGLE_BLOCK;
 840:Drivers/STM32F4xx_HAL_Driver/Src/stm32f4xx_hal_sd.c **** 
 841:Drivers/STM32F4xx_HAL_Driver/Src/stm32f4xx_hal_sd.c ****       /* Write Single Block command */
 842:Drivers/STM32F4xx_HAL_Driver/Src/stm32f4xx_hal_sd.c ****       errorstate = SDMMC_CmdWriteSingleBlock(hsd->Instance, add);
 843:Drivers/STM32F4xx_HAL_Driver/Src/stm32f4xx_hal_sd.c ****     }
 844:Drivers/STM32F4xx_HAL_Driver/Src/stm32f4xx_hal_sd.c ****     if(errorstate != HAL_SD_ERROR_NONE)
 845:Drivers/STM32F4xx_HAL_Driver/Src/stm32f4xx_hal_sd.c ****     {
 846:Drivers/STM32F4xx_HAL_Driver/Src/stm32f4xx_hal_sd.c ****       /* Clear all the static flags */
 847:Drivers/STM32F4xx_HAL_Driver/Src/stm32f4xx_hal_sd.c ****       __HAL_SD_CLEAR_FLAG(hsd, SDIO_STATIC_FLAGS);
 848:Drivers/STM32F4xx_HAL_Driver/Src/stm32f4xx_hal_sd.c ****       hsd->ErrorCode |= errorstate;
 849:Drivers/STM32F4xx_HAL_Driver/Src/stm32f4xx_hal_sd.c ****       hsd->State = HAL_SD_STATE_READY;
 850:Drivers/STM32F4xx_HAL_Driver/Src/stm32f4xx_hal_sd.c ****       hsd->Context = SD_CONTEXT_NONE;
 851:Drivers/STM32F4xx_HAL_Driver/Src/stm32f4xx_hal_sd.c ****       return HAL_ERROR;
 852:Drivers/STM32F4xx_HAL_Driver/Src/stm32f4xx_hal_sd.c ****     }
 853:Drivers/STM32F4xx_HAL_Driver/Src/stm32f4xx_hal_sd.c **** 
 854:Drivers/STM32F4xx_HAL_Driver/Src/stm32f4xx_hal_sd.c ****     /* Write block(s) in polling mode */
 855:Drivers/STM32F4xx_HAL_Driver/Src/stm32f4xx_hal_sd.c ****     dataremaining = config.DataLength;
 856:Drivers/STM32F4xx_HAL_Driver/Src/stm32f4xx_hal_sd.c **** #if defined(SDIO_STA_STBITERR)
 857:Drivers/STM32F4xx_HAL_Driver/Src/stm32f4xx_hal_sd.c ****     while(!__HAL_SD_GET_FLAG(hsd, SDIO_FLAG_TXUNDERR | SDIO_FLAG_DCRCFAIL | SDIO_FLAG_DTIMEOUT | SD
 858:Drivers/STM32F4xx_HAL_Driver/Src/stm32f4xx_hal_sd.c **** #else /* SDIO_STA_STBITERR not defined */
 859:Drivers/STM32F4xx_HAL_Driver/Src/stm32f4xx_hal_sd.c ****     while(!__HAL_SD_GET_FLAG(hsd, SDIO_FLAG_TXUNDERR | SDIO_FLAG_DCRCFAIL | SDIO_FLAG_DTIMEOUT | SD
 860:Drivers/STM32F4xx_HAL_Driver/Src/stm32f4xx_hal_sd.c **** #endif /* SDIO_STA_STBITERR */
 861:Drivers/STM32F4xx_HAL_Driver/Src/stm32f4xx_hal_sd.c ****     {
 862:Drivers/STM32F4xx_HAL_Driver/Src/stm32f4xx_hal_sd.c ****       if(__HAL_SD_GET_FLAG(hsd, SDIO_FLAG_TXFIFOHE) && (dataremaining > 0U))
 863:Drivers/STM32F4xx_HAL_Driver/Src/stm32f4xx_hal_sd.c ****       {
 864:Drivers/STM32F4xx_HAL_Driver/Src/stm32f4xx_hal_sd.c ****         /* Write data to SDIO Tx FIFO */
 865:Drivers/STM32F4xx_HAL_Driver/Src/stm32f4xx_hal_sd.c ****         for(count = 0U; count < 8U; count++)
 866:Drivers/STM32F4xx_HAL_Driver/Src/stm32f4xx_hal_sd.c ****         {
 867:Drivers/STM32F4xx_HAL_Driver/Src/stm32f4xx_hal_sd.c ****           data = (uint32_t)(*tempbuff);
 868:Drivers/STM32F4xx_HAL_Driver/Src/stm32f4xx_hal_sd.c ****           tempbuff++;
 869:Drivers/STM32F4xx_HAL_Driver/Src/stm32f4xx_hal_sd.c ****           dataremaining--;
 870:Drivers/STM32F4xx_HAL_Driver/Src/stm32f4xx_hal_sd.c ****           data |= ((uint32_t)(*tempbuff) << 8U);
 871:Drivers/STM32F4xx_HAL_Driver/Src/stm32f4xx_hal_sd.c ****           tempbuff++;
 872:Drivers/STM32F4xx_HAL_Driver/Src/stm32f4xx_hal_sd.c ****           dataremaining--;
 873:Drivers/STM32F4xx_HAL_Driver/Src/stm32f4xx_hal_sd.c ****           data |= ((uint32_t)(*tempbuff) << 16U);
 874:Drivers/STM32F4xx_HAL_Driver/Src/stm32f4xx_hal_sd.c ****           tempbuff++;
 875:Drivers/STM32F4xx_HAL_Driver/Src/stm32f4xx_hal_sd.c ****           dataremaining--;
 876:Drivers/STM32F4xx_HAL_Driver/Src/stm32f4xx_hal_sd.c ****           data |= ((uint32_t)(*tempbuff) << 24U);
 877:Drivers/STM32F4xx_HAL_Driver/Src/stm32f4xx_hal_sd.c ****           tempbuff++;
 878:Drivers/STM32F4xx_HAL_Driver/Src/stm32f4xx_hal_sd.c ****           dataremaining--;
 879:Drivers/STM32F4xx_HAL_Driver/Src/stm32f4xx_hal_sd.c ****           (void)SDIO_WriteFIFO(hsd->Instance, &data);
 880:Drivers/STM32F4xx_HAL_Driver/Src/stm32f4xx_hal_sd.c ****         }
 881:Drivers/STM32F4xx_HAL_Driver/Src/stm32f4xx_hal_sd.c ****       }
 882:Drivers/STM32F4xx_HAL_Driver/Src/stm32f4xx_hal_sd.c **** 
 883:Drivers/STM32F4xx_HAL_Driver/Src/stm32f4xx_hal_sd.c ****       if(((HAL_GetTick()-tickstart) >=  Timeout) || (Timeout == 0U))
 884:Drivers/STM32F4xx_HAL_Driver/Src/stm32f4xx_hal_sd.c ****       {
 885:Drivers/STM32F4xx_HAL_Driver/Src/stm32f4xx_hal_sd.c ****         /* Clear all the static flags */
ARM GAS  /tmp/ccnf9wtj.s 			page 17


 886:Drivers/STM32F4xx_HAL_Driver/Src/stm32f4xx_hal_sd.c ****         __HAL_SD_CLEAR_FLAG(hsd, SDIO_STATIC_FLAGS);
 887:Drivers/STM32F4xx_HAL_Driver/Src/stm32f4xx_hal_sd.c ****         hsd->ErrorCode |= errorstate;
 888:Drivers/STM32F4xx_HAL_Driver/Src/stm32f4xx_hal_sd.c ****         hsd->State = HAL_SD_STATE_READY;
 889:Drivers/STM32F4xx_HAL_Driver/Src/stm32f4xx_hal_sd.c ****         hsd->Context = SD_CONTEXT_NONE;
 890:Drivers/STM32F4xx_HAL_Driver/Src/stm32f4xx_hal_sd.c ****         return HAL_TIMEOUT;
 891:Drivers/STM32F4xx_HAL_Driver/Src/stm32f4xx_hal_sd.c ****       }
 892:Drivers/STM32F4xx_HAL_Driver/Src/stm32f4xx_hal_sd.c ****     }
 893:Drivers/STM32F4xx_HAL_Driver/Src/stm32f4xx_hal_sd.c **** 
 894:Drivers/STM32F4xx_HAL_Driver/Src/stm32f4xx_hal_sd.c ****     /* Send stop transmission command in case of multiblock write */
 895:Drivers/STM32F4xx_HAL_Driver/Src/stm32f4xx_hal_sd.c ****     if(__HAL_SD_GET_FLAG(hsd, SDIO_FLAG_DATAEND) && (NumberOfBlocks > 1U))
 896:Drivers/STM32F4xx_HAL_Driver/Src/stm32f4xx_hal_sd.c ****     {
 897:Drivers/STM32F4xx_HAL_Driver/Src/stm32f4xx_hal_sd.c ****       if(hsd->SdCard.CardType != CARD_SECURED)
 898:Drivers/STM32F4xx_HAL_Driver/Src/stm32f4xx_hal_sd.c ****       {
 899:Drivers/STM32F4xx_HAL_Driver/Src/stm32f4xx_hal_sd.c ****         /* Send stop transmission command */
 900:Drivers/STM32F4xx_HAL_Driver/Src/stm32f4xx_hal_sd.c ****         errorstate = SDMMC_CmdStopTransfer(hsd->Instance);
 901:Drivers/STM32F4xx_HAL_Driver/Src/stm32f4xx_hal_sd.c ****         if(errorstate != HAL_SD_ERROR_NONE)
 902:Drivers/STM32F4xx_HAL_Driver/Src/stm32f4xx_hal_sd.c ****         {
 903:Drivers/STM32F4xx_HAL_Driver/Src/stm32f4xx_hal_sd.c ****           /* Clear all the static flags */
 904:Drivers/STM32F4xx_HAL_Driver/Src/stm32f4xx_hal_sd.c ****           __HAL_SD_CLEAR_FLAG(hsd, SDIO_STATIC_FLAGS);
 905:Drivers/STM32F4xx_HAL_Driver/Src/stm32f4xx_hal_sd.c ****           hsd->ErrorCode |= errorstate;
 906:Drivers/STM32F4xx_HAL_Driver/Src/stm32f4xx_hal_sd.c ****           hsd->State = HAL_SD_STATE_READY;
 907:Drivers/STM32F4xx_HAL_Driver/Src/stm32f4xx_hal_sd.c ****           hsd->Context = SD_CONTEXT_NONE;
 908:Drivers/STM32F4xx_HAL_Driver/Src/stm32f4xx_hal_sd.c ****           return HAL_ERROR;
 909:Drivers/STM32F4xx_HAL_Driver/Src/stm32f4xx_hal_sd.c ****         }
 910:Drivers/STM32F4xx_HAL_Driver/Src/stm32f4xx_hal_sd.c ****       }
 911:Drivers/STM32F4xx_HAL_Driver/Src/stm32f4xx_hal_sd.c ****     }
 912:Drivers/STM32F4xx_HAL_Driver/Src/stm32f4xx_hal_sd.c **** 
 913:Drivers/STM32F4xx_HAL_Driver/Src/stm32f4xx_hal_sd.c ****     /* Get error state */
 914:Drivers/STM32F4xx_HAL_Driver/Src/stm32f4xx_hal_sd.c ****     if(__HAL_SD_GET_FLAG(hsd, SDIO_FLAG_DTIMEOUT))
 915:Drivers/STM32F4xx_HAL_Driver/Src/stm32f4xx_hal_sd.c ****     {
 916:Drivers/STM32F4xx_HAL_Driver/Src/stm32f4xx_hal_sd.c ****       /* Clear all the static flags */
 917:Drivers/STM32F4xx_HAL_Driver/Src/stm32f4xx_hal_sd.c ****       __HAL_SD_CLEAR_FLAG(hsd, SDIO_STATIC_FLAGS);
 918:Drivers/STM32F4xx_HAL_Driver/Src/stm32f4xx_hal_sd.c ****       hsd->ErrorCode |= HAL_SD_ERROR_DATA_TIMEOUT;
 919:Drivers/STM32F4xx_HAL_Driver/Src/stm32f4xx_hal_sd.c ****       hsd->State = HAL_SD_STATE_READY;
 920:Drivers/STM32F4xx_HAL_Driver/Src/stm32f4xx_hal_sd.c ****       hsd->Context = SD_CONTEXT_NONE;
 921:Drivers/STM32F4xx_HAL_Driver/Src/stm32f4xx_hal_sd.c ****       return HAL_ERROR;
 922:Drivers/STM32F4xx_HAL_Driver/Src/stm32f4xx_hal_sd.c ****     }
 923:Drivers/STM32F4xx_HAL_Driver/Src/stm32f4xx_hal_sd.c ****     else if(__HAL_SD_GET_FLAG(hsd, SDIO_FLAG_DCRCFAIL))
 924:Drivers/STM32F4xx_HAL_Driver/Src/stm32f4xx_hal_sd.c ****     {
 925:Drivers/STM32F4xx_HAL_Driver/Src/stm32f4xx_hal_sd.c ****       /* Clear all the static flags */
 926:Drivers/STM32F4xx_HAL_Driver/Src/stm32f4xx_hal_sd.c ****       __HAL_SD_CLEAR_FLAG(hsd, SDIO_STATIC_FLAGS);
 927:Drivers/STM32F4xx_HAL_Driver/Src/stm32f4xx_hal_sd.c ****       hsd->ErrorCode |= HAL_SD_ERROR_DATA_CRC_FAIL;
 928:Drivers/STM32F4xx_HAL_Driver/Src/stm32f4xx_hal_sd.c ****       hsd->State = HAL_SD_STATE_READY;
 929:Drivers/STM32F4xx_HAL_Driver/Src/stm32f4xx_hal_sd.c ****       hsd->Context = SD_CONTEXT_NONE;
 930:Drivers/STM32F4xx_HAL_Driver/Src/stm32f4xx_hal_sd.c ****       return HAL_ERROR;
 931:Drivers/STM32F4xx_HAL_Driver/Src/stm32f4xx_hal_sd.c ****     }
 932:Drivers/STM32F4xx_HAL_Driver/Src/stm32f4xx_hal_sd.c ****     else if(__HAL_SD_GET_FLAG(hsd, SDIO_FLAG_TXUNDERR))
 933:Drivers/STM32F4xx_HAL_Driver/Src/stm32f4xx_hal_sd.c ****     {
 934:Drivers/STM32F4xx_HAL_Driver/Src/stm32f4xx_hal_sd.c ****       /* Clear all the static flags */
 935:Drivers/STM32F4xx_HAL_Driver/Src/stm32f4xx_hal_sd.c ****       __HAL_SD_CLEAR_FLAG(hsd, SDIO_STATIC_FLAGS);
 936:Drivers/STM32F4xx_HAL_Driver/Src/stm32f4xx_hal_sd.c ****       hsd->ErrorCode |= HAL_SD_ERROR_TX_UNDERRUN;
 937:Drivers/STM32F4xx_HAL_Driver/Src/stm32f4xx_hal_sd.c ****       hsd->State = HAL_SD_STATE_READY;
 938:Drivers/STM32F4xx_HAL_Driver/Src/stm32f4xx_hal_sd.c ****       hsd->Context = SD_CONTEXT_NONE;
 939:Drivers/STM32F4xx_HAL_Driver/Src/stm32f4xx_hal_sd.c ****       return HAL_ERROR;
 940:Drivers/STM32F4xx_HAL_Driver/Src/stm32f4xx_hal_sd.c ****     }
 941:Drivers/STM32F4xx_HAL_Driver/Src/stm32f4xx_hal_sd.c ****     else
 942:Drivers/STM32F4xx_HAL_Driver/Src/stm32f4xx_hal_sd.c ****     {
ARM GAS  /tmp/ccnf9wtj.s 			page 18


 943:Drivers/STM32F4xx_HAL_Driver/Src/stm32f4xx_hal_sd.c ****       /* Nothing to do */
 944:Drivers/STM32F4xx_HAL_Driver/Src/stm32f4xx_hal_sd.c ****     }
 945:Drivers/STM32F4xx_HAL_Driver/Src/stm32f4xx_hal_sd.c **** 
 946:Drivers/STM32F4xx_HAL_Driver/Src/stm32f4xx_hal_sd.c ****     /* Clear all the static flags */
 947:Drivers/STM32F4xx_HAL_Driver/Src/stm32f4xx_hal_sd.c ****     __HAL_SD_CLEAR_FLAG(hsd, SDIO_STATIC_DATA_FLAGS);
 948:Drivers/STM32F4xx_HAL_Driver/Src/stm32f4xx_hal_sd.c **** 
 949:Drivers/STM32F4xx_HAL_Driver/Src/stm32f4xx_hal_sd.c ****     hsd->State = HAL_SD_STATE_READY;
 950:Drivers/STM32F4xx_HAL_Driver/Src/stm32f4xx_hal_sd.c **** 
 951:Drivers/STM32F4xx_HAL_Driver/Src/stm32f4xx_hal_sd.c ****     return HAL_OK;
 952:Drivers/STM32F4xx_HAL_Driver/Src/stm32f4xx_hal_sd.c ****   }
 953:Drivers/STM32F4xx_HAL_Driver/Src/stm32f4xx_hal_sd.c ****   else
 954:Drivers/STM32F4xx_HAL_Driver/Src/stm32f4xx_hal_sd.c ****   {
 955:Drivers/STM32F4xx_HAL_Driver/Src/stm32f4xx_hal_sd.c ****     hsd->ErrorCode |= HAL_SD_ERROR_BUSY;
 956:Drivers/STM32F4xx_HAL_Driver/Src/stm32f4xx_hal_sd.c ****     return HAL_ERROR;
 957:Drivers/STM32F4xx_HAL_Driver/Src/stm32f4xx_hal_sd.c ****   }
 958:Drivers/STM32F4xx_HAL_Driver/Src/stm32f4xx_hal_sd.c **** }
 959:Drivers/STM32F4xx_HAL_Driver/Src/stm32f4xx_hal_sd.c **** 
 960:Drivers/STM32F4xx_HAL_Driver/Src/stm32f4xx_hal_sd.c **** /**
 961:Drivers/STM32F4xx_HAL_Driver/Src/stm32f4xx_hal_sd.c ****   * @brief  Reads block(s) from a specified address in a card. The Data transfer
 962:Drivers/STM32F4xx_HAL_Driver/Src/stm32f4xx_hal_sd.c ****   *         is managed in interrupt mode.
 963:Drivers/STM32F4xx_HAL_Driver/Src/stm32f4xx_hal_sd.c ****   * @note   This API should be followed by a check on the card state through
 964:Drivers/STM32F4xx_HAL_Driver/Src/stm32f4xx_hal_sd.c ****   *         HAL_SD_GetCardState().
 965:Drivers/STM32F4xx_HAL_Driver/Src/stm32f4xx_hal_sd.c ****   * @note   You could also check the IT transfer process through the SD Rx
 966:Drivers/STM32F4xx_HAL_Driver/Src/stm32f4xx_hal_sd.c ****   *         interrupt event.
 967:Drivers/STM32F4xx_HAL_Driver/Src/stm32f4xx_hal_sd.c ****   * @param  hsd: Pointer to SD handle
 968:Drivers/STM32F4xx_HAL_Driver/Src/stm32f4xx_hal_sd.c ****   * @param  pData: Pointer to the buffer that will contain the received data
 969:Drivers/STM32F4xx_HAL_Driver/Src/stm32f4xx_hal_sd.c ****   * @param  BlockAdd: Block Address from where data is to be read
 970:Drivers/STM32F4xx_HAL_Driver/Src/stm32f4xx_hal_sd.c ****   * @param  NumberOfBlocks: Number of blocks to read.
 971:Drivers/STM32F4xx_HAL_Driver/Src/stm32f4xx_hal_sd.c ****   * @retval HAL status
 972:Drivers/STM32F4xx_HAL_Driver/Src/stm32f4xx_hal_sd.c ****   */
 973:Drivers/STM32F4xx_HAL_Driver/Src/stm32f4xx_hal_sd.c **** HAL_StatusTypeDef HAL_SD_ReadBlocks_IT(SD_HandleTypeDef *hsd, uint8_t *pData, uint32_t BlockAdd, ui
 974:Drivers/STM32F4xx_HAL_Driver/Src/stm32f4xx_hal_sd.c **** {
 975:Drivers/STM32F4xx_HAL_Driver/Src/stm32f4xx_hal_sd.c ****   SDIO_DataInitTypeDef config;
 976:Drivers/STM32F4xx_HAL_Driver/Src/stm32f4xx_hal_sd.c ****   uint32_t errorstate;
 977:Drivers/STM32F4xx_HAL_Driver/Src/stm32f4xx_hal_sd.c ****   uint32_t add = BlockAdd;
 978:Drivers/STM32F4xx_HAL_Driver/Src/stm32f4xx_hal_sd.c **** 
 979:Drivers/STM32F4xx_HAL_Driver/Src/stm32f4xx_hal_sd.c ****   if(NULL == pData)
 980:Drivers/STM32F4xx_HAL_Driver/Src/stm32f4xx_hal_sd.c ****   {
 981:Drivers/STM32F4xx_HAL_Driver/Src/stm32f4xx_hal_sd.c ****     hsd->ErrorCode |= HAL_SD_ERROR_PARAM;
 982:Drivers/STM32F4xx_HAL_Driver/Src/stm32f4xx_hal_sd.c ****     return HAL_ERROR;
 983:Drivers/STM32F4xx_HAL_Driver/Src/stm32f4xx_hal_sd.c ****   }
 984:Drivers/STM32F4xx_HAL_Driver/Src/stm32f4xx_hal_sd.c **** 
 985:Drivers/STM32F4xx_HAL_Driver/Src/stm32f4xx_hal_sd.c ****   if(hsd->State == HAL_SD_STATE_READY)
 986:Drivers/STM32F4xx_HAL_Driver/Src/stm32f4xx_hal_sd.c ****   {
 987:Drivers/STM32F4xx_HAL_Driver/Src/stm32f4xx_hal_sd.c ****     hsd->ErrorCode = HAL_SD_ERROR_NONE;
 988:Drivers/STM32F4xx_HAL_Driver/Src/stm32f4xx_hal_sd.c **** 
 989:Drivers/STM32F4xx_HAL_Driver/Src/stm32f4xx_hal_sd.c ****     if((add + NumberOfBlocks) > (hsd->SdCard.LogBlockNbr))
 990:Drivers/STM32F4xx_HAL_Driver/Src/stm32f4xx_hal_sd.c ****     {
 991:Drivers/STM32F4xx_HAL_Driver/Src/stm32f4xx_hal_sd.c ****       hsd->ErrorCode |= HAL_SD_ERROR_ADDR_OUT_OF_RANGE;
 992:Drivers/STM32F4xx_HAL_Driver/Src/stm32f4xx_hal_sd.c ****       return HAL_ERROR;
 993:Drivers/STM32F4xx_HAL_Driver/Src/stm32f4xx_hal_sd.c ****     }
 994:Drivers/STM32F4xx_HAL_Driver/Src/stm32f4xx_hal_sd.c **** 
 995:Drivers/STM32F4xx_HAL_Driver/Src/stm32f4xx_hal_sd.c ****     hsd->State = HAL_SD_STATE_BUSY;
 996:Drivers/STM32F4xx_HAL_Driver/Src/stm32f4xx_hal_sd.c **** 
 997:Drivers/STM32F4xx_HAL_Driver/Src/stm32f4xx_hal_sd.c ****     /* Initialize data control register */
 998:Drivers/STM32F4xx_HAL_Driver/Src/stm32f4xx_hal_sd.c ****     hsd->Instance->DCTRL = 0U;
 999:Drivers/STM32F4xx_HAL_Driver/Src/stm32f4xx_hal_sd.c **** 
ARM GAS  /tmp/ccnf9wtj.s 			page 19


1000:Drivers/STM32F4xx_HAL_Driver/Src/stm32f4xx_hal_sd.c ****     hsd->pRxBuffPtr = pData;
1001:Drivers/STM32F4xx_HAL_Driver/Src/stm32f4xx_hal_sd.c ****     hsd->RxXferSize = BLOCKSIZE * NumberOfBlocks;
1002:Drivers/STM32F4xx_HAL_Driver/Src/stm32f4xx_hal_sd.c **** 
1003:Drivers/STM32F4xx_HAL_Driver/Src/stm32f4xx_hal_sd.c **** #if defined(SDIO_STA_STBITERR)
1004:Drivers/STM32F4xx_HAL_Driver/Src/stm32f4xx_hal_sd.c ****     __HAL_SD_ENABLE_IT(hsd, (SDIO_IT_DCRCFAIL | SDIO_IT_DTIMEOUT | SDIO_IT_RXOVERR | SDIO_IT_DATAEN
1005:Drivers/STM32F4xx_HAL_Driver/Src/stm32f4xx_hal_sd.c **** #else /* SDIO_STA_STBITERR not defined */
1006:Drivers/STM32F4xx_HAL_Driver/Src/stm32f4xx_hal_sd.c ****     __HAL_SD_ENABLE_IT(hsd, (SDIO_IT_DCRCFAIL | SDIO_IT_DTIMEOUT | SDIO_IT_RXOVERR | SDIO_IT_DATAEN
1007:Drivers/STM32F4xx_HAL_Driver/Src/stm32f4xx_hal_sd.c **** #endif /* SDIO_STA_STBITERR */
1008:Drivers/STM32F4xx_HAL_Driver/Src/stm32f4xx_hal_sd.c **** 
1009:Drivers/STM32F4xx_HAL_Driver/Src/stm32f4xx_hal_sd.c ****     if(hsd->SdCard.CardType != CARD_SDHC_SDXC)
1010:Drivers/STM32F4xx_HAL_Driver/Src/stm32f4xx_hal_sd.c ****     {
1011:Drivers/STM32F4xx_HAL_Driver/Src/stm32f4xx_hal_sd.c ****       add *= 512U;
1012:Drivers/STM32F4xx_HAL_Driver/Src/stm32f4xx_hal_sd.c ****     }
1013:Drivers/STM32F4xx_HAL_Driver/Src/stm32f4xx_hal_sd.c **** 
1014:Drivers/STM32F4xx_HAL_Driver/Src/stm32f4xx_hal_sd.c ****     /* Configure the SD DPSM (Data Path State Machine) */
1015:Drivers/STM32F4xx_HAL_Driver/Src/stm32f4xx_hal_sd.c ****     config.DataTimeOut   = SDMMC_DATATIMEOUT;
1016:Drivers/STM32F4xx_HAL_Driver/Src/stm32f4xx_hal_sd.c ****     config.DataLength    = BLOCKSIZE * NumberOfBlocks;
1017:Drivers/STM32F4xx_HAL_Driver/Src/stm32f4xx_hal_sd.c ****     config.DataBlockSize = SDIO_DATABLOCK_SIZE_512B;
1018:Drivers/STM32F4xx_HAL_Driver/Src/stm32f4xx_hal_sd.c ****     config.TransferDir   = SDIO_TRANSFER_DIR_TO_SDIO;
1019:Drivers/STM32F4xx_HAL_Driver/Src/stm32f4xx_hal_sd.c ****     config.TransferMode  = SDIO_TRANSFER_MODE_BLOCK;
1020:Drivers/STM32F4xx_HAL_Driver/Src/stm32f4xx_hal_sd.c ****     config.DPSM          = SDIO_DPSM_ENABLE;
1021:Drivers/STM32F4xx_HAL_Driver/Src/stm32f4xx_hal_sd.c ****     (void)SDIO_ConfigData(hsd->Instance, &config);
1022:Drivers/STM32F4xx_HAL_Driver/Src/stm32f4xx_hal_sd.c **** 
1023:Drivers/STM32F4xx_HAL_Driver/Src/stm32f4xx_hal_sd.c ****     /* Read Blocks in IT mode */
1024:Drivers/STM32F4xx_HAL_Driver/Src/stm32f4xx_hal_sd.c ****     if(NumberOfBlocks > 1U)
1025:Drivers/STM32F4xx_HAL_Driver/Src/stm32f4xx_hal_sd.c ****     {
1026:Drivers/STM32F4xx_HAL_Driver/Src/stm32f4xx_hal_sd.c ****       hsd->Context = (SD_CONTEXT_READ_MULTIPLE_BLOCK | SD_CONTEXT_IT);
1027:Drivers/STM32F4xx_HAL_Driver/Src/stm32f4xx_hal_sd.c **** 
1028:Drivers/STM32F4xx_HAL_Driver/Src/stm32f4xx_hal_sd.c ****       /* Read Multi Block command */
1029:Drivers/STM32F4xx_HAL_Driver/Src/stm32f4xx_hal_sd.c ****       errorstate = SDMMC_CmdReadMultiBlock(hsd->Instance, add);
1030:Drivers/STM32F4xx_HAL_Driver/Src/stm32f4xx_hal_sd.c ****     }
1031:Drivers/STM32F4xx_HAL_Driver/Src/stm32f4xx_hal_sd.c ****     else
1032:Drivers/STM32F4xx_HAL_Driver/Src/stm32f4xx_hal_sd.c ****     {
1033:Drivers/STM32F4xx_HAL_Driver/Src/stm32f4xx_hal_sd.c ****       hsd->Context = (SD_CONTEXT_READ_SINGLE_BLOCK | SD_CONTEXT_IT);
1034:Drivers/STM32F4xx_HAL_Driver/Src/stm32f4xx_hal_sd.c **** 
1035:Drivers/STM32F4xx_HAL_Driver/Src/stm32f4xx_hal_sd.c ****       /* Read Single Block command */
1036:Drivers/STM32F4xx_HAL_Driver/Src/stm32f4xx_hal_sd.c ****       errorstate = SDMMC_CmdReadSingleBlock(hsd->Instance, add);
1037:Drivers/STM32F4xx_HAL_Driver/Src/stm32f4xx_hal_sd.c ****     }
1038:Drivers/STM32F4xx_HAL_Driver/Src/stm32f4xx_hal_sd.c ****     if(errorstate != HAL_SD_ERROR_NONE)
1039:Drivers/STM32F4xx_HAL_Driver/Src/stm32f4xx_hal_sd.c ****     {
1040:Drivers/STM32F4xx_HAL_Driver/Src/stm32f4xx_hal_sd.c ****       /* Clear all the static flags */
1041:Drivers/STM32F4xx_HAL_Driver/Src/stm32f4xx_hal_sd.c ****       __HAL_SD_CLEAR_FLAG(hsd, SDIO_STATIC_FLAGS);
1042:Drivers/STM32F4xx_HAL_Driver/Src/stm32f4xx_hal_sd.c ****       hsd->ErrorCode |= errorstate;
1043:Drivers/STM32F4xx_HAL_Driver/Src/stm32f4xx_hal_sd.c ****       hsd->State = HAL_SD_STATE_READY;
1044:Drivers/STM32F4xx_HAL_Driver/Src/stm32f4xx_hal_sd.c ****       hsd->Context = SD_CONTEXT_NONE;
1045:Drivers/STM32F4xx_HAL_Driver/Src/stm32f4xx_hal_sd.c ****       return HAL_ERROR;
1046:Drivers/STM32F4xx_HAL_Driver/Src/stm32f4xx_hal_sd.c ****     }
1047:Drivers/STM32F4xx_HAL_Driver/Src/stm32f4xx_hal_sd.c **** 
1048:Drivers/STM32F4xx_HAL_Driver/Src/stm32f4xx_hal_sd.c ****     return HAL_OK;
1049:Drivers/STM32F4xx_HAL_Driver/Src/stm32f4xx_hal_sd.c ****   }
1050:Drivers/STM32F4xx_HAL_Driver/Src/stm32f4xx_hal_sd.c ****   else
1051:Drivers/STM32F4xx_HAL_Driver/Src/stm32f4xx_hal_sd.c ****   {
1052:Drivers/STM32F4xx_HAL_Driver/Src/stm32f4xx_hal_sd.c ****     return HAL_BUSY;
1053:Drivers/STM32F4xx_HAL_Driver/Src/stm32f4xx_hal_sd.c ****   }
1054:Drivers/STM32F4xx_HAL_Driver/Src/stm32f4xx_hal_sd.c **** }
1055:Drivers/STM32F4xx_HAL_Driver/Src/stm32f4xx_hal_sd.c **** 
1056:Drivers/STM32F4xx_HAL_Driver/Src/stm32f4xx_hal_sd.c **** /**
ARM GAS  /tmp/ccnf9wtj.s 			page 20


1057:Drivers/STM32F4xx_HAL_Driver/Src/stm32f4xx_hal_sd.c ****   * @brief  Writes block(s) to a specified address in a card. The Data transfer
1058:Drivers/STM32F4xx_HAL_Driver/Src/stm32f4xx_hal_sd.c ****   *         is managed in interrupt mode.
1059:Drivers/STM32F4xx_HAL_Driver/Src/stm32f4xx_hal_sd.c ****   * @note   This API should be followed by a check on the card state through
1060:Drivers/STM32F4xx_HAL_Driver/Src/stm32f4xx_hal_sd.c ****   *         HAL_SD_GetCardState().
1061:Drivers/STM32F4xx_HAL_Driver/Src/stm32f4xx_hal_sd.c ****   * @note   You could also check the IT transfer process through the SD Tx
1062:Drivers/STM32F4xx_HAL_Driver/Src/stm32f4xx_hal_sd.c ****   *         interrupt event.
1063:Drivers/STM32F4xx_HAL_Driver/Src/stm32f4xx_hal_sd.c ****   * @param  hsd: Pointer to SD handle
1064:Drivers/STM32F4xx_HAL_Driver/Src/stm32f4xx_hal_sd.c ****   * @param  pData: Pointer to the buffer that will contain the data to transmit
1065:Drivers/STM32F4xx_HAL_Driver/Src/stm32f4xx_hal_sd.c ****   * @param  BlockAdd: Block Address where data will be written
1066:Drivers/STM32F4xx_HAL_Driver/Src/stm32f4xx_hal_sd.c ****   * @param  NumberOfBlocks: Number of blocks to write
1067:Drivers/STM32F4xx_HAL_Driver/Src/stm32f4xx_hal_sd.c ****   * @retval HAL status
1068:Drivers/STM32F4xx_HAL_Driver/Src/stm32f4xx_hal_sd.c ****   */
1069:Drivers/STM32F4xx_HAL_Driver/Src/stm32f4xx_hal_sd.c **** HAL_StatusTypeDef HAL_SD_WriteBlocks_IT(SD_HandleTypeDef *hsd, uint8_t *pData, uint32_t BlockAdd, u
1070:Drivers/STM32F4xx_HAL_Driver/Src/stm32f4xx_hal_sd.c **** {
1071:Drivers/STM32F4xx_HAL_Driver/Src/stm32f4xx_hal_sd.c ****   SDIO_DataInitTypeDef config;
1072:Drivers/STM32F4xx_HAL_Driver/Src/stm32f4xx_hal_sd.c ****   uint32_t errorstate;
1073:Drivers/STM32F4xx_HAL_Driver/Src/stm32f4xx_hal_sd.c ****   uint32_t add = BlockAdd;
1074:Drivers/STM32F4xx_HAL_Driver/Src/stm32f4xx_hal_sd.c **** 
1075:Drivers/STM32F4xx_HAL_Driver/Src/stm32f4xx_hal_sd.c ****   if(NULL == pData)
1076:Drivers/STM32F4xx_HAL_Driver/Src/stm32f4xx_hal_sd.c ****   {
1077:Drivers/STM32F4xx_HAL_Driver/Src/stm32f4xx_hal_sd.c ****     hsd->ErrorCode |= HAL_SD_ERROR_PARAM;
1078:Drivers/STM32F4xx_HAL_Driver/Src/stm32f4xx_hal_sd.c ****     return HAL_ERROR;
1079:Drivers/STM32F4xx_HAL_Driver/Src/stm32f4xx_hal_sd.c ****   }
1080:Drivers/STM32F4xx_HAL_Driver/Src/stm32f4xx_hal_sd.c **** 
1081:Drivers/STM32F4xx_HAL_Driver/Src/stm32f4xx_hal_sd.c ****   if(hsd->State == HAL_SD_STATE_READY)
1082:Drivers/STM32F4xx_HAL_Driver/Src/stm32f4xx_hal_sd.c ****   {
1083:Drivers/STM32F4xx_HAL_Driver/Src/stm32f4xx_hal_sd.c ****     hsd->ErrorCode = HAL_SD_ERROR_NONE;
1084:Drivers/STM32F4xx_HAL_Driver/Src/stm32f4xx_hal_sd.c **** 
1085:Drivers/STM32F4xx_HAL_Driver/Src/stm32f4xx_hal_sd.c ****     if((add + NumberOfBlocks) > (hsd->SdCard.LogBlockNbr))
1086:Drivers/STM32F4xx_HAL_Driver/Src/stm32f4xx_hal_sd.c ****     {
1087:Drivers/STM32F4xx_HAL_Driver/Src/stm32f4xx_hal_sd.c ****       hsd->ErrorCode |= HAL_SD_ERROR_ADDR_OUT_OF_RANGE;
1088:Drivers/STM32F4xx_HAL_Driver/Src/stm32f4xx_hal_sd.c ****       return HAL_ERROR;
1089:Drivers/STM32F4xx_HAL_Driver/Src/stm32f4xx_hal_sd.c ****     }
1090:Drivers/STM32F4xx_HAL_Driver/Src/stm32f4xx_hal_sd.c **** 
1091:Drivers/STM32F4xx_HAL_Driver/Src/stm32f4xx_hal_sd.c ****     hsd->State = HAL_SD_STATE_BUSY;
1092:Drivers/STM32F4xx_HAL_Driver/Src/stm32f4xx_hal_sd.c **** 
1093:Drivers/STM32F4xx_HAL_Driver/Src/stm32f4xx_hal_sd.c ****     /* Initialize data control register */
1094:Drivers/STM32F4xx_HAL_Driver/Src/stm32f4xx_hal_sd.c ****     hsd->Instance->DCTRL = 0U;
1095:Drivers/STM32F4xx_HAL_Driver/Src/stm32f4xx_hal_sd.c **** 
1096:Drivers/STM32F4xx_HAL_Driver/Src/stm32f4xx_hal_sd.c ****     hsd->pTxBuffPtr = pData;
1097:Drivers/STM32F4xx_HAL_Driver/Src/stm32f4xx_hal_sd.c ****     hsd->TxXferSize = BLOCKSIZE * NumberOfBlocks;
1098:Drivers/STM32F4xx_HAL_Driver/Src/stm32f4xx_hal_sd.c **** 
1099:Drivers/STM32F4xx_HAL_Driver/Src/stm32f4xx_hal_sd.c ****     /* Enable transfer interrupts */
1100:Drivers/STM32F4xx_HAL_Driver/Src/stm32f4xx_hal_sd.c **** #if defined(SDIO_STA_STBITERR)
1101:Drivers/STM32F4xx_HAL_Driver/Src/stm32f4xx_hal_sd.c ****     __HAL_SD_ENABLE_IT(hsd, (SDIO_IT_DCRCFAIL | SDIO_IT_DTIMEOUT | SDIO_IT_TXUNDERR | SDIO_IT_DATAE
1102:Drivers/STM32F4xx_HAL_Driver/Src/stm32f4xx_hal_sd.c **** #else /* SDIO_STA_STBITERR not defined */
1103:Drivers/STM32F4xx_HAL_Driver/Src/stm32f4xx_hal_sd.c ****     __HAL_SD_ENABLE_IT(hsd, (SDIO_IT_DCRCFAIL | SDIO_IT_DTIMEOUT | SDIO_IT_TXUNDERR | SDIO_IT_DATAE
1104:Drivers/STM32F4xx_HAL_Driver/Src/stm32f4xx_hal_sd.c **** #endif /* SDIO_STA_STBITERR */
1105:Drivers/STM32F4xx_HAL_Driver/Src/stm32f4xx_hal_sd.c **** 
1106:Drivers/STM32F4xx_HAL_Driver/Src/stm32f4xx_hal_sd.c ****     if(hsd->SdCard.CardType != CARD_SDHC_SDXC)
1107:Drivers/STM32F4xx_HAL_Driver/Src/stm32f4xx_hal_sd.c ****     {
1108:Drivers/STM32F4xx_HAL_Driver/Src/stm32f4xx_hal_sd.c ****       add *= 512U;
1109:Drivers/STM32F4xx_HAL_Driver/Src/stm32f4xx_hal_sd.c ****     }
1110:Drivers/STM32F4xx_HAL_Driver/Src/stm32f4xx_hal_sd.c **** 
1111:Drivers/STM32F4xx_HAL_Driver/Src/stm32f4xx_hal_sd.c ****     /* Write Blocks in Polling mode */
1112:Drivers/STM32F4xx_HAL_Driver/Src/stm32f4xx_hal_sd.c ****     if(NumberOfBlocks > 1U)
1113:Drivers/STM32F4xx_HAL_Driver/Src/stm32f4xx_hal_sd.c ****     {
ARM GAS  /tmp/ccnf9wtj.s 			page 21


1114:Drivers/STM32F4xx_HAL_Driver/Src/stm32f4xx_hal_sd.c ****       hsd->Context = (SD_CONTEXT_WRITE_MULTIPLE_BLOCK| SD_CONTEXT_IT);
1115:Drivers/STM32F4xx_HAL_Driver/Src/stm32f4xx_hal_sd.c **** 
1116:Drivers/STM32F4xx_HAL_Driver/Src/stm32f4xx_hal_sd.c ****       /* Write Multi Block command */
1117:Drivers/STM32F4xx_HAL_Driver/Src/stm32f4xx_hal_sd.c ****       errorstate = SDMMC_CmdWriteMultiBlock(hsd->Instance, add);
1118:Drivers/STM32F4xx_HAL_Driver/Src/stm32f4xx_hal_sd.c ****     }
1119:Drivers/STM32F4xx_HAL_Driver/Src/stm32f4xx_hal_sd.c ****     else
1120:Drivers/STM32F4xx_HAL_Driver/Src/stm32f4xx_hal_sd.c ****     {
1121:Drivers/STM32F4xx_HAL_Driver/Src/stm32f4xx_hal_sd.c ****       hsd->Context = (SD_CONTEXT_WRITE_SINGLE_BLOCK | SD_CONTEXT_IT);
1122:Drivers/STM32F4xx_HAL_Driver/Src/stm32f4xx_hal_sd.c **** 
1123:Drivers/STM32F4xx_HAL_Driver/Src/stm32f4xx_hal_sd.c ****       /* Write Single Block command */
1124:Drivers/STM32F4xx_HAL_Driver/Src/stm32f4xx_hal_sd.c ****       errorstate = SDMMC_CmdWriteSingleBlock(hsd->Instance, add);
1125:Drivers/STM32F4xx_HAL_Driver/Src/stm32f4xx_hal_sd.c ****     }
1126:Drivers/STM32F4xx_HAL_Driver/Src/stm32f4xx_hal_sd.c ****     if(errorstate != HAL_SD_ERROR_NONE)
1127:Drivers/STM32F4xx_HAL_Driver/Src/stm32f4xx_hal_sd.c ****     {
1128:Drivers/STM32F4xx_HAL_Driver/Src/stm32f4xx_hal_sd.c ****       /* Clear all the static flags */
1129:Drivers/STM32F4xx_HAL_Driver/Src/stm32f4xx_hal_sd.c ****       __HAL_SD_CLEAR_FLAG(hsd, SDIO_STATIC_FLAGS);
1130:Drivers/STM32F4xx_HAL_Driver/Src/stm32f4xx_hal_sd.c ****       hsd->ErrorCode |= errorstate;
1131:Drivers/STM32F4xx_HAL_Driver/Src/stm32f4xx_hal_sd.c ****       hsd->State = HAL_SD_STATE_READY;
1132:Drivers/STM32F4xx_HAL_Driver/Src/stm32f4xx_hal_sd.c ****       hsd->Context = SD_CONTEXT_NONE;
1133:Drivers/STM32F4xx_HAL_Driver/Src/stm32f4xx_hal_sd.c ****       return HAL_ERROR;
1134:Drivers/STM32F4xx_HAL_Driver/Src/stm32f4xx_hal_sd.c ****     }
1135:Drivers/STM32F4xx_HAL_Driver/Src/stm32f4xx_hal_sd.c **** 
1136:Drivers/STM32F4xx_HAL_Driver/Src/stm32f4xx_hal_sd.c ****     /* Configure the SD DPSM (Data Path State Machine) */
1137:Drivers/STM32F4xx_HAL_Driver/Src/stm32f4xx_hal_sd.c ****     config.DataTimeOut   = SDMMC_DATATIMEOUT;
1138:Drivers/STM32F4xx_HAL_Driver/Src/stm32f4xx_hal_sd.c ****     config.DataLength    = BLOCKSIZE * NumberOfBlocks;
1139:Drivers/STM32F4xx_HAL_Driver/Src/stm32f4xx_hal_sd.c ****     config.DataBlockSize = SDIO_DATABLOCK_SIZE_512B;
1140:Drivers/STM32F4xx_HAL_Driver/Src/stm32f4xx_hal_sd.c ****     config.TransferDir   = SDIO_TRANSFER_DIR_TO_CARD;
1141:Drivers/STM32F4xx_HAL_Driver/Src/stm32f4xx_hal_sd.c ****     config.TransferMode  = SDIO_TRANSFER_MODE_BLOCK;
1142:Drivers/STM32F4xx_HAL_Driver/Src/stm32f4xx_hal_sd.c ****     config.DPSM          = SDIO_DPSM_ENABLE;
1143:Drivers/STM32F4xx_HAL_Driver/Src/stm32f4xx_hal_sd.c ****     (void)SDIO_ConfigData(hsd->Instance, &config);
1144:Drivers/STM32F4xx_HAL_Driver/Src/stm32f4xx_hal_sd.c **** 
1145:Drivers/STM32F4xx_HAL_Driver/Src/stm32f4xx_hal_sd.c ****     return HAL_OK;
1146:Drivers/STM32F4xx_HAL_Driver/Src/stm32f4xx_hal_sd.c ****   }
1147:Drivers/STM32F4xx_HAL_Driver/Src/stm32f4xx_hal_sd.c ****   else
1148:Drivers/STM32F4xx_HAL_Driver/Src/stm32f4xx_hal_sd.c ****   {
1149:Drivers/STM32F4xx_HAL_Driver/Src/stm32f4xx_hal_sd.c ****     return HAL_BUSY;
1150:Drivers/STM32F4xx_HAL_Driver/Src/stm32f4xx_hal_sd.c ****   }
1151:Drivers/STM32F4xx_HAL_Driver/Src/stm32f4xx_hal_sd.c **** }
1152:Drivers/STM32F4xx_HAL_Driver/Src/stm32f4xx_hal_sd.c **** 
1153:Drivers/STM32F4xx_HAL_Driver/Src/stm32f4xx_hal_sd.c **** /**
1154:Drivers/STM32F4xx_HAL_Driver/Src/stm32f4xx_hal_sd.c ****   * @brief  Reads block(s) from a specified address in a card. The Data transfer
1155:Drivers/STM32F4xx_HAL_Driver/Src/stm32f4xx_hal_sd.c ****   *         is managed by DMA mode.
1156:Drivers/STM32F4xx_HAL_Driver/Src/stm32f4xx_hal_sd.c ****   * @note   This API should be followed by a check on the card state through
1157:Drivers/STM32F4xx_HAL_Driver/Src/stm32f4xx_hal_sd.c ****   *         HAL_SD_GetCardState().
1158:Drivers/STM32F4xx_HAL_Driver/Src/stm32f4xx_hal_sd.c ****   * @note   You could also check the DMA transfer process through the SD Rx
1159:Drivers/STM32F4xx_HAL_Driver/Src/stm32f4xx_hal_sd.c ****   *         interrupt event.
1160:Drivers/STM32F4xx_HAL_Driver/Src/stm32f4xx_hal_sd.c ****   * @param  hsd: Pointer SD handle
1161:Drivers/STM32F4xx_HAL_Driver/Src/stm32f4xx_hal_sd.c ****   * @param  pData: Pointer to the buffer that will contain the received data
1162:Drivers/STM32F4xx_HAL_Driver/Src/stm32f4xx_hal_sd.c ****   * @param  BlockAdd: Block Address from where data is to be read
1163:Drivers/STM32F4xx_HAL_Driver/Src/stm32f4xx_hal_sd.c ****   * @param  NumberOfBlocks: Number of blocks to read.
1164:Drivers/STM32F4xx_HAL_Driver/Src/stm32f4xx_hal_sd.c ****   * @retval HAL status
1165:Drivers/STM32F4xx_HAL_Driver/Src/stm32f4xx_hal_sd.c ****   */
1166:Drivers/STM32F4xx_HAL_Driver/Src/stm32f4xx_hal_sd.c **** HAL_StatusTypeDef HAL_SD_ReadBlocks_DMA(SD_HandleTypeDef *hsd, uint8_t *pData, uint32_t BlockAdd, u
1167:Drivers/STM32F4xx_HAL_Driver/Src/stm32f4xx_hal_sd.c **** {
1168:Drivers/STM32F4xx_HAL_Driver/Src/stm32f4xx_hal_sd.c ****   SDIO_DataInitTypeDef config;
1169:Drivers/STM32F4xx_HAL_Driver/Src/stm32f4xx_hal_sd.c ****   uint32_t errorstate;
1170:Drivers/STM32F4xx_HAL_Driver/Src/stm32f4xx_hal_sd.c ****   uint32_t add = BlockAdd;
ARM GAS  /tmp/ccnf9wtj.s 			page 22


1171:Drivers/STM32F4xx_HAL_Driver/Src/stm32f4xx_hal_sd.c **** 
1172:Drivers/STM32F4xx_HAL_Driver/Src/stm32f4xx_hal_sd.c ****   if(NULL == pData)
1173:Drivers/STM32F4xx_HAL_Driver/Src/stm32f4xx_hal_sd.c ****   {
1174:Drivers/STM32F4xx_HAL_Driver/Src/stm32f4xx_hal_sd.c ****     hsd->ErrorCode |= HAL_SD_ERROR_PARAM;
1175:Drivers/STM32F4xx_HAL_Driver/Src/stm32f4xx_hal_sd.c ****     return HAL_ERROR;
1176:Drivers/STM32F4xx_HAL_Driver/Src/stm32f4xx_hal_sd.c ****   }
1177:Drivers/STM32F4xx_HAL_Driver/Src/stm32f4xx_hal_sd.c **** 
1178:Drivers/STM32F4xx_HAL_Driver/Src/stm32f4xx_hal_sd.c ****   if(hsd->State == HAL_SD_STATE_READY)
1179:Drivers/STM32F4xx_HAL_Driver/Src/stm32f4xx_hal_sd.c ****   {
1180:Drivers/STM32F4xx_HAL_Driver/Src/stm32f4xx_hal_sd.c ****     hsd->ErrorCode = HAL_SD_ERROR_NONE;
1181:Drivers/STM32F4xx_HAL_Driver/Src/stm32f4xx_hal_sd.c **** 
1182:Drivers/STM32F4xx_HAL_Driver/Src/stm32f4xx_hal_sd.c ****     if((add + NumberOfBlocks) > (hsd->SdCard.LogBlockNbr))
1183:Drivers/STM32F4xx_HAL_Driver/Src/stm32f4xx_hal_sd.c ****     {
1184:Drivers/STM32F4xx_HAL_Driver/Src/stm32f4xx_hal_sd.c ****       hsd->ErrorCode |= HAL_SD_ERROR_ADDR_OUT_OF_RANGE;
1185:Drivers/STM32F4xx_HAL_Driver/Src/stm32f4xx_hal_sd.c ****       return HAL_ERROR;
1186:Drivers/STM32F4xx_HAL_Driver/Src/stm32f4xx_hal_sd.c ****     }
1187:Drivers/STM32F4xx_HAL_Driver/Src/stm32f4xx_hal_sd.c **** 
1188:Drivers/STM32F4xx_HAL_Driver/Src/stm32f4xx_hal_sd.c ****     hsd->State = HAL_SD_STATE_BUSY;
1189:Drivers/STM32F4xx_HAL_Driver/Src/stm32f4xx_hal_sd.c **** 
1190:Drivers/STM32F4xx_HAL_Driver/Src/stm32f4xx_hal_sd.c ****     /* Initialize data control register */
1191:Drivers/STM32F4xx_HAL_Driver/Src/stm32f4xx_hal_sd.c ****     hsd->Instance->DCTRL = 0U;
1192:Drivers/STM32F4xx_HAL_Driver/Src/stm32f4xx_hal_sd.c **** 
1193:Drivers/STM32F4xx_HAL_Driver/Src/stm32f4xx_hal_sd.c **** #if defined(SDIO_STA_STBITERR)
1194:Drivers/STM32F4xx_HAL_Driver/Src/stm32f4xx_hal_sd.c ****     __HAL_SD_ENABLE_IT(hsd, (SDIO_IT_DCRCFAIL | SDIO_IT_DTIMEOUT | SDIO_IT_RXOVERR | SDIO_IT_DATAEN
1195:Drivers/STM32F4xx_HAL_Driver/Src/stm32f4xx_hal_sd.c **** #else /* SDIO_STA_STBITERR not defined */
1196:Drivers/STM32F4xx_HAL_Driver/Src/stm32f4xx_hal_sd.c ****     __HAL_SD_ENABLE_IT(hsd, (SDIO_IT_DCRCFAIL | SDIO_IT_DTIMEOUT | SDIO_IT_RXOVERR | SDIO_IT_DATAEN
1197:Drivers/STM32F4xx_HAL_Driver/Src/stm32f4xx_hal_sd.c **** #endif /* SDIO_STA_STBITERR */
1198:Drivers/STM32F4xx_HAL_Driver/Src/stm32f4xx_hal_sd.c **** 
1199:Drivers/STM32F4xx_HAL_Driver/Src/stm32f4xx_hal_sd.c ****     /* Set the DMA transfer complete callback */
1200:Drivers/STM32F4xx_HAL_Driver/Src/stm32f4xx_hal_sd.c ****     hsd->hdmarx->XferCpltCallback = SD_DMAReceiveCplt;
1201:Drivers/STM32F4xx_HAL_Driver/Src/stm32f4xx_hal_sd.c **** 
1202:Drivers/STM32F4xx_HAL_Driver/Src/stm32f4xx_hal_sd.c ****     /* Set the DMA error callback */
1203:Drivers/STM32F4xx_HAL_Driver/Src/stm32f4xx_hal_sd.c ****     hsd->hdmarx->XferErrorCallback = SD_DMAError;
1204:Drivers/STM32F4xx_HAL_Driver/Src/stm32f4xx_hal_sd.c **** 
1205:Drivers/STM32F4xx_HAL_Driver/Src/stm32f4xx_hal_sd.c ****     /* Set the DMA Abort callback */
1206:Drivers/STM32F4xx_HAL_Driver/Src/stm32f4xx_hal_sd.c ****     hsd->hdmarx->XferAbortCallback = NULL;
1207:Drivers/STM32F4xx_HAL_Driver/Src/stm32f4xx_hal_sd.c **** 
1208:Drivers/STM32F4xx_HAL_Driver/Src/stm32f4xx_hal_sd.c ****     /* Force DMA Direction */
1209:Drivers/STM32F4xx_HAL_Driver/Src/stm32f4xx_hal_sd.c ****     hsd->hdmarx->Init.Direction = DMA_PERIPH_TO_MEMORY;
1210:Drivers/STM32F4xx_HAL_Driver/Src/stm32f4xx_hal_sd.c ****     MODIFY_REG(hsd->hdmarx->Instance->CR, DMA_SxCR_DIR, hsd->hdmarx->Init.Direction);
1211:Drivers/STM32F4xx_HAL_Driver/Src/stm32f4xx_hal_sd.c **** 
1212:Drivers/STM32F4xx_HAL_Driver/Src/stm32f4xx_hal_sd.c ****     /* Enable the DMA Channel */
1213:Drivers/STM32F4xx_HAL_Driver/Src/stm32f4xx_hal_sd.c ****     if(HAL_DMA_Start_IT(hsd->hdmarx, (uint32_t)&hsd->Instance->FIFO, (uint32_t)pData, (uint32_t)(BL
1214:Drivers/STM32F4xx_HAL_Driver/Src/stm32f4xx_hal_sd.c ****     {
1215:Drivers/STM32F4xx_HAL_Driver/Src/stm32f4xx_hal_sd.c ****       __HAL_SD_DISABLE_IT(hsd, (SDIO_IT_DCRCFAIL | SDIO_IT_DTIMEOUT | SDIO_IT_RXOVERR | SDIO_IT_DAT
1216:Drivers/STM32F4xx_HAL_Driver/Src/stm32f4xx_hal_sd.c ****       __HAL_SD_CLEAR_FLAG(hsd, SDIO_STATIC_FLAGS);
1217:Drivers/STM32F4xx_HAL_Driver/Src/stm32f4xx_hal_sd.c ****       hsd->ErrorCode |= HAL_SD_ERROR_DMA;
1218:Drivers/STM32F4xx_HAL_Driver/Src/stm32f4xx_hal_sd.c ****       hsd->State = HAL_SD_STATE_READY;
1219:Drivers/STM32F4xx_HAL_Driver/Src/stm32f4xx_hal_sd.c ****       return HAL_ERROR;
1220:Drivers/STM32F4xx_HAL_Driver/Src/stm32f4xx_hal_sd.c ****     }
1221:Drivers/STM32F4xx_HAL_Driver/Src/stm32f4xx_hal_sd.c ****     else
1222:Drivers/STM32F4xx_HAL_Driver/Src/stm32f4xx_hal_sd.c ****     {
1223:Drivers/STM32F4xx_HAL_Driver/Src/stm32f4xx_hal_sd.c ****       /* Enable SD DMA transfer */
1224:Drivers/STM32F4xx_HAL_Driver/Src/stm32f4xx_hal_sd.c ****       __HAL_SD_DMA_ENABLE(hsd);
1225:Drivers/STM32F4xx_HAL_Driver/Src/stm32f4xx_hal_sd.c **** 
1226:Drivers/STM32F4xx_HAL_Driver/Src/stm32f4xx_hal_sd.c ****       if(hsd->SdCard.CardType != CARD_SDHC_SDXC)
1227:Drivers/STM32F4xx_HAL_Driver/Src/stm32f4xx_hal_sd.c ****       {
ARM GAS  /tmp/ccnf9wtj.s 			page 23


1228:Drivers/STM32F4xx_HAL_Driver/Src/stm32f4xx_hal_sd.c ****         add *= 512U;
1229:Drivers/STM32F4xx_HAL_Driver/Src/stm32f4xx_hal_sd.c ****       }
1230:Drivers/STM32F4xx_HAL_Driver/Src/stm32f4xx_hal_sd.c **** 
1231:Drivers/STM32F4xx_HAL_Driver/Src/stm32f4xx_hal_sd.c ****       /* Configure the SD DPSM (Data Path State Machine) */
1232:Drivers/STM32F4xx_HAL_Driver/Src/stm32f4xx_hal_sd.c ****       config.DataTimeOut   = SDMMC_DATATIMEOUT;
1233:Drivers/STM32F4xx_HAL_Driver/Src/stm32f4xx_hal_sd.c ****       config.DataLength    = BLOCKSIZE * NumberOfBlocks;
1234:Drivers/STM32F4xx_HAL_Driver/Src/stm32f4xx_hal_sd.c ****       config.DataBlockSize = SDIO_DATABLOCK_SIZE_512B;
1235:Drivers/STM32F4xx_HAL_Driver/Src/stm32f4xx_hal_sd.c ****       config.TransferDir   = SDIO_TRANSFER_DIR_TO_SDIO;
1236:Drivers/STM32F4xx_HAL_Driver/Src/stm32f4xx_hal_sd.c ****       config.TransferMode  = SDIO_TRANSFER_MODE_BLOCK;
1237:Drivers/STM32F4xx_HAL_Driver/Src/stm32f4xx_hal_sd.c ****       config.DPSM          = SDIO_DPSM_ENABLE;
1238:Drivers/STM32F4xx_HAL_Driver/Src/stm32f4xx_hal_sd.c ****       (void)SDIO_ConfigData(hsd->Instance, &config);
1239:Drivers/STM32F4xx_HAL_Driver/Src/stm32f4xx_hal_sd.c **** 
1240:Drivers/STM32F4xx_HAL_Driver/Src/stm32f4xx_hal_sd.c ****       /* Read Blocks in DMA mode */
1241:Drivers/STM32F4xx_HAL_Driver/Src/stm32f4xx_hal_sd.c ****       if(NumberOfBlocks > 1U)
1242:Drivers/STM32F4xx_HAL_Driver/Src/stm32f4xx_hal_sd.c ****       {
1243:Drivers/STM32F4xx_HAL_Driver/Src/stm32f4xx_hal_sd.c ****         hsd->Context = (SD_CONTEXT_READ_MULTIPLE_BLOCK | SD_CONTEXT_DMA);
1244:Drivers/STM32F4xx_HAL_Driver/Src/stm32f4xx_hal_sd.c **** 
1245:Drivers/STM32F4xx_HAL_Driver/Src/stm32f4xx_hal_sd.c ****         /* Read Multi Block command */
1246:Drivers/STM32F4xx_HAL_Driver/Src/stm32f4xx_hal_sd.c ****         errorstate = SDMMC_CmdReadMultiBlock(hsd->Instance, add);
1247:Drivers/STM32F4xx_HAL_Driver/Src/stm32f4xx_hal_sd.c ****       }
1248:Drivers/STM32F4xx_HAL_Driver/Src/stm32f4xx_hal_sd.c ****       else
1249:Drivers/STM32F4xx_HAL_Driver/Src/stm32f4xx_hal_sd.c ****       {
1250:Drivers/STM32F4xx_HAL_Driver/Src/stm32f4xx_hal_sd.c ****         hsd->Context = (SD_CONTEXT_READ_SINGLE_BLOCK | SD_CONTEXT_DMA);
1251:Drivers/STM32F4xx_HAL_Driver/Src/stm32f4xx_hal_sd.c **** 
1252:Drivers/STM32F4xx_HAL_Driver/Src/stm32f4xx_hal_sd.c ****         /* Read Single Block command */
1253:Drivers/STM32F4xx_HAL_Driver/Src/stm32f4xx_hal_sd.c ****         errorstate = SDMMC_CmdReadSingleBlock(hsd->Instance, add);
1254:Drivers/STM32F4xx_HAL_Driver/Src/stm32f4xx_hal_sd.c ****       }
1255:Drivers/STM32F4xx_HAL_Driver/Src/stm32f4xx_hal_sd.c ****       if(errorstate != HAL_SD_ERROR_NONE)
1256:Drivers/STM32F4xx_HAL_Driver/Src/stm32f4xx_hal_sd.c ****       {
1257:Drivers/STM32F4xx_HAL_Driver/Src/stm32f4xx_hal_sd.c ****         /* Clear all the static flags */
1258:Drivers/STM32F4xx_HAL_Driver/Src/stm32f4xx_hal_sd.c ****         __HAL_SD_CLEAR_FLAG(hsd, SDIO_STATIC_FLAGS);
1259:Drivers/STM32F4xx_HAL_Driver/Src/stm32f4xx_hal_sd.c ****         hsd->ErrorCode |= errorstate;
1260:Drivers/STM32F4xx_HAL_Driver/Src/stm32f4xx_hal_sd.c ****         hsd->State = HAL_SD_STATE_READY;
1261:Drivers/STM32F4xx_HAL_Driver/Src/stm32f4xx_hal_sd.c ****         hsd->Context = SD_CONTEXT_NONE;
1262:Drivers/STM32F4xx_HAL_Driver/Src/stm32f4xx_hal_sd.c ****         return HAL_ERROR;
1263:Drivers/STM32F4xx_HAL_Driver/Src/stm32f4xx_hal_sd.c ****       }
1264:Drivers/STM32F4xx_HAL_Driver/Src/stm32f4xx_hal_sd.c **** 
1265:Drivers/STM32F4xx_HAL_Driver/Src/stm32f4xx_hal_sd.c ****       return HAL_OK;
1266:Drivers/STM32F4xx_HAL_Driver/Src/stm32f4xx_hal_sd.c ****     }
1267:Drivers/STM32F4xx_HAL_Driver/Src/stm32f4xx_hal_sd.c ****   }
1268:Drivers/STM32F4xx_HAL_Driver/Src/stm32f4xx_hal_sd.c ****   else
1269:Drivers/STM32F4xx_HAL_Driver/Src/stm32f4xx_hal_sd.c ****   {
1270:Drivers/STM32F4xx_HAL_Driver/Src/stm32f4xx_hal_sd.c ****     return HAL_BUSY;
1271:Drivers/STM32F4xx_HAL_Driver/Src/stm32f4xx_hal_sd.c ****   }
1272:Drivers/STM32F4xx_HAL_Driver/Src/stm32f4xx_hal_sd.c **** }
1273:Drivers/STM32F4xx_HAL_Driver/Src/stm32f4xx_hal_sd.c **** 
1274:Drivers/STM32F4xx_HAL_Driver/Src/stm32f4xx_hal_sd.c **** /**
1275:Drivers/STM32F4xx_HAL_Driver/Src/stm32f4xx_hal_sd.c ****   * @brief  Writes block(s) to a specified address in a card. The Data transfer
1276:Drivers/STM32F4xx_HAL_Driver/Src/stm32f4xx_hal_sd.c ****   *         is managed by DMA mode.
1277:Drivers/STM32F4xx_HAL_Driver/Src/stm32f4xx_hal_sd.c ****   * @note   This API should be followed by a check on the card state through
1278:Drivers/STM32F4xx_HAL_Driver/Src/stm32f4xx_hal_sd.c ****   *         HAL_SD_GetCardState().
1279:Drivers/STM32F4xx_HAL_Driver/Src/stm32f4xx_hal_sd.c ****   * @note   You could also check the DMA transfer process through the SD Tx
1280:Drivers/STM32F4xx_HAL_Driver/Src/stm32f4xx_hal_sd.c ****   *         interrupt event.
1281:Drivers/STM32F4xx_HAL_Driver/Src/stm32f4xx_hal_sd.c ****   * @param  hsd: Pointer to SD handle
1282:Drivers/STM32F4xx_HAL_Driver/Src/stm32f4xx_hal_sd.c ****   * @param  pData: Pointer to the buffer that will contain the data to transmit
1283:Drivers/STM32F4xx_HAL_Driver/Src/stm32f4xx_hal_sd.c ****   * @param  BlockAdd: Block Address where data will be written
1284:Drivers/STM32F4xx_HAL_Driver/Src/stm32f4xx_hal_sd.c ****   * @param  NumberOfBlocks: Number of blocks to write
ARM GAS  /tmp/ccnf9wtj.s 			page 24


1285:Drivers/STM32F4xx_HAL_Driver/Src/stm32f4xx_hal_sd.c ****   * @retval HAL status
1286:Drivers/STM32F4xx_HAL_Driver/Src/stm32f4xx_hal_sd.c ****   */
1287:Drivers/STM32F4xx_HAL_Driver/Src/stm32f4xx_hal_sd.c **** HAL_StatusTypeDef HAL_SD_WriteBlocks_DMA(SD_HandleTypeDef *hsd, uint8_t *pData, uint32_t BlockAdd, 
1288:Drivers/STM32F4xx_HAL_Driver/Src/stm32f4xx_hal_sd.c **** {
1289:Drivers/STM32F4xx_HAL_Driver/Src/stm32f4xx_hal_sd.c ****   SDIO_DataInitTypeDef config;
1290:Drivers/STM32F4xx_HAL_Driver/Src/stm32f4xx_hal_sd.c ****   uint32_t errorstate;
1291:Drivers/STM32F4xx_HAL_Driver/Src/stm32f4xx_hal_sd.c ****   uint32_t add = BlockAdd;
1292:Drivers/STM32F4xx_HAL_Driver/Src/stm32f4xx_hal_sd.c **** 
1293:Drivers/STM32F4xx_HAL_Driver/Src/stm32f4xx_hal_sd.c ****   if(NULL == pData)
1294:Drivers/STM32F4xx_HAL_Driver/Src/stm32f4xx_hal_sd.c ****   {
1295:Drivers/STM32F4xx_HAL_Driver/Src/stm32f4xx_hal_sd.c ****     hsd->ErrorCode |= HAL_SD_ERROR_PARAM;
1296:Drivers/STM32F4xx_HAL_Driver/Src/stm32f4xx_hal_sd.c ****     return HAL_ERROR;
1297:Drivers/STM32F4xx_HAL_Driver/Src/stm32f4xx_hal_sd.c ****   }
1298:Drivers/STM32F4xx_HAL_Driver/Src/stm32f4xx_hal_sd.c **** 
1299:Drivers/STM32F4xx_HAL_Driver/Src/stm32f4xx_hal_sd.c ****   if(hsd->State == HAL_SD_STATE_READY)
1300:Drivers/STM32F4xx_HAL_Driver/Src/stm32f4xx_hal_sd.c ****   {
1301:Drivers/STM32F4xx_HAL_Driver/Src/stm32f4xx_hal_sd.c ****     hsd->ErrorCode = HAL_SD_ERROR_NONE;
1302:Drivers/STM32F4xx_HAL_Driver/Src/stm32f4xx_hal_sd.c **** 
1303:Drivers/STM32F4xx_HAL_Driver/Src/stm32f4xx_hal_sd.c ****     if((add + NumberOfBlocks) > (hsd->SdCard.LogBlockNbr))
1304:Drivers/STM32F4xx_HAL_Driver/Src/stm32f4xx_hal_sd.c ****     {
1305:Drivers/STM32F4xx_HAL_Driver/Src/stm32f4xx_hal_sd.c ****       hsd->ErrorCode |= HAL_SD_ERROR_ADDR_OUT_OF_RANGE;
1306:Drivers/STM32F4xx_HAL_Driver/Src/stm32f4xx_hal_sd.c ****       return HAL_ERROR;
1307:Drivers/STM32F4xx_HAL_Driver/Src/stm32f4xx_hal_sd.c ****     }
1308:Drivers/STM32F4xx_HAL_Driver/Src/stm32f4xx_hal_sd.c **** 
1309:Drivers/STM32F4xx_HAL_Driver/Src/stm32f4xx_hal_sd.c ****     hsd->State = HAL_SD_STATE_BUSY;
1310:Drivers/STM32F4xx_HAL_Driver/Src/stm32f4xx_hal_sd.c **** 
1311:Drivers/STM32F4xx_HAL_Driver/Src/stm32f4xx_hal_sd.c ****     /* Initialize data control register */
1312:Drivers/STM32F4xx_HAL_Driver/Src/stm32f4xx_hal_sd.c ****     hsd->Instance->DCTRL = 0U;
1313:Drivers/STM32F4xx_HAL_Driver/Src/stm32f4xx_hal_sd.c **** 
1314:Drivers/STM32F4xx_HAL_Driver/Src/stm32f4xx_hal_sd.c ****     /* Enable SD Error interrupts */
1315:Drivers/STM32F4xx_HAL_Driver/Src/stm32f4xx_hal_sd.c **** #if defined(SDIO_STA_STBITERR)
1316:Drivers/STM32F4xx_HAL_Driver/Src/stm32f4xx_hal_sd.c ****     __HAL_SD_ENABLE_IT(hsd, (SDIO_IT_DCRCFAIL | SDIO_IT_DTIMEOUT | SDIO_IT_TXUNDERR | SDIO_IT_STBIT
1317:Drivers/STM32F4xx_HAL_Driver/Src/stm32f4xx_hal_sd.c **** #else /* SDIO_STA_STBITERR not defined */
1318:Drivers/STM32F4xx_HAL_Driver/Src/stm32f4xx_hal_sd.c ****     __HAL_SD_ENABLE_IT(hsd, (SDIO_IT_DCRCFAIL | SDIO_IT_DTIMEOUT | SDIO_IT_TXUNDERR));   
1319:Drivers/STM32F4xx_HAL_Driver/Src/stm32f4xx_hal_sd.c **** #endif /* SDIO_STA_STBITERR */
1320:Drivers/STM32F4xx_HAL_Driver/Src/stm32f4xx_hal_sd.c **** 
1321:Drivers/STM32F4xx_HAL_Driver/Src/stm32f4xx_hal_sd.c ****     /* Set the DMA transfer complete callback */
1322:Drivers/STM32F4xx_HAL_Driver/Src/stm32f4xx_hal_sd.c ****     hsd->hdmatx->XferCpltCallback = SD_DMATransmitCplt;
1323:Drivers/STM32F4xx_HAL_Driver/Src/stm32f4xx_hal_sd.c **** 
1324:Drivers/STM32F4xx_HAL_Driver/Src/stm32f4xx_hal_sd.c ****     /* Set the DMA error callback */
1325:Drivers/STM32F4xx_HAL_Driver/Src/stm32f4xx_hal_sd.c ****     hsd->hdmatx->XferErrorCallback = SD_DMAError;
1326:Drivers/STM32F4xx_HAL_Driver/Src/stm32f4xx_hal_sd.c **** 
1327:Drivers/STM32F4xx_HAL_Driver/Src/stm32f4xx_hal_sd.c ****     /* Set the DMA Abort callback */
1328:Drivers/STM32F4xx_HAL_Driver/Src/stm32f4xx_hal_sd.c ****     hsd->hdmatx->XferAbortCallback = NULL;
1329:Drivers/STM32F4xx_HAL_Driver/Src/stm32f4xx_hal_sd.c **** 
1330:Drivers/STM32F4xx_HAL_Driver/Src/stm32f4xx_hal_sd.c ****     if(hsd->SdCard.CardType != CARD_SDHC_SDXC)
1331:Drivers/STM32F4xx_HAL_Driver/Src/stm32f4xx_hal_sd.c ****     {
1332:Drivers/STM32F4xx_HAL_Driver/Src/stm32f4xx_hal_sd.c ****       add *= 512U;
1333:Drivers/STM32F4xx_HAL_Driver/Src/stm32f4xx_hal_sd.c ****     }
1334:Drivers/STM32F4xx_HAL_Driver/Src/stm32f4xx_hal_sd.c **** 
1335:Drivers/STM32F4xx_HAL_Driver/Src/stm32f4xx_hal_sd.c ****     /* Write Blocks in Polling mode */
1336:Drivers/STM32F4xx_HAL_Driver/Src/stm32f4xx_hal_sd.c ****     if(NumberOfBlocks > 1U)
1337:Drivers/STM32F4xx_HAL_Driver/Src/stm32f4xx_hal_sd.c ****     {
1338:Drivers/STM32F4xx_HAL_Driver/Src/stm32f4xx_hal_sd.c ****       hsd->Context = (SD_CONTEXT_WRITE_MULTIPLE_BLOCK | SD_CONTEXT_DMA);
1339:Drivers/STM32F4xx_HAL_Driver/Src/stm32f4xx_hal_sd.c **** 
1340:Drivers/STM32F4xx_HAL_Driver/Src/stm32f4xx_hal_sd.c ****       /* Write Multi Block command */
1341:Drivers/STM32F4xx_HAL_Driver/Src/stm32f4xx_hal_sd.c ****       errorstate = SDMMC_CmdWriteMultiBlock(hsd->Instance, add);
ARM GAS  /tmp/ccnf9wtj.s 			page 25


1342:Drivers/STM32F4xx_HAL_Driver/Src/stm32f4xx_hal_sd.c ****     }
1343:Drivers/STM32F4xx_HAL_Driver/Src/stm32f4xx_hal_sd.c ****     else
1344:Drivers/STM32F4xx_HAL_Driver/Src/stm32f4xx_hal_sd.c ****     {
1345:Drivers/STM32F4xx_HAL_Driver/Src/stm32f4xx_hal_sd.c ****       hsd->Context = (SD_CONTEXT_WRITE_SINGLE_BLOCK | SD_CONTEXT_DMA);
1346:Drivers/STM32F4xx_HAL_Driver/Src/stm32f4xx_hal_sd.c **** 
1347:Drivers/STM32F4xx_HAL_Driver/Src/stm32f4xx_hal_sd.c ****       /* Write Single Block command */
1348:Drivers/STM32F4xx_HAL_Driver/Src/stm32f4xx_hal_sd.c ****       errorstate = SDMMC_CmdWriteSingleBlock(hsd->Instance, add);
1349:Drivers/STM32F4xx_HAL_Driver/Src/stm32f4xx_hal_sd.c ****     }
1350:Drivers/STM32F4xx_HAL_Driver/Src/stm32f4xx_hal_sd.c ****     if(errorstate != HAL_SD_ERROR_NONE)
1351:Drivers/STM32F4xx_HAL_Driver/Src/stm32f4xx_hal_sd.c ****     {
1352:Drivers/STM32F4xx_HAL_Driver/Src/stm32f4xx_hal_sd.c ****       /* Clear all the static flags */
1353:Drivers/STM32F4xx_HAL_Driver/Src/stm32f4xx_hal_sd.c ****       __HAL_SD_CLEAR_FLAG(hsd, SDIO_STATIC_FLAGS);
1354:Drivers/STM32F4xx_HAL_Driver/Src/stm32f4xx_hal_sd.c ****       hsd->ErrorCode |= errorstate;
1355:Drivers/STM32F4xx_HAL_Driver/Src/stm32f4xx_hal_sd.c ****       hsd->State = HAL_SD_STATE_READY;
1356:Drivers/STM32F4xx_HAL_Driver/Src/stm32f4xx_hal_sd.c ****       hsd->Context = SD_CONTEXT_NONE;
1357:Drivers/STM32F4xx_HAL_Driver/Src/stm32f4xx_hal_sd.c ****       return HAL_ERROR;
1358:Drivers/STM32F4xx_HAL_Driver/Src/stm32f4xx_hal_sd.c ****     }
1359:Drivers/STM32F4xx_HAL_Driver/Src/stm32f4xx_hal_sd.c **** 
1360:Drivers/STM32F4xx_HAL_Driver/Src/stm32f4xx_hal_sd.c ****     /* Enable SDIO DMA transfer */
1361:Drivers/STM32F4xx_HAL_Driver/Src/stm32f4xx_hal_sd.c ****     __HAL_SD_DMA_ENABLE(hsd);
1362:Drivers/STM32F4xx_HAL_Driver/Src/stm32f4xx_hal_sd.c **** 
1363:Drivers/STM32F4xx_HAL_Driver/Src/stm32f4xx_hal_sd.c ****     /* Force DMA Direction */
1364:Drivers/STM32F4xx_HAL_Driver/Src/stm32f4xx_hal_sd.c ****     hsd->hdmatx->Init.Direction = DMA_MEMORY_TO_PERIPH;
1365:Drivers/STM32F4xx_HAL_Driver/Src/stm32f4xx_hal_sd.c ****     MODIFY_REG(hsd->hdmatx->Instance->CR, DMA_SxCR_DIR, hsd->hdmatx->Init.Direction);
1366:Drivers/STM32F4xx_HAL_Driver/Src/stm32f4xx_hal_sd.c **** 
1367:Drivers/STM32F4xx_HAL_Driver/Src/stm32f4xx_hal_sd.c ****     /* Enable the DMA Channel */
1368:Drivers/STM32F4xx_HAL_Driver/Src/stm32f4xx_hal_sd.c ****     if(HAL_DMA_Start_IT(hsd->hdmatx, (uint32_t)pData, (uint32_t)&hsd->Instance->FIFO, (uint32_t)(BL
1369:Drivers/STM32F4xx_HAL_Driver/Src/stm32f4xx_hal_sd.c ****     {
1370:Drivers/STM32F4xx_HAL_Driver/Src/stm32f4xx_hal_sd.c **** #if defined(SDIO_STA_STBITERR)
1371:Drivers/STM32F4xx_HAL_Driver/Src/stm32f4xx_hal_sd.c ****       __HAL_SD_DISABLE_IT(hsd, (SDIO_IT_DCRCFAIL | SDIO_IT_DTIMEOUT | SDIO_IT_TXUNDERR | SDIO_IT_ST
1372:Drivers/STM32F4xx_HAL_Driver/Src/stm32f4xx_hal_sd.c **** #else /* SDIO_STA_STBITERR not defined */
1373:Drivers/STM32F4xx_HAL_Driver/Src/stm32f4xx_hal_sd.c ****       __HAL_SD_DISABLE_IT(hsd, (SDIO_IT_DCRCFAIL | SDIO_IT_DTIMEOUT | SDIO_IT_TXUNDERR));   
1374:Drivers/STM32F4xx_HAL_Driver/Src/stm32f4xx_hal_sd.c **** #endif /* SDIO_STA_STBITERR */
1375:Drivers/STM32F4xx_HAL_Driver/Src/stm32f4xx_hal_sd.c ****       __HAL_SD_CLEAR_FLAG(hsd, SDIO_STATIC_FLAGS);
1376:Drivers/STM32F4xx_HAL_Driver/Src/stm32f4xx_hal_sd.c ****       hsd->ErrorCode |= HAL_SD_ERROR_DMA;
1377:Drivers/STM32F4xx_HAL_Driver/Src/stm32f4xx_hal_sd.c ****       hsd->State = HAL_SD_STATE_READY;
1378:Drivers/STM32F4xx_HAL_Driver/Src/stm32f4xx_hal_sd.c ****       hsd->Context = SD_CONTEXT_NONE;
1379:Drivers/STM32F4xx_HAL_Driver/Src/stm32f4xx_hal_sd.c ****       return HAL_ERROR;
1380:Drivers/STM32F4xx_HAL_Driver/Src/stm32f4xx_hal_sd.c ****     }
1381:Drivers/STM32F4xx_HAL_Driver/Src/stm32f4xx_hal_sd.c ****     else
1382:Drivers/STM32F4xx_HAL_Driver/Src/stm32f4xx_hal_sd.c ****     {
1383:Drivers/STM32F4xx_HAL_Driver/Src/stm32f4xx_hal_sd.c ****       /* Configure the SD DPSM (Data Path State Machine) */
1384:Drivers/STM32F4xx_HAL_Driver/Src/stm32f4xx_hal_sd.c ****       config.DataTimeOut   = SDMMC_DATATIMEOUT;
1385:Drivers/STM32F4xx_HAL_Driver/Src/stm32f4xx_hal_sd.c ****       config.DataLength    = BLOCKSIZE * NumberOfBlocks;
1386:Drivers/STM32F4xx_HAL_Driver/Src/stm32f4xx_hal_sd.c ****       config.DataBlockSize = SDIO_DATABLOCK_SIZE_512B;
1387:Drivers/STM32F4xx_HAL_Driver/Src/stm32f4xx_hal_sd.c ****       config.TransferDir   = SDIO_TRANSFER_DIR_TO_CARD;
1388:Drivers/STM32F4xx_HAL_Driver/Src/stm32f4xx_hal_sd.c ****       config.TransferMode  = SDIO_TRANSFER_MODE_BLOCK;
1389:Drivers/STM32F4xx_HAL_Driver/Src/stm32f4xx_hal_sd.c ****       config.DPSM          = SDIO_DPSM_ENABLE;
1390:Drivers/STM32F4xx_HAL_Driver/Src/stm32f4xx_hal_sd.c ****       (void)SDIO_ConfigData(hsd->Instance, &config);
1391:Drivers/STM32F4xx_HAL_Driver/Src/stm32f4xx_hal_sd.c **** 
1392:Drivers/STM32F4xx_HAL_Driver/Src/stm32f4xx_hal_sd.c ****       return HAL_OK;
1393:Drivers/STM32F4xx_HAL_Driver/Src/stm32f4xx_hal_sd.c ****     }
1394:Drivers/STM32F4xx_HAL_Driver/Src/stm32f4xx_hal_sd.c ****   }
1395:Drivers/STM32F4xx_HAL_Driver/Src/stm32f4xx_hal_sd.c ****   else
1396:Drivers/STM32F4xx_HAL_Driver/Src/stm32f4xx_hal_sd.c ****   {
1397:Drivers/STM32F4xx_HAL_Driver/Src/stm32f4xx_hal_sd.c ****     return HAL_BUSY;
1398:Drivers/STM32F4xx_HAL_Driver/Src/stm32f4xx_hal_sd.c ****   }
ARM GAS  /tmp/ccnf9wtj.s 			page 26


1399:Drivers/STM32F4xx_HAL_Driver/Src/stm32f4xx_hal_sd.c **** }
1400:Drivers/STM32F4xx_HAL_Driver/Src/stm32f4xx_hal_sd.c **** 
1401:Drivers/STM32F4xx_HAL_Driver/Src/stm32f4xx_hal_sd.c **** /**
1402:Drivers/STM32F4xx_HAL_Driver/Src/stm32f4xx_hal_sd.c ****   * @brief  Erases the specified memory area of the given SD card.
1403:Drivers/STM32F4xx_HAL_Driver/Src/stm32f4xx_hal_sd.c ****   * @note   This API should be followed by a check on the card state through
1404:Drivers/STM32F4xx_HAL_Driver/Src/stm32f4xx_hal_sd.c ****   *         HAL_SD_GetCardState().
1405:Drivers/STM32F4xx_HAL_Driver/Src/stm32f4xx_hal_sd.c ****   * @param  hsd: Pointer to SD handle
1406:Drivers/STM32F4xx_HAL_Driver/Src/stm32f4xx_hal_sd.c ****   * @param  BlockStartAdd: Start Block address
1407:Drivers/STM32F4xx_HAL_Driver/Src/stm32f4xx_hal_sd.c ****   * @param  BlockEndAdd: End Block address
1408:Drivers/STM32F4xx_HAL_Driver/Src/stm32f4xx_hal_sd.c ****   * @retval HAL status
1409:Drivers/STM32F4xx_HAL_Driver/Src/stm32f4xx_hal_sd.c ****   */
1410:Drivers/STM32F4xx_HAL_Driver/Src/stm32f4xx_hal_sd.c **** HAL_StatusTypeDef HAL_SD_Erase(SD_HandleTypeDef *hsd, uint32_t BlockStartAdd, uint32_t BlockEndAdd)
1411:Drivers/STM32F4xx_HAL_Driver/Src/stm32f4xx_hal_sd.c **** {
1412:Drivers/STM32F4xx_HAL_Driver/Src/stm32f4xx_hal_sd.c ****   uint32_t errorstate;
1413:Drivers/STM32F4xx_HAL_Driver/Src/stm32f4xx_hal_sd.c ****   uint32_t start_add = BlockStartAdd;
1414:Drivers/STM32F4xx_HAL_Driver/Src/stm32f4xx_hal_sd.c ****   uint32_t end_add = BlockEndAdd;
1415:Drivers/STM32F4xx_HAL_Driver/Src/stm32f4xx_hal_sd.c **** 
1416:Drivers/STM32F4xx_HAL_Driver/Src/stm32f4xx_hal_sd.c ****   if(hsd->State == HAL_SD_STATE_READY)
1417:Drivers/STM32F4xx_HAL_Driver/Src/stm32f4xx_hal_sd.c ****   {
1418:Drivers/STM32F4xx_HAL_Driver/Src/stm32f4xx_hal_sd.c ****     hsd->ErrorCode = HAL_SD_ERROR_NONE;
1419:Drivers/STM32F4xx_HAL_Driver/Src/stm32f4xx_hal_sd.c **** 
1420:Drivers/STM32F4xx_HAL_Driver/Src/stm32f4xx_hal_sd.c ****     if(end_add < start_add)
1421:Drivers/STM32F4xx_HAL_Driver/Src/stm32f4xx_hal_sd.c ****     {
1422:Drivers/STM32F4xx_HAL_Driver/Src/stm32f4xx_hal_sd.c ****       hsd->ErrorCode |= HAL_SD_ERROR_PARAM;
1423:Drivers/STM32F4xx_HAL_Driver/Src/stm32f4xx_hal_sd.c ****       return HAL_ERROR;
1424:Drivers/STM32F4xx_HAL_Driver/Src/stm32f4xx_hal_sd.c ****     }
1425:Drivers/STM32F4xx_HAL_Driver/Src/stm32f4xx_hal_sd.c **** 
1426:Drivers/STM32F4xx_HAL_Driver/Src/stm32f4xx_hal_sd.c ****     if(end_add > (hsd->SdCard.LogBlockNbr))
1427:Drivers/STM32F4xx_HAL_Driver/Src/stm32f4xx_hal_sd.c ****     {
1428:Drivers/STM32F4xx_HAL_Driver/Src/stm32f4xx_hal_sd.c ****       hsd->ErrorCode |= HAL_SD_ERROR_ADDR_OUT_OF_RANGE;
1429:Drivers/STM32F4xx_HAL_Driver/Src/stm32f4xx_hal_sd.c ****       return HAL_ERROR;
1430:Drivers/STM32F4xx_HAL_Driver/Src/stm32f4xx_hal_sd.c ****     }
1431:Drivers/STM32F4xx_HAL_Driver/Src/stm32f4xx_hal_sd.c **** 
1432:Drivers/STM32F4xx_HAL_Driver/Src/stm32f4xx_hal_sd.c ****     hsd->State = HAL_SD_STATE_BUSY;
1433:Drivers/STM32F4xx_HAL_Driver/Src/stm32f4xx_hal_sd.c **** 
1434:Drivers/STM32F4xx_HAL_Driver/Src/stm32f4xx_hal_sd.c ****     /* Check if the card command class supports erase command */
1435:Drivers/STM32F4xx_HAL_Driver/Src/stm32f4xx_hal_sd.c ****     if(((hsd->SdCard.Class) & SDIO_CCCC_ERASE) == 0U)
1436:Drivers/STM32F4xx_HAL_Driver/Src/stm32f4xx_hal_sd.c ****     {
1437:Drivers/STM32F4xx_HAL_Driver/Src/stm32f4xx_hal_sd.c ****       /* Clear all the static flags */
1438:Drivers/STM32F4xx_HAL_Driver/Src/stm32f4xx_hal_sd.c ****       __HAL_SD_CLEAR_FLAG(hsd, SDIO_STATIC_FLAGS);
1439:Drivers/STM32F4xx_HAL_Driver/Src/stm32f4xx_hal_sd.c ****       hsd->ErrorCode |= HAL_SD_ERROR_REQUEST_NOT_APPLICABLE;
1440:Drivers/STM32F4xx_HAL_Driver/Src/stm32f4xx_hal_sd.c ****       hsd->State = HAL_SD_STATE_READY;
1441:Drivers/STM32F4xx_HAL_Driver/Src/stm32f4xx_hal_sd.c ****       return HAL_ERROR;
1442:Drivers/STM32F4xx_HAL_Driver/Src/stm32f4xx_hal_sd.c ****     }
1443:Drivers/STM32F4xx_HAL_Driver/Src/stm32f4xx_hal_sd.c **** 
1444:Drivers/STM32F4xx_HAL_Driver/Src/stm32f4xx_hal_sd.c ****     if((SDIO_GetResponse(hsd->Instance, SDIO_RESP1) & SDMMC_CARD_LOCKED) == SDMMC_CARD_LOCKED)
1445:Drivers/STM32F4xx_HAL_Driver/Src/stm32f4xx_hal_sd.c ****     {
1446:Drivers/STM32F4xx_HAL_Driver/Src/stm32f4xx_hal_sd.c ****       /* Clear all the static flags */
1447:Drivers/STM32F4xx_HAL_Driver/Src/stm32f4xx_hal_sd.c ****       __HAL_SD_CLEAR_FLAG(hsd, SDIO_STATIC_FLAGS);
1448:Drivers/STM32F4xx_HAL_Driver/Src/stm32f4xx_hal_sd.c ****       hsd->ErrorCode |= HAL_SD_ERROR_LOCK_UNLOCK_FAILED;
1449:Drivers/STM32F4xx_HAL_Driver/Src/stm32f4xx_hal_sd.c ****       hsd->State = HAL_SD_STATE_READY;
1450:Drivers/STM32F4xx_HAL_Driver/Src/stm32f4xx_hal_sd.c ****       return HAL_ERROR;
1451:Drivers/STM32F4xx_HAL_Driver/Src/stm32f4xx_hal_sd.c ****     }
1452:Drivers/STM32F4xx_HAL_Driver/Src/stm32f4xx_hal_sd.c **** 
1453:Drivers/STM32F4xx_HAL_Driver/Src/stm32f4xx_hal_sd.c ****     /* Get start and end block for high capacity cards */
1454:Drivers/STM32F4xx_HAL_Driver/Src/stm32f4xx_hal_sd.c ****     if(hsd->SdCard.CardType != CARD_SDHC_SDXC)
1455:Drivers/STM32F4xx_HAL_Driver/Src/stm32f4xx_hal_sd.c ****     {
ARM GAS  /tmp/ccnf9wtj.s 			page 27


1456:Drivers/STM32F4xx_HAL_Driver/Src/stm32f4xx_hal_sd.c ****       start_add *= 512U;
1457:Drivers/STM32F4xx_HAL_Driver/Src/stm32f4xx_hal_sd.c ****       end_add   *= 512U;
1458:Drivers/STM32F4xx_HAL_Driver/Src/stm32f4xx_hal_sd.c ****     }
1459:Drivers/STM32F4xx_HAL_Driver/Src/stm32f4xx_hal_sd.c **** 
1460:Drivers/STM32F4xx_HAL_Driver/Src/stm32f4xx_hal_sd.c ****     /* According to sd-card spec 1.0 ERASE_GROUP_START (CMD32) and erase_group_end(CMD33) */
1461:Drivers/STM32F4xx_HAL_Driver/Src/stm32f4xx_hal_sd.c ****     if(hsd->SdCard.CardType != CARD_SECURED)
1462:Drivers/STM32F4xx_HAL_Driver/Src/stm32f4xx_hal_sd.c ****     {
1463:Drivers/STM32F4xx_HAL_Driver/Src/stm32f4xx_hal_sd.c ****       /* Send CMD32 SD_ERASE_GRP_START with argument as addr  */
1464:Drivers/STM32F4xx_HAL_Driver/Src/stm32f4xx_hal_sd.c ****       errorstate = SDMMC_CmdSDEraseStartAdd(hsd->Instance, start_add);
1465:Drivers/STM32F4xx_HAL_Driver/Src/stm32f4xx_hal_sd.c ****       if(errorstate != HAL_SD_ERROR_NONE)
1466:Drivers/STM32F4xx_HAL_Driver/Src/stm32f4xx_hal_sd.c ****       {
1467:Drivers/STM32F4xx_HAL_Driver/Src/stm32f4xx_hal_sd.c ****         /* Clear all the static flags */
1468:Drivers/STM32F4xx_HAL_Driver/Src/stm32f4xx_hal_sd.c ****         __HAL_SD_CLEAR_FLAG(hsd, SDIO_STATIC_FLAGS);
1469:Drivers/STM32F4xx_HAL_Driver/Src/stm32f4xx_hal_sd.c ****         hsd->ErrorCode |= errorstate;
1470:Drivers/STM32F4xx_HAL_Driver/Src/stm32f4xx_hal_sd.c ****         hsd->State = HAL_SD_STATE_READY;
1471:Drivers/STM32F4xx_HAL_Driver/Src/stm32f4xx_hal_sd.c ****         return HAL_ERROR;
1472:Drivers/STM32F4xx_HAL_Driver/Src/stm32f4xx_hal_sd.c ****       }
1473:Drivers/STM32F4xx_HAL_Driver/Src/stm32f4xx_hal_sd.c **** 
1474:Drivers/STM32F4xx_HAL_Driver/Src/stm32f4xx_hal_sd.c ****       /* Send CMD33 SD_ERASE_GRP_END with argument as addr  */
1475:Drivers/STM32F4xx_HAL_Driver/Src/stm32f4xx_hal_sd.c ****       errorstate = SDMMC_CmdSDEraseEndAdd(hsd->Instance, end_add);
1476:Drivers/STM32F4xx_HAL_Driver/Src/stm32f4xx_hal_sd.c ****       if(errorstate != HAL_SD_ERROR_NONE)
1477:Drivers/STM32F4xx_HAL_Driver/Src/stm32f4xx_hal_sd.c ****       {
1478:Drivers/STM32F4xx_HAL_Driver/Src/stm32f4xx_hal_sd.c ****         /* Clear all the static flags */
1479:Drivers/STM32F4xx_HAL_Driver/Src/stm32f4xx_hal_sd.c ****         __HAL_SD_CLEAR_FLAG(hsd, SDIO_STATIC_FLAGS);
1480:Drivers/STM32F4xx_HAL_Driver/Src/stm32f4xx_hal_sd.c ****         hsd->ErrorCode |= errorstate;
1481:Drivers/STM32F4xx_HAL_Driver/Src/stm32f4xx_hal_sd.c ****         hsd->State = HAL_SD_STATE_READY;
1482:Drivers/STM32F4xx_HAL_Driver/Src/stm32f4xx_hal_sd.c ****         return HAL_ERROR;
1483:Drivers/STM32F4xx_HAL_Driver/Src/stm32f4xx_hal_sd.c ****       }
1484:Drivers/STM32F4xx_HAL_Driver/Src/stm32f4xx_hal_sd.c ****     }
1485:Drivers/STM32F4xx_HAL_Driver/Src/stm32f4xx_hal_sd.c **** 
1486:Drivers/STM32F4xx_HAL_Driver/Src/stm32f4xx_hal_sd.c ****     /* Send CMD38 ERASE */
1487:Drivers/STM32F4xx_HAL_Driver/Src/stm32f4xx_hal_sd.c ****     errorstate = SDMMC_CmdErase(hsd->Instance);
1488:Drivers/STM32F4xx_HAL_Driver/Src/stm32f4xx_hal_sd.c ****     if(errorstate != HAL_SD_ERROR_NONE)
1489:Drivers/STM32F4xx_HAL_Driver/Src/stm32f4xx_hal_sd.c ****     {
1490:Drivers/STM32F4xx_HAL_Driver/Src/stm32f4xx_hal_sd.c ****       /* Clear all the static flags */
1491:Drivers/STM32F4xx_HAL_Driver/Src/stm32f4xx_hal_sd.c ****       __HAL_SD_CLEAR_FLAG(hsd, SDIO_STATIC_FLAGS);
1492:Drivers/STM32F4xx_HAL_Driver/Src/stm32f4xx_hal_sd.c ****       hsd->ErrorCode |= errorstate;
1493:Drivers/STM32F4xx_HAL_Driver/Src/stm32f4xx_hal_sd.c ****       hsd->State = HAL_SD_STATE_READY;
1494:Drivers/STM32F4xx_HAL_Driver/Src/stm32f4xx_hal_sd.c ****       return HAL_ERROR;
1495:Drivers/STM32F4xx_HAL_Driver/Src/stm32f4xx_hal_sd.c ****     }
1496:Drivers/STM32F4xx_HAL_Driver/Src/stm32f4xx_hal_sd.c **** 
1497:Drivers/STM32F4xx_HAL_Driver/Src/stm32f4xx_hal_sd.c ****     hsd->State = HAL_SD_STATE_READY;
1498:Drivers/STM32F4xx_HAL_Driver/Src/stm32f4xx_hal_sd.c **** 
1499:Drivers/STM32F4xx_HAL_Driver/Src/stm32f4xx_hal_sd.c ****     return HAL_OK;
1500:Drivers/STM32F4xx_HAL_Driver/Src/stm32f4xx_hal_sd.c ****   }
1501:Drivers/STM32F4xx_HAL_Driver/Src/stm32f4xx_hal_sd.c ****   else
1502:Drivers/STM32F4xx_HAL_Driver/Src/stm32f4xx_hal_sd.c ****   {
1503:Drivers/STM32F4xx_HAL_Driver/Src/stm32f4xx_hal_sd.c ****     return HAL_BUSY;
1504:Drivers/STM32F4xx_HAL_Driver/Src/stm32f4xx_hal_sd.c ****   }
1505:Drivers/STM32F4xx_HAL_Driver/Src/stm32f4xx_hal_sd.c **** }
1506:Drivers/STM32F4xx_HAL_Driver/Src/stm32f4xx_hal_sd.c **** 
1507:Drivers/STM32F4xx_HAL_Driver/Src/stm32f4xx_hal_sd.c **** /**
1508:Drivers/STM32F4xx_HAL_Driver/Src/stm32f4xx_hal_sd.c ****   * @brief  This function handles SD card interrupt request.
1509:Drivers/STM32F4xx_HAL_Driver/Src/stm32f4xx_hal_sd.c ****   * @param  hsd: Pointer to SD handle
1510:Drivers/STM32F4xx_HAL_Driver/Src/stm32f4xx_hal_sd.c ****   * @retval None
1511:Drivers/STM32F4xx_HAL_Driver/Src/stm32f4xx_hal_sd.c ****   */
1512:Drivers/STM32F4xx_HAL_Driver/Src/stm32f4xx_hal_sd.c **** void HAL_SD_IRQHandler(SD_HandleTypeDef *hsd)
ARM GAS  /tmp/ccnf9wtj.s 			page 28


1513:Drivers/STM32F4xx_HAL_Driver/Src/stm32f4xx_hal_sd.c **** {
1514:Drivers/STM32F4xx_HAL_Driver/Src/stm32f4xx_hal_sd.c ****   uint32_t errorstate;
1515:Drivers/STM32F4xx_HAL_Driver/Src/stm32f4xx_hal_sd.c ****   uint32_t context = hsd->Context;
1516:Drivers/STM32F4xx_HAL_Driver/Src/stm32f4xx_hal_sd.c **** 
1517:Drivers/STM32F4xx_HAL_Driver/Src/stm32f4xx_hal_sd.c ****   /* Check for SDIO interrupt flags */
1518:Drivers/STM32F4xx_HAL_Driver/Src/stm32f4xx_hal_sd.c ****   if((__HAL_SD_GET_FLAG(hsd, SDIO_FLAG_RXFIFOHF) != RESET) && ((context & SD_CONTEXT_IT) != 0U))
1519:Drivers/STM32F4xx_HAL_Driver/Src/stm32f4xx_hal_sd.c ****   {
1520:Drivers/STM32F4xx_HAL_Driver/Src/stm32f4xx_hal_sd.c ****     SD_Read_IT(hsd);
1521:Drivers/STM32F4xx_HAL_Driver/Src/stm32f4xx_hal_sd.c ****   }
1522:Drivers/STM32F4xx_HAL_Driver/Src/stm32f4xx_hal_sd.c **** 
1523:Drivers/STM32F4xx_HAL_Driver/Src/stm32f4xx_hal_sd.c ****   else if(__HAL_SD_GET_FLAG(hsd, SDIO_FLAG_DATAEND) != RESET)
1524:Drivers/STM32F4xx_HAL_Driver/Src/stm32f4xx_hal_sd.c ****   {
1525:Drivers/STM32F4xx_HAL_Driver/Src/stm32f4xx_hal_sd.c ****     __HAL_SD_CLEAR_FLAG(hsd, SDIO_FLAG_DATAEND);
1526:Drivers/STM32F4xx_HAL_Driver/Src/stm32f4xx_hal_sd.c **** 
1527:Drivers/STM32F4xx_HAL_Driver/Src/stm32f4xx_hal_sd.c **** #if defined(SDIO_STA_STBITERR)
1528:Drivers/STM32F4xx_HAL_Driver/Src/stm32f4xx_hal_sd.c ****     __HAL_SD_DISABLE_IT(hsd, SDIO_IT_DATAEND  | SDIO_IT_DCRCFAIL | SDIO_IT_DTIMEOUT|\
1529:Drivers/STM32F4xx_HAL_Driver/Src/stm32f4xx_hal_sd.c ****                              SDIO_IT_TXUNDERR | SDIO_IT_RXOVERR  | SDIO_IT_TXFIFOHE |\
1530:Drivers/STM32F4xx_HAL_Driver/Src/stm32f4xx_hal_sd.c ****                              SDIO_IT_RXFIFOHF | SDIO_IT_STBITERR);
1531:Drivers/STM32F4xx_HAL_Driver/Src/stm32f4xx_hal_sd.c **** #else /* SDIO_STA_STBITERR not defined */
1532:Drivers/STM32F4xx_HAL_Driver/Src/stm32f4xx_hal_sd.c ****     __HAL_SD_DISABLE_IT(hsd, SDIO_IT_DATAEND  | SDIO_IT_DCRCFAIL | SDIO_IT_DTIMEOUT|\
1533:Drivers/STM32F4xx_HAL_Driver/Src/stm32f4xx_hal_sd.c ****                              SDIO_IT_TXUNDERR | SDIO_IT_RXOVERR  | SDIO_IT_TXFIFOHE |\
1534:Drivers/STM32F4xx_HAL_Driver/Src/stm32f4xx_hal_sd.c ****                              SDIO_IT_RXFIFOHF);
1535:Drivers/STM32F4xx_HAL_Driver/Src/stm32f4xx_hal_sd.c **** #endif /* SDIO_STA_STBITERR */
1536:Drivers/STM32F4xx_HAL_Driver/Src/stm32f4xx_hal_sd.c **** 
1537:Drivers/STM32F4xx_HAL_Driver/Src/stm32f4xx_hal_sd.c ****     hsd->Instance->DCTRL &= ~(SDIO_DCTRL_DTEN);
1538:Drivers/STM32F4xx_HAL_Driver/Src/stm32f4xx_hal_sd.c ****     
1539:Drivers/STM32F4xx_HAL_Driver/Src/stm32f4xx_hal_sd.c ****     if((context & SD_CONTEXT_IT) != 0U)
1540:Drivers/STM32F4xx_HAL_Driver/Src/stm32f4xx_hal_sd.c ****     {
1541:Drivers/STM32F4xx_HAL_Driver/Src/stm32f4xx_hal_sd.c ****       if(((context & SD_CONTEXT_READ_MULTIPLE_BLOCK) != 0U) || ((context & SD_CONTEXT_WRITE_MULTIPL
1542:Drivers/STM32F4xx_HAL_Driver/Src/stm32f4xx_hal_sd.c ****       {
1543:Drivers/STM32F4xx_HAL_Driver/Src/stm32f4xx_hal_sd.c ****         errorstate = SDMMC_CmdStopTransfer(hsd->Instance);
1544:Drivers/STM32F4xx_HAL_Driver/Src/stm32f4xx_hal_sd.c ****         if(errorstate != HAL_SD_ERROR_NONE)
1545:Drivers/STM32F4xx_HAL_Driver/Src/stm32f4xx_hal_sd.c ****         {
1546:Drivers/STM32F4xx_HAL_Driver/Src/stm32f4xx_hal_sd.c ****           hsd->ErrorCode |= errorstate;
1547:Drivers/STM32F4xx_HAL_Driver/Src/stm32f4xx_hal_sd.c **** #if defined (USE_HAL_SD_REGISTER_CALLBACKS) && (USE_HAL_SD_REGISTER_CALLBACKS == 1U)
1548:Drivers/STM32F4xx_HAL_Driver/Src/stm32f4xx_hal_sd.c ****           hsd->ErrorCallback(hsd);
1549:Drivers/STM32F4xx_HAL_Driver/Src/stm32f4xx_hal_sd.c **** #else
1550:Drivers/STM32F4xx_HAL_Driver/Src/stm32f4xx_hal_sd.c ****           HAL_SD_ErrorCallback(hsd);
1551:Drivers/STM32F4xx_HAL_Driver/Src/stm32f4xx_hal_sd.c **** #endif /* USE_HAL_SD_REGISTER_CALLBACKS */
1552:Drivers/STM32F4xx_HAL_Driver/Src/stm32f4xx_hal_sd.c ****         }
1553:Drivers/STM32F4xx_HAL_Driver/Src/stm32f4xx_hal_sd.c ****       }
1554:Drivers/STM32F4xx_HAL_Driver/Src/stm32f4xx_hal_sd.c **** 
1555:Drivers/STM32F4xx_HAL_Driver/Src/stm32f4xx_hal_sd.c ****       /* Clear all the static flags */
1556:Drivers/STM32F4xx_HAL_Driver/Src/stm32f4xx_hal_sd.c ****       __HAL_SD_CLEAR_FLAG(hsd, SDIO_STATIC_DATA_FLAGS);
1557:Drivers/STM32F4xx_HAL_Driver/Src/stm32f4xx_hal_sd.c **** 
1558:Drivers/STM32F4xx_HAL_Driver/Src/stm32f4xx_hal_sd.c ****       hsd->State = HAL_SD_STATE_READY;
1559:Drivers/STM32F4xx_HAL_Driver/Src/stm32f4xx_hal_sd.c ****       hsd->Context = SD_CONTEXT_NONE;
1560:Drivers/STM32F4xx_HAL_Driver/Src/stm32f4xx_hal_sd.c ****       if(((context & SD_CONTEXT_READ_SINGLE_BLOCK) != 0U) || ((context & SD_CONTEXT_READ_MULTIPLE_B
1561:Drivers/STM32F4xx_HAL_Driver/Src/stm32f4xx_hal_sd.c ****       {
1562:Drivers/STM32F4xx_HAL_Driver/Src/stm32f4xx_hal_sd.c **** #if defined (USE_HAL_SD_REGISTER_CALLBACKS) && (USE_HAL_SD_REGISTER_CALLBACKS == 1U)
1563:Drivers/STM32F4xx_HAL_Driver/Src/stm32f4xx_hal_sd.c ****         hsd->RxCpltCallback(hsd);
1564:Drivers/STM32F4xx_HAL_Driver/Src/stm32f4xx_hal_sd.c **** #else
1565:Drivers/STM32F4xx_HAL_Driver/Src/stm32f4xx_hal_sd.c ****         HAL_SD_RxCpltCallback(hsd);
1566:Drivers/STM32F4xx_HAL_Driver/Src/stm32f4xx_hal_sd.c **** #endif /* USE_HAL_SD_REGISTER_CALLBACKS */
1567:Drivers/STM32F4xx_HAL_Driver/Src/stm32f4xx_hal_sd.c ****       }
1568:Drivers/STM32F4xx_HAL_Driver/Src/stm32f4xx_hal_sd.c ****       else
1569:Drivers/STM32F4xx_HAL_Driver/Src/stm32f4xx_hal_sd.c ****       {
ARM GAS  /tmp/ccnf9wtj.s 			page 29


1570:Drivers/STM32F4xx_HAL_Driver/Src/stm32f4xx_hal_sd.c **** #if defined (USE_HAL_SD_REGISTER_CALLBACKS) && (USE_HAL_SD_REGISTER_CALLBACKS == 1U)
1571:Drivers/STM32F4xx_HAL_Driver/Src/stm32f4xx_hal_sd.c ****         hsd->TxCpltCallback(hsd);
1572:Drivers/STM32F4xx_HAL_Driver/Src/stm32f4xx_hal_sd.c **** #else
1573:Drivers/STM32F4xx_HAL_Driver/Src/stm32f4xx_hal_sd.c ****         HAL_SD_TxCpltCallback(hsd);
1574:Drivers/STM32F4xx_HAL_Driver/Src/stm32f4xx_hal_sd.c **** #endif /* USE_HAL_SD_REGISTER_CALLBACKS */
1575:Drivers/STM32F4xx_HAL_Driver/Src/stm32f4xx_hal_sd.c ****       }
1576:Drivers/STM32F4xx_HAL_Driver/Src/stm32f4xx_hal_sd.c ****     }
1577:Drivers/STM32F4xx_HAL_Driver/Src/stm32f4xx_hal_sd.c ****     else if((context & SD_CONTEXT_DMA) != 0U)
1578:Drivers/STM32F4xx_HAL_Driver/Src/stm32f4xx_hal_sd.c ****     {
1579:Drivers/STM32F4xx_HAL_Driver/Src/stm32f4xx_hal_sd.c ****       if((context & SD_CONTEXT_WRITE_MULTIPLE_BLOCK) != 0U)
1580:Drivers/STM32F4xx_HAL_Driver/Src/stm32f4xx_hal_sd.c ****       {
1581:Drivers/STM32F4xx_HAL_Driver/Src/stm32f4xx_hal_sd.c ****         errorstate = SDMMC_CmdStopTransfer(hsd->Instance);
1582:Drivers/STM32F4xx_HAL_Driver/Src/stm32f4xx_hal_sd.c ****         if(errorstate != HAL_SD_ERROR_NONE)
1583:Drivers/STM32F4xx_HAL_Driver/Src/stm32f4xx_hal_sd.c ****         {
1584:Drivers/STM32F4xx_HAL_Driver/Src/stm32f4xx_hal_sd.c ****           hsd->ErrorCode |= errorstate;
1585:Drivers/STM32F4xx_HAL_Driver/Src/stm32f4xx_hal_sd.c **** #if defined (USE_HAL_SD_REGISTER_CALLBACKS) && (USE_HAL_SD_REGISTER_CALLBACKS == 1U)
1586:Drivers/STM32F4xx_HAL_Driver/Src/stm32f4xx_hal_sd.c ****           hsd->ErrorCallback(hsd);
1587:Drivers/STM32F4xx_HAL_Driver/Src/stm32f4xx_hal_sd.c **** #else
1588:Drivers/STM32F4xx_HAL_Driver/Src/stm32f4xx_hal_sd.c ****           HAL_SD_ErrorCallback(hsd);
1589:Drivers/STM32F4xx_HAL_Driver/Src/stm32f4xx_hal_sd.c **** #endif /* USE_HAL_SD_REGISTER_CALLBACKS */
1590:Drivers/STM32F4xx_HAL_Driver/Src/stm32f4xx_hal_sd.c ****         }
1591:Drivers/STM32F4xx_HAL_Driver/Src/stm32f4xx_hal_sd.c ****       }
1592:Drivers/STM32F4xx_HAL_Driver/Src/stm32f4xx_hal_sd.c ****       if(((context & SD_CONTEXT_READ_SINGLE_BLOCK) == 0U) && ((context & SD_CONTEXT_READ_MULTIPLE_B
1593:Drivers/STM32F4xx_HAL_Driver/Src/stm32f4xx_hal_sd.c ****       {
1594:Drivers/STM32F4xx_HAL_Driver/Src/stm32f4xx_hal_sd.c ****         /* Disable the DMA transfer for transmit request by setting the DMAEN bit
1595:Drivers/STM32F4xx_HAL_Driver/Src/stm32f4xx_hal_sd.c ****         in the SD DCTRL register */
1596:Drivers/STM32F4xx_HAL_Driver/Src/stm32f4xx_hal_sd.c ****         hsd->Instance->DCTRL &= (uint32_t)~((uint32_t)SDIO_DCTRL_DMAEN);
1597:Drivers/STM32F4xx_HAL_Driver/Src/stm32f4xx_hal_sd.c **** 
1598:Drivers/STM32F4xx_HAL_Driver/Src/stm32f4xx_hal_sd.c ****         hsd->State = HAL_SD_STATE_READY;
1599:Drivers/STM32F4xx_HAL_Driver/Src/stm32f4xx_hal_sd.c **** 
1600:Drivers/STM32F4xx_HAL_Driver/Src/stm32f4xx_hal_sd.c **** #if defined (USE_HAL_SD_REGISTER_CALLBACKS) && (USE_HAL_SD_REGISTER_CALLBACKS == 1U)
1601:Drivers/STM32F4xx_HAL_Driver/Src/stm32f4xx_hal_sd.c ****         hsd->TxCpltCallback(hsd);
1602:Drivers/STM32F4xx_HAL_Driver/Src/stm32f4xx_hal_sd.c **** #else
1603:Drivers/STM32F4xx_HAL_Driver/Src/stm32f4xx_hal_sd.c ****         HAL_SD_TxCpltCallback(hsd);
1604:Drivers/STM32F4xx_HAL_Driver/Src/stm32f4xx_hal_sd.c **** #endif /* USE_HAL_SD_REGISTER_CALLBACKS */
1605:Drivers/STM32F4xx_HAL_Driver/Src/stm32f4xx_hal_sd.c ****       }
1606:Drivers/STM32F4xx_HAL_Driver/Src/stm32f4xx_hal_sd.c ****     }
1607:Drivers/STM32F4xx_HAL_Driver/Src/stm32f4xx_hal_sd.c ****     else
1608:Drivers/STM32F4xx_HAL_Driver/Src/stm32f4xx_hal_sd.c ****     {
1609:Drivers/STM32F4xx_HAL_Driver/Src/stm32f4xx_hal_sd.c ****       /* Nothing to do */
1610:Drivers/STM32F4xx_HAL_Driver/Src/stm32f4xx_hal_sd.c ****     }
1611:Drivers/STM32F4xx_HAL_Driver/Src/stm32f4xx_hal_sd.c ****   }
1612:Drivers/STM32F4xx_HAL_Driver/Src/stm32f4xx_hal_sd.c **** 
1613:Drivers/STM32F4xx_HAL_Driver/Src/stm32f4xx_hal_sd.c ****   else if((__HAL_SD_GET_FLAG(hsd, SDIO_FLAG_TXFIFOHE) != RESET) && ((context & SD_CONTEXT_IT) != 0U
1614:Drivers/STM32F4xx_HAL_Driver/Src/stm32f4xx_hal_sd.c ****   {
1615:Drivers/STM32F4xx_HAL_Driver/Src/stm32f4xx_hal_sd.c ****     SD_Write_IT(hsd);
1616:Drivers/STM32F4xx_HAL_Driver/Src/stm32f4xx_hal_sd.c ****   }
1617:Drivers/STM32F4xx_HAL_Driver/Src/stm32f4xx_hal_sd.c **** 
1618:Drivers/STM32F4xx_HAL_Driver/Src/stm32f4xx_hal_sd.c **** #if defined(SDIO_STA_STBITERR)
1619:Drivers/STM32F4xx_HAL_Driver/Src/stm32f4xx_hal_sd.c ****   else if(__HAL_SD_GET_FLAG(hsd, SDIO_FLAG_DCRCFAIL | SDIO_FLAG_DTIMEOUT | SDIO_FLAG_RXOVERR | SDIO
1620:Drivers/STM32F4xx_HAL_Driver/Src/stm32f4xx_hal_sd.c **** #else /* SDIO_STA_STBITERR not defined */
1621:Drivers/STM32F4xx_HAL_Driver/Src/stm32f4xx_hal_sd.c ****   else if(__HAL_SD_GET_FLAG(hsd, SDIO_FLAG_DCRCFAIL | SDIO_FLAG_DTIMEOUT | SDIO_FLAG_RXOVERR | SDIO
1622:Drivers/STM32F4xx_HAL_Driver/Src/stm32f4xx_hal_sd.c **** #endif /* SDIO_STA_STBITERR */
1623:Drivers/STM32F4xx_HAL_Driver/Src/stm32f4xx_hal_sd.c ****   {
1624:Drivers/STM32F4xx_HAL_Driver/Src/stm32f4xx_hal_sd.c ****     /* Set Error code */
1625:Drivers/STM32F4xx_HAL_Driver/Src/stm32f4xx_hal_sd.c ****     if(__HAL_SD_GET_FLAG(hsd, SDIO_FLAG_DCRCFAIL) != RESET)
1626:Drivers/STM32F4xx_HAL_Driver/Src/stm32f4xx_hal_sd.c ****     {
ARM GAS  /tmp/ccnf9wtj.s 			page 30


1627:Drivers/STM32F4xx_HAL_Driver/Src/stm32f4xx_hal_sd.c ****       hsd->ErrorCode |= HAL_SD_ERROR_DATA_CRC_FAIL;
1628:Drivers/STM32F4xx_HAL_Driver/Src/stm32f4xx_hal_sd.c ****     }
1629:Drivers/STM32F4xx_HAL_Driver/Src/stm32f4xx_hal_sd.c ****     if(__HAL_SD_GET_FLAG(hsd, SDIO_FLAG_DTIMEOUT) != RESET)
1630:Drivers/STM32F4xx_HAL_Driver/Src/stm32f4xx_hal_sd.c ****     {
1631:Drivers/STM32F4xx_HAL_Driver/Src/stm32f4xx_hal_sd.c ****       hsd->ErrorCode |= HAL_SD_ERROR_DATA_TIMEOUT;
1632:Drivers/STM32F4xx_HAL_Driver/Src/stm32f4xx_hal_sd.c ****     }
1633:Drivers/STM32F4xx_HAL_Driver/Src/stm32f4xx_hal_sd.c ****     if(__HAL_SD_GET_FLAG(hsd, SDIO_FLAG_RXOVERR) != RESET)
1634:Drivers/STM32F4xx_HAL_Driver/Src/stm32f4xx_hal_sd.c ****     {
1635:Drivers/STM32F4xx_HAL_Driver/Src/stm32f4xx_hal_sd.c ****       hsd->ErrorCode |= HAL_SD_ERROR_RX_OVERRUN;
1636:Drivers/STM32F4xx_HAL_Driver/Src/stm32f4xx_hal_sd.c ****     }
1637:Drivers/STM32F4xx_HAL_Driver/Src/stm32f4xx_hal_sd.c ****     if(__HAL_SD_GET_FLAG(hsd, SDIO_FLAG_TXUNDERR) != RESET)
1638:Drivers/STM32F4xx_HAL_Driver/Src/stm32f4xx_hal_sd.c ****     {
1639:Drivers/STM32F4xx_HAL_Driver/Src/stm32f4xx_hal_sd.c ****       hsd->ErrorCode |= HAL_SD_ERROR_TX_UNDERRUN;
1640:Drivers/STM32F4xx_HAL_Driver/Src/stm32f4xx_hal_sd.c ****     }
1641:Drivers/STM32F4xx_HAL_Driver/Src/stm32f4xx_hal_sd.c **** #if defined(SDIO_STA_STBITERR)
1642:Drivers/STM32F4xx_HAL_Driver/Src/stm32f4xx_hal_sd.c ****     if(__HAL_SD_GET_FLAG(hsd, SDIO_FLAG_STBITERR) != RESET)
1643:Drivers/STM32F4xx_HAL_Driver/Src/stm32f4xx_hal_sd.c ****     {
1644:Drivers/STM32F4xx_HAL_Driver/Src/stm32f4xx_hal_sd.c ****       hsd->ErrorCode |= HAL_SD_ERROR_DATA_TIMEOUT;
1645:Drivers/STM32F4xx_HAL_Driver/Src/stm32f4xx_hal_sd.c ****     }
1646:Drivers/STM32F4xx_HAL_Driver/Src/stm32f4xx_hal_sd.c **** #endif /* SDIO_STA_STBITERR */
1647:Drivers/STM32F4xx_HAL_Driver/Src/stm32f4xx_hal_sd.c **** 
1648:Drivers/STM32F4xx_HAL_Driver/Src/stm32f4xx_hal_sd.c **** #if defined(SDIO_STA_STBITERR)
1649:Drivers/STM32F4xx_HAL_Driver/Src/stm32f4xx_hal_sd.c ****     /* Clear All flags */
1650:Drivers/STM32F4xx_HAL_Driver/Src/stm32f4xx_hal_sd.c ****     __HAL_SD_CLEAR_FLAG(hsd, SDIO_STATIC_DATA_FLAGS | SDIO_FLAG_STBITERR);
1651:Drivers/STM32F4xx_HAL_Driver/Src/stm32f4xx_hal_sd.c **** 
1652:Drivers/STM32F4xx_HAL_Driver/Src/stm32f4xx_hal_sd.c ****     /* Disable all interrupts */
1653:Drivers/STM32F4xx_HAL_Driver/Src/stm32f4xx_hal_sd.c ****     __HAL_SD_DISABLE_IT(hsd, SDIO_IT_DATAEND | SDIO_IT_DCRCFAIL | SDIO_IT_DTIMEOUT|\
1654:Drivers/STM32F4xx_HAL_Driver/Src/stm32f4xx_hal_sd.c ****                              SDIO_IT_TXUNDERR| SDIO_IT_RXOVERR | SDIO_IT_STBITERR);
1655:Drivers/STM32F4xx_HAL_Driver/Src/stm32f4xx_hal_sd.c **** #else /* SDIO_STA_STBITERR not defined */
1656:Drivers/STM32F4xx_HAL_Driver/Src/stm32f4xx_hal_sd.c ****     /* Clear All flags */
1657:Drivers/STM32F4xx_HAL_Driver/Src/stm32f4xx_hal_sd.c ****     __HAL_SD_CLEAR_FLAG(hsd, SDIO_STATIC_DATA_FLAGS);
1658:Drivers/STM32F4xx_HAL_Driver/Src/stm32f4xx_hal_sd.c **** 
1659:Drivers/STM32F4xx_HAL_Driver/Src/stm32f4xx_hal_sd.c ****     /* Disable all interrupts */
1660:Drivers/STM32F4xx_HAL_Driver/Src/stm32f4xx_hal_sd.c ****     __HAL_SD_DISABLE_IT(hsd, SDIO_IT_DATAEND | SDIO_IT_DCRCFAIL | SDIO_IT_DTIMEOUT|\
1661:Drivers/STM32F4xx_HAL_Driver/Src/stm32f4xx_hal_sd.c ****                              SDIO_IT_TXUNDERR| SDIO_IT_RXOVERR);
1662:Drivers/STM32F4xx_HAL_Driver/Src/stm32f4xx_hal_sd.c **** #endif /* SDIO_STA_STBITERR */
1663:Drivers/STM32F4xx_HAL_Driver/Src/stm32f4xx_hal_sd.c **** 
1664:Drivers/STM32F4xx_HAL_Driver/Src/stm32f4xx_hal_sd.c ****     hsd->ErrorCode |= SDMMC_CmdStopTransfer(hsd->Instance);
1665:Drivers/STM32F4xx_HAL_Driver/Src/stm32f4xx_hal_sd.c **** 
1666:Drivers/STM32F4xx_HAL_Driver/Src/stm32f4xx_hal_sd.c ****     if((context & SD_CONTEXT_IT) != 0U)
1667:Drivers/STM32F4xx_HAL_Driver/Src/stm32f4xx_hal_sd.c ****     {
1668:Drivers/STM32F4xx_HAL_Driver/Src/stm32f4xx_hal_sd.c ****       /* Set the SD state to ready to be able to start again the process */
1669:Drivers/STM32F4xx_HAL_Driver/Src/stm32f4xx_hal_sd.c ****       hsd->State = HAL_SD_STATE_READY;
1670:Drivers/STM32F4xx_HAL_Driver/Src/stm32f4xx_hal_sd.c ****       hsd->Context = SD_CONTEXT_NONE;
1671:Drivers/STM32F4xx_HAL_Driver/Src/stm32f4xx_hal_sd.c **** #if defined (USE_HAL_SD_REGISTER_CALLBACKS) && (USE_HAL_SD_REGISTER_CALLBACKS == 1U)
1672:Drivers/STM32F4xx_HAL_Driver/Src/stm32f4xx_hal_sd.c ****       hsd->ErrorCallback(hsd);
1673:Drivers/STM32F4xx_HAL_Driver/Src/stm32f4xx_hal_sd.c **** #else
1674:Drivers/STM32F4xx_HAL_Driver/Src/stm32f4xx_hal_sd.c ****       HAL_SD_ErrorCallback(hsd);
1675:Drivers/STM32F4xx_HAL_Driver/Src/stm32f4xx_hal_sd.c **** #endif /* USE_HAL_SD_REGISTER_CALLBACKS */
1676:Drivers/STM32F4xx_HAL_Driver/Src/stm32f4xx_hal_sd.c ****     }
1677:Drivers/STM32F4xx_HAL_Driver/Src/stm32f4xx_hal_sd.c ****     else if((context & SD_CONTEXT_DMA) != 0U)
1678:Drivers/STM32F4xx_HAL_Driver/Src/stm32f4xx_hal_sd.c ****     {
1679:Drivers/STM32F4xx_HAL_Driver/Src/stm32f4xx_hal_sd.c ****       /* Abort the SD DMA channel */
1680:Drivers/STM32F4xx_HAL_Driver/Src/stm32f4xx_hal_sd.c ****       if(((context & SD_CONTEXT_WRITE_SINGLE_BLOCK) != 0U) || ((context & SD_CONTEXT_WRITE_MULTIPLE
1681:Drivers/STM32F4xx_HAL_Driver/Src/stm32f4xx_hal_sd.c ****       {
1682:Drivers/STM32F4xx_HAL_Driver/Src/stm32f4xx_hal_sd.c ****         /* Set the DMA Tx abort callback */
1683:Drivers/STM32F4xx_HAL_Driver/Src/stm32f4xx_hal_sd.c ****         hsd->hdmatx->XferAbortCallback = SD_DMATxAbort;
ARM GAS  /tmp/ccnf9wtj.s 			page 31


1684:Drivers/STM32F4xx_HAL_Driver/Src/stm32f4xx_hal_sd.c ****         /* Abort DMA in IT mode */
1685:Drivers/STM32F4xx_HAL_Driver/Src/stm32f4xx_hal_sd.c ****         if(HAL_DMA_Abort_IT(hsd->hdmatx) != HAL_OK)
1686:Drivers/STM32F4xx_HAL_Driver/Src/stm32f4xx_hal_sd.c ****         {
1687:Drivers/STM32F4xx_HAL_Driver/Src/stm32f4xx_hal_sd.c ****           SD_DMATxAbort(hsd->hdmatx);
1688:Drivers/STM32F4xx_HAL_Driver/Src/stm32f4xx_hal_sd.c ****         }
1689:Drivers/STM32F4xx_HAL_Driver/Src/stm32f4xx_hal_sd.c ****       }
1690:Drivers/STM32F4xx_HAL_Driver/Src/stm32f4xx_hal_sd.c ****       else if(((context & SD_CONTEXT_READ_SINGLE_BLOCK) != 0U) || ((context & SD_CONTEXT_READ_MULTI
1691:Drivers/STM32F4xx_HAL_Driver/Src/stm32f4xx_hal_sd.c ****       {
1692:Drivers/STM32F4xx_HAL_Driver/Src/stm32f4xx_hal_sd.c ****         /* Set the DMA Rx abort callback */
1693:Drivers/STM32F4xx_HAL_Driver/Src/stm32f4xx_hal_sd.c ****         hsd->hdmarx->XferAbortCallback = SD_DMARxAbort;
1694:Drivers/STM32F4xx_HAL_Driver/Src/stm32f4xx_hal_sd.c ****         /* Abort DMA in IT mode */
1695:Drivers/STM32F4xx_HAL_Driver/Src/stm32f4xx_hal_sd.c ****         if(HAL_DMA_Abort_IT(hsd->hdmarx) != HAL_OK)
1696:Drivers/STM32F4xx_HAL_Driver/Src/stm32f4xx_hal_sd.c ****         {
1697:Drivers/STM32F4xx_HAL_Driver/Src/stm32f4xx_hal_sd.c ****           SD_DMARxAbort(hsd->hdmarx);
1698:Drivers/STM32F4xx_HAL_Driver/Src/stm32f4xx_hal_sd.c ****         }
1699:Drivers/STM32F4xx_HAL_Driver/Src/stm32f4xx_hal_sd.c ****       }
1700:Drivers/STM32F4xx_HAL_Driver/Src/stm32f4xx_hal_sd.c ****       else
1701:Drivers/STM32F4xx_HAL_Driver/Src/stm32f4xx_hal_sd.c ****       {
1702:Drivers/STM32F4xx_HAL_Driver/Src/stm32f4xx_hal_sd.c ****         hsd->ErrorCode = HAL_SD_ERROR_NONE;
1703:Drivers/STM32F4xx_HAL_Driver/Src/stm32f4xx_hal_sd.c ****         hsd->State = HAL_SD_STATE_READY;
1704:Drivers/STM32F4xx_HAL_Driver/Src/stm32f4xx_hal_sd.c ****         hsd->Context = SD_CONTEXT_NONE;
1705:Drivers/STM32F4xx_HAL_Driver/Src/stm32f4xx_hal_sd.c **** #if defined (USE_HAL_SD_REGISTER_CALLBACKS) && (USE_HAL_SD_REGISTER_CALLBACKS == 1U)
1706:Drivers/STM32F4xx_HAL_Driver/Src/stm32f4xx_hal_sd.c ****         hsd->AbortCpltCallback(hsd);
1707:Drivers/STM32F4xx_HAL_Driver/Src/stm32f4xx_hal_sd.c **** #else
1708:Drivers/STM32F4xx_HAL_Driver/Src/stm32f4xx_hal_sd.c ****         HAL_SD_AbortCallback(hsd);
1709:Drivers/STM32F4xx_HAL_Driver/Src/stm32f4xx_hal_sd.c **** #endif /* USE_HAL_SD_REGISTER_CALLBACKS */
1710:Drivers/STM32F4xx_HAL_Driver/Src/stm32f4xx_hal_sd.c ****       }
1711:Drivers/STM32F4xx_HAL_Driver/Src/stm32f4xx_hal_sd.c ****     }
1712:Drivers/STM32F4xx_HAL_Driver/Src/stm32f4xx_hal_sd.c ****     else
1713:Drivers/STM32F4xx_HAL_Driver/Src/stm32f4xx_hal_sd.c ****     {
1714:Drivers/STM32F4xx_HAL_Driver/Src/stm32f4xx_hal_sd.c ****       /* Nothing to do */
1715:Drivers/STM32F4xx_HAL_Driver/Src/stm32f4xx_hal_sd.c ****     }
1716:Drivers/STM32F4xx_HAL_Driver/Src/stm32f4xx_hal_sd.c ****   }
1717:Drivers/STM32F4xx_HAL_Driver/Src/stm32f4xx_hal_sd.c ****   else
1718:Drivers/STM32F4xx_HAL_Driver/Src/stm32f4xx_hal_sd.c ****   {
1719:Drivers/STM32F4xx_HAL_Driver/Src/stm32f4xx_hal_sd.c ****     /* Nothing to do */
1720:Drivers/STM32F4xx_HAL_Driver/Src/stm32f4xx_hal_sd.c ****   }
1721:Drivers/STM32F4xx_HAL_Driver/Src/stm32f4xx_hal_sd.c **** }
1722:Drivers/STM32F4xx_HAL_Driver/Src/stm32f4xx_hal_sd.c **** 
1723:Drivers/STM32F4xx_HAL_Driver/Src/stm32f4xx_hal_sd.c **** /**
1724:Drivers/STM32F4xx_HAL_Driver/Src/stm32f4xx_hal_sd.c ****   * @brief return the SD state
1725:Drivers/STM32F4xx_HAL_Driver/Src/stm32f4xx_hal_sd.c ****   * @param hsd: Pointer to sd handle
1726:Drivers/STM32F4xx_HAL_Driver/Src/stm32f4xx_hal_sd.c ****   * @retval HAL state
1727:Drivers/STM32F4xx_HAL_Driver/Src/stm32f4xx_hal_sd.c ****   */
1728:Drivers/STM32F4xx_HAL_Driver/Src/stm32f4xx_hal_sd.c **** HAL_SD_StateTypeDef HAL_SD_GetState(SD_HandleTypeDef *hsd)
1729:Drivers/STM32F4xx_HAL_Driver/Src/stm32f4xx_hal_sd.c **** {
1730:Drivers/STM32F4xx_HAL_Driver/Src/stm32f4xx_hal_sd.c ****   return hsd->State;
1731:Drivers/STM32F4xx_HAL_Driver/Src/stm32f4xx_hal_sd.c **** }
1732:Drivers/STM32F4xx_HAL_Driver/Src/stm32f4xx_hal_sd.c **** 
1733:Drivers/STM32F4xx_HAL_Driver/Src/stm32f4xx_hal_sd.c **** /**
1734:Drivers/STM32F4xx_HAL_Driver/Src/stm32f4xx_hal_sd.c **** * @brief  Return the SD error code
1735:Drivers/STM32F4xx_HAL_Driver/Src/stm32f4xx_hal_sd.c **** * @param  hsd : Pointer to a SD_HandleTypeDef structure that contains
1736:Drivers/STM32F4xx_HAL_Driver/Src/stm32f4xx_hal_sd.c ****   *              the configuration information.
1737:Drivers/STM32F4xx_HAL_Driver/Src/stm32f4xx_hal_sd.c **** * @retval SD Error Code
1738:Drivers/STM32F4xx_HAL_Driver/Src/stm32f4xx_hal_sd.c **** */
1739:Drivers/STM32F4xx_HAL_Driver/Src/stm32f4xx_hal_sd.c **** uint32_t HAL_SD_GetError(SD_HandleTypeDef *hsd)
1740:Drivers/STM32F4xx_HAL_Driver/Src/stm32f4xx_hal_sd.c **** {
ARM GAS  /tmp/ccnf9wtj.s 			page 32


1741:Drivers/STM32F4xx_HAL_Driver/Src/stm32f4xx_hal_sd.c ****   return hsd->ErrorCode;
1742:Drivers/STM32F4xx_HAL_Driver/Src/stm32f4xx_hal_sd.c **** }
1743:Drivers/STM32F4xx_HAL_Driver/Src/stm32f4xx_hal_sd.c **** 
1744:Drivers/STM32F4xx_HAL_Driver/Src/stm32f4xx_hal_sd.c **** /**
1745:Drivers/STM32F4xx_HAL_Driver/Src/stm32f4xx_hal_sd.c ****   * @brief Tx Transfer completed callbacks
1746:Drivers/STM32F4xx_HAL_Driver/Src/stm32f4xx_hal_sd.c ****   * @param hsd: Pointer to SD handle
1747:Drivers/STM32F4xx_HAL_Driver/Src/stm32f4xx_hal_sd.c ****   * @retval None
1748:Drivers/STM32F4xx_HAL_Driver/Src/stm32f4xx_hal_sd.c ****   */
1749:Drivers/STM32F4xx_HAL_Driver/Src/stm32f4xx_hal_sd.c **** __weak void HAL_SD_TxCpltCallback(SD_HandleTypeDef *hsd)
1750:Drivers/STM32F4xx_HAL_Driver/Src/stm32f4xx_hal_sd.c **** {
1751:Drivers/STM32F4xx_HAL_Driver/Src/stm32f4xx_hal_sd.c ****   /* Prevent unused argument(s) compilation warning */
1752:Drivers/STM32F4xx_HAL_Driver/Src/stm32f4xx_hal_sd.c ****   UNUSED(hsd);
1753:Drivers/STM32F4xx_HAL_Driver/Src/stm32f4xx_hal_sd.c **** 
1754:Drivers/STM32F4xx_HAL_Driver/Src/stm32f4xx_hal_sd.c ****   /* NOTE : This function should not be modified, when the callback is needed,
1755:Drivers/STM32F4xx_HAL_Driver/Src/stm32f4xx_hal_sd.c ****             the HAL_SD_TxCpltCallback can be implemented in the user file
1756:Drivers/STM32F4xx_HAL_Driver/Src/stm32f4xx_hal_sd.c ****    */
1757:Drivers/STM32F4xx_HAL_Driver/Src/stm32f4xx_hal_sd.c **** }
1758:Drivers/STM32F4xx_HAL_Driver/Src/stm32f4xx_hal_sd.c **** 
1759:Drivers/STM32F4xx_HAL_Driver/Src/stm32f4xx_hal_sd.c **** /**
1760:Drivers/STM32F4xx_HAL_Driver/Src/stm32f4xx_hal_sd.c ****   * @brief Rx Transfer completed callbacks
1761:Drivers/STM32F4xx_HAL_Driver/Src/stm32f4xx_hal_sd.c ****   * @param hsd: Pointer SD handle
1762:Drivers/STM32F4xx_HAL_Driver/Src/stm32f4xx_hal_sd.c ****   * @retval None
1763:Drivers/STM32F4xx_HAL_Driver/Src/stm32f4xx_hal_sd.c ****   */
1764:Drivers/STM32F4xx_HAL_Driver/Src/stm32f4xx_hal_sd.c **** __weak void HAL_SD_RxCpltCallback(SD_HandleTypeDef *hsd)
1765:Drivers/STM32F4xx_HAL_Driver/Src/stm32f4xx_hal_sd.c **** {
1766:Drivers/STM32F4xx_HAL_Driver/Src/stm32f4xx_hal_sd.c ****   /* Prevent unused argument(s) compilation warning */
1767:Drivers/STM32F4xx_HAL_Driver/Src/stm32f4xx_hal_sd.c ****   UNUSED(hsd);
1768:Drivers/STM32F4xx_HAL_Driver/Src/stm32f4xx_hal_sd.c **** 
1769:Drivers/STM32F4xx_HAL_Driver/Src/stm32f4xx_hal_sd.c ****   /* NOTE : This function should not be modified, when the callback is needed,
1770:Drivers/STM32F4xx_HAL_Driver/Src/stm32f4xx_hal_sd.c ****             the HAL_SD_RxCpltCallback can be implemented in the user file
1771:Drivers/STM32F4xx_HAL_Driver/Src/stm32f4xx_hal_sd.c ****    */
1772:Drivers/STM32F4xx_HAL_Driver/Src/stm32f4xx_hal_sd.c **** }
1773:Drivers/STM32F4xx_HAL_Driver/Src/stm32f4xx_hal_sd.c **** 
1774:Drivers/STM32F4xx_HAL_Driver/Src/stm32f4xx_hal_sd.c **** /**
1775:Drivers/STM32F4xx_HAL_Driver/Src/stm32f4xx_hal_sd.c ****   * @brief SD error callbacks
1776:Drivers/STM32F4xx_HAL_Driver/Src/stm32f4xx_hal_sd.c ****   * @param hsd: Pointer SD handle
1777:Drivers/STM32F4xx_HAL_Driver/Src/stm32f4xx_hal_sd.c ****   * @retval None
1778:Drivers/STM32F4xx_HAL_Driver/Src/stm32f4xx_hal_sd.c ****   */
1779:Drivers/STM32F4xx_HAL_Driver/Src/stm32f4xx_hal_sd.c **** __weak void HAL_SD_ErrorCallback(SD_HandleTypeDef *hsd)
1780:Drivers/STM32F4xx_HAL_Driver/Src/stm32f4xx_hal_sd.c **** {
1781:Drivers/STM32F4xx_HAL_Driver/Src/stm32f4xx_hal_sd.c ****   /* Prevent unused argument(s) compilation warning */
1782:Drivers/STM32F4xx_HAL_Driver/Src/stm32f4xx_hal_sd.c ****   UNUSED(hsd);
1783:Drivers/STM32F4xx_HAL_Driver/Src/stm32f4xx_hal_sd.c **** 
1784:Drivers/STM32F4xx_HAL_Driver/Src/stm32f4xx_hal_sd.c ****   /* NOTE : This function should not be modified, when the callback is needed,
1785:Drivers/STM32F4xx_HAL_Driver/Src/stm32f4xx_hal_sd.c ****             the HAL_SD_ErrorCallback can be implemented in the user file
1786:Drivers/STM32F4xx_HAL_Driver/Src/stm32f4xx_hal_sd.c ****    */
1787:Drivers/STM32F4xx_HAL_Driver/Src/stm32f4xx_hal_sd.c **** }
1788:Drivers/STM32F4xx_HAL_Driver/Src/stm32f4xx_hal_sd.c **** 
1789:Drivers/STM32F4xx_HAL_Driver/Src/stm32f4xx_hal_sd.c **** /**
1790:Drivers/STM32F4xx_HAL_Driver/Src/stm32f4xx_hal_sd.c ****   * @brief SD Abort callbacks
1791:Drivers/STM32F4xx_HAL_Driver/Src/stm32f4xx_hal_sd.c ****   * @param hsd: Pointer SD handle
1792:Drivers/STM32F4xx_HAL_Driver/Src/stm32f4xx_hal_sd.c ****   * @retval None
1793:Drivers/STM32F4xx_HAL_Driver/Src/stm32f4xx_hal_sd.c ****   */
1794:Drivers/STM32F4xx_HAL_Driver/Src/stm32f4xx_hal_sd.c **** __weak void HAL_SD_AbortCallback(SD_HandleTypeDef *hsd)
1795:Drivers/STM32F4xx_HAL_Driver/Src/stm32f4xx_hal_sd.c **** {
1796:Drivers/STM32F4xx_HAL_Driver/Src/stm32f4xx_hal_sd.c ****   /* Prevent unused argument(s) compilation warning */
1797:Drivers/STM32F4xx_HAL_Driver/Src/stm32f4xx_hal_sd.c ****   UNUSED(hsd);
ARM GAS  /tmp/ccnf9wtj.s 			page 33


1798:Drivers/STM32F4xx_HAL_Driver/Src/stm32f4xx_hal_sd.c **** 
1799:Drivers/STM32F4xx_HAL_Driver/Src/stm32f4xx_hal_sd.c ****   /* NOTE : This function should not be modified, when the callback is needed,
1800:Drivers/STM32F4xx_HAL_Driver/Src/stm32f4xx_hal_sd.c ****             the HAL_SD_AbortCallback can be implemented in the user file
1801:Drivers/STM32F4xx_HAL_Driver/Src/stm32f4xx_hal_sd.c ****    */
1802:Drivers/STM32F4xx_HAL_Driver/Src/stm32f4xx_hal_sd.c **** }
1803:Drivers/STM32F4xx_HAL_Driver/Src/stm32f4xx_hal_sd.c **** 
1804:Drivers/STM32F4xx_HAL_Driver/Src/stm32f4xx_hal_sd.c **** #if defined (USE_HAL_SD_REGISTER_CALLBACKS) && (USE_HAL_SD_REGISTER_CALLBACKS == 1U)
1805:Drivers/STM32F4xx_HAL_Driver/Src/stm32f4xx_hal_sd.c **** /**
1806:Drivers/STM32F4xx_HAL_Driver/Src/stm32f4xx_hal_sd.c ****   * @brief  Register a User SD Callback
1807:Drivers/STM32F4xx_HAL_Driver/Src/stm32f4xx_hal_sd.c ****   *         To be used instead of the weak (surcharged) predefined callback
1808:Drivers/STM32F4xx_HAL_Driver/Src/stm32f4xx_hal_sd.c ****   * @param hsd : SD handle
1809:Drivers/STM32F4xx_HAL_Driver/Src/stm32f4xx_hal_sd.c ****   * @param CallbackID : ID of the callback to be registered
1810:Drivers/STM32F4xx_HAL_Driver/Src/stm32f4xx_hal_sd.c ****   *        This parameter can be one of the following values:
1811:Drivers/STM32F4xx_HAL_Driver/Src/stm32f4xx_hal_sd.c ****   *          @arg @ref HAL_SD_TX_CPLT_CB_ID    SD Tx Complete Callback ID
1812:Drivers/STM32F4xx_HAL_Driver/Src/stm32f4xx_hal_sd.c ****   *          @arg @ref HAL_SD_RX_CPLT_CB_ID    SD Rx Complete Callback ID
1813:Drivers/STM32F4xx_HAL_Driver/Src/stm32f4xx_hal_sd.c ****   *          @arg @ref HAL_SD_ERROR_CB_ID      SD Error Callback ID
1814:Drivers/STM32F4xx_HAL_Driver/Src/stm32f4xx_hal_sd.c ****   *          @arg @ref HAL_SD_ABORT_CB_ID      SD Abort Callback ID
1815:Drivers/STM32F4xx_HAL_Driver/Src/stm32f4xx_hal_sd.c ****   *          @arg @ref HAL_SD_MSP_INIT_CB_ID   SD MspInit Callback ID
1816:Drivers/STM32F4xx_HAL_Driver/Src/stm32f4xx_hal_sd.c ****   *          @arg @ref HAL_SD_MSP_DEINIT_CB_ID SD MspDeInit Callback ID
1817:Drivers/STM32F4xx_HAL_Driver/Src/stm32f4xx_hal_sd.c ****   * @param pCallback : pointer to the Callback function
1818:Drivers/STM32F4xx_HAL_Driver/Src/stm32f4xx_hal_sd.c ****   * @retval status
1819:Drivers/STM32F4xx_HAL_Driver/Src/stm32f4xx_hal_sd.c ****   */
1820:Drivers/STM32F4xx_HAL_Driver/Src/stm32f4xx_hal_sd.c **** HAL_StatusTypeDef HAL_SD_RegisterCallback(SD_HandleTypeDef *hsd, HAL_SD_CallbackIDTypeDef CallbackI
1821:Drivers/STM32F4xx_HAL_Driver/Src/stm32f4xx_hal_sd.c **** {
1822:Drivers/STM32F4xx_HAL_Driver/Src/stm32f4xx_hal_sd.c ****   HAL_StatusTypeDef status = HAL_OK;
1823:Drivers/STM32F4xx_HAL_Driver/Src/stm32f4xx_hal_sd.c **** 
1824:Drivers/STM32F4xx_HAL_Driver/Src/stm32f4xx_hal_sd.c ****   if(pCallback == NULL)
1825:Drivers/STM32F4xx_HAL_Driver/Src/stm32f4xx_hal_sd.c ****   {
1826:Drivers/STM32F4xx_HAL_Driver/Src/stm32f4xx_hal_sd.c ****     /* Update the error code */
1827:Drivers/STM32F4xx_HAL_Driver/Src/stm32f4xx_hal_sd.c ****     hsd->ErrorCode |= HAL_SD_ERROR_INVALID_CALLBACK;
1828:Drivers/STM32F4xx_HAL_Driver/Src/stm32f4xx_hal_sd.c ****     return HAL_ERROR;
1829:Drivers/STM32F4xx_HAL_Driver/Src/stm32f4xx_hal_sd.c ****   }
1830:Drivers/STM32F4xx_HAL_Driver/Src/stm32f4xx_hal_sd.c **** 
1831:Drivers/STM32F4xx_HAL_Driver/Src/stm32f4xx_hal_sd.c ****   /* Process locked */
1832:Drivers/STM32F4xx_HAL_Driver/Src/stm32f4xx_hal_sd.c ****   __HAL_LOCK(hsd);
1833:Drivers/STM32F4xx_HAL_Driver/Src/stm32f4xx_hal_sd.c **** 
1834:Drivers/STM32F4xx_HAL_Driver/Src/stm32f4xx_hal_sd.c ****   if(hsd->State == HAL_SD_STATE_READY)
1835:Drivers/STM32F4xx_HAL_Driver/Src/stm32f4xx_hal_sd.c ****   {
1836:Drivers/STM32F4xx_HAL_Driver/Src/stm32f4xx_hal_sd.c ****     switch (CallbackID)
1837:Drivers/STM32F4xx_HAL_Driver/Src/stm32f4xx_hal_sd.c ****     {
1838:Drivers/STM32F4xx_HAL_Driver/Src/stm32f4xx_hal_sd.c ****     case HAL_SD_TX_CPLT_CB_ID :
1839:Drivers/STM32F4xx_HAL_Driver/Src/stm32f4xx_hal_sd.c ****       hsd->TxCpltCallback = pCallback;
1840:Drivers/STM32F4xx_HAL_Driver/Src/stm32f4xx_hal_sd.c ****       break;
1841:Drivers/STM32F4xx_HAL_Driver/Src/stm32f4xx_hal_sd.c ****     case HAL_SD_RX_CPLT_CB_ID :
1842:Drivers/STM32F4xx_HAL_Driver/Src/stm32f4xx_hal_sd.c ****       hsd->RxCpltCallback = pCallback;
1843:Drivers/STM32F4xx_HAL_Driver/Src/stm32f4xx_hal_sd.c ****       break;
1844:Drivers/STM32F4xx_HAL_Driver/Src/stm32f4xx_hal_sd.c ****     case HAL_SD_ERROR_CB_ID :
1845:Drivers/STM32F4xx_HAL_Driver/Src/stm32f4xx_hal_sd.c ****       hsd->ErrorCallback = pCallback;
1846:Drivers/STM32F4xx_HAL_Driver/Src/stm32f4xx_hal_sd.c ****       break;
1847:Drivers/STM32F4xx_HAL_Driver/Src/stm32f4xx_hal_sd.c ****     case HAL_SD_ABORT_CB_ID :
1848:Drivers/STM32F4xx_HAL_Driver/Src/stm32f4xx_hal_sd.c ****       hsd->AbortCpltCallback = pCallback;
1849:Drivers/STM32F4xx_HAL_Driver/Src/stm32f4xx_hal_sd.c ****       break;
1850:Drivers/STM32F4xx_HAL_Driver/Src/stm32f4xx_hal_sd.c ****     case HAL_SD_MSP_INIT_CB_ID :
1851:Drivers/STM32F4xx_HAL_Driver/Src/stm32f4xx_hal_sd.c ****       hsd->MspInitCallback = pCallback;
1852:Drivers/STM32F4xx_HAL_Driver/Src/stm32f4xx_hal_sd.c ****       break;
1853:Drivers/STM32F4xx_HAL_Driver/Src/stm32f4xx_hal_sd.c ****     case HAL_SD_MSP_DEINIT_CB_ID :
1854:Drivers/STM32F4xx_HAL_Driver/Src/stm32f4xx_hal_sd.c ****       hsd->MspDeInitCallback = pCallback;
ARM GAS  /tmp/ccnf9wtj.s 			page 34


1855:Drivers/STM32F4xx_HAL_Driver/Src/stm32f4xx_hal_sd.c ****       break;
1856:Drivers/STM32F4xx_HAL_Driver/Src/stm32f4xx_hal_sd.c ****     default :
1857:Drivers/STM32F4xx_HAL_Driver/Src/stm32f4xx_hal_sd.c ****       /* Update the error code */
1858:Drivers/STM32F4xx_HAL_Driver/Src/stm32f4xx_hal_sd.c ****       hsd->ErrorCode |= HAL_SD_ERROR_INVALID_CALLBACK;
1859:Drivers/STM32F4xx_HAL_Driver/Src/stm32f4xx_hal_sd.c ****       /* update return status */
1860:Drivers/STM32F4xx_HAL_Driver/Src/stm32f4xx_hal_sd.c ****       status =  HAL_ERROR;
1861:Drivers/STM32F4xx_HAL_Driver/Src/stm32f4xx_hal_sd.c ****       break;
1862:Drivers/STM32F4xx_HAL_Driver/Src/stm32f4xx_hal_sd.c ****     }
1863:Drivers/STM32F4xx_HAL_Driver/Src/stm32f4xx_hal_sd.c ****   }
1864:Drivers/STM32F4xx_HAL_Driver/Src/stm32f4xx_hal_sd.c ****   else if (hsd->State == HAL_SD_STATE_RESET)
1865:Drivers/STM32F4xx_HAL_Driver/Src/stm32f4xx_hal_sd.c ****   {
1866:Drivers/STM32F4xx_HAL_Driver/Src/stm32f4xx_hal_sd.c ****     switch (CallbackID)
1867:Drivers/STM32F4xx_HAL_Driver/Src/stm32f4xx_hal_sd.c ****     {
1868:Drivers/STM32F4xx_HAL_Driver/Src/stm32f4xx_hal_sd.c ****     case HAL_SD_MSP_INIT_CB_ID :
1869:Drivers/STM32F4xx_HAL_Driver/Src/stm32f4xx_hal_sd.c ****       hsd->MspInitCallback = pCallback;
1870:Drivers/STM32F4xx_HAL_Driver/Src/stm32f4xx_hal_sd.c ****       break;
1871:Drivers/STM32F4xx_HAL_Driver/Src/stm32f4xx_hal_sd.c ****     case HAL_SD_MSP_DEINIT_CB_ID :
1872:Drivers/STM32F4xx_HAL_Driver/Src/stm32f4xx_hal_sd.c ****       hsd->MspDeInitCallback = pCallback;
1873:Drivers/STM32F4xx_HAL_Driver/Src/stm32f4xx_hal_sd.c ****       break;
1874:Drivers/STM32F4xx_HAL_Driver/Src/stm32f4xx_hal_sd.c ****     default :
1875:Drivers/STM32F4xx_HAL_Driver/Src/stm32f4xx_hal_sd.c ****       /* Update the error code */
1876:Drivers/STM32F4xx_HAL_Driver/Src/stm32f4xx_hal_sd.c ****       hsd->ErrorCode |= HAL_SD_ERROR_INVALID_CALLBACK;
1877:Drivers/STM32F4xx_HAL_Driver/Src/stm32f4xx_hal_sd.c ****       /* update return status */
1878:Drivers/STM32F4xx_HAL_Driver/Src/stm32f4xx_hal_sd.c ****       status =  HAL_ERROR;
1879:Drivers/STM32F4xx_HAL_Driver/Src/stm32f4xx_hal_sd.c ****       break;
1880:Drivers/STM32F4xx_HAL_Driver/Src/stm32f4xx_hal_sd.c ****     }
1881:Drivers/STM32F4xx_HAL_Driver/Src/stm32f4xx_hal_sd.c ****   }
1882:Drivers/STM32F4xx_HAL_Driver/Src/stm32f4xx_hal_sd.c ****   else
1883:Drivers/STM32F4xx_HAL_Driver/Src/stm32f4xx_hal_sd.c ****   {
1884:Drivers/STM32F4xx_HAL_Driver/Src/stm32f4xx_hal_sd.c ****     /* Update the error code */
1885:Drivers/STM32F4xx_HAL_Driver/Src/stm32f4xx_hal_sd.c ****     hsd->ErrorCode |= HAL_SD_ERROR_INVALID_CALLBACK;
1886:Drivers/STM32F4xx_HAL_Driver/Src/stm32f4xx_hal_sd.c ****     /* update return status */
1887:Drivers/STM32F4xx_HAL_Driver/Src/stm32f4xx_hal_sd.c ****     status =  HAL_ERROR;
1888:Drivers/STM32F4xx_HAL_Driver/Src/stm32f4xx_hal_sd.c ****   }
1889:Drivers/STM32F4xx_HAL_Driver/Src/stm32f4xx_hal_sd.c **** 
1890:Drivers/STM32F4xx_HAL_Driver/Src/stm32f4xx_hal_sd.c ****   /* Release Lock */
1891:Drivers/STM32F4xx_HAL_Driver/Src/stm32f4xx_hal_sd.c ****   __HAL_UNLOCK(hsd);
1892:Drivers/STM32F4xx_HAL_Driver/Src/stm32f4xx_hal_sd.c ****   return status;
1893:Drivers/STM32F4xx_HAL_Driver/Src/stm32f4xx_hal_sd.c **** }
1894:Drivers/STM32F4xx_HAL_Driver/Src/stm32f4xx_hal_sd.c **** 
1895:Drivers/STM32F4xx_HAL_Driver/Src/stm32f4xx_hal_sd.c **** /**
1896:Drivers/STM32F4xx_HAL_Driver/Src/stm32f4xx_hal_sd.c ****   * @brief  Unregister a User SD Callback
1897:Drivers/STM32F4xx_HAL_Driver/Src/stm32f4xx_hal_sd.c ****   *         SD Callback is redirected to the weak (surcharged) predefined callback
1898:Drivers/STM32F4xx_HAL_Driver/Src/stm32f4xx_hal_sd.c ****   * @param hsd : SD handle
1899:Drivers/STM32F4xx_HAL_Driver/Src/stm32f4xx_hal_sd.c ****   * @param CallbackID : ID of the callback to be unregistered
1900:Drivers/STM32F4xx_HAL_Driver/Src/stm32f4xx_hal_sd.c ****   *        This parameter can be one of the following values:
1901:Drivers/STM32F4xx_HAL_Driver/Src/stm32f4xx_hal_sd.c ****   *          @arg @ref HAL_SD_TX_CPLT_CB_ID    SD Tx Complete Callback ID
1902:Drivers/STM32F4xx_HAL_Driver/Src/stm32f4xx_hal_sd.c ****   *          @arg @ref HAL_SD_RX_CPLT_CB_ID    SD Rx Complete Callback ID
1903:Drivers/STM32F4xx_HAL_Driver/Src/stm32f4xx_hal_sd.c ****   *          @arg @ref HAL_SD_ERROR_CB_ID      SD Error Callback ID
1904:Drivers/STM32F4xx_HAL_Driver/Src/stm32f4xx_hal_sd.c ****   *          @arg @ref HAL_SD_ABORT_CB_ID      SD Abort Callback ID
1905:Drivers/STM32F4xx_HAL_Driver/Src/stm32f4xx_hal_sd.c ****   *          @arg @ref HAL_SD_MSP_INIT_CB_ID   SD MspInit Callback ID
1906:Drivers/STM32F4xx_HAL_Driver/Src/stm32f4xx_hal_sd.c ****   *          @arg @ref HAL_SD_MSP_DEINIT_CB_ID SD MspDeInit Callback ID
1907:Drivers/STM32F4xx_HAL_Driver/Src/stm32f4xx_hal_sd.c ****   * @retval status
1908:Drivers/STM32F4xx_HAL_Driver/Src/stm32f4xx_hal_sd.c ****   */
1909:Drivers/STM32F4xx_HAL_Driver/Src/stm32f4xx_hal_sd.c **** HAL_StatusTypeDef HAL_SD_UnRegisterCallback(SD_HandleTypeDef *hsd, HAL_SD_CallbackIDTypeDef Callbac
1910:Drivers/STM32F4xx_HAL_Driver/Src/stm32f4xx_hal_sd.c **** {
1911:Drivers/STM32F4xx_HAL_Driver/Src/stm32f4xx_hal_sd.c ****   HAL_StatusTypeDef status = HAL_OK;
ARM GAS  /tmp/ccnf9wtj.s 			page 35


1912:Drivers/STM32F4xx_HAL_Driver/Src/stm32f4xx_hal_sd.c **** 
1913:Drivers/STM32F4xx_HAL_Driver/Src/stm32f4xx_hal_sd.c ****   /* Process locked */
1914:Drivers/STM32F4xx_HAL_Driver/Src/stm32f4xx_hal_sd.c ****   __HAL_LOCK(hsd);
1915:Drivers/STM32F4xx_HAL_Driver/Src/stm32f4xx_hal_sd.c **** 
1916:Drivers/STM32F4xx_HAL_Driver/Src/stm32f4xx_hal_sd.c ****   if(hsd->State == HAL_SD_STATE_READY)
1917:Drivers/STM32F4xx_HAL_Driver/Src/stm32f4xx_hal_sd.c ****   {
1918:Drivers/STM32F4xx_HAL_Driver/Src/stm32f4xx_hal_sd.c ****     switch (CallbackID)
1919:Drivers/STM32F4xx_HAL_Driver/Src/stm32f4xx_hal_sd.c ****     {
1920:Drivers/STM32F4xx_HAL_Driver/Src/stm32f4xx_hal_sd.c ****     case HAL_SD_TX_CPLT_CB_ID :
1921:Drivers/STM32F4xx_HAL_Driver/Src/stm32f4xx_hal_sd.c ****       hsd->TxCpltCallback = HAL_SD_TxCpltCallback;
1922:Drivers/STM32F4xx_HAL_Driver/Src/stm32f4xx_hal_sd.c ****       break;
1923:Drivers/STM32F4xx_HAL_Driver/Src/stm32f4xx_hal_sd.c ****     case HAL_SD_RX_CPLT_CB_ID :
1924:Drivers/STM32F4xx_HAL_Driver/Src/stm32f4xx_hal_sd.c ****       hsd->RxCpltCallback = HAL_SD_RxCpltCallback;
1925:Drivers/STM32F4xx_HAL_Driver/Src/stm32f4xx_hal_sd.c ****       break;
1926:Drivers/STM32F4xx_HAL_Driver/Src/stm32f4xx_hal_sd.c ****     case HAL_SD_ERROR_CB_ID :
1927:Drivers/STM32F4xx_HAL_Driver/Src/stm32f4xx_hal_sd.c ****       hsd->ErrorCallback = HAL_SD_ErrorCallback;
1928:Drivers/STM32F4xx_HAL_Driver/Src/stm32f4xx_hal_sd.c ****       break;
1929:Drivers/STM32F4xx_HAL_Driver/Src/stm32f4xx_hal_sd.c ****     case HAL_SD_ABORT_CB_ID :
1930:Drivers/STM32F4xx_HAL_Driver/Src/stm32f4xx_hal_sd.c ****       hsd->AbortCpltCallback = HAL_SD_AbortCallback;
1931:Drivers/STM32F4xx_HAL_Driver/Src/stm32f4xx_hal_sd.c ****       break;
1932:Drivers/STM32F4xx_HAL_Driver/Src/stm32f4xx_hal_sd.c ****     case HAL_SD_MSP_INIT_CB_ID :
1933:Drivers/STM32F4xx_HAL_Driver/Src/stm32f4xx_hal_sd.c ****       hsd->MspInitCallback = HAL_SD_MspInit;
1934:Drivers/STM32F4xx_HAL_Driver/Src/stm32f4xx_hal_sd.c ****       break;
1935:Drivers/STM32F4xx_HAL_Driver/Src/stm32f4xx_hal_sd.c ****     case HAL_SD_MSP_DEINIT_CB_ID :
1936:Drivers/STM32F4xx_HAL_Driver/Src/stm32f4xx_hal_sd.c ****       hsd->MspDeInitCallback = HAL_SD_MspDeInit;
1937:Drivers/STM32F4xx_HAL_Driver/Src/stm32f4xx_hal_sd.c ****       break;
1938:Drivers/STM32F4xx_HAL_Driver/Src/stm32f4xx_hal_sd.c ****     default :
1939:Drivers/STM32F4xx_HAL_Driver/Src/stm32f4xx_hal_sd.c ****       /* Update the error code */
1940:Drivers/STM32F4xx_HAL_Driver/Src/stm32f4xx_hal_sd.c ****       hsd->ErrorCode |= HAL_SD_ERROR_INVALID_CALLBACK;
1941:Drivers/STM32F4xx_HAL_Driver/Src/stm32f4xx_hal_sd.c ****       /* update return status */
1942:Drivers/STM32F4xx_HAL_Driver/Src/stm32f4xx_hal_sd.c ****       status =  HAL_ERROR;
1943:Drivers/STM32F4xx_HAL_Driver/Src/stm32f4xx_hal_sd.c ****       break;
1944:Drivers/STM32F4xx_HAL_Driver/Src/stm32f4xx_hal_sd.c ****     }
1945:Drivers/STM32F4xx_HAL_Driver/Src/stm32f4xx_hal_sd.c ****   }
1946:Drivers/STM32F4xx_HAL_Driver/Src/stm32f4xx_hal_sd.c ****   else if (hsd->State == HAL_SD_STATE_RESET)
1947:Drivers/STM32F4xx_HAL_Driver/Src/stm32f4xx_hal_sd.c ****   {
1948:Drivers/STM32F4xx_HAL_Driver/Src/stm32f4xx_hal_sd.c ****     switch (CallbackID)
1949:Drivers/STM32F4xx_HAL_Driver/Src/stm32f4xx_hal_sd.c ****     {
1950:Drivers/STM32F4xx_HAL_Driver/Src/stm32f4xx_hal_sd.c ****     case HAL_SD_MSP_INIT_CB_ID :
1951:Drivers/STM32F4xx_HAL_Driver/Src/stm32f4xx_hal_sd.c ****       hsd->MspInitCallback = HAL_SD_MspInit;
1952:Drivers/STM32F4xx_HAL_Driver/Src/stm32f4xx_hal_sd.c ****       break;
1953:Drivers/STM32F4xx_HAL_Driver/Src/stm32f4xx_hal_sd.c ****     case HAL_SD_MSP_DEINIT_CB_ID :
1954:Drivers/STM32F4xx_HAL_Driver/Src/stm32f4xx_hal_sd.c ****       hsd->MspDeInitCallback = HAL_SD_MspDeInit;
1955:Drivers/STM32F4xx_HAL_Driver/Src/stm32f4xx_hal_sd.c ****       break;
1956:Drivers/STM32F4xx_HAL_Driver/Src/stm32f4xx_hal_sd.c ****     default :
1957:Drivers/STM32F4xx_HAL_Driver/Src/stm32f4xx_hal_sd.c ****       /* Update the error code */
1958:Drivers/STM32F4xx_HAL_Driver/Src/stm32f4xx_hal_sd.c ****       hsd->ErrorCode |= HAL_SD_ERROR_INVALID_CALLBACK;
1959:Drivers/STM32F4xx_HAL_Driver/Src/stm32f4xx_hal_sd.c ****       /* update return status */
1960:Drivers/STM32F4xx_HAL_Driver/Src/stm32f4xx_hal_sd.c ****       status =  HAL_ERROR;
1961:Drivers/STM32F4xx_HAL_Driver/Src/stm32f4xx_hal_sd.c ****       break;
1962:Drivers/STM32F4xx_HAL_Driver/Src/stm32f4xx_hal_sd.c ****     }
1963:Drivers/STM32F4xx_HAL_Driver/Src/stm32f4xx_hal_sd.c ****   }
1964:Drivers/STM32F4xx_HAL_Driver/Src/stm32f4xx_hal_sd.c ****   else
1965:Drivers/STM32F4xx_HAL_Driver/Src/stm32f4xx_hal_sd.c ****   {
1966:Drivers/STM32F4xx_HAL_Driver/Src/stm32f4xx_hal_sd.c ****     /* Update the error code */
1967:Drivers/STM32F4xx_HAL_Driver/Src/stm32f4xx_hal_sd.c ****     hsd->ErrorCode |= HAL_SD_ERROR_INVALID_CALLBACK;
1968:Drivers/STM32F4xx_HAL_Driver/Src/stm32f4xx_hal_sd.c ****     /* update return status */
ARM GAS  /tmp/ccnf9wtj.s 			page 36


1969:Drivers/STM32F4xx_HAL_Driver/Src/stm32f4xx_hal_sd.c ****     status =  HAL_ERROR;
1970:Drivers/STM32F4xx_HAL_Driver/Src/stm32f4xx_hal_sd.c ****   }
1971:Drivers/STM32F4xx_HAL_Driver/Src/stm32f4xx_hal_sd.c **** 
1972:Drivers/STM32F4xx_HAL_Driver/Src/stm32f4xx_hal_sd.c ****   /* Release Lock */
1973:Drivers/STM32F4xx_HAL_Driver/Src/stm32f4xx_hal_sd.c ****   __HAL_UNLOCK(hsd);
1974:Drivers/STM32F4xx_HAL_Driver/Src/stm32f4xx_hal_sd.c ****   return status;
1975:Drivers/STM32F4xx_HAL_Driver/Src/stm32f4xx_hal_sd.c **** }
1976:Drivers/STM32F4xx_HAL_Driver/Src/stm32f4xx_hal_sd.c **** #endif /* USE_HAL_SD_REGISTER_CALLBACKS */
1977:Drivers/STM32F4xx_HAL_Driver/Src/stm32f4xx_hal_sd.c **** 
1978:Drivers/STM32F4xx_HAL_Driver/Src/stm32f4xx_hal_sd.c **** /**
1979:Drivers/STM32F4xx_HAL_Driver/Src/stm32f4xx_hal_sd.c ****   * @}
1980:Drivers/STM32F4xx_HAL_Driver/Src/stm32f4xx_hal_sd.c ****   */
1981:Drivers/STM32F4xx_HAL_Driver/Src/stm32f4xx_hal_sd.c **** 
1982:Drivers/STM32F4xx_HAL_Driver/Src/stm32f4xx_hal_sd.c **** /** @addtogroup SD_Exported_Functions_Group3
1983:Drivers/STM32F4xx_HAL_Driver/Src/stm32f4xx_hal_sd.c ****  *  @brief   management functions
1984:Drivers/STM32F4xx_HAL_Driver/Src/stm32f4xx_hal_sd.c ****  *
1985:Drivers/STM32F4xx_HAL_Driver/Src/stm32f4xx_hal_sd.c **** @verbatim
1986:Drivers/STM32F4xx_HAL_Driver/Src/stm32f4xx_hal_sd.c ****   ==============================================================================
1987:Drivers/STM32F4xx_HAL_Driver/Src/stm32f4xx_hal_sd.c ****                       ##### Peripheral Control functions #####
1988:Drivers/STM32F4xx_HAL_Driver/Src/stm32f4xx_hal_sd.c ****   ==============================================================================
1989:Drivers/STM32F4xx_HAL_Driver/Src/stm32f4xx_hal_sd.c ****   [..]
1990:Drivers/STM32F4xx_HAL_Driver/Src/stm32f4xx_hal_sd.c ****     This subsection provides a set of functions allowing to control the SD card
1991:Drivers/STM32F4xx_HAL_Driver/Src/stm32f4xx_hal_sd.c ****     operations and get the related information
1992:Drivers/STM32F4xx_HAL_Driver/Src/stm32f4xx_hal_sd.c **** 
1993:Drivers/STM32F4xx_HAL_Driver/Src/stm32f4xx_hal_sd.c **** @endverbatim
1994:Drivers/STM32F4xx_HAL_Driver/Src/stm32f4xx_hal_sd.c ****   * @{
1995:Drivers/STM32F4xx_HAL_Driver/Src/stm32f4xx_hal_sd.c ****   */
1996:Drivers/STM32F4xx_HAL_Driver/Src/stm32f4xx_hal_sd.c **** 
1997:Drivers/STM32F4xx_HAL_Driver/Src/stm32f4xx_hal_sd.c **** /**
1998:Drivers/STM32F4xx_HAL_Driver/Src/stm32f4xx_hal_sd.c ****   * @brief  Returns information the information of the card which are stored on
1999:Drivers/STM32F4xx_HAL_Driver/Src/stm32f4xx_hal_sd.c ****   *         the CID register.
2000:Drivers/STM32F4xx_HAL_Driver/Src/stm32f4xx_hal_sd.c ****   * @param  hsd: Pointer to SD handle
2001:Drivers/STM32F4xx_HAL_Driver/Src/stm32f4xx_hal_sd.c ****   * @param  pCID: Pointer to a HAL_SD_CardCIDTypeDef structure that  
2002:Drivers/STM32F4xx_HAL_Driver/Src/stm32f4xx_hal_sd.c ****   *         contains all CID register parameters
2003:Drivers/STM32F4xx_HAL_Driver/Src/stm32f4xx_hal_sd.c ****   * @retval HAL status
2004:Drivers/STM32F4xx_HAL_Driver/Src/stm32f4xx_hal_sd.c ****   */
2005:Drivers/STM32F4xx_HAL_Driver/Src/stm32f4xx_hal_sd.c **** HAL_StatusTypeDef HAL_SD_GetCardCID(SD_HandleTypeDef *hsd, HAL_SD_CardCIDTypeDef *pCID)
2006:Drivers/STM32F4xx_HAL_Driver/Src/stm32f4xx_hal_sd.c **** {
2007:Drivers/STM32F4xx_HAL_Driver/Src/stm32f4xx_hal_sd.c ****   pCID->ManufacturerID = (uint8_t)((hsd->CID[0] & 0xFF000000U) >> 24U);
2008:Drivers/STM32F4xx_HAL_Driver/Src/stm32f4xx_hal_sd.c **** 
2009:Drivers/STM32F4xx_HAL_Driver/Src/stm32f4xx_hal_sd.c ****   pCID->OEM_AppliID = (uint16_t)((hsd->CID[0] & 0x00FFFF00U) >> 8U);
2010:Drivers/STM32F4xx_HAL_Driver/Src/stm32f4xx_hal_sd.c **** 
2011:Drivers/STM32F4xx_HAL_Driver/Src/stm32f4xx_hal_sd.c ****   pCID->ProdName1 = (((hsd->CID[0] & 0x000000FFU) << 24U) | ((hsd->CID[1] & 0xFFFFFF00U) >> 8U));
2012:Drivers/STM32F4xx_HAL_Driver/Src/stm32f4xx_hal_sd.c **** 
2013:Drivers/STM32F4xx_HAL_Driver/Src/stm32f4xx_hal_sd.c ****   pCID->ProdName2 = (uint8_t)(hsd->CID[1] & 0x000000FFU);
2014:Drivers/STM32F4xx_HAL_Driver/Src/stm32f4xx_hal_sd.c **** 
2015:Drivers/STM32F4xx_HAL_Driver/Src/stm32f4xx_hal_sd.c ****   pCID->ProdRev = (uint8_t)((hsd->CID[2] & 0xFF000000U) >> 24U);
2016:Drivers/STM32F4xx_HAL_Driver/Src/stm32f4xx_hal_sd.c **** 
2017:Drivers/STM32F4xx_HAL_Driver/Src/stm32f4xx_hal_sd.c ****   pCID->ProdSN = (((hsd->CID[2] & 0x00FFFFFFU) << 8U) | ((hsd->CID[3] & 0xFF000000U) >> 24U));
2018:Drivers/STM32F4xx_HAL_Driver/Src/stm32f4xx_hal_sd.c **** 
2019:Drivers/STM32F4xx_HAL_Driver/Src/stm32f4xx_hal_sd.c ****   pCID->Reserved1 = (uint8_t)((hsd->CID[3] & 0x00F00000U) >> 20U);
2020:Drivers/STM32F4xx_HAL_Driver/Src/stm32f4xx_hal_sd.c **** 
2021:Drivers/STM32F4xx_HAL_Driver/Src/stm32f4xx_hal_sd.c ****   pCID->ManufactDate = (uint16_t)((hsd->CID[3] & 0x000FFF00U) >> 8U);
2022:Drivers/STM32F4xx_HAL_Driver/Src/stm32f4xx_hal_sd.c **** 
2023:Drivers/STM32F4xx_HAL_Driver/Src/stm32f4xx_hal_sd.c ****   pCID->CID_CRC = (uint8_t)((hsd->CID[3] & 0x000000FEU) >> 1U);
2024:Drivers/STM32F4xx_HAL_Driver/Src/stm32f4xx_hal_sd.c **** 
2025:Drivers/STM32F4xx_HAL_Driver/Src/stm32f4xx_hal_sd.c ****   pCID->Reserved2 = 1U;
ARM GAS  /tmp/ccnf9wtj.s 			page 37


2026:Drivers/STM32F4xx_HAL_Driver/Src/stm32f4xx_hal_sd.c **** 
2027:Drivers/STM32F4xx_HAL_Driver/Src/stm32f4xx_hal_sd.c ****   return HAL_OK;
2028:Drivers/STM32F4xx_HAL_Driver/Src/stm32f4xx_hal_sd.c **** }
2029:Drivers/STM32F4xx_HAL_Driver/Src/stm32f4xx_hal_sd.c **** 
2030:Drivers/STM32F4xx_HAL_Driver/Src/stm32f4xx_hal_sd.c **** /**
2031:Drivers/STM32F4xx_HAL_Driver/Src/stm32f4xx_hal_sd.c ****   * @brief  Returns information the information of the card which are stored on
2032:Drivers/STM32F4xx_HAL_Driver/Src/stm32f4xx_hal_sd.c ****   *         the CSD register.
2033:Drivers/STM32F4xx_HAL_Driver/Src/stm32f4xx_hal_sd.c ****   * @param  hsd: Pointer to SD handle
2034:Drivers/STM32F4xx_HAL_Driver/Src/stm32f4xx_hal_sd.c ****   * @param  pCSD: Pointer to a HAL_SD_CardCSDTypeDef structure that  
2035:Drivers/STM32F4xx_HAL_Driver/Src/stm32f4xx_hal_sd.c ****   *         contains all CSD register parameters
2036:Drivers/STM32F4xx_HAL_Driver/Src/stm32f4xx_hal_sd.c ****   * @retval HAL status
2037:Drivers/STM32F4xx_HAL_Driver/Src/stm32f4xx_hal_sd.c ****   */
2038:Drivers/STM32F4xx_HAL_Driver/Src/stm32f4xx_hal_sd.c **** HAL_StatusTypeDef HAL_SD_GetCardCSD(SD_HandleTypeDef *hsd, HAL_SD_CardCSDTypeDef *pCSD)
2039:Drivers/STM32F4xx_HAL_Driver/Src/stm32f4xx_hal_sd.c **** {
2040:Drivers/STM32F4xx_HAL_Driver/Src/stm32f4xx_hal_sd.c ****   pCSD->CSDStruct = (uint8_t)((hsd->CSD[0] & 0xC0000000U) >> 30U);
2041:Drivers/STM32F4xx_HAL_Driver/Src/stm32f4xx_hal_sd.c **** 
2042:Drivers/STM32F4xx_HAL_Driver/Src/stm32f4xx_hal_sd.c ****   pCSD->SysSpecVersion = (uint8_t)((hsd->CSD[0] & 0x3C000000U) >> 26U);
2043:Drivers/STM32F4xx_HAL_Driver/Src/stm32f4xx_hal_sd.c **** 
2044:Drivers/STM32F4xx_HAL_Driver/Src/stm32f4xx_hal_sd.c ****   pCSD->Reserved1 = (uint8_t)((hsd->CSD[0] & 0x03000000U) >> 24U);
2045:Drivers/STM32F4xx_HAL_Driver/Src/stm32f4xx_hal_sd.c **** 
2046:Drivers/STM32F4xx_HAL_Driver/Src/stm32f4xx_hal_sd.c ****   pCSD->TAAC = (uint8_t)((hsd->CSD[0] & 0x00FF0000U) >> 16U);
2047:Drivers/STM32F4xx_HAL_Driver/Src/stm32f4xx_hal_sd.c **** 
2048:Drivers/STM32F4xx_HAL_Driver/Src/stm32f4xx_hal_sd.c ****   pCSD->NSAC = (uint8_t)((hsd->CSD[0] & 0x0000FF00U) >> 8U);
2049:Drivers/STM32F4xx_HAL_Driver/Src/stm32f4xx_hal_sd.c **** 
2050:Drivers/STM32F4xx_HAL_Driver/Src/stm32f4xx_hal_sd.c ****   pCSD->MaxBusClkFrec = (uint8_t)(hsd->CSD[0] & 0x000000FFU);
2051:Drivers/STM32F4xx_HAL_Driver/Src/stm32f4xx_hal_sd.c **** 
2052:Drivers/STM32F4xx_HAL_Driver/Src/stm32f4xx_hal_sd.c ****   pCSD->CardComdClasses = (uint16_t)((hsd->CSD[1] & 0xFFF00000U) >> 20U);
2053:Drivers/STM32F4xx_HAL_Driver/Src/stm32f4xx_hal_sd.c **** 
2054:Drivers/STM32F4xx_HAL_Driver/Src/stm32f4xx_hal_sd.c ****   pCSD->RdBlockLen = (uint8_t)((hsd->CSD[1] & 0x000F0000U) >> 16U);
2055:Drivers/STM32F4xx_HAL_Driver/Src/stm32f4xx_hal_sd.c **** 
2056:Drivers/STM32F4xx_HAL_Driver/Src/stm32f4xx_hal_sd.c ****   pCSD->PartBlockRead   = (uint8_t)((hsd->CSD[1] & 0x00008000U) >> 15U);
2057:Drivers/STM32F4xx_HAL_Driver/Src/stm32f4xx_hal_sd.c **** 
2058:Drivers/STM32F4xx_HAL_Driver/Src/stm32f4xx_hal_sd.c ****   pCSD->WrBlockMisalign = (uint8_t)((hsd->CSD[1] & 0x00004000U) >> 14U);
2059:Drivers/STM32F4xx_HAL_Driver/Src/stm32f4xx_hal_sd.c **** 
2060:Drivers/STM32F4xx_HAL_Driver/Src/stm32f4xx_hal_sd.c ****   pCSD->RdBlockMisalign = (uint8_t)((hsd->CSD[1] & 0x00002000U) >> 13U);
2061:Drivers/STM32F4xx_HAL_Driver/Src/stm32f4xx_hal_sd.c **** 
2062:Drivers/STM32F4xx_HAL_Driver/Src/stm32f4xx_hal_sd.c ****   pCSD->DSRImpl = (uint8_t)((hsd->CSD[1] & 0x00001000U) >> 12U);
2063:Drivers/STM32F4xx_HAL_Driver/Src/stm32f4xx_hal_sd.c **** 
2064:Drivers/STM32F4xx_HAL_Driver/Src/stm32f4xx_hal_sd.c ****   pCSD->Reserved2 = 0U; /*!< Reserved */
2065:Drivers/STM32F4xx_HAL_Driver/Src/stm32f4xx_hal_sd.c **** 
2066:Drivers/STM32F4xx_HAL_Driver/Src/stm32f4xx_hal_sd.c ****   if(hsd->SdCard.CardType == CARD_SDSC)
2067:Drivers/STM32F4xx_HAL_Driver/Src/stm32f4xx_hal_sd.c ****   {
2068:Drivers/STM32F4xx_HAL_Driver/Src/stm32f4xx_hal_sd.c ****     pCSD->DeviceSize = (((hsd->CSD[1] & 0x000003FFU) << 2U) | ((hsd->CSD[2] & 0xC0000000U) >> 30U))
2069:Drivers/STM32F4xx_HAL_Driver/Src/stm32f4xx_hal_sd.c **** 
2070:Drivers/STM32F4xx_HAL_Driver/Src/stm32f4xx_hal_sd.c ****     pCSD->MaxRdCurrentVDDMin = (uint8_t)((hsd->CSD[2] & 0x38000000U) >> 27U);
2071:Drivers/STM32F4xx_HAL_Driver/Src/stm32f4xx_hal_sd.c **** 
2072:Drivers/STM32F4xx_HAL_Driver/Src/stm32f4xx_hal_sd.c ****     pCSD->MaxRdCurrentVDDMax = (uint8_t)((hsd->CSD[2] & 0x07000000U) >> 24U);
2073:Drivers/STM32F4xx_HAL_Driver/Src/stm32f4xx_hal_sd.c **** 
2074:Drivers/STM32F4xx_HAL_Driver/Src/stm32f4xx_hal_sd.c ****     pCSD->MaxWrCurrentVDDMin = (uint8_t)((hsd->CSD[2] & 0x00E00000U) >> 21U);
2075:Drivers/STM32F4xx_HAL_Driver/Src/stm32f4xx_hal_sd.c **** 
2076:Drivers/STM32F4xx_HAL_Driver/Src/stm32f4xx_hal_sd.c ****     pCSD->MaxWrCurrentVDDMax = (uint8_t)((hsd->CSD[2] & 0x001C0000U) >> 18U);
2077:Drivers/STM32F4xx_HAL_Driver/Src/stm32f4xx_hal_sd.c **** 
2078:Drivers/STM32F4xx_HAL_Driver/Src/stm32f4xx_hal_sd.c ****     pCSD->DeviceSizeMul = (uint8_t)((hsd->CSD[2] & 0x00038000U) >> 15U);
2079:Drivers/STM32F4xx_HAL_Driver/Src/stm32f4xx_hal_sd.c **** 
2080:Drivers/STM32F4xx_HAL_Driver/Src/stm32f4xx_hal_sd.c ****     hsd->SdCard.BlockNbr  = (pCSD->DeviceSize + 1U) ;
2081:Drivers/STM32F4xx_HAL_Driver/Src/stm32f4xx_hal_sd.c ****     hsd->SdCard.BlockNbr *= (1UL << ((pCSD->DeviceSizeMul & 0x07U) + 2U));
2082:Drivers/STM32F4xx_HAL_Driver/Src/stm32f4xx_hal_sd.c ****     hsd->SdCard.BlockSize = (1UL << (pCSD->RdBlockLen & 0x0FU));
ARM GAS  /tmp/ccnf9wtj.s 			page 38


2083:Drivers/STM32F4xx_HAL_Driver/Src/stm32f4xx_hal_sd.c **** 
2084:Drivers/STM32F4xx_HAL_Driver/Src/stm32f4xx_hal_sd.c ****     hsd->SdCard.LogBlockNbr =  (hsd->SdCard.BlockNbr) * ((hsd->SdCard.BlockSize) / 512U);
2085:Drivers/STM32F4xx_HAL_Driver/Src/stm32f4xx_hal_sd.c ****     hsd->SdCard.LogBlockSize = 512U;
2086:Drivers/STM32F4xx_HAL_Driver/Src/stm32f4xx_hal_sd.c ****   }
2087:Drivers/STM32F4xx_HAL_Driver/Src/stm32f4xx_hal_sd.c ****   else if(hsd->SdCard.CardType == CARD_SDHC_SDXC)
2088:Drivers/STM32F4xx_HAL_Driver/Src/stm32f4xx_hal_sd.c ****   {
2089:Drivers/STM32F4xx_HAL_Driver/Src/stm32f4xx_hal_sd.c ****     /* Byte 7 */
2090:Drivers/STM32F4xx_HAL_Driver/Src/stm32f4xx_hal_sd.c ****     pCSD->DeviceSize = (((hsd->CSD[1] & 0x0000003FU) << 16U) | ((hsd->CSD[2] & 0xFFFF0000U) >> 16U)
2091:Drivers/STM32F4xx_HAL_Driver/Src/stm32f4xx_hal_sd.c **** 
2092:Drivers/STM32F4xx_HAL_Driver/Src/stm32f4xx_hal_sd.c ****     hsd->SdCard.BlockNbr = ((pCSD->DeviceSize + 1U) * 1024U);
2093:Drivers/STM32F4xx_HAL_Driver/Src/stm32f4xx_hal_sd.c ****     hsd->SdCard.LogBlockNbr = hsd->SdCard.BlockNbr;
2094:Drivers/STM32F4xx_HAL_Driver/Src/stm32f4xx_hal_sd.c ****     hsd->SdCard.BlockSize = 512U;
2095:Drivers/STM32F4xx_HAL_Driver/Src/stm32f4xx_hal_sd.c ****     hsd->SdCard.LogBlockSize = hsd->SdCard.BlockSize;
2096:Drivers/STM32F4xx_HAL_Driver/Src/stm32f4xx_hal_sd.c ****   }
2097:Drivers/STM32F4xx_HAL_Driver/Src/stm32f4xx_hal_sd.c ****   else
2098:Drivers/STM32F4xx_HAL_Driver/Src/stm32f4xx_hal_sd.c ****   {
2099:Drivers/STM32F4xx_HAL_Driver/Src/stm32f4xx_hal_sd.c ****     /* Clear all the static flags */
2100:Drivers/STM32F4xx_HAL_Driver/Src/stm32f4xx_hal_sd.c ****     __HAL_SD_CLEAR_FLAG(hsd, SDIO_STATIC_FLAGS);
2101:Drivers/STM32F4xx_HAL_Driver/Src/stm32f4xx_hal_sd.c ****     hsd->ErrorCode |= HAL_SD_ERROR_UNSUPPORTED_FEATURE;
2102:Drivers/STM32F4xx_HAL_Driver/Src/stm32f4xx_hal_sd.c ****     hsd->State = HAL_SD_STATE_READY;
2103:Drivers/STM32F4xx_HAL_Driver/Src/stm32f4xx_hal_sd.c ****     return HAL_ERROR;
2104:Drivers/STM32F4xx_HAL_Driver/Src/stm32f4xx_hal_sd.c ****   }
2105:Drivers/STM32F4xx_HAL_Driver/Src/stm32f4xx_hal_sd.c **** 
2106:Drivers/STM32F4xx_HAL_Driver/Src/stm32f4xx_hal_sd.c ****   pCSD->EraseGrSize = (uint8_t)((hsd->CSD[2] & 0x00004000U) >> 14U);
2107:Drivers/STM32F4xx_HAL_Driver/Src/stm32f4xx_hal_sd.c **** 
2108:Drivers/STM32F4xx_HAL_Driver/Src/stm32f4xx_hal_sd.c ****   pCSD->EraseGrMul = (uint8_t)((hsd->CSD[2] & 0x00003F80U) >> 7U);
2109:Drivers/STM32F4xx_HAL_Driver/Src/stm32f4xx_hal_sd.c **** 
2110:Drivers/STM32F4xx_HAL_Driver/Src/stm32f4xx_hal_sd.c ****   pCSD->WrProtectGrSize = (uint8_t)(hsd->CSD[2] & 0x0000007FU);
2111:Drivers/STM32F4xx_HAL_Driver/Src/stm32f4xx_hal_sd.c **** 
2112:Drivers/STM32F4xx_HAL_Driver/Src/stm32f4xx_hal_sd.c ****   pCSD->WrProtectGrEnable = (uint8_t)((hsd->CSD[3] & 0x80000000U) >> 31U);
2113:Drivers/STM32F4xx_HAL_Driver/Src/stm32f4xx_hal_sd.c **** 
2114:Drivers/STM32F4xx_HAL_Driver/Src/stm32f4xx_hal_sd.c ****   pCSD->ManDeflECC = (uint8_t)((hsd->CSD[3] & 0x60000000U) >> 29U);
2115:Drivers/STM32F4xx_HAL_Driver/Src/stm32f4xx_hal_sd.c **** 
2116:Drivers/STM32F4xx_HAL_Driver/Src/stm32f4xx_hal_sd.c ****   pCSD->WrSpeedFact = (uint8_t)((hsd->CSD[3] & 0x1C000000U) >> 26U);
2117:Drivers/STM32F4xx_HAL_Driver/Src/stm32f4xx_hal_sd.c **** 
2118:Drivers/STM32F4xx_HAL_Driver/Src/stm32f4xx_hal_sd.c ****   pCSD->MaxWrBlockLen= (uint8_t)((hsd->CSD[3] & 0x03C00000U) >> 22U);
2119:Drivers/STM32F4xx_HAL_Driver/Src/stm32f4xx_hal_sd.c **** 
2120:Drivers/STM32F4xx_HAL_Driver/Src/stm32f4xx_hal_sd.c ****   pCSD->WriteBlockPaPartial = (uint8_t)((hsd->CSD[3] & 0x00200000U) >> 21U);
2121:Drivers/STM32F4xx_HAL_Driver/Src/stm32f4xx_hal_sd.c **** 
2122:Drivers/STM32F4xx_HAL_Driver/Src/stm32f4xx_hal_sd.c ****   pCSD->Reserved3 = 0;
2123:Drivers/STM32F4xx_HAL_Driver/Src/stm32f4xx_hal_sd.c **** 
2124:Drivers/STM32F4xx_HAL_Driver/Src/stm32f4xx_hal_sd.c ****   pCSD->ContentProtectAppli = (uint8_t)((hsd->CSD[3] & 0x00010000U) >> 16U);
2125:Drivers/STM32F4xx_HAL_Driver/Src/stm32f4xx_hal_sd.c **** 
2126:Drivers/STM32F4xx_HAL_Driver/Src/stm32f4xx_hal_sd.c ****   pCSD->FileFormatGroup = (uint8_t)((hsd->CSD[3] & 0x00008000U) >> 15U);
2127:Drivers/STM32F4xx_HAL_Driver/Src/stm32f4xx_hal_sd.c **** 
2128:Drivers/STM32F4xx_HAL_Driver/Src/stm32f4xx_hal_sd.c ****   pCSD->CopyFlag = (uint8_t)((hsd->CSD[3] & 0x00004000U) >> 14U);
2129:Drivers/STM32F4xx_HAL_Driver/Src/stm32f4xx_hal_sd.c **** 
2130:Drivers/STM32F4xx_HAL_Driver/Src/stm32f4xx_hal_sd.c ****   pCSD->PermWrProtect = (uint8_t)((hsd->CSD[3] & 0x00002000U) >> 13U);
2131:Drivers/STM32F4xx_HAL_Driver/Src/stm32f4xx_hal_sd.c **** 
2132:Drivers/STM32F4xx_HAL_Driver/Src/stm32f4xx_hal_sd.c ****   pCSD->TempWrProtect = (uint8_t)((hsd->CSD[3] & 0x00001000U) >> 12U);
2133:Drivers/STM32F4xx_HAL_Driver/Src/stm32f4xx_hal_sd.c **** 
2134:Drivers/STM32F4xx_HAL_Driver/Src/stm32f4xx_hal_sd.c ****   pCSD->FileFormat = (uint8_t)((hsd->CSD[3] & 0x00000C00U) >> 10U);
2135:Drivers/STM32F4xx_HAL_Driver/Src/stm32f4xx_hal_sd.c **** 
2136:Drivers/STM32F4xx_HAL_Driver/Src/stm32f4xx_hal_sd.c ****   pCSD->ECC= (uint8_t)((hsd->CSD[3] & 0x00000300U) >> 8U);
2137:Drivers/STM32F4xx_HAL_Driver/Src/stm32f4xx_hal_sd.c **** 
2138:Drivers/STM32F4xx_HAL_Driver/Src/stm32f4xx_hal_sd.c ****   pCSD->CSD_CRC = (uint8_t)((hsd->CSD[3] & 0x000000FEU) >> 1U);
2139:Drivers/STM32F4xx_HAL_Driver/Src/stm32f4xx_hal_sd.c **** 
ARM GAS  /tmp/ccnf9wtj.s 			page 39


2140:Drivers/STM32F4xx_HAL_Driver/Src/stm32f4xx_hal_sd.c ****   pCSD->Reserved4 = 1;
2141:Drivers/STM32F4xx_HAL_Driver/Src/stm32f4xx_hal_sd.c **** 
2142:Drivers/STM32F4xx_HAL_Driver/Src/stm32f4xx_hal_sd.c ****   return HAL_OK;
2143:Drivers/STM32F4xx_HAL_Driver/Src/stm32f4xx_hal_sd.c **** }
2144:Drivers/STM32F4xx_HAL_Driver/Src/stm32f4xx_hal_sd.c **** 
2145:Drivers/STM32F4xx_HAL_Driver/Src/stm32f4xx_hal_sd.c **** /**
2146:Drivers/STM32F4xx_HAL_Driver/Src/stm32f4xx_hal_sd.c ****   * @brief  Gets the SD status info.
2147:Drivers/STM32F4xx_HAL_Driver/Src/stm32f4xx_hal_sd.c ****   * @param  hsd: Pointer to SD handle
2148:Drivers/STM32F4xx_HAL_Driver/Src/stm32f4xx_hal_sd.c ****   * @param  pStatus: Pointer to the HAL_SD_CardStatusTypeDef structure that 
2149:Drivers/STM32F4xx_HAL_Driver/Src/stm32f4xx_hal_sd.c ****   *         will contain the SD card status information
2150:Drivers/STM32F4xx_HAL_Driver/Src/stm32f4xx_hal_sd.c ****   * @retval HAL status
2151:Drivers/STM32F4xx_HAL_Driver/Src/stm32f4xx_hal_sd.c ****   */
2152:Drivers/STM32F4xx_HAL_Driver/Src/stm32f4xx_hal_sd.c **** HAL_StatusTypeDef HAL_SD_GetCardStatus(SD_HandleTypeDef *hsd, HAL_SD_CardStatusTypeDef *pStatus)
2153:Drivers/STM32F4xx_HAL_Driver/Src/stm32f4xx_hal_sd.c **** {
2154:Drivers/STM32F4xx_HAL_Driver/Src/stm32f4xx_hal_sd.c ****   uint32_t sd_status[16];
2155:Drivers/STM32F4xx_HAL_Driver/Src/stm32f4xx_hal_sd.c ****   uint32_t errorstate;
2156:Drivers/STM32F4xx_HAL_Driver/Src/stm32f4xx_hal_sd.c ****   HAL_StatusTypeDef status = HAL_OK;
2157:Drivers/STM32F4xx_HAL_Driver/Src/stm32f4xx_hal_sd.c **** 
2158:Drivers/STM32F4xx_HAL_Driver/Src/stm32f4xx_hal_sd.c ****   errorstate = SD_SendSDStatus(hsd, sd_status);
2159:Drivers/STM32F4xx_HAL_Driver/Src/stm32f4xx_hal_sd.c ****   if(errorstate != HAL_SD_ERROR_NONE)
2160:Drivers/STM32F4xx_HAL_Driver/Src/stm32f4xx_hal_sd.c ****   {
2161:Drivers/STM32F4xx_HAL_Driver/Src/stm32f4xx_hal_sd.c ****     /* Clear all the static flags */
2162:Drivers/STM32F4xx_HAL_Driver/Src/stm32f4xx_hal_sd.c ****     __HAL_SD_CLEAR_FLAG(hsd, SDIO_STATIC_FLAGS);
2163:Drivers/STM32F4xx_HAL_Driver/Src/stm32f4xx_hal_sd.c ****     hsd->ErrorCode |= errorstate;
2164:Drivers/STM32F4xx_HAL_Driver/Src/stm32f4xx_hal_sd.c ****     hsd->State = HAL_SD_STATE_READY;
2165:Drivers/STM32F4xx_HAL_Driver/Src/stm32f4xx_hal_sd.c ****     status = HAL_ERROR;
2166:Drivers/STM32F4xx_HAL_Driver/Src/stm32f4xx_hal_sd.c ****   }
2167:Drivers/STM32F4xx_HAL_Driver/Src/stm32f4xx_hal_sd.c ****   else
2168:Drivers/STM32F4xx_HAL_Driver/Src/stm32f4xx_hal_sd.c ****   {
2169:Drivers/STM32F4xx_HAL_Driver/Src/stm32f4xx_hal_sd.c ****     pStatus->DataBusWidth = (uint8_t)((sd_status[0] & 0xC0U) >> 6U);
2170:Drivers/STM32F4xx_HAL_Driver/Src/stm32f4xx_hal_sd.c **** 
2171:Drivers/STM32F4xx_HAL_Driver/Src/stm32f4xx_hal_sd.c ****     pStatus->SecuredMode = (uint8_t)((sd_status[0] & 0x20U) >> 5U);
2172:Drivers/STM32F4xx_HAL_Driver/Src/stm32f4xx_hal_sd.c **** 
2173:Drivers/STM32F4xx_HAL_Driver/Src/stm32f4xx_hal_sd.c ****     pStatus->CardType = (uint16_t)(((sd_status[0] & 0x00FF0000U) >> 8U) | ((sd_status[0] & 0xFF0000
2174:Drivers/STM32F4xx_HAL_Driver/Src/stm32f4xx_hal_sd.c **** 
2175:Drivers/STM32F4xx_HAL_Driver/Src/stm32f4xx_hal_sd.c ****     pStatus->ProtectedAreaSize = (((sd_status[1] & 0xFFU) << 24U)    | ((sd_status[1] & 0xFF00U) <<
2176:Drivers/STM32F4xx_HAL_Driver/Src/stm32f4xx_hal_sd.c ****                                   ((sd_status[1] & 0xFF0000U) >> 8U) | ((sd_status[1] & 0xFF000000U
2177:Drivers/STM32F4xx_HAL_Driver/Src/stm32f4xx_hal_sd.c **** 
2178:Drivers/STM32F4xx_HAL_Driver/Src/stm32f4xx_hal_sd.c ****     pStatus->SpeedClass = (uint8_t)(sd_status[2] & 0xFFU);
2179:Drivers/STM32F4xx_HAL_Driver/Src/stm32f4xx_hal_sd.c **** 
2180:Drivers/STM32F4xx_HAL_Driver/Src/stm32f4xx_hal_sd.c ****     pStatus->PerformanceMove = (uint8_t)((sd_status[2] & 0xFF00U) >> 8U);
2181:Drivers/STM32F4xx_HAL_Driver/Src/stm32f4xx_hal_sd.c **** 
2182:Drivers/STM32F4xx_HAL_Driver/Src/stm32f4xx_hal_sd.c ****     pStatus->AllocationUnitSize = (uint8_t)((sd_status[2] & 0xF00000U) >> 20U);
2183:Drivers/STM32F4xx_HAL_Driver/Src/stm32f4xx_hal_sd.c **** 
2184:Drivers/STM32F4xx_HAL_Driver/Src/stm32f4xx_hal_sd.c ****     pStatus->EraseSize = (uint16_t)(((sd_status[2] & 0xFF000000U) >> 16U) | (sd_status[3] & 0xFFU))
2185:Drivers/STM32F4xx_HAL_Driver/Src/stm32f4xx_hal_sd.c **** 
2186:Drivers/STM32F4xx_HAL_Driver/Src/stm32f4xx_hal_sd.c ****     pStatus->EraseTimeout = (uint8_t)((sd_status[3] & 0xFC00U) >> 10U);
2187:Drivers/STM32F4xx_HAL_Driver/Src/stm32f4xx_hal_sd.c **** 
2188:Drivers/STM32F4xx_HAL_Driver/Src/stm32f4xx_hal_sd.c ****     pStatus->EraseOffset = (uint8_t)((sd_status[3] & 0x0300U) >> 8U);
2189:Drivers/STM32F4xx_HAL_Driver/Src/stm32f4xx_hal_sd.c ****   }
2190:Drivers/STM32F4xx_HAL_Driver/Src/stm32f4xx_hal_sd.c **** 
2191:Drivers/STM32F4xx_HAL_Driver/Src/stm32f4xx_hal_sd.c ****   /* Set Block Size for Card */
2192:Drivers/STM32F4xx_HAL_Driver/Src/stm32f4xx_hal_sd.c ****   errorstate = SDMMC_CmdBlockLength(hsd->Instance, BLOCKSIZE);
2193:Drivers/STM32F4xx_HAL_Driver/Src/stm32f4xx_hal_sd.c ****   if(errorstate != HAL_SD_ERROR_NONE)
2194:Drivers/STM32F4xx_HAL_Driver/Src/stm32f4xx_hal_sd.c ****   {
2195:Drivers/STM32F4xx_HAL_Driver/Src/stm32f4xx_hal_sd.c ****     /* Clear all the static flags */
2196:Drivers/STM32F4xx_HAL_Driver/Src/stm32f4xx_hal_sd.c ****     __HAL_SD_CLEAR_FLAG(hsd, SDIO_STATIC_FLAGS);
ARM GAS  /tmp/ccnf9wtj.s 			page 40


2197:Drivers/STM32F4xx_HAL_Driver/Src/stm32f4xx_hal_sd.c ****     hsd->ErrorCode = errorstate;
2198:Drivers/STM32F4xx_HAL_Driver/Src/stm32f4xx_hal_sd.c ****     hsd->State = HAL_SD_STATE_READY;
2199:Drivers/STM32F4xx_HAL_Driver/Src/stm32f4xx_hal_sd.c ****     status = HAL_ERROR;
2200:Drivers/STM32F4xx_HAL_Driver/Src/stm32f4xx_hal_sd.c ****   }
2201:Drivers/STM32F4xx_HAL_Driver/Src/stm32f4xx_hal_sd.c **** 
2202:Drivers/STM32F4xx_HAL_Driver/Src/stm32f4xx_hal_sd.c ****   return status;
2203:Drivers/STM32F4xx_HAL_Driver/Src/stm32f4xx_hal_sd.c **** }
2204:Drivers/STM32F4xx_HAL_Driver/Src/stm32f4xx_hal_sd.c **** 
2205:Drivers/STM32F4xx_HAL_Driver/Src/stm32f4xx_hal_sd.c **** /**
2206:Drivers/STM32F4xx_HAL_Driver/Src/stm32f4xx_hal_sd.c ****   * @brief  Gets the SD card info.
2207:Drivers/STM32F4xx_HAL_Driver/Src/stm32f4xx_hal_sd.c ****   * @param  hsd: Pointer to SD handle
2208:Drivers/STM32F4xx_HAL_Driver/Src/stm32f4xx_hal_sd.c ****   * @param  pCardInfo: Pointer to the HAL_SD_CardInfoTypeDef structure that
2209:Drivers/STM32F4xx_HAL_Driver/Src/stm32f4xx_hal_sd.c ****   *         will contain the SD card status information
2210:Drivers/STM32F4xx_HAL_Driver/Src/stm32f4xx_hal_sd.c ****   * @retval HAL status
2211:Drivers/STM32F4xx_HAL_Driver/Src/stm32f4xx_hal_sd.c ****   */
2212:Drivers/STM32F4xx_HAL_Driver/Src/stm32f4xx_hal_sd.c **** HAL_StatusTypeDef HAL_SD_GetCardInfo(SD_HandleTypeDef *hsd, HAL_SD_CardInfoTypeDef *pCardInfo)
2213:Drivers/STM32F4xx_HAL_Driver/Src/stm32f4xx_hal_sd.c **** {
2214:Drivers/STM32F4xx_HAL_Driver/Src/stm32f4xx_hal_sd.c ****   pCardInfo->CardType     = (uint32_t)(hsd->SdCard.CardType);
2215:Drivers/STM32F4xx_HAL_Driver/Src/stm32f4xx_hal_sd.c ****   pCardInfo->CardVersion  = (uint32_t)(hsd->SdCard.CardVersion);
2216:Drivers/STM32F4xx_HAL_Driver/Src/stm32f4xx_hal_sd.c ****   pCardInfo->Class        = (uint32_t)(hsd->SdCard.Class);
2217:Drivers/STM32F4xx_HAL_Driver/Src/stm32f4xx_hal_sd.c ****   pCardInfo->RelCardAdd   = (uint32_t)(hsd->SdCard.RelCardAdd);
2218:Drivers/STM32F4xx_HAL_Driver/Src/stm32f4xx_hal_sd.c ****   pCardInfo->BlockNbr     = (uint32_t)(hsd->SdCard.BlockNbr);
2219:Drivers/STM32F4xx_HAL_Driver/Src/stm32f4xx_hal_sd.c ****   pCardInfo->BlockSize    = (uint32_t)(hsd->SdCard.BlockSize);
2220:Drivers/STM32F4xx_HAL_Driver/Src/stm32f4xx_hal_sd.c ****   pCardInfo->LogBlockNbr  = (uint32_t)(hsd->SdCard.LogBlockNbr);
2221:Drivers/STM32F4xx_HAL_Driver/Src/stm32f4xx_hal_sd.c ****   pCardInfo->LogBlockSize = (uint32_t)(hsd->SdCard.LogBlockSize);
2222:Drivers/STM32F4xx_HAL_Driver/Src/stm32f4xx_hal_sd.c **** 
2223:Drivers/STM32F4xx_HAL_Driver/Src/stm32f4xx_hal_sd.c ****   return HAL_OK;
2224:Drivers/STM32F4xx_HAL_Driver/Src/stm32f4xx_hal_sd.c **** }
2225:Drivers/STM32F4xx_HAL_Driver/Src/stm32f4xx_hal_sd.c **** 
2226:Drivers/STM32F4xx_HAL_Driver/Src/stm32f4xx_hal_sd.c **** /**
2227:Drivers/STM32F4xx_HAL_Driver/Src/stm32f4xx_hal_sd.c ****   * @brief  Enables wide bus operation for the requested card if supported by
2228:Drivers/STM32F4xx_HAL_Driver/Src/stm32f4xx_hal_sd.c ****   *         card.
2229:Drivers/STM32F4xx_HAL_Driver/Src/stm32f4xx_hal_sd.c ****   * @param  hsd: Pointer to SD handle
2230:Drivers/STM32F4xx_HAL_Driver/Src/stm32f4xx_hal_sd.c ****   * @param  WideMode: Specifies the SD card wide bus mode
2231:Drivers/STM32F4xx_HAL_Driver/Src/stm32f4xx_hal_sd.c ****   *          This parameter can be one of the following values:
2232:Drivers/STM32F4xx_HAL_Driver/Src/stm32f4xx_hal_sd.c ****   *            @arg SDIO_BUS_WIDE_8B: 8-bit data transfer
2233:Drivers/STM32F4xx_HAL_Driver/Src/stm32f4xx_hal_sd.c ****   *            @arg SDIO_BUS_WIDE_4B: 4-bit data transfer
2234:Drivers/STM32F4xx_HAL_Driver/Src/stm32f4xx_hal_sd.c ****   *            @arg SDIO_BUS_WIDE_1B: 1-bit data transfer
2235:Drivers/STM32F4xx_HAL_Driver/Src/stm32f4xx_hal_sd.c ****   * @retval HAL status
2236:Drivers/STM32F4xx_HAL_Driver/Src/stm32f4xx_hal_sd.c ****   */
2237:Drivers/STM32F4xx_HAL_Driver/Src/stm32f4xx_hal_sd.c **** HAL_StatusTypeDef HAL_SD_ConfigWideBusOperation(SD_HandleTypeDef *hsd, uint32_t WideMode)
2238:Drivers/STM32F4xx_HAL_Driver/Src/stm32f4xx_hal_sd.c **** {
2239:Drivers/STM32F4xx_HAL_Driver/Src/stm32f4xx_hal_sd.c ****   SDIO_InitTypeDef Init;
2240:Drivers/STM32F4xx_HAL_Driver/Src/stm32f4xx_hal_sd.c ****   uint32_t errorstate;
2241:Drivers/STM32F4xx_HAL_Driver/Src/stm32f4xx_hal_sd.c ****   HAL_StatusTypeDef status = HAL_OK;
2242:Drivers/STM32F4xx_HAL_Driver/Src/stm32f4xx_hal_sd.c **** 
2243:Drivers/STM32F4xx_HAL_Driver/Src/stm32f4xx_hal_sd.c ****   /* Check the parameters */
2244:Drivers/STM32F4xx_HAL_Driver/Src/stm32f4xx_hal_sd.c ****   assert_param(IS_SDIO_BUS_WIDE(WideMode));
2245:Drivers/STM32F4xx_HAL_Driver/Src/stm32f4xx_hal_sd.c **** 
2246:Drivers/STM32F4xx_HAL_Driver/Src/stm32f4xx_hal_sd.c ****   /* Change State */
2247:Drivers/STM32F4xx_HAL_Driver/Src/stm32f4xx_hal_sd.c ****   hsd->State = HAL_SD_STATE_BUSY;
2248:Drivers/STM32F4xx_HAL_Driver/Src/stm32f4xx_hal_sd.c **** 
2249:Drivers/STM32F4xx_HAL_Driver/Src/stm32f4xx_hal_sd.c ****   if(hsd->SdCard.CardType != CARD_SECURED)
2250:Drivers/STM32F4xx_HAL_Driver/Src/stm32f4xx_hal_sd.c ****   {
2251:Drivers/STM32F4xx_HAL_Driver/Src/stm32f4xx_hal_sd.c ****     if(WideMode == SDIO_BUS_WIDE_8B)
2252:Drivers/STM32F4xx_HAL_Driver/Src/stm32f4xx_hal_sd.c ****     {
2253:Drivers/STM32F4xx_HAL_Driver/Src/stm32f4xx_hal_sd.c ****       hsd->ErrorCode |= HAL_SD_ERROR_UNSUPPORTED_FEATURE;
ARM GAS  /tmp/ccnf9wtj.s 			page 41


2254:Drivers/STM32F4xx_HAL_Driver/Src/stm32f4xx_hal_sd.c ****     }
2255:Drivers/STM32F4xx_HAL_Driver/Src/stm32f4xx_hal_sd.c ****     else if(WideMode == SDIO_BUS_WIDE_4B)
2256:Drivers/STM32F4xx_HAL_Driver/Src/stm32f4xx_hal_sd.c ****     {
2257:Drivers/STM32F4xx_HAL_Driver/Src/stm32f4xx_hal_sd.c ****       errorstate = SD_WideBus_Enable(hsd);
2258:Drivers/STM32F4xx_HAL_Driver/Src/stm32f4xx_hal_sd.c **** 
2259:Drivers/STM32F4xx_HAL_Driver/Src/stm32f4xx_hal_sd.c ****       hsd->ErrorCode |= errorstate;
2260:Drivers/STM32F4xx_HAL_Driver/Src/stm32f4xx_hal_sd.c ****     }
2261:Drivers/STM32F4xx_HAL_Driver/Src/stm32f4xx_hal_sd.c ****     else if(WideMode == SDIO_BUS_WIDE_1B)
2262:Drivers/STM32F4xx_HAL_Driver/Src/stm32f4xx_hal_sd.c ****     {
2263:Drivers/STM32F4xx_HAL_Driver/Src/stm32f4xx_hal_sd.c ****       errorstate = SD_WideBus_Disable(hsd);
2264:Drivers/STM32F4xx_HAL_Driver/Src/stm32f4xx_hal_sd.c **** 
2265:Drivers/STM32F4xx_HAL_Driver/Src/stm32f4xx_hal_sd.c ****       hsd->ErrorCode |= errorstate;
2266:Drivers/STM32F4xx_HAL_Driver/Src/stm32f4xx_hal_sd.c ****     }
2267:Drivers/STM32F4xx_HAL_Driver/Src/stm32f4xx_hal_sd.c ****     else
2268:Drivers/STM32F4xx_HAL_Driver/Src/stm32f4xx_hal_sd.c ****     {
2269:Drivers/STM32F4xx_HAL_Driver/Src/stm32f4xx_hal_sd.c ****       /* WideMode is not a valid argument*/
2270:Drivers/STM32F4xx_HAL_Driver/Src/stm32f4xx_hal_sd.c ****       hsd->ErrorCode |= HAL_SD_ERROR_PARAM;
2271:Drivers/STM32F4xx_HAL_Driver/Src/stm32f4xx_hal_sd.c ****     }
2272:Drivers/STM32F4xx_HAL_Driver/Src/stm32f4xx_hal_sd.c ****   }
2273:Drivers/STM32F4xx_HAL_Driver/Src/stm32f4xx_hal_sd.c ****   else
2274:Drivers/STM32F4xx_HAL_Driver/Src/stm32f4xx_hal_sd.c ****   {
2275:Drivers/STM32F4xx_HAL_Driver/Src/stm32f4xx_hal_sd.c ****     /* MMC Card does not support this feature */
2276:Drivers/STM32F4xx_HAL_Driver/Src/stm32f4xx_hal_sd.c ****     hsd->ErrorCode |= HAL_SD_ERROR_UNSUPPORTED_FEATURE;
2277:Drivers/STM32F4xx_HAL_Driver/Src/stm32f4xx_hal_sd.c ****   }
2278:Drivers/STM32F4xx_HAL_Driver/Src/stm32f4xx_hal_sd.c **** 
2279:Drivers/STM32F4xx_HAL_Driver/Src/stm32f4xx_hal_sd.c ****   if(hsd->ErrorCode != HAL_SD_ERROR_NONE)
2280:Drivers/STM32F4xx_HAL_Driver/Src/stm32f4xx_hal_sd.c ****   {
2281:Drivers/STM32F4xx_HAL_Driver/Src/stm32f4xx_hal_sd.c ****     /* Clear all the static flags */
2282:Drivers/STM32F4xx_HAL_Driver/Src/stm32f4xx_hal_sd.c ****     __HAL_SD_CLEAR_FLAG(hsd, SDIO_STATIC_FLAGS);
2283:Drivers/STM32F4xx_HAL_Driver/Src/stm32f4xx_hal_sd.c ****     hsd->State = HAL_SD_STATE_READY;
2284:Drivers/STM32F4xx_HAL_Driver/Src/stm32f4xx_hal_sd.c ****     status = HAL_ERROR;
2285:Drivers/STM32F4xx_HAL_Driver/Src/stm32f4xx_hal_sd.c ****   }
2286:Drivers/STM32F4xx_HAL_Driver/Src/stm32f4xx_hal_sd.c ****   else
2287:Drivers/STM32F4xx_HAL_Driver/Src/stm32f4xx_hal_sd.c ****   {
2288:Drivers/STM32F4xx_HAL_Driver/Src/stm32f4xx_hal_sd.c ****     /* Configure the SDIO peripheral */
2289:Drivers/STM32F4xx_HAL_Driver/Src/stm32f4xx_hal_sd.c ****     Init.ClockEdge           = hsd->Init.ClockEdge;
2290:Drivers/STM32F4xx_HAL_Driver/Src/stm32f4xx_hal_sd.c ****     Init.ClockBypass         = hsd->Init.ClockBypass;
2291:Drivers/STM32F4xx_HAL_Driver/Src/stm32f4xx_hal_sd.c ****     Init.ClockPowerSave      = hsd->Init.ClockPowerSave;
2292:Drivers/STM32F4xx_HAL_Driver/Src/stm32f4xx_hal_sd.c ****     Init.BusWide             = WideMode;
2293:Drivers/STM32F4xx_HAL_Driver/Src/stm32f4xx_hal_sd.c ****     Init.HardwareFlowControl = hsd->Init.HardwareFlowControl;
2294:Drivers/STM32F4xx_HAL_Driver/Src/stm32f4xx_hal_sd.c ****     Init.ClockDiv            = hsd->Init.ClockDiv;
2295:Drivers/STM32F4xx_HAL_Driver/Src/stm32f4xx_hal_sd.c ****     (void)SDIO_Init(hsd->Instance, Init);
2296:Drivers/STM32F4xx_HAL_Driver/Src/stm32f4xx_hal_sd.c ****   }
2297:Drivers/STM32F4xx_HAL_Driver/Src/stm32f4xx_hal_sd.c **** 
2298:Drivers/STM32F4xx_HAL_Driver/Src/stm32f4xx_hal_sd.c ****   /* Set Block Size for Card */
2299:Drivers/STM32F4xx_HAL_Driver/Src/stm32f4xx_hal_sd.c ****   errorstate = SDMMC_CmdBlockLength(hsd->Instance, BLOCKSIZE);
2300:Drivers/STM32F4xx_HAL_Driver/Src/stm32f4xx_hal_sd.c ****   if(errorstate != HAL_SD_ERROR_NONE)
2301:Drivers/STM32F4xx_HAL_Driver/Src/stm32f4xx_hal_sd.c ****   {
2302:Drivers/STM32F4xx_HAL_Driver/Src/stm32f4xx_hal_sd.c ****     /* Clear all the static flags */
2303:Drivers/STM32F4xx_HAL_Driver/Src/stm32f4xx_hal_sd.c ****     __HAL_SD_CLEAR_FLAG(hsd, SDIO_STATIC_FLAGS);
2304:Drivers/STM32F4xx_HAL_Driver/Src/stm32f4xx_hal_sd.c ****     hsd->ErrorCode |= errorstate;
2305:Drivers/STM32F4xx_HAL_Driver/Src/stm32f4xx_hal_sd.c ****     status = HAL_ERROR;
2306:Drivers/STM32F4xx_HAL_Driver/Src/stm32f4xx_hal_sd.c ****   }
2307:Drivers/STM32F4xx_HAL_Driver/Src/stm32f4xx_hal_sd.c **** 
2308:Drivers/STM32F4xx_HAL_Driver/Src/stm32f4xx_hal_sd.c ****   /* Change State */
2309:Drivers/STM32F4xx_HAL_Driver/Src/stm32f4xx_hal_sd.c ****   hsd->State = HAL_SD_STATE_READY;
2310:Drivers/STM32F4xx_HAL_Driver/Src/stm32f4xx_hal_sd.c **** 
ARM GAS  /tmp/ccnf9wtj.s 			page 42


2311:Drivers/STM32F4xx_HAL_Driver/Src/stm32f4xx_hal_sd.c ****   return status;
2312:Drivers/STM32F4xx_HAL_Driver/Src/stm32f4xx_hal_sd.c **** }
2313:Drivers/STM32F4xx_HAL_Driver/Src/stm32f4xx_hal_sd.c **** 
2314:Drivers/STM32F4xx_HAL_Driver/Src/stm32f4xx_hal_sd.c **** /**
2315:Drivers/STM32F4xx_HAL_Driver/Src/stm32f4xx_hal_sd.c ****   * @brief  Gets the current sd card data state.
2316:Drivers/STM32F4xx_HAL_Driver/Src/stm32f4xx_hal_sd.c ****   * @param  hsd: pointer to SD handle
2317:Drivers/STM32F4xx_HAL_Driver/Src/stm32f4xx_hal_sd.c ****   * @retval Card state
2318:Drivers/STM32F4xx_HAL_Driver/Src/stm32f4xx_hal_sd.c ****   */
2319:Drivers/STM32F4xx_HAL_Driver/Src/stm32f4xx_hal_sd.c **** HAL_SD_CardStateTypeDef HAL_SD_GetCardState(SD_HandleTypeDef *hsd)
2320:Drivers/STM32F4xx_HAL_Driver/Src/stm32f4xx_hal_sd.c **** {
2321:Drivers/STM32F4xx_HAL_Driver/Src/stm32f4xx_hal_sd.c ****   uint32_t cardstate;
2322:Drivers/STM32F4xx_HAL_Driver/Src/stm32f4xx_hal_sd.c ****   uint32_t errorstate;
2323:Drivers/STM32F4xx_HAL_Driver/Src/stm32f4xx_hal_sd.c ****   uint32_t resp1 = 0;
2324:Drivers/STM32F4xx_HAL_Driver/Src/stm32f4xx_hal_sd.c **** 
2325:Drivers/STM32F4xx_HAL_Driver/Src/stm32f4xx_hal_sd.c ****   errorstate = SD_SendStatus(hsd, &resp1);
2326:Drivers/STM32F4xx_HAL_Driver/Src/stm32f4xx_hal_sd.c ****   if(errorstate != HAL_SD_ERROR_NONE)
2327:Drivers/STM32F4xx_HAL_Driver/Src/stm32f4xx_hal_sd.c ****   {
2328:Drivers/STM32F4xx_HAL_Driver/Src/stm32f4xx_hal_sd.c ****     hsd->ErrorCode |= errorstate;
2329:Drivers/STM32F4xx_HAL_Driver/Src/stm32f4xx_hal_sd.c ****   }
2330:Drivers/STM32F4xx_HAL_Driver/Src/stm32f4xx_hal_sd.c **** 
2331:Drivers/STM32F4xx_HAL_Driver/Src/stm32f4xx_hal_sd.c ****   cardstate = ((resp1 >> 9U) & 0x0FU);
2332:Drivers/STM32F4xx_HAL_Driver/Src/stm32f4xx_hal_sd.c **** 
2333:Drivers/STM32F4xx_HAL_Driver/Src/stm32f4xx_hal_sd.c ****   return (HAL_SD_CardStateTypeDef)cardstate;
2334:Drivers/STM32F4xx_HAL_Driver/Src/stm32f4xx_hal_sd.c **** }
2335:Drivers/STM32F4xx_HAL_Driver/Src/stm32f4xx_hal_sd.c **** 
2336:Drivers/STM32F4xx_HAL_Driver/Src/stm32f4xx_hal_sd.c **** /**
2337:Drivers/STM32F4xx_HAL_Driver/Src/stm32f4xx_hal_sd.c ****   * @brief  Abort the current transfer and disable the SD.
2338:Drivers/STM32F4xx_HAL_Driver/Src/stm32f4xx_hal_sd.c ****   * @param  hsd: pointer to a SD_HandleTypeDef structure that contains
2339:Drivers/STM32F4xx_HAL_Driver/Src/stm32f4xx_hal_sd.c ****   *                the configuration information for SD module.
2340:Drivers/STM32F4xx_HAL_Driver/Src/stm32f4xx_hal_sd.c ****   * @retval HAL status
2341:Drivers/STM32F4xx_HAL_Driver/Src/stm32f4xx_hal_sd.c ****   */
2342:Drivers/STM32F4xx_HAL_Driver/Src/stm32f4xx_hal_sd.c **** HAL_StatusTypeDef HAL_SD_Abort(SD_HandleTypeDef *hsd)
2343:Drivers/STM32F4xx_HAL_Driver/Src/stm32f4xx_hal_sd.c **** {
2344:Drivers/STM32F4xx_HAL_Driver/Src/stm32f4xx_hal_sd.c ****   HAL_SD_CardStateTypeDef CardState;
2345:Drivers/STM32F4xx_HAL_Driver/Src/stm32f4xx_hal_sd.c ****   uint32_t context = hsd->Context;
2346:Drivers/STM32F4xx_HAL_Driver/Src/stm32f4xx_hal_sd.c **** 
2347:Drivers/STM32F4xx_HAL_Driver/Src/stm32f4xx_hal_sd.c ****   /* DIsable All interrupts */
2348:Drivers/STM32F4xx_HAL_Driver/Src/stm32f4xx_hal_sd.c ****   __HAL_SD_DISABLE_IT(hsd, SDIO_IT_DATAEND | SDIO_IT_DCRCFAIL | SDIO_IT_DTIMEOUT|\
2349:Drivers/STM32F4xx_HAL_Driver/Src/stm32f4xx_hal_sd.c ****                            SDIO_IT_TXUNDERR| SDIO_IT_RXOVERR);
2350:Drivers/STM32F4xx_HAL_Driver/Src/stm32f4xx_hal_sd.c **** 
2351:Drivers/STM32F4xx_HAL_Driver/Src/stm32f4xx_hal_sd.c ****   /* Clear All flags */
2352:Drivers/STM32F4xx_HAL_Driver/Src/stm32f4xx_hal_sd.c ****   __HAL_SD_CLEAR_FLAG(hsd, SDIO_STATIC_DATA_FLAGS);
2353:Drivers/STM32F4xx_HAL_Driver/Src/stm32f4xx_hal_sd.c **** 
2354:Drivers/STM32F4xx_HAL_Driver/Src/stm32f4xx_hal_sd.c ****   CLEAR_BIT(hsd->Instance->DCTRL, SDIO_DCTRL_DTEN);
2355:Drivers/STM32F4xx_HAL_Driver/Src/stm32f4xx_hal_sd.c **** 
2356:Drivers/STM32F4xx_HAL_Driver/Src/stm32f4xx_hal_sd.c ****   if ((context & SD_CONTEXT_DMA) != 0U)
2357:Drivers/STM32F4xx_HAL_Driver/Src/stm32f4xx_hal_sd.c ****   {
2358:Drivers/STM32F4xx_HAL_Driver/Src/stm32f4xx_hal_sd.c ****     /* Disable the SD DMA request */
2359:Drivers/STM32F4xx_HAL_Driver/Src/stm32f4xx_hal_sd.c ****     hsd->Instance->DCTRL &= (uint32_t)~((uint32_t)SDIO_DCTRL_DMAEN);
2360:Drivers/STM32F4xx_HAL_Driver/Src/stm32f4xx_hal_sd.c **** 
2361:Drivers/STM32F4xx_HAL_Driver/Src/stm32f4xx_hal_sd.c ****     /* Abort the SD DMA Tx channel */
2362:Drivers/STM32F4xx_HAL_Driver/Src/stm32f4xx_hal_sd.c ****     if (((context & SD_CONTEXT_WRITE_SINGLE_BLOCK) != 0U) || ((context & SD_CONTEXT_WRITE_MULTIPLE_
2363:Drivers/STM32F4xx_HAL_Driver/Src/stm32f4xx_hal_sd.c ****     {
2364:Drivers/STM32F4xx_HAL_Driver/Src/stm32f4xx_hal_sd.c ****       if(HAL_DMA_Abort(hsd->hdmatx) != HAL_OK)
2365:Drivers/STM32F4xx_HAL_Driver/Src/stm32f4xx_hal_sd.c ****       {
2366:Drivers/STM32F4xx_HAL_Driver/Src/stm32f4xx_hal_sd.c ****         hsd->ErrorCode |= HAL_SD_ERROR_DMA;
2367:Drivers/STM32F4xx_HAL_Driver/Src/stm32f4xx_hal_sd.c ****       }
ARM GAS  /tmp/ccnf9wtj.s 			page 43


2368:Drivers/STM32F4xx_HAL_Driver/Src/stm32f4xx_hal_sd.c ****     }
2369:Drivers/STM32F4xx_HAL_Driver/Src/stm32f4xx_hal_sd.c ****     /* Abort the SD DMA Rx channel */
2370:Drivers/STM32F4xx_HAL_Driver/Src/stm32f4xx_hal_sd.c ****     else if (((context & SD_CONTEXT_READ_SINGLE_BLOCK) != 0U) || ((context & SD_CONTEXT_READ_MULTIP
2371:Drivers/STM32F4xx_HAL_Driver/Src/stm32f4xx_hal_sd.c ****     {
2372:Drivers/STM32F4xx_HAL_Driver/Src/stm32f4xx_hal_sd.c ****       if(HAL_DMA_Abort(hsd->hdmarx) != HAL_OK)
2373:Drivers/STM32F4xx_HAL_Driver/Src/stm32f4xx_hal_sd.c ****       {
2374:Drivers/STM32F4xx_HAL_Driver/Src/stm32f4xx_hal_sd.c ****         hsd->ErrorCode |= HAL_SD_ERROR_DMA;
2375:Drivers/STM32F4xx_HAL_Driver/Src/stm32f4xx_hal_sd.c ****       }
2376:Drivers/STM32F4xx_HAL_Driver/Src/stm32f4xx_hal_sd.c ****     }
2377:Drivers/STM32F4xx_HAL_Driver/Src/stm32f4xx_hal_sd.c ****     else
2378:Drivers/STM32F4xx_HAL_Driver/Src/stm32f4xx_hal_sd.c ****     {
2379:Drivers/STM32F4xx_HAL_Driver/Src/stm32f4xx_hal_sd.c ****       /* Nothing to do */
2380:Drivers/STM32F4xx_HAL_Driver/Src/stm32f4xx_hal_sd.c ****     }
2381:Drivers/STM32F4xx_HAL_Driver/Src/stm32f4xx_hal_sd.c ****   }
2382:Drivers/STM32F4xx_HAL_Driver/Src/stm32f4xx_hal_sd.c **** 
2383:Drivers/STM32F4xx_HAL_Driver/Src/stm32f4xx_hal_sd.c ****   hsd->State = HAL_SD_STATE_READY;
2384:Drivers/STM32F4xx_HAL_Driver/Src/stm32f4xx_hal_sd.c **** 
2385:Drivers/STM32F4xx_HAL_Driver/Src/stm32f4xx_hal_sd.c ****   /* Initialize the SD operation */
2386:Drivers/STM32F4xx_HAL_Driver/Src/stm32f4xx_hal_sd.c ****   hsd->Context = SD_CONTEXT_NONE;
2387:Drivers/STM32F4xx_HAL_Driver/Src/stm32f4xx_hal_sd.c **** 
2388:Drivers/STM32F4xx_HAL_Driver/Src/stm32f4xx_hal_sd.c ****   CardState = HAL_SD_GetCardState(hsd);
2389:Drivers/STM32F4xx_HAL_Driver/Src/stm32f4xx_hal_sd.c ****   if((CardState == HAL_SD_CARD_RECEIVING) || (CardState == HAL_SD_CARD_SENDING))
2390:Drivers/STM32F4xx_HAL_Driver/Src/stm32f4xx_hal_sd.c ****   {
2391:Drivers/STM32F4xx_HAL_Driver/Src/stm32f4xx_hal_sd.c ****     hsd->ErrorCode = SDMMC_CmdStopTransfer(hsd->Instance);
2392:Drivers/STM32F4xx_HAL_Driver/Src/stm32f4xx_hal_sd.c ****   }
2393:Drivers/STM32F4xx_HAL_Driver/Src/stm32f4xx_hal_sd.c ****   if(hsd->ErrorCode != HAL_SD_ERROR_NONE)
2394:Drivers/STM32F4xx_HAL_Driver/Src/stm32f4xx_hal_sd.c ****   {
2395:Drivers/STM32F4xx_HAL_Driver/Src/stm32f4xx_hal_sd.c ****     return HAL_ERROR;
2396:Drivers/STM32F4xx_HAL_Driver/Src/stm32f4xx_hal_sd.c ****   }
2397:Drivers/STM32F4xx_HAL_Driver/Src/stm32f4xx_hal_sd.c ****   return HAL_OK;
2398:Drivers/STM32F4xx_HAL_Driver/Src/stm32f4xx_hal_sd.c **** }
2399:Drivers/STM32F4xx_HAL_Driver/Src/stm32f4xx_hal_sd.c **** 
2400:Drivers/STM32F4xx_HAL_Driver/Src/stm32f4xx_hal_sd.c **** /**
2401:Drivers/STM32F4xx_HAL_Driver/Src/stm32f4xx_hal_sd.c ****   * @brief  Abort the current transfer and disable the SD (IT mode).
2402:Drivers/STM32F4xx_HAL_Driver/Src/stm32f4xx_hal_sd.c ****   * @param  hsd: pointer to a SD_HandleTypeDef structure that contains
2403:Drivers/STM32F4xx_HAL_Driver/Src/stm32f4xx_hal_sd.c ****   *                the configuration information for SD module.
2404:Drivers/STM32F4xx_HAL_Driver/Src/stm32f4xx_hal_sd.c ****   * @retval HAL status
2405:Drivers/STM32F4xx_HAL_Driver/Src/stm32f4xx_hal_sd.c ****   */
2406:Drivers/STM32F4xx_HAL_Driver/Src/stm32f4xx_hal_sd.c **** HAL_StatusTypeDef HAL_SD_Abort_IT(SD_HandleTypeDef *hsd)
2407:Drivers/STM32F4xx_HAL_Driver/Src/stm32f4xx_hal_sd.c **** {
2408:Drivers/STM32F4xx_HAL_Driver/Src/stm32f4xx_hal_sd.c ****   HAL_SD_CardStateTypeDef CardState;
2409:Drivers/STM32F4xx_HAL_Driver/Src/stm32f4xx_hal_sd.c ****   uint32_t context = hsd->Context;
2410:Drivers/STM32F4xx_HAL_Driver/Src/stm32f4xx_hal_sd.c **** 
2411:Drivers/STM32F4xx_HAL_Driver/Src/stm32f4xx_hal_sd.c ****   /* Disable All interrupts */
2412:Drivers/STM32F4xx_HAL_Driver/Src/stm32f4xx_hal_sd.c ****   __HAL_SD_DISABLE_IT(hsd, SDIO_IT_DATAEND | SDIO_IT_DCRCFAIL | SDIO_IT_DTIMEOUT|\
2413:Drivers/STM32F4xx_HAL_Driver/Src/stm32f4xx_hal_sd.c ****                            SDIO_IT_TXUNDERR| SDIO_IT_RXOVERR);
2414:Drivers/STM32F4xx_HAL_Driver/Src/stm32f4xx_hal_sd.c **** 
2415:Drivers/STM32F4xx_HAL_Driver/Src/stm32f4xx_hal_sd.c ****   CLEAR_BIT(hsd->Instance->DCTRL, SDIO_DCTRL_DTEN);
2416:Drivers/STM32F4xx_HAL_Driver/Src/stm32f4xx_hal_sd.c **** 
2417:Drivers/STM32F4xx_HAL_Driver/Src/stm32f4xx_hal_sd.c ****   if ((context & SD_CONTEXT_DMA) != 0U)
2418:Drivers/STM32F4xx_HAL_Driver/Src/stm32f4xx_hal_sd.c ****   {
2419:Drivers/STM32F4xx_HAL_Driver/Src/stm32f4xx_hal_sd.c ****     /* Disable the SD DMA request */
2420:Drivers/STM32F4xx_HAL_Driver/Src/stm32f4xx_hal_sd.c ****     hsd->Instance->DCTRL &= (uint32_t)~((uint32_t)SDIO_DCTRL_DMAEN);
2421:Drivers/STM32F4xx_HAL_Driver/Src/stm32f4xx_hal_sd.c **** 
2422:Drivers/STM32F4xx_HAL_Driver/Src/stm32f4xx_hal_sd.c ****     /* Abort the SD DMA Tx channel */
2423:Drivers/STM32F4xx_HAL_Driver/Src/stm32f4xx_hal_sd.c ****     if (((context & SD_CONTEXT_WRITE_SINGLE_BLOCK) != 0U) || ((context & SD_CONTEXT_WRITE_MULTIPLE_
2424:Drivers/STM32F4xx_HAL_Driver/Src/stm32f4xx_hal_sd.c ****     {
ARM GAS  /tmp/ccnf9wtj.s 			page 44


2425:Drivers/STM32F4xx_HAL_Driver/Src/stm32f4xx_hal_sd.c ****       hsd->hdmatx->XferAbortCallback = SD_DMATxAbort;
2426:Drivers/STM32F4xx_HAL_Driver/Src/stm32f4xx_hal_sd.c ****       if(HAL_DMA_Abort_IT(hsd->hdmatx) != HAL_OK)
2427:Drivers/STM32F4xx_HAL_Driver/Src/stm32f4xx_hal_sd.c ****       {
2428:Drivers/STM32F4xx_HAL_Driver/Src/stm32f4xx_hal_sd.c ****         hsd->hdmatx = NULL;
2429:Drivers/STM32F4xx_HAL_Driver/Src/stm32f4xx_hal_sd.c ****       }
2430:Drivers/STM32F4xx_HAL_Driver/Src/stm32f4xx_hal_sd.c ****     }
2431:Drivers/STM32F4xx_HAL_Driver/Src/stm32f4xx_hal_sd.c ****     /* Abort the SD DMA Rx channel */
2432:Drivers/STM32F4xx_HAL_Driver/Src/stm32f4xx_hal_sd.c ****     else if (((context & SD_CONTEXT_READ_SINGLE_BLOCK) != 0U) || ((context & SD_CONTEXT_READ_MULTIP
2433:Drivers/STM32F4xx_HAL_Driver/Src/stm32f4xx_hal_sd.c ****     {
2434:Drivers/STM32F4xx_HAL_Driver/Src/stm32f4xx_hal_sd.c ****       hsd->hdmarx->XferAbortCallback = SD_DMARxAbort;
2435:Drivers/STM32F4xx_HAL_Driver/Src/stm32f4xx_hal_sd.c ****       if(HAL_DMA_Abort_IT(hsd->hdmarx) != HAL_OK)
2436:Drivers/STM32F4xx_HAL_Driver/Src/stm32f4xx_hal_sd.c ****       {
2437:Drivers/STM32F4xx_HAL_Driver/Src/stm32f4xx_hal_sd.c ****         hsd->hdmarx = NULL;
2438:Drivers/STM32F4xx_HAL_Driver/Src/stm32f4xx_hal_sd.c ****       }
2439:Drivers/STM32F4xx_HAL_Driver/Src/stm32f4xx_hal_sd.c ****     }
2440:Drivers/STM32F4xx_HAL_Driver/Src/stm32f4xx_hal_sd.c ****     else
2441:Drivers/STM32F4xx_HAL_Driver/Src/stm32f4xx_hal_sd.c ****     {
2442:Drivers/STM32F4xx_HAL_Driver/Src/stm32f4xx_hal_sd.c ****       /* Nothing to do */
2443:Drivers/STM32F4xx_HAL_Driver/Src/stm32f4xx_hal_sd.c ****     }
2444:Drivers/STM32F4xx_HAL_Driver/Src/stm32f4xx_hal_sd.c ****   }
2445:Drivers/STM32F4xx_HAL_Driver/Src/stm32f4xx_hal_sd.c ****   /* No transfer ongoing on both DMA channels*/
2446:Drivers/STM32F4xx_HAL_Driver/Src/stm32f4xx_hal_sd.c ****   else
2447:Drivers/STM32F4xx_HAL_Driver/Src/stm32f4xx_hal_sd.c ****   {
2448:Drivers/STM32F4xx_HAL_Driver/Src/stm32f4xx_hal_sd.c ****     /* Clear All flags */
2449:Drivers/STM32F4xx_HAL_Driver/Src/stm32f4xx_hal_sd.c ****     __HAL_SD_CLEAR_FLAG(hsd, SDIO_STATIC_DATA_FLAGS);
2450:Drivers/STM32F4xx_HAL_Driver/Src/stm32f4xx_hal_sd.c **** 
2451:Drivers/STM32F4xx_HAL_Driver/Src/stm32f4xx_hal_sd.c ****     CardState = HAL_SD_GetCardState(hsd);
2452:Drivers/STM32F4xx_HAL_Driver/Src/stm32f4xx_hal_sd.c ****     hsd->State = HAL_SD_STATE_READY;
2453:Drivers/STM32F4xx_HAL_Driver/Src/stm32f4xx_hal_sd.c ****     hsd->Context = SD_CONTEXT_NONE;
2454:Drivers/STM32F4xx_HAL_Driver/Src/stm32f4xx_hal_sd.c ****     if((CardState == HAL_SD_CARD_RECEIVING) || (CardState == HAL_SD_CARD_SENDING))
2455:Drivers/STM32F4xx_HAL_Driver/Src/stm32f4xx_hal_sd.c ****     {
2456:Drivers/STM32F4xx_HAL_Driver/Src/stm32f4xx_hal_sd.c ****       hsd->ErrorCode = SDMMC_CmdStopTransfer(hsd->Instance);
2457:Drivers/STM32F4xx_HAL_Driver/Src/stm32f4xx_hal_sd.c ****     }
2458:Drivers/STM32F4xx_HAL_Driver/Src/stm32f4xx_hal_sd.c ****     if(hsd->ErrorCode != HAL_SD_ERROR_NONE)
2459:Drivers/STM32F4xx_HAL_Driver/Src/stm32f4xx_hal_sd.c ****     {
2460:Drivers/STM32F4xx_HAL_Driver/Src/stm32f4xx_hal_sd.c ****       return HAL_ERROR;
2461:Drivers/STM32F4xx_HAL_Driver/Src/stm32f4xx_hal_sd.c ****     }
2462:Drivers/STM32F4xx_HAL_Driver/Src/stm32f4xx_hal_sd.c ****     else
2463:Drivers/STM32F4xx_HAL_Driver/Src/stm32f4xx_hal_sd.c ****     {
2464:Drivers/STM32F4xx_HAL_Driver/Src/stm32f4xx_hal_sd.c **** #if defined (USE_HAL_SD_REGISTER_CALLBACKS) && (USE_HAL_SD_REGISTER_CALLBACKS == 1U)
2465:Drivers/STM32F4xx_HAL_Driver/Src/stm32f4xx_hal_sd.c ****       hsd->AbortCpltCallback(hsd);
2466:Drivers/STM32F4xx_HAL_Driver/Src/stm32f4xx_hal_sd.c **** #else
2467:Drivers/STM32F4xx_HAL_Driver/Src/stm32f4xx_hal_sd.c ****       HAL_SD_AbortCallback(hsd);
2468:Drivers/STM32F4xx_HAL_Driver/Src/stm32f4xx_hal_sd.c **** #endif /* USE_HAL_SD_REGISTER_CALLBACKS */
2469:Drivers/STM32F4xx_HAL_Driver/Src/stm32f4xx_hal_sd.c ****     }
2470:Drivers/STM32F4xx_HAL_Driver/Src/stm32f4xx_hal_sd.c ****   }
2471:Drivers/STM32F4xx_HAL_Driver/Src/stm32f4xx_hal_sd.c **** 
2472:Drivers/STM32F4xx_HAL_Driver/Src/stm32f4xx_hal_sd.c ****   return HAL_OK;
2473:Drivers/STM32F4xx_HAL_Driver/Src/stm32f4xx_hal_sd.c **** }
2474:Drivers/STM32F4xx_HAL_Driver/Src/stm32f4xx_hal_sd.c **** 
2475:Drivers/STM32F4xx_HAL_Driver/Src/stm32f4xx_hal_sd.c **** /**
2476:Drivers/STM32F4xx_HAL_Driver/Src/stm32f4xx_hal_sd.c ****   * @}
2477:Drivers/STM32F4xx_HAL_Driver/Src/stm32f4xx_hal_sd.c ****   */
2478:Drivers/STM32F4xx_HAL_Driver/Src/stm32f4xx_hal_sd.c **** 
2479:Drivers/STM32F4xx_HAL_Driver/Src/stm32f4xx_hal_sd.c **** /**
2480:Drivers/STM32F4xx_HAL_Driver/Src/stm32f4xx_hal_sd.c ****   * @}
2481:Drivers/STM32F4xx_HAL_Driver/Src/stm32f4xx_hal_sd.c ****   */
ARM GAS  /tmp/ccnf9wtj.s 			page 45


2482:Drivers/STM32F4xx_HAL_Driver/Src/stm32f4xx_hal_sd.c **** 
2483:Drivers/STM32F4xx_HAL_Driver/Src/stm32f4xx_hal_sd.c **** /* Private function ----------------------------------------------------------*/
2484:Drivers/STM32F4xx_HAL_Driver/Src/stm32f4xx_hal_sd.c **** /** @addtogroup SD_Private_Functions
2485:Drivers/STM32F4xx_HAL_Driver/Src/stm32f4xx_hal_sd.c ****   * @{
2486:Drivers/STM32F4xx_HAL_Driver/Src/stm32f4xx_hal_sd.c ****   */
2487:Drivers/STM32F4xx_HAL_Driver/Src/stm32f4xx_hal_sd.c **** 
2488:Drivers/STM32F4xx_HAL_Driver/Src/stm32f4xx_hal_sd.c **** /**
2489:Drivers/STM32F4xx_HAL_Driver/Src/stm32f4xx_hal_sd.c ****   * @brief  DMA SD transmit process complete callback
2490:Drivers/STM32F4xx_HAL_Driver/Src/stm32f4xx_hal_sd.c ****   * @param  hdma: DMA handle
2491:Drivers/STM32F4xx_HAL_Driver/Src/stm32f4xx_hal_sd.c ****   * @retval None
2492:Drivers/STM32F4xx_HAL_Driver/Src/stm32f4xx_hal_sd.c ****   */
2493:Drivers/STM32F4xx_HAL_Driver/Src/stm32f4xx_hal_sd.c **** static void SD_DMATransmitCplt(DMA_HandleTypeDef *hdma)
2494:Drivers/STM32F4xx_HAL_Driver/Src/stm32f4xx_hal_sd.c **** {
  29              		.loc 1 2494 1 view -0
  30              		.cfi_startproc
  31              		@ args = 0, pretend = 0, frame = 0
  32              		@ frame_needed = 0, uses_anonymous_args = 0
  33              		@ link register save eliminated.
2495:Drivers/STM32F4xx_HAL_Driver/Src/stm32f4xx_hal_sd.c ****   SD_HandleTypeDef* hsd = (SD_HandleTypeDef* )(hdma->Parent);
  34              		.loc 1 2495 3 view .LVU1
  35              		.loc 1 2495 21 is_stmt 0 view .LVU2
  36 0000 836B     		ldr	r3, [r0, #56]
  37              	.LVL1:
2496:Drivers/STM32F4xx_HAL_Driver/Src/stm32f4xx_hal_sd.c **** 
2497:Drivers/STM32F4xx_HAL_Driver/Src/stm32f4xx_hal_sd.c ****   /* Enable DATAEND Interrupt */
2498:Drivers/STM32F4xx_HAL_Driver/Src/stm32f4xx_hal_sd.c ****   __HAL_SD_ENABLE_IT(hsd, (SDIO_IT_DATAEND));
  38              		.loc 1 2498 3 is_stmt 1 view .LVU3
  39 0002 1A68     		ldr	r2, [r3]
  40 0004 D36B     		ldr	r3, [r2, #60]
  41              	.LVL2:
  42              		.loc 1 2498 3 is_stmt 0 view .LVU4
  43 0006 43F48073 		orr	r3, r3, #256
  44 000a D363     		str	r3, [r2, #60]
  45              	.LVL3:
2499:Drivers/STM32F4xx_HAL_Driver/Src/stm32f4xx_hal_sd.c **** }
  46              		.loc 1 2499 1 view .LVU5
  47 000c 7047     		bx	lr
  48              		.cfi_endproc
  49              	.LFE157:
  51              		.section	.text.SD_PowerON,"ax",%progbits
  52              		.align	1
  53              		.syntax unified
  54              		.thumb
  55              		.thumb_func
  57              	SD_PowerON:
  58              	.LVL4:
  59              	.LFB163:
2500:Drivers/STM32F4xx_HAL_Driver/Src/stm32f4xx_hal_sd.c **** 
2501:Drivers/STM32F4xx_HAL_Driver/Src/stm32f4xx_hal_sd.c **** /**
2502:Drivers/STM32F4xx_HAL_Driver/Src/stm32f4xx_hal_sd.c ****   * @brief  DMA SD receive process complete callback
2503:Drivers/STM32F4xx_HAL_Driver/Src/stm32f4xx_hal_sd.c ****   * @param  hdma: DMA handle
2504:Drivers/STM32F4xx_HAL_Driver/Src/stm32f4xx_hal_sd.c ****   * @retval None
2505:Drivers/STM32F4xx_HAL_Driver/Src/stm32f4xx_hal_sd.c ****   */
2506:Drivers/STM32F4xx_HAL_Driver/Src/stm32f4xx_hal_sd.c **** static void SD_DMAReceiveCplt(DMA_HandleTypeDef *hdma)
2507:Drivers/STM32F4xx_HAL_Driver/Src/stm32f4xx_hal_sd.c **** {
2508:Drivers/STM32F4xx_HAL_Driver/Src/stm32f4xx_hal_sd.c ****   SD_HandleTypeDef* hsd = (SD_HandleTypeDef* )(hdma->Parent);
2509:Drivers/STM32F4xx_HAL_Driver/Src/stm32f4xx_hal_sd.c ****   uint32_t errorstate;
ARM GAS  /tmp/ccnf9wtj.s 			page 46


2510:Drivers/STM32F4xx_HAL_Driver/Src/stm32f4xx_hal_sd.c **** 
2511:Drivers/STM32F4xx_HAL_Driver/Src/stm32f4xx_hal_sd.c ****   /* Send stop command in multiblock write */
2512:Drivers/STM32F4xx_HAL_Driver/Src/stm32f4xx_hal_sd.c ****   if(hsd->Context == (SD_CONTEXT_READ_MULTIPLE_BLOCK | SD_CONTEXT_DMA))
2513:Drivers/STM32F4xx_HAL_Driver/Src/stm32f4xx_hal_sd.c ****   {
2514:Drivers/STM32F4xx_HAL_Driver/Src/stm32f4xx_hal_sd.c ****     errorstate = SDMMC_CmdStopTransfer(hsd->Instance);
2515:Drivers/STM32F4xx_HAL_Driver/Src/stm32f4xx_hal_sd.c ****     if(errorstate != HAL_SD_ERROR_NONE)
2516:Drivers/STM32F4xx_HAL_Driver/Src/stm32f4xx_hal_sd.c ****     {
2517:Drivers/STM32F4xx_HAL_Driver/Src/stm32f4xx_hal_sd.c ****       hsd->ErrorCode |= errorstate;
2518:Drivers/STM32F4xx_HAL_Driver/Src/stm32f4xx_hal_sd.c **** #if (USE_HAL_SD_REGISTER_CALLBACKS == 1)
2519:Drivers/STM32F4xx_HAL_Driver/Src/stm32f4xx_hal_sd.c ****       hsd->ErrorCallback(hsd);
2520:Drivers/STM32F4xx_HAL_Driver/Src/stm32f4xx_hal_sd.c **** #else
2521:Drivers/STM32F4xx_HAL_Driver/Src/stm32f4xx_hal_sd.c ****       HAL_SD_ErrorCallback(hsd);
2522:Drivers/STM32F4xx_HAL_Driver/Src/stm32f4xx_hal_sd.c **** #endif
2523:Drivers/STM32F4xx_HAL_Driver/Src/stm32f4xx_hal_sd.c ****     }
2524:Drivers/STM32F4xx_HAL_Driver/Src/stm32f4xx_hal_sd.c ****   }
2525:Drivers/STM32F4xx_HAL_Driver/Src/stm32f4xx_hal_sd.c **** 
2526:Drivers/STM32F4xx_HAL_Driver/Src/stm32f4xx_hal_sd.c ****   /* Disable the DMA transfer for transmit request by setting the DMAEN bit
2527:Drivers/STM32F4xx_HAL_Driver/Src/stm32f4xx_hal_sd.c ****   in the SD DCTRL register */
2528:Drivers/STM32F4xx_HAL_Driver/Src/stm32f4xx_hal_sd.c ****   hsd->Instance->DCTRL &= (uint32_t)~((uint32_t)SDIO_DCTRL_DMAEN);
2529:Drivers/STM32F4xx_HAL_Driver/Src/stm32f4xx_hal_sd.c **** 
2530:Drivers/STM32F4xx_HAL_Driver/Src/stm32f4xx_hal_sd.c ****   /* Clear all the static flags */
2531:Drivers/STM32F4xx_HAL_Driver/Src/stm32f4xx_hal_sd.c ****   __HAL_SD_CLEAR_FLAG(hsd, SDIO_STATIC_DATA_FLAGS);
2532:Drivers/STM32F4xx_HAL_Driver/Src/stm32f4xx_hal_sd.c **** 
2533:Drivers/STM32F4xx_HAL_Driver/Src/stm32f4xx_hal_sd.c ****   hsd->State = HAL_SD_STATE_READY;
2534:Drivers/STM32F4xx_HAL_Driver/Src/stm32f4xx_hal_sd.c ****   hsd->Context = SD_CONTEXT_NONE;
2535:Drivers/STM32F4xx_HAL_Driver/Src/stm32f4xx_hal_sd.c **** 
2536:Drivers/STM32F4xx_HAL_Driver/Src/stm32f4xx_hal_sd.c **** #if (USE_HAL_SD_REGISTER_CALLBACKS == 1)
2537:Drivers/STM32F4xx_HAL_Driver/Src/stm32f4xx_hal_sd.c ****   hsd->RxCpltCallback(hsd);
2538:Drivers/STM32F4xx_HAL_Driver/Src/stm32f4xx_hal_sd.c **** #else
2539:Drivers/STM32F4xx_HAL_Driver/Src/stm32f4xx_hal_sd.c ****   HAL_SD_RxCpltCallback(hsd);
2540:Drivers/STM32F4xx_HAL_Driver/Src/stm32f4xx_hal_sd.c **** #endif
2541:Drivers/STM32F4xx_HAL_Driver/Src/stm32f4xx_hal_sd.c **** }
2542:Drivers/STM32F4xx_HAL_Driver/Src/stm32f4xx_hal_sd.c **** 
2543:Drivers/STM32F4xx_HAL_Driver/Src/stm32f4xx_hal_sd.c **** /**
2544:Drivers/STM32F4xx_HAL_Driver/Src/stm32f4xx_hal_sd.c ****   * @brief  DMA SD communication error callback
2545:Drivers/STM32F4xx_HAL_Driver/Src/stm32f4xx_hal_sd.c ****   * @param  hdma: DMA handle
2546:Drivers/STM32F4xx_HAL_Driver/Src/stm32f4xx_hal_sd.c ****   * @retval None
2547:Drivers/STM32F4xx_HAL_Driver/Src/stm32f4xx_hal_sd.c ****   */
2548:Drivers/STM32F4xx_HAL_Driver/Src/stm32f4xx_hal_sd.c **** static void SD_DMAError(DMA_HandleTypeDef *hdma)
2549:Drivers/STM32F4xx_HAL_Driver/Src/stm32f4xx_hal_sd.c **** {
2550:Drivers/STM32F4xx_HAL_Driver/Src/stm32f4xx_hal_sd.c ****   SD_HandleTypeDef* hsd = (SD_HandleTypeDef* )(hdma->Parent);
2551:Drivers/STM32F4xx_HAL_Driver/Src/stm32f4xx_hal_sd.c ****   HAL_SD_CardStateTypeDef CardState;
2552:Drivers/STM32F4xx_HAL_Driver/Src/stm32f4xx_hal_sd.c ****   uint32_t RxErrorCode, TxErrorCode;
2553:Drivers/STM32F4xx_HAL_Driver/Src/stm32f4xx_hal_sd.c **** 
2554:Drivers/STM32F4xx_HAL_Driver/Src/stm32f4xx_hal_sd.c ****   /* if DMA error is FIFO error ignore it */
2555:Drivers/STM32F4xx_HAL_Driver/Src/stm32f4xx_hal_sd.c ****   if(HAL_DMA_GetError(hdma) != HAL_DMA_ERROR_FE)
2556:Drivers/STM32F4xx_HAL_Driver/Src/stm32f4xx_hal_sd.c ****   {
2557:Drivers/STM32F4xx_HAL_Driver/Src/stm32f4xx_hal_sd.c ****     RxErrorCode = hsd->hdmarx->ErrorCode;
2558:Drivers/STM32F4xx_HAL_Driver/Src/stm32f4xx_hal_sd.c ****     TxErrorCode = hsd->hdmatx->ErrorCode;  
2559:Drivers/STM32F4xx_HAL_Driver/Src/stm32f4xx_hal_sd.c ****     if((RxErrorCode == HAL_DMA_ERROR_TE) || (TxErrorCode == HAL_DMA_ERROR_TE))
2560:Drivers/STM32F4xx_HAL_Driver/Src/stm32f4xx_hal_sd.c ****     {
2561:Drivers/STM32F4xx_HAL_Driver/Src/stm32f4xx_hal_sd.c ****       /* Clear All flags */
2562:Drivers/STM32F4xx_HAL_Driver/Src/stm32f4xx_hal_sd.c ****       __HAL_SD_CLEAR_FLAG(hsd, SDIO_STATIC_FLAGS);
2563:Drivers/STM32F4xx_HAL_Driver/Src/stm32f4xx_hal_sd.c **** 
2564:Drivers/STM32F4xx_HAL_Driver/Src/stm32f4xx_hal_sd.c ****       /* Disable All interrupts */
2565:Drivers/STM32F4xx_HAL_Driver/Src/stm32f4xx_hal_sd.c ****       __HAL_SD_DISABLE_IT(hsd, SDIO_IT_DATAEND | SDIO_IT_DCRCFAIL | SDIO_IT_DTIMEOUT|\
2566:Drivers/STM32F4xx_HAL_Driver/Src/stm32f4xx_hal_sd.c ****         SDIO_IT_TXUNDERR| SDIO_IT_RXOVERR);
ARM GAS  /tmp/ccnf9wtj.s 			page 47


2567:Drivers/STM32F4xx_HAL_Driver/Src/stm32f4xx_hal_sd.c **** 
2568:Drivers/STM32F4xx_HAL_Driver/Src/stm32f4xx_hal_sd.c ****       hsd->ErrorCode |= HAL_SD_ERROR_DMA;
2569:Drivers/STM32F4xx_HAL_Driver/Src/stm32f4xx_hal_sd.c ****       CardState = HAL_SD_GetCardState(hsd);
2570:Drivers/STM32F4xx_HAL_Driver/Src/stm32f4xx_hal_sd.c ****       if((CardState == HAL_SD_CARD_RECEIVING) || (CardState == HAL_SD_CARD_SENDING))
2571:Drivers/STM32F4xx_HAL_Driver/Src/stm32f4xx_hal_sd.c ****       {
2572:Drivers/STM32F4xx_HAL_Driver/Src/stm32f4xx_hal_sd.c ****         hsd->ErrorCode |= SDMMC_CmdStopTransfer(hsd->Instance);
2573:Drivers/STM32F4xx_HAL_Driver/Src/stm32f4xx_hal_sd.c ****       }
2574:Drivers/STM32F4xx_HAL_Driver/Src/stm32f4xx_hal_sd.c **** 
2575:Drivers/STM32F4xx_HAL_Driver/Src/stm32f4xx_hal_sd.c ****       hsd->State= HAL_SD_STATE_READY;
2576:Drivers/STM32F4xx_HAL_Driver/Src/stm32f4xx_hal_sd.c ****       hsd->Context = SD_CONTEXT_NONE;
2577:Drivers/STM32F4xx_HAL_Driver/Src/stm32f4xx_hal_sd.c ****     }
2578:Drivers/STM32F4xx_HAL_Driver/Src/stm32f4xx_hal_sd.c **** 
2579:Drivers/STM32F4xx_HAL_Driver/Src/stm32f4xx_hal_sd.c **** #if (USE_HAL_SD_REGISTER_CALLBACKS == 1)
2580:Drivers/STM32F4xx_HAL_Driver/Src/stm32f4xx_hal_sd.c ****     hsd->ErrorCallback(hsd);
2581:Drivers/STM32F4xx_HAL_Driver/Src/stm32f4xx_hal_sd.c **** #else
2582:Drivers/STM32F4xx_HAL_Driver/Src/stm32f4xx_hal_sd.c ****     HAL_SD_ErrorCallback(hsd);
2583:Drivers/STM32F4xx_HAL_Driver/Src/stm32f4xx_hal_sd.c **** #endif
2584:Drivers/STM32F4xx_HAL_Driver/Src/stm32f4xx_hal_sd.c ****   }
2585:Drivers/STM32F4xx_HAL_Driver/Src/stm32f4xx_hal_sd.c **** }
2586:Drivers/STM32F4xx_HAL_Driver/Src/stm32f4xx_hal_sd.c **** 
2587:Drivers/STM32F4xx_HAL_Driver/Src/stm32f4xx_hal_sd.c **** /**
2588:Drivers/STM32F4xx_HAL_Driver/Src/stm32f4xx_hal_sd.c ****   * @brief  DMA SD Tx Abort callback
2589:Drivers/STM32F4xx_HAL_Driver/Src/stm32f4xx_hal_sd.c ****   * @param  hdma: DMA handle
2590:Drivers/STM32F4xx_HAL_Driver/Src/stm32f4xx_hal_sd.c ****   * @retval None
2591:Drivers/STM32F4xx_HAL_Driver/Src/stm32f4xx_hal_sd.c ****   */
2592:Drivers/STM32F4xx_HAL_Driver/Src/stm32f4xx_hal_sd.c **** static void SD_DMATxAbort(DMA_HandleTypeDef *hdma)
2593:Drivers/STM32F4xx_HAL_Driver/Src/stm32f4xx_hal_sd.c **** {
2594:Drivers/STM32F4xx_HAL_Driver/Src/stm32f4xx_hal_sd.c ****   SD_HandleTypeDef* hsd = (SD_HandleTypeDef* )(hdma->Parent);
2595:Drivers/STM32F4xx_HAL_Driver/Src/stm32f4xx_hal_sd.c ****   HAL_SD_CardStateTypeDef CardState;
2596:Drivers/STM32F4xx_HAL_Driver/Src/stm32f4xx_hal_sd.c **** 
2597:Drivers/STM32F4xx_HAL_Driver/Src/stm32f4xx_hal_sd.c ****   /* Clear All flags */
2598:Drivers/STM32F4xx_HAL_Driver/Src/stm32f4xx_hal_sd.c ****   __HAL_SD_CLEAR_FLAG(hsd, SDIO_STATIC_DATA_FLAGS);
2599:Drivers/STM32F4xx_HAL_Driver/Src/stm32f4xx_hal_sd.c **** 
2600:Drivers/STM32F4xx_HAL_Driver/Src/stm32f4xx_hal_sd.c ****   CardState = HAL_SD_GetCardState(hsd);
2601:Drivers/STM32F4xx_HAL_Driver/Src/stm32f4xx_hal_sd.c ****   hsd->State = HAL_SD_STATE_READY;
2602:Drivers/STM32F4xx_HAL_Driver/Src/stm32f4xx_hal_sd.c ****   hsd->Context = SD_CONTEXT_NONE;
2603:Drivers/STM32F4xx_HAL_Driver/Src/stm32f4xx_hal_sd.c ****   if((CardState == HAL_SD_CARD_RECEIVING) || (CardState == HAL_SD_CARD_SENDING))
2604:Drivers/STM32F4xx_HAL_Driver/Src/stm32f4xx_hal_sd.c ****   {
2605:Drivers/STM32F4xx_HAL_Driver/Src/stm32f4xx_hal_sd.c ****     hsd->ErrorCode |= SDMMC_CmdStopTransfer(hsd->Instance);
2606:Drivers/STM32F4xx_HAL_Driver/Src/stm32f4xx_hal_sd.c ****   }
2607:Drivers/STM32F4xx_HAL_Driver/Src/stm32f4xx_hal_sd.c **** 
2608:Drivers/STM32F4xx_HAL_Driver/Src/stm32f4xx_hal_sd.c ****   if(hsd->ErrorCode == HAL_SD_ERROR_NONE)
2609:Drivers/STM32F4xx_HAL_Driver/Src/stm32f4xx_hal_sd.c ****   {
2610:Drivers/STM32F4xx_HAL_Driver/Src/stm32f4xx_hal_sd.c **** #if (USE_HAL_SD_REGISTER_CALLBACKS == 1)
2611:Drivers/STM32F4xx_HAL_Driver/Src/stm32f4xx_hal_sd.c ****     hsd->AbortCpltCallback(hsd);
2612:Drivers/STM32F4xx_HAL_Driver/Src/stm32f4xx_hal_sd.c **** #else
2613:Drivers/STM32F4xx_HAL_Driver/Src/stm32f4xx_hal_sd.c ****     HAL_SD_AbortCallback(hsd);
2614:Drivers/STM32F4xx_HAL_Driver/Src/stm32f4xx_hal_sd.c **** #endif
2615:Drivers/STM32F4xx_HAL_Driver/Src/stm32f4xx_hal_sd.c ****   }
2616:Drivers/STM32F4xx_HAL_Driver/Src/stm32f4xx_hal_sd.c ****   else
2617:Drivers/STM32F4xx_HAL_Driver/Src/stm32f4xx_hal_sd.c ****   {
2618:Drivers/STM32F4xx_HAL_Driver/Src/stm32f4xx_hal_sd.c **** #if (USE_HAL_SD_REGISTER_CALLBACKS == 1)
2619:Drivers/STM32F4xx_HAL_Driver/Src/stm32f4xx_hal_sd.c ****     hsd->ErrorCallback(hsd);
2620:Drivers/STM32F4xx_HAL_Driver/Src/stm32f4xx_hal_sd.c **** #else
2621:Drivers/STM32F4xx_HAL_Driver/Src/stm32f4xx_hal_sd.c ****     HAL_SD_ErrorCallback(hsd);
2622:Drivers/STM32F4xx_HAL_Driver/Src/stm32f4xx_hal_sd.c **** #endif
2623:Drivers/STM32F4xx_HAL_Driver/Src/stm32f4xx_hal_sd.c ****   }
ARM GAS  /tmp/ccnf9wtj.s 			page 48


2624:Drivers/STM32F4xx_HAL_Driver/Src/stm32f4xx_hal_sd.c **** }
2625:Drivers/STM32F4xx_HAL_Driver/Src/stm32f4xx_hal_sd.c **** 
2626:Drivers/STM32F4xx_HAL_Driver/Src/stm32f4xx_hal_sd.c **** /**
2627:Drivers/STM32F4xx_HAL_Driver/Src/stm32f4xx_hal_sd.c ****   * @brief  DMA SD Rx Abort callback
2628:Drivers/STM32F4xx_HAL_Driver/Src/stm32f4xx_hal_sd.c ****   * @param  hdma: DMA handle
2629:Drivers/STM32F4xx_HAL_Driver/Src/stm32f4xx_hal_sd.c ****   * @retval None
2630:Drivers/STM32F4xx_HAL_Driver/Src/stm32f4xx_hal_sd.c ****   */
2631:Drivers/STM32F4xx_HAL_Driver/Src/stm32f4xx_hal_sd.c **** static void SD_DMARxAbort(DMA_HandleTypeDef *hdma)
2632:Drivers/STM32F4xx_HAL_Driver/Src/stm32f4xx_hal_sd.c **** {
2633:Drivers/STM32F4xx_HAL_Driver/Src/stm32f4xx_hal_sd.c ****   SD_HandleTypeDef* hsd = (SD_HandleTypeDef* )(hdma->Parent);
2634:Drivers/STM32F4xx_HAL_Driver/Src/stm32f4xx_hal_sd.c ****   HAL_SD_CardStateTypeDef CardState;
2635:Drivers/STM32F4xx_HAL_Driver/Src/stm32f4xx_hal_sd.c **** 
2636:Drivers/STM32F4xx_HAL_Driver/Src/stm32f4xx_hal_sd.c ****   /* Clear All flags */
2637:Drivers/STM32F4xx_HAL_Driver/Src/stm32f4xx_hal_sd.c ****   __HAL_SD_CLEAR_FLAG(hsd, SDIO_STATIC_DATA_FLAGS);
2638:Drivers/STM32F4xx_HAL_Driver/Src/stm32f4xx_hal_sd.c **** 
2639:Drivers/STM32F4xx_HAL_Driver/Src/stm32f4xx_hal_sd.c ****   CardState = HAL_SD_GetCardState(hsd);
2640:Drivers/STM32F4xx_HAL_Driver/Src/stm32f4xx_hal_sd.c ****   hsd->State = HAL_SD_STATE_READY;
2641:Drivers/STM32F4xx_HAL_Driver/Src/stm32f4xx_hal_sd.c ****   hsd->Context = SD_CONTEXT_NONE;
2642:Drivers/STM32F4xx_HAL_Driver/Src/stm32f4xx_hal_sd.c ****   if((CardState == HAL_SD_CARD_RECEIVING) || (CardState == HAL_SD_CARD_SENDING))
2643:Drivers/STM32F4xx_HAL_Driver/Src/stm32f4xx_hal_sd.c ****   {
2644:Drivers/STM32F4xx_HAL_Driver/Src/stm32f4xx_hal_sd.c ****     hsd->ErrorCode |= SDMMC_CmdStopTransfer(hsd->Instance);
2645:Drivers/STM32F4xx_HAL_Driver/Src/stm32f4xx_hal_sd.c ****   }
2646:Drivers/STM32F4xx_HAL_Driver/Src/stm32f4xx_hal_sd.c **** 
2647:Drivers/STM32F4xx_HAL_Driver/Src/stm32f4xx_hal_sd.c ****   if(hsd->ErrorCode == HAL_SD_ERROR_NONE)
2648:Drivers/STM32F4xx_HAL_Driver/Src/stm32f4xx_hal_sd.c ****   {
2649:Drivers/STM32F4xx_HAL_Driver/Src/stm32f4xx_hal_sd.c **** #if (USE_HAL_SD_REGISTER_CALLBACKS == 1)
2650:Drivers/STM32F4xx_HAL_Driver/Src/stm32f4xx_hal_sd.c ****     hsd->AbortCpltCallback(hsd);
2651:Drivers/STM32F4xx_HAL_Driver/Src/stm32f4xx_hal_sd.c **** #else
2652:Drivers/STM32F4xx_HAL_Driver/Src/stm32f4xx_hal_sd.c ****     HAL_SD_AbortCallback(hsd);
2653:Drivers/STM32F4xx_HAL_Driver/Src/stm32f4xx_hal_sd.c **** #endif
2654:Drivers/STM32F4xx_HAL_Driver/Src/stm32f4xx_hal_sd.c ****   }
2655:Drivers/STM32F4xx_HAL_Driver/Src/stm32f4xx_hal_sd.c ****   else
2656:Drivers/STM32F4xx_HAL_Driver/Src/stm32f4xx_hal_sd.c ****   {
2657:Drivers/STM32F4xx_HAL_Driver/Src/stm32f4xx_hal_sd.c **** #if (USE_HAL_SD_REGISTER_CALLBACKS == 1)
2658:Drivers/STM32F4xx_HAL_Driver/Src/stm32f4xx_hal_sd.c ****     hsd->ErrorCallback(hsd);
2659:Drivers/STM32F4xx_HAL_Driver/Src/stm32f4xx_hal_sd.c **** #else
2660:Drivers/STM32F4xx_HAL_Driver/Src/stm32f4xx_hal_sd.c ****     HAL_SD_ErrorCallback(hsd);
2661:Drivers/STM32F4xx_HAL_Driver/Src/stm32f4xx_hal_sd.c **** #endif
2662:Drivers/STM32F4xx_HAL_Driver/Src/stm32f4xx_hal_sd.c ****   }
2663:Drivers/STM32F4xx_HAL_Driver/Src/stm32f4xx_hal_sd.c **** }
2664:Drivers/STM32F4xx_HAL_Driver/Src/stm32f4xx_hal_sd.c **** 
2665:Drivers/STM32F4xx_HAL_Driver/Src/stm32f4xx_hal_sd.c **** /**
2666:Drivers/STM32F4xx_HAL_Driver/Src/stm32f4xx_hal_sd.c ****   * @brief  Initializes the sd card.
2667:Drivers/STM32F4xx_HAL_Driver/Src/stm32f4xx_hal_sd.c ****   * @param  hsd: Pointer to SD handle
2668:Drivers/STM32F4xx_HAL_Driver/Src/stm32f4xx_hal_sd.c ****   * @retval SD Card error state
2669:Drivers/STM32F4xx_HAL_Driver/Src/stm32f4xx_hal_sd.c ****   */
2670:Drivers/STM32F4xx_HAL_Driver/Src/stm32f4xx_hal_sd.c **** static uint32_t SD_InitCard(SD_HandleTypeDef *hsd)
2671:Drivers/STM32F4xx_HAL_Driver/Src/stm32f4xx_hal_sd.c **** {
2672:Drivers/STM32F4xx_HAL_Driver/Src/stm32f4xx_hal_sd.c ****   HAL_SD_CardCSDTypeDef CSD;
2673:Drivers/STM32F4xx_HAL_Driver/Src/stm32f4xx_hal_sd.c ****   uint32_t errorstate;
2674:Drivers/STM32F4xx_HAL_Driver/Src/stm32f4xx_hal_sd.c ****   uint16_t sd_rca = 1U;
2675:Drivers/STM32F4xx_HAL_Driver/Src/stm32f4xx_hal_sd.c **** 
2676:Drivers/STM32F4xx_HAL_Driver/Src/stm32f4xx_hal_sd.c ****   /* Check the power State */
2677:Drivers/STM32F4xx_HAL_Driver/Src/stm32f4xx_hal_sd.c ****   if(SDIO_GetPowerState(hsd->Instance) == 0U)
2678:Drivers/STM32F4xx_HAL_Driver/Src/stm32f4xx_hal_sd.c ****   {
2679:Drivers/STM32F4xx_HAL_Driver/Src/stm32f4xx_hal_sd.c ****     /* Power off */
2680:Drivers/STM32F4xx_HAL_Driver/Src/stm32f4xx_hal_sd.c ****     return HAL_SD_ERROR_REQUEST_NOT_APPLICABLE;
ARM GAS  /tmp/ccnf9wtj.s 			page 49


2681:Drivers/STM32F4xx_HAL_Driver/Src/stm32f4xx_hal_sd.c ****   }
2682:Drivers/STM32F4xx_HAL_Driver/Src/stm32f4xx_hal_sd.c **** 
2683:Drivers/STM32F4xx_HAL_Driver/Src/stm32f4xx_hal_sd.c ****   if(hsd->SdCard.CardType != CARD_SECURED)
2684:Drivers/STM32F4xx_HAL_Driver/Src/stm32f4xx_hal_sd.c ****   {
2685:Drivers/STM32F4xx_HAL_Driver/Src/stm32f4xx_hal_sd.c ****     /* Send CMD2 ALL_SEND_CID */
2686:Drivers/STM32F4xx_HAL_Driver/Src/stm32f4xx_hal_sd.c ****     errorstate = SDMMC_CmdSendCID(hsd->Instance);
2687:Drivers/STM32F4xx_HAL_Driver/Src/stm32f4xx_hal_sd.c ****     if(errorstate != HAL_SD_ERROR_NONE)
2688:Drivers/STM32F4xx_HAL_Driver/Src/stm32f4xx_hal_sd.c ****     {
2689:Drivers/STM32F4xx_HAL_Driver/Src/stm32f4xx_hal_sd.c ****       return errorstate;
2690:Drivers/STM32F4xx_HAL_Driver/Src/stm32f4xx_hal_sd.c ****     }
2691:Drivers/STM32F4xx_HAL_Driver/Src/stm32f4xx_hal_sd.c ****     else
2692:Drivers/STM32F4xx_HAL_Driver/Src/stm32f4xx_hal_sd.c ****     {
2693:Drivers/STM32F4xx_HAL_Driver/Src/stm32f4xx_hal_sd.c ****       /* Get Card identification number data */
2694:Drivers/STM32F4xx_HAL_Driver/Src/stm32f4xx_hal_sd.c ****       hsd->CID[0U] = SDIO_GetResponse(hsd->Instance, SDIO_RESP1);
2695:Drivers/STM32F4xx_HAL_Driver/Src/stm32f4xx_hal_sd.c ****       hsd->CID[1U] = SDIO_GetResponse(hsd->Instance, SDIO_RESP2);
2696:Drivers/STM32F4xx_HAL_Driver/Src/stm32f4xx_hal_sd.c ****       hsd->CID[2U] = SDIO_GetResponse(hsd->Instance, SDIO_RESP3);
2697:Drivers/STM32F4xx_HAL_Driver/Src/stm32f4xx_hal_sd.c ****       hsd->CID[3U] = SDIO_GetResponse(hsd->Instance, SDIO_RESP4);
2698:Drivers/STM32F4xx_HAL_Driver/Src/stm32f4xx_hal_sd.c ****     }
2699:Drivers/STM32F4xx_HAL_Driver/Src/stm32f4xx_hal_sd.c ****   }
2700:Drivers/STM32F4xx_HAL_Driver/Src/stm32f4xx_hal_sd.c **** 
2701:Drivers/STM32F4xx_HAL_Driver/Src/stm32f4xx_hal_sd.c ****   if(hsd->SdCard.CardType != CARD_SECURED)
2702:Drivers/STM32F4xx_HAL_Driver/Src/stm32f4xx_hal_sd.c ****   {
2703:Drivers/STM32F4xx_HAL_Driver/Src/stm32f4xx_hal_sd.c ****     /* Send CMD3 SET_REL_ADDR with argument 0 */
2704:Drivers/STM32F4xx_HAL_Driver/Src/stm32f4xx_hal_sd.c ****     /* SD Card publishes its RCA. */
2705:Drivers/STM32F4xx_HAL_Driver/Src/stm32f4xx_hal_sd.c ****     errorstate = SDMMC_CmdSetRelAdd(hsd->Instance, &sd_rca);
2706:Drivers/STM32F4xx_HAL_Driver/Src/stm32f4xx_hal_sd.c ****     if(errorstate != HAL_SD_ERROR_NONE)
2707:Drivers/STM32F4xx_HAL_Driver/Src/stm32f4xx_hal_sd.c ****     {
2708:Drivers/STM32F4xx_HAL_Driver/Src/stm32f4xx_hal_sd.c ****       return errorstate;
2709:Drivers/STM32F4xx_HAL_Driver/Src/stm32f4xx_hal_sd.c ****     }
2710:Drivers/STM32F4xx_HAL_Driver/Src/stm32f4xx_hal_sd.c ****   }
2711:Drivers/STM32F4xx_HAL_Driver/Src/stm32f4xx_hal_sd.c ****   if(hsd->SdCard.CardType != CARD_SECURED)
2712:Drivers/STM32F4xx_HAL_Driver/Src/stm32f4xx_hal_sd.c ****   {
2713:Drivers/STM32F4xx_HAL_Driver/Src/stm32f4xx_hal_sd.c ****     /* Get the SD card RCA */
2714:Drivers/STM32F4xx_HAL_Driver/Src/stm32f4xx_hal_sd.c ****     hsd->SdCard.RelCardAdd = sd_rca;
2715:Drivers/STM32F4xx_HAL_Driver/Src/stm32f4xx_hal_sd.c **** 
2716:Drivers/STM32F4xx_HAL_Driver/Src/stm32f4xx_hal_sd.c ****     /* Send CMD9 SEND_CSD with argument as card's RCA */
2717:Drivers/STM32F4xx_HAL_Driver/Src/stm32f4xx_hal_sd.c ****     errorstate = SDMMC_CmdSendCSD(hsd->Instance, (uint32_t)(hsd->SdCard.RelCardAdd << 16U));
2718:Drivers/STM32F4xx_HAL_Driver/Src/stm32f4xx_hal_sd.c ****     if(errorstate != HAL_SD_ERROR_NONE)
2719:Drivers/STM32F4xx_HAL_Driver/Src/stm32f4xx_hal_sd.c ****     {
2720:Drivers/STM32F4xx_HAL_Driver/Src/stm32f4xx_hal_sd.c ****       return errorstate;
2721:Drivers/STM32F4xx_HAL_Driver/Src/stm32f4xx_hal_sd.c ****     }
2722:Drivers/STM32F4xx_HAL_Driver/Src/stm32f4xx_hal_sd.c ****     else
2723:Drivers/STM32F4xx_HAL_Driver/Src/stm32f4xx_hal_sd.c ****     {
2724:Drivers/STM32F4xx_HAL_Driver/Src/stm32f4xx_hal_sd.c ****       /* Get Card Specific Data */
2725:Drivers/STM32F4xx_HAL_Driver/Src/stm32f4xx_hal_sd.c ****       hsd->CSD[0U] = SDIO_GetResponse(hsd->Instance, SDIO_RESP1);
2726:Drivers/STM32F4xx_HAL_Driver/Src/stm32f4xx_hal_sd.c ****       hsd->CSD[1U] = SDIO_GetResponse(hsd->Instance, SDIO_RESP2);
2727:Drivers/STM32F4xx_HAL_Driver/Src/stm32f4xx_hal_sd.c ****       hsd->CSD[2U] = SDIO_GetResponse(hsd->Instance, SDIO_RESP3);
2728:Drivers/STM32F4xx_HAL_Driver/Src/stm32f4xx_hal_sd.c ****       hsd->CSD[3U] = SDIO_GetResponse(hsd->Instance, SDIO_RESP4);
2729:Drivers/STM32F4xx_HAL_Driver/Src/stm32f4xx_hal_sd.c ****     }
2730:Drivers/STM32F4xx_HAL_Driver/Src/stm32f4xx_hal_sd.c ****   }
2731:Drivers/STM32F4xx_HAL_Driver/Src/stm32f4xx_hal_sd.c **** 
2732:Drivers/STM32F4xx_HAL_Driver/Src/stm32f4xx_hal_sd.c ****   /* Get the Card Class */
2733:Drivers/STM32F4xx_HAL_Driver/Src/stm32f4xx_hal_sd.c ****   hsd->SdCard.Class = (SDIO_GetResponse(hsd->Instance, SDIO_RESP2) >> 20U);
2734:Drivers/STM32F4xx_HAL_Driver/Src/stm32f4xx_hal_sd.c **** 
2735:Drivers/STM32F4xx_HAL_Driver/Src/stm32f4xx_hal_sd.c ****   /* Get CSD parameters */
2736:Drivers/STM32F4xx_HAL_Driver/Src/stm32f4xx_hal_sd.c ****   if (HAL_SD_GetCardCSD(hsd, &CSD) != HAL_OK)
2737:Drivers/STM32F4xx_HAL_Driver/Src/stm32f4xx_hal_sd.c ****   {
ARM GAS  /tmp/ccnf9wtj.s 			page 50


2738:Drivers/STM32F4xx_HAL_Driver/Src/stm32f4xx_hal_sd.c ****     return HAL_SD_ERROR_UNSUPPORTED_FEATURE;
2739:Drivers/STM32F4xx_HAL_Driver/Src/stm32f4xx_hal_sd.c ****   }
2740:Drivers/STM32F4xx_HAL_Driver/Src/stm32f4xx_hal_sd.c **** 
2741:Drivers/STM32F4xx_HAL_Driver/Src/stm32f4xx_hal_sd.c ****   /* Select the Card */
2742:Drivers/STM32F4xx_HAL_Driver/Src/stm32f4xx_hal_sd.c ****   errorstate = SDMMC_CmdSelDesel(hsd->Instance, (uint32_t)(((uint32_t)hsd->SdCard.RelCardAdd) << 16
2743:Drivers/STM32F4xx_HAL_Driver/Src/stm32f4xx_hal_sd.c ****   if(errorstate != HAL_SD_ERROR_NONE)
2744:Drivers/STM32F4xx_HAL_Driver/Src/stm32f4xx_hal_sd.c ****   {
2745:Drivers/STM32F4xx_HAL_Driver/Src/stm32f4xx_hal_sd.c ****     return errorstate;
2746:Drivers/STM32F4xx_HAL_Driver/Src/stm32f4xx_hal_sd.c ****   }
2747:Drivers/STM32F4xx_HAL_Driver/Src/stm32f4xx_hal_sd.c **** 
2748:Drivers/STM32F4xx_HAL_Driver/Src/stm32f4xx_hal_sd.c ****   /* Configure SDIO peripheral interface */
2749:Drivers/STM32F4xx_HAL_Driver/Src/stm32f4xx_hal_sd.c ****   (void)SDIO_Init(hsd->Instance, hsd->Init);
2750:Drivers/STM32F4xx_HAL_Driver/Src/stm32f4xx_hal_sd.c **** 
2751:Drivers/STM32F4xx_HAL_Driver/Src/stm32f4xx_hal_sd.c ****   /* All cards are initialized */
2752:Drivers/STM32F4xx_HAL_Driver/Src/stm32f4xx_hal_sd.c ****   return HAL_SD_ERROR_NONE;
2753:Drivers/STM32F4xx_HAL_Driver/Src/stm32f4xx_hal_sd.c **** }
2754:Drivers/STM32F4xx_HAL_Driver/Src/stm32f4xx_hal_sd.c **** 
2755:Drivers/STM32F4xx_HAL_Driver/Src/stm32f4xx_hal_sd.c **** /**
2756:Drivers/STM32F4xx_HAL_Driver/Src/stm32f4xx_hal_sd.c ****   * @brief  Enquires cards about their operating voltage and configures clock
2757:Drivers/STM32F4xx_HAL_Driver/Src/stm32f4xx_hal_sd.c ****   *         controls and stores SD information that will be needed in future
2758:Drivers/STM32F4xx_HAL_Driver/Src/stm32f4xx_hal_sd.c ****   *         in the SD handle.
2759:Drivers/STM32F4xx_HAL_Driver/Src/stm32f4xx_hal_sd.c ****   * @param  hsd: Pointer to SD handle
2760:Drivers/STM32F4xx_HAL_Driver/Src/stm32f4xx_hal_sd.c ****   * @retval error state
2761:Drivers/STM32F4xx_HAL_Driver/Src/stm32f4xx_hal_sd.c ****   */
2762:Drivers/STM32F4xx_HAL_Driver/Src/stm32f4xx_hal_sd.c **** static uint32_t SD_PowerON(SD_HandleTypeDef *hsd)
2763:Drivers/STM32F4xx_HAL_Driver/Src/stm32f4xx_hal_sd.c **** {
  60              		.loc 1 2763 1 is_stmt 1 view -0
  61              		.cfi_startproc
  62              		@ args = 0, pretend = 0, frame = 8
  63              		@ frame_needed = 0, uses_anonymous_args = 0
  64              		.loc 1 2763 1 is_stmt 0 view .LVU7
  65 0000 70B5     		push	{r4, r5, r6, lr}
  66              	.LCFI0:
  67              		.cfi_def_cfa_offset 16
  68              		.cfi_offset 4, -16
  69              		.cfi_offset 5, -12
  70              		.cfi_offset 6, -8
  71              		.cfi_offset 14, -4
  72 0002 82B0     		sub	sp, sp, #8
  73              	.LCFI1:
  74              		.cfi_def_cfa_offset 24
  75 0004 0446     		mov	r4, r0
2764:Drivers/STM32F4xx_HAL_Driver/Src/stm32f4xx_hal_sd.c ****   __IO uint32_t count = 0U;
  76              		.loc 1 2764 3 is_stmt 1 view .LVU8
  77              		.loc 1 2764 17 is_stmt 0 view .LVU9
  78 0006 0023     		movs	r3, #0
  79 0008 0193     		str	r3, [sp, #4]
2765:Drivers/STM32F4xx_HAL_Driver/Src/stm32f4xx_hal_sd.c ****   uint32_t response = 0U, validvoltage = 0U;
  80              		.loc 1 2765 3 is_stmt 1 view .LVU10
  81              	.LVL5:
2766:Drivers/STM32F4xx_HAL_Driver/Src/stm32f4xx_hal_sd.c ****   uint32_t errorstate;
  82              		.loc 1 2766 3 view .LVU11
2767:Drivers/STM32F4xx_HAL_Driver/Src/stm32f4xx_hal_sd.c **** 
2768:Drivers/STM32F4xx_HAL_Driver/Src/stm32f4xx_hal_sd.c ****   /* CMD0: GO_IDLE_STATE */
2769:Drivers/STM32F4xx_HAL_Driver/Src/stm32f4xx_hal_sd.c ****   errorstate = SDMMC_CmdGoIdleState(hsd->Instance);
  83              		.loc 1 2769 3 view .LVU12
  84              		.loc 1 2769 16 is_stmt 0 view .LVU13
ARM GAS  /tmp/ccnf9wtj.s 			page 51


  85 000a 0068     		ldr	r0, [r0]
  86              	.LVL6:
  87              		.loc 1 2769 16 view .LVU14
  88 000c FFF7FEFF 		bl	SDMMC_CmdGoIdleState
  89              	.LVL7:
2770:Drivers/STM32F4xx_HAL_Driver/Src/stm32f4xx_hal_sd.c ****   if(errorstate != HAL_SD_ERROR_NONE)
  90              		.loc 1 2770 3 is_stmt 1 view .LVU15
  91              		.loc 1 2770 5 is_stmt 0 view .LVU16
  92 0010 0546     		mov	r5, r0
  93 0012 10B1     		cbz	r0, .L18
  94              	.LVL8:
  95              	.L2:
2771:Drivers/STM32F4xx_HAL_Driver/Src/stm32f4xx_hal_sd.c ****   {
2772:Drivers/STM32F4xx_HAL_Driver/Src/stm32f4xx_hal_sd.c ****     return errorstate;
2773:Drivers/STM32F4xx_HAL_Driver/Src/stm32f4xx_hal_sd.c ****   }
2774:Drivers/STM32F4xx_HAL_Driver/Src/stm32f4xx_hal_sd.c **** 
2775:Drivers/STM32F4xx_HAL_Driver/Src/stm32f4xx_hal_sd.c ****   /* CMD8: SEND_IF_COND: Command available only on V2.0 cards */
2776:Drivers/STM32F4xx_HAL_Driver/Src/stm32f4xx_hal_sd.c ****   errorstate = SDMMC_CmdOperCond(hsd->Instance);
2777:Drivers/STM32F4xx_HAL_Driver/Src/stm32f4xx_hal_sd.c ****   if(errorstate != HAL_SD_ERROR_NONE)
2778:Drivers/STM32F4xx_HAL_Driver/Src/stm32f4xx_hal_sd.c ****   {
2779:Drivers/STM32F4xx_HAL_Driver/Src/stm32f4xx_hal_sd.c ****     hsd->SdCard.CardVersion = CARD_V1_X;
2780:Drivers/STM32F4xx_HAL_Driver/Src/stm32f4xx_hal_sd.c ****     /* CMD0: GO_IDLE_STATE */
2781:Drivers/STM32F4xx_HAL_Driver/Src/stm32f4xx_hal_sd.c ****     errorstate = SDMMC_CmdGoIdleState(hsd->Instance);
2782:Drivers/STM32F4xx_HAL_Driver/Src/stm32f4xx_hal_sd.c ****     if(errorstate != HAL_SD_ERROR_NONE)
2783:Drivers/STM32F4xx_HAL_Driver/Src/stm32f4xx_hal_sd.c ****     {
2784:Drivers/STM32F4xx_HAL_Driver/Src/stm32f4xx_hal_sd.c ****       return errorstate;
2785:Drivers/STM32F4xx_HAL_Driver/Src/stm32f4xx_hal_sd.c ****     }
2786:Drivers/STM32F4xx_HAL_Driver/Src/stm32f4xx_hal_sd.c **** 
2787:Drivers/STM32F4xx_HAL_Driver/Src/stm32f4xx_hal_sd.c ****   }
2788:Drivers/STM32F4xx_HAL_Driver/Src/stm32f4xx_hal_sd.c ****   else
2789:Drivers/STM32F4xx_HAL_Driver/Src/stm32f4xx_hal_sd.c ****   {
2790:Drivers/STM32F4xx_HAL_Driver/Src/stm32f4xx_hal_sd.c ****     hsd->SdCard.CardVersion = CARD_V2_X;
2791:Drivers/STM32F4xx_HAL_Driver/Src/stm32f4xx_hal_sd.c ****   }
2792:Drivers/STM32F4xx_HAL_Driver/Src/stm32f4xx_hal_sd.c **** 
2793:Drivers/STM32F4xx_HAL_Driver/Src/stm32f4xx_hal_sd.c ****   if( hsd->SdCard.CardVersion == CARD_V2_X)
2794:Drivers/STM32F4xx_HAL_Driver/Src/stm32f4xx_hal_sd.c ****   {
2795:Drivers/STM32F4xx_HAL_Driver/Src/stm32f4xx_hal_sd.c ****     /* SEND CMD55 APP_CMD with RCA as 0 */
2796:Drivers/STM32F4xx_HAL_Driver/Src/stm32f4xx_hal_sd.c ****     errorstate = SDMMC_CmdAppCommand(hsd->Instance, 0);
2797:Drivers/STM32F4xx_HAL_Driver/Src/stm32f4xx_hal_sd.c ****     if(errorstate != HAL_SD_ERROR_NONE)
2798:Drivers/STM32F4xx_HAL_Driver/Src/stm32f4xx_hal_sd.c ****     {
2799:Drivers/STM32F4xx_HAL_Driver/Src/stm32f4xx_hal_sd.c ****       return HAL_SD_ERROR_UNSUPPORTED_FEATURE;
2800:Drivers/STM32F4xx_HAL_Driver/Src/stm32f4xx_hal_sd.c ****     }
2801:Drivers/STM32F4xx_HAL_Driver/Src/stm32f4xx_hal_sd.c ****   }
2802:Drivers/STM32F4xx_HAL_Driver/Src/stm32f4xx_hal_sd.c ****   /* SD CARD */
2803:Drivers/STM32F4xx_HAL_Driver/Src/stm32f4xx_hal_sd.c ****   /* Send ACMD41 SD_APP_OP_COND with Argument 0x80100000 */
2804:Drivers/STM32F4xx_HAL_Driver/Src/stm32f4xx_hal_sd.c ****   while((count < SDMMC_MAX_VOLT_TRIAL) && (validvoltage == 0U))
2805:Drivers/STM32F4xx_HAL_Driver/Src/stm32f4xx_hal_sd.c ****   {
2806:Drivers/STM32F4xx_HAL_Driver/Src/stm32f4xx_hal_sd.c ****     /* SEND CMD55 APP_CMD with RCA as 0 */
2807:Drivers/STM32F4xx_HAL_Driver/Src/stm32f4xx_hal_sd.c ****     errorstate = SDMMC_CmdAppCommand(hsd->Instance, 0);
2808:Drivers/STM32F4xx_HAL_Driver/Src/stm32f4xx_hal_sd.c ****     if(errorstate != HAL_SD_ERROR_NONE)
2809:Drivers/STM32F4xx_HAL_Driver/Src/stm32f4xx_hal_sd.c ****     {
2810:Drivers/STM32F4xx_HAL_Driver/Src/stm32f4xx_hal_sd.c ****       return errorstate;
2811:Drivers/STM32F4xx_HAL_Driver/Src/stm32f4xx_hal_sd.c ****     }
2812:Drivers/STM32F4xx_HAL_Driver/Src/stm32f4xx_hal_sd.c **** 
2813:Drivers/STM32F4xx_HAL_Driver/Src/stm32f4xx_hal_sd.c ****     /* Send CMD41 */
2814:Drivers/STM32F4xx_HAL_Driver/Src/stm32f4xx_hal_sd.c ****     errorstate = SDMMC_CmdAppOperCommand(hsd->Instance, SDMMC_VOLTAGE_WINDOW_SD | SDMMC_HIGH_CAPACI
2815:Drivers/STM32F4xx_HAL_Driver/Src/stm32f4xx_hal_sd.c ****     if(errorstate != HAL_SD_ERROR_NONE)
ARM GAS  /tmp/ccnf9wtj.s 			page 52


2816:Drivers/STM32F4xx_HAL_Driver/Src/stm32f4xx_hal_sd.c ****     {
2817:Drivers/STM32F4xx_HAL_Driver/Src/stm32f4xx_hal_sd.c ****       return HAL_SD_ERROR_UNSUPPORTED_FEATURE;
2818:Drivers/STM32F4xx_HAL_Driver/Src/stm32f4xx_hal_sd.c ****     }
2819:Drivers/STM32F4xx_HAL_Driver/Src/stm32f4xx_hal_sd.c **** 
2820:Drivers/STM32F4xx_HAL_Driver/Src/stm32f4xx_hal_sd.c ****     /* Get command response */
2821:Drivers/STM32F4xx_HAL_Driver/Src/stm32f4xx_hal_sd.c ****     response = SDIO_GetResponse(hsd->Instance, SDIO_RESP1);
2822:Drivers/STM32F4xx_HAL_Driver/Src/stm32f4xx_hal_sd.c **** 
2823:Drivers/STM32F4xx_HAL_Driver/Src/stm32f4xx_hal_sd.c ****     /* Get operating voltage*/
2824:Drivers/STM32F4xx_HAL_Driver/Src/stm32f4xx_hal_sd.c ****     validvoltage = (((response >> 31U) == 1U) ? 1U : 0U);
2825:Drivers/STM32F4xx_HAL_Driver/Src/stm32f4xx_hal_sd.c **** 
2826:Drivers/STM32F4xx_HAL_Driver/Src/stm32f4xx_hal_sd.c ****     count++;
2827:Drivers/STM32F4xx_HAL_Driver/Src/stm32f4xx_hal_sd.c ****   }
2828:Drivers/STM32F4xx_HAL_Driver/Src/stm32f4xx_hal_sd.c **** 
2829:Drivers/STM32F4xx_HAL_Driver/Src/stm32f4xx_hal_sd.c ****   if(count >= SDMMC_MAX_VOLT_TRIAL)
2830:Drivers/STM32F4xx_HAL_Driver/Src/stm32f4xx_hal_sd.c ****   {
2831:Drivers/STM32F4xx_HAL_Driver/Src/stm32f4xx_hal_sd.c ****     return HAL_SD_ERROR_INVALID_VOLTRANGE;
2832:Drivers/STM32F4xx_HAL_Driver/Src/stm32f4xx_hal_sd.c ****   }
2833:Drivers/STM32F4xx_HAL_Driver/Src/stm32f4xx_hal_sd.c **** 
2834:Drivers/STM32F4xx_HAL_Driver/Src/stm32f4xx_hal_sd.c ****   if((response & SDMMC_HIGH_CAPACITY) == SDMMC_HIGH_CAPACITY) /* (response &= SD_HIGH_CAPACITY) */
2835:Drivers/STM32F4xx_HAL_Driver/Src/stm32f4xx_hal_sd.c ****   {
2836:Drivers/STM32F4xx_HAL_Driver/Src/stm32f4xx_hal_sd.c ****     hsd->SdCard.CardType = CARD_SDHC_SDXC;
2837:Drivers/STM32F4xx_HAL_Driver/Src/stm32f4xx_hal_sd.c ****   }
2838:Drivers/STM32F4xx_HAL_Driver/Src/stm32f4xx_hal_sd.c ****   else
2839:Drivers/STM32F4xx_HAL_Driver/Src/stm32f4xx_hal_sd.c ****   {
2840:Drivers/STM32F4xx_HAL_Driver/Src/stm32f4xx_hal_sd.c ****     hsd->SdCard.CardType = CARD_SDSC;
2841:Drivers/STM32F4xx_HAL_Driver/Src/stm32f4xx_hal_sd.c ****   }
2842:Drivers/STM32F4xx_HAL_Driver/Src/stm32f4xx_hal_sd.c **** 
2843:Drivers/STM32F4xx_HAL_Driver/Src/stm32f4xx_hal_sd.c **** 
2844:Drivers/STM32F4xx_HAL_Driver/Src/stm32f4xx_hal_sd.c ****   return HAL_SD_ERROR_NONE;
2845:Drivers/STM32F4xx_HAL_Driver/Src/stm32f4xx_hal_sd.c **** }
  96              		.loc 1 2845 1 view .LVU17
  97 0014 2846     		mov	r0, r5
  98 0016 02B0     		add	sp, sp, #8
  99              	.LCFI2:
 100              		.cfi_remember_state
 101              		.cfi_def_cfa_offset 16
 102              		@ sp needed
 103 0018 70BD     		pop	{r4, r5, r6, pc}
 104              	.LVL9:
 105              	.L18:
 106              	.LCFI3:
 107              		.cfi_restore_state
2776:Drivers/STM32F4xx_HAL_Driver/Src/stm32f4xx_hal_sd.c ****   if(errorstate != HAL_SD_ERROR_NONE)
 108              		.loc 1 2776 3 is_stmt 1 view .LVU18
2776:Drivers/STM32F4xx_HAL_Driver/Src/stm32f4xx_hal_sd.c ****   if(errorstate != HAL_SD_ERROR_NONE)
 109              		.loc 1 2776 16 is_stmt 0 view .LVU19
 110 001a 2068     		ldr	r0, [r4]
 111              	.LVL10:
2776:Drivers/STM32F4xx_HAL_Driver/Src/stm32f4xx_hal_sd.c ****   if(errorstate != HAL_SD_ERROR_NONE)
 112              		.loc 1 2776 16 view .LVU20
 113 001c FFF7FEFF 		bl	SDMMC_CmdOperCond
 114              	.LVL11:
2777:Drivers/STM32F4xx_HAL_Driver/Src/stm32f4xx_hal_sd.c ****   {
 115              		.loc 1 2777 3 is_stmt 1 view .LVU21
2777:Drivers/STM32F4xx_HAL_Driver/Src/stm32f4xx_hal_sd.c ****   {
 116              		.loc 1 2777 5 is_stmt 0 view .LVU22
 117 0020 38B9     		cbnz	r0, .L19
ARM GAS  /tmp/ccnf9wtj.s 			page 53


2790:Drivers/STM32F4xx_HAL_Driver/Src/stm32f4xx_hal_sd.c ****   }
 118              		.loc 1 2790 5 is_stmt 1 view .LVU23
2790:Drivers/STM32F4xx_HAL_Driver/Src/stm32f4xx_hal_sd.c ****   }
 119              		.loc 1 2790 29 is_stmt 0 view .LVU24
 120 0022 0123     		movs	r3, #1
 121 0024 A364     		str	r3, [r4, #72]
 122              	.L5:
2793:Drivers/STM32F4xx_HAL_Driver/Src/stm32f4xx_hal_sd.c ****   {
 123              		.loc 1 2793 3 is_stmt 1 view .LVU25
2793:Drivers/STM32F4xx_HAL_Driver/Src/stm32f4xx_hal_sd.c ****   {
 124              		.loc 1 2793 18 is_stmt 0 view .LVU26
 125 0026 A36C     		ldr	r3, [r4, #72]
2793:Drivers/STM32F4xx_HAL_Driver/Src/stm32f4xx_hal_sd.c ****   {
 126              		.loc 1 2793 5 view .LVU27
 127 0028 012B     		cmp	r3, #1
 128 002a 0BD0     		beq	.L20
 129              	.L6:
2824:Drivers/STM32F4xx_HAL_Driver/Src/stm32f4xx_hal_sd.c **** 
 130              		.loc 1 2824 52 discriminator 1 view .LVU28
 131 002c 2E46     		mov	r6, r5
 132 002e 2846     		mov	r0, r5
 133              	.LVL12:
2824:Drivers/STM32F4xx_HAL_Driver/Src/stm32f4xx_hal_sd.c **** 
 134              		.loc 1 2824 52 discriminator 1 view .LVU29
 135 0030 14E0     		b	.L8
 136              	.LVL13:
 137              	.L19:
2779:Drivers/STM32F4xx_HAL_Driver/Src/stm32f4xx_hal_sd.c ****     /* CMD0: GO_IDLE_STATE */
 138              		.loc 1 2779 5 is_stmt 1 view .LVU30
2779:Drivers/STM32F4xx_HAL_Driver/Src/stm32f4xx_hal_sd.c ****     /* CMD0: GO_IDLE_STATE */
 139              		.loc 1 2779 29 is_stmt 0 view .LVU31
 140 0032 0023     		movs	r3, #0
 141 0034 A364     		str	r3, [r4, #72]
2781:Drivers/STM32F4xx_HAL_Driver/Src/stm32f4xx_hal_sd.c ****     if(errorstate != HAL_SD_ERROR_NONE)
 142              		.loc 1 2781 5 is_stmt 1 view .LVU32
2781:Drivers/STM32F4xx_HAL_Driver/Src/stm32f4xx_hal_sd.c ****     if(errorstate != HAL_SD_ERROR_NONE)
 143              		.loc 1 2781 18 is_stmt 0 view .LVU33
 144 0036 2068     		ldr	r0, [r4]
 145              	.LVL14:
2781:Drivers/STM32F4xx_HAL_Driver/Src/stm32f4xx_hal_sd.c ****     if(errorstate != HAL_SD_ERROR_NONE)
 146              		.loc 1 2781 18 view .LVU34
 147 0038 FFF7FEFF 		bl	SDMMC_CmdGoIdleState
 148              	.LVL15:
2782:Drivers/STM32F4xx_HAL_Driver/Src/stm32f4xx_hal_sd.c ****     {
 149              		.loc 1 2782 5 is_stmt 1 view .LVU35
2782:Drivers/STM32F4xx_HAL_Driver/Src/stm32f4xx_hal_sd.c ****     {
 150              		.loc 1 2782 7 is_stmt 0 view .LVU36
 151 003c 0028     		cmp	r0, #0
 152 003e F2D0     		beq	.L5
2784:Drivers/STM32F4xx_HAL_Driver/Src/stm32f4xx_hal_sd.c ****     }
 153              		.loc 1 2784 14 view .LVU37
 154 0040 0546     		mov	r5, r0
 155 0042 E7E7     		b	.L2
 156              	.L20:
2796:Drivers/STM32F4xx_HAL_Driver/Src/stm32f4xx_hal_sd.c ****     if(errorstate != HAL_SD_ERROR_NONE)
 157              		.loc 1 2796 5 is_stmt 1 view .LVU38
2796:Drivers/STM32F4xx_HAL_Driver/Src/stm32f4xx_hal_sd.c ****     if(errorstate != HAL_SD_ERROR_NONE)
ARM GAS  /tmp/ccnf9wtj.s 			page 54


 158              		.loc 1 2796 18 is_stmt 0 view .LVU39
 159 0044 0021     		movs	r1, #0
 160 0046 2068     		ldr	r0, [r4]
 161              	.LVL16:
2796:Drivers/STM32F4xx_HAL_Driver/Src/stm32f4xx_hal_sd.c ****     if(errorstate != HAL_SD_ERROR_NONE)
 162              		.loc 1 2796 18 view .LVU40
 163 0048 FFF7FEFF 		bl	SDMMC_CmdAppCommand
 164              	.LVL17:
2797:Drivers/STM32F4xx_HAL_Driver/Src/stm32f4xx_hal_sd.c ****     {
 165              		.loc 1 2797 5 is_stmt 1 view .LVU41
2797:Drivers/STM32F4xx_HAL_Driver/Src/stm32f4xx_hal_sd.c ****     {
 166              		.loc 1 2797 7 is_stmt 0 view .LVU42
 167 004c 0028     		cmp	r0, #0
 168 004e EDD0     		beq	.L6
2799:Drivers/STM32F4xx_HAL_Driver/Src/stm32f4xx_hal_sd.c ****     }
 169              		.loc 1 2799 14 view .LVU43
 170 0050 4FF08055 		mov	r5, #268435456
 171 0054 DEE7     		b	.L2
 172              	.LVL18:
 173              	.L7:
2826:Drivers/STM32F4xx_HAL_Driver/Src/stm32f4xx_hal_sd.c ****   }
 174              		.loc 1 2826 5 is_stmt 1 view .LVU44
2826:Drivers/STM32F4xx_HAL_Driver/Src/stm32f4xx_hal_sd.c ****   }
 175              		.loc 1 2826 10 is_stmt 0 view .LVU45
 176 0056 019B     		ldr	r3, [sp, #4]
 177 0058 0133     		adds	r3, r3, #1
 178 005a 0193     		str	r3, [sp, #4]
 179              	.LVL19:
 180              	.L8:
2804:Drivers/STM32F4xx_HAL_Driver/Src/stm32f4xx_hal_sd.c ****   {
 181              		.loc 1 2804 40 is_stmt 1 view .LVU46
2804:Drivers/STM32F4xx_HAL_Driver/Src/stm32f4xx_hal_sd.c ****   {
 182              		.loc 1 2804 16 is_stmt 0 view .LVU47
 183 005c 019A     		ldr	r2, [sp, #4]
2804:Drivers/STM32F4xx_HAL_Driver/Src/stm32f4xx_hal_sd.c ****   {
 184              		.loc 1 2804 40 view .LVU48
 185 005e 4FF6FE73 		movw	r3, #65534
 186 0062 9A42     		cmp	r2, r3
 187 0064 13D8     		bhi	.L9
2804:Drivers/STM32F4xx_HAL_Driver/Src/stm32f4xx_hal_sd.c ****   {
 188              		.loc 1 2804 40 discriminator 1 view .LVU49
 189 0066 96B9     		cbnz	r6, .L9
2807:Drivers/STM32F4xx_HAL_Driver/Src/stm32f4xx_hal_sd.c ****     if(errorstate != HAL_SD_ERROR_NONE)
 190              		.loc 1 2807 5 is_stmt 1 view .LVU50
2807:Drivers/STM32F4xx_HAL_Driver/Src/stm32f4xx_hal_sd.c ****     if(errorstate != HAL_SD_ERROR_NONE)
 191              		.loc 1 2807 18 is_stmt 0 view .LVU51
 192 0068 0021     		movs	r1, #0
 193 006a 2068     		ldr	r0, [r4]
 194              	.LVL20:
2807:Drivers/STM32F4xx_HAL_Driver/Src/stm32f4xx_hal_sd.c ****     if(errorstate != HAL_SD_ERROR_NONE)
 195              		.loc 1 2807 18 view .LVU52
 196 006c FFF7FEFF 		bl	SDMMC_CmdAppCommand
 197              	.LVL21:
2808:Drivers/STM32F4xx_HAL_Driver/Src/stm32f4xx_hal_sd.c ****     {
 198              		.loc 1 2808 5 is_stmt 1 view .LVU53
2808:Drivers/STM32F4xx_HAL_Driver/Src/stm32f4xx_hal_sd.c ****     {
 199              		.loc 1 2808 7 is_stmt 0 view .LVU54
ARM GAS  /tmp/ccnf9wtj.s 			page 55


 200 0070 E0B9     		cbnz	r0, .L14
2814:Drivers/STM32F4xx_HAL_Driver/Src/stm32f4xx_hal_sd.c ****     if(errorstate != HAL_SD_ERROR_NONE)
 201              		.loc 1 2814 5 is_stmt 1 view .LVU55
2814:Drivers/STM32F4xx_HAL_Driver/Src/stm32f4xx_hal_sd.c ****     if(errorstate != HAL_SD_ERROR_NONE)
 202              		.loc 1 2814 18 is_stmt 0 view .LVU56
 203 0072 1249     		ldr	r1, .L21
 204 0074 2068     		ldr	r0, [r4]
 205              	.LVL22:
2814:Drivers/STM32F4xx_HAL_Driver/Src/stm32f4xx_hal_sd.c ****     if(errorstate != HAL_SD_ERROR_NONE)
 206              		.loc 1 2814 18 view .LVU57
 207 0076 FFF7FEFF 		bl	SDMMC_CmdAppOperCommand
 208              	.LVL23:
2815:Drivers/STM32F4xx_HAL_Driver/Src/stm32f4xx_hal_sd.c ****     {
 209              		.loc 1 2815 5 is_stmt 1 view .LVU58
2815:Drivers/STM32F4xx_HAL_Driver/Src/stm32f4xx_hal_sd.c ****     {
 210              		.loc 1 2815 7 is_stmt 0 view .LVU59
 211 007a 0646     		mov	r6, r0
 212              	.LVL24:
2815:Drivers/STM32F4xx_HAL_Driver/Src/stm32f4xx_hal_sd.c ****     {
 213              		.loc 1 2815 7 view .LVU60
 214 007c C0B9     		cbnz	r0, .L15
2821:Drivers/STM32F4xx_HAL_Driver/Src/stm32f4xx_hal_sd.c **** 
 215              		.loc 1 2821 5 is_stmt 1 view .LVU61
2821:Drivers/STM32F4xx_HAL_Driver/Src/stm32f4xx_hal_sd.c **** 
 216              		.loc 1 2821 16 is_stmt 0 view .LVU62
 217 007e 0021     		movs	r1, #0
 218 0080 2068     		ldr	r0, [r4]
 219              	.LVL25:
2821:Drivers/STM32F4xx_HAL_Driver/Src/stm32f4xx_hal_sd.c **** 
 220              		.loc 1 2821 16 view .LVU63
 221 0082 FFF7FEFF 		bl	SDIO_GetResponse
 222              	.LVL26:
2824:Drivers/STM32F4xx_HAL_Driver/Src/stm32f4xx_hal_sd.c **** 
 223              		.loc 1 2824 5 is_stmt 1 view .LVU64
2824:Drivers/STM32F4xx_HAL_Driver/Src/stm32f4xx_hal_sd.c **** 
 224              		.loc 1 2824 52 is_stmt 0 view .LVU65
 225 0086 C30F     		lsrs	r3, r0, #31
 226 0088 E5D0     		beq	.L7
2824:Drivers/STM32F4xx_HAL_Driver/Src/stm32f4xx_hal_sd.c **** 
 227              		.loc 1 2824 52 discriminator 1 view .LVU66
 228 008a 1E46     		mov	r6, r3
 229              	.LVL27:
2824:Drivers/STM32F4xx_HAL_Driver/Src/stm32f4xx_hal_sd.c **** 
 230              		.loc 1 2824 52 discriminator 1 view .LVU67
 231 008c E3E7     		b	.L7
 232              	.LVL28:
 233              	.L9:
2829:Drivers/STM32F4xx_HAL_Driver/Src/stm32f4xx_hal_sd.c ****   {
 234              		.loc 1 2829 3 is_stmt 1 view .LVU68
2829:Drivers/STM32F4xx_HAL_Driver/Src/stm32f4xx_hal_sd.c ****   {
 235              		.loc 1 2829 12 is_stmt 0 view .LVU69
 236 008e 019A     		ldr	r2, [sp, #4]
2829:Drivers/STM32F4xx_HAL_Driver/Src/stm32f4xx_hal_sd.c ****   {
 237              		.loc 1 2829 5 view .LVU70
 238 0090 4FF6FE73 		movw	r3, #65534
 239 0094 9A42     		cmp	r2, r3
 240 0096 0ED8     		bhi	.L16
ARM GAS  /tmp/ccnf9wtj.s 			page 56


2834:Drivers/STM32F4xx_HAL_Driver/Src/stm32f4xx_hal_sd.c ****   {
 241              		.loc 1 2834 3 is_stmt 1 view .LVU71
2834:Drivers/STM32F4xx_HAL_Driver/Src/stm32f4xx_hal_sd.c ****   {
 242              		.loc 1 2834 5 is_stmt 0 view .LVU72
 243 0098 10F08043 		ands	r3, r0, #1073741824
 244 009c 02D0     		beq	.L11
2836:Drivers/STM32F4xx_HAL_Driver/Src/stm32f4xx_hal_sd.c ****   }
 245              		.loc 1 2836 5 is_stmt 1 view .LVU73
2836:Drivers/STM32F4xx_HAL_Driver/Src/stm32f4xx_hal_sd.c ****   }
 246              		.loc 1 2836 26 is_stmt 0 view .LVU74
 247 009e 0123     		movs	r3, #1
 248 00a0 6364     		str	r3, [r4, #68]
 249 00a2 B7E7     		b	.L2
 250              	.L11:
2840:Drivers/STM32F4xx_HAL_Driver/Src/stm32f4xx_hal_sd.c ****   }
 251              		.loc 1 2840 5 is_stmt 1 view .LVU75
2840:Drivers/STM32F4xx_HAL_Driver/Src/stm32f4xx_hal_sd.c ****   }
 252              		.loc 1 2840 26 is_stmt 0 view .LVU76
 253 00a4 0022     		movs	r2, #0
 254 00a6 6264     		str	r2, [r4, #68]
2844:Drivers/STM32F4xx_HAL_Driver/Src/stm32f4xx_hal_sd.c **** }
 255              		.loc 1 2844 10 view .LVU77
 256 00a8 1D46     		mov	r5, r3
 257 00aa B3E7     		b	.L2
 258              	.LVL29:
 259              	.L14:
2810:Drivers/STM32F4xx_HAL_Driver/Src/stm32f4xx_hal_sd.c ****     }
 260              		.loc 1 2810 14 view .LVU78
 261 00ac 0546     		mov	r5, r0
 262 00ae B1E7     		b	.L2
 263              	.LVL30:
 264              	.L15:
2817:Drivers/STM32F4xx_HAL_Driver/Src/stm32f4xx_hal_sd.c ****     }
 265              		.loc 1 2817 14 view .LVU79
 266 00b0 4FF08055 		mov	r5, #268435456
 267 00b4 AEE7     		b	.L2
 268              	.LVL31:
 269              	.L16:
2831:Drivers/STM32F4xx_HAL_Driver/Src/stm32f4xx_hal_sd.c ****   }
 270              		.loc 1 2831 12 view .LVU80
 271 00b6 4FF08075 		mov	r5, #16777216
 272 00ba ABE7     		b	.L2
 273              	.L22:
 274              		.align	2
 275              	.L21:
 276 00bc 000010C1 		.word	-1055916032
 277              		.cfi_endproc
 278              	.LFE163:
 280              		.section	.text.SD_PowerOFF,"ax",%progbits
 281              		.align	1
 282              		.syntax unified
 283              		.thumb
 284              		.thumb_func
 286              	SD_PowerOFF:
 287              	.LVL32:
 288              	.LFB164:
2846:Drivers/STM32F4xx_HAL_Driver/Src/stm32f4xx_hal_sd.c **** 
ARM GAS  /tmp/ccnf9wtj.s 			page 57


2847:Drivers/STM32F4xx_HAL_Driver/Src/stm32f4xx_hal_sd.c **** /**
2848:Drivers/STM32F4xx_HAL_Driver/Src/stm32f4xx_hal_sd.c ****   * @brief  Turns the SDIO output signals off.
2849:Drivers/STM32F4xx_HAL_Driver/Src/stm32f4xx_hal_sd.c ****   * @param  hsd: Pointer to SD handle
2850:Drivers/STM32F4xx_HAL_Driver/Src/stm32f4xx_hal_sd.c ****   * @retval None
2851:Drivers/STM32F4xx_HAL_Driver/Src/stm32f4xx_hal_sd.c ****   */
2852:Drivers/STM32F4xx_HAL_Driver/Src/stm32f4xx_hal_sd.c **** static void SD_PowerOFF(SD_HandleTypeDef *hsd)
2853:Drivers/STM32F4xx_HAL_Driver/Src/stm32f4xx_hal_sd.c **** {
 289              		.loc 1 2853 1 is_stmt 1 view -0
 290              		.cfi_startproc
 291              		@ args = 0, pretend = 0, frame = 0
 292              		@ frame_needed = 0, uses_anonymous_args = 0
 293              		.loc 1 2853 1 is_stmt 0 view .LVU82
 294 0000 08B5     		push	{r3, lr}
 295              	.LCFI4:
 296              		.cfi_def_cfa_offset 8
 297              		.cfi_offset 3, -8
 298              		.cfi_offset 14, -4
2854:Drivers/STM32F4xx_HAL_Driver/Src/stm32f4xx_hal_sd.c ****   /* Set Power State to OFF */
2855:Drivers/STM32F4xx_HAL_Driver/Src/stm32f4xx_hal_sd.c ****   (void)SDIO_PowerState_OFF(hsd->Instance);
 299              		.loc 1 2855 3 is_stmt 1 view .LVU83
 300              		.loc 1 2855 9 is_stmt 0 view .LVU84
 301 0002 0068     		ldr	r0, [r0]
 302              	.LVL33:
 303              		.loc 1 2855 9 view .LVU85
 304 0004 FFF7FEFF 		bl	SDIO_PowerState_OFF
 305              	.LVL34:
2856:Drivers/STM32F4xx_HAL_Driver/Src/stm32f4xx_hal_sd.c **** }
 306              		.loc 1 2856 1 view .LVU86
 307 0008 08BD     		pop	{r3, pc}
 308              		.cfi_endproc
 309              	.LFE164:
 311              		.section	.text.SD_Read_IT,"ax",%progbits
 312              		.align	1
 313              		.syntax unified
 314              		.thumb
 315              		.thumb_func
 317              	SD_Read_IT:
 318              	.LVL35:
 319              	.LFB170:
2857:Drivers/STM32F4xx_HAL_Driver/Src/stm32f4xx_hal_sd.c **** 
2858:Drivers/STM32F4xx_HAL_Driver/Src/stm32f4xx_hal_sd.c **** /**
2859:Drivers/STM32F4xx_HAL_Driver/Src/stm32f4xx_hal_sd.c ****   * @brief  Send Status info command.
2860:Drivers/STM32F4xx_HAL_Driver/Src/stm32f4xx_hal_sd.c ****   * @param  hsd: pointer to SD handle
2861:Drivers/STM32F4xx_HAL_Driver/Src/stm32f4xx_hal_sd.c ****   * @param  pSDstatus: Pointer to the buffer that will contain the SD card status
2862:Drivers/STM32F4xx_HAL_Driver/Src/stm32f4xx_hal_sd.c ****   *         SD Status register)
2863:Drivers/STM32F4xx_HAL_Driver/Src/stm32f4xx_hal_sd.c ****   * @retval error state
2864:Drivers/STM32F4xx_HAL_Driver/Src/stm32f4xx_hal_sd.c ****   */
2865:Drivers/STM32F4xx_HAL_Driver/Src/stm32f4xx_hal_sd.c **** static uint32_t SD_SendSDStatus(SD_HandleTypeDef *hsd, uint32_t *pSDstatus)
2866:Drivers/STM32F4xx_HAL_Driver/Src/stm32f4xx_hal_sd.c **** {
2867:Drivers/STM32F4xx_HAL_Driver/Src/stm32f4xx_hal_sd.c ****   SDIO_DataInitTypeDef config;
2868:Drivers/STM32F4xx_HAL_Driver/Src/stm32f4xx_hal_sd.c ****   uint32_t errorstate;
2869:Drivers/STM32F4xx_HAL_Driver/Src/stm32f4xx_hal_sd.c ****   uint32_t tickstart = HAL_GetTick();
2870:Drivers/STM32F4xx_HAL_Driver/Src/stm32f4xx_hal_sd.c ****   uint32_t count;
2871:Drivers/STM32F4xx_HAL_Driver/Src/stm32f4xx_hal_sd.c ****   uint32_t *pData = pSDstatus;
2872:Drivers/STM32F4xx_HAL_Driver/Src/stm32f4xx_hal_sd.c **** 
2873:Drivers/STM32F4xx_HAL_Driver/Src/stm32f4xx_hal_sd.c ****   /* Check SD response */
2874:Drivers/STM32F4xx_HAL_Driver/Src/stm32f4xx_hal_sd.c ****   if((SDIO_GetResponse(hsd->Instance, SDIO_RESP1) & SDMMC_CARD_LOCKED) == SDMMC_CARD_LOCKED)
ARM GAS  /tmp/ccnf9wtj.s 			page 58


2875:Drivers/STM32F4xx_HAL_Driver/Src/stm32f4xx_hal_sd.c ****   {
2876:Drivers/STM32F4xx_HAL_Driver/Src/stm32f4xx_hal_sd.c ****     return HAL_SD_ERROR_LOCK_UNLOCK_FAILED;
2877:Drivers/STM32F4xx_HAL_Driver/Src/stm32f4xx_hal_sd.c ****   }
2878:Drivers/STM32F4xx_HAL_Driver/Src/stm32f4xx_hal_sd.c **** 
2879:Drivers/STM32F4xx_HAL_Driver/Src/stm32f4xx_hal_sd.c ****   /* Set block size for card if it is not equal to current block size for card */
2880:Drivers/STM32F4xx_HAL_Driver/Src/stm32f4xx_hal_sd.c ****   errorstate = SDMMC_CmdBlockLength(hsd->Instance, 64U);
2881:Drivers/STM32F4xx_HAL_Driver/Src/stm32f4xx_hal_sd.c ****   if(errorstate != HAL_SD_ERROR_NONE)
2882:Drivers/STM32F4xx_HAL_Driver/Src/stm32f4xx_hal_sd.c ****   {
2883:Drivers/STM32F4xx_HAL_Driver/Src/stm32f4xx_hal_sd.c ****     hsd->ErrorCode |= HAL_SD_ERROR_NONE;
2884:Drivers/STM32F4xx_HAL_Driver/Src/stm32f4xx_hal_sd.c ****     return errorstate;
2885:Drivers/STM32F4xx_HAL_Driver/Src/stm32f4xx_hal_sd.c ****   }
2886:Drivers/STM32F4xx_HAL_Driver/Src/stm32f4xx_hal_sd.c **** 
2887:Drivers/STM32F4xx_HAL_Driver/Src/stm32f4xx_hal_sd.c ****   /* Send CMD55 */
2888:Drivers/STM32F4xx_HAL_Driver/Src/stm32f4xx_hal_sd.c ****   errorstate = SDMMC_CmdAppCommand(hsd->Instance, (uint32_t)(hsd->SdCard.RelCardAdd << 16U));
2889:Drivers/STM32F4xx_HAL_Driver/Src/stm32f4xx_hal_sd.c ****   if(errorstate != HAL_SD_ERROR_NONE)
2890:Drivers/STM32F4xx_HAL_Driver/Src/stm32f4xx_hal_sd.c ****   {
2891:Drivers/STM32F4xx_HAL_Driver/Src/stm32f4xx_hal_sd.c ****     hsd->ErrorCode |= HAL_SD_ERROR_NONE;
2892:Drivers/STM32F4xx_HAL_Driver/Src/stm32f4xx_hal_sd.c ****     return errorstate;
2893:Drivers/STM32F4xx_HAL_Driver/Src/stm32f4xx_hal_sd.c ****   }
2894:Drivers/STM32F4xx_HAL_Driver/Src/stm32f4xx_hal_sd.c **** 
2895:Drivers/STM32F4xx_HAL_Driver/Src/stm32f4xx_hal_sd.c ****   /* Configure the SD DPSM (Data Path State Machine) */
2896:Drivers/STM32F4xx_HAL_Driver/Src/stm32f4xx_hal_sd.c ****   config.DataTimeOut   = SDMMC_DATATIMEOUT;
2897:Drivers/STM32F4xx_HAL_Driver/Src/stm32f4xx_hal_sd.c ****   config.DataLength    = 64U;
2898:Drivers/STM32F4xx_HAL_Driver/Src/stm32f4xx_hal_sd.c ****   config.DataBlockSize = SDIO_DATABLOCK_SIZE_64B;
2899:Drivers/STM32F4xx_HAL_Driver/Src/stm32f4xx_hal_sd.c ****   config.TransferDir   = SDIO_TRANSFER_DIR_TO_SDIO;
2900:Drivers/STM32F4xx_HAL_Driver/Src/stm32f4xx_hal_sd.c ****   config.TransferMode  = SDIO_TRANSFER_MODE_BLOCK;
2901:Drivers/STM32F4xx_HAL_Driver/Src/stm32f4xx_hal_sd.c ****   config.DPSM          = SDIO_DPSM_ENABLE;
2902:Drivers/STM32F4xx_HAL_Driver/Src/stm32f4xx_hal_sd.c ****   (void)SDIO_ConfigData(hsd->Instance, &config);
2903:Drivers/STM32F4xx_HAL_Driver/Src/stm32f4xx_hal_sd.c **** 
2904:Drivers/STM32F4xx_HAL_Driver/Src/stm32f4xx_hal_sd.c ****   /* Send ACMD13 (SD_APP_STAUS)  with argument as card's RCA */
2905:Drivers/STM32F4xx_HAL_Driver/Src/stm32f4xx_hal_sd.c ****   errorstate = SDMMC_CmdStatusRegister(hsd->Instance);
2906:Drivers/STM32F4xx_HAL_Driver/Src/stm32f4xx_hal_sd.c ****   if(errorstate != HAL_SD_ERROR_NONE)
2907:Drivers/STM32F4xx_HAL_Driver/Src/stm32f4xx_hal_sd.c ****   {
2908:Drivers/STM32F4xx_HAL_Driver/Src/stm32f4xx_hal_sd.c ****     hsd->ErrorCode |= HAL_SD_ERROR_NONE;
2909:Drivers/STM32F4xx_HAL_Driver/Src/stm32f4xx_hal_sd.c ****     return errorstate;
2910:Drivers/STM32F4xx_HAL_Driver/Src/stm32f4xx_hal_sd.c ****   }
2911:Drivers/STM32F4xx_HAL_Driver/Src/stm32f4xx_hal_sd.c **** 
2912:Drivers/STM32F4xx_HAL_Driver/Src/stm32f4xx_hal_sd.c ****   /* Get status data */
2913:Drivers/STM32F4xx_HAL_Driver/Src/stm32f4xx_hal_sd.c ****   while(!__HAL_SD_GET_FLAG(hsd, SDIO_FLAG_RXOVERR | SDIO_FLAG_DCRCFAIL | SDIO_FLAG_DTIMEOUT | SDIO_
2914:Drivers/STM32F4xx_HAL_Driver/Src/stm32f4xx_hal_sd.c ****   {
2915:Drivers/STM32F4xx_HAL_Driver/Src/stm32f4xx_hal_sd.c ****     if(__HAL_SD_GET_FLAG(hsd, SDIO_FLAG_RXFIFOHF))
2916:Drivers/STM32F4xx_HAL_Driver/Src/stm32f4xx_hal_sd.c ****     {
2917:Drivers/STM32F4xx_HAL_Driver/Src/stm32f4xx_hal_sd.c ****       for(count = 0U; count < 8U; count++)
2918:Drivers/STM32F4xx_HAL_Driver/Src/stm32f4xx_hal_sd.c ****       {
2919:Drivers/STM32F4xx_HAL_Driver/Src/stm32f4xx_hal_sd.c ****         *pData = SDIO_ReadFIFO(hsd->Instance);
2920:Drivers/STM32F4xx_HAL_Driver/Src/stm32f4xx_hal_sd.c ****         pData++;
2921:Drivers/STM32F4xx_HAL_Driver/Src/stm32f4xx_hal_sd.c ****       }
2922:Drivers/STM32F4xx_HAL_Driver/Src/stm32f4xx_hal_sd.c ****     }
2923:Drivers/STM32F4xx_HAL_Driver/Src/stm32f4xx_hal_sd.c **** 
2924:Drivers/STM32F4xx_HAL_Driver/Src/stm32f4xx_hal_sd.c ****     if((HAL_GetTick() - tickstart) >=  SDMMC_DATATIMEOUT)
2925:Drivers/STM32F4xx_HAL_Driver/Src/stm32f4xx_hal_sd.c ****     {
2926:Drivers/STM32F4xx_HAL_Driver/Src/stm32f4xx_hal_sd.c ****       return HAL_SD_ERROR_TIMEOUT;
2927:Drivers/STM32F4xx_HAL_Driver/Src/stm32f4xx_hal_sd.c ****     }
2928:Drivers/STM32F4xx_HAL_Driver/Src/stm32f4xx_hal_sd.c ****   }
2929:Drivers/STM32F4xx_HAL_Driver/Src/stm32f4xx_hal_sd.c **** 
2930:Drivers/STM32F4xx_HAL_Driver/Src/stm32f4xx_hal_sd.c ****   if(__HAL_SD_GET_FLAG(hsd, SDIO_FLAG_DTIMEOUT))
2931:Drivers/STM32F4xx_HAL_Driver/Src/stm32f4xx_hal_sd.c ****   {
ARM GAS  /tmp/ccnf9wtj.s 			page 59


2932:Drivers/STM32F4xx_HAL_Driver/Src/stm32f4xx_hal_sd.c ****     return HAL_SD_ERROR_DATA_TIMEOUT;
2933:Drivers/STM32F4xx_HAL_Driver/Src/stm32f4xx_hal_sd.c ****   }
2934:Drivers/STM32F4xx_HAL_Driver/Src/stm32f4xx_hal_sd.c ****   else if(__HAL_SD_GET_FLAG(hsd, SDIO_FLAG_DCRCFAIL))
2935:Drivers/STM32F4xx_HAL_Driver/Src/stm32f4xx_hal_sd.c ****   {
2936:Drivers/STM32F4xx_HAL_Driver/Src/stm32f4xx_hal_sd.c ****     return HAL_SD_ERROR_DATA_CRC_FAIL;
2937:Drivers/STM32F4xx_HAL_Driver/Src/stm32f4xx_hal_sd.c ****   }
2938:Drivers/STM32F4xx_HAL_Driver/Src/stm32f4xx_hal_sd.c ****   else if(__HAL_SD_GET_FLAG(hsd, SDIO_FLAG_RXOVERR))
2939:Drivers/STM32F4xx_HAL_Driver/Src/stm32f4xx_hal_sd.c ****   {
2940:Drivers/STM32F4xx_HAL_Driver/Src/stm32f4xx_hal_sd.c ****     return HAL_SD_ERROR_RX_OVERRUN;
2941:Drivers/STM32F4xx_HAL_Driver/Src/stm32f4xx_hal_sd.c ****   }
2942:Drivers/STM32F4xx_HAL_Driver/Src/stm32f4xx_hal_sd.c ****   else
2943:Drivers/STM32F4xx_HAL_Driver/Src/stm32f4xx_hal_sd.c ****   {
2944:Drivers/STM32F4xx_HAL_Driver/Src/stm32f4xx_hal_sd.c ****     /* Nothing to do */
2945:Drivers/STM32F4xx_HAL_Driver/Src/stm32f4xx_hal_sd.c ****   }
2946:Drivers/STM32F4xx_HAL_Driver/Src/stm32f4xx_hal_sd.c **** 
2947:Drivers/STM32F4xx_HAL_Driver/Src/stm32f4xx_hal_sd.c ****   while ((__HAL_SD_GET_FLAG(hsd, SDIO_FLAG_RXDAVL)))
2948:Drivers/STM32F4xx_HAL_Driver/Src/stm32f4xx_hal_sd.c ****   {
2949:Drivers/STM32F4xx_HAL_Driver/Src/stm32f4xx_hal_sd.c ****     *pData = SDIO_ReadFIFO(hsd->Instance);
2950:Drivers/STM32F4xx_HAL_Driver/Src/stm32f4xx_hal_sd.c ****     pData++;
2951:Drivers/STM32F4xx_HAL_Driver/Src/stm32f4xx_hal_sd.c **** 
2952:Drivers/STM32F4xx_HAL_Driver/Src/stm32f4xx_hal_sd.c ****     if((HAL_GetTick() - tickstart) >=  SDMMC_DATATIMEOUT)
2953:Drivers/STM32F4xx_HAL_Driver/Src/stm32f4xx_hal_sd.c ****     {
2954:Drivers/STM32F4xx_HAL_Driver/Src/stm32f4xx_hal_sd.c ****       return HAL_SD_ERROR_TIMEOUT;
2955:Drivers/STM32F4xx_HAL_Driver/Src/stm32f4xx_hal_sd.c ****     }
2956:Drivers/STM32F4xx_HAL_Driver/Src/stm32f4xx_hal_sd.c ****   }
2957:Drivers/STM32F4xx_HAL_Driver/Src/stm32f4xx_hal_sd.c **** 
2958:Drivers/STM32F4xx_HAL_Driver/Src/stm32f4xx_hal_sd.c ****   /* Clear all the static status flags*/
2959:Drivers/STM32F4xx_HAL_Driver/Src/stm32f4xx_hal_sd.c ****   __HAL_SD_CLEAR_FLAG(hsd, SDIO_STATIC_DATA_FLAGS);
2960:Drivers/STM32F4xx_HAL_Driver/Src/stm32f4xx_hal_sd.c **** 
2961:Drivers/STM32F4xx_HAL_Driver/Src/stm32f4xx_hal_sd.c ****   return HAL_SD_ERROR_NONE;
2962:Drivers/STM32F4xx_HAL_Driver/Src/stm32f4xx_hal_sd.c **** }
2963:Drivers/STM32F4xx_HAL_Driver/Src/stm32f4xx_hal_sd.c **** 
2964:Drivers/STM32F4xx_HAL_Driver/Src/stm32f4xx_hal_sd.c **** /**
2965:Drivers/STM32F4xx_HAL_Driver/Src/stm32f4xx_hal_sd.c ****   * @brief  Returns the current card's status.
2966:Drivers/STM32F4xx_HAL_Driver/Src/stm32f4xx_hal_sd.c ****   * @param  hsd: Pointer to SD handle
2967:Drivers/STM32F4xx_HAL_Driver/Src/stm32f4xx_hal_sd.c ****   * @param  pCardStatus: pointer to the buffer that will contain the SD card
2968:Drivers/STM32F4xx_HAL_Driver/Src/stm32f4xx_hal_sd.c ****   *         status (Card Status register)
2969:Drivers/STM32F4xx_HAL_Driver/Src/stm32f4xx_hal_sd.c ****   * @retval error state
2970:Drivers/STM32F4xx_HAL_Driver/Src/stm32f4xx_hal_sd.c ****   */
2971:Drivers/STM32F4xx_HAL_Driver/Src/stm32f4xx_hal_sd.c **** static uint32_t SD_SendStatus(SD_HandleTypeDef *hsd, uint32_t *pCardStatus)
2972:Drivers/STM32F4xx_HAL_Driver/Src/stm32f4xx_hal_sd.c **** {
2973:Drivers/STM32F4xx_HAL_Driver/Src/stm32f4xx_hal_sd.c ****   uint32_t errorstate;
2974:Drivers/STM32F4xx_HAL_Driver/Src/stm32f4xx_hal_sd.c **** 
2975:Drivers/STM32F4xx_HAL_Driver/Src/stm32f4xx_hal_sd.c ****   if(pCardStatus == NULL)
2976:Drivers/STM32F4xx_HAL_Driver/Src/stm32f4xx_hal_sd.c ****   {
2977:Drivers/STM32F4xx_HAL_Driver/Src/stm32f4xx_hal_sd.c ****     return HAL_SD_ERROR_PARAM;
2978:Drivers/STM32F4xx_HAL_Driver/Src/stm32f4xx_hal_sd.c ****   }
2979:Drivers/STM32F4xx_HAL_Driver/Src/stm32f4xx_hal_sd.c **** 
2980:Drivers/STM32F4xx_HAL_Driver/Src/stm32f4xx_hal_sd.c ****   /* Send Status command */
2981:Drivers/STM32F4xx_HAL_Driver/Src/stm32f4xx_hal_sd.c ****   errorstate = SDMMC_CmdSendStatus(hsd->Instance, (uint32_t)(hsd->SdCard.RelCardAdd << 16U));
2982:Drivers/STM32F4xx_HAL_Driver/Src/stm32f4xx_hal_sd.c ****   if(errorstate != HAL_SD_ERROR_NONE)
2983:Drivers/STM32F4xx_HAL_Driver/Src/stm32f4xx_hal_sd.c ****   {
2984:Drivers/STM32F4xx_HAL_Driver/Src/stm32f4xx_hal_sd.c ****     return errorstate;
2985:Drivers/STM32F4xx_HAL_Driver/Src/stm32f4xx_hal_sd.c ****   }
2986:Drivers/STM32F4xx_HAL_Driver/Src/stm32f4xx_hal_sd.c **** 
2987:Drivers/STM32F4xx_HAL_Driver/Src/stm32f4xx_hal_sd.c ****   /* Get SD card status */
2988:Drivers/STM32F4xx_HAL_Driver/Src/stm32f4xx_hal_sd.c ****   *pCardStatus = SDIO_GetResponse(hsd->Instance, SDIO_RESP1);
ARM GAS  /tmp/ccnf9wtj.s 			page 60


2989:Drivers/STM32F4xx_HAL_Driver/Src/stm32f4xx_hal_sd.c **** 
2990:Drivers/STM32F4xx_HAL_Driver/Src/stm32f4xx_hal_sd.c ****   return HAL_SD_ERROR_NONE;
2991:Drivers/STM32F4xx_HAL_Driver/Src/stm32f4xx_hal_sd.c **** }
2992:Drivers/STM32F4xx_HAL_Driver/Src/stm32f4xx_hal_sd.c **** 
2993:Drivers/STM32F4xx_HAL_Driver/Src/stm32f4xx_hal_sd.c **** /**
2994:Drivers/STM32F4xx_HAL_Driver/Src/stm32f4xx_hal_sd.c ****   * @brief  Enables the SDIO wide bus mode.
2995:Drivers/STM32F4xx_HAL_Driver/Src/stm32f4xx_hal_sd.c ****   * @param  hsd: pointer to SD handle
2996:Drivers/STM32F4xx_HAL_Driver/Src/stm32f4xx_hal_sd.c ****   * @retval error state
2997:Drivers/STM32F4xx_HAL_Driver/Src/stm32f4xx_hal_sd.c ****   */
2998:Drivers/STM32F4xx_HAL_Driver/Src/stm32f4xx_hal_sd.c **** static uint32_t SD_WideBus_Enable(SD_HandleTypeDef *hsd)
2999:Drivers/STM32F4xx_HAL_Driver/Src/stm32f4xx_hal_sd.c **** {
3000:Drivers/STM32F4xx_HAL_Driver/Src/stm32f4xx_hal_sd.c ****   uint32_t scr[2U] = {0U, 0U};
3001:Drivers/STM32F4xx_HAL_Driver/Src/stm32f4xx_hal_sd.c ****   uint32_t errorstate;
3002:Drivers/STM32F4xx_HAL_Driver/Src/stm32f4xx_hal_sd.c **** 
3003:Drivers/STM32F4xx_HAL_Driver/Src/stm32f4xx_hal_sd.c ****   if((SDIO_GetResponse(hsd->Instance, SDIO_RESP1) & SDMMC_CARD_LOCKED) == SDMMC_CARD_LOCKED)
3004:Drivers/STM32F4xx_HAL_Driver/Src/stm32f4xx_hal_sd.c ****   {
3005:Drivers/STM32F4xx_HAL_Driver/Src/stm32f4xx_hal_sd.c ****     return HAL_SD_ERROR_LOCK_UNLOCK_FAILED;
3006:Drivers/STM32F4xx_HAL_Driver/Src/stm32f4xx_hal_sd.c ****   }
3007:Drivers/STM32F4xx_HAL_Driver/Src/stm32f4xx_hal_sd.c **** 
3008:Drivers/STM32F4xx_HAL_Driver/Src/stm32f4xx_hal_sd.c ****   /* Get SCR Register */
3009:Drivers/STM32F4xx_HAL_Driver/Src/stm32f4xx_hal_sd.c ****   errorstate = SD_FindSCR(hsd, scr);
3010:Drivers/STM32F4xx_HAL_Driver/Src/stm32f4xx_hal_sd.c ****   if(errorstate != HAL_SD_ERROR_NONE)
3011:Drivers/STM32F4xx_HAL_Driver/Src/stm32f4xx_hal_sd.c ****   {
3012:Drivers/STM32F4xx_HAL_Driver/Src/stm32f4xx_hal_sd.c ****     return errorstate;
3013:Drivers/STM32F4xx_HAL_Driver/Src/stm32f4xx_hal_sd.c ****   }
3014:Drivers/STM32F4xx_HAL_Driver/Src/stm32f4xx_hal_sd.c **** 
3015:Drivers/STM32F4xx_HAL_Driver/Src/stm32f4xx_hal_sd.c ****   /* If requested card supports wide bus operation */
3016:Drivers/STM32F4xx_HAL_Driver/Src/stm32f4xx_hal_sd.c ****   if((scr[1U] & SDMMC_WIDE_BUS_SUPPORT) != SDMMC_ALLZERO)
3017:Drivers/STM32F4xx_HAL_Driver/Src/stm32f4xx_hal_sd.c ****   {
3018:Drivers/STM32F4xx_HAL_Driver/Src/stm32f4xx_hal_sd.c ****     /* Send CMD55 APP_CMD with argument as card's RCA.*/
3019:Drivers/STM32F4xx_HAL_Driver/Src/stm32f4xx_hal_sd.c ****     errorstate = SDMMC_CmdAppCommand(hsd->Instance, (uint32_t)(hsd->SdCard.RelCardAdd << 16U));
3020:Drivers/STM32F4xx_HAL_Driver/Src/stm32f4xx_hal_sd.c ****     if(errorstate != HAL_SD_ERROR_NONE)
3021:Drivers/STM32F4xx_HAL_Driver/Src/stm32f4xx_hal_sd.c ****     {
3022:Drivers/STM32F4xx_HAL_Driver/Src/stm32f4xx_hal_sd.c ****       return errorstate;
3023:Drivers/STM32F4xx_HAL_Driver/Src/stm32f4xx_hal_sd.c ****     }
3024:Drivers/STM32F4xx_HAL_Driver/Src/stm32f4xx_hal_sd.c **** 
3025:Drivers/STM32F4xx_HAL_Driver/Src/stm32f4xx_hal_sd.c ****     /* Send ACMD6 APP_CMD with argument as 2 for wide bus mode */
3026:Drivers/STM32F4xx_HAL_Driver/Src/stm32f4xx_hal_sd.c ****     errorstate = SDMMC_CmdBusWidth(hsd->Instance, 2U);
3027:Drivers/STM32F4xx_HAL_Driver/Src/stm32f4xx_hal_sd.c ****     if(errorstate != HAL_SD_ERROR_NONE)
3028:Drivers/STM32F4xx_HAL_Driver/Src/stm32f4xx_hal_sd.c ****     {
3029:Drivers/STM32F4xx_HAL_Driver/Src/stm32f4xx_hal_sd.c ****       return errorstate;
3030:Drivers/STM32F4xx_HAL_Driver/Src/stm32f4xx_hal_sd.c ****     }
3031:Drivers/STM32F4xx_HAL_Driver/Src/stm32f4xx_hal_sd.c **** 
3032:Drivers/STM32F4xx_HAL_Driver/Src/stm32f4xx_hal_sd.c ****     return HAL_SD_ERROR_NONE;
3033:Drivers/STM32F4xx_HAL_Driver/Src/stm32f4xx_hal_sd.c ****   }
3034:Drivers/STM32F4xx_HAL_Driver/Src/stm32f4xx_hal_sd.c ****   else
3035:Drivers/STM32F4xx_HAL_Driver/Src/stm32f4xx_hal_sd.c ****   {
3036:Drivers/STM32F4xx_HAL_Driver/Src/stm32f4xx_hal_sd.c ****     return HAL_SD_ERROR_REQUEST_NOT_APPLICABLE;
3037:Drivers/STM32F4xx_HAL_Driver/Src/stm32f4xx_hal_sd.c ****   }
3038:Drivers/STM32F4xx_HAL_Driver/Src/stm32f4xx_hal_sd.c **** }
3039:Drivers/STM32F4xx_HAL_Driver/Src/stm32f4xx_hal_sd.c **** 
3040:Drivers/STM32F4xx_HAL_Driver/Src/stm32f4xx_hal_sd.c **** /**
3041:Drivers/STM32F4xx_HAL_Driver/Src/stm32f4xx_hal_sd.c ****   * @brief  Disables the SDIO wide bus mode.
3042:Drivers/STM32F4xx_HAL_Driver/Src/stm32f4xx_hal_sd.c ****   * @param  hsd: Pointer to SD handle
3043:Drivers/STM32F4xx_HAL_Driver/Src/stm32f4xx_hal_sd.c ****   * @retval error state
3044:Drivers/STM32F4xx_HAL_Driver/Src/stm32f4xx_hal_sd.c ****   */
3045:Drivers/STM32F4xx_HAL_Driver/Src/stm32f4xx_hal_sd.c **** static uint32_t SD_WideBus_Disable(SD_HandleTypeDef *hsd)
ARM GAS  /tmp/ccnf9wtj.s 			page 61


3046:Drivers/STM32F4xx_HAL_Driver/Src/stm32f4xx_hal_sd.c **** {
3047:Drivers/STM32F4xx_HAL_Driver/Src/stm32f4xx_hal_sd.c ****   uint32_t scr[2U] = {0U, 0U};
3048:Drivers/STM32F4xx_HAL_Driver/Src/stm32f4xx_hal_sd.c ****   uint32_t errorstate;
3049:Drivers/STM32F4xx_HAL_Driver/Src/stm32f4xx_hal_sd.c **** 
3050:Drivers/STM32F4xx_HAL_Driver/Src/stm32f4xx_hal_sd.c ****   if((SDIO_GetResponse(hsd->Instance, SDIO_RESP1) & SDMMC_CARD_LOCKED) == SDMMC_CARD_LOCKED)
3051:Drivers/STM32F4xx_HAL_Driver/Src/stm32f4xx_hal_sd.c ****   {
3052:Drivers/STM32F4xx_HAL_Driver/Src/stm32f4xx_hal_sd.c ****     return HAL_SD_ERROR_LOCK_UNLOCK_FAILED;
3053:Drivers/STM32F4xx_HAL_Driver/Src/stm32f4xx_hal_sd.c ****   }
3054:Drivers/STM32F4xx_HAL_Driver/Src/stm32f4xx_hal_sd.c **** 
3055:Drivers/STM32F4xx_HAL_Driver/Src/stm32f4xx_hal_sd.c ****   /* Get SCR Register */
3056:Drivers/STM32F4xx_HAL_Driver/Src/stm32f4xx_hal_sd.c ****   errorstate = SD_FindSCR(hsd, scr);
3057:Drivers/STM32F4xx_HAL_Driver/Src/stm32f4xx_hal_sd.c ****   if(errorstate != HAL_SD_ERROR_NONE)
3058:Drivers/STM32F4xx_HAL_Driver/Src/stm32f4xx_hal_sd.c ****   {
3059:Drivers/STM32F4xx_HAL_Driver/Src/stm32f4xx_hal_sd.c ****     return errorstate;
3060:Drivers/STM32F4xx_HAL_Driver/Src/stm32f4xx_hal_sd.c ****   }
3061:Drivers/STM32F4xx_HAL_Driver/Src/stm32f4xx_hal_sd.c **** 
3062:Drivers/STM32F4xx_HAL_Driver/Src/stm32f4xx_hal_sd.c ****   /* If requested card supports 1 bit mode operation */
3063:Drivers/STM32F4xx_HAL_Driver/Src/stm32f4xx_hal_sd.c ****   if((scr[1U] & SDMMC_SINGLE_BUS_SUPPORT) != SDMMC_ALLZERO)
3064:Drivers/STM32F4xx_HAL_Driver/Src/stm32f4xx_hal_sd.c ****   {
3065:Drivers/STM32F4xx_HAL_Driver/Src/stm32f4xx_hal_sd.c ****     /* Send CMD55 APP_CMD with argument as card's RCA */
3066:Drivers/STM32F4xx_HAL_Driver/Src/stm32f4xx_hal_sd.c ****     errorstate = SDMMC_CmdAppCommand(hsd->Instance, (uint32_t)(hsd->SdCard.RelCardAdd << 16U));
3067:Drivers/STM32F4xx_HAL_Driver/Src/stm32f4xx_hal_sd.c ****     if(errorstate != HAL_SD_ERROR_NONE)
3068:Drivers/STM32F4xx_HAL_Driver/Src/stm32f4xx_hal_sd.c ****     {
3069:Drivers/STM32F4xx_HAL_Driver/Src/stm32f4xx_hal_sd.c ****       return errorstate;
3070:Drivers/STM32F4xx_HAL_Driver/Src/stm32f4xx_hal_sd.c ****     }
3071:Drivers/STM32F4xx_HAL_Driver/Src/stm32f4xx_hal_sd.c **** 
3072:Drivers/STM32F4xx_HAL_Driver/Src/stm32f4xx_hal_sd.c ****     /* Send ACMD6 APP_CMD with argument as 0 for single bus mode */
3073:Drivers/STM32F4xx_HAL_Driver/Src/stm32f4xx_hal_sd.c ****     errorstate = SDMMC_CmdBusWidth(hsd->Instance, 0U);
3074:Drivers/STM32F4xx_HAL_Driver/Src/stm32f4xx_hal_sd.c ****     if(errorstate != HAL_SD_ERROR_NONE)
3075:Drivers/STM32F4xx_HAL_Driver/Src/stm32f4xx_hal_sd.c ****     {
3076:Drivers/STM32F4xx_HAL_Driver/Src/stm32f4xx_hal_sd.c ****       return errorstate;
3077:Drivers/STM32F4xx_HAL_Driver/Src/stm32f4xx_hal_sd.c ****     }
3078:Drivers/STM32F4xx_HAL_Driver/Src/stm32f4xx_hal_sd.c **** 
3079:Drivers/STM32F4xx_HAL_Driver/Src/stm32f4xx_hal_sd.c ****     return HAL_SD_ERROR_NONE;
3080:Drivers/STM32F4xx_HAL_Driver/Src/stm32f4xx_hal_sd.c ****   }
3081:Drivers/STM32F4xx_HAL_Driver/Src/stm32f4xx_hal_sd.c ****   else
3082:Drivers/STM32F4xx_HAL_Driver/Src/stm32f4xx_hal_sd.c ****   {
3083:Drivers/STM32F4xx_HAL_Driver/Src/stm32f4xx_hal_sd.c ****     return HAL_SD_ERROR_REQUEST_NOT_APPLICABLE;
3084:Drivers/STM32F4xx_HAL_Driver/Src/stm32f4xx_hal_sd.c ****   }
3085:Drivers/STM32F4xx_HAL_Driver/Src/stm32f4xx_hal_sd.c **** }
3086:Drivers/STM32F4xx_HAL_Driver/Src/stm32f4xx_hal_sd.c **** 
3087:Drivers/STM32F4xx_HAL_Driver/Src/stm32f4xx_hal_sd.c **** 
3088:Drivers/STM32F4xx_HAL_Driver/Src/stm32f4xx_hal_sd.c **** /**
3089:Drivers/STM32F4xx_HAL_Driver/Src/stm32f4xx_hal_sd.c ****   * @brief  Finds the SD card SCR register value.
3090:Drivers/STM32F4xx_HAL_Driver/Src/stm32f4xx_hal_sd.c ****   * @param  hsd: Pointer to SD handle
3091:Drivers/STM32F4xx_HAL_Driver/Src/stm32f4xx_hal_sd.c ****   * @param  pSCR: pointer to the buffer that will contain the SCR value
3092:Drivers/STM32F4xx_HAL_Driver/Src/stm32f4xx_hal_sd.c ****   * @retval error state
3093:Drivers/STM32F4xx_HAL_Driver/Src/stm32f4xx_hal_sd.c ****   */
3094:Drivers/STM32F4xx_HAL_Driver/Src/stm32f4xx_hal_sd.c **** static uint32_t SD_FindSCR(SD_HandleTypeDef *hsd, uint32_t *pSCR)
3095:Drivers/STM32F4xx_HAL_Driver/Src/stm32f4xx_hal_sd.c **** {
3096:Drivers/STM32F4xx_HAL_Driver/Src/stm32f4xx_hal_sd.c ****   SDIO_DataInitTypeDef config;
3097:Drivers/STM32F4xx_HAL_Driver/Src/stm32f4xx_hal_sd.c ****   uint32_t errorstate;
3098:Drivers/STM32F4xx_HAL_Driver/Src/stm32f4xx_hal_sd.c ****   uint32_t tickstart = HAL_GetTick();
3099:Drivers/STM32F4xx_HAL_Driver/Src/stm32f4xx_hal_sd.c ****   uint32_t index = 0U;
3100:Drivers/STM32F4xx_HAL_Driver/Src/stm32f4xx_hal_sd.c ****   uint32_t tempscr[2U] = {0U, 0U};
3101:Drivers/STM32F4xx_HAL_Driver/Src/stm32f4xx_hal_sd.c ****   uint32_t *scr = pSCR;
3102:Drivers/STM32F4xx_HAL_Driver/Src/stm32f4xx_hal_sd.c **** 
ARM GAS  /tmp/ccnf9wtj.s 			page 62


3103:Drivers/STM32F4xx_HAL_Driver/Src/stm32f4xx_hal_sd.c ****   /* Set Block Size To 8 Bytes */
3104:Drivers/STM32F4xx_HAL_Driver/Src/stm32f4xx_hal_sd.c ****   errorstate = SDMMC_CmdBlockLength(hsd->Instance, 8U);
3105:Drivers/STM32F4xx_HAL_Driver/Src/stm32f4xx_hal_sd.c ****   if(errorstate != HAL_SD_ERROR_NONE)
3106:Drivers/STM32F4xx_HAL_Driver/Src/stm32f4xx_hal_sd.c ****   {
3107:Drivers/STM32F4xx_HAL_Driver/Src/stm32f4xx_hal_sd.c ****     return errorstate;
3108:Drivers/STM32F4xx_HAL_Driver/Src/stm32f4xx_hal_sd.c ****   }
3109:Drivers/STM32F4xx_HAL_Driver/Src/stm32f4xx_hal_sd.c **** 
3110:Drivers/STM32F4xx_HAL_Driver/Src/stm32f4xx_hal_sd.c ****   /* Send CMD55 APP_CMD with argument as card's RCA */
3111:Drivers/STM32F4xx_HAL_Driver/Src/stm32f4xx_hal_sd.c ****   errorstate = SDMMC_CmdAppCommand(hsd->Instance, (uint32_t)((hsd->SdCard.RelCardAdd) << 16U));
3112:Drivers/STM32F4xx_HAL_Driver/Src/stm32f4xx_hal_sd.c ****   if(errorstate != HAL_SD_ERROR_NONE)
3113:Drivers/STM32F4xx_HAL_Driver/Src/stm32f4xx_hal_sd.c ****   {
3114:Drivers/STM32F4xx_HAL_Driver/Src/stm32f4xx_hal_sd.c ****     return errorstate;
3115:Drivers/STM32F4xx_HAL_Driver/Src/stm32f4xx_hal_sd.c ****   }
3116:Drivers/STM32F4xx_HAL_Driver/Src/stm32f4xx_hal_sd.c **** 
3117:Drivers/STM32F4xx_HAL_Driver/Src/stm32f4xx_hal_sd.c ****   config.DataTimeOut   = SDMMC_DATATIMEOUT;
3118:Drivers/STM32F4xx_HAL_Driver/Src/stm32f4xx_hal_sd.c ****   config.DataLength    = 8U;
3119:Drivers/STM32F4xx_HAL_Driver/Src/stm32f4xx_hal_sd.c ****   config.DataBlockSize = SDIO_DATABLOCK_SIZE_8B;
3120:Drivers/STM32F4xx_HAL_Driver/Src/stm32f4xx_hal_sd.c ****   config.TransferDir   = SDIO_TRANSFER_DIR_TO_SDIO;
3121:Drivers/STM32F4xx_HAL_Driver/Src/stm32f4xx_hal_sd.c ****   config.TransferMode  = SDIO_TRANSFER_MODE_BLOCK;
3122:Drivers/STM32F4xx_HAL_Driver/Src/stm32f4xx_hal_sd.c ****   config.DPSM          = SDIO_DPSM_ENABLE;
3123:Drivers/STM32F4xx_HAL_Driver/Src/stm32f4xx_hal_sd.c ****   (void)SDIO_ConfigData(hsd->Instance, &config);
3124:Drivers/STM32F4xx_HAL_Driver/Src/stm32f4xx_hal_sd.c **** 
3125:Drivers/STM32F4xx_HAL_Driver/Src/stm32f4xx_hal_sd.c ****   /* Send ACMD51 SD_APP_SEND_SCR with argument as 0 */
3126:Drivers/STM32F4xx_HAL_Driver/Src/stm32f4xx_hal_sd.c ****   errorstate = SDMMC_CmdSendSCR(hsd->Instance);
3127:Drivers/STM32F4xx_HAL_Driver/Src/stm32f4xx_hal_sd.c ****   if(errorstate != HAL_SD_ERROR_NONE)
3128:Drivers/STM32F4xx_HAL_Driver/Src/stm32f4xx_hal_sd.c ****   {
3129:Drivers/STM32F4xx_HAL_Driver/Src/stm32f4xx_hal_sd.c ****     return errorstate;
3130:Drivers/STM32F4xx_HAL_Driver/Src/stm32f4xx_hal_sd.c ****   }
3131:Drivers/STM32F4xx_HAL_Driver/Src/stm32f4xx_hal_sd.c **** 
3132:Drivers/STM32F4xx_HAL_Driver/Src/stm32f4xx_hal_sd.c ****   while(!__HAL_SD_GET_FLAG(hsd, SDIO_FLAG_RXOVERR | SDIO_FLAG_DCRCFAIL | SDIO_FLAG_DTIMEOUT))
3133:Drivers/STM32F4xx_HAL_Driver/Src/stm32f4xx_hal_sd.c ****   {
3134:Drivers/STM32F4xx_HAL_Driver/Src/stm32f4xx_hal_sd.c ****     if(__HAL_SD_GET_FLAG(hsd, SDIO_FLAG_RXDAVL))
3135:Drivers/STM32F4xx_HAL_Driver/Src/stm32f4xx_hal_sd.c ****     {
3136:Drivers/STM32F4xx_HAL_Driver/Src/stm32f4xx_hal_sd.c ****       *(tempscr + index) = SDIO_ReadFIFO(hsd->Instance);
3137:Drivers/STM32F4xx_HAL_Driver/Src/stm32f4xx_hal_sd.c ****       index++;
3138:Drivers/STM32F4xx_HAL_Driver/Src/stm32f4xx_hal_sd.c ****     }
3139:Drivers/STM32F4xx_HAL_Driver/Src/stm32f4xx_hal_sd.c ****     else if(!__HAL_SD_GET_FLAG(hsd, SDIO_FLAG_RXACT))
3140:Drivers/STM32F4xx_HAL_Driver/Src/stm32f4xx_hal_sd.c ****     {
3141:Drivers/STM32F4xx_HAL_Driver/Src/stm32f4xx_hal_sd.c ****       break;
3142:Drivers/STM32F4xx_HAL_Driver/Src/stm32f4xx_hal_sd.c ****     }
3143:Drivers/STM32F4xx_HAL_Driver/Src/stm32f4xx_hal_sd.c **** 
3144:Drivers/STM32F4xx_HAL_Driver/Src/stm32f4xx_hal_sd.c ****     if((HAL_GetTick() - tickstart) >=  SDMMC_DATATIMEOUT)
3145:Drivers/STM32F4xx_HAL_Driver/Src/stm32f4xx_hal_sd.c ****     {
3146:Drivers/STM32F4xx_HAL_Driver/Src/stm32f4xx_hal_sd.c ****       return HAL_SD_ERROR_TIMEOUT;
3147:Drivers/STM32F4xx_HAL_Driver/Src/stm32f4xx_hal_sd.c ****     }
3148:Drivers/STM32F4xx_HAL_Driver/Src/stm32f4xx_hal_sd.c ****   }
3149:Drivers/STM32F4xx_HAL_Driver/Src/stm32f4xx_hal_sd.c **** 
3150:Drivers/STM32F4xx_HAL_Driver/Src/stm32f4xx_hal_sd.c ****   if(__HAL_SD_GET_FLAG(hsd, SDIO_FLAG_DTIMEOUT))
3151:Drivers/STM32F4xx_HAL_Driver/Src/stm32f4xx_hal_sd.c ****   {
3152:Drivers/STM32F4xx_HAL_Driver/Src/stm32f4xx_hal_sd.c ****     __HAL_SD_CLEAR_FLAG(hsd, SDIO_FLAG_DTIMEOUT);
3153:Drivers/STM32F4xx_HAL_Driver/Src/stm32f4xx_hal_sd.c **** 
3154:Drivers/STM32F4xx_HAL_Driver/Src/stm32f4xx_hal_sd.c ****     return HAL_SD_ERROR_DATA_TIMEOUT;
3155:Drivers/STM32F4xx_HAL_Driver/Src/stm32f4xx_hal_sd.c ****   }
3156:Drivers/STM32F4xx_HAL_Driver/Src/stm32f4xx_hal_sd.c ****   else if(__HAL_SD_GET_FLAG(hsd, SDIO_FLAG_DCRCFAIL))
3157:Drivers/STM32F4xx_HAL_Driver/Src/stm32f4xx_hal_sd.c ****   {
3158:Drivers/STM32F4xx_HAL_Driver/Src/stm32f4xx_hal_sd.c ****     __HAL_SD_CLEAR_FLAG(hsd, SDIO_FLAG_DCRCFAIL);
3159:Drivers/STM32F4xx_HAL_Driver/Src/stm32f4xx_hal_sd.c **** 
ARM GAS  /tmp/ccnf9wtj.s 			page 63


3160:Drivers/STM32F4xx_HAL_Driver/Src/stm32f4xx_hal_sd.c ****     return HAL_SD_ERROR_DATA_CRC_FAIL;
3161:Drivers/STM32F4xx_HAL_Driver/Src/stm32f4xx_hal_sd.c ****   }
3162:Drivers/STM32F4xx_HAL_Driver/Src/stm32f4xx_hal_sd.c ****   else if(__HAL_SD_GET_FLAG(hsd, SDIO_FLAG_RXOVERR))
3163:Drivers/STM32F4xx_HAL_Driver/Src/stm32f4xx_hal_sd.c ****   {
3164:Drivers/STM32F4xx_HAL_Driver/Src/stm32f4xx_hal_sd.c ****     __HAL_SD_CLEAR_FLAG(hsd, SDIO_FLAG_RXOVERR);
3165:Drivers/STM32F4xx_HAL_Driver/Src/stm32f4xx_hal_sd.c **** 
3166:Drivers/STM32F4xx_HAL_Driver/Src/stm32f4xx_hal_sd.c ****     return HAL_SD_ERROR_RX_OVERRUN;
3167:Drivers/STM32F4xx_HAL_Driver/Src/stm32f4xx_hal_sd.c ****   }
3168:Drivers/STM32F4xx_HAL_Driver/Src/stm32f4xx_hal_sd.c ****   else
3169:Drivers/STM32F4xx_HAL_Driver/Src/stm32f4xx_hal_sd.c ****   {
3170:Drivers/STM32F4xx_HAL_Driver/Src/stm32f4xx_hal_sd.c ****     /* No error flag set */
3171:Drivers/STM32F4xx_HAL_Driver/Src/stm32f4xx_hal_sd.c ****     /* Clear all the static flags */
3172:Drivers/STM32F4xx_HAL_Driver/Src/stm32f4xx_hal_sd.c ****     __HAL_SD_CLEAR_FLAG(hsd, SDIO_STATIC_DATA_FLAGS);
3173:Drivers/STM32F4xx_HAL_Driver/Src/stm32f4xx_hal_sd.c **** 
3174:Drivers/STM32F4xx_HAL_Driver/Src/stm32f4xx_hal_sd.c ****     *scr = (((tempscr[1] & SDMMC_0TO7BITS) << 24)  | ((tempscr[1] & SDMMC_8TO15BITS) << 8) |\
3175:Drivers/STM32F4xx_HAL_Driver/Src/stm32f4xx_hal_sd.c ****             ((tempscr[1] & SDMMC_16TO23BITS) >> 8) | ((tempscr[1] & SDMMC_24TO31BITS) >> 24));
3176:Drivers/STM32F4xx_HAL_Driver/Src/stm32f4xx_hal_sd.c ****     scr++;
3177:Drivers/STM32F4xx_HAL_Driver/Src/stm32f4xx_hal_sd.c ****     *scr = (((tempscr[0] & SDMMC_0TO7BITS) << 24)  | ((tempscr[0] & SDMMC_8TO15BITS) << 8) |\
3178:Drivers/STM32F4xx_HAL_Driver/Src/stm32f4xx_hal_sd.c ****             ((tempscr[0] & SDMMC_16TO23BITS) >> 8) | ((tempscr[0] & SDMMC_24TO31BITS) >> 24));
3179:Drivers/STM32F4xx_HAL_Driver/Src/stm32f4xx_hal_sd.c **** 
3180:Drivers/STM32F4xx_HAL_Driver/Src/stm32f4xx_hal_sd.c ****   }
3181:Drivers/STM32F4xx_HAL_Driver/Src/stm32f4xx_hal_sd.c **** 
3182:Drivers/STM32F4xx_HAL_Driver/Src/stm32f4xx_hal_sd.c ****   return HAL_SD_ERROR_NONE;
3183:Drivers/STM32F4xx_HAL_Driver/Src/stm32f4xx_hal_sd.c **** }
3184:Drivers/STM32F4xx_HAL_Driver/Src/stm32f4xx_hal_sd.c **** 
3185:Drivers/STM32F4xx_HAL_Driver/Src/stm32f4xx_hal_sd.c **** /**
3186:Drivers/STM32F4xx_HAL_Driver/Src/stm32f4xx_hal_sd.c ****   * @brief  Wrap up reading in non-blocking mode.
3187:Drivers/STM32F4xx_HAL_Driver/Src/stm32f4xx_hal_sd.c ****   * @param  hsd: pointer to a SD_HandleTypeDef structure that contains
3188:Drivers/STM32F4xx_HAL_Driver/Src/stm32f4xx_hal_sd.c ****   *              the configuration information.
3189:Drivers/STM32F4xx_HAL_Driver/Src/stm32f4xx_hal_sd.c ****   * @retval None
3190:Drivers/STM32F4xx_HAL_Driver/Src/stm32f4xx_hal_sd.c ****   */
3191:Drivers/STM32F4xx_HAL_Driver/Src/stm32f4xx_hal_sd.c **** static void SD_Read_IT(SD_HandleTypeDef *hsd)
3192:Drivers/STM32F4xx_HAL_Driver/Src/stm32f4xx_hal_sd.c **** {
 320              		.loc 1 3192 1 is_stmt 1 view -0
 321              		.cfi_startproc
 322              		@ args = 0, pretend = 0, frame = 0
 323              		@ frame_needed = 0, uses_anonymous_args = 0
 324              		.loc 1 3192 1 is_stmt 0 view .LVU88
 325 0000 F8B5     		push	{r3, r4, r5, r6, r7, lr}
 326              	.LCFI5:
 327              		.cfi_def_cfa_offset 24
 328              		.cfi_offset 3, -24
 329              		.cfi_offset 4, -20
 330              		.cfi_offset 5, -16
 331              		.cfi_offset 6, -12
 332              		.cfi_offset 7, -8
 333              		.cfi_offset 14, -4
3193:Drivers/STM32F4xx_HAL_Driver/Src/stm32f4xx_hal_sd.c ****   uint32_t count, data, dataremaining;
 334              		.loc 1 3193 3 is_stmt 1 view .LVU89
3194:Drivers/STM32F4xx_HAL_Driver/Src/stm32f4xx_hal_sd.c ****   uint8_t* tmp;
 335              		.loc 1 3194 3 view .LVU90
3195:Drivers/STM32F4xx_HAL_Driver/Src/stm32f4xx_hal_sd.c **** 
3196:Drivers/STM32F4xx_HAL_Driver/Src/stm32f4xx_hal_sd.c ****   tmp = hsd->pRxBuffPtr;
 336              		.loc 1 3196 3 view .LVU91
 337              		.loc 1 3196 7 is_stmt 0 view .LVU92
 338 0002 846A     		ldr	r4, [r0, #40]
 339              	.LVL36:
ARM GAS  /tmp/ccnf9wtj.s 			page 64


3197:Drivers/STM32F4xx_HAL_Driver/Src/stm32f4xx_hal_sd.c ****   dataremaining = hsd->RxXferSize;
 340              		.loc 1 3197 3 is_stmt 1 view .LVU93
 341              		.loc 1 3197 17 is_stmt 0 view .LVU94
 342 0004 C66A     		ldr	r6, [r0, #44]
 343              	.LVL37:
3198:Drivers/STM32F4xx_HAL_Driver/Src/stm32f4xx_hal_sd.c **** 
3199:Drivers/STM32F4xx_HAL_Driver/Src/stm32f4xx_hal_sd.c ****   if (dataremaining > 0U)
 344              		.loc 1 3199 3 is_stmt 1 view .LVU95
 345              		.loc 1 3199 6 is_stmt 0 view .LVU96
 346 0006 A6B9     		cbnz	r6, .L29
 347              	.LVL38:
 348              	.L25:
3200:Drivers/STM32F4xx_HAL_Driver/Src/stm32f4xx_hal_sd.c ****   {
3201:Drivers/STM32F4xx_HAL_Driver/Src/stm32f4xx_hal_sd.c ****     /* Read data from SDIO Rx FIFO */
3202:Drivers/STM32F4xx_HAL_Driver/Src/stm32f4xx_hal_sd.c ****     for(count = 0U; count < 8U; count++)
3203:Drivers/STM32F4xx_HAL_Driver/Src/stm32f4xx_hal_sd.c ****     {
3204:Drivers/STM32F4xx_HAL_Driver/Src/stm32f4xx_hal_sd.c ****       data = SDIO_ReadFIFO(hsd->Instance);
3205:Drivers/STM32F4xx_HAL_Driver/Src/stm32f4xx_hal_sd.c ****       *tmp = (uint8_t)(data & 0xFFU);
3206:Drivers/STM32F4xx_HAL_Driver/Src/stm32f4xx_hal_sd.c ****       tmp++;
3207:Drivers/STM32F4xx_HAL_Driver/Src/stm32f4xx_hal_sd.c ****       dataremaining--;
3208:Drivers/STM32F4xx_HAL_Driver/Src/stm32f4xx_hal_sd.c ****       *tmp = (uint8_t)((data >> 8U) & 0xFFU);
3209:Drivers/STM32F4xx_HAL_Driver/Src/stm32f4xx_hal_sd.c ****       tmp++;
3210:Drivers/STM32F4xx_HAL_Driver/Src/stm32f4xx_hal_sd.c ****       dataremaining--;
3211:Drivers/STM32F4xx_HAL_Driver/Src/stm32f4xx_hal_sd.c ****       *tmp = (uint8_t)((data >> 16U) & 0xFFU);
3212:Drivers/STM32F4xx_HAL_Driver/Src/stm32f4xx_hal_sd.c ****       tmp++;
3213:Drivers/STM32F4xx_HAL_Driver/Src/stm32f4xx_hal_sd.c ****       dataremaining--;
3214:Drivers/STM32F4xx_HAL_Driver/Src/stm32f4xx_hal_sd.c ****       *tmp = (uint8_t)((data >> 24U) & 0xFFU);
3215:Drivers/STM32F4xx_HAL_Driver/Src/stm32f4xx_hal_sd.c ****       tmp++;
3216:Drivers/STM32F4xx_HAL_Driver/Src/stm32f4xx_hal_sd.c ****       dataremaining--;
3217:Drivers/STM32F4xx_HAL_Driver/Src/stm32f4xx_hal_sd.c ****     }
3218:Drivers/STM32F4xx_HAL_Driver/Src/stm32f4xx_hal_sd.c **** 
3219:Drivers/STM32F4xx_HAL_Driver/Src/stm32f4xx_hal_sd.c ****     hsd->pRxBuffPtr = tmp;
3220:Drivers/STM32F4xx_HAL_Driver/Src/stm32f4xx_hal_sd.c ****     hsd->RxXferSize = dataremaining;
3221:Drivers/STM32F4xx_HAL_Driver/Src/stm32f4xx_hal_sd.c ****   }
3222:Drivers/STM32F4xx_HAL_Driver/Src/stm32f4xx_hal_sd.c **** }
 349              		.loc 1 3222 1 view .LVU97
 350 0008 F8BD     		pop	{r3, r4, r5, r6, r7, pc}
 351              	.LVL39:
 352              	.L28:
3204:Drivers/STM32F4xx_HAL_Driver/Src/stm32f4xx_hal_sd.c ****       *tmp = (uint8_t)(data & 0xFFU);
 353              		.loc 1 3204 7 is_stmt 1 view .LVU98
3204:Drivers/STM32F4xx_HAL_Driver/Src/stm32f4xx_hal_sd.c ****       *tmp = (uint8_t)(data & 0xFFU);
 354              		.loc 1 3204 14 is_stmt 0 view .LVU99
 355 000a 3868     		ldr	r0, [r7]
 356 000c FFF7FEFF 		bl	SDIO_ReadFIFO
 357              	.LVL40:
3205:Drivers/STM32F4xx_HAL_Driver/Src/stm32f4xx_hal_sd.c ****       tmp++;
 358              		.loc 1 3205 7 is_stmt 1 view .LVU100
3205:Drivers/STM32F4xx_HAL_Driver/Src/stm32f4xx_hal_sd.c ****       tmp++;
 359              		.loc 1 3205 12 is_stmt 0 view .LVU101
 360 0010 2070     		strb	r0, [r4]
3206:Drivers/STM32F4xx_HAL_Driver/Src/stm32f4xx_hal_sd.c ****       dataremaining--;
 361              		.loc 1 3206 7 is_stmt 1 view .LVU102
 362              	.LVL41:
3207:Drivers/STM32F4xx_HAL_Driver/Src/stm32f4xx_hal_sd.c ****       *tmp = (uint8_t)((data >> 8U) & 0xFFU);
 363              		.loc 1 3207 7 view .LVU103
3208:Drivers/STM32F4xx_HAL_Driver/Src/stm32f4xx_hal_sd.c ****       tmp++;
ARM GAS  /tmp/ccnf9wtj.s 			page 65


 364              		.loc 1 3208 7 view .LVU104
3208:Drivers/STM32F4xx_HAL_Driver/Src/stm32f4xx_hal_sd.c ****       tmp++;
 365              		.loc 1 3208 14 is_stmt 0 view .LVU105
 366 0012 C0F30723 		ubfx	r3, r0, #8, #8
3208:Drivers/STM32F4xx_HAL_Driver/Src/stm32f4xx_hal_sd.c ****       tmp++;
 367              		.loc 1 3208 12 view .LVU106
 368 0016 6370     		strb	r3, [r4, #1]
3209:Drivers/STM32F4xx_HAL_Driver/Src/stm32f4xx_hal_sd.c ****       dataremaining--;
 369              		.loc 1 3209 7 is_stmt 1 view .LVU107
 370              	.LVL42:
3210:Drivers/STM32F4xx_HAL_Driver/Src/stm32f4xx_hal_sd.c ****       *tmp = (uint8_t)((data >> 16U) & 0xFFU);
 371              		.loc 1 3210 7 view .LVU108
3211:Drivers/STM32F4xx_HAL_Driver/Src/stm32f4xx_hal_sd.c ****       tmp++;
 372              		.loc 1 3211 7 view .LVU109
3211:Drivers/STM32F4xx_HAL_Driver/Src/stm32f4xx_hal_sd.c ****       tmp++;
 373              		.loc 1 3211 14 is_stmt 0 view .LVU110
 374 0018 C0F30743 		ubfx	r3, r0, #16, #8
3211:Drivers/STM32F4xx_HAL_Driver/Src/stm32f4xx_hal_sd.c ****       tmp++;
 375              		.loc 1 3211 12 view .LVU111
 376 001c A370     		strb	r3, [r4, #2]
3212:Drivers/STM32F4xx_HAL_Driver/Src/stm32f4xx_hal_sd.c ****       dataremaining--;
 377              		.loc 1 3212 7 is_stmt 1 view .LVU112
 378              	.LVL43:
3213:Drivers/STM32F4xx_HAL_Driver/Src/stm32f4xx_hal_sd.c ****       *tmp = (uint8_t)((data >> 24U) & 0xFFU);
 379              		.loc 1 3213 7 view .LVU113
3214:Drivers/STM32F4xx_HAL_Driver/Src/stm32f4xx_hal_sd.c ****       tmp++;
 380              		.loc 1 3214 7 view .LVU114
3214:Drivers/STM32F4xx_HAL_Driver/Src/stm32f4xx_hal_sd.c ****       tmp++;
 381              		.loc 1 3214 14 is_stmt 0 view .LVU115
 382 001e 000E     		lsrs	r0, r0, #24
 383              	.LVL44:
3214:Drivers/STM32F4xx_HAL_Driver/Src/stm32f4xx_hal_sd.c ****       tmp++;
 384              		.loc 1 3214 12 view .LVU116
 385 0020 E070     		strb	r0, [r4, #3]
3215:Drivers/STM32F4xx_HAL_Driver/Src/stm32f4xx_hal_sd.c ****       dataremaining--;
 386              		.loc 1 3215 7 is_stmt 1 view .LVU117
3215:Drivers/STM32F4xx_HAL_Driver/Src/stm32f4xx_hal_sd.c ****       dataremaining--;
 387              		.loc 1 3215 10 is_stmt 0 view .LVU118
 388 0022 0434     		adds	r4, r4, #4
 389              	.LVL45:
3216:Drivers/STM32F4xx_HAL_Driver/Src/stm32f4xx_hal_sd.c ****     }
 390              		.loc 1 3216 7 is_stmt 1 view .LVU119
3216:Drivers/STM32F4xx_HAL_Driver/Src/stm32f4xx_hal_sd.c ****     }
 391              		.loc 1 3216 20 is_stmt 0 view .LVU120
 392 0024 043E     		subs	r6, r6, #4
 393              	.LVL46:
3202:Drivers/STM32F4xx_HAL_Driver/Src/stm32f4xx_hal_sd.c ****     {
 394              		.loc 1 3202 38 is_stmt 1 discriminator 3 view .LVU121
 395 0026 0135     		adds	r5, r5, #1
 396              	.LVL47:
 397              	.L26:
3202:Drivers/STM32F4xx_HAL_Driver/Src/stm32f4xx_hal_sd.c ****     {
 398              		.loc 1 3202 27 discriminator 1 view .LVU122
 399 0028 072D     		cmp	r5, #7
 400 002a EED9     		bls	.L28
3219:Drivers/STM32F4xx_HAL_Driver/Src/stm32f4xx_hal_sd.c ****     hsd->RxXferSize = dataremaining;
 401              		.loc 1 3219 5 view .LVU123
ARM GAS  /tmp/ccnf9wtj.s 			page 66


3219:Drivers/STM32F4xx_HAL_Driver/Src/stm32f4xx_hal_sd.c ****     hsd->RxXferSize = dataremaining;
 402              		.loc 1 3219 21 is_stmt 0 view .LVU124
 403 002c BC62     		str	r4, [r7, #40]
3220:Drivers/STM32F4xx_HAL_Driver/Src/stm32f4xx_hal_sd.c ****   }
 404              		.loc 1 3220 5 is_stmt 1 view .LVU125
3220:Drivers/STM32F4xx_HAL_Driver/Src/stm32f4xx_hal_sd.c ****   }
 405              		.loc 1 3220 21 is_stmt 0 view .LVU126
 406 002e FE62     		str	r6, [r7, #44]
 407              		.loc 1 3222 1 view .LVU127
 408 0030 EAE7     		b	.L25
 409              	.LVL48:
 410              	.L29:
 411              		.loc 1 3222 1 view .LVU128
 412 0032 0746     		mov	r7, r0
3202:Drivers/STM32F4xx_HAL_Driver/Src/stm32f4xx_hal_sd.c ****     {
 413              		.loc 1 3202 15 view .LVU129
 414 0034 0025     		movs	r5, #0
 415 0036 F7E7     		b	.L26
 416              		.cfi_endproc
 417              	.LFE170:
 419              		.section	.text.SD_Write_IT,"ax",%progbits
 420              		.align	1
 421              		.syntax unified
 422              		.thumb
 423              		.thumb_func
 425              	SD_Write_IT:
 426              	.LVL49:
 427              	.LFB171:
3223:Drivers/STM32F4xx_HAL_Driver/Src/stm32f4xx_hal_sd.c **** 
3224:Drivers/STM32F4xx_HAL_Driver/Src/stm32f4xx_hal_sd.c **** /**
3225:Drivers/STM32F4xx_HAL_Driver/Src/stm32f4xx_hal_sd.c ****   * @brief  Wrap up writing in non-blocking mode.
3226:Drivers/STM32F4xx_HAL_Driver/Src/stm32f4xx_hal_sd.c ****   * @param  hsd: pointer to a SD_HandleTypeDef structure that contains
3227:Drivers/STM32F4xx_HAL_Driver/Src/stm32f4xx_hal_sd.c ****   *              the configuration information.
3228:Drivers/STM32F4xx_HAL_Driver/Src/stm32f4xx_hal_sd.c ****   * @retval None
3229:Drivers/STM32F4xx_HAL_Driver/Src/stm32f4xx_hal_sd.c ****   */
3230:Drivers/STM32F4xx_HAL_Driver/Src/stm32f4xx_hal_sd.c **** static void SD_Write_IT(SD_HandleTypeDef *hsd)
3231:Drivers/STM32F4xx_HAL_Driver/Src/stm32f4xx_hal_sd.c **** {
 428              		.loc 1 3231 1 is_stmt 1 view -0
 429              		.cfi_startproc
 430              		@ args = 0, pretend = 0, frame = 8
 431              		@ frame_needed = 0, uses_anonymous_args = 0
 432              		.loc 1 3231 1 is_stmt 0 view .LVU131
 433 0000 F0B5     		push	{r4, r5, r6, r7, lr}
 434              	.LCFI6:
 435              		.cfi_def_cfa_offset 20
 436              		.cfi_offset 4, -20
 437              		.cfi_offset 5, -16
 438              		.cfi_offset 6, -12
 439              		.cfi_offset 7, -8
 440              		.cfi_offset 14, -4
 441 0002 83B0     		sub	sp, sp, #12
 442              	.LCFI7:
 443              		.cfi_def_cfa_offset 32
3232:Drivers/STM32F4xx_HAL_Driver/Src/stm32f4xx_hal_sd.c ****   uint32_t count, data, dataremaining;
 444              		.loc 1 3232 3 is_stmt 1 view .LVU132
3233:Drivers/STM32F4xx_HAL_Driver/Src/stm32f4xx_hal_sd.c ****   uint8_t* tmp;
 445              		.loc 1 3233 3 view .LVU133
ARM GAS  /tmp/ccnf9wtj.s 			page 67


3234:Drivers/STM32F4xx_HAL_Driver/Src/stm32f4xx_hal_sd.c **** 
3235:Drivers/STM32F4xx_HAL_Driver/Src/stm32f4xx_hal_sd.c ****   tmp = hsd->pTxBuffPtr;
 446              		.loc 1 3235 3 view .LVU134
 447              		.loc 1 3235 7 is_stmt 0 view .LVU135
 448 0004 046A     		ldr	r4, [r0, #32]
 449              	.LVL50:
3236:Drivers/STM32F4xx_HAL_Driver/Src/stm32f4xx_hal_sd.c ****   dataremaining = hsd->TxXferSize;
 450              		.loc 1 3236 3 is_stmt 1 view .LVU136
 451              		.loc 1 3236 17 is_stmt 0 view .LVU137
 452 0006 466A     		ldr	r6, [r0, #36]
 453              	.LVL51:
3237:Drivers/STM32F4xx_HAL_Driver/Src/stm32f4xx_hal_sd.c **** 
3238:Drivers/STM32F4xx_HAL_Driver/Src/stm32f4xx_hal_sd.c ****   if (dataremaining > 0U)
 454              		.loc 1 3238 3 is_stmt 1 view .LVU138
 455              		.loc 1 3238 6 is_stmt 0 view .LVU139
 456 0008 DEB9     		cbnz	r6, .L35
 457              	.LVL52:
 458              	.L31:
3239:Drivers/STM32F4xx_HAL_Driver/Src/stm32f4xx_hal_sd.c ****   {
3240:Drivers/STM32F4xx_HAL_Driver/Src/stm32f4xx_hal_sd.c ****     /* Write data to SDIO Tx FIFO */
3241:Drivers/STM32F4xx_HAL_Driver/Src/stm32f4xx_hal_sd.c ****     for(count = 0U; count < 8U; count++)
3242:Drivers/STM32F4xx_HAL_Driver/Src/stm32f4xx_hal_sd.c ****     {
3243:Drivers/STM32F4xx_HAL_Driver/Src/stm32f4xx_hal_sd.c ****       data = (uint32_t)(*tmp);
3244:Drivers/STM32F4xx_HAL_Driver/Src/stm32f4xx_hal_sd.c ****       tmp++;
3245:Drivers/STM32F4xx_HAL_Driver/Src/stm32f4xx_hal_sd.c ****       dataremaining--;
3246:Drivers/STM32F4xx_HAL_Driver/Src/stm32f4xx_hal_sd.c ****       data |= ((uint32_t)(*tmp) << 8U);
3247:Drivers/STM32F4xx_HAL_Driver/Src/stm32f4xx_hal_sd.c ****       tmp++;
3248:Drivers/STM32F4xx_HAL_Driver/Src/stm32f4xx_hal_sd.c ****       dataremaining--;
3249:Drivers/STM32F4xx_HAL_Driver/Src/stm32f4xx_hal_sd.c ****       data |= ((uint32_t)(*tmp) << 16U);
3250:Drivers/STM32F4xx_HAL_Driver/Src/stm32f4xx_hal_sd.c ****       tmp++;
3251:Drivers/STM32F4xx_HAL_Driver/Src/stm32f4xx_hal_sd.c ****       dataremaining--;
3252:Drivers/STM32F4xx_HAL_Driver/Src/stm32f4xx_hal_sd.c ****       data |= ((uint32_t)(*tmp) << 24U);
3253:Drivers/STM32F4xx_HAL_Driver/Src/stm32f4xx_hal_sd.c ****       tmp++;
3254:Drivers/STM32F4xx_HAL_Driver/Src/stm32f4xx_hal_sd.c ****       dataremaining--;
3255:Drivers/STM32F4xx_HAL_Driver/Src/stm32f4xx_hal_sd.c ****       (void)SDIO_WriteFIFO(hsd->Instance, &data);
3256:Drivers/STM32F4xx_HAL_Driver/Src/stm32f4xx_hal_sd.c ****     }
3257:Drivers/STM32F4xx_HAL_Driver/Src/stm32f4xx_hal_sd.c **** 
3258:Drivers/STM32F4xx_HAL_Driver/Src/stm32f4xx_hal_sd.c ****     hsd->pTxBuffPtr = tmp;
3259:Drivers/STM32F4xx_HAL_Driver/Src/stm32f4xx_hal_sd.c ****     hsd->TxXferSize = dataremaining;
3260:Drivers/STM32F4xx_HAL_Driver/Src/stm32f4xx_hal_sd.c ****   }
3261:Drivers/STM32F4xx_HAL_Driver/Src/stm32f4xx_hal_sd.c **** }
 459              		.loc 1 3261 1 view .LVU140
 460 000a 03B0     		add	sp, sp, #12
 461              	.LCFI8:
 462              		.cfi_remember_state
 463              		.cfi_def_cfa_offset 20
 464              		@ sp needed
 465 000c F0BD     		pop	{r4, r5, r6, r7, pc}
 466              	.LVL53:
 467              	.L34:
 468              	.LCFI9:
 469              		.cfi_restore_state
3243:Drivers/STM32F4xx_HAL_Driver/Src/stm32f4xx_hal_sd.c ****       tmp++;
 470              		.loc 1 3243 7 is_stmt 1 view .LVU141
3243:Drivers/STM32F4xx_HAL_Driver/Src/stm32f4xx_hal_sd.c ****       tmp++;
 471              		.loc 1 3243 25 is_stmt 0 view .LVU142
 472 000e 2378     		ldrb	r3, [r4]	@ zero_extendqisi2
ARM GAS  /tmp/ccnf9wtj.s 			page 68


3243:Drivers/STM32F4xx_HAL_Driver/Src/stm32f4xx_hal_sd.c ****       tmp++;
 473              		.loc 1 3243 12 view .LVU143
 474 0010 0193     		str	r3, [sp, #4]
3244:Drivers/STM32F4xx_HAL_Driver/Src/stm32f4xx_hal_sd.c ****       dataremaining--;
 475              		.loc 1 3244 7 is_stmt 1 view .LVU144
 476              	.LVL54:
3245:Drivers/STM32F4xx_HAL_Driver/Src/stm32f4xx_hal_sd.c ****       data |= ((uint32_t)(*tmp) << 8U);
 477              		.loc 1 3245 7 view .LVU145
3246:Drivers/STM32F4xx_HAL_Driver/Src/stm32f4xx_hal_sd.c ****       tmp++;
 478              		.loc 1 3246 7 view .LVU146
3246:Drivers/STM32F4xx_HAL_Driver/Src/stm32f4xx_hal_sd.c ****       tmp++;
 479              		.loc 1 3246 27 is_stmt 0 view .LVU147
 480 0012 6278     		ldrb	r2, [r4, #1]	@ zero_extendqisi2
3246:Drivers/STM32F4xx_HAL_Driver/Src/stm32f4xx_hal_sd.c ****       tmp++;
 481              		.loc 1 3246 12 view .LVU148
 482 0014 43EA0223 		orr	r3, r3, r2, lsl #8
 483 0018 0193     		str	r3, [sp, #4]
3247:Drivers/STM32F4xx_HAL_Driver/Src/stm32f4xx_hal_sd.c ****       dataremaining--;
 484              		.loc 1 3247 7 is_stmt 1 view .LVU149
 485              	.LVL55:
3248:Drivers/STM32F4xx_HAL_Driver/Src/stm32f4xx_hal_sd.c ****       data |= ((uint32_t)(*tmp) << 16U);
 486              		.loc 1 3248 7 view .LVU150
3249:Drivers/STM32F4xx_HAL_Driver/Src/stm32f4xx_hal_sd.c ****       tmp++;
 487              		.loc 1 3249 7 view .LVU151
3249:Drivers/STM32F4xx_HAL_Driver/Src/stm32f4xx_hal_sd.c ****       tmp++;
 488              		.loc 1 3249 27 is_stmt 0 view .LVU152
 489 001a A278     		ldrb	r2, [r4, #2]	@ zero_extendqisi2
3249:Drivers/STM32F4xx_HAL_Driver/Src/stm32f4xx_hal_sd.c ****       tmp++;
 490              		.loc 1 3249 12 view .LVU153
 491 001c 43EA0243 		orr	r3, r3, r2, lsl #16
 492 0020 0193     		str	r3, [sp, #4]
3250:Drivers/STM32F4xx_HAL_Driver/Src/stm32f4xx_hal_sd.c ****       dataremaining--;
 493              		.loc 1 3250 7 is_stmt 1 view .LVU154
 494              	.LVL56:
3251:Drivers/STM32F4xx_HAL_Driver/Src/stm32f4xx_hal_sd.c ****       data |= ((uint32_t)(*tmp) << 24U);
 495              		.loc 1 3251 7 view .LVU155
3252:Drivers/STM32F4xx_HAL_Driver/Src/stm32f4xx_hal_sd.c ****       tmp++;
 496              		.loc 1 3252 7 view .LVU156
3252:Drivers/STM32F4xx_HAL_Driver/Src/stm32f4xx_hal_sd.c ****       tmp++;
 497              		.loc 1 3252 27 is_stmt 0 view .LVU157
 498 0022 E278     		ldrb	r2, [r4, #3]	@ zero_extendqisi2
3252:Drivers/STM32F4xx_HAL_Driver/Src/stm32f4xx_hal_sd.c ****       tmp++;
 499              		.loc 1 3252 12 view .LVU158
 500 0024 43EA0263 		orr	r3, r3, r2, lsl #24
 501 0028 0193     		str	r3, [sp, #4]
3253:Drivers/STM32F4xx_HAL_Driver/Src/stm32f4xx_hal_sd.c ****       dataremaining--;
 502              		.loc 1 3253 7 is_stmt 1 view .LVU159
3253:Drivers/STM32F4xx_HAL_Driver/Src/stm32f4xx_hal_sd.c ****       dataremaining--;
 503              		.loc 1 3253 10 is_stmt 0 view .LVU160
 504 002a 0434     		adds	r4, r4, #4
 505              	.LVL57:
3254:Drivers/STM32F4xx_HAL_Driver/Src/stm32f4xx_hal_sd.c ****       (void)SDIO_WriteFIFO(hsd->Instance, &data);
 506              		.loc 1 3254 7 is_stmt 1 view .LVU161
3254:Drivers/STM32F4xx_HAL_Driver/Src/stm32f4xx_hal_sd.c ****       (void)SDIO_WriteFIFO(hsd->Instance, &data);
 507              		.loc 1 3254 20 is_stmt 0 view .LVU162
 508 002c 043E     		subs	r6, r6, #4
 509              	.LVL58:
ARM GAS  /tmp/ccnf9wtj.s 			page 69


3255:Drivers/STM32F4xx_HAL_Driver/Src/stm32f4xx_hal_sd.c ****     }
 510              		.loc 1 3255 7 is_stmt 1 view .LVU163
3255:Drivers/STM32F4xx_HAL_Driver/Src/stm32f4xx_hal_sd.c ****     }
 511              		.loc 1 3255 13 is_stmt 0 view .LVU164
 512 002e 01A9     		add	r1, sp, #4
 513 0030 3868     		ldr	r0, [r7]
 514 0032 FFF7FEFF 		bl	SDIO_WriteFIFO
 515              	.LVL59:
3241:Drivers/STM32F4xx_HAL_Driver/Src/stm32f4xx_hal_sd.c ****     {
 516              		.loc 1 3241 38 is_stmt 1 discriminator 3 view .LVU165
 517 0036 0135     		adds	r5, r5, #1
 518              	.LVL60:
 519              	.L32:
3241:Drivers/STM32F4xx_HAL_Driver/Src/stm32f4xx_hal_sd.c ****     {
 520              		.loc 1 3241 27 discriminator 1 view .LVU166
 521 0038 072D     		cmp	r5, #7
 522 003a E8D9     		bls	.L34
3258:Drivers/STM32F4xx_HAL_Driver/Src/stm32f4xx_hal_sd.c ****     hsd->TxXferSize = dataremaining;
 523              		.loc 1 3258 5 view .LVU167
3258:Drivers/STM32F4xx_HAL_Driver/Src/stm32f4xx_hal_sd.c ****     hsd->TxXferSize = dataremaining;
 524              		.loc 1 3258 21 is_stmt 0 view .LVU168
 525 003c 3C62     		str	r4, [r7, #32]
3259:Drivers/STM32F4xx_HAL_Driver/Src/stm32f4xx_hal_sd.c ****   }
 526              		.loc 1 3259 5 is_stmt 1 view .LVU169
3259:Drivers/STM32F4xx_HAL_Driver/Src/stm32f4xx_hal_sd.c ****   }
 527              		.loc 1 3259 21 is_stmt 0 view .LVU170
 528 003e 7E62     		str	r6, [r7, #36]
 529              		.loc 1 3261 1 view .LVU171
 530 0040 E3E7     		b	.L31
 531              	.LVL61:
 532              	.L35:
 533              		.loc 1 3261 1 view .LVU172
 534 0042 0746     		mov	r7, r0
3241:Drivers/STM32F4xx_HAL_Driver/Src/stm32f4xx_hal_sd.c ****     {
 535              		.loc 1 3241 15 view .LVU173
 536 0044 0025     		movs	r5, #0
 537 0046 F7E7     		b	.L32
 538              		.cfi_endproc
 539              	.LFE171:
 541              		.section	.text.SD_SendSDStatus,"ax",%progbits
 542              		.align	1
 543              		.syntax unified
 544              		.thumb
 545              		.thumb_func
 547              	SD_SendSDStatus:
 548              	.LVL62:
 549              	.LFB165:
2866:Drivers/STM32F4xx_HAL_Driver/Src/stm32f4xx_hal_sd.c ****   SDIO_DataInitTypeDef config;
 550              		.loc 1 2866 1 is_stmt 1 view -0
 551              		.cfi_startproc
 552              		@ args = 0, pretend = 0, frame = 24
 553              		@ frame_needed = 0, uses_anonymous_args = 0
2866:Drivers/STM32F4xx_HAL_Driver/Src/stm32f4xx_hal_sd.c ****   SDIO_DataInitTypeDef config;
 554              		.loc 1 2866 1 is_stmt 0 view .LVU175
 555 0000 F0B5     		push	{r4, r5, r6, r7, lr}
 556              	.LCFI10:
 557              		.cfi_def_cfa_offset 20
ARM GAS  /tmp/ccnf9wtj.s 			page 70


 558              		.cfi_offset 4, -20
 559              		.cfi_offset 5, -16
 560              		.cfi_offset 6, -12
 561              		.cfi_offset 7, -8
 562              		.cfi_offset 14, -4
 563 0002 87B0     		sub	sp, sp, #28
 564              	.LCFI11:
 565              		.cfi_def_cfa_offset 48
 566 0004 0546     		mov	r5, r0
 567 0006 0E46     		mov	r6, r1
2867:Drivers/STM32F4xx_HAL_Driver/Src/stm32f4xx_hal_sd.c ****   uint32_t errorstate;
 568              		.loc 1 2867 3 is_stmt 1 view .LVU176
2868:Drivers/STM32F4xx_HAL_Driver/Src/stm32f4xx_hal_sd.c ****   uint32_t tickstart = HAL_GetTick();
 569              		.loc 1 2868 3 view .LVU177
2869:Drivers/STM32F4xx_HAL_Driver/Src/stm32f4xx_hal_sd.c ****   uint32_t count;
 570              		.loc 1 2869 3 view .LVU178
2869:Drivers/STM32F4xx_HAL_Driver/Src/stm32f4xx_hal_sd.c ****   uint32_t count;
 571              		.loc 1 2869 24 is_stmt 0 view .LVU179
 572 0008 FFF7FEFF 		bl	HAL_GetTick
 573              	.LVL63:
2869:Drivers/STM32F4xx_HAL_Driver/Src/stm32f4xx_hal_sd.c ****   uint32_t count;
 574              		.loc 1 2869 24 view .LVU180
 575 000c 0746     		mov	r7, r0
 576              	.LVL64:
2870:Drivers/STM32F4xx_HAL_Driver/Src/stm32f4xx_hal_sd.c ****   uint32_t *pData = pSDstatus;
 577              		.loc 1 2870 3 is_stmt 1 view .LVU181
2871:Drivers/STM32F4xx_HAL_Driver/Src/stm32f4xx_hal_sd.c **** 
 578              		.loc 1 2871 3 view .LVU182
2874:Drivers/STM32F4xx_HAL_Driver/Src/stm32f4xx_hal_sd.c ****   {
 579              		.loc 1 2874 3 view .LVU183
2874:Drivers/STM32F4xx_HAL_Driver/Src/stm32f4xx_hal_sd.c ****   {
 580              		.loc 1 2874 7 is_stmt 0 view .LVU184
 581 000e 0021     		movs	r1, #0
 582 0010 2868     		ldr	r0, [r5]
 583              	.LVL65:
2874:Drivers/STM32F4xx_HAL_Driver/Src/stm32f4xx_hal_sd.c ****   {
 584              		.loc 1 2874 7 view .LVU185
 585 0012 FFF7FEFF 		bl	SDIO_GetResponse
 586              	.LVL66:
2874:Drivers/STM32F4xx_HAL_Driver/Src/stm32f4xx_hal_sd.c ****   {
 587              		.loc 1 2874 5 discriminator 1 view .LVU186
 588 0016 10F0007F 		tst	r0, #33554432
 589 001a 66D1     		bne	.L48
2880:Drivers/STM32F4xx_HAL_Driver/Src/stm32f4xx_hal_sd.c ****   if(errorstate != HAL_SD_ERROR_NONE)
 590              		.loc 1 2880 3 is_stmt 1 view .LVU187
2880:Drivers/STM32F4xx_HAL_Driver/Src/stm32f4xx_hal_sd.c ****   if(errorstate != HAL_SD_ERROR_NONE)
 591              		.loc 1 2880 16 is_stmt 0 view .LVU188
 592 001c 4021     		movs	r1, #64
 593 001e 2868     		ldr	r0, [r5]
 594 0020 FFF7FEFF 		bl	SDMMC_CmdBlockLength
 595              	.LVL67:
2881:Drivers/STM32F4xx_HAL_Driver/Src/stm32f4xx_hal_sd.c ****   {
 596              		.loc 1 2881 3 is_stmt 1 view .LVU189
2881:Drivers/STM32F4xx_HAL_Driver/Src/stm32f4xx_hal_sd.c ****   {
 597              		.loc 1 2881 5 is_stmt 0 view .LVU190
 598 0024 0346     		mov	r3, r0
 599 0026 10B1     		cbz	r0, .L39
ARM GAS  /tmp/ccnf9wtj.s 			page 71


2883:Drivers/STM32F4xx_HAL_Driver/Src/stm32f4xx_hal_sd.c ****     return errorstate;
 600              		.loc 1 2883 5 is_stmt 1 view .LVU191
2883:Drivers/STM32F4xx_HAL_Driver/Src/stm32f4xx_hal_sd.c ****     return errorstate;
 601              		.loc 1 2883 8 is_stmt 0 view .LVU192
 602 0028 AA6B     		ldr	r2, [r5, #56]
2883:Drivers/STM32F4xx_HAL_Driver/Src/stm32f4xx_hal_sd.c ****     return errorstate;
 603              		.loc 1 2883 20 view .LVU193
 604 002a AA63     		str	r2, [r5, #56]
2884:Drivers/STM32F4xx_HAL_Driver/Src/stm32f4xx_hal_sd.c ****   }
 605              		.loc 1 2884 5 is_stmt 1 view .LVU194
2884:Drivers/STM32F4xx_HAL_Driver/Src/stm32f4xx_hal_sd.c ****   }
 606              		.loc 1 2884 12 is_stmt 0 view .LVU195
 607 002c 5FE0     		b	.L37
 608              	.L39:
2888:Drivers/STM32F4xx_HAL_Driver/Src/stm32f4xx_hal_sd.c ****   if(errorstate != HAL_SD_ERROR_NONE)
 609              		.loc 1 2888 3 is_stmt 1 view .LVU196
2888:Drivers/STM32F4xx_HAL_Driver/Src/stm32f4xx_hal_sd.c ****   if(errorstate != HAL_SD_ERROR_NONE)
 610              		.loc 1 2888 73 is_stmt 0 view .LVU197
 611 002e 296D     		ldr	r1, [r5, #80]
2888:Drivers/STM32F4xx_HAL_Driver/Src/stm32f4xx_hal_sd.c ****   if(errorstate != HAL_SD_ERROR_NONE)
 612              		.loc 1 2888 16 view .LVU198
 613 0030 0904     		lsls	r1, r1, #16
 614 0032 2868     		ldr	r0, [r5]
 615              	.LVL68:
2888:Drivers/STM32F4xx_HAL_Driver/Src/stm32f4xx_hal_sd.c ****   if(errorstate != HAL_SD_ERROR_NONE)
 616              		.loc 1 2888 16 view .LVU199
 617 0034 FFF7FEFF 		bl	SDMMC_CmdAppCommand
 618              	.LVL69:
2889:Drivers/STM32F4xx_HAL_Driver/Src/stm32f4xx_hal_sd.c ****   {
 619              		.loc 1 2889 3 is_stmt 1 view .LVU200
2889:Drivers/STM32F4xx_HAL_Driver/Src/stm32f4xx_hal_sd.c ****   {
 620              		.loc 1 2889 5 is_stmt 0 view .LVU201
 621 0038 0346     		mov	r3, r0
 622 003a 10B1     		cbz	r0, .L40
2891:Drivers/STM32F4xx_HAL_Driver/Src/stm32f4xx_hal_sd.c ****     return errorstate;
 623              		.loc 1 2891 5 is_stmt 1 view .LVU202
2891:Drivers/STM32F4xx_HAL_Driver/Src/stm32f4xx_hal_sd.c ****     return errorstate;
 624              		.loc 1 2891 8 is_stmt 0 view .LVU203
 625 003c AA6B     		ldr	r2, [r5, #56]
2891:Drivers/STM32F4xx_HAL_Driver/Src/stm32f4xx_hal_sd.c ****     return errorstate;
 626              		.loc 1 2891 20 view .LVU204
 627 003e AA63     		str	r2, [r5, #56]
2892:Drivers/STM32F4xx_HAL_Driver/Src/stm32f4xx_hal_sd.c ****   }
 628              		.loc 1 2892 5 is_stmt 1 view .LVU205
2892:Drivers/STM32F4xx_HAL_Driver/Src/stm32f4xx_hal_sd.c ****   }
 629              		.loc 1 2892 12 is_stmt 0 view .LVU206
 630 0040 55E0     		b	.L37
 631              	.L40:
2896:Drivers/STM32F4xx_HAL_Driver/Src/stm32f4xx_hal_sd.c ****   config.DataLength    = 64U;
 632              		.loc 1 2896 3 is_stmt 1 view .LVU207
2896:Drivers/STM32F4xx_HAL_Driver/Src/stm32f4xx_hal_sd.c ****   config.DataLength    = 64U;
 633              		.loc 1 2896 24 is_stmt 0 view .LVU208
 634 0042 4FF0FF33 		mov	r3, #-1
 635 0046 0093     		str	r3, [sp]
2897:Drivers/STM32F4xx_HAL_Driver/Src/stm32f4xx_hal_sd.c ****   config.DataBlockSize = SDIO_DATABLOCK_SIZE_64B;
 636              		.loc 1 2897 3 is_stmt 1 view .LVU209
2897:Drivers/STM32F4xx_HAL_Driver/Src/stm32f4xx_hal_sd.c ****   config.DataBlockSize = SDIO_DATABLOCK_SIZE_64B;
ARM GAS  /tmp/ccnf9wtj.s 			page 72


 637              		.loc 1 2897 24 is_stmt 0 view .LVU210
 638 0048 4023     		movs	r3, #64
 639 004a 0193     		str	r3, [sp, #4]
2898:Drivers/STM32F4xx_HAL_Driver/Src/stm32f4xx_hal_sd.c ****   config.TransferDir   = SDIO_TRANSFER_DIR_TO_SDIO;
 640              		.loc 1 2898 3 is_stmt 1 view .LVU211
2898:Drivers/STM32F4xx_HAL_Driver/Src/stm32f4xx_hal_sd.c ****   config.TransferDir   = SDIO_TRANSFER_DIR_TO_SDIO;
 641              		.loc 1 2898 24 is_stmt 0 view .LVU212
 642 004c 6023     		movs	r3, #96
 643 004e 0293     		str	r3, [sp, #8]
2899:Drivers/STM32F4xx_HAL_Driver/Src/stm32f4xx_hal_sd.c ****   config.TransferMode  = SDIO_TRANSFER_MODE_BLOCK;
 644              		.loc 1 2899 3 is_stmt 1 view .LVU213
2899:Drivers/STM32F4xx_HAL_Driver/Src/stm32f4xx_hal_sd.c ****   config.TransferMode  = SDIO_TRANSFER_MODE_BLOCK;
 645              		.loc 1 2899 24 is_stmt 0 view .LVU214
 646 0050 0223     		movs	r3, #2
 647 0052 0393     		str	r3, [sp, #12]
2900:Drivers/STM32F4xx_HAL_Driver/Src/stm32f4xx_hal_sd.c ****   config.DPSM          = SDIO_DPSM_ENABLE;
 648              		.loc 1 2900 3 is_stmt 1 view .LVU215
2900:Drivers/STM32F4xx_HAL_Driver/Src/stm32f4xx_hal_sd.c ****   config.DPSM          = SDIO_DPSM_ENABLE;
 649              		.loc 1 2900 24 is_stmt 0 view .LVU216
 650 0054 0023     		movs	r3, #0
 651 0056 0493     		str	r3, [sp, #16]
2901:Drivers/STM32F4xx_HAL_Driver/Src/stm32f4xx_hal_sd.c ****   (void)SDIO_ConfigData(hsd->Instance, &config);
 652              		.loc 1 2901 3 is_stmt 1 view .LVU217
2901:Drivers/STM32F4xx_HAL_Driver/Src/stm32f4xx_hal_sd.c ****   (void)SDIO_ConfigData(hsd->Instance, &config);
 653              		.loc 1 2901 24 is_stmt 0 view .LVU218
 654 0058 0123     		movs	r3, #1
 655 005a 0593     		str	r3, [sp, #20]
2902:Drivers/STM32F4xx_HAL_Driver/Src/stm32f4xx_hal_sd.c **** 
 656              		.loc 1 2902 3 is_stmt 1 view .LVU219
2902:Drivers/STM32F4xx_HAL_Driver/Src/stm32f4xx_hal_sd.c **** 
 657              		.loc 1 2902 9 is_stmt 0 view .LVU220
 658 005c 6946     		mov	r1, sp
 659 005e 2868     		ldr	r0, [r5]
 660              	.LVL70:
2902:Drivers/STM32F4xx_HAL_Driver/Src/stm32f4xx_hal_sd.c **** 
 661              		.loc 1 2902 9 view .LVU221
 662 0060 FFF7FEFF 		bl	SDIO_ConfigData
 663              	.LVL71:
2905:Drivers/STM32F4xx_HAL_Driver/Src/stm32f4xx_hal_sd.c ****   if(errorstate != HAL_SD_ERROR_NONE)
 664              		.loc 1 2905 3 is_stmt 1 view .LVU222
2905:Drivers/STM32F4xx_HAL_Driver/Src/stm32f4xx_hal_sd.c ****   if(errorstate != HAL_SD_ERROR_NONE)
 665              		.loc 1 2905 16 is_stmt 0 view .LVU223
 666 0064 2868     		ldr	r0, [r5]
 667 0066 FFF7FEFF 		bl	SDMMC_CmdStatusRegister
 668              	.LVL72:
2906:Drivers/STM32F4xx_HAL_Driver/Src/stm32f4xx_hal_sd.c ****   {
 669              		.loc 1 2906 3 is_stmt 1 view .LVU224
2906:Drivers/STM32F4xx_HAL_Driver/Src/stm32f4xx_hal_sd.c ****   {
 670              		.loc 1 2906 5 is_stmt 0 view .LVU225
 671 006a 0346     		mov	r3, r0
 672 006c 80B1     		cbz	r0, .L41
2908:Drivers/STM32F4xx_HAL_Driver/Src/stm32f4xx_hal_sd.c ****     return errorstate;
 673              		.loc 1 2908 5 is_stmt 1 view .LVU226
2908:Drivers/STM32F4xx_HAL_Driver/Src/stm32f4xx_hal_sd.c ****     return errorstate;
 674              		.loc 1 2908 8 is_stmt 0 view .LVU227
 675 006e AA6B     		ldr	r2, [r5, #56]
2908:Drivers/STM32F4xx_HAL_Driver/Src/stm32f4xx_hal_sd.c ****     return errorstate;
ARM GAS  /tmp/ccnf9wtj.s 			page 73


 676              		.loc 1 2908 20 view .LVU228
 677 0070 AA63     		str	r2, [r5, #56]
2909:Drivers/STM32F4xx_HAL_Driver/Src/stm32f4xx_hal_sd.c ****   }
 678              		.loc 1 2909 5 is_stmt 1 view .LVU229
2909:Drivers/STM32F4xx_HAL_Driver/Src/stm32f4xx_hal_sd.c ****   }
 679              		.loc 1 2909 12 is_stmt 0 view .LVU230
 680 0072 3CE0     		b	.L37
 681              	.LVL73:
 682              	.L44:
2919:Drivers/STM32F4xx_HAL_Driver/Src/stm32f4xx_hal_sd.c ****         pData++;
 683              		.loc 1 2919 9 is_stmt 1 view .LVU231
2919:Drivers/STM32F4xx_HAL_Driver/Src/stm32f4xx_hal_sd.c ****         pData++;
 684              		.loc 1 2919 18 is_stmt 0 view .LVU232
 685 0074 2868     		ldr	r0, [r5]
 686 0076 FFF7FEFF 		bl	SDIO_ReadFIFO
 687              	.LVL74:
2919:Drivers/STM32F4xx_HAL_Driver/Src/stm32f4xx_hal_sd.c ****         pData++;
 688              		.loc 1 2919 16 discriminator 1 view .LVU233
 689 007a 46F8040B 		str	r0, [r6], #4
 690              	.LVL75:
2920:Drivers/STM32F4xx_HAL_Driver/Src/stm32f4xx_hal_sd.c ****       }
 691              		.loc 1 2920 9 is_stmt 1 view .LVU234
2917:Drivers/STM32F4xx_HAL_Driver/Src/stm32f4xx_hal_sd.c ****       {
 692              		.loc 1 2917 40 discriminator 3 view .LVU235
 693 007e 0134     		adds	r4, r4, #1
 694              	.LVL76:
 695              	.L42:
2917:Drivers/STM32F4xx_HAL_Driver/Src/stm32f4xx_hal_sd.c ****       {
 696              		.loc 1 2917 29 discriminator 1 view .LVU236
 697 0080 072C     		cmp	r4, #7
 698 0082 F7D9     		bls	.L44
 699              	.LVL77:
 700              	.L43:
2924:Drivers/STM32F4xx_HAL_Driver/Src/stm32f4xx_hal_sd.c ****     {
 701              		.loc 1 2924 5 view .LVU237
2924:Drivers/STM32F4xx_HAL_Driver/Src/stm32f4xx_hal_sd.c ****     {
 702              		.loc 1 2924 9 is_stmt 0 view .LVU238
 703 0084 FFF7FEFF 		bl	HAL_GetTick
 704              	.LVL78:
2924:Drivers/STM32F4xx_HAL_Driver/Src/stm32f4xx_hal_sd.c ****     {
 705              		.loc 1 2924 23 discriminator 1 view .LVU239
 706 0088 C01B     		subs	r0, r0, r7
2924:Drivers/STM32F4xx_HAL_Driver/Src/stm32f4xx_hal_sd.c ****     {
 707              		.loc 1 2924 7 discriminator 1 view .LVU240
 708 008a B0F1FF3F 		cmp	r0, #-1
 709 008e 31D0     		beq	.L49
 710              	.L41:
2913:Drivers/STM32F4xx_HAL_Driver/Src/stm32f4xx_hal_sd.c ****   {
 711              		.loc 1 2913 9 is_stmt 1 view .LVU241
2913:Drivers/STM32F4xx_HAL_Driver/Src/stm32f4xx_hal_sd.c ****   {
 712              		.loc 1 2913 10 is_stmt 0 view .LVU242
 713 0090 2B68     		ldr	r3, [r5]
 714 0092 5C6B     		ldr	r4, [r3, #52]
 715 0094 40F22A42 		movw	r2, #1066
2913:Drivers/STM32F4xx_HAL_Driver/Src/stm32f4xx_hal_sd.c ****   {
 716              		.loc 1 2913 9 view .LVU243
 717 0098 1440     		ands	r4, r4, r2
ARM GAS  /tmp/ccnf9wtj.s 			page 74


 718 009a 04D1     		bne	.L55
2915:Drivers/STM32F4xx_HAL_Driver/Src/stm32f4xx_hal_sd.c ****     {
 719              		.loc 1 2915 5 is_stmt 1 view .LVU244
2915:Drivers/STM32F4xx_HAL_Driver/Src/stm32f4xx_hal_sd.c ****     {
 720              		.loc 1 2915 8 is_stmt 0 view .LVU245
 721 009c 5B6B     		ldr	r3, [r3, #52]
2915:Drivers/STM32F4xx_HAL_Driver/Src/stm32f4xx_hal_sd.c ****     {
 722              		.loc 1 2915 7 view .LVU246
 723 009e 13F4004F 		tst	r3, #32768
 724 00a2 EFD0     		beq	.L43
 725 00a4 ECE7     		b	.L42
 726              	.L55:
2930:Drivers/STM32F4xx_HAL_Driver/Src/stm32f4xx_hal_sd.c ****   {
 727              		.loc 1 2930 3 is_stmt 1 view .LVU247
2930:Drivers/STM32F4xx_HAL_Driver/Src/stm32f4xx_hal_sd.c ****   {
 728              		.loc 1 2930 6 is_stmt 0 view .LVU248
 729 00a6 5A6B     		ldr	r2, [r3, #52]
2930:Drivers/STM32F4xx_HAL_Driver/Src/stm32f4xx_hal_sd.c ****   {
 730              		.loc 1 2930 5 view .LVU249
 731 00a8 12F0080F 		tst	r2, #8
 732 00ac 25D1     		bne	.L50
2934:Drivers/STM32F4xx_HAL_Driver/Src/stm32f4xx_hal_sd.c ****   {
 733              		.loc 1 2934 8 is_stmt 1 view .LVU250
2934:Drivers/STM32F4xx_HAL_Driver/Src/stm32f4xx_hal_sd.c ****   {
 734              		.loc 1 2934 11 is_stmt 0 view .LVU251
 735 00ae 5A6B     		ldr	r2, [r3, #52]
2934:Drivers/STM32F4xx_HAL_Driver/Src/stm32f4xx_hal_sd.c ****   {
 736              		.loc 1 2934 10 view .LVU252
 737 00b0 12F0020F 		tst	r2, #2
 738 00b4 23D1     		bne	.L51
2938:Drivers/STM32F4xx_HAL_Driver/Src/stm32f4xx_hal_sd.c ****   {
 739              		.loc 1 2938 8 is_stmt 1 view .LVU253
2938:Drivers/STM32F4xx_HAL_Driver/Src/stm32f4xx_hal_sd.c ****   {
 740              		.loc 1 2938 11 is_stmt 0 view .LVU254
 741 00b6 5B6B     		ldr	r3, [r3, #52]
2938:Drivers/STM32F4xx_HAL_Driver/Src/stm32f4xx_hal_sd.c ****   {
 742              		.loc 1 2938 10 view .LVU255
 743 00b8 13F0200F 		tst	r3, #32
 744 00bc 21D1     		bne	.L56
 745              	.L46:
2947:Drivers/STM32F4xx_HAL_Driver/Src/stm32f4xx_hal_sd.c ****   {
 746              		.loc 1 2947 11 is_stmt 1 view .LVU256
 747 00be 2868     		ldr	r0, [r5]
 748 00c0 436B     		ldr	r3, [r0, #52]
 749 00c2 13F40013 		ands	r3, r3, #2097152
 750 00c6 0CD0     		beq	.L57
2949:Drivers/STM32F4xx_HAL_Driver/Src/stm32f4xx_hal_sd.c ****     pData++;
 751              		.loc 1 2949 5 view .LVU257
2949:Drivers/STM32F4xx_HAL_Driver/Src/stm32f4xx_hal_sd.c ****     pData++;
 752              		.loc 1 2949 14 is_stmt 0 view .LVU258
 753 00c8 FFF7FEFF 		bl	SDIO_ReadFIFO
 754              	.LVL79:
2949:Drivers/STM32F4xx_HAL_Driver/Src/stm32f4xx_hal_sd.c ****     pData++;
 755              		.loc 1 2949 12 discriminator 1 view .LVU259
 756 00cc 46F8040B 		str	r0, [r6], #4
 757              	.LVL80:
2950:Drivers/STM32F4xx_HAL_Driver/Src/stm32f4xx_hal_sd.c **** 
ARM GAS  /tmp/ccnf9wtj.s 			page 75


 758              		.loc 1 2950 5 is_stmt 1 view .LVU260
2952:Drivers/STM32F4xx_HAL_Driver/Src/stm32f4xx_hal_sd.c ****     {
 759              		.loc 1 2952 5 view .LVU261
2952:Drivers/STM32F4xx_HAL_Driver/Src/stm32f4xx_hal_sd.c ****     {
 760              		.loc 1 2952 9 is_stmt 0 view .LVU262
 761 00d0 FFF7FEFF 		bl	HAL_GetTick
 762              	.LVL81:
2952:Drivers/STM32F4xx_HAL_Driver/Src/stm32f4xx_hal_sd.c ****     {
 763              		.loc 1 2952 23 discriminator 1 view .LVU263
 764 00d4 C01B     		subs	r0, r0, r7
2952:Drivers/STM32F4xx_HAL_Driver/Src/stm32f4xx_hal_sd.c ****     {
 765              		.loc 1 2952 7 discriminator 1 view .LVU264
 766 00d6 B0F1FF3F 		cmp	r0, #-1
 767 00da F0D1     		bne	.L46
2954:Drivers/STM32F4xx_HAL_Driver/Src/stm32f4xx_hal_sd.c ****     }
 768              		.loc 1 2954 14 view .LVU265
 769 00dc 4FF00043 		mov	r3, #-2147483648
 770 00e0 05E0     		b	.L37
 771              	.L57:
2959:Drivers/STM32F4xx_HAL_Driver/Src/stm32f4xx_hal_sd.c **** 
 772              		.loc 1 2959 3 is_stmt 1 view .LVU266
 773 00e2 40F23A52 		movw	r2, #1338
 774 00e6 8263     		str	r2, [r0, #56]
2961:Drivers/STM32F4xx_HAL_Driver/Src/stm32f4xx_hal_sd.c **** }
 775              		.loc 1 2961 3 view .LVU267
2961:Drivers/STM32F4xx_HAL_Driver/Src/stm32f4xx_hal_sd.c **** }
 776              		.loc 1 2961 10 is_stmt 0 view .LVU268
 777 00e8 01E0     		b	.L37
 778              	.LVL82:
 779              	.L48:
2876:Drivers/STM32F4xx_HAL_Driver/Src/stm32f4xx_hal_sd.c ****   }
 780              		.loc 1 2876 12 view .LVU269
 781 00ea 4FF40063 		mov	r3, #2048
 782              	.LVL83:
 783              	.L37:
2962:Drivers/STM32F4xx_HAL_Driver/Src/stm32f4xx_hal_sd.c **** 
 784              		.loc 1 2962 1 view .LVU270
 785 00ee 1846     		mov	r0, r3
 786 00f0 07B0     		add	sp, sp, #28
 787              	.LCFI12:
 788              		.cfi_remember_state
 789              		.cfi_def_cfa_offset 20
 790              		@ sp needed
 791 00f2 F0BD     		pop	{r4, r5, r6, r7, pc}
 792              	.LVL84:
 793              	.L49:
 794              	.LCFI13:
 795              		.cfi_restore_state
2926:Drivers/STM32F4xx_HAL_Driver/Src/stm32f4xx_hal_sd.c ****     }
 796              		.loc 1 2926 14 view .LVU271
 797 00f4 4FF00043 		mov	r3, #-2147483648
 798 00f8 F9E7     		b	.L37
 799              	.L50:
2932:Drivers/STM32F4xx_HAL_Driver/Src/stm32f4xx_hal_sd.c ****   }
 800              		.loc 1 2932 12 view .LVU272
 801 00fa 0823     		movs	r3, #8
 802 00fc F7E7     		b	.L37
ARM GAS  /tmp/ccnf9wtj.s 			page 76


 803              	.L51:
2936:Drivers/STM32F4xx_HAL_Driver/Src/stm32f4xx_hal_sd.c ****   }
 804              		.loc 1 2936 12 view .LVU273
 805 00fe 0223     		movs	r3, #2
 806 0100 F5E7     		b	.L37
 807              	.L56:
2940:Drivers/STM32F4xx_HAL_Driver/Src/stm32f4xx_hal_sd.c ****   }
 808              		.loc 1 2940 12 view .LVU274
 809 0102 2023     		movs	r3, #32
 810 0104 F3E7     		b	.L37
 811              		.cfi_endproc
 812              	.LFE165:
 814              		.section	.text.SD_FindSCR,"ax",%progbits
 815              		.align	1
 816              		.syntax unified
 817              		.thumb
 818              		.thumb_func
 820              	SD_FindSCR:
 821              	.LVL85:
 822              	.LFB169:
3095:Drivers/STM32F4xx_HAL_Driver/Src/stm32f4xx_hal_sd.c ****   SDIO_DataInitTypeDef config;
 823              		.loc 1 3095 1 is_stmt 1 view -0
 824              		.cfi_startproc
 825              		@ args = 0, pretend = 0, frame = 32
 826              		@ frame_needed = 0, uses_anonymous_args = 0
3095:Drivers/STM32F4xx_HAL_Driver/Src/stm32f4xx_hal_sd.c ****   SDIO_DataInitTypeDef config;
 827              		.loc 1 3095 1 is_stmt 0 view .LVU276
 828 0000 F0B5     		push	{r4, r5, r6, r7, lr}
 829              	.LCFI14:
 830              		.cfi_def_cfa_offset 20
 831              		.cfi_offset 4, -20
 832              		.cfi_offset 5, -16
 833              		.cfi_offset 6, -12
 834              		.cfi_offset 7, -8
 835              		.cfi_offset 14, -4
 836 0002 89B0     		sub	sp, sp, #36
 837              	.LCFI15:
 838              		.cfi_def_cfa_offset 56
 839 0004 0446     		mov	r4, r0
 840 0006 0F46     		mov	r7, r1
3096:Drivers/STM32F4xx_HAL_Driver/Src/stm32f4xx_hal_sd.c ****   uint32_t errorstate;
 841              		.loc 1 3096 3 is_stmt 1 view .LVU277
3097:Drivers/STM32F4xx_HAL_Driver/Src/stm32f4xx_hal_sd.c ****   uint32_t tickstart = HAL_GetTick();
 842              		.loc 1 3097 3 view .LVU278
3098:Drivers/STM32F4xx_HAL_Driver/Src/stm32f4xx_hal_sd.c ****   uint32_t index = 0U;
 843              		.loc 1 3098 3 view .LVU279
3098:Drivers/STM32F4xx_HAL_Driver/Src/stm32f4xx_hal_sd.c ****   uint32_t index = 0U;
 844              		.loc 1 3098 24 is_stmt 0 view .LVU280
 845 0008 FFF7FEFF 		bl	HAL_GetTick
 846              	.LVL86:
3098:Drivers/STM32F4xx_HAL_Driver/Src/stm32f4xx_hal_sd.c ****   uint32_t index = 0U;
 847              		.loc 1 3098 24 view .LVU281
 848 000c 0646     		mov	r6, r0
 849              	.LVL87:
3099:Drivers/STM32F4xx_HAL_Driver/Src/stm32f4xx_hal_sd.c ****   uint32_t tempscr[2U] = {0U, 0U};
 850              		.loc 1 3099 3 is_stmt 1 view .LVU282
3100:Drivers/STM32F4xx_HAL_Driver/Src/stm32f4xx_hal_sd.c ****   uint32_t *scr = pSCR;
ARM GAS  /tmp/ccnf9wtj.s 			page 77


 851              		.loc 1 3100 3 view .LVU283
3100:Drivers/STM32F4xx_HAL_Driver/Src/stm32f4xx_hal_sd.c ****   uint32_t *scr = pSCR;
 852              		.loc 1 3100 12 is_stmt 0 view .LVU284
 853 000e 0023     		movs	r3, #0
 854 0010 0093     		str	r3, [sp]
 855 0012 0193     		str	r3, [sp, #4]
3101:Drivers/STM32F4xx_HAL_Driver/Src/stm32f4xx_hal_sd.c **** 
 856              		.loc 1 3101 3 is_stmt 1 view .LVU285
 857              	.LVL88:
3104:Drivers/STM32F4xx_HAL_Driver/Src/stm32f4xx_hal_sd.c ****   if(errorstate != HAL_SD_ERROR_NONE)
 858              		.loc 1 3104 3 view .LVU286
3104:Drivers/STM32F4xx_HAL_Driver/Src/stm32f4xx_hal_sd.c ****   if(errorstate != HAL_SD_ERROR_NONE)
 859              		.loc 1 3104 16 is_stmt 0 view .LVU287
 860 0014 0821     		movs	r1, #8
 861 0016 2068     		ldr	r0, [r4]
 862              	.LVL89:
3104:Drivers/STM32F4xx_HAL_Driver/Src/stm32f4xx_hal_sd.c ****   if(errorstate != HAL_SD_ERROR_NONE)
 863              		.loc 1 3104 16 view .LVU288
 864 0018 FFF7FEFF 		bl	SDMMC_CmdBlockLength
 865              	.LVL90:
3105:Drivers/STM32F4xx_HAL_Driver/Src/stm32f4xx_hal_sd.c ****   {
 866              		.loc 1 3105 3 is_stmt 1 view .LVU289
3105:Drivers/STM32F4xx_HAL_Driver/Src/stm32f4xx_hal_sd.c ****   {
 867              		.loc 1 3105 5 is_stmt 0 view .LVU290
 868 001c 0546     		mov	r5, r0
 869 001e 10B1     		cbz	r0, .L70
 870              	.LVL91:
 871              	.L58:
3183:Drivers/STM32F4xx_HAL_Driver/Src/stm32f4xx_hal_sd.c **** 
 872              		.loc 1 3183 1 view .LVU291
 873 0020 2846     		mov	r0, r5
 874 0022 09B0     		add	sp, sp, #36
 875              	.LCFI16:
 876              		.cfi_remember_state
 877              		.cfi_def_cfa_offset 20
 878              		@ sp needed
 879 0024 F0BD     		pop	{r4, r5, r6, r7, pc}
 880              	.LVL92:
 881              	.L70:
 882              	.LCFI17:
 883              		.cfi_restore_state
3111:Drivers/STM32F4xx_HAL_Driver/Src/stm32f4xx_hal_sd.c ****   if(errorstate != HAL_SD_ERROR_NONE)
 884              		.loc 1 3111 3 is_stmt 1 view .LVU292
3111:Drivers/STM32F4xx_HAL_Driver/Src/stm32f4xx_hal_sd.c ****   if(errorstate != HAL_SD_ERROR_NONE)
 885              		.loc 1 3111 74 is_stmt 0 view .LVU293
 886 0026 216D     		ldr	r1, [r4, #80]
3111:Drivers/STM32F4xx_HAL_Driver/Src/stm32f4xx_hal_sd.c ****   if(errorstate != HAL_SD_ERROR_NONE)
 887              		.loc 1 3111 16 view .LVU294
 888 0028 0904     		lsls	r1, r1, #16
 889 002a 2068     		ldr	r0, [r4]
 890              	.LVL93:
3111:Drivers/STM32F4xx_HAL_Driver/Src/stm32f4xx_hal_sd.c ****   if(errorstate != HAL_SD_ERROR_NONE)
 891              		.loc 1 3111 16 view .LVU295
 892 002c FFF7FEFF 		bl	SDMMC_CmdAppCommand
 893              	.LVL94:
3112:Drivers/STM32F4xx_HAL_Driver/Src/stm32f4xx_hal_sd.c ****   {
 894              		.loc 1 3112 3 is_stmt 1 view .LVU296
ARM GAS  /tmp/ccnf9wtj.s 			page 78


3112:Drivers/STM32F4xx_HAL_Driver/Src/stm32f4xx_hal_sd.c ****   {
 895              		.loc 1 3112 5 is_stmt 0 view .LVU297
 896 0030 0546     		mov	r5, r0
 897 0032 0028     		cmp	r0, #0
 898 0034 F4D1     		bne	.L58
3117:Drivers/STM32F4xx_HAL_Driver/Src/stm32f4xx_hal_sd.c ****   config.DataLength    = 8U;
 899              		.loc 1 3117 3 is_stmt 1 view .LVU298
3117:Drivers/STM32F4xx_HAL_Driver/Src/stm32f4xx_hal_sd.c ****   config.DataLength    = 8U;
 900              		.loc 1 3117 24 is_stmt 0 view .LVU299
 901 0036 4FF0FF33 		mov	r3, #-1
 902 003a 0293     		str	r3, [sp, #8]
3118:Drivers/STM32F4xx_HAL_Driver/Src/stm32f4xx_hal_sd.c ****   config.DataBlockSize = SDIO_DATABLOCK_SIZE_8B;
 903              		.loc 1 3118 3 is_stmt 1 view .LVU300
3118:Drivers/STM32F4xx_HAL_Driver/Src/stm32f4xx_hal_sd.c ****   config.DataBlockSize = SDIO_DATABLOCK_SIZE_8B;
 904              		.loc 1 3118 24 is_stmt 0 view .LVU301
 905 003c 0823     		movs	r3, #8
 906 003e 0393     		str	r3, [sp, #12]
3119:Drivers/STM32F4xx_HAL_Driver/Src/stm32f4xx_hal_sd.c ****   config.TransferDir   = SDIO_TRANSFER_DIR_TO_SDIO;
 907              		.loc 1 3119 3 is_stmt 1 view .LVU302
3119:Drivers/STM32F4xx_HAL_Driver/Src/stm32f4xx_hal_sd.c ****   config.TransferDir   = SDIO_TRANSFER_DIR_TO_SDIO;
 908              		.loc 1 3119 24 is_stmt 0 view .LVU303
 909 0040 3023     		movs	r3, #48
 910 0042 0493     		str	r3, [sp, #16]
3120:Drivers/STM32F4xx_HAL_Driver/Src/stm32f4xx_hal_sd.c ****   config.TransferMode  = SDIO_TRANSFER_MODE_BLOCK;
 911              		.loc 1 3120 3 is_stmt 1 view .LVU304
3120:Drivers/STM32F4xx_HAL_Driver/Src/stm32f4xx_hal_sd.c ****   config.TransferMode  = SDIO_TRANSFER_MODE_BLOCK;
 912              		.loc 1 3120 24 is_stmt 0 view .LVU305
 913 0044 0223     		movs	r3, #2
 914 0046 0593     		str	r3, [sp, #20]
3121:Drivers/STM32F4xx_HAL_Driver/Src/stm32f4xx_hal_sd.c ****   config.DPSM          = SDIO_DPSM_ENABLE;
 915              		.loc 1 3121 3 is_stmt 1 view .LVU306
3121:Drivers/STM32F4xx_HAL_Driver/Src/stm32f4xx_hal_sd.c ****   config.DPSM          = SDIO_DPSM_ENABLE;
 916              		.loc 1 3121 24 is_stmt 0 view .LVU307
 917 0048 0023     		movs	r3, #0
 918 004a 0693     		str	r3, [sp, #24]
3122:Drivers/STM32F4xx_HAL_Driver/Src/stm32f4xx_hal_sd.c ****   (void)SDIO_ConfigData(hsd->Instance, &config);
 919              		.loc 1 3122 3 is_stmt 1 view .LVU308
3122:Drivers/STM32F4xx_HAL_Driver/Src/stm32f4xx_hal_sd.c ****   (void)SDIO_ConfigData(hsd->Instance, &config);
 920              		.loc 1 3122 24 is_stmt 0 view .LVU309
 921 004c 0123     		movs	r3, #1
 922 004e 0793     		str	r3, [sp, #28]
3123:Drivers/STM32F4xx_HAL_Driver/Src/stm32f4xx_hal_sd.c **** 
 923              		.loc 1 3123 3 is_stmt 1 view .LVU310
3123:Drivers/STM32F4xx_HAL_Driver/Src/stm32f4xx_hal_sd.c **** 
 924              		.loc 1 3123 9 is_stmt 0 view .LVU311
 925 0050 02A9     		add	r1, sp, #8
 926 0052 2068     		ldr	r0, [r4]
 927              	.LVL95:
3123:Drivers/STM32F4xx_HAL_Driver/Src/stm32f4xx_hal_sd.c **** 
 928              		.loc 1 3123 9 view .LVU312
 929 0054 FFF7FEFF 		bl	SDIO_ConfigData
 930              	.LVL96:
3126:Drivers/STM32F4xx_HAL_Driver/Src/stm32f4xx_hal_sd.c ****   if(errorstate != HAL_SD_ERROR_NONE)
 931              		.loc 1 3126 3 is_stmt 1 view .LVU313
3126:Drivers/STM32F4xx_HAL_Driver/Src/stm32f4xx_hal_sd.c ****   if(errorstate != HAL_SD_ERROR_NONE)
 932              		.loc 1 3126 16 is_stmt 0 view .LVU314
 933 0058 2068     		ldr	r0, [r4]
ARM GAS  /tmp/ccnf9wtj.s 			page 79


 934 005a FFF7FEFF 		bl	SDMMC_CmdSendSCR
 935              	.LVL97:
3127:Drivers/STM32F4xx_HAL_Driver/Src/stm32f4xx_hal_sd.c ****   {
 936              		.loc 1 3127 3 is_stmt 1 view .LVU315
3127:Drivers/STM32F4xx_HAL_Driver/Src/stm32f4xx_hal_sd.c ****   {
 937              		.loc 1 3127 5 is_stmt 0 view .LVU316
 938 005e 0546     		mov	r5, r0
 939 0060 58B1     		cbz	r0, .L60
 940 0062 DDE7     		b	.L58
 941              	.LVL98:
 942              	.L71:
3136:Drivers/STM32F4xx_HAL_Driver/Src/stm32f4xx_hal_sd.c ****       index++;
 943              		.loc 1 3136 7 is_stmt 1 view .LVU317
3136:Drivers/STM32F4xx_HAL_Driver/Src/stm32f4xx_hal_sd.c ****       index++;
 944              		.loc 1 3136 28 is_stmt 0 view .LVU318
 945 0064 FFF7FEFF 		bl	SDIO_ReadFIFO
 946              	.LVL99:
3136:Drivers/STM32F4xx_HAL_Driver/Src/stm32f4xx_hal_sd.c ****       index++;
 947              		.loc 1 3136 26 discriminator 1 view .LVU319
 948 0068 4DF82500 		str	r0, [sp, r5, lsl #2]
3137:Drivers/STM32F4xx_HAL_Driver/Src/stm32f4xx_hal_sd.c ****     }
 949              		.loc 1 3137 7 is_stmt 1 view .LVU320
3137:Drivers/STM32F4xx_HAL_Driver/Src/stm32f4xx_hal_sd.c ****     }
 950              		.loc 1 3137 12 is_stmt 0 view .LVU321
 951 006c 0135     		adds	r5, r5, #1
 952              	.LVL100:
 953              	.L62:
3144:Drivers/STM32F4xx_HAL_Driver/Src/stm32f4xx_hal_sd.c ****     {
 954              		.loc 1 3144 5 is_stmt 1 view .LVU322
3144:Drivers/STM32F4xx_HAL_Driver/Src/stm32f4xx_hal_sd.c ****     {
 955              		.loc 1 3144 9 is_stmt 0 view .LVU323
 956 006e FFF7FEFF 		bl	HAL_GetTick
 957              	.LVL101:
3144:Drivers/STM32F4xx_HAL_Driver/Src/stm32f4xx_hal_sd.c ****     {
 958              		.loc 1 3144 23 discriminator 1 view .LVU324
 959 0072 831B     		subs	r3, r0, r6
3144:Drivers/STM32F4xx_HAL_Driver/Src/stm32f4xx_hal_sd.c ****     {
 960              		.loc 1 3144 7 discriminator 1 view .LVU325
 961 0074 B3F1FF3F 		cmp	r3, #-1
 962 0078 3FD0     		beq	.L68
 963              	.LVL102:
 964              	.L60:
3132:Drivers/STM32F4xx_HAL_Driver/Src/stm32f4xx_hal_sd.c ****   {
 965              		.loc 1 3132 9 is_stmt 1 view .LVU326
3132:Drivers/STM32F4xx_HAL_Driver/Src/stm32f4xx_hal_sd.c ****   {
 966              		.loc 1 3132 10 is_stmt 0 view .LVU327
 967 007a 2068     		ldr	r0, [r4]
 968 007c 436B     		ldr	r3, [r0, #52]
3132:Drivers/STM32F4xx_HAL_Driver/Src/stm32f4xx_hal_sd.c ****   {
 969              		.loc 1 3132 9 view .LVU328
 970 007e 13F02A0F 		tst	r3, #42
 971 0082 07D1     		bne	.L63
3134:Drivers/STM32F4xx_HAL_Driver/Src/stm32f4xx_hal_sd.c ****     {
 972              		.loc 1 3134 5 is_stmt 1 view .LVU329
3134:Drivers/STM32F4xx_HAL_Driver/Src/stm32f4xx_hal_sd.c ****     {
 973              		.loc 1 3134 8 is_stmt 0 view .LVU330
 974 0084 436B     		ldr	r3, [r0, #52]
ARM GAS  /tmp/ccnf9wtj.s 			page 80


3134:Drivers/STM32F4xx_HAL_Driver/Src/stm32f4xx_hal_sd.c ****     {
 975              		.loc 1 3134 7 view .LVU331
 976 0086 13F4001F 		tst	r3, #2097152
 977 008a EBD1     		bne	.L71
3139:Drivers/STM32F4xx_HAL_Driver/Src/stm32f4xx_hal_sd.c ****     {
 978              		.loc 1 3139 10 is_stmt 1 view .LVU332
3139:Drivers/STM32F4xx_HAL_Driver/Src/stm32f4xx_hal_sd.c ****     {
 979              		.loc 1 3139 14 is_stmt 0 view .LVU333
 980 008c 436B     		ldr	r3, [r0, #52]
3139:Drivers/STM32F4xx_HAL_Driver/Src/stm32f4xx_hal_sd.c ****     {
 981              		.loc 1 3139 12 view .LVU334
 982 008e 13F4005F 		tst	r3, #8192
 983 0092 ECD1     		bne	.L62
 984              	.L63:
3150:Drivers/STM32F4xx_HAL_Driver/Src/stm32f4xx_hal_sd.c ****   {
 985              		.loc 1 3150 3 is_stmt 1 view .LVU335
3150:Drivers/STM32F4xx_HAL_Driver/Src/stm32f4xx_hal_sd.c ****   {
 986              		.loc 1 3150 6 is_stmt 0 view .LVU336
 987 0094 436B     		ldr	r3, [r0, #52]
3150:Drivers/STM32F4xx_HAL_Driver/Src/stm32f4xx_hal_sd.c ****   {
 988              		.loc 1 3150 5 view .LVU337
 989 0096 13F0080F 		tst	r3, #8
 990 009a 25D1     		bne	.L72
3156:Drivers/STM32F4xx_HAL_Driver/Src/stm32f4xx_hal_sd.c ****   {
 991              		.loc 1 3156 8 is_stmt 1 view .LVU338
3156:Drivers/STM32F4xx_HAL_Driver/Src/stm32f4xx_hal_sd.c ****   {
 992              		.loc 1 3156 11 is_stmt 0 view .LVU339
 993 009c 436B     		ldr	r3, [r0, #52]
3156:Drivers/STM32F4xx_HAL_Driver/Src/stm32f4xx_hal_sd.c ****   {
 994              		.loc 1 3156 10 view .LVU340
 995 009e 13F0020F 		tst	r3, #2
 996 00a2 24D1     		bne	.L73
3162:Drivers/STM32F4xx_HAL_Driver/Src/stm32f4xx_hal_sd.c ****   {
 997              		.loc 1 3162 8 is_stmt 1 view .LVU341
3162:Drivers/STM32F4xx_HAL_Driver/Src/stm32f4xx_hal_sd.c ****   {
 998              		.loc 1 3162 11 is_stmt 0 view .LVU342
 999 00a4 456B     		ldr	r5, [r0, #52]
 1000              	.LVL103:
3162:Drivers/STM32F4xx_HAL_Driver/Src/stm32f4xx_hal_sd.c ****   {
 1001              		.loc 1 3162 10 view .LVU343
 1002 00a6 15F02005 		ands	r5, r5, #32
 1003 00aa 23D1     		bne	.L74
3172:Drivers/STM32F4xx_HAL_Driver/Src/stm32f4xx_hal_sd.c **** 
 1004              		.loc 1 3172 5 is_stmt 1 view .LVU344
 1005 00ac 40F23A53 		movw	r3, #1338
 1006 00b0 8363     		str	r3, [r0, #56]
3174:Drivers/STM32F4xx_HAL_Driver/Src/stm32f4xx_hal_sd.c ****             ((tempscr[1] & SDMMC_16TO23BITS) >> 8) | ((tempscr[1] & SDMMC_24TO31BITS) >> 24));
 1007              		.loc 1 3174 5 view .LVU345
3174:Drivers/STM32F4xx_HAL_Driver/Src/stm32f4xx_hal_sd.c ****             ((tempscr[1] & SDMMC_16TO23BITS) >> 8) | ((tempscr[1] & SDMMC_24TO31BITS) >> 24));
 1008              		.loc 1 3174 22 is_stmt 0 view .LVU346
 1009 00b2 019A     		ldr	r2, [sp, #4]
3174:Drivers/STM32F4xx_HAL_Driver/Src/stm32f4xx_hal_sd.c ****             ((tempscr[1] & SDMMC_16TO23BITS) >> 8) | ((tempscr[1] & SDMMC_24TO31BITS) >> 24));
 1010              		.loc 1 3174 86 view .LVU347
 1011 00b4 1302     		lsls	r3, r2, #8
 1012 00b6 03F47F03 		and	r3, r3, #16711680
3174:Drivers/STM32F4xx_HAL_Driver/Src/stm32f4xx_hal_sd.c ****             ((tempscr[1] & SDMMC_16TO23BITS) >> 8) | ((tempscr[1] & SDMMC_24TO31BITS) >> 24));
 1013              		.loc 1 3174 52 view .LVU348
ARM GAS  /tmp/ccnf9wtj.s 			page 81


 1014 00ba 43EA0263 		orr	r3, r3, r2, lsl #24
3175:Drivers/STM32F4xx_HAL_Driver/Src/stm32f4xx_hal_sd.c ****     scr++;
 1015              		.loc 1 3175 46 view .LVU349
 1016 00be 110A     		lsrs	r1, r2, #8
 1017 00c0 01F47F41 		and	r1, r1, #65280
3174:Drivers/STM32F4xx_HAL_Driver/Src/stm32f4xx_hal_sd.c ****             ((tempscr[1] & SDMMC_16TO23BITS) >> 8) | ((tempscr[1] & SDMMC_24TO31BITS) >> 24));
 1018              		.loc 1 3174 92 view .LVU350
 1019 00c4 0B43     		orrs	r3, r3, r1
3175:Drivers/STM32F4xx_HAL_Driver/Src/stm32f4xx_hal_sd.c ****     scr++;
 1020              		.loc 1 3175 52 view .LVU351
 1021 00c6 43EA1263 		orr	r3, r3, r2, lsr #24
3174:Drivers/STM32F4xx_HAL_Driver/Src/stm32f4xx_hal_sd.c ****             ((tempscr[1] & SDMMC_16TO23BITS) >> 8) | ((tempscr[1] & SDMMC_24TO31BITS) >> 24));
 1022              		.loc 1 3174 10 view .LVU352
 1023 00ca 3B60     		str	r3, [r7]
3176:Drivers/STM32F4xx_HAL_Driver/Src/stm32f4xx_hal_sd.c ****     *scr = (((tempscr[0] & SDMMC_0TO7BITS) << 24)  | ((tempscr[0] & SDMMC_8TO15BITS) << 8) |\
 1024              		.loc 1 3176 5 is_stmt 1 view .LVU353
 1025              	.LVL104:
3177:Drivers/STM32F4xx_HAL_Driver/Src/stm32f4xx_hal_sd.c ****             ((tempscr[0] & SDMMC_16TO23BITS) >> 8) | ((tempscr[0] & SDMMC_24TO31BITS) >> 24));
 1026              		.loc 1 3177 5 view .LVU354
3177:Drivers/STM32F4xx_HAL_Driver/Src/stm32f4xx_hal_sd.c ****             ((tempscr[0] & SDMMC_16TO23BITS) >> 8) | ((tempscr[0] & SDMMC_24TO31BITS) >> 24));
 1027              		.loc 1 3177 22 is_stmt 0 view .LVU355
 1028 00cc 009A     		ldr	r2, [sp]
3177:Drivers/STM32F4xx_HAL_Driver/Src/stm32f4xx_hal_sd.c ****             ((tempscr[0] & SDMMC_16TO23BITS) >> 8) | ((tempscr[0] & SDMMC_24TO31BITS) >> 24));
 1029              		.loc 1 3177 86 view .LVU356
 1030 00ce 1302     		lsls	r3, r2, #8
 1031 00d0 03F47F03 		and	r3, r3, #16711680
3177:Drivers/STM32F4xx_HAL_Driver/Src/stm32f4xx_hal_sd.c ****             ((tempscr[0] & SDMMC_16TO23BITS) >> 8) | ((tempscr[0] & SDMMC_24TO31BITS) >> 24));
 1032              		.loc 1 3177 52 view .LVU357
 1033 00d4 43EA0263 		orr	r3, r3, r2, lsl #24
3178:Drivers/STM32F4xx_HAL_Driver/Src/stm32f4xx_hal_sd.c **** 
 1034              		.loc 1 3178 46 view .LVU358
 1035 00d8 110A     		lsrs	r1, r2, #8
 1036 00da 01F47F41 		and	r1, r1, #65280
3177:Drivers/STM32F4xx_HAL_Driver/Src/stm32f4xx_hal_sd.c ****             ((tempscr[0] & SDMMC_16TO23BITS) >> 8) | ((tempscr[0] & SDMMC_24TO31BITS) >> 24));
 1037              		.loc 1 3177 92 view .LVU359
 1038 00de 0B43     		orrs	r3, r3, r1
3178:Drivers/STM32F4xx_HAL_Driver/Src/stm32f4xx_hal_sd.c **** 
 1039              		.loc 1 3178 52 view .LVU360
 1040 00e0 43EA1263 		orr	r3, r3, r2, lsr #24
3177:Drivers/STM32F4xx_HAL_Driver/Src/stm32f4xx_hal_sd.c ****             ((tempscr[0] & SDMMC_16TO23BITS) >> 8) | ((tempscr[0] & SDMMC_24TO31BITS) >> 24));
 1041              		.loc 1 3177 10 view .LVU361
 1042 00e4 7B60     		str	r3, [r7, #4]
3182:Drivers/STM32F4xx_HAL_Driver/Src/stm32f4xx_hal_sd.c **** }
 1043              		.loc 1 3182 3 is_stmt 1 view .LVU362
3182:Drivers/STM32F4xx_HAL_Driver/Src/stm32f4xx_hal_sd.c **** }
 1044              		.loc 1 3182 10 is_stmt 0 view .LVU363
 1045 00e6 9BE7     		b	.L58
 1046              	.LVL105:
 1047              	.L72:
3152:Drivers/STM32F4xx_HAL_Driver/Src/stm32f4xx_hal_sd.c **** 
 1048              		.loc 1 3152 5 is_stmt 1 view .LVU364
 1049 00e8 0825     		movs	r5, #8
 1050              	.LVL106:
3152:Drivers/STM32F4xx_HAL_Driver/Src/stm32f4xx_hal_sd.c **** 
 1051              		.loc 1 3152 5 is_stmt 0 view .LVU365
 1052 00ea 8563     		str	r5, [r0, #56]
3154:Drivers/STM32F4xx_HAL_Driver/Src/stm32f4xx_hal_sd.c ****   }
ARM GAS  /tmp/ccnf9wtj.s 			page 82


 1053              		.loc 1 3154 5 is_stmt 1 view .LVU366
3154:Drivers/STM32F4xx_HAL_Driver/Src/stm32f4xx_hal_sd.c ****   }
 1054              		.loc 1 3154 12 is_stmt 0 view .LVU367
 1055 00ec 98E7     		b	.L58
 1056              	.LVL107:
 1057              	.L73:
3158:Drivers/STM32F4xx_HAL_Driver/Src/stm32f4xx_hal_sd.c **** 
 1058              		.loc 1 3158 5 is_stmt 1 view .LVU368
 1059 00ee 0225     		movs	r5, #2
 1060              	.LVL108:
3158:Drivers/STM32F4xx_HAL_Driver/Src/stm32f4xx_hal_sd.c **** 
 1061              		.loc 1 3158 5 is_stmt 0 view .LVU369
 1062 00f0 8563     		str	r5, [r0, #56]
3160:Drivers/STM32F4xx_HAL_Driver/Src/stm32f4xx_hal_sd.c ****   }
 1063              		.loc 1 3160 5 is_stmt 1 view .LVU370
3160:Drivers/STM32F4xx_HAL_Driver/Src/stm32f4xx_hal_sd.c ****   }
 1064              		.loc 1 3160 12 is_stmt 0 view .LVU371
 1065 00f2 95E7     		b	.L58
 1066              	.L74:
3164:Drivers/STM32F4xx_HAL_Driver/Src/stm32f4xx_hal_sd.c **** 
 1067              		.loc 1 3164 5 is_stmt 1 view .LVU372
 1068 00f4 2025     		movs	r5, #32
 1069 00f6 8563     		str	r5, [r0, #56]
3166:Drivers/STM32F4xx_HAL_Driver/Src/stm32f4xx_hal_sd.c ****   }
 1070              		.loc 1 3166 5 view .LVU373
3166:Drivers/STM32F4xx_HAL_Driver/Src/stm32f4xx_hal_sd.c ****   }
 1071              		.loc 1 3166 12 is_stmt 0 view .LVU374
 1072 00f8 92E7     		b	.L58
 1073              	.LVL109:
 1074              	.L68:
3146:Drivers/STM32F4xx_HAL_Driver/Src/stm32f4xx_hal_sd.c ****     }
 1075              		.loc 1 3146 14 view .LVU375
 1076 00fa 4FF00045 		mov	r5, #-2147483648
 1077              	.LVL110:
3146:Drivers/STM32F4xx_HAL_Driver/Src/stm32f4xx_hal_sd.c ****     }
 1078              		.loc 1 3146 14 view .LVU376
 1079 00fe 8FE7     		b	.L58
 1080              		.cfi_endproc
 1081              	.LFE169:
 1083              		.section	.text.SD_WideBus_Enable,"ax",%progbits
 1084              		.align	1
 1085              		.syntax unified
 1086              		.thumb
 1087              		.thumb_func
 1089              	SD_WideBus_Enable:
 1090              	.LVL111:
 1091              	.LFB167:
2999:Drivers/STM32F4xx_HAL_Driver/Src/stm32f4xx_hal_sd.c ****   uint32_t scr[2U] = {0U, 0U};
 1092              		.loc 1 2999 1 is_stmt 1 view -0
 1093              		.cfi_startproc
 1094              		@ args = 0, pretend = 0, frame = 8
 1095              		@ frame_needed = 0, uses_anonymous_args = 0
2999:Drivers/STM32F4xx_HAL_Driver/Src/stm32f4xx_hal_sd.c ****   uint32_t scr[2U] = {0U, 0U};
 1096              		.loc 1 2999 1 is_stmt 0 view .LVU378
 1097 0000 10B5     		push	{r4, lr}
 1098              	.LCFI18:
 1099              		.cfi_def_cfa_offset 8
ARM GAS  /tmp/ccnf9wtj.s 			page 83


 1100              		.cfi_offset 4, -8
 1101              		.cfi_offset 14, -4
 1102 0002 82B0     		sub	sp, sp, #8
 1103              	.LCFI19:
 1104              		.cfi_def_cfa_offset 16
 1105 0004 0446     		mov	r4, r0
3000:Drivers/STM32F4xx_HAL_Driver/Src/stm32f4xx_hal_sd.c ****   uint32_t errorstate;
 1106              		.loc 1 3000 3 is_stmt 1 view .LVU379
3000:Drivers/STM32F4xx_HAL_Driver/Src/stm32f4xx_hal_sd.c ****   uint32_t errorstate;
 1107              		.loc 1 3000 12 is_stmt 0 view .LVU380
 1108 0006 0021     		movs	r1, #0
 1109 0008 0091     		str	r1, [sp]
 1110 000a 0191     		str	r1, [sp, #4]
3001:Drivers/STM32F4xx_HAL_Driver/Src/stm32f4xx_hal_sd.c **** 
 1111              		.loc 1 3001 3 is_stmt 1 view .LVU381
3003:Drivers/STM32F4xx_HAL_Driver/Src/stm32f4xx_hal_sd.c ****   {
 1112              		.loc 1 3003 3 view .LVU382
3003:Drivers/STM32F4xx_HAL_Driver/Src/stm32f4xx_hal_sd.c ****   {
 1113              		.loc 1 3003 7 is_stmt 0 view .LVU383
 1114 000c 0068     		ldr	r0, [r0]
 1115              	.LVL112:
3003:Drivers/STM32F4xx_HAL_Driver/Src/stm32f4xx_hal_sd.c ****   {
 1116              		.loc 1 3003 7 view .LVU384
 1117 000e FFF7FEFF 		bl	SDIO_GetResponse
 1118              	.LVL113:
3003:Drivers/STM32F4xx_HAL_Driver/Src/stm32f4xx_hal_sd.c ****   {
 1119              		.loc 1 3003 5 discriminator 1 view .LVU385
 1120 0012 10F0007F 		tst	r0, #33554432
 1121 0016 13D1     		bne	.L77
3009:Drivers/STM32F4xx_HAL_Driver/Src/stm32f4xx_hal_sd.c ****   if(errorstate != HAL_SD_ERROR_NONE)
 1122              		.loc 1 3009 3 is_stmt 1 view .LVU386
3009:Drivers/STM32F4xx_HAL_Driver/Src/stm32f4xx_hal_sd.c ****   if(errorstate != HAL_SD_ERROR_NONE)
 1123              		.loc 1 3009 16 is_stmt 0 view .LVU387
 1124 0018 6946     		mov	r1, sp
 1125 001a 2046     		mov	r0, r4
 1126 001c FFF7FEFF 		bl	SD_FindSCR
 1127              	.LVL114:
3010:Drivers/STM32F4xx_HAL_Driver/Src/stm32f4xx_hal_sd.c ****   {
 1128              		.loc 1 3010 3 is_stmt 1 view .LVU388
3010:Drivers/STM32F4xx_HAL_Driver/Src/stm32f4xx_hal_sd.c ****   {
 1129              		.loc 1 3010 5 is_stmt 0 view .LVU389
 1130 0020 80B9     		cbnz	r0, .L75
3016:Drivers/STM32F4xx_HAL_Driver/Src/stm32f4xx_hal_sd.c ****   {
 1131              		.loc 1 3016 3 is_stmt 1 view .LVU390
3016:Drivers/STM32F4xx_HAL_Driver/Src/stm32f4xx_hal_sd.c ****   {
 1132              		.loc 1 3016 5 is_stmt 0 view .LVU391
 1133 0022 019B     		ldr	r3, [sp, #4]
 1134 0024 13F4802F 		tst	r3, #262144
 1135 0028 0ED0     		beq	.L78
3019:Drivers/STM32F4xx_HAL_Driver/Src/stm32f4xx_hal_sd.c ****     if(errorstate != HAL_SD_ERROR_NONE)
 1136              		.loc 1 3019 5 is_stmt 1 view .LVU392
3019:Drivers/STM32F4xx_HAL_Driver/Src/stm32f4xx_hal_sd.c ****     if(errorstate != HAL_SD_ERROR_NONE)
 1137              		.loc 1 3019 75 is_stmt 0 view .LVU393
 1138 002a 216D     		ldr	r1, [r4, #80]
3019:Drivers/STM32F4xx_HAL_Driver/Src/stm32f4xx_hal_sd.c ****     if(errorstate != HAL_SD_ERROR_NONE)
 1139              		.loc 1 3019 18 view .LVU394
 1140 002c 0904     		lsls	r1, r1, #16
ARM GAS  /tmp/ccnf9wtj.s 			page 84


 1141 002e 2068     		ldr	r0, [r4]
 1142              	.LVL115:
3019:Drivers/STM32F4xx_HAL_Driver/Src/stm32f4xx_hal_sd.c ****     if(errorstate != HAL_SD_ERROR_NONE)
 1143              		.loc 1 3019 18 view .LVU395
 1144 0030 FFF7FEFF 		bl	SDMMC_CmdAppCommand
 1145              	.LVL116:
3020:Drivers/STM32F4xx_HAL_Driver/Src/stm32f4xx_hal_sd.c ****     {
 1146              		.loc 1 3020 5 is_stmt 1 view .LVU396
3020:Drivers/STM32F4xx_HAL_Driver/Src/stm32f4xx_hal_sd.c ****     {
 1147              		.loc 1 3020 7 is_stmt 0 view .LVU397
 1148 0034 30B9     		cbnz	r0, .L75
3026:Drivers/STM32F4xx_HAL_Driver/Src/stm32f4xx_hal_sd.c ****     if(errorstate != HAL_SD_ERROR_NONE)
 1149              		.loc 1 3026 5 is_stmt 1 view .LVU398
3026:Drivers/STM32F4xx_HAL_Driver/Src/stm32f4xx_hal_sd.c ****     if(errorstate != HAL_SD_ERROR_NONE)
 1150              		.loc 1 3026 18 is_stmt 0 view .LVU399
 1151 0036 0221     		movs	r1, #2
 1152 0038 2068     		ldr	r0, [r4]
 1153              	.LVL117:
3026:Drivers/STM32F4xx_HAL_Driver/Src/stm32f4xx_hal_sd.c ****     if(errorstate != HAL_SD_ERROR_NONE)
 1154              		.loc 1 3026 18 view .LVU400
 1155 003a FFF7FEFF 		bl	SDMMC_CmdBusWidth
 1156              	.LVL118:
3027:Drivers/STM32F4xx_HAL_Driver/Src/stm32f4xx_hal_sd.c ****     {
 1157              		.loc 1 3027 5 is_stmt 1 view .LVU401
 1158 003e 01E0     		b	.L75
 1159              	.LVL119:
 1160              	.L77:
3005:Drivers/STM32F4xx_HAL_Driver/Src/stm32f4xx_hal_sd.c ****   }
 1161              		.loc 1 3005 12 is_stmt 0 view .LVU402
 1162 0040 4FF40060 		mov	r0, #2048
 1163              	.L75:
3038:Drivers/STM32F4xx_HAL_Driver/Src/stm32f4xx_hal_sd.c **** 
 1164              		.loc 1 3038 1 view .LVU403
 1165 0044 02B0     		add	sp, sp, #8
 1166              	.LCFI20:
 1167              		.cfi_remember_state
 1168              		.cfi_def_cfa_offset 8
 1169              		@ sp needed
 1170 0046 10BD     		pop	{r4, pc}
 1171              	.LVL120:
 1172              	.L78:
 1173              	.LCFI21:
 1174              		.cfi_restore_state
3036:Drivers/STM32F4xx_HAL_Driver/Src/stm32f4xx_hal_sd.c ****   }
 1175              		.loc 1 3036 12 view .LVU404
 1176 0048 4FF08060 		mov	r0, #67108864
 1177              	.LVL121:
3036:Drivers/STM32F4xx_HAL_Driver/Src/stm32f4xx_hal_sd.c ****   }
 1178              		.loc 1 3036 12 view .LVU405
 1179 004c FAE7     		b	.L75
 1180              		.cfi_endproc
 1181              	.LFE167:
 1183              		.section	.text.SD_WideBus_Disable,"ax",%progbits
 1184              		.align	1
 1185              		.syntax unified
 1186              		.thumb
 1187              		.thumb_func
ARM GAS  /tmp/ccnf9wtj.s 			page 85


 1189              	SD_WideBus_Disable:
 1190              	.LVL122:
 1191              	.LFB168:
3046:Drivers/STM32F4xx_HAL_Driver/Src/stm32f4xx_hal_sd.c ****   uint32_t scr[2U] = {0U, 0U};
 1192              		.loc 1 3046 1 is_stmt 1 view -0
 1193              		.cfi_startproc
 1194              		@ args = 0, pretend = 0, frame = 8
 1195              		@ frame_needed = 0, uses_anonymous_args = 0
3046:Drivers/STM32F4xx_HAL_Driver/Src/stm32f4xx_hal_sd.c ****   uint32_t scr[2U] = {0U, 0U};
 1196              		.loc 1 3046 1 is_stmt 0 view .LVU407
 1197 0000 10B5     		push	{r4, lr}
 1198              	.LCFI22:
 1199              		.cfi_def_cfa_offset 8
 1200              		.cfi_offset 4, -8
 1201              		.cfi_offset 14, -4
 1202 0002 82B0     		sub	sp, sp, #8
 1203              	.LCFI23:
 1204              		.cfi_def_cfa_offset 16
 1205 0004 0446     		mov	r4, r0
3047:Drivers/STM32F4xx_HAL_Driver/Src/stm32f4xx_hal_sd.c ****   uint32_t errorstate;
 1206              		.loc 1 3047 3 is_stmt 1 view .LVU408
3047:Drivers/STM32F4xx_HAL_Driver/Src/stm32f4xx_hal_sd.c ****   uint32_t errorstate;
 1207              		.loc 1 3047 12 is_stmt 0 view .LVU409
 1208 0006 0021     		movs	r1, #0
 1209 0008 0091     		str	r1, [sp]
 1210 000a 0191     		str	r1, [sp, #4]
3048:Drivers/STM32F4xx_HAL_Driver/Src/stm32f4xx_hal_sd.c **** 
 1211              		.loc 1 3048 3 is_stmt 1 view .LVU410
3050:Drivers/STM32F4xx_HAL_Driver/Src/stm32f4xx_hal_sd.c ****   {
 1212              		.loc 1 3050 3 view .LVU411
3050:Drivers/STM32F4xx_HAL_Driver/Src/stm32f4xx_hal_sd.c ****   {
 1213              		.loc 1 3050 7 is_stmt 0 view .LVU412
 1214 000c 0068     		ldr	r0, [r0]
 1215              	.LVL123:
3050:Drivers/STM32F4xx_HAL_Driver/Src/stm32f4xx_hal_sd.c ****   {
 1216              		.loc 1 3050 7 view .LVU413
 1217 000e FFF7FEFF 		bl	SDIO_GetResponse
 1218              	.LVL124:
3050:Drivers/STM32F4xx_HAL_Driver/Src/stm32f4xx_hal_sd.c ****   {
 1219              		.loc 1 3050 5 discriminator 1 view .LVU414
 1220 0012 10F0007F 		tst	r0, #33554432
 1221 0016 13D1     		bne	.L82
3056:Drivers/STM32F4xx_HAL_Driver/Src/stm32f4xx_hal_sd.c ****   if(errorstate != HAL_SD_ERROR_NONE)
 1222              		.loc 1 3056 3 is_stmt 1 view .LVU415
3056:Drivers/STM32F4xx_HAL_Driver/Src/stm32f4xx_hal_sd.c ****   if(errorstate != HAL_SD_ERROR_NONE)
 1223              		.loc 1 3056 16 is_stmt 0 view .LVU416
 1224 0018 6946     		mov	r1, sp
 1225 001a 2046     		mov	r0, r4
 1226 001c FFF7FEFF 		bl	SD_FindSCR
 1227              	.LVL125:
3057:Drivers/STM32F4xx_HAL_Driver/Src/stm32f4xx_hal_sd.c ****   {
 1228              		.loc 1 3057 3 is_stmt 1 view .LVU417
3057:Drivers/STM32F4xx_HAL_Driver/Src/stm32f4xx_hal_sd.c ****   {
 1229              		.loc 1 3057 5 is_stmt 0 view .LVU418
 1230 0020 80B9     		cbnz	r0, .L80
3063:Drivers/STM32F4xx_HAL_Driver/Src/stm32f4xx_hal_sd.c ****   {
 1231              		.loc 1 3063 3 is_stmt 1 view .LVU419
ARM GAS  /tmp/ccnf9wtj.s 			page 86


3063:Drivers/STM32F4xx_HAL_Driver/Src/stm32f4xx_hal_sd.c ****   {
 1232              		.loc 1 3063 5 is_stmt 0 view .LVU420
 1233 0022 019B     		ldr	r3, [sp, #4]
 1234 0024 13F4803F 		tst	r3, #65536
 1235 0028 0ED0     		beq	.L83
3066:Drivers/STM32F4xx_HAL_Driver/Src/stm32f4xx_hal_sd.c ****     if(errorstate != HAL_SD_ERROR_NONE)
 1236              		.loc 1 3066 5 is_stmt 1 view .LVU421
3066:Drivers/STM32F4xx_HAL_Driver/Src/stm32f4xx_hal_sd.c ****     if(errorstate != HAL_SD_ERROR_NONE)
 1237              		.loc 1 3066 75 is_stmt 0 view .LVU422
 1238 002a 216D     		ldr	r1, [r4, #80]
3066:Drivers/STM32F4xx_HAL_Driver/Src/stm32f4xx_hal_sd.c ****     if(errorstate != HAL_SD_ERROR_NONE)
 1239              		.loc 1 3066 18 view .LVU423
 1240 002c 0904     		lsls	r1, r1, #16
 1241 002e 2068     		ldr	r0, [r4]
 1242              	.LVL126:
3066:Drivers/STM32F4xx_HAL_Driver/Src/stm32f4xx_hal_sd.c ****     if(errorstate != HAL_SD_ERROR_NONE)
 1243              		.loc 1 3066 18 view .LVU424
 1244 0030 FFF7FEFF 		bl	SDMMC_CmdAppCommand
 1245              	.LVL127:
3067:Drivers/STM32F4xx_HAL_Driver/Src/stm32f4xx_hal_sd.c ****     {
 1246              		.loc 1 3067 5 is_stmt 1 view .LVU425
3067:Drivers/STM32F4xx_HAL_Driver/Src/stm32f4xx_hal_sd.c ****     {
 1247              		.loc 1 3067 7 is_stmt 0 view .LVU426
 1248 0034 30B9     		cbnz	r0, .L80
3073:Drivers/STM32F4xx_HAL_Driver/Src/stm32f4xx_hal_sd.c ****     if(errorstate != HAL_SD_ERROR_NONE)
 1249              		.loc 1 3073 5 is_stmt 1 view .LVU427
3073:Drivers/STM32F4xx_HAL_Driver/Src/stm32f4xx_hal_sd.c ****     if(errorstate != HAL_SD_ERROR_NONE)
 1250              		.loc 1 3073 18 is_stmt 0 view .LVU428
 1251 0036 0021     		movs	r1, #0
 1252 0038 2068     		ldr	r0, [r4]
 1253              	.LVL128:
3073:Drivers/STM32F4xx_HAL_Driver/Src/stm32f4xx_hal_sd.c ****     if(errorstate != HAL_SD_ERROR_NONE)
 1254              		.loc 1 3073 18 view .LVU429
 1255 003a FFF7FEFF 		bl	SDMMC_CmdBusWidth
 1256              	.LVL129:
3074:Drivers/STM32F4xx_HAL_Driver/Src/stm32f4xx_hal_sd.c ****     {
 1257              		.loc 1 3074 5 is_stmt 1 view .LVU430
 1258 003e 01E0     		b	.L80
 1259              	.LVL130:
 1260              	.L82:
3052:Drivers/STM32F4xx_HAL_Driver/Src/stm32f4xx_hal_sd.c ****   }
 1261              		.loc 1 3052 12 is_stmt 0 view .LVU431
 1262 0040 4FF40060 		mov	r0, #2048
 1263              	.L80:
3085:Drivers/STM32F4xx_HAL_Driver/Src/stm32f4xx_hal_sd.c **** 
 1264              		.loc 1 3085 1 view .LVU432
 1265 0044 02B0     		add	sp, sp, #8
 1266              	.LCFI24:
 1267              		.cfi_remember_state
 1268              		.cfi_def_cfa_offset 8
 1269              		@ sp needed
 1270 0046 10BD     		pop	{r4, pc}
 1271              	.LVL131:
 1272              	.L83:
 1273              	.LCFI25:
 1274              		.cfi_restore_state
3083:Drivers/STM32F4xx_HAL_Driver/Src/stm32f4xx_hal_sd.c ****   }
ARM GAS  /tmp/ccnf9wtj.s 			page 87


 1275              		.loc 1 3083 12 view .LVU433
 1276 0048 4FF08060 		mov	r0, #67108864
 1277              	.LVL132:
3083:Drivers/STM32F4xx_HAL_Driver/Src/stm32f4xx_hal_sd.c ****   }
 1278              		.loc 1 3083 12 view .LVU434
 1279 004c FAE7     		b	.L80
 1280              		.cfi_endproc
 1281              	.LFE168:
 1283              		.section	.text.SD_SendStatus,"ax",%progbits
 1284              		.align	1
 1285              		.syntax unified
 1286              		.thumb
 1287              		.thumb_func
 1289              	SD_SendStatus:
 1290              	.LVL133:
 1291              	.LFB166:
2972:Drivers/STM32F4xx_HAL_Driver/Src/stm32f4xx_hal_sd.c ****   uint32_t errorstate;
 1292              		.loc 1 2972 1 is_stmt 1 view -0
 1293              		.cfi_startproc
 1294              		@ args = 0, pretend = 0, frame = 0
 1295              		@ frame_needed = 0, uses_anonymous_args = 0
2972:Drivers/STM32F4xx_HAL_Driver/Src/stm32f4xx_hal_sd.c ****   uint32_t errorstate;
 1296              		.loc 1 2972 1 is_stmt 0 view .LVU436
 1297 0000 70B5     		push	{r4, r5, r6, lr}
 1298              	.LCFI26:
 1299              		.cfi_def_cfa_offset 16
 1300              		.cfi_offset 4, -16
 1301              		.cfi_offset 5, -12
 1302              		.cfi_offset 6, -8
 1303              		.cfi_offset 14, -4
2973:Drivers/STM32F4xx_HAL_Driver/Src/stm32f4xx_hal_sd.c **** 
 1304              		.loc 1 2973 3 is_stmt 1 view .LVU437
2975:Drivers/STM32F4xx_HAL_Driver/Src/stm32f4xx_hal_sd.c ****   {
 1305              		.loc 1 2975 3 view .LVU438
2975:Drivers/STM32F4xx_HAL_Driver/Src/stm32f4xx_hal_sd.c ****   {
 1306              		.loc 1 2975 5 is_stmt 0 view .LVU439
 1307 0002 81B1     		cbz	r1, .L87
 1308 0004 0446     		mov	r4, r0
 1309 0006 0E46     		mov	r6, r1
2981:Drivers/STM32F4xx_HAL_Driver/Src/stm32f4xx_hal_sd.c ****   if(errorstate != HAL_SD_ERROR_NONE)
 1310              		.loc 1 2981 3 is_stmt 1 view .LVU440
2981:Drivers/STM32F4xx_HAL_Driver/Src/stm32f4xx_hal_sd.c ****   if(errorstate != HAL_SD_ERROR_NONE)
 1311              		.loc 1 2981 73 is_stmt 0 view .LVU441
 1312 0008 016D     		ldr	r1, [r0, #80]
 1313              	.LVL134:
2981:Drivers/STM32F4xx_HAL_Driver/Src/stm32f4xx_hal_sd.c ****   if(errorstate != HAL_SD_ERROR_NONE)
 1314              		.loc 1 2981 16 view .LVU442
 1315 000a 0904     		lsls	r1, r1, #16
 1316 000c 0068     		ldr	r0, [r0]
 1317              	.LVL135:
2981:Drivers/STM32F4xx_HAL_Driver/Src/stm32f4xx_hal_sd.c ****   if(errorstate != HAL_SD_ERROR_NONE)
 1318              		.loc 1 2981 16 view .LVU443
 1319 000e FFF7FEFF 		bl	SDMMC_CmdSendStatus
 1320              	.LVL136:
2982:Drivers/STM32F4xx_HAL_Driver/Src/stm32f4xx_hal_sd.c ****   {
 1321              		.loc 1 2982 3 is_stmt 1 view .LVU444
2982:Drivers/STM32F4xx_HAL_Driver/Src/stm32f4xx_hal_sd.c ****   {
ARM GAS  /tmp/ccnf9wtj.s 			page 88


 1322              		.loc 1 2982 5 is_stmt 0 view .LVU445
 1323 0012 0546     		mov	r5, r0
 1324 0014 08B1     		cbz	r0, .L89
 1325              	.LVL137:
 1326              	.L85:
2991:Drivers/STM32F4xx_HAL_Driver/Src/stm32f4xx_hal_sd.c **** 
 1327              		.loc 1 2991 1 view .LVU446
 1328 0016 2846     		mov	r0, r5
 1329 0018 70BD     		pop	{r4, r5, r6, pc}
 1330              	.LVL138:
 1331              	.L89:
2988:Drivers/STM32F4xx_HAL_Driver/Src/stm32f4xx_hal_sd.c **** 
 1332              		.loc 1 2988 3 is_stmt 1 view .LVU447
2988:Drivers/STM32F4xx_HAL_Driver/Src/stm32f4xx_hal_sd.c **** 
 1333              		.loc 1 2988 18 is_stmt 0 view .LVU448
 1334 001a 0021     		movs	r1, #0
 1335 001c 2068     		ldr	r0, [r4]
 1336              	.LVL139:
2988:Drivers/STM32F4xx_HAL_Driver/Src/stm32f4xx_hal_sd.c **** 
 1337              		.loc 1 2988 18 view .LVU449
 1338 001e FFF7FEFF 		bl	SDIO_GetResponse
 1339              	.LVL140:
2988:Drivers/STM32F4xx_HAL_Driver/Src/stm32f4xx_hal_sd.c **** 
 1340              		.loc 1 2988 16 discriminator 1 view .LVU450
 1341 0022 3060     		str	r0, [r6]
2990:Drivers/STM32F4xx_HAL_Driver/Src/stm32f4xx_hal_sd.c **** }
 1342              		.loc 1 2990 3 is_stmt 1 view .LVU451
2990:Drivers/STM32F4xx_HAL_Driver/Src/stm32f4xx_hal_sd.c **** }
 1343              		.loc 1 2990 10 is_stmt 0 view .LVU452
 1344 0024 F7E7     		b	.L85
 1345              	.LVL141:
 1346              	.L87:
2977:Drivers/STM32F4xx_HAL_Driver/Src/stm32f4xx_hal_sd.c ****   }
 1347              		.loc 1 2977 12 view .LVU453
 1348 0026 4FF00065 		mov	r5, #134217728
 1349 002a F4E7     		b	.L85
 1350              		.cfi_endproc
 1351              	.LFE166:
 1353              		.section	.text.HAL_SD_MspInit,"ax",%progbits
 1354              		.align	1
 1355              		.weak	HAL_SD_MspInit
 1356              		.syntax unified
 1357              		.thumb
 1358              		.thumb_func
 1360              	HAL_SD_MspInit:
 1361              	.LVL142:
 1362              	.LFB133:
 515:Drivers/STM32F4xx_HAL_Driver/Src/stm32f4xx_hal_sd.c ****   /* Prevent unused argument(s) compilation warning */
 1363              		.loc 1 515 1 is_stmt 1 view -0
 1364              		.cfi_startproc
 1365              		@ args = 0, pretend = 0, frame = 0
 1366              		@ frame_needed = 0, uses_anonymous_args = 0
 1367              		@ link register save eliminated.
 517:Drivers/STM32F4xx_HAL_Driver/Src/stm32f4xx_hal_sd.c **** 
 1368              		.loc 1 517 3 view .LVU455
 522:Drivers/STM32F4xx_HAL_Driver/Src/stm32f4xx_hal_sd.c **** 
 1369              		.loc 1 522 1 is_stmt 0 view .LVU456
ARM GAS  /tmp/ccnf9wtj.s 			page 89


 1370 0000 7047     		bx	lr
 1371              		.cfi_endproc
 1372              	.LFE133:
 1374              		.section	.text.HAL_SD_MspDeInit,"ax",%progbits
 1375              		.align	1
 1376              		.weak	HAL_SD_MspDeInit
 1377              		.syntax unified
 1378              		.thumb
 1379              		.thumb_func
 1381              	HAL_SD_MspDeInit:
 1382              	.LVL143:
 1383              	.LFB134:
 530:Drivers/STM32F4xx_HAL_Driver/Src/stm32f4xx_hal_sd.c ****   /* Prevent unused argument(s) compilation warning */
 1384              		.loc 1 530 1 is_stmt 1 view -0
 1385              		.cfi_startproc
 1386              		@ args = 0, pretend = 0, frame = 0
 1387              		@ frame_needed = 0, uses_anonymous_args = 0
 1388              		@ link register save eliminated.
 532:Drivers/STM32F4xx_HAL_Driver/Src/stm32f4xx_hal_sd.c **** 
 1389              		.loc 1 532 3 view .LVU458
 537:Drivers/STM32F4xx_HAL_Driver/Src/stm32f4xx_hal_sd.c **** 
 1390              		.loc 1 537 1 is_stmt 0 view .LVU459
 1391 0000 7047     		bx	lr
 1392              		.cfi_endproc
 1393              	.LFE134:
 1395              		.section	.text.HAL_SD_DeInit,"ax",%progbits
 1396              		.align	1
 1397              		.global	HAL_SD_DeInit
 1398              		.syntax unified
 1399              		.thumb
 1400              		.thumb_func
 1402              	HAL_SD_DeInit:
 1403              	.LVL144:
 1404              	.LFB132:
 474:Drivers/STM32F4xx_HAL_Driver/Src/stm32f4xx_hal_sd.c ****   /* Check the SD handle allocation */
 1405              		.loc 1 474 1 is_stmt 1 view -0
 1406              		.cfi_startproc
 1407              		@ args = 0, pretend = 0, frame = 0
 1408              		@ frame_needed = 0, uses_anonymous_args = 0
 476:Drivers/STM32F4xx_HAL_Driver/Src/stm32f4xx_hal_sd.c ****   {
 1409              		.loc 1 476 3 view .LVU461
 476:Drivers/STM32F4xx_HAL_Driver/Src/stm32f4xx_hal_sd.c ****   {
 1410              		.loc 1 476 5 is_stmt 0 view .LVU462
 1411 0000 70B1     		cbz	r0, .L94
 474:Drivers/STM32F4xx_HAL_Driver/Src/stm32f4xx_hal_sd.c ****   /* Check the SD handle allocation */
 1412              		.loc 1 474 1 view .LVU463
 1413 0002 10B5     		push	{r4, lr}
 1414              	.LCFI27:
 1415              		.cfi_def_cfa_offset 8
 1416              		.cfi_offset 4, -8
 1417              		.cfi_offset 14, -4
 1418 0004 0446     		mov	r4, r0
 482:Drivers/STM32F4xx_HAL_Driver/Src/stm32f4xx_hal_sd.c **** 
 1419              		.loc 1 482 3 is_stmt 1 view .LVU464
 484:Drivers/STM32F4xx_HAL_Driver/Src/stm32f4xx_hal_sd.c **** 
 1420              		.loc 1 484 3 view .LVU465
 484:Drivers/STM32F4xx_HAL_Driver/Src/stm32f4xx_hal_sd.c **** 
ARM GAS  /tmp/ccnf9wtj.s 			page 90


 1421              		.loc 1 484 14 is_stmt 0 view .LVU466
 1422 0006 0323     		movs	r3, #3
 1423 0008 80F83430 		strb	r3, [r0, #52]
 487:Drivers/STM32F4xx_HAL_Driver/Src/stm32f4xx_hal_sd.c **** 
 1424              		.loc 1 487 3 is_stmt 1 view .LVU467
 1425 000c FFF7FEFF 		bl	SD_PowerOFF
 1426              	.LVL145:
 499:Drivers/STM32F4xx_HAL_Driver/Src/stm32f4xx_hal_sd.c **** #endif /* USE_HAL_SD_REGISTER_CALLBACKS */
 1427              		.loc 1 499 3 view .LVU468
 1428 0010 2046     		mov	r0, r4
 1429 0012 FFF7FEFF 		bl	HAL_SD_MspDeInit
 1430              	.LVL146:
 502:Drivers/STM32F4xx_HAL_Driver/Src/stm32f4xx_hal_sd.c ****   hsd->State = HAL_SD_STATE_RESET;
 1431              		.loc 1 502 3 view .LVU469
 502:Drivers/STM32F4xx_HAL_Driver/Src/stm32f4xx_hal_sd.c ****   hsd->State = HAL_SD_STATE_RESET;
 1432              		.loc 1 502 18 is_stmt 0 view .LVU470
 1433 0016 0020     		movs	r0, #0
 1434 0018 A063     		str	r0, [r4, #56]
 503:Drivers/STM32F4xx_HAL_Driver/Src/stm32f4xx_hal_sd.c **** 
 1435              		.loc 1 503 3 is_stmt 1 view .LVU471
 503:Drivers/STM32F4xx_HAL_Driver/Src/stm32f4xx_hal_sd.c **** 
 1436              		.loc 1 503 14 is_stmt 0 view .LVU472
 1437 001a 84F83400 		strb	r0, [r4, #52]
 505:Drivers/STM32F4xx_HAL_Driver/Src/stm32f4xx_hal_sd.c **** }
 1438              		.loc 1 505 3 is_stmt 1 view .LVU473
 506:Drivers/STM32F4xx_HAL_Driver/Src/stm32f4xx_hal_sd.c **** 
 1439              		.loc 1 506 1 is_stmt 0 view .LVU474
 1440 001e 10BD     		pop	{r4, pc}
 1441              	.LVL147:
 1442              	.L94:
 1443              	.LCFI28:
 1444              		.cfi_def_cfa_offset 0
 1445              		.cfi_restore 4
 1446              		.cfi_restore 14
 478:Drivers/STM32F4xx_HAL_Driver/Src/stm32f4xx_hal_sd.c ****   }
 1447              		.loc 1 478 12 view .LVU475
 1448 0020 0120     		movs	r0, #1
 1449              	.LVL148:
 506:Drivers/STM32F4xx_HAL_Driver/Src/stm32f4xx_hal_sd.c **** 
 1450              		.loc 1 506 1 view .LVU476
 1451 0022 7047     		bx	lr
 1452              		.cfi_endproc
 1453              	.LFE132:
 1455              		.section	.text.HAL_SD_ReadBlocks,"ax",%progbits
 1456              		.align	1
 1457              		.global	HAL_SD_ReadBlocks
 1458              		.syntax unified
 1459              		.thumb
 1460              		.thumb_func
 1462              	HAL_SD_ReadBlocks:
 1463              	.LVL149:
 1464              	.LFB135:
 571:Drivers/STM32F4xx_HAL_Driver/Src/stm32f4xx_hal_sd.c ****   SDIO_DataInitTypeDef config;
 1465              		.loc 1 571 1 is_stmt 1 view -0
 1466              		.cfi_startproc
 1467              		@ args = 4, pretend = 0, frame = 24
 1468              		@ frame_needed = 0, uses_anonymous_args = 0
ARM GAS  /tmp/ccnf9wtj.s 			page 91


 571:Drivers/STM32F4xx_HAL_Driver/Src/stm32f4xx_hal_sd.c ****   SDIO_DataInitTypeDef config;
 1469              		.loc 1 571 1 is_stmt 0 view .LVU478
 1470 0000 2DE9F04F 		push	{r4, r5, r6, r7, r8, r9, r10, fp, lr}
 1471              	.LCFI29:
 1472              		.cfi_def_cfa_offset 36
 1473              		.cfi_offset 4, -36
 1474              		.cfi_offset 5, -32
 1475              		.cfi_offset 6, -28
 1476              		.cfi_offset 7, -24
 1477              		.cfi_offset 8, -20
 1478              		.cfi_offset 9, -16
 1479              		.cfi_offset 10, -12
 1480              		.cfi_offset 11, -8
 1481              		.cfi_offset 14, -4
 1482 0004 87B0     		sub	sp, sp, #28
 1483              	.LCFI30:
 1484              		.cfi_def_cfa_offset 64
 1485 0006 0546     		mov	r5, r0
 1486 0008 0C46     		mov	r4, r1
 1487 000a 1646     		mov	r6, r2
 1488 000c 9A46     		mov	r10, r3
 1489 000e DDF84090 		ldr	r9, [sp, #64]
 572:Drivers/STM32F4xx_HAL_Driver/Src/stm32f4xx_hal_sd.c ****   uint32_t errorstate;
 1490              		.loc 1 572 3 is_stmt 1 view .LVU479
 573:Drivers/STM32F4xx_HAL_Driver/Src/stm32f4xx_hal_sd.c ****   uint32_t tickstart = HAL_GetTick();
 1491              		.loc 1 573 3 view .LVU480
 574:Drivers/STM32F4xx_HAL_Driver/Src/stm32f4xx_hal_sd.c ****   uint32_t count, data, dataremaining;
 1492              		.loc 1 574 3 view .LVU481
 574:Drivers/STM32F4xx_HAL_Driver/Src/stm32f4xx_hal_sd.c ****   uint32_t count, data, dataremaining;
 1493              		.loc 1 574 24 is_stmt 0 view .LVU482
 1494 0012 FFF7FEFF 		bl	HAL_GetTick
 1495              	.LVL150:
 575:Drivers/STM32F4xx_HAL_Driver/Src/stm32f4xx_hal_sd.c ****   uint32_t add = BlockAdd;
 1496              		.loc 1 575 3 is_stmt 1 view .LVU483
 576:Drivers/STM32F4xx_HAL_Driver/Src/stm32f4xx_hal_sd.c ****   uint8_t *tempbuff = pData;
 1497              		.loc 1 576 3 view .LVU484
 577:Drivers/STM32F4xx_HAL_Driver/Src/stm32f4xx_hal_sd.c **** 
 1498              		.loc 1 577 3 view .LVU485
 579:Drivers/STM32F4xx_HAL_Driver/Src/stm32f4xx_hal_sd.c ****   {
 1499              		.loc 1 579 3 view .LVU486
 579:Drivers/STM32F4xx_HAL_Driver/Src/stm32f4xx_hal_sd.c ****   {
 1500              		.loc 1 579 5 is_stmt 0 view .LVU487
 1501 0016 002C     		cmp	r4, #0
 1502 0018 36D0     		beq	.L122
 1503 001a 8046     		mov	r8, r0
 585:Drivers/STM32F4xx_HAL_Driver/Src/stm32f4xx_hal_sd.c ****   {
 1504              		.loc 1 585 3 is_stmt 1 view .LVU488
 585:Drivers/STM32F4xx_HAL_Driver/Src/stm32f4xx_hal_sd.c ****   {
 1505              		.loc 1 585 9 is_stmt 0 view .LVU489
 1506 001c 95F83430 		ldrb	r3, [r5, #52]	@ zero_extendqisi2
 1507 0020 5FFA83FB 		uxtb	fp, r3
 585:Drivers/STM32F4xx_HAL_Driver/Src/stm32f4xx_hal_sd.c ****   {
 1508              		.loc 1 585 5 view .LVU490
 1509 0024 012B     		cmp	r3, #1
 1510 0026 40F00381 		bne	.L102
 587:Drivers/STM32F4xx_HAL_Driver/Src/stm32f4xx_hal_sd.c **** 
 1511              		.loc 1 587 5 is_stmt 1 view .LVU491
ARM GAS  /tmp/ccnf9wtj.s 			page 92


 587:Drivers/STM32F4xx_HAL_Driver/Src/stm32f4xx_hal_sd.c **** 
 1512              		.loc 1 587 20 is_stmt 0 view .LVU492
 1513 002a 0023     		movs	r3, #0
 1514 002c AB63     		str	r3, [r5, #56]
 589:Drivers/STM32F4xx_HAL_Driver/Src/stm32f4xx_hal_sd.c ****     {
 1515              		.loc 1 589 5 is_stmt 1 view .LVU493
 589:Drivers/STM32F4xx_HAL_Driver/Src/stm32f4xx_hal_sd.c ****     {
 1516              		.loc 1 589 13 is_stmt 0 view .LVU494
 1517 002e 06EB0A03 		add	r3, r6, r10
 589:Drivers/STM32F4xx_HAL_Driver/Src/stm32f4xx_hal_sd.c ****     {
 1518              		.loc 1 589 45 view .LVU495
 1519 0032 EA6D     		ldr	r2, [r5, #92]
 589:Drivers/STM32F4xx_HAL_Driver/Src/stm32f4xx_hal_sd.c ****     {
 1520              		.loc 1 589 7 view .LVU496
 1521 0034 9342     		cmp	r3, r2
 1522 0036 2ED8     		bhi	.L123
 595:Drivers/STM32F4xx_HAL_Driver/Src/stm32f4xx_hal_sd.c **** 
 1523              		.loc 1 595 5 is_stmt 1 view .LVU497
 595:Drivers/STM32F4xx_HAL_Driver/Src/stm32f4xx_hal_sd.c **** 
 1524              		.loc 1 595 16 is_stmt 0 view .LVU498
 1525 0038 0323     		movs	r3, #3
 1526 003a 85F83430 		strb	r3, [r5, #52]
 598:Drivers/STM32F4xx_HAL_Driver/Src/stm32f4xx_hal_sd.c **** 
 1527              		.loc 1 598 5 is_stmt 1 view .LVU499
 598:Drivers/STM32F4xx_HAL_Driver/Src/stm32f4xx_hal_sd.c **** 
 1528              		.loc 1 598 8 is_stmt 0 view .LVU500
 1529 003e 2B68     		ldr	r3, [r5]
 598:Drivers/STM32F4xx_HAL_Driver/Src/stm32f4xx_hal_sd.c **** 
 1530              		.loc 1 598 26 view .LVU501
 1531 0040 0022     		movs	r2, #0
 1532 0042 DA62     		str	r2, [r3, #44]
 600:Drivers/STM32F4xx_HAL_Driver/Src/stm32f4xx_hal_sd.c ****     {
 1533              		.loc 1 600 5 is_stmt 1 view .LVU502
 600:Drivers/STM32F4xx_HAL_Driver/Src/stm32f4xx_hal_sd.c ****     {
 1534              		.loc 1 600 19 is_stmt 0 view .LVU503
 1535 0044 6B6C     		ldr	r3, [r5, #68]
 600:Drivers/STM32F4xx_HAL_Driver/Src/stm32f4xx_hal_sd.c ****     {
 1536              		.loc 1 600 7 view .LVU504
 1537 0046 012B     		cmp	r3, #1
 1538 0048 00D0     		beq	.L104
 602:Drivers/STM32F4xx_HAL_Driver/Src/stm32f4xx_hal_sd.c ****     }
 1539              		.loc 1 602 7 is_stmt 1 view .LVU505
 602:Drivers/STM32F4xx_HAL_Driver/Src/stm32f4xx_hal_sd.c ****     }
 1540              		.loc 1 602 11 is_stmt 0 view .LVU506
 1541 004a 7602     		lsls	r6, r6, #9
 1542              	.LVL151:
 1543              	.L104:
 606:Drivers/STM32F4xx_HAL_Driver/Src/stm32f4xx_hal_sd.c ****     config.DataLength    = NumberOfBlocks * BLOCKSIZE;
 1544              		.loc 1 606 5 is_stmt 1 view .LVU507
 606:Drivers/STM32F4xx_HAL_Driver/Src/stm32f4xx_hal_sd.c ****     config.DataLength    = NumberOfBlocks * BLOCKSIZE;
 1545              		.loc 1 606 26 is_stmt 0 view .LVU508
 1546 004c 4FF0FF33 		mov	r3, #-1
 1547 0050 0093     		str	r3, [sp]
 607:Drivers/STM32F4xx_HAL_Driver/Src/stm32f4xx_hal_sd.c ****     config.DataBlockSize = SDIO_DATABLOCK_SIZE_512B;
 1548              		.loc 1 607 5 is_stmt 1 view .LVU509
 607:Drivers/STM32F4xx_HAL_Driver/Src/stm32f4xx_hal_sd.c ****     config.DataBlockSize = SDIO_DATABLOCK_SIZE_512B;
 1549              		.loc 1 607 43 is_stmt 0 view .LVU510
ARM GAS  /tmp/ccnf9wtj.s 			page 93


 1550 0052 4FEA4A23 		lsl	r3, r10, #9
 607:Drivers/STM32F4xx_HAL_Driver/Src/stm32f4xx_hal_sd.c ****     config.DataBlockSize = SDIO_DATABLOCK_SIZE_512B;
 1551              		.loc 1 607 26 view .LVU511
 1552 0056 0193     		str	r3, [sp, #4]
 608:Drivers/STM32F4xx_HAL_Driver/Src/stm32f4xx_hal_sd.c ****     config.TransferDir   = SDIO_TRANSFER_DIR_TO_SDIO;
 1553              		.loc 1 608 5 is_stmt 1 view .LVU512
 608:Drivers/STM32F4xx_HAL_Driver/Src/stm32f4xx_hal_sd.c ****     config.TransferDir   = SDIO_TRANSFER_DIR_TO_SDIO;
 1554              		.loc 1 608 26 is_stmt 0 view .LVU513
 1555 0058 9023     		movs	r3, #144
 1556 005a 0293     		str	r3, [sp, #8]
 609:Drivers/STM32F4xx_HAL_Driver/Src/stm32f4xx_hal_sd.c ****     config.TransferMode  = SDIO_TRANSFER_MODE_BLOCK;
 1557              		.loc 1 609 5 is_stmt 1 view .LVU514
 609:Drivers/STM32F4xx_HAL_Driver/Src/stm32f4xx_hal_sd.c ****     config.TransferMode  = SDIO_TRANSFER_MODE_BLOCK;
 1558              		.loc 1 609 26 is_stmt 0 view .LVU515
 1559 005c 0223     		movs	r3, #2
 1560 005e 0393     		str	r3, [sp, #12]
 610:Drivers/STM32F4xx_HAL_Driver/Src/stm32f4xx_hal_sd.c ****     config.DPSM          = SDIO_DPSM_ENABLE;
 1561              		.loc 1 610 5 is_stmt 1 view .LVU516
 610:Drivers/STM32F4xx_HAL_Driver/Src/stm32f4xx_hal_sd.c ****     config.DPSM          = SDIO_DPSM_ENABLE;
 1562              		.loc 1 610 26 is_stmt 0 view .LVU517
 1563 0060 0023     		movs	r3, #0
 1564 0062 0493     		str	r3, [sp, #16]
 611:Drivers/STM32F4xx_HAL_Driver/Src/stm32f4xx_hal_sd.c ****     (void)SDIO_ConfigData(hsd->Instance, &config);
 1565              		.loc 1 611 5 is_stmt 1 view .LVU518
 611:Drivers/STM32F4xx_HAL_Driver/Src/stm32f4xx_hal_sd.c ****     (void)SDIO_ConfigData(hsd->Instance, &config);
 1566              		.loc 1 611 26 is_stmt 0 view .LVU519
 1567 0064 0123     		movs	r3, #1
 1568 0066 0593     		str	r3, [sp, #20]
 612:Drivers/STM32F4xx_HAL_Driver/Src/stm32f4xx_hal_sd.c **** 
 1569              		.loc 1 612 5 is_stmt 1 view .LVU520
 612:Drivers/STM32F4xx_HAL_Driver/Src/stm32f4xx_hal_sd.c **** 
 1570              		.loc 1 612 11 is_stmt 0 view .LVU521
 1571 0068 6946     		mov	r1, sp
 1572 006a 2868     		ldr	r0, [r5]
 1573              	.LVL152:
 612:Drivers/STM32F4xx_HAL_Driver/Src/stm32f4xx_hal_sd.c **** 
 1574              		.loc 1 612 11 view .LVU522
 1575 006c FFF7FEFF 		bl	SDIO_ConfigData
 1576              	.LVL153:
 615:Drivers/STM32F4xx_HAL_Driver/Src/stm32f4xx_hal_sd.c ****     {
 1577              		.loc 1 615 5 is_stmt 1 view .LVU523
 615:Drivers/STM32F4xx_HAL_Driver/Src/stm32f4xx_hal_sd.c ****     {
 1578              		.loc 1 615 7 is_stmt 0 view .LVU524
 1579 0070 BAF1010F 		cmp	r10, #1
 1580 0074 14D9     		bls	.L105
 617:Drivers/STM32F4xx_HAL_Driver/Src/stm32f4xx_hal_sd.c **** 
 1581              		.loc 1 617 7 is_stmt 1 view .LVU525
 617:Drivers/STM32F4xx_HAL_Driver/Src/stm32f4xx_hal_sd.c **** 
 1582              		.loc 1 617 20 is_stmt 0 view .LVU526
 1583 0076 0223     		movs	r3, #2
 1584 0078 2B63     		str	r3, [r5, #48]
 620:Drivers/STM32F4xx_HAL_Driver/Src/stm32f4xx_hal_sd.c ****     }
 1585              		.loc 1 620 7 is_stmt 1 view .LVU527
 620:Drivers/STM32F4xx_HAL_Driver/Src/stm32f4xx_hal_sd.c ****     }
 1586              		.loc 1 620 20 is_stmt 0 view .LVU528
 1587 007a 3146     		mov	r1, r6
 1588 007c 2868     		ldr	r0, [r5]
ARM GAS  /tmp/ccnf9wtj.s 			page 94


 1589 007e FFF7FEFF 		bl	SDMMC_CmdReadMultiBlock
 1590              	.LVL154:
 1591              	.L106:
 629:Drivers/STM32F4xx_HAL_Driver/Src/stm32f4xx_hal_sd.c ****     {
 1592              		.loc 1 629 5 is_stmt 1 view .LVU529
 629:Drivers/STM32F4xx_HAL_Driver/Src/stm32f4xx_hal_sd.c ****     {
 1593              		.loc 1 629 7 is_stmt 0 view .LVU530
 1594 0082 A0B9     		cbnz	r0, .L124
 640:Drivers/STM32F4xx_HAL_Driver/Src/stm32f4xx_hal_sd.c **** #if defined(SDIO_STA_STBITERR)
 1595              		.loc 1 640 5 is_stmt 1 view .LVU531
 640:Drivers/STM32F4xx_HAL_Driver/Src/stm32f4xx_hal_sd.c **** #if defined(SDIO_STA_STBITERR)
 1596              		.loc 1 640 19 is_stmt 0 view .LVU532
 1597 0084 019F     		ldr	r7, [sp, #4]
 1598              	.LVL155:
 642:Drivers/STM32F4xx_HAL_Driver/Src/stm32f4xx_hal_sd.c **** #else /* SDIO_STA_STBITERR not defined */
 1599              		.loc 1 642 5 is_stmt 1 view .LVU533
 642:Drivers/STM32F4xx_HAL_Driver/Src/stm32f4xx_hal_sd.c **** #else /* SDIO_STA_STBITERR not defined */
 1600              		.loc 1 642 10 is_stmt 0 view .LVU534
 1601 0086 27E0     		b	.L108
 1602              	.LVL156:
 1603              	.L122:
 581:Drivers/STM32F4xx_HAL_Driver/Src/stm32f4xx_hal_sd.c ****     return HAL_ERROR;
 1604              		.loc 1 581 5 is_stmt 1 view .LVU535
 581:Drivers/STM32F4xx_HAL_Driver/Src/stm32f4xx_hal_sd.c ****     return HAL_ERROR;
 1605              		.loc 1 581 8 is_stmt 0 view .LVU536
 1606 0088 AB6B     		ldr	r3, [r5, #56]
 581:Drivers/STM32F4xx_HAL_Driver/Src/stm32f4xx_hal_sd.c ****     return HAL_ERROR;
 1607              		.loc 1 581 20 view .LVU537
 1608 008a 43F00063 		orr	r3, r3, #134217728
 1609 008e AB63     		str	r3, [r5, #56]
 582:Drivers/STM32F4xx_HAL_Driver/Src/stm32f4xx_hal_sd.c ****   }
 1610              		.loc 1 582 5 is_stmt 1 view .LVU538
 582:Drivers/STM32F4xx_HAL_Driver/Src/stm32f4xx_hal_sd.c ****   }
 1611              		.loc 1 582 12 is_stmt 0 view .LVU539
 1612 0090 4FF0010B 		mov	fp, #1
 1613 0094 D2E0     		b	.L101
 1614              	.L123:
 591:Drivers/STM32F4xx_HAL_Driver/Src/stm32f4xx_hal_sd.c ****       return HAL_ERROR;
 1615              		.loc 1 591 7 is_stmt 1 view .LVU540
 591:Drivers/STM32F4xx_HAL_Driver/Src/stm32f4xx_hal_sd.c ****       return HAL_ERROR;
 1616              		.loc 1 591 10 is_stmt 0 view .LVU541
 1617 0096 AB6B     		ldr	r3, [r5, #56]
 591:Drivers/STM32F4xx_HAL_Driver/Src/stm32f4xx_hal_sd.c ****       return HAL_ERROR;
 1618              		.loc 1 591 22 view .LVU542
 1619 0098 43F00073 		orr	r3, r3, #33554432
 1620 009c AB63     		str	r3, [r5, #56]
 592:Drivers/STM32F4xx_HAL_Driver/Src/stm32f4xx_hal_sd.c ****     }
 1621              		.loc 1 592 7 is_stmt 1 view .LVU543
 592:Drivers/STM32F4xx_HAL_Driver/Src/stm32f4xx_hal_sd.c ****     }
 1622              		.loc 1 592 14 is_stmt 0 view .LVU544
 1623 009e CDE0     		b	.L101
 1624              	.LVL157:
 1625              	.L105:
 624:Drivers/STM32F4xx_HAL_Driver/Src/stm32f4xx_hal_sd.c **** 
 1626              		.loc 1 624 7 is_stmt 1 view .LVU545
 624:Drivers/STM32F4xx_HAL_Driver/Src/stm32f4xx_hal_sd.c **** 
 1627              		.loc 1 624 20 is_stmt 0 view .LVU546
ARM GAS  /tmp/ccnf9wtj.s 			page 95


 1628 00a0 0123     		movs	r3, #1
 1629 00a2 2B63     		str	r3, [r5, #48]
 627:Drivers/STM32F4xx_HAL_Driver/Src/stm32f4xx_hal_sd.c ****     }
 1630              		.loc 1 627 7 is_stmt 1 view .LVU547
 627:Drivers/STM32F4xx_HAL_Driver/Src/stm32f4xx_hal_sd.c ****     }
 1631              		.loc 1 627 20 is_stmt 0 view .LVU548
 1632 00a4 3146     		mov	r1, r6
 1633 00a6 2868     		ldr	r0, [r5]
 1634 00a8 FFF7FEFF 		bl	SDMMC_CmdReadSingleBlock
 1635              	.LVL158:
 1636 00ac E9E7     		b	.L106
 1637              	.LVL159:
 1638              	.L124:
 632:Drivers/STM32F4xx_HAL_Driver/Src/stm32f4xx_hal_sd.c ****       hsd->ErrorCode |= errorstate;
 1639              		.loc 1 632 7 is_stmt 1 view .LVU549
 1640 00ae 2B68     		ldr	r3, [r5]
 1641 00b0 644A     		ldr	r2, .L130
 1642 00b2 9A63     		str	r2, [r3, #56]
 633:Drivers/STM32F4xx_HAL_Driver/Src/stm32f4xx_hal_sd.c ****       hsd->State = HAL_SD_STATE_READY;
 1643              		.loc 1 633 7 view .LVU550
 633:Drivers/STM32F4xx_HAL_Driver/Src/stm32f4xx_hal_sd.c ****       hsd->State = HAL_SD_STATE_READY;
 1644              		.loc 1 633 10 is_stmt 0 view .LVU551
 1645 00b4 AB6B     		ldr	r3, [r5, #56]
 633:Drivers/STM32F4xx_HAL_Driver/Src/stm32f4xx_hal_sd.c ****       hsd->State = HAL_SD_STATE_READY;
 1646              		.loc 1 633 22 view .LVU552
 1647 00b6 0343     		orrs	r3, r3, r0
 1648 00b8 AB63     		str	r3, [r5, #56]
 634:Drivers/STM32F4xx_HAL_Driver/Src/stm32f4xx_hal_sd.c ****       hsd->Context = SD_CONTEXT_NONE;
 1649              		.loc 1 634 7 is_stmt 1 view .LVU553
 634:Drivers/STM32F4xx_HAL_Driver/Src/stm32f4xx_hal_sd.c ****       hsd->Context = SD_CONTEXT_NONE;
 1650              		.loc 1 634 18 is_stmt 0 view .LVU554
 1651 00ba 0123     		movs	r3, #1
 1652 00bc 85F83430 		strb	r3, [r5, #52]
 635:Drivers/STM32F4xx_HAL_Driver/Src/stm32f4xx_hal_sd.c ****       return HAL_ERROR;
 1653              		.loc 1 635 7 is_stmt 1 view .LVU555
 635:Drivers/STM32F4xx_HAL_Driver/Src/stm32f4xx_hal_sd.c ****       return HAL_ERROR;
 1654              		.loc 1 635 20 is_stmt 0 view .LVU556
 1655 00c0 0023     		movs	r3, #0
 1656 00c2 2B63     		str	r3, [r5, #48]
 636:Drivers/STM32F4xx_HAL_Driver/Src/stm32f4xx_hal_sd.c ****     }
 1657              		.loc 1 636 7 is_stmt 1 view .LVU557
 636:Drivers/STM32F4xx_HAL_Driver/Src/stm32f4xx_hal_sd.c ****     }
 1658              		.loc 1 636 14 is_stmt 0 view .LVU558
 1659 00c4 BAE0     		b	.L101
 1660              	.LVL160:
 1661              	.L109:
 668:Drivers/STM32F4xx_HAL_Driver/Src/stm32f4xx_hal_sd.c ****       {
 1662              		.loc 1 668 7 is_stmt 1 view .LVU559
 668:Drivers/STM32F4xx_HAL_Driver/Src/stm32f4xx_hal_sd.c ****       {
 1663              		.loc 1 668 12 is_stmt 0 view .LVU560
 1664 00c6 FFF7FEFF 		bl	HAL_GetTick
 1665              	.LVL161:
 668:Drivers/STM32F4xx_HAL_Driver/Src/stm32f4xx_hal_sd.c ****       {
 1666              		.loc 1 668 25 discriminator 1 view .LVU561
 1667 00ca A0EB0800 		sub	r0, r0, r8
 668:Drivers/STM32F4xx_HAL_Driver/Src/stm32f4xx_hal_sd.c ****       {
 1668              		.loc 1 668 9 discriminator 1 view .LVU562
ARM GAS  /tmp/ccnf9wtj.s 			page 96


 1669 00ce 4845     		cmp	r0, r9
 1670 00d0 20D2     		bcs	.L112
 668:Drivers/STM32F4xx_HAL_Driver/Src/stm32f4xx_hal_sd.c ****       {
 1671              		.loc 1 668 50 discriminator 1 view .LVU563
 1672 00d2 B9F1000F 		cmp	r9, #0
 1673 00d6 1DD0     		beq	.L112
 1674              	.L108:
 642:Drivers/STM32F4xx_HAL_Driver/Src/stm32f4xx_hal_sd.c **** #else /* SDIO_STA_STBITERR not defined */
 1675              		.loc 1 642 11 is_stmt 1 view .LVU564
 642:Drivers/STM32F4xx_HAL_Driver/Src/stm32f4xx_hal_sd.c **** #else /* SDIO_STA_STBITERR not defined */
 1676              		.loc 1 642 12 is_stmt 0 view .LVU565
 1677 00d8 2868     		ldr	r0, [r5]
 1678 00da 466B     		ldr	r6, [r0, #52]
 1679 00dc 40F22A33 		movw	r3, #810
 642:Drivers/STM32F4xx_HAL_Driver/Src/stm32f4xx_hal_sd.c **** #else /* SDIO_STA_STBITERR not defined */
 1680              		.loc 1 642 11 view .LVU566
 1681 00e0 1E40     		ands	r6, r6, r3
 1682 00e2 26D1     		bne	.L125
 647:Drivers/STM32F4xx_HAL_Driver/Src/stm32f4xx_hal_sd.c ****       {
 1683              		.loc 1 647 7 is_stmt 1 view .LVU567
 647:Drivers/STM32F4xx_HAL_Driver/Src/stm32f4xx_hal_sd.c ****       {
 1684              		.loc 1 647 10 is_stmt 0 view .LVU568
 1685 00e4 436B     		ldr	r3, [r0, #52]
 647:Drivers/STM32F4xx_HAL_Driver/Src/stm32f4xx_hal_sd.c ****       {
 1686              		.loc 1 647 9 view .LVU569
 1687 00e6 13F4004F 		tst	r3, #32768
 1688 00ea ECD0     		beq	.L109
 647:Drivers/STM32F4xx_HAL_Driver/Src/stm32f4xx_hal_sd.c ****       {
 1689              		.loc 1 647 53 discriminator 1 view .LVU570
 1690 00ec 002F     		cmp	r7, #0
 1691 00ee EAD0     		beq	.L109
 1692              	.L110:
 1693              	.LVL162:
 650:Drivers/STM32F4xx_HAL_Driver/Src/stm32f4xx_hal_sd.c ****         {
 1694              		.loc 1 650 31 is_stmt 1 discriminator 1 view .LVU571
 1695 00f0 072E     		cmp	r6, #7
 1696 00f2 E8D8     		bhi	.L109
 652:Drivers/STM32F4xx_HAL_Driver/Src/stm32f4xx_hal_sd.c ****           *tempbuff = (uint8_t)(data & 0xFFU);
 1697              		.loc 1 652 11 view .LVU572
 652:Drivers/STM32F4xx_HAL_Driver/Src/stm32f4xx_hal_sd.c ****           *tempbuff = (uint8_t)(data & 0xFFU);
 1698              		.loc 1 652 18 is_stmt 0 view .LVU573
 1699 00f4 2868     		ldr	r0, [r5]
 1700 00f6 FFF7FEFF 		bl	SDIO_ReadFIFO
 1701              	.LVL163:
 653:Drivers/STM32F4xx_HAL_Driver/Src/stm32f4xx_hal_sd.c ****           tempbuff++;
 1702              		.loc 1 653 11 is_stmt 1 view .LVU574
 653:Drivers/STM32F4xx_HAL_Driver/Src/stm32f4xx_hal_sd.c ****           tempbuff++;
 1703              		.loc 1 653 21 is_stmt 0 view .LVU575
 1704 00fa 2070     		strb	r0, [r4]
 654:Drivers/STM32F4xx_HAL_Driver/Src/stm32f4xx_hal_sd.c ****           dataremaining--;
 1705              		.loc 1 654 11 is_stmt 1 view .LVU576
 1706              	.LVL164:
 655:Drivers/STM32F4xx_HAL_Driver/Src/stm32f4xx_hal_sd.c ****           *tempbuff = (uint8_t)((data >> 8U) & 0xFFU);
 1707              		.loc 1 655 11 view .LVU577
 656:Drivers/STM32F4xx_HAL_Driver/Src/stm32f4xx_hal_sd.c ****           tempbuff++;
 1708              		.loc 1 656 11 view .LVU578
 656:Drivers/STM32F4xx_HAL_Driver/Src/stm32f4xx_hal_sd.c ****           tempbuff++;
ARM GAS  /tmp/ccnf9wtj.s 			page 97


 1709              		.loc 1 656 23 is_stmt 0 view .LVU579
 1710 00fc C0F30723 		ubfx	r3, r0, #8, #8
 656:Drivers/STM32F4xx_HAL_Driver/Src/stm32f4xx_hal_sd.c ****           tempbuff++;
 1711              		.loc 1 656 21 view .LVU580
 1712 0100 6370     		strb	r3, [r4, #1]
 657:Drivers/STM32F4xx_HAL_Driver/Src/stm32f4xx_hal_sd.c ****           dataremaining--;
 1713              		.loc 1 657 11 is_stmt 1 view .LVU581
 1714              	.LVL165:
 658:Drivers/STM32F4xx_HAL_Driver/Src/stm32f4xx_hal_sd.c ****           *tempbuff = (uint8_t)((data >> 16U) & 0xFFU);
 1715              		.loc 1 658 11 view .LVU582
 659:Drivers/STM32F4xx_HAL_Driver/Src/stm32f4xx_hal_sd.c ****           tempbuff++;
 1716              		.loc 1 659 11 view .LVU583
 659:Drivers/STM32F4xx_HAL_Driver/Src/stm32f4xx_hal_sd.c ****           tempbuff++;
 1717              		.loc 1 659 23 is_stmt 0 view .LVU584
 1718 0102 C0F30743 		ubfx	r3, r0, #16, #8
 659:Drivers/STM32F4xx_HAL_Driver/Src/stm32f4xx_hal_sd.c ****           tempbuff++;
 1719              		.loc 1 659 21 view .LVU585
 1720 0106 A370     		strb	r3, [r4, #2]
 660:Drivers/STM32F4xx_HAL_Driver/Src/stm32f4xx_hal_sd.c ****           dataremaining--;
 1721              		.loc 1 660 11 is_stmt 1 view .LVU586
 1722              	.LVL166:
 661:Drivers/STM32F4xx_HAL_Driver/Src/stm32f4xx_hal_sd.c ****           *tempbuff = (uint8_t)((data >> 24U) & 0xFFU);
 1723              		.loc 1 661 11 view .LVU587
 662:Drivers/STM32F4xx_HAL_Driver/Src/stm32f4xx_hal_sd.c ****           tempbuff++;
 1724              		.loc 1 662 11 view .LVU588
 662:Drivers/STM32F4xx_HAL_Driver/Src/stm32f4xx_hal_sd.c ****           tempbuff++;
 1725              		.loc 1 662 23 is_stmt 0 view .LVU589
 1726 0108 000E     		lsrs	r0, r0, #24
 1727              	.LVL167:
 662:Drivers/STM32F4xx_HAL_Driver/Src/stm32f4xx_hal_sd.c ****           tempbuff++;
 1728              		.loc 1 662 21 view .LVU590
 1729 010a E070     		strb	r0, [r4, #3]
 663:Drivers/STM32F4xx_HAL_Driver/Src/stm32f4xx_hal_sd.c ****           dataremaining--;
 1730              		.loc 1 663 11 is_stmt 1 view .LVU591
 663:Drivers/STM32F4xx_HAL_Driver/Src/stm32f4xx_hal_sd.c ****           dataremaining--;
 1731              		.loc 1 663 19 is_stmt 0 view .LVU592
 1732 010c 0434     		adds	r4, r4, #4
 1733              	.LVL168:
 664:Drivers/STM32F4xx_HAL_Driver/Src/stm32f4xx_hal_sd.c ****         }
 1734              		.loc 1 664 11 is_stmt 1 view .LVU593
 664:Drivers/STM32F4xx_HAL_Driver/Src/stm32f4xx_hal_sd.c ****         }
 1735              		.loc 1 664 24 is_stmt 0 view .LVU594
 1736 010e 043F     		subs	r7, r7, #4
 1737              	.LVL169:
 650:Drivers/STM32F4xx_HAL_Driver/Src/stm32f4xx_hal_sd.c ****         {
 1738              		.loc 1 650 42 is_stmt 1 discriminator 3 view .LVU595
 1739 0110 0136     		adds	r6, r6, #1
 1740              	.LVL170:
 650:Drivers/STM32F4xx_HAL_Driver/Src/stm32f4xx_hal_sd.c ****         {
 1741              		.loc 1 650 42 is_stmt 0 discriminator 3 view .LVU596
 1742 0112 EDE7     		b	.L110
 1743              	.LVL171:
 1744              	.L112:
 671:Drivers/STM32F4xx_HAL_Driver/Src/stm32f4xx_hal_sd.c ****         hsd->ErrorCode |= HAL_SD_ERROR_TIMEOUT;
 1745              		.loc 1 671 9 is_stmt 1 view .LVU597
 1746 0114 2B68     		ldr	r3, [r5]
 1747 0116 4B4A     		ldr	r2, .L130
ARM GAS  /tmp/ccnf9wtj.s 			page 98


 1748 0118 9A63     		str	r2, [r3, #56]
 672:Drivers/STM32F4xx_HAL_Driver/Src/stm32f4xx_hal_sd.c ****         hsd->State= HAL_SD_STATE_READY;
 1749              		.loc 1 672 9 view .LVU598
 672:Drivers/STM32F4xx_HAL_Driver/Src/stm32f4xx_hal_sd.c ****         hsd->State= HAL_SD_STATE_READY;
 1750              		.loc 1 672 12 is_stmt 0 view .LVU599
 1751 011a AB6B     		ldr	r3, [r5, #56]
 672:Drivers/STM32F4xx_HAL_Driver/Src/stm32f4xx_hal_sd.c ****         hsd->State= HAL_SD_STATE_READY;
 1752              		.loc 1 672 24 view .LVU600
 1753 011c 43F00043 		orr	r3, r3, #-2147483648
 1754 0120 AB63     		str	r3, [r5, #56]
 673:Drivers/STM32F4xx_HAL_Driver/Src/stm32f4xx_hal_sd.c ****         hsd->Context = SD_CONTEXT_NONE;
 1755              		.loc 1 673 9 is_stmt 1 view .LVU601
 673:Drivers/STM32F4xx_HAL_Driver/Src/stm32f4xx_hal_sd.c ****         hsd->Context = SD_CONTEXT_NONE;
 1756              		.loc 1 673 19 is_stmt 0 view .LVU602
 1757 0122 0123     		movs	r3, #1
 1758 0124 85F83430 		strb	r3, [r5, #52]
 674:Drivers/STM32F4xx_HAL_Driver/Src/stm32f4xx_hal_sd.c ****         return HAL_TIMEOUT;
 1759              		.loc 1 674 9 is_stmt 1 view .LVU603
 674:Drivers/STM32F4xx_HAL_Driver/Src/stm32f4xx_hal_sd.c ****         return HAL_TIMEOUT;
 1760              		.loc 1 674 22 is_stmt 0 view .LVU604
 1761 0128 0023     		movs	r3, #0
 1762 012a 2B63     		str	r3, [r5, #48]
 675:Drivers/STM32F4xx_HAL_Driver/Src/stm32f4xx_hal_sd.c ****       }
 1763              		.loc 1 675 9 is_stmt 1 view .LVU605
 675:Drivers/STM32F4xx_HAL_Driver/Src/stm32f4xx_hal_sd.c ****       }
 1764              		.loc 1 675 16 is_stmt 0 view .LVU606
 1765 012c 4FF0030B 		mov	fp, #3
 1766 0130 84E0     		b	.L101
 1767              	.L125:
 680:Drivers/STM32F4xx_HAL_Driver/Src/stm32f4xx_hal_sd.c ****     {
 1768              		.loc 1 680 5 is_stmt 1 view .LVU607
 680:Drivers/STM32F4xx_HAL_Driver/Src/stm32f4xx_hal_sd.c ****     {
 1769              		.loc 1 680 8 is_stmt 0 view .LVU608
 1770 0132 436B     		ldr	r3, [r0, #52]
 680:Drivers/STM32F4xx_HAL_Driver/Src/stm32f4xx_hal_sd.c ****     {
 1771              		.loc 1 680 7 view .LVU609
 1772 0134 13F4807F 		tst	r3, #256
 1773 0138 05D0     		beq	.L114
 680:Drivers/STM32F4xx_HAL_Driver/Src/stm32f4xx_hal_sd.c ****     {
 1774              		.loc 1 680 50 discriminator 1 view .LVU610
 1775 013a BAF1010F 		cmp	r10, #1
 1776 013e 02D9     		bls	.L114
 682:Drivers/STM32F4xx_HAL_Driver/Src/stm32f4xx_hal_sd.c ****       {
 1777              		.loc 1 682 7 is_stmt 1 view .LVU611
 682:Drivers/STM32F4xx_HAL_Driver/Src/stm32f4xx_hal_sd.c ****       {
 1778              		.loc 1 682 21 is_stmt 0 view .LVU612
 1779 0140 6B6C     		ldr	r3, [r5, #68]
 682:Drivers/STM32F4xx_HAL_Driver/Src/stm32f4xx_hal_sd.c ****       {
 1780              		.loc 1 682 9 view .LVU613
 1781 0142 032B     		cmp	r3, #3
 1782 0144 36D1     		bne	.L126
 1783              	.LVL172:
 1784              	.L114:
 699:Drivers/STM32F4xx_HAL_Driver/Src/stm32f4xx_hal_sd.c ****     {
 1785              		.loc 1 699 5 is_stmt 1 view .LVU614
 699:Drivers/STM32F4xx_HAL_Driver/Src/stm32f4xx_hal_sd.c ****     {
 1786              		.loc 1 699 8 is_stmt 0 view .LVU615
ARM GAS  /tmp/ccnf9wtj.s 			page 99


 1787 0146 2B68     		ldr	r3, [r5]
 1788 0148 5A6B     		ldr	r2, [r3, #52]
 699:Drivers/STM32F4xx_HAL_Driver/Src/stm32f4xx_hal_sd.c ****     {
 1789              		.loc 1 699 7 view .LVU616
 1790 014a 12F0080F 		tst	r2, #8
 1791 014e 42D1     		bne	.L127
 708:Drivers/STM32F4xx_HAL_Driver/Src/stm32f4xx_hal_sd.c ****     {
 1792              		.loc 1 708 10 is_stmt 1 view .LVU617
 708:Drivers/STM32F4xx_HAL_Driver/Src/stm32f4xx_hal_sd.c ****     {
 1793              		.loc 1 708 13 is_stmt 0 view .LVU618
 1794 0150 5A6B     		ldr	r2, [r3, #52]
 708:Drivers/STM32F4xx_HAL_Driver/Src/stm32f4xx_hal_sd.c ****     {
 1795              		.loc 1 708 12 view .LVU619
 1796 0152 12F0020F 		tst	r2, #2
 1797 0156 4AD1     		bne	.L128
 717:Drivers/STM32F4xx_HAL_Driver/Src/stm32f4xx_hal_sd.c ****     {
 1798              		.loc 1 717 10 is_stmt 1 view .LVU620
 717:Drivers/STM32F4xx_HAL_Driver/Src/stm32f4xx_hal_sd.c ****     {
 1799              		.loc 1 717 13 is_stmt 0 view .LVU621
 1800 0158 5A6B     		ldr	r2, [r3, #52]
 717:Drivers/STM32F4xx_HAL_Driver/Src/stm32f4xx_hal_sd.c ****     {
 1801              		.loc 1 717 12 view .LVU622
 1802 015a 12F0200F 		tst	r2, #32
 1803 015e 52D1     		bne	.L129
 1804              	.L117:
 732:Drivers/STM32F4xx_HAL_Driver/Src/stm32f4xx_hal_sd.c ****     {
 1805              		.loc 1 732 55 is_stmt 1 view .LVU623
 732:Drivers/STM32F4xx_HAL_Driver/Src/stm32f4xx_hal_sd.c ****     {
 1806              		.loc 1 732 13 is_stmt 0 view .LVU624
 1807 0160 2868     		ldr	r0, [r5]
 1808 0162 436B     		ldr	r3, [r0, #52]
 732:Drivers/STM32F4xx_HAL_Driver/Src/stm32f4xx_hal_sd.c ****     {
 1809              		.loc 1 732 55 view .LVU625
 1810 0164 13F4001F 		tst	r3, #2097152
 1811 0168 59D0     		beq	.L119
 732:Drivers/STM32F4xx_HAL_Driver/Src/stm32f4xx_hal_sd.c ****     {
 1812              		.loc 1 732 55 discriminator 1 view .LVU626
 1813 016a 002F     		cmp	r7, #0
 1814 016c 57D0     		beq	.L119
 734:Drivers/STM32F4xx_HAL_Driver/Src/stm32f4xx_hal_sd.c ****       *tempbuff = (uint8_t)(data & 0xFFU);
 1815              		.loc 1 734 7 is_stmt 1 view .LVU627
 734:Drivers/STM32F4xx_HAL_Driver/Src/stm32f4xx_hal_sd.c ****       *tempbuff = (uint8_t)(data & 0xFFU);
 1816              		.loc 1 734 14 is_stmt 0 view .LVU628
 1817 016e FFF7FEFF 		bl	SDIO_ReadFIFO
 1818              	.LVL173:
 735:Drivers/STM32F4xx_HAL_Driver/Src/stm32f4xx_hal_sd.c ****       tempbuff++;
 1819              		.loc 1 735 7 is_stmt 1 view .LVU629
 735:Drivers/STM32F4xx_HAL_Driver/Src/stm32f4xx_hal_sd.c ****       tempbuff++;
 1820              		.loc 1 735 17 is_stmt 0 view .LVU630
 1821 0172 2070     		strb	r0, [r4]
 736:Drivers/STM32F4xx_HAL_Driver/Src/stm32f4xx_hal_sd.c ****       dataremaining--;
 1822              		.loc 1 736 7 is_stmt 1 view .LVU631
 1823              	.LVL174:
 737:Drivers/STM32F4xx_HAL_Driver/Src/stm32f4xx_hal_sd.c ****       *tempbuff = (uint8_t)((data >> 8U) & 0xFFU);
 1824              		.loc 1 737 7 view .LVU632
 738:Drivers/STM32F4xx_HAL_Driver/Src/stm32f4xx_hal_sd.c ****       tempbuff++;
 1825              		.loc 1 738 7 view .LVU633
ARM GAS  /tmp/ccnf9wtj.s 			page 100


 738:Drivers/STM32F4xx_HAL_Driver/Src/stm32f4xx_hal_sd.c ****       tempbuff++;
 1826              		.loc 1 738 19 is_stmt 0 view .LVU634
 1827 0174 C0F30723 		ubfx	r3, r0, #8, #8
 738:Drivers/STM32F4xx_HAL_Driver/Src/stm32f4xx_hal_sd.c ****       tempbuff++;
 1828              		.loc 1 738 17 view .LVU635
 1829 0178 6370     		strb	r3, [r4, #1]
 739:Drivers/STM32F4xx_HAL_Driver/Src/stm32f4xx_hal_sd.c ****       dataremaining--;
 1830              		.loc 1 739 7 is_stmt 1 view .LVU636
 1831              	.LVL175:
 740:Drivers/STM32F4xx_HAL_Driver/Src/stm32f4xx_hal_sd.c ****       *tempbuff = (uint8_t)((data >> 16U) & 0xFFU);
 1832              		.loc 1 740 7 view .LVU637
 741:Drivers/STM32F4xx_HAL_Driver/Src/stm32f4xx_hal_sd.c ****       tempbuff++;
 1833              		.loc 1 741 7 view .LVU638
 741:Drivers/STM32F4xx_HAL_Driver/Src/stm32f4xx_hal_sd.c ****       tempbuff++;
 1834              		.loc 1 741 19 is_stmt 0 view .LVU639
 1835 017a C0F30743 		ubfx	r3, r0, #16, #8
 741:Drivers/STM32F4xx_HAL_Driver/Src/stm32f4xx_hal_sd.c ****       tempbuff++;
 1836              		.loc 1 741 17 view .LVU640
 1837 017e A370     		strb	r3, [r4, #2]
 742:Drivers/STM32F4xx_HAL_Driver/Src/stm32f4xx_hal_sd.c ****       dataremaining--;
 1838              		.loc 1 742 7 is_stmt 1 view .LVU641
 1839              	.LVL176:
 743:Drivers/STM32F4xx_HAL_Driver/Src/stm32f4xx_hal_sd.c ****       *tempbuff = (uint8_t)((data >> 24U) & 0xFFU);
 1840              		.loc 1 743 7 view .LVU642
 744:Drivers/STM32F4xx_HAL_Driver/Src/stm32f4xx_hal_sd.c ****       tempbuff++;
 1841              		.loc 1 744 7 view .LVU643
 744:Drivers/STM32F4xx_HAL_Driver/Src/stm32f4xx_hal_sd.c ****       tempbuff++;
 1842              		.loc 1 744 19 is_stmt 0 view .LVU644
 1843 0180 000E     		lsrs	r0, r0, #24
 1844              	.LVL177:
 744:Drivers/STM32F4xx_HAL_Driver/Src/stm32f4xx_hal_sd.c ****       tempbuff++;
 1845              		.loc 1 744 17 view .LVU645
 1846 0182 E070     		strb	r0, [r4, #3]
 745:Drivers/STM32F4xx_HAL_Driver/Src/stm32f4xx_hal_sd.c ****       dataremaining--;
 1847              		.loc 1 745 7 is_stmt 1 view .LVU646
 745:Drivers/STM32F4xx_HAL_Driver/Src/stm32f4xx_hal_sd.c ****       dataremaining--;
 1848              		.loc 1 745 15 is_stmt 0 view .LVU647
 1849 0184 0434     		adds	r4, r4, #4
 1850              	.LVL178:
 746:Drivers/STM32F4xx_HAL_Driver/Src/stm32f4xx_hal_sd.c **** 
 1851              		.loc 1 746 7 is_stmt 1 view .LVU648
 746:Drivers/STM32F4xx_HAL_Driver/Src/stm32f4xx_hal_sd.c **** 
 1852              		.loc 1 746 20 is_stmt 0 view .LVU649
 1853 0186 043F     		subs	r7, r7, #4
 1854              	.LVL179:
 748:Drivers/STM32F4xx_HAL_Driver/Src/stm32f4xx_hal_sd.c ****       {
 1855              		.loc 1 748 7 is_stmt 1 view .LVU650
 748:Drivers/STM32F4xx_HAL_Driver/Src/stm32f4xx_hal_sd.c ****       {
 1856              		.loc 1 748 12 is_stmt 0 view .LVU651
 1857 0188 FFF7FEFF 		bl	HAL_GetTick
 1858              	.LVL180:
 748:Drivers/STM32F4xx_HAL_Driver/Src/stm32f4xx_hal_sd.c ****       {
 1859              		.loc 1 748 25 discriminator 1 view .LVU652
 1860 018c A0EB0800 		sub	r0, r0, r8
 748:Drivers/STM32F4xx_HAL_Driver/Src/stm32f4xx_hal_sd.c ****       {
 1861              		.loc 1 748 9 discriminator 1 view .LVU653
 1862 0190 4845     		cmp	r0, r9
ARM GAS  /tmp/ccnf9wtj.s 			page 101


 1863 0192 02D2     		bcs	.L118
 748:Drivers/STM32F4xx_HAL_Driver/Src/stm32f4xx_hal_sd.c ****       {
 1864              		.loc 1 748 50 discriminator 1 view .LVU654
 1865 0194 B9F1000F 		cmp	r9, #0
 1866 0198 E2D1     		bne	.L117
 1867              	.L118:
 751:Drivers/STM32F4xx_HAL_Driver/Src/stm32f4xx_hal_sd.c ****         hsd->ErrorCode |= HAL_SD_ERROR_TIMEOUT;
 1868              		.loc 1 751 9 is_stmt 1 view .LVU655
 1869 019a 2B68     		ldr	r3, [r5]
 1870 019c 294A     		ldr	r2, .L130
 1871 019e 9A63     		str	r2, [r3, #56]
 752:Drivers/STM32F4xx_HAL_Driver/Src/stm32f4xx_hal_sd.c ****         hsd->State= HAL_SD_STATE_READY;
 1872              		.loc 1 752 9 view .LVU656
 752:Drivers/STM32F4xx_HAL_Driver/Src/stm32f4xx_hal_sd.c ****         hsd->State= HAL_SD_STATE_READY;
 1873              		.loc 1 752 12 is_stmt 0 view .LVU657
 1874 01a0 AB6B     		ldr	r3, [r5, #56]
 752:Drivers/STM32F4xx_HAL_Driver/Src/stm32f4xx_hal_sd.c ****         hsd->State= HAL_SD_STATE_READY;
 1875              		.loc 1 752 24 view .LVU658
 1876 01a2 43F00043 		orr	r3, r3, #-2147483648
 1877 01a6 AB63     		str	r3, [r5, #56]
 753:Drivers/STM32F4xx_HAL_Driver/Src/stm32f4xx_hal_sd.c ****         hsd->Context = SD_CONTEXT_NONE;
 1878              		.loc 1 753 9 is_stmt 1 view .LVU659
 753:Drivers/STM32F4xx_HAL_Driver/Src/stm32f4xx_hal_sd.c ****         hsd->Context = SD_CONTEXT_NONE;
 1879              		.loc 1 753 19 is_stmt 0 view .LVU660
 1880 01a8 0123     		movs	r3, #1
 1881 01aa 85F83430 		strb	r3, [r5, #52]
 754:Drivers/STM32F4xx_HAL_Driver/Src/stm32f4xx_hal_sd.c ****         return HAL_ERROR;
 1882              		.loc 1 754 9 is_stmt 1 view .LVU661
 754:Drivers/STM32F4xx_HAL_Driver/Src/stm32f4xx_hal_sd.c ****         return HAL_ERROR;
 1883              		.loc 1 754 22 is_stmt 0 view .LVU662
 1884 01ae 0023     		movs	r3, #0
 1885 01b0 2B63     		str	r3, [r5, #48]
 755:Drivers/STM32F4xx_HAL_Driver/Src/stm32f4xx_hal_sd.c ****       }
 1886              		.loc 1 755 9 is_stmt 1 view .LVU663
 755:Drivers/STM32F4xx_HAL_Driver/Src/stm32f4xx_hal_sd.c ****       }
 1887              		.loc 1 755 16 is_stmt 0 view .LVU664
 1888 01b2 43E0     		b	.L101
 1889              	.LVL181:
 1890              	.L126:
 685:Drivers/STM32F4xx_HAL_Driver/Src/stm32f4xx_hal_sd.c ****         if(errorstate != HAL_SD_ERROR_NONE)
 1891              		.loc 1 685 9 is_stmt 1 view .LVU665
 685:Drivers/STM32F4xx_HAL_Driver/Src/stm32f4xx_hal_sd.c ****         if(errorstate != HAL_SD_ERROR_NONE)
 1892              		.loc 1 685 22 is_stmt 0 view .LVU666
 1893 01b4 FFF7FEFF 		bl	SDMMC_CmdStopTransfer
 1894              	.LVL182:
 686:Drivers/STM32F4xx_HAL_Driver/Src/stm32f4xx_hal_sd.c ****         {
 1895              		.loc 1 686 9 is_stmt 1 view .LVU667
 686:Drivers/STM32F4xx_HAL_Driver/Src/stm32f4xx_hal_sd.c ****         {
 1896              		.loc 1 686 11 is_stmt 0 view .LVU668
 1897 01b8 0346     		mov	r3, r0
 1898 01ba 0028     		cmp	r0, #0
 1899 01bc C3D0     		beq	.L114
 689:Drivers/STM32F4xx_HAL_Driver/Src/stm32f4xx_hal_sd.c ****           hsd->ErrorCode |= errorstate;
 1900              		.loc 1 689 11 is_stmt 1 view .LVU669
 1901 01be 2A68     		ldr	r2, [r5]
 1902 01c0 2049     		ldr	r1, .L130
 1903 01c2 9163     		str	r1, [r2, #56]
ARM GAS  /tmp/ccnf9wtj.s 			page 102


 690:Drivers/STM32F4xx_HAL_Driver/Src/stm32f4xx_hal_sd.c ****           hsd->State = HAL_SD_STATE_READY;
 1904              		.loc 1 690 11 view .LVU670
 690:Drivers/STM32F4xx_HAL_Driver/Src/stm32f4xx_hal_sd.c ****           hsd->State = HAL_SD_STATE_READY;
 1905              		.loc 1 690 14 is_stmt 0 view .LVU671
 1906 01c4 AA6B     		ldr	r2, [r5, #56]
 690:Drivers/STM32F4xx_HAL_Driver/Src/stm32f4xx_hal_sd.c ****           hsd->State = HAL_SD_STATE_READY;
 1907              		.loc 1 690 26 view .LVU672
 1908 01c6 1343     		orrs	r3, r3, r2
 1909 01c8 AB63     		str	r3, [r5, #56]
 691:Drivers/STM32F4xx_HAL_Driver/Src/stm32f4xx_hal_sd.c ****           hsd->Context = SD_CONTEXT_NONE;
 1910              		.loc 1 691 11 is_stmt 1 view .LVU673
 691:Drivers/STM32F4xx_HAL_Driver/Src/stm32f4xx_hal_sd.c ****           hsd->Context = SD_CONTEXT_NONE;
 1911              		.loc 1 691 22 is_stmt 0 view .LVU674
 1912 01ca 0123     		movs	r3, #1
 1913 01cc 85F83430 		strb	r3, [r5, #52]
 692:Drivers/STM32F4xx_HAL_Driver/Src/stm32f4xx_hal_sd.c ****           return HAL_ERROR;
 1914              		.loc 1 692 11 is_stmt 1 view .LVU675
 692:Drivers/STM32F4xx_HAL_Driver/Src/stm32f4xx_hal_sd.c ****           return HAL_ERROR;
 1915              		.loc 1 692 24 is_stmt 0 view .LVU676
 1916 01d0 0023     		movs	r3, #0
 1917 01d2 2B63     		str	r3, [r5, #48]
 693:Drivers/STM32F4xx_HAL_Driver/Src/stm32f4xx_hal_sd.c ****         }
 1918              		.loc 1 693 11 is_stmt 1 view .LVU677
 693:Drivers/STM32F4xx_HAL_Driver/Src/stm32f4xx_hal_sd.c ****         }
 1919              		.loc 1 693 18 is_stmt 0 view .LVU678
 1920 01d4 32E0     		b	.L101
 1921              	.LVL183:
 1922              	.L127:
 702:Drivers/STM32F4xx_HAL_Driver/Src/stm32f4xx_hal_sd.c ****       hsd->ErrorCode |= HAL_SD_ERROR_DATA_TIMEOUT;
 1923              		.loc 1 702 7 is_stmt 1 view .LVU679
 1924 01d6 1B4A     		ldr	r2, .L130
 1925 01d8 9A63     		str	r2, [r3, #56]
 703:Drivers/STM32F4xx_HAL_Driver/Src/stm32f4xx_hal_sd.c ****       hsd->State = HAL_SD_STATE_READY;
 1926              		.loc 1 703 7 view .LVU680
 703:Drivers/STM32F4xx_HAL_Driver/Src/stm32f4xx_hal_sd.c ****       hsd->State = HAL_SD_STATE_READY;
 1927              		.loc 1 703 10 is_stmt 0 view .LVU681
 1928 01da AB6B     		ldr	r3, [r5, #56]
 703:Drivers/STM32F4xx_HAL_Driver/Src/stm32f4xx_hal_sd.c ****       hsd->State = HAL_SD_STATE_READY;
 1929              		.loc 1 703 22 view .LVU682
 1930 01dc 43F00803 		orr	r3, r3, #8
 1931 01e0 AB63     		str	r3, [r5, #56]
 704:Drivers/STM32F4xx_HAL_Driver/Src/stm32f4xx_hal_sd.c ****       hsd->Context = SD_CONTEXT_NONE;
 1932              		.loc 1 704 7 is_stmt 1 view .LVU683
 704:Drivers/STM32F4xx_HAL_Driver/Src/stm32f4xx_hal_sd.c ****       hsd->Context = SD_CONTEXT_NONE;
 1933              		.loc 1 704 18 is_stmt 0 view .LVU684
 1934 01e2 0123     		movs	r3, #1
 1935 01e4 85F83430 		strb	r3, [r5, #52]
 705:Drivers/STM32F4xx_HAL_Driver/Src/stm32f4xx_hal_sd.c ****       return HAL_ERROR;
 1936              		.loc 1 705 7 is_stmt 1 view .LVU685
 705:Drivers/STM32F4xx_HAL_Driver/Src/stm32f4xx_hal_sd.c ****       return HAL_ERROR;
 1937              		.loc 1 705 20 is_stmt 0 view .LVU686
 1938 01e8 0023     		movs	r3, #0
 1939 01ea 2B63     		str	r3, [r5, #48]
 706:Drivers/STM32F4xx_HAL_Driver/Src/stm32f4xx_hal_sd.c ****     }
 1940              		.loc 1 706 7 is_stmt 1 view .LVU687
 706:Drivers/STM32F4xx_HAL_Driver/Src/stm32f4xx_hal_sd.c ****     }
 1941              		.loc 1 706 14 is_stmt 0 view .LVU688
ARM GAS  /tmp/ccnf9wtj.s 			page 103


 1942 01ec 26E0     		b	.L101
 1943              	.L128:
 711:Drivers/STM32F4xx_HAL_Driver/Src/stm32f4xx_hal_sd.c ****       hsd->ErrorCode |= HAL_SD_ERROR_DATA_CRC_FAIL;
 1944              		.loc 1 711 7 is_stmt 1 view .LVU689
 1945 01ee 154A     		ldr	r2, .L130
 1946 01f0 9A63     		str	r2, [r3, #56]
 712:Drivers/STM32F4xx_HAL_Driver/Src/stm32f4xx_hal_sd.c ****       hsd->State = HAL_SD_STATE_READY;
 1947              		.loc 1 712 7 view .LVU690
 712:Drivers/STM32F4xx_HAL_Driver/Src/stm32f4xx_hal_sd.c ****       hsd->State = HAL_SD_STATE_READY;
 1948              		.loc 1 712 10 is_stmt 0 view .LVU691
 1949 01f2 AB6B     		ldr	r3, [r5, #56]
 712:Drivers/STM32F4xx_HAL_Driver/Src/stm32f4xx_hal_sd.c ****       hsd->State = HAL_SD_STATE_READY;
 1950              		.loc 1 712 22 view .LVU692
 1951 01f4 43F00203 		orr	r3, r3, #2
 1952 01f8 AB63     		str	r3, [r5, #56]
 713:Drivers/STM32F4xx_HAL_Driver/Src/stm32f4xx_hal_sd.c ****       hsd->Context = SD_CONTEXT_NONE;
 1953              		.loc 1 713 7 is_stmt 1 view .LVU693
 713:Drivers/STM32F4xx_HAL_Driver/Src/stm32f4xx_hal_sd.c ****       hsd->Context = SD_CONTEXT_NONE;
 1954              		.loc 1 713 18 is_stmt 0 view .LVU694
 1955 01fa 0123     		movs	r3, #1
 1956 01fc 85F83430 		strb	r3, [r5, #52]
 714:Drivers/STM32F4xx_HAL_Driver/Src/stm32f4xx_hal_sd.c ****       return HAL_ERROR;
 1957              		.loc 1 714 7 is_stmt 1 view .LVU695
 714:Drivers/STM32F4xx_HAL_Driver/Src/stm32f4xx_hal_sd.c ****       return HAL_ERROR;
 1958              		.loc 1 714 20 is_stmt 0 view .LVU696
 1959 0200 0023     		movs	r3, #0
 1960 0202 2B63     		str	r3, [r5, #48]
 715:Drivers/STM32F4xx_HAL_Driver/Src/stm32f4xx_hal_sd.c ****     }
 1961              		.loc 1 715 7 is_stmt 1 view .LVU697
 715:Drivers/STM32F4xx_HAL_Driver/Src/stm32f4xx_hal_sd.c ****     }
 1962              		.loc 1 715 14 is_stmt 0 view .LVU698
 1963 0204 1AE0     		b	.L101
 1964              	.L129:
 720:Drivers/STM32F4xx_HAL_Driver/Src/stm32f4xx_hal_sd.c ****       hsd->ErrorCode |= HAL_SD_ERROR_RX_OVERRUN;
 1965              		.loc 1 720 7 is_stmt 1 view .LVU699
 1966 0206 0F4A     		ldr	r2, .L130
 1967 0208 9A63     		str	r2, [r3, #56]
 721:Drivers/STM32F4xx_HAL_Driver/Src/stm32f4xx_hal_sd.c ****       hsd->State = HAL_SD_STATE_READY;
 1968              		.loc 1 721 7 view .LVU700
 721:Drivers/STM32F4xx_HAL_Driver/Src/stm32f4xx_hal_sd.c ****       hsd->State = HAL_SD_STATE_READY;
 1969              		.loc 1 721 10 is_stmt 0 view .LVU701
 1970 020a AB6B     		ldr	r3, [r5, #56]
 721:Drivers/STM32F4xx_HAL_Driver/Src/stm32f4xx_hal_sd.c ****       hsd->State = HAL_SD_STATE_READY;
 1971              		.loc 1 721 22 view .LVU702
 1972 020c 43F02003 		orr	r3, r3, #32
 1973 0210 AB63     		str	r3, [r5, #56]
 722:Drivers/STM32F4xx_HAL_Driver/Src/stm32f4xx_hal_sd.c ****       hsd->Context = SD_CONTEXT_NONE;
 1974              		.loc 1 722 7 is_stmt 1 view .LVU703
 722:Drivers/STM32F4xx_HAL_Driver/Src/stm32f4xx_hal_sd.c ****       hsd->Context = SD_CONTEXT_NONE;
 1975              		.loc 1 722 18 is_stmt 0 view .LVU704
 1976 0212 0123     		movs	r3, #1
 1977 0214 85F83430 		strb	r3, [r5, #52]
 723:Drivers/STM32F4xx_HAL_Driver/Src/stm32f4xx_hal_sd.c ****       return HAL_ERROR;
 1978              		.loc 1 723 7 is_stmt 1 view .LVU705
 723:Drivers/STM32F4xx_HAL_Driver/Src/stm32f4xx_hal_sd.c ****       return HAL_ERROR;
 1979              		.loc 1 723 20 is_stmt 0 view .LVU706
 1980 0218 0023     		movs	r3, #0
ARM GAS  /tmp/ccnf9wtj.s 			page 104


 1981 021a 2B63     		str	r3, [r5, #48]
 724:Drivers/STM32F4xx_HAL_Driver/Src/stm32f4xx_hal_sd.c ****     }
 1982              		.loc 1 724 7 is_stmt 1 view .LVU707
 724:Drivers/STM32F4xx_HAL_Driver/Src/stm32f4xx_hal_sd.c ****     }
 1983              		.loc 1 724 14 is_stmt 0 view .LVU708
 1984 021c 0EE0     		b	.L101
 1985              	.L119:
 760:Drivers/STM32F4xx_HAL_Driver/Src/stm32f4xx_hal_sd.c **** 
 1986              		.loc 1 760 5 is_stmt 1 view .LVU709
 1987 021e 40F23A53 		movw	r3, #1338
 1988 0222 8363     		str	r3, [r0, #56]
 762:Drivers/STM32F4xx_HAL_Driver/Src/stm32f4xx_hal_sd.c **** 
 1989              		.loc 1 762 5 view .LVU710
 762:Drivers/STM32F4xx_HAL_Driver/Src/stm32f4xx_hal_sd.c **** 
 1990              		.loc 1 762 16 is_stmt 0 view .LVU711
 1991 0224 0123     		movs	r3, #1
 1992 0226 85F83430 		strb	r3, [r5, #52]
 764:Drivers/STM32F4xx_HAL_Driver/Src/stm32f4xx_hal_sd.c ****   }
 1993              		.loc 1 764 5 is_stmt 1 view .LVU712
 764:Drivers/STM32F4xx_HAL_Driver/Src/stm32f4xx_hal_sd.c ****   }
 1994              		.loc 1 764 12 is_stmt 0 view .LVU713
 1995 022a 4FF0000B 		mov	fp, #0
 1996 022e 05E0     		b	.L101
 1997              	.LVL184:
 1998              	.L102:
 768:Drivers/STM32F4xx_HAL_Driver/Src/stm32f4xx_hal_sd.c ****     return HAL_ERROR;
 1999              		.loc 1 768 5 is_stmt 1 view .LVU714
 768:Drivers/STM32F4xx_HAL_Driver/Src/stm32f4xx_hal_sd.c ****     return HAL_ERROR;
 2000              		.loc 1 768 8 is_stmt 0 view .LVU715
 2001 0230 AB6B     		ldr	r3, [r5, #56]
 768:Drivers/STM32F4xx_HAL_Driver/Src/stm32f4xx_hal_sd.c ****     return HAL_ERROR;
 2002              		.loc 1 768 20 view .LVU716
 2003 0232 43F00053 		orr	r3, r3, #536870912
 2004 0236 AB63     		str	r3, [r5, #56]
 769:Drivers/STM32F4xx_HAL_Driver/Src/stm32f4xx_hal_sd.c ****   }
 2005              		.loc 1 769 5 is_stmt 1 view .LVU717
 769:Drivers/STM32F4xx_HAL_Driver/Src/stm32f4xx_hal_sd.c ****   }
 2006              		.loc 1 769 12 is_stmt 0 view .LVU718
 2007 0238 4FF0010B 		mov	fp, #1
 2008              	.LVL185:
 2009              	.L101:
 771:Drivers/STM32F4xx_HAL_Driver/Src/stm32f4xx_hal_sd.c **** 
 2010              		.loc 1 771 1 view .LVU719
 2011 023c 5846     		mov	r0, fp
 2012 023e 07B0     		add	sp, sp, #28
 2013              	.LCFI31:
 2014              		.cfi_def_cfa_offset 36
 2015              		@ sp needed
 2016 0240 BDE8F08F 		pop	{r4, r5, r6, r7, r8, r9, r10, fp, pc}
 2017              	.LVL186:
 2018              	.L131:
 771:Drivers/STM32F4xx_HAL_Driver/Src/stm32f4xx_hal_sd.c **** 
 2019              		.loc 1 771 1 view .LVU720
 2020              		.align	2
 2021              	.L130:
 2022 0244 FF054000 		.word	4195839
 2023              		.cfi_endproc
ARM GAS  /tmp/ccnf9wtj.s 			page 105


 2024              	.LFE135:
 2026              		.section	.text.HAL_SD_WriteBlocks,"ax",%progbits
 2027              		.align	1
 2028              		.global	HAL_SD_WriteBlocks
 2029              		.syntax unified
 2030              		.thumb
 2031              		.thumb_func
 2033              	HAL_SD_WriteBlocks:
 2034              	.LVL187:
 2035              	.LFB136:
 786:Drivers/STM32F4xx_HAL_Driver/Src/stm32f4xx_hal_sd.c ****   SDIO_DataInitTypeDef config;
 2036              		.loc 1 786 1 is_stmt 1 view -0
 2037              		.cfi_startproc
 2038              		@ args = 4, pretend = 0, frame = 40
 2039              		@ frame_needed = 0, uses_anonymous_args = 0
 786:Drivers/STM32F4xx_HAL_Driver/Src/stm32f4xx_hal_sd.c ****   SDIO_DataInitTypeDef config;
 2040              		.loc 1 786 1 is_stmt 0 view .LVU722
 2041 0000 2DE9F04F 		push	{r4, r5, r6, r7, r8, r9, r10, fp, lr}
 2042              	.LCFI32:
 2043              		.cfi_def_cfa_offset 36
 2044              		.cfi_offset 4, -36
 2045              		.cfi_offset 5, -32
 2046              		.cfi_offset 6, -28
 2047              		.cfi_offset 7, -24
 2048              		.cfi_offset 8, -20
 2049              		.cfi_offset 9, -16
 2050              		.cfi_offset 10, -12
 2051              		.cfi_offset 11, -8
 2052              		.cfi_offset 14, -4
 2053 0004 8BB0     		sub	sp, sp, #44
 2054              	.LCFI33:
 2055              		.cfi_def_cfa_offset 80
 2056 0006 0546     		mov	r5, r0
 2057 0008 0C46     		mov	r4, r1
 2058 000a 1646     		mov	r6, r2
 2059 000c 9A46     		mov	r10, r3
 2060 000e DDF85090 		ldr	r9, [sp, #80]
 787:Drivers/STM32F4xx_HAL_Driver/Src/stm32f4xx_hal_sd.c ****   uint32_t errorstate;
 2061              		.loc 1 787 3 is_stmt 1 view .LVU723
 788:Drivers/STM32F4xx_HAL_Driver/Src/stm32f4xx_hal_sd.c ****   uint32_t tickstart = HAL_GetTick();
 2062              		.loc 1 788 3 view .LVU724
 789:Drivers/STM32F4xx_HAL_Driver/Src/stm32f4xx_hal_sd.c ****   uint32_t count, data, dataremaining;
 2063              		.loc 1 789 3 view .LVU725
 789:Drivers/STM32F4xx_HAL_Driver/Src/stm32f4xx_hal_sd.c ****   uint32_t count, data, dataremaining;
 2064              		.loc 1 789 24 is_stmt 0 view .LVU726
 2065 0012 FFF7FEFF 		bl	HAL_GetTick
 2066              	.LVL188:
 790:Drivers/STM32F4xx_HAL_Driver/Src/stm32f4xx_hal_sd.c ****   uint32_t add = BlockAdd;
 2067              		.loc 1 790 3 is_stmt 1 view .LVU727
 791:Drivers/STM32F4xx_HAL_Driver/Src/stm32f4xx_hal_sd.c ****   uint8_t *tempbuff = pData;
 2068              		.loc 1 791 3 view .LVU728
 792:Drivers/STM32F4xx_HAL_Driver/Src/stm32f4xx_hal_sd.c **** 
 2069              		.loc 1 792 3 view .LVU729
 794:Drivers/STM32F4xx_HAL_Driver/Src/stm32f4xx_hal_sd.c ****   {
 2070              		.loc 1 794 3 view .LVU730
 794:Drivers/STM32F4xx_HAL_Driver/Src/stm32f4xx_hal_sd.c ****   {
 2071              		.loc 1 794 5 is_stmt 0 view .LVU731
ARM GAS  /tmp/ccnf9wtj.s 			page 106


 2072 0016 002C     		cmp	r4, #0
 2073 0018 38D0     		beq	.L152
 2074 001a 0746     		mov	r7, r0
 800:Drivers/STM32F4xx_HAL_Driver/Src/stm32f4xx_hal_sd.c ****   {
 2075              		.loc 1 800 3 is_stmt 1 view .LVU732
 800:Drivers/STM32F4xx_HAL_Driver/Src/stm32f4xx_hal_sd.c ****   {
 2076              		.loc 1 800 9 is_stmt 0 view .LVU733
 2077 001c 95F83430 		ldrb	r3, [r5, #52]	@ zero_extendqisi2
 2078 0020 5FFA83FB 		uxtb	fp, r3
 800:Drivers/STM32F4xx_HAL_Driver/Src/stm32f4xx_hal_sd.c ****   {
 2079              		.loc 1 800 5 view .LVU734
 2080 0024 012B     		cmp	r3, #1
 2081 0026 40F0E480 		bne	.L135
 802:Drivers/STM32F4xx_HAL_Driver/Src/stm32f4xx_hal_sd.c **** 
 2082              		.loc 1 802 5 is_stmt 1 view .LVU735
 802:Drivers/STM32F4xx_HAL_Driver/Src/stm32f4xx_hal_sd.c **** 
 2083              		.loc 1 802 20 is_stmt 0 view .LVU736
 2084 002a 0023     		movs	r3, #0
 2085 002c AB63     		str	r3, [r5, #56]
 804:Drivers/STM32F4xx_HAL_Driver/Src/stm32f4xx_hal_sd.c ****     {
 2086              		.loc 1 804 5 is_stmt 1 view .LVU737
 804:Drivers/STM32F4xx_HAL_Driver/Src/stm32f4xx_hal_sd.c ****     {
 2087              		.loc 1 804 13 is_stmt 0 view .LVU738
 2088 002e 06EB0A03 		add	r3, r6, r10
 804:Drivers/STM32F4xx_HAL_Driver/Src/stm32f4xx_hal_sd.c ****     {
 2089              		.loc 1 804 45 view .LVU739
 2090 0032 EA6D     		ldr	r2, [r5, #92]
 804:Drivers/STM32F4xx_HAL_Driver/Src/stm32f4xx_hal_sd.c ****     {
 2091              		.loc 1 804 7 view .LVU740
 2092 0034 9342     		cmp	r3, r2
 2093 0036 30D8     		bhi	.L153
 810:Drivers/STM32F4xx_HAL_Driver/Src/stm32f4xx_hal_sd.c **** 
 2094              		.loc 1 810 5 is_stmt 1 view .LVU741
 810:Drivers/STM32F4xx_HAL_Driver/Src/stm32f4xx_hal_sd.c **** 
 2095              		.loc 1 810 16 is_stmt 0 view .LVU742
 2096 0038 0323     		movs	r3, #3
 2097 003a 85F83430 		strb	r3, [r5, #52]
 813:Drivers/STM32F4xx_HAL_Driver/Src/stm32f4xx_hal_sd.c **** 
 2098              		.loc 1 813 5 is_stmt 1 view .LVU743
 813:Drivers/STM32F4xx_HAL_Driver/Src/stm32f4xx_hal_sd.c **** 
 2099              		.loc 1 813 8 is_stmt 0 view .LVU744
 2100 003e 2B68     		ldr	r3, [r5]
 813:Drivers/STM32F4xx_HAL_Driver/Src/stm32f4xx_hal_sd.c **** 
 2101              		.loc 1 813 26 view .LVU745
 2102 0040 0022     		movs	r2, #0
 2103 0042 DA62     		str	r2, [r3, #44]
 815:Drivers/STM32F4xx_HAL_Driver/Src/stm32f4xx_hal_sd.c ****     {
 2104              		.loc 1 815 5 is_stmt 1 view .LVU746
 815:Drivers/STM32F4xx_HAL_Driver/Src/stm32f4xx_hal_sd.c ****     {
 2105              		.loc 1 815 19 is_stmt 0 view .LVU747
 2106 0044 6B6C     		ldr	r3, [r5, #68]
 815:Drivers/STM32F4xx_HAL_Driver/Src/stm32f4xx_hal_sd.c ****     {
 2107              		.loc 1 815 7 view .LVU748
 2108 0046 012B     		cmp	r3, #1
 2109 0048 00D0     		beq	.L137
 817:Drivers/STM32F4xx_HAL_Driver/Src/stm32f4xx_hal_sd.c ****     }
 2110              		.loc 1 817 7 is_stmt 1 view .LVU749
ARM GAS  /tmp/ccnf9wtj.s 			page 107


 817:Drivers/STM32F4xx_HAL_Driver/Src/stm32f4xx_hal_sd.c ****     }
 2111              		.loc 1 817 11 is_stmt 0 view .LVU750
 2112 004a 7602     		lsls	r6, r6, #9
 2113              	.LVL189:
 2114              	.L137:
 821:Drivers/STM32F4xx_HAL_Driver/Src/stm32f4xx_hal_sd.c ****     config.DataLength    = NumberOfBlocks * BLOCKSIZE;
 2115              		.loc 1 821 5 is_stmt 1 view .LVU751
 821:Drivers/STM32F4xx_HAL_Driver/Src/stm32f4xx_hal_sd.c ****     config.DataLength    = NumberOfBlocks * BLOCKSIZE;
 2116              		.loc 1 821 26 is_stmt 0 view .LVU752
 2117 004c 4FF0FF33 		mov	r3, #-1
 2118 0050 0493     		str	r3, [sp, #16]
 822:Drivers/STM32F4xx_HAL_Driver/Src/stm32f4xx_hal_sd.c ****     config.DataBlockSize = SDIO_DATABLOCK_SIZE_512B;
 2119              		.loc 1 822 5 is_stmt 1 view .LVU753
 822:Drivers/STM32F4xx_HAL_Driver/Src/stm32f4xx_hal_sd.c ****     config.DataBlockSize = SDIO_DATABLOCK_SIZE_512B;
 2120              		.loc 1 822 43 is_stmt 0 view .LVU754
 2121 0052 4FEA4A23 		lsl	r3, r10, #9
 822:Drivers/STM32F4xx_HAL_Driver/Src/stm32f4xx_hal_sd.c ****     config.DataBlockSize = SDIO_DATABLOCK_SIZE_512B;
 2122              		.loc 1 822 26 view .LVU755
 2123 0056 0593     		str	r3, [sp, #20]
 823:Drivers/STM32F4xx_HAL_Driver/Src/stm32f4xx_hal_sd.c ****     config.TransferDir   = SDIO_TRANSFER_DIR_TO_CARD;
 2124              		.loc 1 823 5 is_stmt 1 view .LVU756
 823:Drivers/STM32F4xx_HAL_Driver/Src/stm32f4xx_hal_sd.c ****     config.TransferDir   = SDIO_TRANSFER_DIR_TO_CARD;
 2125              		.loc 1 823 26 is_stmt 0 view .LVU757
 2126 0058 9023     		movs	r3, #144
 2127 005a 0693     		str	r3, [sp, #24]
 824:Drivers/STM32F4xx_HAL_Driver/Src/stm32f4xx_hal_sd.c ****     config.TransferMode  = SDIO_TRANSFER_MODE_BLOCK;
 2128              		.loc 1 824 5 is_stmt 1 view .LVU758
 824:Drivers/STM32F4xx_HAL_Driver/Src/stm32f4xx_hal_sd.c ****     config.TransferMode  = SDIO_TRANSFER_MODE_BLOCK;
 2129              		.loc 1 824 26 is_stmt 0 view .LVU759
 2130 005c 0023     		movs	r3, #0
 2131 005e 0793     		str	r3, [sp, #28]
 825:Drivers/STM32F4xx_HAL_Driver/Src/stm32f4xx_hal_sd.c ****     config.DPSM          = SDIO_DPSM_ENABLE;
 2132              		.loc 1 825 5 is_stmt 1 view .LVU760
 825:Drivers/STM32F4xx_HAL_Driver/Src/stm32f4xx_hal_sd.c ****     config.DPSM          = SDIO_DPSM_ENABLE;
 2133              		.loc 1 825 26 is_stmt 0 view .LVU761
 2134 0060 0893     		str	r3, [sp, #32]
 826:Drivers/STM32F4xx_HAL_Driver/Src/stm32f4xx_hal_sd.c ****     (void)SDIO_ConfigData(hsd->Instance, &config);
 2135              		.loc 1 826 5 is_stmt 1 view .LVU762
 826:Drivers/STM32F4xx_HAL_Driver/Src/stm32f4xx_hal_sd.c ****     (void)SDIO_ConfigData(hsd->Instance, &config);
 2136              		.loc 1 826 26 is_stmt 0 view .LVU763
 2137 0062 0123     		movs	r3, #1
 2138 0064 0993     		str	r3, [sp, #36]
 827:Drivers/STM32F4xx_HAL_Driver/Src/stm32f4xx_hal_sd.c **** 
 2139              		.loc 1 827 5 is_stmt 1 view .LVU764
 827:Drivers/STM32F4xx_HAL_Driver/Src/stm32f4xx_hal_sd.c **** 
 2140              		.loc 1 827 11 is_stmt 0 view .LVU765
 2141 0066 04A9     		add	r1, sp, #16
 2142 0068 2868     		ldr	r0, [r5]
 2143              	.LVL190:
 827:Drivers/STM32F4xx_HAL_Driver/Src/stm32f4xx_hal_sd.c **** 
 2144              		.loc 1 827 11 view .LVU766
 2145 006a FFF7FEFF 		bl	SDIO_ConfigData
 2146              	.LVL191:
 830:Drivers/STM32F4xx_HAL_Driver/Src/stm32f4xx_hal_sd.c ****     {
 2147              		.loc 1 830 5 is_stmt 1 view .LVU767
 830:Drivers/STM32F4xx_HAL_Driver/Src/stm32f4xx_hal_sd.c ****     {
 2148              		.loc 1 830 7 is_stmt 0 view .LVU768
ARM GAS  /tmp/ccnf9wtj.s 			page 108


 2149 006e BAF1010F 		cmp	r10, #1
 2150 0072 17D9     		bls	.L138
 832:Drivers/STM32F4xx_HAL_Driver/Src/stm32f4xx_hal_sd.c **** 
 2151              		.loc 1 832 7 is_stmt 1 view .LVU769
 832:Drivers/STM32F4xx_HAL_Driver/Src/stm32f4xx_hal_sd.c **** 
 2152              		.loc 1 832 20 is_stmt 0 view .LVU770
 2153 0074 2023     		movs	r3, #32
 2154 0076 2B63     		str	r3, [r5, #48]
 835:Drivers/STM32F4xx_HAL_Driver/Src/stm32f4xx_hal_sd.c ****     }
 2155              		.loc 1 835 7 is_stmt 1 view .LVU771
 835:Drivers/STM32F4xx_HAL_Driver/Src/stm32f4xx_hal_sd.c ****     }
 2156              		.loc 1 835 20 is_stmt 0 view .LVU772
 2157 0078 3146     		mov	r1, r6
 2158 007a 2868     		ldr	r0, [r5]
 2159 007c FFF7FEFF 		bl	SDMMC_CmdWriteMultiBlock
 2160              	.LVL192:
 2161 0080 0190     		str	r0, [sp, #4]
 2162              	.LVL193:
 2163              	.L139:
 844:Drivers/STM32F4xx_HAL_Driver/Src/stm32f4xx_hal_sd.c ****     {
 2164              		.loc 1 844 5 is_stmt 1 view .LVU773
 844:Drivers/STM32F4xx_HAL_Driver/Src/stm32f4xx_hal_sd.c ****     {
 2165              		.loc 1 844 7 is_stmt 0 view .LVU774
 2166 0082 019B     		ldr	r3, [sp, #4]
 2167 0084 B3B9     		cbnz	r3, .L154
 855:Drivers/STM32F4xx_HAL_Driver/Src/stm32f4xx_hal_sd.c **** #if defined(SDIO_STA_STBITERR)
 2168              		.loc 1 855 5 is_stmt 1 view .LVU775
 855:Drivers/STM32F4xx_HAL_Driver/Src/stm32f4xx_hal_sd.c **** #if defined(SDIO_STA_STBITERR)
 2169              		.loc 1 855 19 is_stmt 0 view .LVU776
 2170 0086 DDF81480 		ldr	r8, [sp, #20]
 2171              	.LVL194:
 857:Drivers/STM32F4xx_HAL_Driver/Src/stm32f4xx_hal_sd.c **** #else /* SDIO_STA_STBITERR not defined */
 2172              		.loc 1 857 5 is_stmt 1 view .LVU777
 857:Drivers/STM32F4xx_HAL_Driver/Src/stm32f4xx_hal_sd.c **** #else /* SDIO_STA_STBITERR not defined */
 2173              		.loc 1 857 10 is_stmt 0 view .LVU778
 2174 008a 28E0     		b	.L141
 2175              	.LVL195:
 2176              	.L152:
 796:Drivers/STM32F4xx_HAL_Driver/Src/stm32f4xx_hal_sd.c ****     return HAL_ERROR;
 2177              		.loc 1 796 5 is_stmt 1 view .LVU779
 796:Drivers/STM32F4xx_HAL_Driver/Src/stm32f4xx_hal_sd.c ****     return HAL_ERROR;
 2178              		.loc 1 796 8 is_stmt 0 view .LVU780
 2179 008c AB6B     		ldr	r3, [r5, #56]
 796:Drivers/STM32F4xx_HAL_Driver/Src/stm32f4xx_hal_sd.c ****     return HAL_ERROR;
 2180              		.loc 1 796 20 view .LVU781
 2181 008e 43F00063 		orr	r3, r3, #134217728
 2182 0092 AB63     		str	r3, [r5, #56]
 797:Drivers/STM32F4xx_HAL_Driver/Src/stm32f4xx_hal_sd.c ****   }
 2183              		.loc 1 797 5 is_stmt 1 view .LVU782
 797:Drivers/STM32F4xx_HAL_Driver/Src/stm32f4xx_hal_sd.c ****   }
 2184              		.loc 1 797 12 is_stmt 0 view .LVU783
 2185 0094 4FF0010B 		mov	fp, #1
 2186 0098 B1E0     		b	.L134
 2187              	.L153:
 806:Drivers/STM32F4xx_HAL_Driver/Src/stm32f4xx_hal_sd.c ****       return HAL_ERROR;
 2188              		.loc 1 806 7 is_stmt 1 view .LVU784
 806:Drivers/STM32F4xx_HAL_Driver/Src/stm32f4xx_hal_sd.c ****       return HAL_ERROR;
ARM GAS  /tmp/ccnf9wtj.s 			page 109


 2189              		.loc 1 806 10 is_stmt 0 view .LVU785
 2190 009a AB6B     		ldr	r3, [r5, #56]
 806:Drivers/STM32F4xx_HAL_Driver/Src/stm32f4xx_hal_sd.c ****       return HAL_ERROR;
 2191              		.loc 1 806 22 view .LVU786
 2192 009c 43F00073 		orr	r3, r3, #33554432
 2193 00a0 AB63     		str	r3, [r5, #56]
 807:Drivers/STM32F4xx_HAL_Driver/Src/stm32f4xx_hal_sd.c ****     }
 2194              		.loc 1 807 7 is_stmt 1 view .LVU787
 807:Drivers/STM32F4xx_HAL_Driver/Src/stm32f4xx_hal_sd.c ****     }
 2195              		.loc 1 807 14 is_stmt 0 view .LVU788
 2196 00a2 ACE0     		b	.L134
 2197              	.LVL196:
 2198              	.L138:
 839:Drivers/STM32F4xx_HAL_Driver/Src/stm32f4xx_hal_sd.c **** 
 2199              		.loc 1 839 7 is_stmt 1 view .LVU789
 839:Drivers/STM32F4xx_HAL_Driver/Src/stm32f4xx_hal_sd.c **** 
 2200              		.loc 1 839 20 is_stmt 0 view .LVU790
 2201 00a4 1023     		movs	r3, #16
 2202 00a6 2B63     		str	r3, [r5, #48]
 842:Drivers/STM32F4xx_HAL_Driver/Src/stm32f4xx_hal_sd.c ****     }
 2203              		.loc 1 842 7 is_stmt 1 view .LVU791
 842:Drivers/STM32F4xx_HAL_Driver/Src/stm32f4xx_hal_sd.c ****     }
 2204              		.loc 1 842 20 is_stmt 0 view .LVU792
 2205 00a8 3146     		mov	r1, r6
 2206 00aa 2868     		ldr	r0, [r5]
 2207 00ac FFF7FEFF 		bl	SDMMC_CmdWriteSingleBlock
 2208              	.LVL197:
 2209 00b0 0190     		str	r0, [sp, #4]
 2210 00b2 E6E7     		b	.L139
 2211              	.LVL198:
 2212              	.L154:
 847:Drivers/STM32F4xx_HAL_Driver/Src/stm32f4xx_hal_sd.c ****       hsd->ErrorCode |= errorstate;
 2213              		.loc 1 847 7 is_stmt 1 view .LVU793
 2214 00b4 2B68     		ldr	r3, [r5]
 2215              	.LVL199:
 847:Drivers/STM32F4xx_HAL_Driver/Src/stm32f4xx_hal_sd.c ****       hsd->ErrorCode |= errorstate;
 2216              		.loc 1 847 7 is_stmt 0 view .LVU794
 2217 00b6 544A     		ldr	r2, .L159
 2218 00b8 9A63     		str	r2, [r3, #56]
 848:Drivers/STM32F4xx_HAL_Driver/Src/stm32f4xx_hal_sd.c ****       hsd->State = HAL_SD_STATE_READY;
 2219              		.loc 1 848 7 is_stmt 1 view .LVU795
 848:Drivers/STM32F4xx_HAL_Driver/Src/stm32f4xx_hal_sd.c ****       hsd->State = HAL_SD_STATE_READY;
 2220              		.loc 1 848 10 is_stmt 0 view .LVU796
 2221 00ba AB6B     		ldr	r3, [r5, #56]
 848:Drivers/STM32F4xx_HAL_Driver/Src/stm32f4xx_hal_sd.c ****       hsd->State = HAL_SD_STATE_READY;
 2222              		.loc 1 848 22 view .LVU797
 2223 00bc 019A     		ldr	r2, [sp, #4]
 2224 00be 1343     		orrs	r3, r3, r2
 2225 00c0 AB63     		str	r3, [r5, #56]
 849:Drivers/STM32F4xx_HAL_Driver/Src/stm32f4xx_hal_sd.c ****       hsd->Context = SD_CONTEXT_NONE;
 2226              		.loc 1 849 7 is_stmt 1 view .LVU798
 849:Drivers/STM32F4xx_HAL_Driver/Src/stm32f4xx_hal_sd.c ****       hsd->Context = SD_CONTEXT_NONE;
 2227              		.loc 1 849 18 is_stmt 0 view .LVU799
 2228 00c2 0123     		movs	r3, #1
 2229 00c4 85F83430 		strb	r3, [r5, #52]
 850:Drivers/STM32F4xx_HAL_Driver/Src/stm32f4xx_hal_sd.c ****       return HAL_ERROR;
 2230              		.loc 1 850 7 is_stmt 1 view .LVU800
ARM GAS  /tmp/ccnf9wtj.s 			page 110


 850:Drivers/STM32F4xx_HAL_Driver/Src/stm32f4xx_hal_sd.c ****       return HAL_ERROR;
 2231              		.loc 1 850 20 is_stmt 0 view .LVU801
 2232 00c8 0023     		movs	r3, #0
 2233 00ca 2B63     		str	r3, [r5, #48]
 851:Drivers/STM32F4xx_HAL_Driver/Src/stm32f4xx_hal_sd.c ****     }
 2234              		.loc 1 851 7 is_stmt 1 view .LVU802
 851:Drivers/STM32F4xx_HAL_Driver/Src/stm32f4xx_hal_sd.c ****     }
 2235              		.loc 1 851 14 is_stmt 0 view .LVU803
 2236 00cc 97E0     		b	.L134
 2237              	.LVL200:
 2238              	.L142:
 883:Drivers/STM32F4xx_HAL_Driver/Src/stm32f4xx_hal_sd.c ****       {
 2239              		.loc 1 883 7 is_stmt 1 view .LVU804
 883:Drivers/STM32F4xx_HAL_Driver/Src/stm32f4xx_hal_sd.c ****       {
 2240              		.loc 1 883 12 is_stmt 0 view .LVU805
 2241 00ce FFF7FEFF 		bl	HAL_GetTick
 2242              	.LVL201:
 883:Drivers/STM32F4xx_HAL_Driver/Src/stm32f4xx_hal_sd.c ****       {
 2243              		.loc 1 883 25 discriminator 1 view .LVU806
 2244 00d2 C01B     		subs	r0, r0, r7
 883:Drivers/STM32F4xx_HAL_Driver/Src/stm32f4xx_hal_sd.c ****       {
 2245              		.loc 1 883 9 discriminator 1 view .LVU807
 2246 00d4 4845     		cmp	r0, r9
 2247 00d6 28D2     		bcs	.L145
 883:Drivers/STM32F4xx_HAL_Driver/Src/stm32f4xx_hal_sd.c ****       {
 2248              		.loc 1 883 50 discriminator 1 view .LVU808
 2249 00d8 B9F1000F 		cmp	r9, #0
 2250 00dc 25D0     		beq	.L145
 2251              	.L141:
 857:Drivers/STM32F4xx_HAL_Driver/Src/stm32f4xx_hal_sd.c **** #else /* SDIO_STA_STBITERR not defined */
 2252              		.loc 1 857 11 is_stmt 1 view .LVU809
 857:Drivers/STM32F4xx_HAL_Driver/Src/stm32f4xx_hal_sd.c **** #else /* SDIO_STA_STBITERR not defined */
 2253              		.loc 1 857 12 is_stmt 0 view .LVU810
 2254 00de 2868     		ldr	r0, [r5]
 2255 00e0 466B     		ldr	r6, [r0, #52]
 2256 00e2 40F21A33 		movw	r3, #794
 857:Drivers/STM32F4xx_HAL_Driver/Src/stm32f4xx_hal_sd.c **** #else /* SDIO_STA_STBITERR not defined */
 2257              		.loc 1 857 11 view .LVU811
 2258 00e6 1E40     		ands	r6, r6, r3
 2259 00e8 2ED1     		bne	.L155
 862:Drivers/STM32F4xx_HAL_Driver/Src/stm32f4xx_hal_sd.c ****       {
 2260              		.loc 1 862 7 is_stmt 1 view .LVU812
 862:Drivers/STM32F4xx_HAL_Driver/Src/stm32f4xx_hal_sd.c ****       {
 2261              		.loc 1 862 10 is_stmt 0 view .LVU813
 2262 00ea 436B     		ldr	r3, [r0, #52]
 862:Drivers/STM32F4xx_HAL_Driver/Src/stm32f4xx_hal_sd.c ****       {
 2263              		.loc 1 862 9 view .LVU814
 2264 00ec 13F4804F 		tst	r3, #16384
 2265 00f0 EDD0     		beq	.L142
 862:Drivers/STM32F4xx_HAL_Driver/Src/stm32f4xx_hal_sd.c ****       {
 2266              		.loc 1 862 53 discriminator 1 view .LVU815
 2267 00f2 B8F1000F 		cmp	r8, #0
 2268 00f6 EAD0     		beq	.L142
 2269              	.L143:
 2270              	.LVL202:
 865:Drivers/STM32F4xx_HAL_Driver/Src/stm32f4xx_hal_sd.c ****         {
 2271              		.loc 1 865 31 is_stmt 1 discriminator 1 view .LVU816
ARM GAS  /tmp/ccnf9wtj.s 			page 111


 2272 00f8 072E     		cmp	r6, #7
 2273 00fa E8D8     		bhi	.L142
 867:Drivers/STM32F4xx_HAL_Driver/Src/stm32f4xx_hal_sd.c ****           tempbuff++;
 2274              		.loc 1 867 11 view .LVU817
 867:Drivers/STM32F4xx_HAL_Driver/Src/stm32f4xx_hal_sd.c ****           tempbuff++;
 2275              		.loc 1 867 29 is_stmt 0 view .LVU818
 2276 00fc 2378     		ldrb	r3, [r4]	@ zero_extendqisi2
 867:Drivers/STM32F4xx_HAL_Driver/Src/stm32f4xx_hal_sd.c ****           tempbuff++;
 2277              		.loc 1 867 16 view .LVU819
 2278 00fe 0393     		str	r3, [sp, #12]
 868:Drivers/STM32F4xx_HAL_Driver/Src/stm32f4xx_hal_sd.c ****           dataremaining--;
 2279              		.loc 1 868 11 is_stmt 1 view .LVU820
 2280              	.LVL203:
 869:Drivers/STM32F4xx_HAL_Driver/Src/stm32f4xx_hal_sd.c ****           data |= ((uint32_t)(*tempbuff) << 8U);
 2281              		.loc 1 869 11 view .LVU821
 870:Drivers/STM32F4xx_HAL_Driver/Src/stm32f4xx_hal_sd.c ****           tempbuff++;
 2282              		.loc 1 870 11 view .LVU822
 870:Drivers/STM32F4xx_HAL_Driver/Src/stm32f4xx_hal_sd.c ****           tempbuff++;
 2283              		.loc 1 870 31 is_stmt 0 view .LVU823
 2284 0100 6278     		ldrb	r2, [r4, #1]	@ zero_extendqisi2
 870:Drivers/STM32F4xx_HAL_Driver/Src/stm32f4xx_hal_sd.c ****           tempbuff++;
 2285              		.loc 1 870 16 view .LVU824
 2286 0102 43EA0223 		orr	r3, r3, r2, lsl #8
 2287 0106 0393     		str	r3, [sp, #12]
 871:Drivers/STM32F4xx_HAL_Driver/Src/stm32f4xx_hal_sd.c ****           dataremaining--;
 2288              		.loc 1 871 11 is_stmt 1 view .LVU825
 2289              	.LVL204:
 872:Drivers/STM32F4xx_HAL_Driver/Src/stm32f4xx_hal_sd.c ****           data |= ((uint32_t)(*tempbuff) << 16U);
 2290              		.loc 1 872 11 view .LVU826
 873:Drivers/STM32F4xx_HAL_Driver/Src/stm32f4xx_hal_sd.c ****           tempbuff++;
 2291              		.loc 1 873 11 view .LVU827
 873:Drivers/STM32F4xx_HAL_Driver/Src/stm32f4xx_hal_sd.c ****           tempbuff++;
 2292              		.loc 1 873 31 is_stmt 0 view .LVU828
 2293 0108 A278     		ldrb	r2, [r4, #2]	@ zero_extendqisi2
 873:Drivers/STM32F4xx_HAL_Driver/Src/stm32f4xx_hal_sd.c ****           tempbuff++;
 2294              		.loc 1 873 16 view .LVU829
 2295 010a 43EA0243 		orr	r3, r3, r2, lsl #16
 2296 010e 0393     		str	r3, [sp, #12]
 874:Drivers/STM32F4xx_HAL_Driver/Src/stm32f4xx_hal_sd.c ****           dataremaining--;
 2297              		.loc 1 874 11 is_stmt 1 view .LVU830
 2298              	.LVL205:
 875:Drivers/STM32F4xx_HAL_Driver/Src/stm32f4xx_hal_sd.c ****           data |= ((uint32_t)(*tempbuff) << 24U);
 2299              		.loc 1 875 11 view .LVU831
 876:Drivers/STM32F4xx_HAL_Driver/Src/stm32f4xx_hal_sd.c ****           tempbuff++;
 2300              		.loc 1 876 11 view .LVU832
 876:Drivers/STM32F4xx_HAL_Driver/Src/stm32f4xx_hal_sd.c ****           tempbuff++;
 2301              		.loc 1 876 31 is_stmt 0 view .LVU833
 2302 0110 E278     		ldrb	r2, [r4, #3]	@ zero_extendqisi2
 876:Drivers/STM32F4xx_HAL_Driver/Src/stm32f4xx_hal_sd.c ****           tempbuff++;
 2303              		.loc 1 876 16 view .LVU834
 2304 0112 43EA0263 		orr	r3, r3, r2, lsl #24
 2305 0116 0393     		str	r3, [sp, #12]
 877:Drivers/STM32F4xx_HAL_Driver/Src/stm32f4xx_hal_sd.c ****           dataremaining--;
 2306              		.loc 1 877 11 is_stmt 1 view .LVU835
 877:Drivers/STM32F4xx_HAL_Driver/Src/stm32f4xx_hal_sd.c ****           dataremaining--;
 2307              		.loc 1 877 19 is_stmt 0 view .LVU836
 2308 0118 0434     		adds	r4, r4, #4
ARM GAS  /tmp/ccnf9wtj.s 			page 112


 2309              	.LVL206:
 878:Drivers/STM32F4xx_HAL_Driver/Src/stm32f4xx_hal_sd.c ****           (void)SDIO_WriteFIFO(hsd->Instance, &data);
 2310              		.loc 1 878 11 is_stmt 1 view .LVU837
 878:Drivers/STM32F4xx_HAL_Driver/Src/stm32f4xx_hal_sd.c ****           (void)SDIO_WriteFIFO(hsd->Instance, &data);
 2311              		.loc 1 878 24 is_stmt 0 view .LVU838
 2312 011a A8F10408 		sub	r8, r8, #4
 2313              	.LVL207:
 879:Drivers/STM32F4xx_HAL_Driver/Src/stm32f4xx_hal_sd.c ****         }
 2314              		.loc 1 879 11 is_stmt 1 view .LVU839
 879:Drivers/STM32F4xx_HAL_Driver/Src/stm32f4xx_hal_sd.c ****         }
 2315              		.loc 1 879 17 is_stmt 0 view .LVU840
 2316 011e 03A9     		add	r1, sp, #12
 2317 0120 2868     		ldr	r0, [r5]
 2318 0122 FFF7FEFF 		bl	SDIO_WriteFIFO
 2319              	.LVL208:
 865:Drivers/STM32F4xx_HAL_Driver/Src/stm32f4xx_hal_sd.c ****         {
 2320              		.loc 1 865 42 is_stmt 1 discriminator 3 view .LVU841
 2321 0126 0136     		adds	r6, r6, #1
 2322              	.LVL209:
 865:Drivers/STM32F4xx_HAL_Driver/Src/stm32f4xx_hal_sd.c ****         {
 2323              		.loc 1 865 42 is_stmt 0 discriminator 3 view .LVU842
 2324 0128 E6E7     		b	.L143
 2325              	.LVL210:
 2326              	.L145:
 886:Drivers/STM32F4xx_HAL_Driver/Src/stm32f4xx_hal_sd.c ****         hsd->ErrorCode |= errorstate;
 2327              		.loc 1 886 9 is_stmt 1 view .LVU843
 2328 012a 2B68     		ldr	r3, [r5]
 2329 012c 364A     		ldr	r2, .L159
 2330 012e 9A63     		str	r2, [r3, #56]
 887:Drivers/STM32F4xx_HAL_Driver/Src/stm32f4xx_hal_sd.c ****         hsd->State = HAL_SD_STATE_READY;
 2331              		.loc 1 887 9 view .LVU844
 887:Drivers/STM32F4xx_HAL_Driver/Src/stm32f4xx_hal_sd.c ****         hsd->State = HAL_SD_STATE_READY;
 2332              		.loc 1 887 12 is_stmt 0 view .LVU845
 2333 0130 AB6B     		ldr	r3, [r5, #56]
 887:Drivers/STM32F4xx_HAL_Driver/Src/stm32f4xx_hal_sd.c ****         hsd->State = HAL_SD_STATE_READY;
 2334              		.loc 1 887 24 view .LVU846
 2335 0132 019A     		ldr	r2, [sp, #4]
 2336 0134 1343     		orrs	r3, r3, r2
 2337 0136 AB63     		str	r3, [r5, #56]
 888:Drivers/STM32F4xx_HAL_Driver/Src/stm32f4xx_hal_sd.c ****         hsd->Context = SD_CONTEXT_NONE;
 2338              		.loc 1 888 9 is_stmt 1 view .LVU847
 888:Drivers/STM32F4xx_HAL_Driver/Src/stm32f4xx_hal_sd.c ****         hsd->Context = SD_CONTEXT_NONE;
 2339              		.loc 1 888 20 is_stmt 0 view .LVU848
 2340 0138 0123     		movs	r3, #1
 2341 013a 85F83430 		strb	r3, [r5, #52]
 889:Drivers/STM32F4xx_HAL_Driver/Src/stm32f4xx_hal_sd.c ****         return HAL_TIMEOUT;
 2342              		.loc 1 889 9 is_stmt 1 view .LVU849
 889:Drivers/STM32F4xx_HAL_Driver/Src/stm32f4xx_hal_sd.c ****         return HAL_TIMEOUT;
 2343              		.loc 1 889 22 is_stmt 0 view .LVU850
 2344 013e 0023     		movs	r3, #0
 2345 0140 2B63     		str	r3, [r5, #48]
 890:Drivers/STM32F4xx_HAL_Driver/Src/stm32f4xx_hal_sd.c ****       }
 2346              		.loc 1 890 9 is_stmt 1 view .LVU851
 890:Drivers/STM32F4xx_HAL_Driver/Src/stm32f4xx_hal_sd.c ****       }
 2347              		.loc 1 890 16 is_stmt 0 view .LVU852
 2348 0142 4FF0030B 		mov	fp, #3
 2349 0146 5AE0     		b	.L134
ARM GAS  /tmp/ccnf9wtj.s 			page 113


 2350              	.L155:
 895:Drivers/STM32F4xx_HAL_Driver/Src/stm32f4xx_hal_sd.c ****     {
 2351              		.loc 1 895 5 is_stmt 1 view .LVU853
 895:Drivers/STM32F4xx_HAL_Driver/Src/stm32f4xx_hal_sd.c ****     {
 2352              		.loc 1 895 8 is_stmt 0 view .LVU854
 2353 0148 436B     		ldr	r3, [r0, #52]
 895:Drivers/STM32F4xx_HAL_Driver/Src/stm32f4xx_hal_sd.c ****     {
 2354              		.loc 1 895 7 view .LVU855
 2355 014a 13F4807F 		tst	r3, #256
 2356 014e 05D0     		beq	.L147
 895:Drivers/STM32F4xx_HAL_Driver/Src/stm32f4xx_hal_sd.c ****     {
 2357              		.loc 1 895 50 discriminator 1 view .LVU856
 2358 0150 BAF1010F 		cmp	r10, #1
 2359 0154 02D9     		bls	.L147
 897:Drivers/STM32F4xx_HAL_Driver/Src/stm32f4xx_hal_sd.c ****       {
 2360              		.loc 1 897 7 is_stmt 1 view .LVU857
 897:Drivers/STM32F4xx_HAL_Driver/Src/stm32f4xx_hal_sd.c ****       {
 2361              		.loc 1 897 21 is_stmt 0 view .LVU858
 2362 0156 6B6C     		ldr	r3, [r5, #68]
 897:Drivers/STM32F4xx_HAL_Driver/Src/stm32f4xx_hal_sd.c ****       {
 2363              		.loc 1 897 9 view .LVU859
 2364 0158 032B     		cmp	r3, #3
 2365 015a 18D1     		bne	.L156
 2366              	.LVL211:
 2367              	.L147:
 914:Drivers/STM32F4xx_HAL_Driver/Src/stm32f4xx_hal_sd.c ****     {
 2368              		.loc 1 914 5 is_stmt 1 view .LVU860
 914:Drivers/STM32F4xx_HAL_Driver/Src/stm32f4xx_hal_sd.c ****     {
 2369              		.loc 1 914 8 is_stmt 0 view .LVU861
 2370 015c 2B68     		ldr	r3, [r5]
 2371 015e 5A6B     		ldr	r2, [r3, #52]
 914:Drivers/STM32F4xx_HAL_Driver/Src/stm32f4xx_hal_sd.c ****     {
 2372              		.loc 1 914 7 view .LVU862
 2373 0160 12F0080F 		tst	r2, #8
 2374 0164 24D1     		bne	.L157
 923:Drivers/STM32F4xx_HAL_Driver/Src/stm32f4xx_hal_sd.c ****     {
 2375              		.loc 1 923 10 is_stmt 1 view .LVU863
 923:Drivers/STM32F4xx_HAL_Driver/Src/stm32f4xx_hal_sd.c ****     {
 2376              		.loc 1 923 13 is_stmt 0 view .LVU864
 2377 0166 5A6B     		ldr	r2, [r3, #52]
 923:Drivers/STM32F4xx_HAL_Driver/Src/stm32f4xx_hal_sd.c ****     {
 2378              		.loc 1 923 12 view .LVU865
 2379 0168 12F0020F 		tst	r2, #2
 2380 016c 2CD1     		bne	.L158
 932:Drivers/STM32F4xx_HAL_Driver/Src/stm32f4xx_hal_sd.c ****     {
 2381              		.loc 1 932 10 is_stmt 1 view .LVU866
 932:Drivers/STM32F4xx_HAL_Driver/Src/stm32f4xx_hal_sd.c ****     {
 2382              		.loc 1 932 13 is_stmt 0 view .LVU867
 2383 016e 5A6B     		ldr	r2, [r3, #52]
 932:Drivers/STM32F4xx_HAL_Driver/Src/stm32f4xx_hal_sd.c ****     {
 2384              		.loc 1 932 12 view .LVU868
 2385 0170 12F0100F 		tst	r2, #16
 2386 0174 34D0     		beq	.L150
 935:Drivers/STM32F4xx_HAL_Driver/Src/stm32f4xx_hal_sd.c ****       hsd->ErrorCode |= HAL_SD_ERROR_TX_UNDERRUN;
 2387              		.loc 1 935 7 is_stmt 1 view .LVU869
 2388 0176 244A     		ldr	r2, .L159
 2389 0178 9A63     		str	r2, [r3, #56]
ARM GAS  /tmp/ccnf9wtj.s 			page 114


 936:Drivers/STM32F4xx_HAL_Driver/Src/stm32f4xx_hal_sd.c ****       hsd->State = HAL_SD_STATE_READY;
 2390              		.loc 1 936 7 view .LVU870
 936:Drivers/STM32F4xx_HAL_Driver/Src/stm32f4xx_hal_sd.c ****       hsd->State = HAL_SD_STATE_READY;
 2391              		.loc 1 936 10 is_stmt 0 view .LVU871
 2392 017a AB6B     		ldr	r3, [r5, #56]
 936:Drivers/STM32F4xx_HAL_Driver/Src/stm32f4xx_hal_sd.c ****       hsd->State = HAL_SD_STATE_READY;
 2393              		.loc 1 936 22 view .LVU872
 2394 017c 43F01003 		orr	r3, r3, #16
 2395 0180 AB63     		str	r3, [r5, #56]
 937:Drivers/STM32F4xx_HAL_Driver/Src/stm32f4xx_hal_sd.c ****       hsd->Context = SD_CONTEXT_NONE;
 2396              		.loc 1 937 7 is_stmt 1 view .LVU873
 937:Drivers/STM32F4xx_HAL_Driver/Src/stm32f4xx_hal_sd.c ****       hsd->Context = SD_CONTEXT_NONE;
 2397              		.loc 1 937 18 is_stmt 0 view .LVU874
 2398 0182 0123     		movs	r3, #1
 2399 0184 85F83430 		strb	r3, [r5, #52]
 938:Drivers/STM32F4xx_HAL_Driver/Src/stm32f4xx_hal_sd.c ****       return HAL_ERROR;
 2400              		.loc 1 938 7 is_stmt 1 view .LVU875
 938:Drivers/STM32F4xx_HAL_Driver/Src/stm32f4xx_hal_sd.c ****       return HAL_ERROR;
 2401              		.loc 1 938 20 is_stmt 0 view .LVU876
 2402 0188 0023     		movs	r3, #0
 2403 018a 2B63     		str	r3, [r5, #48]
 939:Drivers/STM32F4xx_HAL_Driver/Src/stm32f4xx_hal_sd.c ****     }
 2404              		.loc 1 939 7 is_stmt 1 view .LVU877
 939:Drivers/STM32F4xx_HAL_Driver/Src/stm32f4xx_hal_sd.c ****     }
 2405              		.loc 1 939 14 is_stmt 0 view .LVU878
 2406 018c 37E0     		b	.L134
 2407              	.LVL212:
 2408              	.L156:
 900:Drivers/STM32F4xx_HAL_Driver/Src/stm32f4xx_hal_sd.c ****         if(errorstate != HAL_SD_ERROR_NONE)
 2409              		.loc 1 900 9 is_stmt 1 view .LVU879
 900:Drivers/STM32F4xx_HAL_Driver/Src/stm32f4xx_hal_sd.c ****         if(errorstate != HAL_SD_ERROR_NONE)
 2410              		.loc 1 900 22 is_stmt 0 view .LVU880
 2411 018e FFF7FEFF 		bl	SDMMC_CmdStopTransfer
 2412              	.LVL213:
 901:Drivers/STM32F4xx_HAL_Driver/Src/stm32f4xx_hal_sd.c ****         {
 2413              		.loc 1 901 9 is_stmt 1 view .LVU881
 901:Drivers/STM32F4xx_HAL_Driver/Src/stm32f4xx_hal_sd.c ****         {
 2414              		.loc 1 901 11 is_stmt 0 view .LVU882
 2415 0192 0346     		mov	r3, r0
 2416 0194 0028     		cmp	r0, #0
 2417 0196 E1D0     		beq	.L147
 904:Drivers/STM32F4xx_HAL_Driver/Src/stm32f4xx_hal_sd.c ****           hsd->ErrorCode |= errorstate;
 2418              		.loc 1 904 11 is_stmt 1 view .LVU883
 2419 0198 2A68     		ldr	r2, [r5]
 2420 019a 1B49     		ldr	r1, .L159
 2421 019c 9163     		str	r1, [r2, #56]
 905:Drivers/STM32F4xx_HAL_Driver/Src/stm32f4xx_hal_sd.c ****           hsd->State = HAL_SD_STATE_READY;
 2422              		.loc 1 905 11 view .LVU884
 905:Drivers/STM32F4xx_HAL_Driver/Src/stm32f4xx_hal_sd.c ****           hsd->State = HAL_SD_STATE_READY;
 2423              		.loc 1 905 14 is_stmt 0 view .LVU885
 2424 019e AA6B     		ldr	r2, [r5, #56]
 905:Drivers/STM32F4xx_HAL_Driver/Src/stm32f4xx_hal_sd.c ****           hsd->State = HAL_SD_STATE_READY;
 2425              		.loc 1 905 26 view .LVU886
 2426 01a0 1343     		orrs	r3, r3, r2
 2427 01a2 AB63     		str	r3, [r5, #56]
 906:Drivers/STM32F4xx_HAL_Driver/Src/stm32f4xx_hal_sd.c ****           hsd->Context = SD_CONTEXT_NONE;
 2428              		.loc 1 906 11 is_stmt 1 view .LVU887
ARM GAS  /tmp/ccnf9wtj.s 			page 115


 906:Drivers/STM32F4xx_HAL_Driver/Src/stm32f4xx_hal_sd.c ****           hsd->Context = SD_CONTEXT_NONE;
 2429              		.loc 1 906 22 is_stmt 0 view .LVU888
 2430 01a4 0123     		movs	r3, #1
 2431 01a6 85F83430 		strb	r3, [r5, #52]
 907:Drivers/STM32F4xx_HAL_Driver/Src/stm32f4xx_hal_sd.c ****           return HAL_ERROR;
 2432              		.loc 1 907 11 is_stmt 1 view .LVU889
 907:Drivers/STM32F4xx_HAL_Driver/Src/stm32f4xx_hal_sd.c ****           return HAL_ERROR;
 2433              		.loc 1 907 24 is_stmt 0 view .LVU890
 2434 01aa 0023     		movs	r3, #0
 2435 01ac 2B63     		str	r3, [r5, #48]
 908:Drivers/STM32F4xx_HAL_Driver/Src/stm32f4xx_hal_sd.c ****         }
 2436              		.loc 1 908 11 is_stmt 1 view .LVU891
 908:Drivers/STM32F4xx_HAL_Driver/Src/stm32f4xx_hal_sd.c ****         }
 2437              		.loc 1 908 18 is_stmt 0 view .LVU892
 2438 01ae 26E0     		b	.L134
 2439              	.LVL214:
 2440              	.L157:
 917:Drivers/STM32F4xx_HAL_Driver/Src/stm32f4xx_hal_sd.c ****       hsd->ErrorCode |= HAL_SD_ERROR_DATA_TIMEOUT;
 2441              		.loc 1 917 7 is_stmt 1 view .LVU893
 2442 01b0 154A     		ldr	r2, .L159
 2443 01b2 9A63     		str	r2, [r3, #56]
 918:Drivers/STM32F4xx_HAL_Driver/Src/stm32f4xx_hal_sd.c ****       hsd->State = HAL_SD_STATE_READY;
 2444              		.loc 1 918 7 view .LVU894
 918:Drivers/STM32F4xx_HAL_Driver/Src/stm32f4xx_hal_sd.c ****       hsd->State = HAL_SD_STATE_READY;
 2445              		.loc 1 918 10 is_stmt 0 view .LVU895
 2446 01b4 AB6B     		ldr	r3, [r5, #56]
 918:Drivers/STM32F4xx_HAL_Driver/Src/stm32f4xx_hal_sd.c ****       hsd->State = HAL_SD_STATE_READY;
 2447              		.loc 1 918 22 view .LVU896
 2448 01b6 43F00803 		orr	r3, r3, #8
 2449 01ba AB63     		str	r3, [r5, #56]
 919:Drivers/STM32F4xx_HAL_Driver/Src/stm32f4xx_hal_sd.c ****       hsd->Context = SD_CONTEXT_NONE;
 2450              		.loc 1 919 7 is_stmt 1 view .LVU897
 919:Drivers/STM32F4xx_HAL_Driver/Src/stm32f4xx_hal_sd.c ****       hsd->Context = SD_CONTEXT_NONE;
 2451              		.loc 1 919 18 is_stmt 0 view .LVU898
 2452 01bc 0123     		movs	r3, #1
 2453 01be 85F83430 		strb	r3, [r5, #52]
 920:Drivers/STM32F4xx_HAL_Driver/Src/stm32f4xx_hal_sd.c ****       return HAL_ERROR;
 2454              		.loc 1 920 7 is_stmt 1 view .LVU899
 920:Drivers/STM32F4xx_HAL_Driver/Src/stm32f4xx_hal_sd.c ****       return HAL_ERROR;
 2455              		.loc 1 920 20 is_stmt 0 view .LVU900
 2456 01c2 0023     		movs	r3, #0
 2457 01c4 2B63     		str	r3, [r5, #48]
 921:Drivers/STM32F4xx_HAL_Driver/Src/stm32f4xx_hal_sd.c ****     }
 2458              		.loc 1 921 7 is_stmt 1 view .LVU901
 921:Drivers/STM32F4xx_HAL_Driver/Src/stm32f4xx_hal_sd.c ****     }
 2459              		.loc 1 921 14 is_stmt 0 view .LVU902
 2460 01c6 1AE0     		b	.L134
 2461              	.L158:
 926:Drivers/STM32F4xx_HAL_Driver/Src/stm32f4xx_hal_sd.c ****       hsd->ErrorCode |= HAL_SD_ERROR_DATA_CRC_FAIL;
 2462              		.loc 1 926 7 is_stmt 1 view .LVU903
 2463 01c8 0F4A     		ldr	r2, .L159
 2464 01ca 9A63     		str	r2, [r3, #56]
 927:Drivers/STM32F4xx_HAL_Driver/Src/stm32f4xx_hal_sd.c ****       hsd->State = HAL_SD_STATE_READY;
 2465              		.loc 1 927 7 view .LVU904
 927:Drivers/STM32F4xx_HAL_Driver/Src/stm32f4xx_hal_sd.c ****       hsd->State = HAL_SD_STATE_READY;
 2466              		.loc 1 927 10 is_stmt 0 view .LVU905
 2467 01cc AB6B     		ldr	r3, [r5, #56]
ARM GAS  /tmp/ccnf9wtj.s 			page 116


 927:Drivers/STM32F4xx_HAL_Driver/Src/stm32f4xx_hal_sd.c ****       hsd->State = HAL_SD_STATE_READY;
 2468              		.loc 1 927 22 view .LVU906
 2469 01ce 43F00203 		orr	r3, r3, #2
 2470 01d2 AB63     		str	r3, [r5, #56]
 928:Drivers/STM32F4xx_HAL_Driver/Src/stm32f4xx_hal_sd.c ****       hsd->Context = SD_CONTEXT_NONE;
 2471              		.loc 1 928 7 is_stmt 1 view .LVU907
 928:Drivers/STM32F4xx_HAL_Driver/Src/stm32f4xx_hal_sd.c ****       hsd->Context = SD_CONTEXT_NONE;
 2472              		.loc 1 928 18 is_stmt 0 view .LVU908
 2473 01d4 0123     		movs	r3, #1
 2474 01d6 85F83430 		strb	r3, [r5, #52]
 929:Drivers/STM32F4xx_HAL_Driver/Src/stm32f4xx_hal_sd.c ****       return HAL_ERROR;
 2475              		.loc 1 929 7 is_stmt 1 view .LVU909
 929:Drivers/STM32F4xx_HAL_Driver/Src/stm32f4xx_hal_sd.c ****       return HAL_ERROR;
 2476              		.loc 1 929 20 is_stmt 0 view .LVU910
 2477 01da 0023     		movs	r3, #0
 2478 01dc 2B63     		str	r3, [r5, #48]
 930:Drivers/STM32F4xx_HAL_Driver/Src/stm32f4xx_hal_sd.c ****     }
 2479              		.loc 1 930 7 is_stmt 1 view .LVU911
 930:Drivers/STM32F4xx_HAL_Driver/Src/stm32f4xx_hal_sd.c ****     }
 2480              		.loc 1 930 14 is_stmt 0 view .LVU912
 2481 01de 0EE0     		b	.L134
 2482              	.L150:
 944:Drivers/STM32F4xx_HAL_Driver/Src/stm32f4xx_hal_sd.c **** 
 2483              		.loc 1 944 5 is_stmt 1 view .LVU913
 947:Drivers/STM32F4xx_HAL_Driver/Src/stm32f4xx_hal_sd.c **** 
 2484              		.loc 1 947 5 view .LVU914
 2485 01e0 40F23A52 		movw	r2, #1338
 2486 01e4 9A63     		str	r2, [r3, #56]
 949:Drivers/STM32F4xx_HAL_Driver/Src/stm32f4xx_hal_sd.c **** 
 2487              		.loc 1 949 5 view .LVU915
 949:Drivers/STM32F4xx_HAL_Driver/Src/stm32f4xx_hal_sd.c **** 
 2488              		.loc 1 949 16 is_stmt 0 view .LVU916
 2489 01e6 0123     		movs	r3, #1
 2490 01e8 85F83430 		strb	r3, [r5, #52]
 951:Drivers/STM32F4xx_HAL_Driver/Src/stm32f4xx_hal_sd.c ****   }
 2491              		.loc 1 951 5 is_stmt 1 view .LVU917
 951:Drivers/STM32F4xx_HAL_Driver/Src/stm32f4xx_hal_sd.c ****   }
 2492              		.loc 1 951 12 is_stmt 0 view .LVU918
 2493 01ec 4FF0000B 		mov	fp, #0
 2494 01f0 05E0     		b	.L134
 2495              	.LVL215:
 2496              	.L135:
 955:Drivers/STM32F4xx_HAL_Driver/Src/stm32f4xx_hal_sd.c ****     return HAL_ERROR;
 2497              		.loc 1 955 5 is_stmt 1 view .LVU919
 955:Drivers/STM32F4xx_HAL_Driver/Src/stm32f4xx_hal_sd.c ****     return HAL_ERROR;
 2498              		.loc 1 955 8 is_stmt 0 view .LVU920
 2499 01f2 AB6B     		ldr	r3, [r5, #56]
 955:Drivers/STM32F4xx_HAL_Driver/Src/stm32f4xx_hal_sd.c ****     return HAL_ERROR;
 2500              		.loc 1 955 20 view .LVU921
 2501 01f4 43F00053 		orr	r3, r3, #536870912
 2502 01f8 AB63     		str	r3, [r5, #56]
 956:Drivers/STM32F4xx_HAL_Driver/Src/stm32f4xx_hal_sd.c ****   }
 2503              		.loc 1 956 5 is_stmt 1 view .LVU922
 956:Drivers/STM32F4xx_HAL_Driver/Src/stm32f4xx_hal_sd.c ****   }
 2504              		.loc 1 956 12 is_stmt 0 view .LVU923
 2505 01fa 4FF0010B 		mov	fp, #1
 2506              	.LVL216:
ARM GAS  /tmp/ccnf9wtj.s 			page 117


 2507              	.L134:
 958:Drivers/STM32F4xx_HAL_Driver/Src/stm32f4xx_hal_sd.c **** 
 2508              		.loc 1 958 1 view .LVU924
 2509 01fe 5846     		mov	r0, fp
 2510 0200 0BB0     		add	sp, sp, #44
 2511              	.LCFI34:
 2512              		.cfi_def_cfa_offset 36
 2513              		@ sp needed
 2514 0202 BDE8F08F 		pop	{r4, r5, r6, r7, r8, r9, r10, fp, pc}
 2515              	.LVL217:
 2516              	.L160:
 958:Drivers/STM32F4xx_HAL_Driver/Src/stm32f4xx_hal_sd.c **** 
 2517              		.loc 1 958 1 view .LVU925
 2518 0206 00BF     		.align	2
 2519              	.L159:
 2520 0208 FF054000 		.word	4195839
 2521              		.cfi_endproc
 2522              	.LFE136:
 2524              		.section	.text.HAL_SD_ReadBlocks_IT,"ax",%progbits
 2525              		.align	1
 2526              		.global	HAL_SD_ReadBlocks_IT
 2527              		.syntax unified
 2528              		.thumb
 2529              		.thumb_func
 2531              	HAL_SD_ReadBlocks_IT:
 2532              	.LVL218:
 2533              	.LFB137:
 974:Drivers/STM32F4xx_HAL_Driver/Src/stm32f4xx_hal_sd.c ****   SDIO_DataInitTypeDef config;
 2534              		.loc 1 974 1 is_stmt 1 view -0
 2535              		.cfi_startproc
 2536              		@ args = 0, pretend = 0, frame = 24
 2537              		@ frame_needed = 0, uses_anonymous_args = 0
 974:Drivers/STM32F4xx_HAL_Driver/Src/stm32f4xx_hal_sd.c ****   SDIO_DataInitTypeDef config;
 2538              		.loc 1 974 1 is_stmt 0 view .LVU927
 2539 0000 F0B5     		push	{r4, r5, r6, r7, lr}
 2540              	.LCFI35:
 2541              		.cfi_def_cfa_offset 20
 2542              		.cfi_offset 4, -20
 2543              		.cfi_offset 5, -16
 2544              		.cfi_offset 6, -12
 2545              		.cfi_offset 7, -8
 2546              		.cfi_offset 14, -4
 2547 0002 87B0     		sub	sp, sp, #28
 2548              	.LCFI36:
 2549              		.cfi_def_cfa_offset 48
 2550 0004 0446     		mov	r4, r0
 975:Drivers/STM32F4xx_HAL_Driver/Src/stm32f4xx_hal_sd.c ****   uint32_t errorstate;
 2551              		.loc 1 975 3 is_stmt 1 view .LVU928
 976:Drivers/STM32F4xx_HAL_Driver/Src/stm32f4xx_hal_sd.c ****   uint32_t add = BlockAdd;
 2552              		.loc 1 976 3 view .LVU929
 977:Drivers/STM32F4xx_HAL_Driver/Src/stm32f4xx_hal_sd.c **** 
 2553              		.loc 1 977 3 view .LVU930
 2554              	.LVL219:
 979:Drivers/STM32F4xx_HAL_Driver/Src/stm32f4xx_hal_sd.c ****   {
 2555              		.loc 1 979 3 view .LVU931
 979:Drivers/STM32F4xx_HAL_Driver/Src/stm32f4xx_hal_sd.c ****   {
 2556              		.loc 1 979 5 is_stmt 0 view .LVU932
ARM GAS  /tmp/ccnf9wtj.s 			page 118


 2557 0006 0029     		cmp	r1, #0
 2558 0008 46D0     		beq	.L171
 2559 000a 1546     		mov	r5, r2
 2560 000c 1E46     		mov	r6, r3
 2561 000e 0A46     		mov	r2, r1
 2562              	.LVL220:
 985:Drivers/STM32F4xx_HAL_Driver/Src/stm32f4xx_hal_sd.c ****   {
 2563              		.loc 1 985 3 is_stmt 1 view .LVU933
 985:Drivers/STM32F4xx_HAL_Driver/Src/stm32f4xx_hal_sd.c ****   {
 2564              		.loc 1 985 9 is_stmt 0 view .LVU934
 2565 0010 90F83430 		ldrb	r3, [r0, #52]	@ zero_extendqisi2
 2566              	.LVL221:
 985:Drivers/STM32F4xx_HAL_Driver/Src/stm32f4xx_hal_sd.c ****   {
 2567              		.loc 1 985 9 view .LVU935
 2568 0014 DFB2     		uxtb	r7, r3
 985:Drivers/STM32F4xx_HAL_Driver/Src/stm32f4xx_hal_sd.c ****   {
 2569              		.loc 1 985 5 view .LVU936
 2570 0016 012B     		cmp	r3, #1
 2571 0018 50D1     		bne	.L168
 987:Drivers/STM32F4xx_HAL_Driver/Src/stm32f4xx_hal_sd.c **** 
 2572              		.loc 1 987 5 is_stmt 1 view .LVU937
 987:Drivers/STM32F4xx_HAL_Driver/Src/stm32f4xx_hal_sd.c **** 
 2573              		.loc 1 987 20 is_stmt 0 view .LVU938
 2574 001a 0023     		movs	r3, #0
 2575 001c 8363     		str	r3, [r0, #56]
 989:Drivers/STM32F4xx_HAL_Driver/Src/stm32f4xx_hal_sd.c ****     {
 2576              		.loc 1 989 5 is_stmt 1 view .LVU939
 989:Drivers/STM32F4xx_HAL_Driver/Src/stm32f4xx_hal_sd.c ****     {
 2577              		.loc 1 989 13 is_stmt 0 view .LVU940
 2578 001e AB19     		adds	r3, r5, r6
 989:Drivers/STM32F4xx_HAL_Driver/Src/stm32f4xx_hal_sd.c ****     {
 2579              		.loc 1 989 45 view .LVU941
 2580 0020 C16D     		ldr	r1, [r0, #92]
 2581              	.LVL222:
 989:Drivers/STM32F4xx_HAL_Driver/Src/stm32f4xx_hal_sd.c ****     {
 2582              		.loc 1 989 7 view .LVU942
 2583 0022 8B42     		cmp	r3, r1
 2584 0024 3ED8     		bhi	.L172
 995:Drivers/STM32F4xx_HAL_Driver/Src/stm32f4xx_hal_sd.c **** 
 2585              		.loc 1 995 5 is_stmt 1 view .LVU943
 995:Drivers/STM32F4xx_HAL_Driver/Src/stm32f4xx_hal_sd.c **** 
 2586              		.loc 1 995 16 is_stmt 0 view .LVU944
 2587 0026 0323     		movs	r3, #3
 2588 0028 80F83430 		strb	r3, [r0, #52]
 998:Drivers/STM32F4xx_HAL_Driver/Src/stm32f4xx_hal_sd.c **** 
 2589              		.loc 1 998 5 is_stmt 1 view .LVU945
 998:Drivers/STM32F4xx_HAL_Driver/Src/stm32f4xx_hal_sd.c **** 
 2590              		.loc 1 998 8 is_stmt 0 view .LVU946
 2591 002c 0368     		ldr	r3, [r0]
 998:Drivers/STM32F4xx_HAL_Driver/Src/stm32f4xx_hal_sd.c **** 
 2592              		.loc 1 998 26 view .LVU947
 2593 002e 0021     		movs	r1, #0
 2594 0030 D962     		str	r1, [r3, #44]
1000:Drivers/STM32F4xx_HAL_Driver/Src/stm32f4xx_hal_sd.c ****     hsd->RxXferSize = BLOCKSIZE * NumberOfBlocks;
 2595              		.loc 1 1000 5 is_stmt 1 view .LVU948
1000:Drivers/STM32F4xx_HAL_Driver/Src/stm32f4xx_hal_sd.c ****     hsd->RxXferSize = BLOCKSIZE * NumberOfBlocks;
 2596              		.loc 1 1000 21 is_stmt 0 view .LVU949
ARM GAS  /tmp/ccnf9wtj.s 			page 119


 2597 0032 8262     		str	r2, [r0, #40]
1001:Drivers/STM32F4xx_HAL_Driver/Src/stm32f4xx_hal_sd.c **** 
 2598              		.loc 1 1001 5 is_stmt 1 view .LVU950
1001:Drivers/STM32F4xx_HAL_Driver/Src/stm32f4xx_hal_sd.c **** 
 2599              		.loc 1 1001 33 is_stmt 0 view .LVU951
 2600 0034 7202     		lsls	r2, r6, #9
 2601              	.LVL223:
1001:Drivers/STM32F4xx_HAL_Driver/Src/stm32f4xx_hal_sd.c **** 
 2602              		.loc 1 1001 21 view .LVU952
 2603 0036 C262     		str	r2, [r0, #44]
1004:Drivers/STM32F4xx_HAL_Driver/Src/stm32f4xx_hal_sd.c **** #else /* SDIO_STA_STBITERR not defined */
 2604              		.loc 1 1004 5 is_stmt 1 view .LVU953
 2605 0038 0168     		ldr	r1, [r0]
 2606 003a CB6B     		ldr	r3, [r1, #60]
 2607 003c 43F40343 		orr	r3, r3, #33536
 2608 0040 43F02A03 		orr	r3, r3, #42
 2609 0044 CB63     		str	r3, [r1, #60]
 2610              	.LVL224:
1009:Drivers/STM32F4xx_HAL_Driver/Src/stm32f4xx_hal_sd.c ****     {
 2611              		.loc 1 1009 5 view .LVU954
1009:Drivers/STM32F4xx_HAL_Driver/Src/stm32f4xx_hal_sd.c ****     {
 2612              		.loc 1 1009 19 is_stmt 0 view .LVU955
 2613 0046 436C     		ldr	r3, [r0, #68]
1009:Drivers/STM32F4xx_HAL_Driver/Src/stm32f4xx_hal_sd.c ****     {
 2614              		.loc 1 1009 7 view .LVU956
 2615 0048 012B     		cmp	r3, #1
 2616 004a 00D0     		beq	.L165
1011:Drivers/STM32F4xx_HAL_Driver/Src/stm32f4xx_hal_sd.c ****     }
 2617              		.loc 1 1011 7 is_stmt 1 view .LVU957
1011:Drivers/STM32F4xx_HAL_Driver/Src/stm32f4xx_hal_sd.c ****     }
 2618              		.loc 1 1011 11 is_stmt 0 view .LVU958
 2619 004c 6D02     		lsls	r5, r5, #9
 2620              	.LVL225:
 2621              	.L165:
1015:Drivers/STM32F4xx_HAL_Driver/Src/stm32f4xx_hal_sd.c ****     config.DataLength    = BLOCKSIZE * NumberOfBlocks;
 2622              		.loc 1 1015 5 is_stmt 1 view .LVU959
1015:Drivers/STM32F4xx_HAL_Driver/Src/stm32f4xx_hal_sd.c ****     config.DataLength    = BLOCKSIZE * NumberOfBlocks;
 2623              		.loc 1 1015 26 is_stmt 0 view .LVU960
 2624 004e 4FF0FF33 		mov	r3, #-1
 2625 0052 0093     		str	r3, [sp]
1016:Drivers/STM32F4xx_HAL_Driver/Src/stm32f4xx_hal_sd.c ****     config.DataBlockSize = SDIO_DATABLOCK_SIZE_512B;
 2626              		.loc 1 1016 5 is_stmt 1 view .LVU961
1016:Drivers/STM32F4xx_HAL_Driver/Src/stm32f4xx_hal_sd.c ****     config.DataBlockSize = SDIO_DATABLOCK_SIZE_512B;
 2627              		.loc 1 1016 26 is_stmt 0 view .LVU962
 2628 0054 0192     		str	r2, [sp, #4]
1017:Drivers/STM32F4xx_HAL_Driver/Src/stm32f4xx_hal_sd.c ****     config.TransferDir   = SDIO_TRANSFER_DIR_TO_SDIO;
 2629              		.loc 1 1017 5 is_stmt 1 view .LVU963
1017:Drivers/STM32F4xx_HAL_Driver/Src/stm32f4xx_hal_sd.c ****     config.TransferDir   = SDIO_TRANSFER_DIR_TO_SDIO;
 2630              		.loc 1 1017 26 is_stmt 0 view .LVU964
 2631 0056 9023     		movs	r3, #144
 2632 0058 0293     		str	r3, [sp, #8]
1018:Drivers/STM32F4xx_HAL_Driver/Src/stm32f4xx_hal_sd.c ****     config.TransferMode  = SDIO_TRANSFER_MODE_BLOCK;
 2633              		.loc 1 1018 5 is_stmt 1 view .LVU965
1018:Drivers/STM32F4xx_HAL_Driver/Src/stm32f4xx_hal_sd.c ****     config.TransferMode  = SDIO_TRANSFER_MODE_BLOCK;
 2634              		.loc 1 1018 26 is_stmt 0 view .LVU966
 2635 005a 0223     		movs	r3, #2
 2636 005c 0393     		str	r3, [sp, #12]
ARM GAS  /tmp/ccnf9wtj.s 			page 120


1019:Drivers/STM32F4xx_HAL_Driver/Src/stm32f4xx_hal_sd.c ****     config.DPSM          = SDIO_DPSM_ENABLE;
 2637              		.loc 1 1019 5 is_stmt 1 view .LVU967
1019:Drivers/STM32F4xx_HAL_Driver/Src/stm32f4xx_hal_sd.c ****     config.DPSM          = SDIO_DPSM_ENABLE;
 2638              		.loc 1 1019 26 is_stmt 0 view .LVU968
 2639 005e 0023     		movs	r3, #0
 2640 0060 0493     		str	r3, [sp, #16]
1020:Drivers/STM32F4xx_HAL_Driver/Src/stm32f4xx_hal_sd.c ****     (void)SDIO_ConfigData(hsd->Instance, &config);
 2641              		.loc 1 1020 5 is_stmt 1 view .LVU969
1020:Drivers/STM32F4xx_HAL_Driver/Src/stm32f4xx_hal_sd.c ****     (void)SDIO_ConfigData(hsd->Instance, &config);
 2642              		.loc 1 1020 26 is_stmt 0 view .LVU970
 2643 0062 0123     		movs	r3, #1
 2644 0064 0593     		str	r3, [sp, #20]
1021:Drivers/STM32F4xx_HAL_Driver/Src/stm32f4xx_hal_sd.c **** 
 2645              		.loc 1 1021 5 is_stmt 1 view .LVU971
1021:Drivers/STM32F4xx_HAL_Driver/Src/stm32f4xx_hal_sd.c **** 
 2646              		.loc 1 1021 11 is_stmt 0 view .LVU972
 2647 0066 6946     		mov	r1, sp
 2648 0068 2068     		ldr	r0, [r4]
 2649              	.LVL226:
1021:Drivers/STM32F4xx_HAL_Driver/Src/stm32f4xx_hal_sd.c **** 
 2650              		.loc 1 1021 11 view .LVU973
 2651 006a FFF7FEFF 		bl	SDIO_ConfigData
 2652              	.LVL227:
1024:Drivers/STM32F4xx_HAL_Driver/Src/stm32f4xx_hal_sd.c ****     {
 2653              		.loc 1 1024 5 is_stmt 1 view .LVU974
1024:Drivers/STM32F4xx_HAL_Driver/Src/stm32f4xx_hal_sd.c ****     {
 2654              		.loc 1 1024 7 is_stmt 0 view .LVU975
 2655 006e 012E     		cmp	r6, #1
 2656 0070 1DD9     		bls	.L166
1026:Drivers/STM32F4xx_HAL_Driver/Src/stm32f4xx_hal_sd.c **** 
 2657              		.loc 1 1026 7 is_stmt 1 view .LVU976
1026:Drivers/STM32F4xx_HAL_Driver/Src/stm32f4xx_hal_sd.c **** 
 2658              		.loc 1 1026 20 is_stmt 0 view .LVU977
 2659 0072 0A23     		movs	r3, #10
 2660 0074 2363     		str	r3, [r4, #48]
1029:Drivers/STM32F4xx_HAL_Driver/Src/stm32f4xx_hal_sd.c ****     }
 2661              		.loc 1 1029 7 is_stmt 1 view .LVU978
1029:Drivers/STM32F4xx_HAL_Driver/Src/stm32f4xx_hal_sd.c ****     }
 2662              		.loc 1 1029 20 is_stmt 0 view .LVU979
 2663 0076 2946     		mov	r1, r5
 2664 0078 2068     		ldr	r0, [r4]
 2665 007a FFF7FEFF 		bl	SDMMC_CmdReadMultiBlock
 2666              	.LVL228:
 2667              	.L167:
1038:Drivers/STM32F4xx_HAL_Driver/Src/stm32f4xx_hal_sd.c ****     {
 2668              		.loc 1 1038 5 is_stmt 1 view .LVU980
1038:Drivers/STM32F4xx_HAL_Driver/Src/stm32f4xx_hal_sd.c ****     {
 2669              		.loc 1 1038 7 is_stmt 0 view .LVU981
 2670 007e 08B3     		cbz	r0, .L169
1041:Drivers/STM32F4xx_HAL_Driver/Src/stm32f4xx_hal_sd.c ****       hsd->ErrorCode |= errorstate;
 2671              		.loc 1 1041 7 is_stmt 1 view .LVU982
 2672 0080 2368     		ldr	r3, [r4]
 2673 0082 114A     		ldr	r2, .L173
 2674 0084 9A63     		str	r2, [r3, #56]
1042:Drivers/STM32F4xx_HAL_Driver/Src/stm32f4xx_hal_sd.c ****       hsd->State = HAL_SD_STATE_READY;
 2675              		.loc 1 1042 7 view .LVU983
1042:Drivers/STM32F4xx_HAL_Driver/Src/stm32f4xx_hal_sd.c ****       hsd->State = HAL_SD_STATE_READY;
ARM GAS  /tmp/ccnf9wtj.s 			page 121


 2676              		.loc 1 1042 10 is_stmt 0 view .LVU984
 2677 0086 A36B     		ldr	r3, [r4, #56]
1042:Drivers/STM32F4xx_HAL_Driver/Src/stm32f4xx_hal_sd.c ****       hsd->State = HAL_SD_STATE_READY;
 2678              		.loc 1 1042 22 view .LVU985
 2679 0088 0343     		orrs	r3, r3, r0
 2680 008a A363     		str	r3, [r4, #56]
1043:Drivers/STM32F4xx_HAL_Driver/Src/stm32f4xx_hal_sd.c ****       hsd->Context = SD_CONTEXT_NONE;
 2681              		.loc 1 1043 7 is_stmt 1 view .LVU986
1043:Drivers/STM32F4xx_HAL_Driver/Src/stm32f4xx_hal_sd.c ****       hsd->Context = SD_CONTEXT_NONE;
 2682              		.loc 1 1043 18 is_stmt 0 view .LVU987
 2683 008c 0123     		movs	r3, #1
 2684 008e 84F83430 		strb	r3, [r4, #52]
1044:Drivers/STM32F4xx_HAL_Driver/Src/stm32f4xx_hal_sd.c ****       return HAL_ERROR;
 2685              		.loc 1 1044 7 is_stmt 1 view .LVU988
1044:Drivers/STM32F4xx_HAL_Driver/Src/stm32f4xx_hal_sd.c ****       return HAL_ERROR;
 2686              		.loc 1 1044 20 is_stmt 0 view .LVU989
 2687 0092 0023     		movs	r3, #0
 2688 0094 2363     		str	r3, [r4, #48]
1045:Drivers/STM32F4xx_HAL_Driver/Src/stm32f4xx_hal_sd.c ****     }
 2689              		.loc 1 1045 7 is_stmt 1 view .LVU990
1045:Drivers/STM32F4xx_HAL_Driver/Src/stm32f4xx_hal_sd.c ****     }
 2690              		.loc 1 1045 14 is_stmt 0 view .LVU991
 2691 0096 12E0     		b	.L163
 2692              	.LVL229:
 2693              	.L171:
 981:Drivers/STM32F4xx_HAL_Driver/Src/stm32f4xx_hal_sd.c ****     return HAL_ERROR;
 2694              		.loc 1 981 5 is_stmt 1 view .LVU992
 981:Drivers/STM32F4xx_HAL_Driver/Src/stm32f4xx_hal_sd.c ****     return HAL_ERROR;
 2695              		.loc 1 981 8 is_stmt 0 view .LVU993
 2696 0098 836B     		ldr	r3, [r0, #56]
 2697              	.LVL230:
 981:Drivers/STM32F4xx_HAL_Driver/Src/stm32f4xx_hal_sd.c ****     return HAL_ERROR;
 2698              		.loc 1 981 20 view .LVU994
 2699 009a 43F00063 		orr	r3, r3, #134217728
 2700 009e 8363     		str	r3, [r0, #56]
 982:Drivers/STM32F4xx_HAL_Driver/Src/stm32f4xx_hal_sd.c ****   }
 2701              		.loc 1 982 5 is_stmt 1 view .LVU995
 982:Drivers/STM32F4xx_HAL_Driver/Src/stm32f4xx_hal_sd.c ****   }
 2702              		.loc 1 982 12 is_stmt 0 view .LVU996
 2703 00a0 0127     		movs	r7, #1
 2704 00a2 0CE0     		b	.L163
 2705              	.LVL231:
 2706              	.L172:
 991:Drivers/STM32F4xx_HAL_Driver/Src/stm32f4xx_hal_sd.c ****       return HAL_ERROR;
 2707              		.loc 1 991 7 is_stmt 1 view .LVU997
 991:Drivers/STM32F4xx_HAL_Driver/Src/stm32f4xx_hal_sd.c ****       return HAL_ERROR;
 2708              		.loc 1 991 10 is_stmt 0 view .LVU998
 2709 00a4 836B     		ldr	r3, [r0, #56]
 991:Drivers/STM32F4xx_HAL_Driver/Src/stm32f4xx_hal_sd.c ****       return HAL_ERROR;
 2710              		.loc 1 991 22 view .LVU999
 2711 00a6 43F00073 		orr	r3, r3, #33554432
 2712 00aa 8363     		str	r3, [r0, #56]
 992:Drivers/STM32F4xx_HAL_Driver/Src/stm32f4xx_hal_sd.c ****     }
 2713              		.loc 1 992 7 is_stmt 1 view .LVU1000
 992:Drivers/STM32F4xx_HAL_Driver/Src/stm32f4xx_hal_sd.c ****     }
 2714              		.loc 1 992 14 is_stmt 0 view .LVU1001
 2715 00ac 07E0     		b	.L163
ARM GAS  /tmp/ccnf9wtj.s 			page 122


 2716              	.LVL232:
 2717              	.L166:
1033:Drivers/STM32F4xx_HAL_Driver/Src/stm32f4xx_hal_sd.c **** 
 2718              		.loc 1 1033 7 is_stmt 1 view .LVU1002
1033:Drivers/STM32F4xx_HAL_Driver/Src/stm32f4xx_hal_sd.c **** 
 2719              		.loc 1 1033 20 is_stmt 0 view .LVU1003
 2720 00ae 0923     		movs	r3, #9
 2721 00b0 2363     		str	r3, [r4, #48]
1036:Drivers/STM32F4xx_HAL_Driver/Src/stm32f4xx_hal_sd.c ****     }
 2722              		.loc 1 1036 7 is_stmt 1 view .LVU1004
1036:Drivers/STM32F4xx_HAL_Driver/Src/stm32f4xx_hal_sd.c ****     }
 2723              		.loc 1 1036 20 is_stmt 0 view .LVU1005
 2724 00b2 2946     		mov	r1, r5
 2725 00b4 2068     		ldr	r0, [r4]
 2726 00b6 FFF7FEFF 		bl	SDMMC_CmdReadSingleBlock
 2727              	.LVL233:
 2728 00ba E0E7     		b	.L167
 2729              	.LVL234:
 2730              	.L168:
1052:Drivers/STM32F4xx_HAL_Driver/Src/stm32f4xx_hal_sd.c ****   }
 2731              		.loc 1 1052 12 view .LVU1006
 2732 00bc 0227     		movs	r7, #2
 2733              	.LVL235:
 2734              	.L163:
1054:Drivers/STM32F4xx_HAL_Driver/Src/stm32f4xx_hal_sd.c **** 
 2735              		.loc 1 1054 1 view .LVU1007
 2736 00be 3846     		mov	r0, r7
 2737 00c0 07B0     		add	sp, sp, #28
 2738              	.LCFI37:
 2739              		.cfi_remember_state
 2740              		.cfi_def_cfa_offset 20
 2741              		@ sp needed
 2742 00c2 F0BD     		pop	{r4, r5, r6, r7, pc}
 2743              	.LVL236:
 2744              	.L169:
 2745              	.LCFI38:
 2746              		.cfi_restore_state
1048:Drivers/STM32F4xx_HAL_Driver/Src/stm32f4xx_hal_sd.c ****   }
 2747              		.loc 1 1048 12 view .LVU1008
 2748 00c4 0027     		movs	r7, #0
 2749 00c6 FAE7     		b	.L163
 2750              	.L174:
 2751              		.align	2
 2752              	.L173:
 2753 00c8 FF054000 		.word	4195839
 2754              		.cfi_endproc
 2755              	.LFE137:
 2757              		.section	.text.HAL_SD_WriteBlocks_IT,"ax",%progbits
 2758              		.align	1
 2759              		.global	HAL_SD_WriteBlocks_IT
 2760              		.syntax unified
 2761              		.thumb
 2762              		.thumb_func
 2764              	HAL_SD_WriteBlocks_IT:
 2765              	.LVL237:
 2766              	.LFB138:
1070:Drivers/STM32F4xx_HAL_Driver/Src/stm32f4xx_hal_sd.c ****   SDIO_DataInitTypeDef config;
ARM GAS  /tmp/ccnf9wtj.s 			page 123


 2767              		.loc 1 1070 1 is_stmt 1 view -0
 2768              		.cfi_startproc
 2769              		@ args = 0, pretend = 0, frame = 24
 2770              		@ frame_needed = 0, uses_anonymous_args = 0
1070:Drivers/STM32F4xx_HAL_Driver/Src/stm32f4xx_hal_sd.c ****   SDIO_DataInitTypeDef config;
 2771              		.loc 1 1070 1 is_stmt 0 view .LVU1010
 2772 0000 70B5     		push	{r4, r5, r6, lr}
 2773              	.LCFI39:
 2774              		.cfi_def_cfa_offset 16
 2775              		.cfi_offset 4, -16
 2776              		.cfi_offset 5, -12
 2777              		.cfi_offset 6, -8
 2778              		.cfi_offset 14, -4
 2779 0002 86B0     		sub	sp, sp, #24
 2780              	.LCFI40:
 2781              		.cfi_def_cfa_offset 40
 2782 0004 0446     		mov	r4, r0
1071:Drivers/STM32F4xx_HAL_Driver/Src/stm32f4xx_hal_sd.c ****   uint32_t errorstate;
 2783              		.loc 1 1071 3 is_stmt 1 view .LVU1011
1072:Drivers/STM32F4xx_HAL_Driver/Src/stm32f4xx_hal_sd.c ****   uint32_t add = BlockAdd;
 2784              		.loc 1 1072 3 view .LVU1012
1073:Drivers/STM32F4xx_HAL_Driver/Src/stm32f4xx_hal_sd.c **** 
 2785              		.loc 1 1073 3 view .LVU1013
 2786              	.LVL238:
1075:Drivers/STM32F4xx_HAL_Driver/Src/stm32f4xx_hal_sd.c ****   {
 2787              		.loc 1 1075 3 view .LVU1014
1075:Drivers/STM32F4xx_HAL_Driver/Src/stm32f4xx_hal_sd.c ****   {
 2788              		.loc 1 1075 5 is_stmt 0 view .LVU1015
 2789 0006 0029     		cmp	r1, #0
 2790 0008 34D0     		beq	.L185
 2791 000a 0846     		mov	r0, r1
 2792              	.LVL239:
1081:Drivers/STM32F4xx_HAL_Driver/Src/stm32f4xx_hal_sd.c ****   {
 2793              		.loc 1 1081 3 is_stmt 1 view .LVU1016
1081:Drivers/STM32F4xx_HAL_Driver/Src/stm32f4xx_hal_sd.c ****   {
 2794              		.loc 1 1081 9 is_stmt 0 view .LVU1017
 2795 000c 94F83410 		ldrb	r1, [r4, #52]	@ zero_extendqisi2
 2796              	.LVL240:
1081:Drivers/STM32F4xx_HAL_Driver/Src/stm32f4xx_hal_sd.c ****   {
 2797              		.loc 1 1081 9 view .LVU1018
 2798 0010 CDB2     		uxtb	r5, r1
1081:Drivers/STM32F4xx_HAL_Driver/Src/stm32f4xx_hal_sd.c ****   {
 2799              		.loc 1 1081 5 view .LVU1019
 2800 0012 0129     		cmp	r1, #1
 2801 0014 50D1     		bne	.L183
1083:Drivers/STM32F4xx_HAL_Driver/Src/stm32f4xx_hal_sd.c **** 
 2802              		.loc 1 1083 5 is_stmt 1 view .LVU1020
1083:Drivers/STM32F4xx_HAL_Driver/Src/stm32f4xx_hal_sd.c **** 
 2803              		.loc 1 1083 20 is_stmt 0 view .LVU1021
 2804 0016 0021     		movs	r1, #0
 2805 0018 A163     		str	r1, [r4, #56]
1085:Drivers/STM32F4xx_HAL_Driver/Src/stm32f4xx_hal_sd.c ****     {
 2806              		.loc 1 1085 5 is_stmt 1 view .LVU1022
1085:Drivers/STM32F4xx_HAL_Driver/Src/stm32f4xx_hal_sd.c ****     {
 2807              		.loc 1 1085 13 is_stmt 0 view .LVU1023
 2808 001a D118     		adds	r1, r2, r3
1085:Drivers/STM32F4xx_HAL_Driver/Src/stm32f4xx_hal_sd.c ****     {
ARM GAS  /tmp/ccnf9wtj.s 			page 124


 2809              		.loc 1 1085 45 view .LVU1024
 2810 001c E66D     		ldr	r6, [r4, #92]
1085:Drivers/STM32F4xx_HAL_Driver/Src/stm32f4xx_hal_sd.c ****     {
 2811              		.loc 1 1085 7 view .LVU1025
 2812 001e B142     		cmp	r1, r6
 2813 0020 2ED8     		bhi	.L186
1091:Drivers/STM32F4xx_HAL_Driver/Src/stm32f4xx_hal_sd.c **** 
 2814              		.loc 1 1091 5 is_stmt 1 view .LVU1026
1091:Drivers/STM32F4xx_HAL_Driver/Src/stm32f4xx_hal_sd.c **** 
 2815              		.loc 1 1091 16 is_stmt 0 view .LVU1027
 2816 0022 0321     		movs	r1, #3
 2817 0024 84F83410 		strb	r1, [r4, #52]
1094:Drivers/STM32F4xx_HAL_Driver/Src/stm32f4xx_hal_sd.c **** 
 2818              		.loc 1 1094 5 is_stmt 1 view .LVU1028
1094:Drivers/STM32F4xx_HAL_Driver/Src/stm32f4xx_hal_sd.c **** 
 2819              		.loc 1 1094 8 is_stmt 0 view .LVU1029
 2820 0028 2168     		ldr	r1, [r4]
1094:Drivers/STM32F4xx_HAL_Driver/Src/stm32f4xx_hal_sd.c **** 
 2821              		.loc 1 1094 26 view .LVU1030
 2822 002a 0026     		movs	r6, #0
 2823 002c CE62     		str	r6, [r1, #44]
1096:Drivers/STM32F4xx_HAL_Driver/Src/stm32f4xx_hal_sd.c ****     hsd->TxXferSize = BLOCKSIZE * NumberOfBlocks;
 2824              		.loc 1 1096 5 is_stmt 1 view .LVU1031
1096:Drivers/STM32F4xx_HAL_Driver/Src/stm32f4xx_hal_sd.c ****     hsd->TxXferSize = BLOCKSIZE * NumberOfBlocks;
 2825              		.loc 1 1096 21 is_stmt 0 view .LVU1032
 2826 002e 2062     		str	r0, [r4, #32]
1097:Drivers/STM32F4xx_HAL_Driver/Src/stm32f4xx_hal_sd.c **** 
 2827              		.loc 1 1097 5 is_stmt 1 view .LVU1033
1097:Drivers/STM32F4xx_HAL_Driver/Src/stm32f4xx_hal_sd.c **** 
 2828              		.loc 1 1097 33 is_stmt 0 view .LVU1034
 2829 0030 5E02     		lsls	r6, r3, #9
1097:Drivers/STM32F4xx_HAL_Driver/Src/stm32f4xx_hal_sd.c **** 
 2830              		.loc 1 1097 21 view .LVU1035
 2831 0032 6662     		str	r6, [r4, #36]
1101:Drivers/STM32F4xx_HAL_Driver/Src/stm32f4xx_hal_sd.c **** #else /* SDIO_STA_STBITERR not defined */
 2832              		.loc 1 1101 5 is_stmt 1 view .LVU1036
 2833 0034 2068     		ldr	r0, [r4]
 2834              	.LVL241:
1101:Drivers/STM32F4xx_HAL_Driver/Src/stm32f4xx_hal_sd.c **** #else /* SDIO_STA_STBITERR not defined */
 2835              		.loc 1 1101 5 is_stmt 0 view .LVU1037
 2836 0036 C16B     		ldr	r1, [r0, #60]
 2837 0038 41F48641 		orr	r1, r1, #17152
 2838 003c 41F01A01 		orr	r1, r1, #26
 2839 0040 C163     		str	r1, [r0, #60]
 2840              	.LVL242:
1106:Drivers/STM32F4xx_HAL_Driver/Src/stm32f4xx_hal_sd.c ****     {
 2841              		.loc 1 1106 5 is_stmt 1 view .LVU1038
1106:Drivers/STM32F4xx_HAL_Driver/Src/stm32f4xx_hal_sd.c ****     {
 2842              		.loc 1 1106 19 is_stmt 0 view .LVU1039
 2843 0042 616C     		ldr	r1, [r4, #68]
1106:Drivers/STM32F4xx_HAL_Driver/Src/stm32f4xx_hal_sd.c ****     {
 2844              		.loc 1 1106 7 view .LVU1040
 2845 0044 0129     		cmp	r1, #1
 2846 0046 00D0     		beq	.L179
1108:Drivers/STM32F4xx_HAL_Driver/Src/stm32f4xx_hal_sd.c ****     }
 2847              		.loc 1 1108 7 is_stmt 1 view .LVU1041
1108:Drivers/STM32F4xx_HAL_Driver/Src/stm32f4xx_hal_sd.c ****     }
ARM GAS  /tmp/ccnf9wtj.s 			page 125


 2848              		.loc 1 1108 11 is_stmt 0 view .LVU1042
 2849 0048 5202     		lsls	r2, r2, #9
 2850              	.LVL243:
 2851              	.L179:
1112:Drivers/STM32F4xx_HAL_Driver/Src/stm32f4xx_hal_sd.c ****     {
 2852              		.loc 1 1112 5 is_stmt 1 view .LVU1043
1112:Drivers/STM32F4xx_HAL_Driver/Src/stm32f4xx_hal_sd.c ****     {
 2853              		.loc 1 1112 7 is_stmt 0 view .LVU1044
 2854 004a 012B     		cmp	r3, #1
 2855 004c 1DD9     		bls	.L180
1114:Drivers/STM32F4xx_HAL_Driver/Src/stm32f4xx_hal_sd.c **** 
 2856              		.loc 1 1114 7 is_stmt 1 view .LVU1045
1114:Drivers/STM32F4xx_HAL_Driver/Src/stm32f4xx_hal_sd.c **** 
 2857              		.loc 1 1114 20 is_stmt 0 view .LVU1046
 2858 004e 2823     		movs	r3, #40
 2859              	.LVL244:
1114:Drivers/STM32F4xx_HAL_Driver/Src/stm32f4xx_hal_sd.c **** 
 2860              		.loc 1 1114 20 view .LVU1047
 2861 0050 2363     		str	r3, [r4, #48]
1117:Drivers/STM32F4xx_HAL_Driver/Src/stm32f4xx_hal_sd.c ****     }
 2862              		.loc 1 1117 7 is_stmt 1 view .LVU1048
1117:Drivers/STM32F4xx_HAL_Driver/Src/stm32f4xx_hal_sd.c ****     }
 2863              		.loc 1 1117 20 is_stmt 0 view .LVU1049
 2864 0052 1146     		mov	r1, r2
 2865 0054 2068     		ldr	r0, [r4]
 2866 0056 FFF7FEFF 		bl	SDMMC_CmdWriteMultiBlock
 2867              	.LVL245:
 2868              	.L181:
1126:Drivers/STM32F4xx_HAL_Driver/Src/stm32f4xx_hal_sd.c ****     {
 2869              		.loc 1 1126 5 is_stmt 1 view .LVU1050
1126:Drivers/STM32F4xx_HAL_Driver/Src/stm32f4xx_hal_sd.c ****     {
 2870              		.loc 1 1126 7 is_stmt 0 view .LVU1051
 2871 005a E8B1     		cbz	r0, .L182
1129:Drivers/STM32F4xx_HAL_Driver/Src/stm32f4xx_hal_sd.c ****       hsd->ErrorCode |= errorstate;
 2872              		.loc 1 1129 7 is_stmt 1 view .LVU1052
 2873 005c 2368     		ldr	r3, [r4]
 2874 005e 184A     		ldr	r2, .L187
 2875 0060 9A63     		str	r2, [r3, #56]
1130:Drivers/STM32F4xx_HAL_Driver/Src/stm32f4xx_hal_sd.c ****       hsd->State = HAL_SD_STATE_READY;
 2876              		.loc 1 1130 7 view .LVU1053
1130:Drivers/STM32F4xx_HAL_Driver/Src/stm32f4xx_hal_sd.c ****       hsd->State = HAL_SD_STATE_READY;
 2877              		.loc 1 1130 10 is_stmt 0 view .LVU1054
 2878 0062 A36B     		ldr	r3, [r4, #56]
1130:Drivers/STM32F4xx_HAL_Driver/Src/stm32f4xx_hal_sd.c ****       hsd->State = HAL_SD_STATE_READY;
 2879              		.loc 1 1130 22 view .LVU1055
 2880 0064 0343     		orrs	r3, r3, r0
 2881 0066 A363     		str	r3, [r4, #56]
1131:Drivers/STM32F4xx_HAL_Driver/Src/stm32f4xx_hal_sd.c ****       hsd->Context = SD_CONTEXT_NONE;
 2882              		.loc 1 1131 7 is_stmt 1 view .LVU1056
1131:Drivers/STM32F4xx_HAL_Driver/Src/stm32f4xx_hal_sd.c ****       hsd->Context = SD_CONTEXT_NONE;
 2883              		.loc 1 1131 18 is_stmt 0 view .LVU1057
 2884 0068 0123     		movs	r3, #1
 2885 006a 84F83430 		strb	r3, [r4, #52]
1132:Drivers/STM32F4xx_HAL_Driver/Src/stm32f4xx_hal_sd.c ****       return HAL_ERROR;
 2886              		.loc 1 1132 7 is_stmt 1 view .LVU1058
1132:Drivers/STM32F4xx_HAL_Driver/Src/stm32f4xx_hal_sd.c ****       return HAL_ERROR;
 2887              		.loc 1 1132 20 is_stmt 0 view .LVU1059
ARM GAS  /tmp/ccnf9wtj.s 			page 126


 2888 006e 0023     		movs	r3, #0
 2889 0070 2363     		str	r3, [r4, #48]
1133:Drivers/STM32F4xx_HAL_Driver/Src/stm32f4xx_hal_sd.c ****     }
 2890              		.loc 1 1133 7 is_stmt 1 view .LVU1060
1133:Drivers/STM32F4xx_HAL_Driver/Src/stm32f4xx_hal_sd.c ****     }
 2891              		.loc 1 1133 14 is_stmt 0 view .LVU1061
 2892 0072 22E0     		b	.L177
 2893              	.LVL246:
 2894              	.L185:
1077:Drivers/STM32F4xx_HAL_Driver/Src/stm32f4xx_hal_sd.c ****     return HAL_ERROR;
 2895              		.loc 1 1077 5 is_stmt 1 view .LVU1062
1077:Drivers/STM32F4xx_HAL_Driver/Src/stm32f4xx_hal_sd.c ****     return HAL_ERROR;
 2896              		.loc 1 1077 8 is_stmt 0 view .LVU1063
 2897 0074 836B     		ldr	r3, [r0, #56]
 2898              	.LVL247:
1077:Drivers/STM32F4xx_HAL_Driver/Src/stm32f4xx_hal_sd.c ****     return HAL_ERROR;
 2899              		.loc 1 1077 20 view .LVU1064
 2900 0076 43F00063 		orr	r3, r3, #134217728
 2901 007a 8363     		str	r3, [r0, #56]
1078:Drivers/STM32F4xx_HAL_Driver/Src/stm32f4xx_hal_sd.c ****   }
 2902              		.loc 1 1078 5 is_stmt 1 view .LVU1065
1078:Drivers/STM32F4xx_HAL_Driver/Src/stm32f4xx_hal_sd.c ****   }
 2903              		.loc 1 1078 12 is_stmt 0 view .LVU1066
 2904 007c 0125     		movs	r5, #1
 2905 007e 1CE0     		b	.L177
 2906              	.LVL248:
 2907              	.L186:
1087:Drivers/STM32F4xx_HAL_Driver/Src/stm32f4xx_hal_sd.c ****       return HAL_ERROR;
 2908              		.loc 1 1087 7 is_stmt 1 view .LVU1067
1087:Drivers/STM32F4xx_HAL_Driver/Src/stm32f4xx_hal_sd.c ****       return HAL_ERROR;
 2909              		.loc 1 1087 10 is_stmt 0 view .LVU1068
 2910 0080 A36B     		ldr	r3, [r4, #56]
 2911              	.LVL249:
1087:Drivers/STM32F4xx_HAL_Driver/Src/stm32f4xx_hal_sd.c ****       return HAL_ERROR;
 2912              		.loc 1 1087 22 view .LVU1069
 2913 0082 43F00073 		orr	r3, r3, #33554432
 2914 0086 A363     		str	r3, [r4, #56]
1088:Drivers/STM32F4xx_HAL_Driver/Src/stm32f4xx_hal_sd.c ****     }
 2915              		.loc 1 1088 7 is_stmt 1 view .LVU1070
1088:Drivers/STM32F4xx_HAL_Driver/Src/stm32f4xx_hal_sd.c ****     }
 2916              		.loc 1 1088 14 is_stmt 0 view .LVU1071
 2917 0088 17E0     		b	.L177
 2918              	.LVL250:
 2919              	.L180:
1121:Drivers/STM32F4xx_HAL_Driver/Src/stm32f4xx_hal_sd.c **** 
 2920              		.loc 1 1121 7 is_stmt 1 view .LVU1072
1121:Drivers/STM32F4xx_HAL_Driver/Src/stm32f4xx_hal_sd.c **** 
 2921              		.loc 1 1121 20 is_stmt 0 view .LVU1073
 2922 008a 1823     		movs	r3, #24
 2923              	.LVL251:
1121:Drivers/STM32F4xx_HAL_Driver/Src/stm32f4xx_hal_sd.c **** 
 2924              		.loc 1 1121 20 view .LVU1074
 2925 008c 2363     		str	r3, [r4, #48]
1124:Drivers/STM32F4xx_HAL_Driver/Src/stm32f4xx_hal_sd.c ****     }
 2926              		.loc 1 1124 7 is_stmt 1 view .LVU1075
1124:Drivers/STM32F4xx_HAL_Driver/Src/stm32f4xx_hal_sd.c ****     }
 2927              		.loc 1 1124 20 is_stmt 0 view .LVU1076
ARM GAS  /tmp/ccnf9wtj.s 			page 127


 2928 008e 1146     		mov	r1, r2
 2929 0090 2068     		ldr	r0, [r4]
 2930 0092 FFF7FEFF 		bl	SDMMC_CmdWriteSingleBlock
 2931              	.LVL252:
1124:Drivers/STM32F4xx_HAL_Driver/Src/stm32f4xx_hal_sd.c ****     }
 2932              		.loc 1 1124 20 view .LVU1077
 2933 0096 E0E7     		b	.L181
 2934              	.LVL253:
 2935              	.L182:
1137:Drivers/STM32F4xx_HAL_Driver/Src/stm32f4xx_hal_sd.c ****     config.DataLength    = BLOCKSIZE * NumberOfBlocks;
 2936              		.loc 1 1137 5 is_stmt 1 view .LVU1078
1137:Drivers/STM32F4xx_HAL_Driver/Src/stm32f4xx_hal_sd.c ****     config.DataLength    = BLOCKSIZE * NumberOfBlocks;
 2937              		.loc 1 1137 26 is_stmt 0 view .LVU1079
 2938 0098 4FF0FF33 		mov	r3, #-1
 2939 009c 0093     		str	r3, [sp]
1138:Drivers/STM32F4xx_HAL_Driver/Src/stm32f4xx_hal_sd.c ****     config.DataBlockSize = SDIO_DATABLOCK_SIZE_512B;
 2940              		.loc 1 1138 5 is_stmt 1 view .LVU1080
1138:Drivers/STM32F4xx_HAL_Driver/Src/stm32f4xx_hal_sd.c ****     config.DataBlockSize = SDIO_DATABLOCK_SIZE_512B;
 2941              		.loc 1 1138 26 is_stmt 0 view .LVU1081
 2942 009e 0196     		str	r6, [sp, #4]
1139:Drivers/STM32F4xx_HAL_Driver/Src/stm32f4xx_hal_sd.c ****     config.TransferDir   = SDIO_TRANSFER_DIR_TO_CARD;
 2943              		.loc 1 1139 5 is_stmt 1 view .LVU1082
1139:Drivers/STM32F4xx_HAL_Driver/Src/stm32f4xx_hal_sd.c ****     config.TransferDir   = SDIO_TRANSFER_DIR_TO_CARD;
 2944              		.loc 1 1139 26 is_stmt 0 view .LVU1083
 2945 00a0 9023     		movs	r3, #144
 2946 00a2 0293     		str	r3, [sp, #8]
1140:Drivers/STM32F4xx_HAL_Driver/Src/stm32f4xx_hal_sd.c ****     config.TransferMode  = SDIO_TRANSFER_MODE_BLOCK;
 2947              		.loc 1 1140 5 is_stmt 1 view .LVU1084
1140:Drivers/STM32F4xx_HAL_Driver/Src/stm32f4xx_hal_sd.c ****     config.TransferMode  = SDIO_TRANSFER_MODE_BLOCK;
 2948              		.loc 1 1140 26 is_stmt 0 view .LVU1085
 2949 00a4 0025     		movs	r5, #0
 2950 00a6 0395     		str	r5, [sp, #12]
1141:Drivers/STM32F4xx_HAL_Driver/Src/stm32f4xx_hal_sd.c ****     config.DPSM          = SDIO_DPSM_ENABLE;
 2951              		.loc 1 1141 5 is_stmt 1 view .LVU1086
1141:Drivers/STM32F4xx_HAL_Driver/Src/stm32f4xx_hal_sd.c ****     config.DPSM          = SDIO_DPSM_ENABLE;
 2952              		.loc 1 1141 26 is_stmt 0 view .LVU1087
 2953 00a8 0495     		str	r5, [sp, #16]
1142:Drivers/STM32F4xx_HAL_Driver/Src/stm32f4xx_hal_sd.c ****     (void)SDIO_ConfigData(hsd->Instance, &config);
 2954              		.loc 1 1142 5 is_stmt 1 view .LVU1088
1142:Drivers/STM32F4xx_HAL_Driver/Src/stm32f4xx_hal_sd.c ****     (void)SDIO_ConfigData(hsd->Instance, &config);
 2955              		.loc 1 1142 26 is_stmt 0 view .LVU1089
 2956 00aa 0123     		movs	r3, #1
 2957 00ac 0593     		str	r3, [sp, #20]
1143:Drivers/STM32F4xx_HAL_Driver/Src/stm32f4xx_hal_sd.c **** 
 2958              		.loc 1 1143 5 is_stmt 1 view .LVU1090
1143:Drivers/STM32F4xx_HAL_Driver/Src/stm32f4xx_hal_sd.c **** 
 2959              		.loc 1 1143 11 is_stmt 0 view .LVU1091
 2960 00ae 6946     		mov	r1, sp
 2961 00b0 2068     		ldr	r0, [r4]
 2962              	.LVL254:
1143:Drivers/STM32F4xx_HAL_Driver/Src/stm32f4xx_hal_sd.c **** 
 2963              		.loc 1 1143 11 view .LVU1092
 2964 00b2 FFF7FEFF 		bl	SDIO_ConfigData
 2965              	.LVL255:
1145:Drivers/STM32F4xx_HAL_Driver/Src/stm32f4xx_hal_sd.c ****   }
 2966              		.loc 1 1145 5 is_stmt 1 view .LVU1093
1145:Drivers/STM32F4xx_HAL_Driver/Src/stm32f4xx_hal_sd.c ****   }
ARM GAS  /tmp/ccnf9wtj.s 			page 128


 2967              		.loc 1 1145 12 is_stmt 0 view .LVU1094
 2968 00b6 00E0     		b	.L177
 2969              	.LVL256:
 2970              	.L183:
1149:Drivers/STM32F4xx_HAL_Driver/Src/stm32f4xx_hal_sd.c ****   }
 2971              		.loc 1 1149 12 view .LVU1095
 2972 00b8 0225     		movs	r5, #2
 2973              	.LVL257:
 2974              	.L177:
1151:Drivers/STM32F4xx_HAL_Driver/Src/stm32f4xx_hal_sd.c **** 
 2975              		.loc 1 1151 1 view .LVU1096
 2976 00ba 2846     		mov	r0, r5
 2977 00bc 06B0     		add	sp, sp, #24
 2978              	.LCFI41:
 2979              		.cfi_def_cfa_offset 16
 2980              		@ sp needed
 2981 00be 70BD     		pop	{r4, r5, r6, pc}
 2982              	.LVL258:
 2983              	.L188:
1151:Drivers/STM32F4xx_HAL_Driver/Src/stm32f4xx_hal_sd.c **** 
 2984              		.loc 1 1151 1 view .LVU1097
 2985              		.align	2
 2986              	.L187:
 2987 00c0 FF054000 		.word	4195839
 2988              		.cfi_endproc
 2989              	.LFE138:
 2991              		.section	.text.HAL_SD_ReadBlocks_DMA,"ax",%progbits
 2992              		.align	1
 2993              		.global	HAL_SD_ReadBlocks_DMA
 2994              		.syntax unified
 2995              		.thumb
 2996              		.thumb_func
 2998              	HAL_SD_ReadBlocks_DMA:
 2999              	.LVL259:
 3000              	.LFB139:
1167:Drivers/STM32F4xx_HAL_Driver/Src/stm32f4xx_hal_sd.c ****   SDIO_DataInitTypeDef config;
 3001              		.loc 1 1167 1 is_stmt 1 view -0
 3002              		.cfi_startproc
 3003              		@ args = 0, pretend = 0, frame = 24
 3004              		@ frame_needed = 0, uses_anonymous_args = 0
1167:Drivers/STM32F4xx_HAL_Driver/Src/stm32f4xx_hal_sd.c ****   SDIO_DataInitTypeDef config;
 3005              		.loc 1 1167 1 is_stmt 0 view .LVU1099
 3006 0000 2DE9F043 		push	{r4, r5, r6, r7, r8, r9, lr}
 3007              	.LCFI42:
 3008              		.cfi_def_cfa_offset 28
 3009              		.cfi_offset 4, -28
 3010              		.cfi_offset 5, -24
 3011              		.cfi_offset 6, -20
 3012              		.cfi_offset 7, -16
 3013              		.cfi_offset 8, -12
 3014              		.cfi_offset 9, -8
 3015              		.cfi_offset 14, -4
 3016 0004 87B0     		sub	sp, sp, #28
 3017              	.LCFI43:
 3018              		.cfi_def_cfa_offset 56
 3019 0006 0446     		mov	r4, r0
1168:Drivers/STM32F4xx_HAL_Driver/Src/stm32f4xx_hal_sd.c ****   uint32_t errorstate;
ARM GAS  /tmp/ccnf9wtj.s 			page 129


 3020              		.loc 1 1168 3 is_stmt 1 view .LVU1100
1169:Drivers/STM32F4xx_HAL_Driver/Src/stm32f4xx_hal_sd.c ****   uint32_t add = BlockAdd;
 3021              		.loc 1 1169 3 view .LVU1101
1170:Drivers/STM32F4xx_HAL_Driver/Src/stm32f4xx_hal_sd.c **** 
 3022              		.loc 1 1170 3 view .LVU1102
 3023              	.LVL260:
1172:Drivers/STM32F4xx_HAL_Driver/Src/stm32f4xx_hal_sd.c ****   {
 3024              		.loc 1 1172 3 view .LVU1103
1172:Drivers/STM32F4xx_HAL_Driver/Src/stm32f4xx_hal_sd.c ****   {
 3025              		.loc 1 1172 5 is_stmt 0 view .LVU1104
 3026 0008 91B1     		cbz	r1, .L200
 3027 000a 1646     		mov	r6, r2
 3028 000c 1F46     		mov	r7, r3
 3029 000e 0A46     		mov	r2, r1
 3030              	.LVL261:
1178:Drivers/STM32F4xx_HAL_Driver/Src/stm32f4xx_hal_sd.c ****   {
 3031              		.loc 1 1178 3 is_stmt 1 view .LVU1105
1178:Drivers/STM32F4xx_HAL_Driver/Src/stm32f4xx_hal_sd.c ****   {
 3032              		.loc 1 1178 9 is_stmt 0 view .LVU1106
 3033 0010 90F83400 		ldrb	r0, [r0, #52]	@ zero_extendqisi2
 3034              	.LVL262:
1178:Drivers/STM32F4xx_HAL_Driver/Src/stm32f4xx_hal_sd.c ****   {
 3035              		.loc 1 1178 9 view .LVU1107
 3036 0014 C5B2     		uxtb	r5, r0
1178:Drivers/STM32F4xx_HAL_Driver/Src/stm32f4xx_hal_sd.c ****   {
 3037              		.loc 1 1178 5 view .LVU1108
 3038 0016 0128     		cmp	r0, #1
 3039 0018 7FD1     		bne	.L197
1180:Drivers/STM32F4xx_HAL_Driver/Src/stm32f4xx_hal_sd.c **** 
 3040              		.loc 1 1180 5 is_stmt 1 view .LVU1109
1180:Drivers/STM32F4xx_HAL_Driver/Src/stm32f4xx_hal_sd.c **** 
 3041              		.loc 1 1180 20 is_stmt 0 view .LVU1110
 3042 001a 0023     		movs	r3, #0
 3043              	.LVL263:
1180:Drivers/STM32F4xx_HAL_Driver/Src/stm32f4xx_hal_sd.c **** 
 3044              		.loc 1 1180 20 view .LVU1111
 3045 001c A363     		str	r3, [r4, #56]
1182:Drivers/STM32F4xx_HAL_Driver/Src/stm32f4xx_hal_sd.c ****     {
 3046              		.loc 1 1182 5 is_stmt 1 view .LVU1112
1182:Drivers/STM32F4xx_HAL_Driver/Src/stm32f4xx_hal_sd.c ****     {
 3047              		.loc 1 1182 13 is_stmt 0 view .LVU1113
 3048 001e F019     		adds	r0, r6, r7
1182:Drivers/STM32F4xx_HAL_Driver/Src/stm32f4xx_hal_sd.c ****     {
 3049              		.loc 1 1182 45 view .LVU1114
 3050 0020 E36D     		ldr	r3, [r4, #92]
1182:Drivers/STM32F4xx_HAL_Driver/Src/stm32f4xx_hal_sd.c ****     {
 3051              		.loc 1 1182 7 view .LVU1115
 3052 0022 9842     		cmp	r0, r3
 3053 0024 0AD9     		bls	.L192
1184:Drivers/STM32F4xx_HAL_Driver/Src/stm32f4xx_hal_sd.c ****       return HAL_ERROR;
 3054              		.loc 1 1184 7 is_stmt 1 view .LVU1116
1184:Drivers/STM32F4xx_HAL_Driver/Src/stm32f4xx_hal_sd.c ****       return HAL_ERROR;
 3055              		.loc 1 1184 10 is_stmt 0 view .LVU1117
 3056 0026 A36B     		ldr	r3, [r4, #56]
1184:Drivers/STM32F4xx_HAL_Driver/Src/stm32f4xx_hal_sd.c ****       return HAL_ERROR;
 3057              		.loc 1 1184 22 view .LVU1118
 3058 0028 43F00073 		orr	r3, r3, #33554432
ARM GAS  /tmp/ccnf9wtj.s 			page 130


 3059 002c A363     		str	r3, [r4, #56]
1185:Drivers/STM32F4xx_HAL_Driver/Src/stm32f4xx_hal_sd.c ****     }
 3060              		.loc 1 1185 7 is_stmt 1 view .LVU1119
1185:Drivers/STM32F4xx_HAL_Driver/Src/stm32f4xx_hal_sd.c ****     }
 3061              		.loc 1 1185 14 is_stmt 0 view .LVU1120
 3062 002e 75E0     		b	.L191
 3063              	.LVL264:
 3064              	.L200:
1174:Drivers/STM32F4xx_HAL_Driver/Src/stm32f4xx_hal_sd.c ****     return HAL_ERROR;
 3065              		.loc 1 1174 5 is_stmt 1 view .LVU1121
1174:Drivers/STM32F4xx_HAL_Driver/Src/stm32f4xx_hal_sd.c ****     return HAL_ERROR;
 3066              		.loc 1 1174 8 is_stmt 0 view .LVU1122
 3067 0030 836B     		ldr	r3, [r0, #56]
 3068              	.LVL265:
1174:Drivers/STM32F4xx_HAL_Driver/Src/stm32f4xx_hal_sd.c ****     return HAL_ERROR;
 3069              		.loc 1 1174 20 view .LVU1123
 3070 0032 43F00063 		orr	r3, r3, #134217728
 3071 0036 8363     		str	r3, [r0, #56]
1175:Drivers/STM32F4xx_HAL_Driver/Src/stm32f4xx_hal_sd.c ****   }
 3072              		.loc 1 1175 5 is_stmt 1 view .LVU1124
1175:Drivers/STM32F4xx_HAL_Driver/Src/stm32f4xx_hal_sd.c ****   }
 3073              		.loc 1 1175 12 is_stmt 0 view .LVU1125
 3074 0038 0125     		movs	r5, #1
 3075 003a 6FE0     		b	.L191
 3076              	.LVL266:
 3077              	.L192:
1188:Drivers/STM32F4xx_HAL_Driver/Src/stm32f4xx_hal_sd.c **** 
 3078              		.loc 1 1188 5 is_stmt 1 view .LVU1126
1188:Drivers/STM32F4xx_HAL_Driver/Src/stm32f4xx_hal_sd.c **** 
 3079              		.loc 1 1188 16 is_stmt 0 view .LVU1127
 3080 003c 0323     		movs	r3, #3
 3081 003e 84F83430 		strb	r3, [r4, #52]
1191:Drivers/STM32F4xx_HAL_Driver/Src/stm32f4xx_hal_sd.c **** 
 3082              		.loc 1 1191 5 is_stmt 1 view .LVU1128
1191:Drivers/STM32F4xx_HAL_Driver/Src/stm32f4xx_hal_sd.c **** 
 3083              		.loc 1 1191 8 is_stmt 0 view .LVU1129
 3084 0042 2368     		ldr	r3, [r4]
1191:Drivers/STM32F4xx_HAL_Driver/Src/stm32f4xx_hal_sd.c **** 
 3085              		.loc 1 1191 26 view .LVU1130
 3086 0044 0021     		movs	r1, #0
 3087              	.LVL267:
1191:Drivers/STM32F4xx_HAL_Driver/Src/stm32f4xx_hal_sd.c **** 
 3088              		.loc 1 1191 26 view .LVU1131
 3089 0046 D962     		str	r1, [r3, #44]
1194:Drivers/STM32F4xx_HAL_Driver/Src/stm32f4xx_hal_sd.c **** #else /* SDIO_STA_STBITERR not defined */
 3090              		.loc 1 1194 5 is_stmt 1 view .LVU1132
 3091 0048 2068     		ldr	r0, [r4]
 3092 004a C36B     		ldr	r3, [r0, #60]
 3093 004c 43F44A73 		orr	r3, r3, #808
 3094 0050 43F00203 		orr	r3, r3, #2
 3095 0054 C363     		str	r3, [r0, #60]
1200:Drivers/STM32F4xx_HAL_Driver/Src/stm32f4xx_hal_sd.c **** 
 3096              		.loc 1 1200 5 view .LVU1133
1200:Drivers/STM32F4xx_HAL_Driver/Src/stm32f4xx_hal_sd.c **** 
 3097              		.loc 1 1200 8 is_stmt 0 view .LVU1134
 3098 0056 236C     		ldr	r3, [r4, #64]
1200:Drivers/STM32F4xx_HAL_Driver/Src/stm32f4xx_hal_sd.c **** 
ARM GAS  /tmp/ccnf9wtj.s 			page 131


 3099              		.loc 1 1200 35 view .LVU1135
 3100 0058 3348     		ldr	r0, .L202
 3101 005a D863     		str	r0, [r3, #60]
1203:Drivers/STM32F4xx_HAL_Driver/Src/stm32f4xx_hal_sd.c **** 
 3102              		.loc 1 1203 5 is_stmt 1 view .LVU1136
1203:Drivers/STM32F4xx_HAL_Driver/Src/stm32f4xx_hal_sd.c **** 
 3103              		.loc 1 1203 8 is_stmt 0 view .LVU1137
 3104 005c 236C     		ldr	r3, [r4, #64]
1203:Drivers/STM32F4xx_HAL_Driver/Src/stm32f4xx_hal_sd.c **** 
 3105              		.loc 1 1203 36 view .LVU1138
 3106 005e 3348     		ldr	r0, .L202+4
 3107 0060 D864     		str	r0, [r3, #76]
1206:Drivers/STM32F4xx_HAL_Driver/Src/stm32f4xx_hal_sd.c **** 
 3108              		.loc 1 1206 5 is_stmt 1 view .LVU1139
1206:Drivers/STM32F4xx_HAL_Driver/Src/stm32f4xx_hal_sd.c **** 
 3109              		.loc 1 1206 8 is_stmt 0 view .LVU1140
 3110 0062 236C     		ldr	r3, [r4, #64]
1206:Drivers/STM32F4xx_HAL_Driver/Src/stm32f4xx_hal_sd.c **** 
 3111              		.loc 1 1206 36 view .LVU1141
 3112 0064 1965     		str	r1, [r3, #80]
1209:Drivers/STM32F4xx_HAL_Driver/Src/stm32f4xx_hal_sd.c ****     MODIFY_REG(hsd->hdmarx->Instance->CR, DMA_SxCR_DIR, hsd->hdmarx->Init.Direction);
 3113              		.loc 1 1209 5 is_stmt 1 view .LVU1142
1209:Drivers/STM32F4xx_HAL_Driver/Src/stm32f4xx_hal_sd.c ****     MODIFY_REG(hsd->hdmarx->Instance->CR, DMA_SxCR_DIR, hsd->hdmarx->Init.Direction);
 3114              		.loc 1 1209 8 is_stmt 0 view .LVU1143
 3115 0066 236C     		ldr	r3, [r4, #64]
1209:Drivers/STM32F4xx_HAL_Driver/Src/stm32f4xx_hal_sd.c ****     MODIFY_REG(hsd->hdmarx->Instance->CR, DMA_SxCR_DIR, hsd->hdmarx->Init.Direction);
 3116              		.loc 1 1209 33 view .LVU1144
 3117 0068 9960     		str	r1, [r3, #8]
1210:Drivers/STM32F4xx_HAL_Driver/Src/stm32f4xx_hal_sd.c **** 
 3118              		.loc 1 1210 5 is_stmt 1 view .LVU1145
 3119 006a 206C     		ldr	r0, [r4, #64]
 3120 006c 0168     		ldr	r1, [r0]
 3121 006e 0B68     		ldr	r3, [r1]
 3122 0070 23F0C003 		bic	r3, r3, #192
 3123 0074 8068     		ldr	r0, [r0, #8]
 3124 0076 0343     		orrs	r3, r3, r0
 3125 0078 0B60     		str	r3, [r1]
1213:Drivers/STM32F4xx_HAL_Driver/Src/stm32f4xx_hal_sd.c ****     {
 3126              		.loc 1 1213 5 view .LVU1146
1213:Drivers/STM32F4xx_HAL_Driver/Src/stm32f4xx_hal_sd.c ****     {
 3127              		.loc 1 1213 52 is_stmt 0 view .LVU1147
 3128 007a 2168     		ldr	r1, [r4]
1213:Drivers/STM32F4xx_HAL_Driver/Src/stm32f4xx_hal_sd.c ****     {
 3129              		.loc 1 1213 87 view .LVU1148
 3130 007c 4FEA4729 		lsl	r9, r7, #9
1213:Drivers/STM32F4xx_HAL_Driver/Src/stm32f4xx_hal_sd.c ****     {
 3131              		.loc 1 1213 8 view .LVU1149
 3132 0080 4FEA9903 		lsr	r3, r9, #2
 3133 0084 8031     		adds	r1, r1, #128
 3134 0086 206C     		ldr	r0, [r4, #64]
 3135 0088 FFF7FEFF 		bl	HAL_DMA_Start_IT
 3136              	.LVL268:
1213:Drivers/STM32F4xx_HAL_Driver/Src/stm32f4xx_hal_sd.c ****     {
 3137              		.loc 1 1213 7 discriminator 1 view .LVU1150
 3138 008c 8046     		mov	r8, r0
 3139 008e 68BB     		cbnz	r0, .L201
1224:Drivers/STM32F4xx_HAL_Driver/Src/stm32f4xx_hal_sd.c **** 
ARM GAS  /tmp/ccnf9wtj.s 			page 132


 3140              		.loc 1 1224 7 is_stmt 1 view .LVU1151
 3141 0090 274B     		ldr	r3, .L202+8
 3142 0092 0122     		movs	r2, #1
 3143 0094 C3F88C25 		str	r2, [r3, #1420]
1226:Drivers/STM32F4xx_HAL_Driver/Src/stm32f4xx_hal_sd.c ****       {
 3144              		.loc 1 1226 7 view .LVU1152
1226:Drivers/STM32F4xx_HAL_Driver/Src/stm32f4xx_hal_sd.c ****       {
 3145              		.loc 1 1226 21 is_stmt 0 view .LVU1153
 3146 0098 636C     		ldr	r3, [r4, #68]
1226:Drivers/STM32F4xx_HAL_Driver/Src/stm32f4xx_hal_sd.c ****       {
 3147              		.loc 1 1226 9 view .LVU1154
 3148 009a 9342     		cmp	r3, r2
 3149 009c 00D0     		beq	.L194
1228:Drivers/STM32F4xx_HAL_Driver/Src/stm32f4xx_hal_sd.c ****       }
 3150              		.loc 1 1228 9 is_stmt 1 view .LVU1155
1228:Drivers/STM32F4xx_HAL_Driver/Src/stm32f4xx_hal_sd.c ****       }
 3151              		.loc 1 1228 13 is_stmt 0 view .LVU1156
 3152 009e 7602     		lsls	r6, r6, #9
 3153              	.LVL269:
 3154              	.L194:
1232:Drivers/STM32F4xx_HAL_Driver/Src/stm32f4xx_hal_sd.c ****       config.DataLength    = BLOCKSIZE * NumberOfBlocks;
 3155              		.loc 1 1232 7 is_stmt 1 view .LVU1157
1232:Drivers/STM32F4xx_HAL_Driver/Src/stm32f4xx_hal_sd.c ****       config.DataLength    = BLOCKSIZE * NumberOfBlocks;
 3156              		.loc 1 1232 28 is_stmt 0 view .LVU1158
 3157 00a0 4FF0FF33 		mov	r3, #-1
 3158 00a4 0093     		str	r3, [sp]
1233:Drivers/STM32F4xx_HAL_Driver/Src/stm32f4xx_hal_sd.c ****       config.DataBlockSize = SDIO_DATABLOCK_SIZE_512B;
 3159              		.loc 1 1233 7 is_stmt 1 view .LVU1159
1233:Drivers/STM32F4xx_HAL_Driver/Src/stm32f4xx_hal_sd.c ****       config.DataBlockSize = SDIO_DATABLOCK_SIZE_512B;
 3160              		.loc 1 1233 28 is_stmt 0 view .LVU1160
 3161 00a6 CDF80490 		str	r9, [sp, #4]
1234:Drivers/STM32F4xx_HAL_Driver/Src/stm32f4xx_hal_sd.c ****       config.TransferDir   = SDIO_TRANSFER_DIR_TO_SDIO;
 3162              		.loc 1 1234 7 is_stmt 1 view .LVU1161
1234:Drivers/STM32F4xx_HAL_Driver/Src/stm32f4xx_hal_sd.c ****       config.TransferDir   = SDIO_TRANSFER_DIR_TO_SDIO;
 3163              		.loc 1 1234 28 is_stmt 0 view .LVU1162
 3164 00aa 9023     		movs	r3, #144
 3165 00ac 0293     		str	r3, [sp, #8]
1235:Drivers/STM32F4xx_HAL_Driver/Src/stm32f4xx_hal_sd.c ****       config.TransferMode  = SDIO_TRANSFER_MODE_BLOCK;
 3166              		.loc 1 1235 7 is_stmt 1 view .LVU1163
1235:Drivers/STM32F4xx_HAL_Driver/Src/stm32f4xx_hal_sd.c ****       config.TransferMode  = SDIO_TRANSFER_MODE_BLOCK;
 3167              		.loc 1 1235 28 is_stmt 0 view .LVU1164
 3168 00ae 0223     		movs	r3, #2
 3169 00b0 0393     		str	r3, [sp, #12]
1236:Drivers/STM32F4xx_HAL_Driver/Src/stm32f4xx_hal_sd.c ****       config.DPSM          = SDIO_DPSM_ENABLE;
 3170              		.loc 1 1236 7 is_stmt 1 view .LVU1165
1236:Drivers/STM32F4xx_HAL_Driver/Src/stm32f4xx_hal_sd.c ****       config.DPSM          = SDIO_DPSM_ENABLE;
 3171              		.loc 1 1236 28 is_stmt 0 view .LVU1166
 3172 00b2 0023     		movs	r3, #0
 3173 00b4 0493     		str	r3, [sp, #16]
1237:Drivers/STM32F4xx_HAL_Driver/Src/stm32f4xx_hal_sd.c ****       (void)SDIO_ConfigData(hsd->Instance, &config);
 3174              		.loc 1 1237 7 is_stmt 1 view .LVU1167
1237:Drivers/STM32F4xx_HAL_Driver/Src/stm32f4xx_hal_sd.c ****       (void)SDIO_ConfigData(hsd->Instance, &config);
 3175              		.loc 1 1237 28 is_stmt 0 view .LVU1168
 3176 00b6 0123     		movs	r3, #1
 3177 00b8 0593     		str	r3, [sp, #20]
1238:Drivers/STM32F4xx_HAL_Driver/Src/stm32f4xx_hal_sd.c **** 
 3178              		.loc 1 1238 7 is_stmt 1 view .LVU1169
ARM GAS  /tmp/ccnf9wtj.s 			page 133


1238:Drivers/STM32F4xx_HAL_Driver/Src/stm32f4xx_hal_sd.c **** 
 3179              		.loc 1 1238 13 is_stmt 0 view .LVU1170
 3180 00ba 6946     		mov	r1, sp
 3181 00bc 2068     		ldr	r0, [r4]
 3182 00be FFF7FEFF 		bl	SDIO_ConfigData
 3183              	.LVL270:
1241:Drivers/STM32F4xx_HAL_Driver/Src/stm32f4xx_hal_sd.c ****       {
 3184              		.loc 1 1241 7 is_stmt 1 view .LVU1171
1241:Drivers/STM32F4xx_HAL_Driver/Src/stm32f4xx_hal_sd.c ****       {
 3185              		.loc 1 1241 9 is_stmt 0 view .LVU1172
 3186 00c2 012F     		cmp	r7, #1
 3187 00c4 22D9     		bls	.L195
1243:Drivers/STM32F4xx_HAL_Driver/Src/stm32f4xx_hal_sd.c **** 
 3188              		.loc 1 1243 9 is_stmt 1 view .LVU1173
1243:Drivers/STM32F4xx_HAL_Driver/Src/stm32f4xx_hal_sd.c **** 
 3189              		.loc 1 1243 22 is_stmt 0 view .LVU1174
 3190 00c6 8223     		movs	r3, #130
 3191 00c8 2363     		str	r3, [r4, #48]
1246:Drivers/STM32F4xx_HAL_Driver/Src/stm32f4xx_hal_sd.c ****       }
 3192              		.loc 1 1246 9 is_stmt 1 view .LVU1175
1246:Drivers/STM32F4xx_HAL_Driver/Src/stm32f4xx_hal_sd.c ****       }
 3193              		.loc 1 1246 22 is_stmt 0 view .LVU1176
 3194 00ca 3146     		mov	r1, r6
 3195 00cc 2068     		ldr	r0, [r4]
 3196 00ce FFF7FEFF 		bl	SDMMC_CmdReadMultiBlock
 3197              	.LVL271:
 3198              	.L196:
1255:Drivers/STM32F4xx_HAL_Driver/Src/stm32f4xx_hal_sd.c ****       {
 3199              		.loc 1 1255 7 is_stmt 1 view .LVU1177
1255:Drivers/STM32F4xx_HAL_Driver/Src/stm32f4xx_hal_sd.c ****       {
 3200              		.loc 1 1255 9 is_stmt 0 view .LVU1178
 3201 00d2 38B3     		cbz	r0, .L198
1258:Drivers/STM32F4xx_HAL_Driver/Src/stm32f4xx_hal_sd.c ****         hsd->ErrorCode |= errorstate;
 3202              		.loc 1 1258 9 is_stmt 1 view .LVU1179
 3203 00d4 2368     		ldr	r3, [r4]
 3204 00d6 174A     		ldr	r2, .L202+12
 3205 00d8 9A63     		str	r2, [r3, #56]
1259:Drivers/STM32F4xx_HAL_Driver/Src/stm32f4xx_hal_sd.c ****         hsd->State = HAL_SD_STATE_READY;
 3206              		.loc 1 1259 9 view .LVU1180
1259:Drivers/STM32F4xx_HAL_Driver/Src/stm32f4xx_hal_sd.c ****         hsd->State = HAL_SD_STATE_READY;
 3207              		.loc 1 1259 12 is_stmt 0 view .LVU1181
 3208 00da A36B     		ldr	r3, [r4, #56]
1259:Drivers/STM32F4xx_HAL_Driver/Src/stm32f4xx_hal_sd.c ****         hsd->State = HAL_SD_STATE_READY;
 3209              		.loc 1 1259 24 view .LVU1182
 3210 00dc 0343     		orrs	r3, r3, r0
 3211 00de A363     		str	r3, [r4, #56]
1260:Drivers/STM32F4xx_HAL_Driver/Src/stm32f4xx_hal_sd.c ****         hsd->Context = SD_CONTEXT_NONE;
 3212              		.loc 1 1260 9 is_stmt 1 view .LVU1183
1260:Drivers/STM32F4xx_HAL_Driver/Src/stm32f4xx_hal_sd.c ****         hsd->Context = SD_CONTEXT_NONE;
 3213              		.loc 1 1260 20 is_stmt 0 view .LVU1184
 3214 00e0 0123     		movs	r3, #1
 3215 00e2 84F83430 		strb	r3, [r4, #52]
1261:Drivers/STM32F4xx_HAL_Driver/Src/stm32f4xx_hal_sd.c ****         return HAL_ERROR;
 3216              		.loc 1 1261 9 is_stmt 1 view .LVU1185
1261:Drivers/STM32F4xx_HAL_Driver/Src/stm32f4xx_hal_sd.c ****         return HAL_ERROR;
 3217              		.loc 1 1261 22 is_stmt 0 view .LVU1186
 3218 00e6 0023     		movs	r3, #0
ARM GAS  /tmp/ccnf9wtj.s 			page 134


 3219 00e8 2363     		str	r3, [r4, #48]
1262:Drivers/STM32F4xx_HAL_Driver/Src/stm32f4xx_hal_sd.c ****       }
 3220              		.loc 1 1262 9 is_stmt 1 view .LVU1187
1262:Drivers/STM32F4xx_HAL_Driver/Src/stm32f4xx_hal_sd.c ****       }
 3221              		.loc 1 1262 16 is_stmt 0 view .LVU1188
 3222 00ea 17E0     		b	.L191
 3223              	.LVL272:
 3224              	.L201:
1215:Drivers/STM32F4xx_HAL_Driver/Src/stm32f4xx_hal_sd.c ****       __HAL_SD_CLEAR_FLAG(hsd, SDIO_STATIC_FLAGS);
 3225              		.loc 1 1215 7 is_stmt 1 view .LVU1189
 3226 00ec 2268     		ldr	r2, [r4]
 3227 00ee D36B     		ldr	r3, [r2, #60]
 3228 00f0 23F49573 		bic	r3, r3, #298
 3229 00f4 D363     		str	r3, [r2, #60]
1216:Drivers/STM32F4xx_HAL_Driver/Src/stm32f4xx_hal_sd.c ****       hsd->ErrorCode |= HAL_SD_ERROR_DMA;
 3230              		.loc 1 1216 7 view .LVU1190
 3231 00f6 2368     		ldr	r3, [r4]
 3232 00f8 0E4A     		ldr	r2, .L202+12
 3233 00fa 9A63     		str	r2, [r3, #56]
1217:Drivers/STM32F4xx_HAL_Driver/Src/stm32f4xx_hal_sd.c ****       hsd->State = HAL_SD_STATE_READY;
 3234              		.loc 1 1217 7 view .LVU1191
1217:Drivers/STM32F4xx_HAL_Driver/Src/stm32f4xx_hal_sd.c ****       hsd->State = HAL_SD_STATE_READY;
 3235              		.loc 1 1217 10 is_stmt 0 view .LVU1192
 3236 00fc A36B     		ldr	r3, [r4, #56]
1217:Drivers/STM32F4xx_HAL_Driver/Src/stm32f4xx_hal_sd.c ****       hsd->State = HAL_SD_STATE_READY;
 3237              		.loc 1 1217 22 view .LVU1193
 3238 00fe 43F08043 		orr	r3, r3, #1073741824
 3239 0102 A363     		str	r3, [r4, #56]
1218:Drivers/STM32F4xx_HAL_Driver/Src/stm32f4xx_hal_sd.c ****       return HAL_ERROR;
 3240              		.loc 1 1218 7 is_stmt 1 view .LVU1194
1218:Drivers/STM32F4xx_HAL_Driver/Src/stm32f4xx_hal_sd.c ****       return HAL_ERROR;
 3241              		.loc 1 1218 18 is_stmt 0 view .LVU1195
 3242 0104 0123     		movs	r3, #1
 3243 0106 84F83430 		strb	r3, [r4, #52]
1219:Drivers/STM32F4xx_HAL_Driver/Src/stm32f4xx_hal_sd.c ****     }
 3244              		.loc 1 1219 7 is_stmt 1 view .LVU1196
1219:Drivers/STM32F4xx_HAL_Driver/Src/stm32f4xx_hal_sd.c ****     }
 3245              		.loc 1 1219 14 is_stmt 0 view .LVU1197
 3246 010a 07E0     		b	.L191
 3247              	.LVL273:
 3248              	.L195:
1250:Drivers/STM32F4xx_HAL_Driver/Src/stm32f4xx_hal_sd.c **** 
 3249              		.loc 1 1250 9 is_stmt 1 view .LVU1198
1250:Drivers/STM32F4xx_HAL_Driver/Src/stm32f4xx_hal_sd.c **** 
 3250              		.loc 1 1250 22 is_stmt 0 view .LVU1199
 3251 010c 8123     		movs	r3, #129
 3252 010e 2363     		str	r3, [r4, #48]
1253:Drivers/STM32F4xx_HAL_Driver/Src/stm32f4xx_hal_sd.c ****       }
 3253              		.loc 1 1253 9 is_stmt 1 view .LVU1200
1253:Drivers/STM32F4xx_HAL_Driver/Src/stm32f4xx_hal_sd.c ****       }
 3254              		.loc 1 1253 22 is_stmt 0 view .LVU1201
 3255 0110 3146     		mov	r1, r6
 3256 0112 2068     		ldr	r0, [r4]
 3257 0114 FFF7FEFF 		bl	SDMMC_CmdReadSingleBlock
 3258              	.LVL274:
 3259 0118 DBE7     		b	.L196
 3260              	.LVL275:
ARM GAS  /tmp/ccnf9wtj.s 			page 135


 3261              	.L197:
1270:Drivers/STM32F4xx_HAL_Driver/Src/stm32f4xx_hal_sd.c ****   }
 3262              		.loc 1 1270 12 view .LVU1202
 3263 011a 0225     		movs	r5, #2
 3264              	.LVL276:
 3265              	.L191:
1272:Drivers/STM32F4xx_HAL_Driver/Src/stm32f4xx_hal_sd.c **** 
 3266              		.loc 1 1272 1 view .LVU1203
 3267 011c 2846     		mov	r0, r5
 3268 011e 07B0     		add	sp, sp, #28
 3269              	.LCFI44:
 3270              		.cfi_remember_state
 3271              		.cfi_def_cfa_offset 28
 3272              		@ sp needed
 3273 0120 BDE8F083 		pop	{r4, r5, r6, r7, r8, r9, pc}
 3274              	.LVL277:
 3275              	.L198:
 3276              	.LCFI45:
 3277              		.cfi_restore_state
1265:Drivers/STM32F4xx_HAL_Driver/Src/stm32f4xx_hal_sd.c ****     }
 3278              		.loc 1 1265 14 view .LVU1204
 3279 0124 4546     		mov	r5, r8
 3280 0126 F9E7     		b	.L191
 3281              	.L203:
 3282              		.align	2
 3283              	.L202:
 3284 0128 00000000 		.word	SD_DMAReceiveCplt
 3285 012c 00000000 		.word	SD_DMAError
 3286 0130 00802542 		.word	1109753856
 3287 0134 FF054000 		.word	4195839
 3288              		.cfi_endproc
 3289              	.LFE139:
 3291              		.section	.text.HAL_SD_WriteBlocks_DMA,"ax",%progbits
 3292              		.align	1
 3293              		.global	HAL_SD_WriteBlocks_DMA
 3294              		.syntax unified
 3295              		.thumb
 3296              		.thumb_func
 3298              	HAL_SD_WriteBlocks_DMA:
 3299              	.LVL278:
 3300              	.LFB140:
1288:Drivers/STM32F4xx_HAL_Driver/Src/stm32f4xx_hal_sd.c ****   SDIO_DataInitTypeDef config;
 3301              		.loc 1 1288 1 is_stmt 1 view -0
 3302              		.cfi_startproc
 3303              		@ args = 0, pretend = 0, frame = 24
 3304              		@ frame_needed = 0, uses_anonymous_args = 0
1288:Drivers/STM32F4xx_HAL_Driver/Src/stm32f4xx_hal_sd.c ****   SDIO_DataInitTypeDef config;
 3305              		.loc 1 1288 1 is_stmt 0 view .LVU1206
 3306 0000 F0B5     		push	{r4, r5, r6, r7, lr}
 3307              	.LCFI46:
 3308              		.cfi_def_cfa_offset 20
 3309              		.cfi_offset 4, -20
 3310              		.cfi_offset 5, -16
 3311              		.cfi_offset 6, -12
 3312              		.cfi_offset 7, -8
 3313              		.cfi_offset 14, -4
 3314 0002 87B0     		sub	sp, sp, #28
ARM GAS  /tmp/ccnf9wtj.s 			page 136


 3315              	.LCFI47:
 3316              		.cfi_def_cfa_offset 48
 3317 0004 0446     		mov	r4, r0
1289:Drivers/STM32F4xx_HAL_Driver/Src/stm32f4xx_hal_sd.c ****   uint32_t errorstate;
 3318              		.loc 1 1289 3 is_stmt 1 view .LVU1207
1290:Drivers/STM32F4xx_HAL_Driver/Src/stm32f4xx_hal_sd.c ****   uint32_t add = BlockAdd;
 3319              		.loc 1 1290 3 view .LVU1208
1291:Drivers/STM32F4xx_HAL_Driver/Src/stm32f4xx_hal_sd.c **** 
 3320              		.loc 1 1291 3 view .LVU1209
 3321              	.LVL279:
1293:Drivers/STM32F4xx_HAL_Driver/Src/stm32f4xx_hal_sd.c ****   {
 3322              		.loc 1 1293 3 view .LVU1210
1293:Drivers/STM32F4xx_HAL_Driver/Src/stm32f4xx_hal_sd.c ****   {
 3323              		.loc 1 1293 5 is_stmt 0 view .LVU1211
 3324 0006 0029     		cmp	r1, #0
 3325 0008 3BD0     		beq	.L215
 3326 000a 1D46     		mov	r5, r3
 3327 000c 0F46     		mov	r7, r1
1299:Drivers/STM32F4xx_HAL_Driver/Src/stm32f4xx_hal_sd.c ****   {
 3328              		.loc 1 1299 3 is_stmt 1 view .LVU1212
1299:Drivers/STM32F4xx_HAL_Driver/Src/stm32f4xx_hal_sd.c ****   {
 3329              		.loc 1 1299 9 is_stmt 0 view .LVU1213
 3330 000e 90F83430 		ldrb	r3, [r0, #52]	@ zero_extendqisi2
 3331              	.LVL280:
1299:Drivers/STM32F4xx_HAL_Driver/Src/stm32f4xx_hal_sd.c ****   {
 3332              		.loc 1 1299 9 view .LVU1214
 3333 0012 DEB2     		uxtb	r6, r3
1299:Drivers/STM32F4xx_HAL_Driver/Src/stm32f4xx_hal_sd.c ****   {
 3334              		.loc 1 1299 5 view .LVU1215
 3335 0014 012B     		cmp	r3, #1
 3336 0016 40F08480 		bne	.L213
1301:Drivers/STM32F4xx_HAL_Driver/Src/stm32f4xx_hal_sd.c **** 
 3337              		.loc 1 1301 5 is_stmt 1 view .LVU1216
1301:Drivers/STM32F4xx_HAL_Driver/Src/stm32f4xx_hal_sd.c **** 
 3338              		.loc 1 1301 20 is_stmt 0 view .LVU1217
 3339 001a 0023     		movs	r3, #0
 3340 001c 8363     		str	r3, [r0, #56]
1303:Drivers/STM32F4xx_HAL_Driver/Src/stm32f4xx_hal_sd.c ****     {
 3341              		.loc 1 1303 5 is_stmt 1 view .LVU1218
1303:Drivers/STM32F4xx_HAL_Driver/Src/stm32f4xx_hal_sd.c ****     {
 3342              		.loc 1 1303 13 is_stmt 0 view .LVU1219
 3343 001e 5319     		adds	r3, r2, r5
1303:Drivers/STM32F4xx_HAL_Driver/Src/stm32f4xx_hal_sd.c ****     {
 3344              		.loc 1 1303 45 view .LVU1220
 3345 0020 C16D     		ldr	r1, [r0, #92]
 3346              	.LVL281:
1303:Drivers/STM32F4xx_HAL_Driver/Src/stm32f4xx_hal_sd.c ****     {
 3347              		.loc 1 1303 7 view .LVU1221
 3348 0022 8B42     		cmp	r3, r1
 3349 0024 33D8     		bhi	.L216
1309:Drivers/STM32F4xx_HAL_Driver/Src/stm32f4xx_hal_sd.c **** 
 3350              		.loc 1 1309 5 is_stmt 1 view .LVU1222
1309:Drivers/STM32F4xx_HAL_Driver/Src/stm32f4xx_hal_sd.c **** 
 3351              		.loc 1 1309 16 is_stmt 0 view .LVU1223
 3352 0026 0323     		movs	r3, #3
 3353 0028 80F83430 		strb	r3, [r0, #52]
1312:Drivers/STM32F4xx_HAL_Driver/Src/stm32f4xx_hal_sd.c **** 
ARM GAS  /tmp/ccnf9wtj.s 			page 137


 3354              		.loc 1 1312 5 is_stmt 1 view .LVU1224
1312:Drivers/STM32F4xx_HAL_Driver/Src/stm32f4xx_hal_sd.c **** 
 3355              		.loc 1 1312 8 is_stmt 0 view .LVU1225
 3356 002c 0368     		ldr	r3, [r0]
1312:Drivers/STM32F4xx_HAL_Driver/Src/stm32f4xx_hal_sd.c **** 
 3357              		.loc 1 1312 26 view .LVU1226
 3358 002e 0021     		movs	r1, #0
 3359 0030 D962     		str	r1, [r3, #44]
1316:Drivers/STM32F4xx_HAL_Driver/Src/stm32f4xx_hal_sd.c **** #else /* SDIO_STA_STBITERR not defined */
 3360              		.loc 1 1316 5 is_stmt 1 view .LVU1227
 3361 0032 0068     		ldr	r0, [r0]
 3362              	.LVL282:
1316:Drivers/STM32F4xx_HAL_Driver/Src/stm32f4xx_hal_sd.c **** #else /* SDIO_STA_STBITERR not defined */
 3363              		.loc 1 1316 5 is_stmt 0 view .LVU1228
 3364 0034 C36B     		ldr	r3, [r0, #60]
 3365 0036 43F40673 		orr	r3, r3, #536
 3366 003a 43F00203 		orr	r3, r3, #2
 3367 003e C363     		str	r3, [r0, #60]
1322:Drivers/STM32F4xx_HAL_Driver/Src/stm32f4xx_hal_sd.c **** 
 3368              		.loc 1 1322 5 is_stmt 1 view .LVU1229
1322:Drivers/STM32F4xx_HAL_Driver/Src/stm32f4xx_hal_sd.c **** 
 3369              		.loc 1 1322 8 is_stmt 0 view .LVU1230
 3370 0040 E36B     		ldr	r3, [r4, #60]
1322:Drivers/STM32F4xx_HAL_Driver/Src/stm32f4xx_hal_sd.c **** 
 3371              		.loc 1 1322 35 view .LVU1231
 3372 0042 3A48     		ldr	r0, .L217
 3373 0044 D863     		str	r0, [r3, #60]
1325:Drivers/STM32F4xx_HAL_Driver/Src/stm32f4xx_hal_sd.c **** 
 3374              		.loc 1 1325 5 is_stmt 1 view .LVU1232
1325:Drivers/STM32F4xx_HAL_Driver/Src/stm32f4xx_hal_sd.c **** 
 3375              		.loc 1 1325 8 is_stmt 0 view .LVU1233
 3376 0046 E36B     		ldr	r3, [r4, #60]
1325:Drivers/STM32F4xx_HAL_Driver/Src/stm32f4xx_hal_sd.c **** 
 3377              		.loc 1 1325 36 view .LVU1234
 3378 0048 3948     		ldr	r0, .L217+4
 3379 004a D864     		str	r0, [r3, #76]
1328:Drivers/STM32F4xx_HAL_Driver/Src/stm32f4xx_hal_sd.c **** 
 3380              		.loc 1 1328 5 is_stmt 1 view .LVU1235
1328:Drivers/STM32F4xx_HAL_Driver/Src/stm32f4xx_hal_sd.c **** 
 3381              		.loc 1 1328 8 is_stmt 0 view .LVU1236
 3382 004c E36B     		ldr	r3, [r4, #60]
1328:Drivers/STM32F4xx_HAL_Driver/Src/stm32f4xx_hal_sd.c **** 
 3383              		.loc 1 1328 36 view .LVU1237
 3384 004e 1965     		str	r1, [r3, #80]
1330:Drivers/STM32F4xx_HAL_Driver/Src/stm32f4xx_hal_sd.c ****     {
 3385              		.loc 1 1330 5 is_stmt 1 view .LVU1238
1330:Drivers/STM32F4xx_HAL_Driver/Src/stm32f4xx_hal_sd.c ****     {
 3386              		.loc 1 1330 19 is_stmt 0 view .LVU1239
 3387 0050 636C     		ldr	r3, [r4, #68]
1330:Drivers/STM32F4xx_HAL_Driver/Src/stm32f4xx_hal_sd.c ****     {
 3388              		.loc 1 1330 7 view .LVU1240
 3389 0052 012B     		cmp	r3, #1
 3390 0054 00D0     		beq	.L208
1332:Drivers/STM32F4xx_HAL_Driver/Src/stm32f4xx_hal_sd.c ****     }
 3391              		.loc 1 1332 7 is_stmt 1 view .LVU1241
1332:Drivers/STM32F4xx_HAL_Driver/Src/stm32f4xx_hal_sd.c ****     }
 3392              		.loc 1 1332 11 is_stmt 0 view .LVU1242
ARM GAS  /tmp/ccnf9wtj.s 			page 138


 3393 0056 5202     		lsls	r2, r2, #9
 3394              	.LVL283:
 3395              	.L208:
1336:Drivers/STM32F4xx_HAL_Driver/Src/stm32f4xx_hal_sd.c ****     {
 3396              		.loc 1 1336 5 is_stmt 1 view .LVU1243
1336:Drivers/STM32F4xx_HAL_Driver/Src/stm32f4xx_hal_sd.c ****     {
 3397              		.loc 1 1336 7 is_stmt 0 view .LVU1244
 3398 0058 012D     		cmp	r5, #1
 3399 005a 1DD9     		bls	.L209
1338:Drivers/STM32F4xx_HAL_Driver/Src/stm32f4xx_hal_sd.c **** 
 3400              		.loc 1 1338 7 is_stmt 1 view .LVU1245
1338:Drivers/STM32F4xx_HAL_Driver/Src/stm32f4xx_hal_sd.c **** 
 3401              		.loc 1 1338 20 is_stmt 0 view .LVU1246
 3402 005c A023     		movs	r3, #160
 3403 005e 2363     		str	r3, [r4, #48]
1341:Drivers/STM32F4xx_HAL_Driver/Src/stm32f4xx_hal_sd.c ****     }
 3404              		.loc 1 1341 7 is_stmt 1 view .LVU1247
1341:Drivers/STM32F4xx_HAL_Driver/Src/stm32f4xx_hal_sd.c ****     }
 3405              		.loc 1 1341 20 is_stmt 0 view .LVU1248
 3406 0060 1146     		mov	r1, r2
 3407 0062 2068     		ldr	r0, [r4]
 3408 0064 FFF7FEFF 		bl	SDMMC_CmdWriteMultiBlock
 3409              	.LVL284:
 3410              	.L210:
1350:Drivers/STM32F4xx_HAL_Driver/Src/stm32f4xx_hal_sd.c ****     {
 3411              		.loc 1 1350 5 is_stmt 1 view .LVU1249
1350:Drivers/STM32F4xx_HAL_Driver/Src/stm32f4xx_hal_sd.c ****     {
 3412              		.loc 1 1350 7 is_stmt 0 view .LVU1250
 3413 0068 E8B1     		cbz	r0, .L211
1353:Drivers/STM32F4xx_HAL_Driver/Src/stm32f4xx_hal_sd.c ****       hsd->ErrorCode |= errorstate;
 3414              		.loc 1 1353 7 is_stmt 1 view .LVU1251
 3415 006a 2368     		ldr	r3, [r4]
 3416 006c 314A     		ldr	r2, .L217+8
 3417 006e 9A63     		str	r2, [r3, #56]
1354:Drivers/STM32F4xx_HAL_Driver/Src/stm32f4xx_hal_sd.c ****       hsd->State = HAL_SD_STATE_READY;
 3418              		.loc 1 1354 7 view .LVU1252
1354:Drivers/STM32F4xx_HAL_Driver/Src/stm32f4xx_hal_sd.c ****       hsd->State = HAL_SD_STATE_READY;
 3419              		.loc 1 1354 10 is_stmt 0 view .LVU1253
 3420 0070 A36B     		ldr	r3, [r4, #56]
1354:Drivers/STM32F4xx_HAL_Driver/Src/stm32f4xx_hal_sd.c ****       hsd->State = HAL_SD_STATE_READY;
 3421              		.loc 1 1354 22 view .LVU1254
 3422 0072 0343     		orrs	r3, r3, r0
 3423 0074 A363     		str	r3, [r4, #56]
1355:Drivers/STM32F4xx_HAL_Driver/Src/stm32f4xx_hal_sd.c ****       hsd->Context = SD_CONTEXT_NONE;
 3424              		.loc 1 1355 7 is_stmt 1 view .LVU1255
1355:Drivers/STM32F4xx_HAL_Driver/Src/stm32f4xx_hal_sd.c ****       hsd->Context = SD_CONTEXT_NONE;
 3425              		.loc 1 1355 18 is_stmt 0 view .LVU1256
 3426 0076 0123     		movs	r3, #1
 3427 0078 84F83430 		strb	r3, [r4, #52]
1356:Drivers/STM32F4xx_HAL_Driver/Src/stm32f4xx_hal_sd.c ****       return HAL_ERROR;
 3428              		.loc 1 1356 7 is_stmt 1 view .LVU1257
1356:Drivers/STM32F4xx_HAL_Driver/Src/stm32f4xx_hal_sd.c ****       return HAL_ERROR;
 3429              		.loc 1 1356 20 is_stmt 0 view .LVU1258
 3430 007c 0023     		movs	r3, #0
 3431 007e 2363     		str	r3, [r4, #48]
1357:Drivers/STM32F4xx_HAL_Driver/Src/stm32f4xx_hal_sd.c ****     }
 3432              		.loc 1 1357 7 is_stmt 1 view .LVU1259
ARM GAS  /tmp/ccnf9wtj.s 			page 139


1357:Drivers/STM32F4xx_HAL_Driver/Src/stm32f4xx_hal_sd.c ****     }
 3433              		.loc 1 1357 14 is_stmt 0 view .LVU1260
 3434 0080 50E0     		b	.L206
 3435              	.LVL285:
 3436              	.L215:
1295:Drivers/STM32F4xx_HAL_Driver/Src/stm32f4xx_hal_sd.c ****     return HAL_ERROR;
 3437              		.loc 1 1295 5 is_stmt 1 view .LVU1261
1295:Drivers/STM32F4xx_HAL_Driver/Src/stm32f4xx_hal_sd.c ****     return HAL_ERROR;
 3438              		.loc 1 1295 8 is_stmt 0 view .LVU1262
 3439 0082 836B     		ldr	r3, [r0, #56]
 3440              	.LVL286:
1295:Drivers/STM32F4xx_HAL_Driver/Src/stm32f4xx_hal_sd.c ****     return HAL_ERROR;
 3441              		.loc 1 1295 20 view .LVU1263
 3442 0084 43F00063 		orr	r3, r3, #134217728
 3443 0088 8363     		str	r3, [r0, #56]
1296:Drivers/STM32F4xx_HAL_Driver/Src/stm32f4xx_hal_sd.c ****   }
 3444              		.loc 1 1296 5 is_stmt 1 view .LVU1264
1296:Drivers/STM32F4xx_HAL_Driver/Src/stm32f4xx_hal_sd.c ****   }
 3445              		.loc 1 1296 12 is_stmt 0 view .LVU1265
 3446 008a 0126     		movs	r6, #1
 3447 008c 4AE0     		b	.L206
 3448              	.LVL287:
 3449              	.L216:
1305:Drivers/STM32F4xx_HAL_Driver/Src/stm32f4xx_hal_sd.c ****       return HAL_ERROR;
 3450              		.loc 1 1305 7 is_stmt 1 view .LVU1266
1305:Drivers/STM32F4xx_HAL_Driver/Src/stm32f4xx_hal_sd.c ****       return HAL_ERROR;
 3451              		.loc 1 1305 10 is_stmt 0 view .LVU1267
 3452 008e 836B     		ldr	r3, [r0, #56]
1305:Drivers/STM32F4xx_HAL_Driver/Src/stm32f4xx_hal_sd.c ****       return HAL_ERROR;
 3453              		.loc 1 1305 22 view .LVU1268
 3454 0090 43F00073 		orr	r3, r3, #33554432
 3455 0094 8363     		str	r3, [r0, #56]
1306:Drivers/STM32F4xx_HAL_Driver/Src/stm32f4xx_hal_sd.c ****     }
 3456              		.loc 1 1306 7 is_stmt 1 view .LVU1269
1306:Drivers/STM32F4xx_HAL_Driver/Src/stm32f4xx_hal_sd.c ****     }
 3457              		.loc 1 1306 14 is_stmt 0 view .LVU1270
 3458 0096 45E0     		b	.L206
 3459              	.LVL288:
 3460              	.L209:
1345:Drivers/STM32F4xx_HAL_Driver/Src/stm32f4xx_hal_sd.c **** 
 3461              		.loc 1 1345 7 is_stmt 1 view .LVU1271
1345:Drivers/STM32F4xx_HAL_Driver/Src/stm32f4xx_hal_sd.c **** 
 3462              		.loc 1 1345 20 is_stmt 0 view .LVU1272
 3463 0098 9023     		movs	r3, #144
 3464 009a 2363     		str	r3, [r4, #48]
1348:Drivers/STM32F4xx_HAL_Driver/Src/stm32f4xx_hal_sd.c ****     }
 3465              		.loc 1 1348 7 is_stmt 1 view .LVU1273
1348:Drivers/STM32F4xx_HAL_Driver/Src/stm32f4xx_hal_sd.c ****     }
 3466              		.loc 1 1348 20 is_stmt 0 view .LVU1274
 3467 009c 1146     		mov	r1, r2
 3468 009e 2068     		ldr	r0, [r4]
 3469 00a0 FFF7FEFF 		bl	SDMMC_CmdWriteSingleBlock
 3470              	.LVL289:
1348:Drivers/STM32F4xx_HAL_Driver/Src/stm32f4xx_hal_sd.c ****     }
 3471              		.loc 1 1348 20 view .LVU1275
 3472 00a4 E0E7     		b	.L210
 3473              	.LVL290:
ARM GAS  /tmp/ccnf9wtj.s 			page 140


 3474              	.L211:
1361:Drivers/STM32F4xx_HAL_Driver/Src/stm32f4xx_hal_sd.c **** 
 3475              		.loc 1 1361 5 is_stmt 1 view .LVU1276
 3476 00a6 244B     		ldr	r3, .L217+12
 3477 00a8 0122     		movs	r2, #1
 3478 00aa C3F88C25 		str	r2, [r3, #1420]
1364:Drivers/STM32F4xx_HAL_Driver/Src/stm32f4xx_hal_sd.c ****     MODIFY_REG(hsd->hdmatx->Instance->CR, DMA_SxCR_DIR, hsd->hdmatx->Init.Direction);
 3479              		.loc 1 1364 5 view .LVU1277
1364:Drivers/STM32F4xx_HAL_Driver/Src/stm32f4xx_hal_sd.c ****     MODIFY_REG(hsd->hdmatx->Instance->CR, DMA_SxCR_DIR, hsd->hdmatx->Init.Direction);
 3480              		.loc 1 1364 8 is_stmt 0 view .LVU1278
 3481 00ae E36B     		ldr	r3, [r4, #60]
1364:Drivers/STM32F4xx_HAL_Driver/Src/stm32f4xx_hal_sd.c ****     MODIFY_REG(hsd->hdmatx->Instance->CR, DMA_SxCR_DIR, hsd->hdmatx->Init.Direction);
 3482              		.loc 1 1364 33 view .LVU1279
 3483 00b0 4022     		movs	r2, #64
 3484 00b2 9A60     		str	r2, [r3, #8]
1365:Drivers/STM32F4xx_HAL_Driver/Src/stm32f4xx_hal_sd.c **** 
 3485              		.loc 1 1365 5 is_stmt 1 view .LVU1280
 3486 00b4 E16B     		ldr	r1, [r4, #60]
 3487 00b6 0A68     		ldr	r2, [r1]
 3488 00b8 1368     		ldr	r3, [r2]
 3489 00ba 23F0C003 		bic	r3, r3, #192
 3490 00be 8968     		ldr	r1, [r1, #8]
 3491 00c0 0B43     		orrs	r3, r3, r1
 3492 00c2 1360     		str	r3, [r2]
1368:Drivers/STM32F4xx_HAL_Driver/Src/stm32f4xx_hal_sd.c ****     {
 3493              		.loc 1 1368 5 view .LVU1281
1368:Drivers/STM32F4xx_HAL_Driver/Src/stm32f4xx_hal_sd.c ****     {
 3494              		.loc 1 1368 69 is_stmt 0 view .LVU1282
 3495 00c4 2268     		ldr	r2, [r4]
1368:Drivers/STM32F4xx_HAL_Driver/Src/stm32f4xx_hal_sd.c ****     {
 3496              		.loc 1 1368 87 view .LVU1283
 3497 00c6 6D02     		lsls	r5, r5, #9
 3498              	.LVL291:
1368:Drivers/STM32F4xx_HAL_Driver/Src/stm32f4xx_hal_sd.c ****     {
 3499              		.loc 1 1368 8 view .LVU1284
 3500 00c8 AB08     		lsrs	r3, r5, #2
 3501 00ca 8032     		adds	r2, r2, #128
 3502 00cc 3946     		mov	r1, r7
 3503 00ce E06B     		ldr	r0, [r4, #60]
 3504              	.LVL292:
1368:Drivers/STM32F4xx_HAL_Driver/Src/stm32f4xx_hal_sd.c ****     {
 3505              		.loc 1 1368 8 view .LVU1285
 3506 00d0 FFF7FEFF 		bl	HAL_DMA_Start_IT
 3507              	.LVL293:
1368:Drivers/STM32F4xx_HAL_Driver/Src/stm32f4xx_hal_sd.c ****     {
 3508              		.loc 1 1368 7 discriminator 1 view .LVU1286
 3509 00d4 0746     		mov	r7, r0
 3510              	.LVL294:
1368:Drivers/STM32F4xx_HAL_Driver/Src/stm32f4xx_hal_sd.c ****     {
 3511              		.loc 1 1368 7 discriminator 1 view .LVU1287
 3512 00d6 98B1     		cbz	r0, .L212
1371:Drivers/STM32F4xx_HAL_Driver/Src/stm32f4xx_hal_sd.c **** #else /* SDIO_STA_STBITERR not defined */
 3513              		.loc 1 1371 7 is_stmt 1 view .LVU1288
 3514 00d8 2268     		ldr	r2, [r4]
 3515 00da D36B     		ldr	r3, [r2, #60]
 3516 00dc 23F40673 		bic	r3, r3, #536
 3517 00e0 23F00203 		bic	r3, r3, #2
ARM GAS  /tmp/ccnf9wtj.s 			page 141


 3518 00e4 D363     		str	r3, [r2, #60]
1375:Drivers/STM32F4xx_HAL_Driver/Src/stm32f4xx_hal_sd.c ****       hsd->ErrorCode |= HAL_SD_ERROR_DMA;
 3519              		.loc 1 1375 7 view .LVU1289
 3520 00e6 2368     		ldr	r3, [r4]
 3521 00e8 124A     		ldr	r2, .L217+8
 3522 00ea 9A63     		str	r2, [r3, #56]
1376:Drivers/STM32F4xx_HAL_Driver/Src/stm32f4xx_hal_sd.c ****       hsd->State = HAL_SD_STATE_READY;
 3523              		.loc 1 1376 7 view .LVU1290
1376:Drivers/STM32F4xx_HAL_Driver/Src/stm32f4xx_hal_sd.c ****       hsd->State = HAL_SD_STATE_READY;
 3524              		.loc 1 1376 10 is_stmt 0 view .LVU1291
 3525 00ec A36B     		ldr	r3, [r4, #56]
1376:Drivers/STM32F4xx_HAL_Driver/Src/stm32f4xx_hal_sd.c ****       hsd->State = HAL_SD_STATE_READY;
 3526              		.loc 1 1376 22 view .LVU1292
 3527 00ee 43F08043 		orr	r3, r3, #1073741824
 3528 00f2 A363     		str	r3, [r4, #56]
1377:Drivers/STM32F4xx_HAL_Driver/Src/stm32f4xx_hal_sd.c ****       hsd->Context = SD_CONTEXT_NONE;
 3529              		.loc 1 1377 7 is_stmt 1 view .LVU1293
1377:Drivers/STM32F4xx_HAL_Driver/Src/stm32f4xx_hal_sd.c ****       hsd->Context = SD_CONTEXT_NONE;
 3530              		.loc 1 1377 18 is_stmt 0 view .LVU1294
 3531 00f4 0123     		movs	r3, #1
 3532 00f6 84F83430 		strb	r3, [r4, #52]
1378:Drivers/STM32F4xx_HAL_Driver/Src/stm32f4xx_hal_sd.c ****       return HAL_ERROR;
 3533              		.loc 1 1378 7 is_stmt 1 view .LVU1295
1378:Drivers/STM32F4xx_HAL_Driver/Src/stm32f4xx_hal_sd.c ****       return HAL_ERROR;
 3534              		.loc 1 1378 20 is_stmt 0 view .LVU1296
 3535 00fa 0023     		movs	r3, #0
 3536 00fc 2363     		str	r3, [r4, #48]
1379:Drivers/STM32F4xx_HAL_Driver/Src/stm32f4xx_hal_sd.c ****     }
 3537              		.loc 1 1379 7 is_stmt 1 view .LVU1297
1379:Drivers/STM32F4xx_HAL_Driver/Src/stm32f4xx_hal_sd.c ****     }
 3538              		.loc 1 1379 14 is_stmt 0 view .LVU1298
 3539 00fe 11E0     		b	.L206
 3540              	.L212:
1384:Drivers/STM32F4xx_HAL_Driver/Src/stm32f4xx_hal_sd.c ****       config.DataLength    = BLOCKSIZE * NumberOfBlocks;
 3541              		.loc 1 1384 7 is_stmt 1 view .LVU1299
1384:Drivers/STM32F4xx_HAL_Driver/Src/stm32f4xx_hal_sd.c ****       config.DataLength    = BLOCKSIZE * NumberOfBlocks;
 3542              		.loc 1 1384 28 is_stmt 0 view .LVU1300
 3543 0100 4FF0FF33 		mov	r3, #-1
 3544 0104 0093     		str	r3, [sp]
1385:Drivers/STM32F4xx_HAL_Driver/Src/stm32f4xx_hal_sd.c ****       config.DataBlockSize = SDIO_DATABLOCK_SIZE_512B;
 3545              		.loc 1 1385 7 is_stmt 1 view .LVU1301
1385:Drivers/STM32F4xx_HAL_Driver/Src/stm32f4xx_hal_sd.c ****       config.DataBlockSize = SDIO_DATABLOCK_SIZE_512B;
 3546              		.loc 1 1385 28 is_stmt 0 view .LVU1302
 3547 0106 0195     		str	r5, [sp, #4]
1386:Drivers/STM32F4xx_HAL_Driver/Src/stm32f4xx_hal_sd.c ****       config.TransferDir   = SDIO_TRANSFER_DIR_TO_CARD;
 3548              		.loc 1 1386 7 is_stmt 1 view .LVU1303
1386:Drivers/STM32F4xx_HAL_Driver/Src/stm32f4xx_hal_sd.c ****       config.TransferDir   = SDIO_TRANSFER_DIR_TO_CARD;
 3549              		.loc 1 1386 28 is_stmt 0 view .LVU1304
 3550 0108 9023     		movs	r3, #144
 3551 010a 0293     		str	r3, [sp, #8]
1387:Drivers/STM32F4xx_HAL_Driver/Src/stm32f4xx_hal_sd.c ****       config.TransferMode  = SDIO_TRANSFER_MODE_BLOCK;
 3552              		.loc 1 1387 7 is_stmt 1 view .LVU1305
1387:Drivers/STM32F4xx_HAL_Driver/Src/stm32f4xx_hal_sd.c ****       config.TransferMode  = SDIO_TRANSFER_MODE_BLOCK;
 3553              		.loc 1 1387 28 is_stmt 0 view .LVU1306
 3554 010c 0023     		movs	r3, #0
 3555 010e 0393     		str	r3, [sp, #12]
1388:Drivers/STM32F4xx_HAL_Driver/Src/stm32f4xx_hal_sd.c ****       config.DPSM          = SDIO_DPSM_ENABLE;
ARM GAS  /tmp/ccnf9wtj.s 			page 142


 3556              		.loc 1 1388 7 is_stmt 1 view .LVU1307
1388:Drivers/STM32F4xx_HAL_Driver/Src/stm32f4xx_hal_sd.c ****       config.DPSM          = SDIO_DPSM_ENABLE;
 3557              		.loc 1 1388 28 is_stmt 0 view .LVU1308
 3558 0110 0493     		str	r3, [sp, #16]
1389:Drivers/STM32F4xx_HAL_Driver/Src/stm32f4xx_hal_sd.c ****       (void)SDIO_ConfigData(hsd->Instance, &config);
 3559              		.loc 1 1389 7 is_stmt 1 view .LVU1309
1389:Drivers/STM32F4xx_HAL_Driver/Src/stm32f4xx_hal_sd.c ****       (void)SDIO_ConfigData(hsd->Instance, &config);
 3560              		.loc 1 1389 28 is_stmt 0 view .LVU1310
 3561 0112 0123     		movs	r3, #1
 3562 0114 0593     		str	r3, [sp, #20]
1390:Drivers/STM32F4xx_HAL_Driver/Src/stm32f4xx_hal_sd.c **** 
 3563              		.loc 1 1390 7 is_stmt 1 view .LVU1311
1390:Drivers/STM32F4xx_HAL_Driver/Src/stm32f4xx_hal_sd.c **** 
 3564              		.loc 1 1390 13 is_stmt 0 view .LVU1312
 3565 0116 6946     		mov	r1, sp
 3566 0118 2068     		ldr	r0, [r4]
 3567 011a FFF7FEFF 		bl	SDIO_ConfigData
 3568              	.LVL295:
1392:Drivers/STM32F4xx_HAL_Driver/Src/stm32f4xx_hal_sd.c ****     }
 3569              		.loc 1 1392 7 is_stmt 1 view .LVU1313
1392:Drivers/STM32F4xx_HAL_Driver/Src/stm32f4xx_hal_sd.c ****     }
 3570              		.loc 1 1392 14 is_stmt 0 view .LVU1314
 3571 011e 3E46     		mov	r6, r7
 3572 0120 00E0     		b	.L206
 3573              	.LVL296:
 3574              	.L213:
1397:Drivers/STM32F4xx_HAL_Driver/Src/stm32f4xx_hal_sd.c ****   }
 3575              		.loc 1 1397 12 view .LVU1315
 3576 0122 0226     		movs	r6, #2
 3577              	.LVL297:
 3578              	.L206:
1399:Drivers/STM32F4xx_HAL_Driver/Src/stm32f4xx_hal_sd.c **** 
 3579              		.loc 1 1399 1 view .LVU1316
 3580 0124 3046     		mov	r0, r6
 3581 0126 07B0     		add	sp, sp, #28
 3582              	.LCFI48:
 3583              		.cfi_def_cfa_offset 20
 3584              		@ sp needed
 3585 0128 F0BD     		pop	{r4, r5, r6, r7, pc}
 3586              	.LVL298:
 3587              	.L218:
1399:Drivers/STM32F4xx_HAL_Driver/Src/stm32f4xx_hal_sd.c **** 
 3588              		.loc 1 1399 1 view .LVU1317
 3589 012a 00BF     		.align	2
 3590              	.L217:
 3591 012c 00000000 		.word	SD_DMATransmitCplt
 3592 0130 00000000 		.word	SD_DMAError
 3593 0134 FF054000 		.word	4195839
 3594 0138 00802542 		.word	1109753856
 3595              		.cfi_endproc
 3596              	.LFE140:
 3598              		.section	.text.HAL_SD_Erase,"ax",%progbits
 3599              		.align	1
 3600              		.global	HAL_SD_Erase
 3601              		.syntax unified
 3602              		.thumb
 3603              		.thumb_func
ARM GAS  /tmp/ccnf9wtj.s 			page 143


 3605              	HAL_SD_Erase:
 3606              	.LVL299:
 3607              	.LFB141:
1411:Drivers/STM32F4xx_HAL_Driver/Src/stm32f4xx_hal_sd.c ****   uint32_t errorstate;
 3608              		.loc 1 1411 1 is_stmt 1 view -0
 3609              		.cfi_startproc
 3610              		@ args = 0, pretend = 0, frame = 0
 3611              		@ frame_needed = 0, uses_anonymous_args = 0
1411:Drivers/STM32F4xx_HAL_Driver/Src/stm32f4xx_hal_sd.c ****   uint32_t errorstate;
 3612              		.loc 1 1411 1 is_stmt 0 view .LVU1319
 3613 0000 F8B5     		push	{r3, r4, r5, r6, r7, lr}
 3614              	.LCFI49:
 3615              		.cfi_def_cfa_offset 24
 3616              		.cfi_offset 3, -24
 3617              		.cfi_offset 4, -20
 3618              		.cfi_offset 5, -16
 3619              		.cfi_offset 6, -12
 3620              		.cfi_offset 7, -8
 3621              		.cfi_offset 14, -4
1412:Drivers/STM32F4xx_HAL_Driver/Src/stm32f4xx_hal_sd.c ****   uint32_t start_add = BlockStartAdd;
 3622              		.loc 1 1412 3 is_stmt 1 view .LVU1320
1413:Drivers/STM32F4xx_HAL_Driver/Src/stm32f4xx_hal_sd.c ****   uint32_t end_add = BlockEndAdd;
 3623              		.loc 1 1413 3 view .LVU1321
 3624              	.LVL300:
1414:Drivers/STM32F4xx_HAL_Driver/Src/stm32f4xx_hal_sd.c **** 
 3625              		.loc 1 1414 3 view .LVU1322
1416:Drivers/STM32F4xx_HAL_Driver/Src/stm32f4xx_hal_sd.c ****   {
 3626              		.loc 1 1416 3 view .LVU1323
1416:Drivers/STM32F4xx_HAL_Driver/Src/stm32f4xx_hal_sd.c ****   {
 3627              		.loc 1 1416 9 is_stmt 0 view .LVU1324
 3628 0002 90F83430 		ldrb	r3, [r0, #52]	@ zero_extendqisi2
1416:Drivers/STM32F4xx_HAL_Driver/Src/stm32f4xx_hal_sd.c ****   {
 3629              		.loc 1 1416 5 view .LVU1325
 3630 0006 012B     		cmp	r3, #1
 3631 0008 70D1     		bne	.L229
 3632 000a 0446     		mov	r4, r0
 3633 000c 0E46     		mov	r6, r1
 3634 000e 1546     		mov	r5, r2
 3635 0010 DFB2     		uxtb	r7, r3
1418:Drivers/STM32F4xx_HAL_Driver/Src/stm32f4xx_hal_sd.c **** 
 3636              		.loc 1 1418 5 is_stmt 1 view .LVU1326
1418:Drivers/STM32F4xx_HAL_Driver/Src/stm32f4xx_hal_sd.c **** 
 3637              		.loc 1 1418 20 is_stmt 0 view .LVU1327
 3638 0012 0023     		movs	r3, #0
 3639 0014 8363     		str	r3, [r0, #56]
1420:Drivers/STM32F4xx_HAL_Driver/Src/stm32f4xx_hal_sd.c ****     {
 3640              		.loc 1 1420 5 is_stmt 1 view .LVU1328
1420:Drivers/STM32F4xx_HAL_Driver/Src/stm32f4xx_hal_sd.c ****     {
 3641              		.loc 1 1420 7 is_stmt 0 view .LVU1329
 3642 0016 9142     		cmp	r1, r2
 3643 0018 14D8     		bhi	.L231
1426:Drivers/STM32F4xx_HAL_Driver/Src/stm32f4xx_hal_sd.c ****     {
 3644              		.loc 1 1426 5 is_stmt 1 view .LVU1330
1426:Drivers/STM32F4xx_HAL_Driver/Src/stm32f4xx_hal_sd.c ****     {
 3645              		.loc 1 1426 30 is_stmt 0 view .LVU1331
 3646 001a C36D     		ldr	r3, [r0, #92]
1426:Drivers/STM32F4xx_HAL_Driver/Src/stm32f4xx_hal_sd.c ****     {
ARM GAS  /tmp/ccnf9wtj.s 			page 144


 3647              		.loc 1 1426 7 view .LVU1332
 3648 001c 9342     		cmp	r3, r2
 3649 001e 16D3     		bcc	.L232
1432:Drivers/STM32F4xx_HAL_Driver/Src/stm32f4xx_hal_sd.c **** 
 3650              		.loc 1 1432 5 is_stmt 1 view .LVU1333
1432:Drivers/STM32F4xx_HAL_Driver/Src/stm32f4xx_hal_sd.c **** 
 3651              		.loc 1 1432 16 is_stmt 0 view .LVU1334
 3652 0020 0323     		movs	r3, #3
 3653 0022 80F83430 		strb	r3, [r0, #52]
1435:Drivers/STM32F4xx_HAL_Driver/Src/stm32f4xx_hal_sd.c ****     {
 3654              		.loc 1 1435 5 is_stmt 1 view .LVU1335
1435:Drivers/STM32F4xx_HAL_Driver/Src/stm32f4xx_hal_sd.c ****     {
 3655              		.loc 1 1435 21 is_stmt 0 view .LVU1336
 3656 0026 C36C     		ldr	r3, [r0, #76]
1435:Drivers/STM32F4xx_HAL_Driver/Src/stm32f4xx_hal_sd.c ****     {
 3657              		.loc 1 1435 7 view .LVU1337
 3658 0028 13F0200F 		tst	r3, #32
 3659 002c 14D1     		bne	.L223
1438:Drivers/STM32F4xx_HAL_Driver/Src/stm32f4xx_hal_sd.c ****       hsd->ErrorCode |= HAL_SD_ERROR_REQUEST_NOT_APPLICABLE;
 3660              		.loc 1 1438 7 is_stmt 1 view .LVU1338
 3661 002e 0368     		ldr	r3, [r0]
 3662 0030 304A     		ldr	r2, .L235
 3663              	.LVL301:
1438:Drivers/STM32F4xx_HAL_Driver/Src/stm32f4xx_hal_sd.c ****       hsd->ErrorCode |= HAL_SD_ERROR_REQUEST_NOT_APPLICABLE;
 3664              		.loc 1 1438 7 is_stmt 0 view .LVU1339
 3665 0032 9A63     		str	r2, [r3, #56]
1439:Drivers/STM32F4xx_HAL_Driver/Src/stm32f4xx_hal_sd.c ****       hsd->State = HAL_SD_STATE_READY;
 3666              		.loc 1 1439 7 is_stmt 1 view .LVU1340
1439:Drivers/STM32F4xx_HAL_Driver/Src/stm32f4xx_hal_sd.c ****       hsd->State = HAL_SD_STATE_READY;
 3667              		.loc 1 1439 10 is_stmt 0 view .LVU1341
 3668 0034 836B     		ldr	r3, [r0, #56]
1439:Drivers/STM32F4xx_HAL_Driver/Src/stm32f4xx_hal_sd.c ****       hsd->State = HAL_SD_STATE_READY;
 3669              		.loc 1 1439 22 view .LVU1342
 3670 0036 43F08063 		orr	r3, r3, #67108864
 3671 003a 8363     		str	r3, [r0, #56]
1440:Drivers/STM32F4xx_HAL_Driver/Src/stm32f4xx_hal_sd.c ****       return HAL_ERROR;
 3672              		.loc 1 1440 7 is_stmt 1 view .LVU1343
1440:Drivers/STM32F4xx_HAL_Driver/Src/stm32f4xx_hal_sd.c ****       return HAL_ERROR;
 3673              		.loc 1 1440 18 is_stmt 0 view .LVU1344
 3674 003c 0123     		movs	r3, #1
 3675 003e 80F83430 		strb	r3, [r0, #52]
1441:Drivers/STM32F4xx_HAL_Driver/Src/stm32f4xx_hal_sd.c ****     }
 3676              		.loc 1 1441 7 is_stmt 1 view .LVU1345
1441:Drivers/STM32F4xx_HAL_Driver/Src/stm32f4xx_hal_sd.c ****     }
 3677              		.loc 1 1441 14 is_stmt 0 view .LVU1346
 3678 0042 54E0     		b	.L220
 3679              	.LVL302:
 3680              	.L231:
1422:Drivers/STM32F4xx_HAL_Driver/Src/stm32f4xx_hal_sd.c ****       return HAL_ERROR;
 3681              		.loc 1 1422 7 is_stmt 1 view .LVU1347
1422:Drivers/STM32F4xx_HAL_Driver/Src/stm32f4xx_hal_sd.c ****       return HAL_ERROR;
 3682              		.loc 1 1422 10 is_stmt 0 view .LVU1348
 3683 0044 836B     		ldr	r3, [r0, #56]
1422:Drivers/STM32F4xx_HAL_Driver/Src/stm32f4xx_hal_sd.c ****       return HAL_ERROR;
 3684              		.loc 1 1422 22 view .LVU1349
 3685 0046 43F00063 		orr	r3, r3, #134217728
 3686 004a 8363     		str	r3, [r0, #56]
ARM GAS  /tmp/ccnf9wtj.s 			page 145


1423:Drivers/STM32F4xx_HAL_Driver/Src/stm32f4xx_hal_sd.c ****     }
 3687              		.loc 1 1423 7 is_stmt 1 view .LVU1350
1423:Drivers/STM32F4xx_HAL_Driver/Src/stm32f4xx_hal_sd.c ****     }
 3688              		.loc 1 1423 14 is_stmt 0 view .LVU1351
 3689 004c 4FE0     		b	.L220
 3690              	.L232:
1428:Drivers/STM32F4xx_HAL_Driver/Src/stm32f4xx_hal_sd.c ****       return HAL_ERROR;
 3691              		.loc 1 1428 7 is_stmt 1 view .LVU1352
1428:Drivers/STM32F4xx_HAL_Driver/Src/stm32f4xx_hal_sd.c ****       return HAL_ERROR;
 3692              		.loc 1 1428 10 is_stmt 0 view .LVU1353
 3693 004e 836B     		ldr	r3, [r0, #56]
1428:Drivers/STM32F4xx_HAL_Driver/Src/stm32f4xx_hal_sd.c ****       return HAL_ERROR;
 3694              		.loc 1 1428 22 view .LVU1354
 3695 0050 43F00073 		orr	r3, r3, #33554432
 3696 0054 8363     		str	r3, [r0, #56]
1429:Drivers/STM32F4xx_HAL_Driver/Src/stm32f4xx_hal_sd.c ****     }
 3697              		.loc 1 1429 7 is_stmt 1 view .LVU1355
1429:Drivers/STM32F4xx_HAL_Driver/Src/stm32f4xx_hal_sd.c ****     }
 3698              		.loc 1 1429 14 is_stmt 0 view .LVU1356
 3699 0056 4AE0     		b	.L220
 3700              	.L223:
1444:Drivers/STM32F4xx_HAL_Driver/Src/stm32f4xx_hal_sd.c ****     {
 3701              		.loc 1 1444 5 is_stmt 1 view .LVU1357
1444:Drivers/STM32F4xx_HAL_Driver/Src/stm32f4xx_hal_sd.c ****     {
 3702              		.loc 1 1444 9 is_stmt 0 view .LVU1358
 3703 0058 0021     		movs	r1, #0
 3704              	.LVL303:
1444:Drivers/STM32F4xx_HAL_Driver/Src/stm32f4xx_hal_sd.c ****     {
 3705              		.loc 1 1444 9 view .LVU1359
 3706 005a 0068     		ldr	r0, [r0]
 3707              	.LVL304:
1444:Drivers/STM32F4xx_HAL_Driver/Src/stm32f4xx_hal_sd.c ****     {
 3708              		.loc 1 1444 9 view .LVU1360
 3709 005c FFF7FEFF 		bl	SDIO_GetResponse
 3710              	.LVL305:
1444:Drivers/STM32F4xx_HAL_Driver/Src/stm32f4xx_hal_sd.c ****     {
 3711              		.loc 1 1444 7 discriminator 1 view .LVU1361
 3712 0060 10F0007F 		tst	r0, #33554432
 3713 0064 15D1     		bne	.L233
1454:Drivers/STM32F4xx_HAL_Driver/Src/stm32f4xx_hal_sd.c ****     {
 3714              		.loc 1 1454 5 is_stmt 1 view .LVU1362
1454:Drivers/STM32F4xx_HAL_Driver/Src/stm32f4xx_hal_sd.c ****     {
 3715              		.loc 1 1454 19 is_stmt 0 view .LVU1363
 3716 0066 636C     		ldr	r3, [r4, #68]
1454:Drivers/STM32F4xx_HAL_Driver/Src/stm32f4xx_hal_sd.c ****     {
 3717              		.loc 1 1454 7 view .LVU1364
 3718 0068 012B     		cmp	r3, #1
 3719 006a 01D0     		beq	.L225
1456:Drivers/STM32F4xx_HAL_Driver/Src/stm32f4xx_hal_sd.c ****       end_add   *= 512U;
 3720              		.loc 1 1456 7 is_stmt 1 view .LVU1365
1456:Drivers/STM32F4xx_HAL_Driver/Src/stm32f4xx_hal_sd.c ****       end_add   *= 512U;
 3721              		.loc 1 1456 17 is_stmt 0 view .LVU1366
 3722 006c 7602     		lsls	r6, r6, #9
 3723              	.LVL306:
1457:Drivers/STM32F4xx_HAL_Driver/Src/stm32f4xx_hal_sd.c ****     }
 3724              		.loc 1 1457 7 is_stmt 1 view .LVU1367
1457:Drivers/STM32F4xx_HAL_Driver/Src/stm32f4xx_hal_sd.c ****     }
ARM GAS  /tmp/ccnf9wtj.s 			page 146


 3725              		.loc 1 1457 17 is_stmt 0 view .LVU1368
 3726 006e 6D02     		lsls	r5, r5, #9
 3727              	.LVL307:
 3728              	.L225:
1461:Drivers/STM32F4xx_HAL_Driver/Src/stm32f4xx_hal_sd.c ****     {
 3729              		.loc 1 1461 5 is_stmt 1 view .LVU1369
1461:Drivers/STM32F4xx_HAL_Driver/Src/stm32f4xx_hal_sd.c ****     {
 3730              		.loc 1 1461 7 is_stmt 0 view .LVU1370
 3731 0070 032B     		cmp	r3, #3
 3732 0072 1ED0     		beq	.L226
1464:Drivers/STM32F4xx_HAL_Driver/Src/stm32f4xx_hal_sd.c ****       if(errorstate != HAL_SD_ERROR_NONE)
 3733              		.loc 1 1464 7 is_stmt 1 view .LVU1371
1464:Drivers/STM32F4xx_HAL_Driver/Src/stm32f4xx_hal_sd.c ****       if(errorstate != HAL_SD_ERROR_NONE)
 3734              		.loc 1 1464 20 is_stmt 0 view .LVU1372
 3735 0074 3146     		mov	r1, r6
 3736 0076 2068     		ldr	r0, [r4]
 3737 0078 FFF7FEFF 		bl	SDMMC_CmdSDEraseStartAdd
 3738              	.LVL308:
1465:Drivers/STM32F4xx_HAL_Driver/Src/stm32f4xx_hal_sd.c ****       {
 3739              		.loc 1 1465 7 is_stmt 1 view .LVU1373
1465:Drivers/STM32F4xx_HAL_Driver/Src/stm32f4xx_hal_sd.c ****       {
 3740              		.loc 1 1465 9 is_stmt 0 view .LVU1374
 3741 007c A0B1     		cbz	r0, .L227
1468:Drivers/STM32F4xx_HAL_Driver/Src/stm32f4xx_hal_sd.c ****         hsd->ErrorCode |= errorstate;
 3742              		.loc 1 1468 9 is_stmt 1 view .LVU1375
 3743 007e 2368     		ldr	r3, [r4]
 3744 0080 1C49     		ldr	r1, .L235
 3745 0082 9963     		str	r1, [r3, #56]
1469:Drivers/STM32F4xx_HAL_Driver/Src/stm32f4xx_hal_sd.c ****         hsd->State = HAL_SD_STATE_READY;
 3746              		.loc 1 1469 9 view .LVU1376
1469:Drivers/STM32F4xx_HAL_Driver/Src/stm32f4xx_hal_sd.c ****         hsd->State = HAL_SD_STATE_READY;
 3747              		.loc 1 1469 12 is_stmt 0 view .LVU1377
 3748 0084 A36B     		ldr	r3, [r4, #56]
1469:Drivers/STM32F4xx_HAL_Driver/Src/stm32f4xx_hal_sd.c ****         hsd->State = HAL_SD_STATE_READY;
 3749              		.loc 1 1469 24 view .LVU1378
 3750 0086 0343     		orrs	r3, r3, r0
 3751 0088 A363     		str	r3, [r4, #56]
1470:Drivers/STM32F4xx_HAL_Driver/Src/stm32f4xx_hal_sd.c ****         return HAL_ERROR;
 3752              		.loc 1 1470 9 is_stmt 1 view .LVU1379
1470:Drivers/STM32F4xx_HAL_Driver/Src/stm32f4xx_hal_sd.c ****         return HAL_ERROR;
 3753              		.loc 1 1470 20 is_stmt 0 view .LVU1380
 3754 008a 0123     		movs	r3, #1
 3755 008c 84F83430 		strb	r3, [r4, #52]
1471:Drivers/STM32F4xx_HAL_Driver/Src/stm32f4xx_hal_sd.c ****       }
 3756              		.loc 1 1471 9 is_stmt 1 view .LVU1381
1471:Drivers/STM32F4xx_HAL_Driver/Src/stm32f4xx_hal_sd.c ****       }
 3757              		.loc 1 1471 16 is_stmt 0 view .LVU1382
 3758 0090 2DE0     		b	.L220
 3759              	.LVL309:
 3760              	.L233:
1447:Drivers/STM32F4xx_HAL_Driver/Src/stm32f4xx_hal_sd.c ****       hsd->ErrorCode |= HAL_SD_ERROR_LOCK_UNLOCK_FAILED;
 3761              		.loc 1 1447 7 is_stmt 1 view .LVU1383
 3762 0092 2368     		ldr	r3, [r4]
 3763 0094 174A     		ldr	r2, .L235
 3764 0096 9A63     		str	r2, [r3, #56]
1448:Drivers/STM32F4xx_HAL_Driver/Src/stm32f4xx_hal_sd.c ****       hsd->State = HAL_SD_STATE_READY;
 3765              		.loc 1 1448 7 view .LVU1384
ARM GAS  /tmp/ccnf9wtj.s 			page 147


1448:Drivers/STM32F4xx_HAL_Driver/Src/stm32f4xx_hal_sd.c ****       hsd->State = HAL_SD_STATE_READY;
 3766              		.loc 1 1448 10 is_stmt 0 view .LVU1385
 3767 0098 A36B     		ldr	r3, [r4, #56]
1448:Drivers/STM32F4xx_HAL_Driver/Src/stm32f4xx_hal_sd.c ****       hsd->State = HAL_SD_STATE_READY;
 3768              		.loc 1 1448 22 view .LVU1386
 3769 009a 43F40063 		orr	r3, r3, #2048
 3770 009e A363     		str	r3, [r4, #56]
1449:Drivers/STM32F4xx_HAL_Driver/Src/stm32f4xx_hal_sd.c ****       return HAL_ERROR;
 3771              		.loc 1 1449 7 is_stmt 1 view .LVU1387
1449:Drivers/STM32F4xx_HAL_Driver/Src/stm32f4xx_hal_sd.c ****       return HAL_ERROR;
 3772              		.loc 1 1449 18 is_stmt 0 view .LVU1388
 3773 00a0 0123     		movs	r3, #1
 3774 00a2 84F83430 		strb	r3, [r4, #52]
1450:Drivers/STM32F4xx_HAL_Driver/Src/stm32f4xx_hal_sd.c ****     }
 3775              		.loc 1 1450 7 is_stmt 1 view .LVU1389
1450:Drivers/STM32F4xx_HAL_Driver/Src/stm32f4xx_hal_sd.c ****     }
 3776              		.loc 1 1450 14 is_stmt 0 view .LVU1390
 3777 00a6 22E0     		b	.L220
 3778              	.LVL310:
 3779              	.L227:
1475:Drivers/STM32F4xx_HAL_Driver/Src/stm32f4xx_hal_sd.c ****       if(errorstate != HAL_SD_ERROR_NONE)
 3780              		.loc 1 1475 7 is_stmt 1 view .LVU1391
1475:Drivers/STM32F4xx_HAL_Driver/Src/stm32f4xx_hal_sd.c ****       if(errorstate != HAL_SD_ERROR_NONE)
 3781              		.loc 1 1475 20 is_stmt 0 view .LVU1392
 3782 00a8 2946     		mov	r1, r5
 3783 00aa 2068     		ldr	r0, [r4]
 3784              	.LVL311:
1475:Drivers/STM32F4xx_HAL_Driver/Src/stm32f4xx_hal_sd.c ****       if(errorstate != HAL_SD_ERROR_NONE)
 3785              		.loc 1 1475 20 view .LVU1393
 3786 00ac FFF7FEFF 		bl	SDMMC_CmdSDEraseEndAdd
 3787              	.LVL312:
1476:Drivers/STM32F4xx_HAL_Driver/Src/stm32f4xx_hal_sd.c ****       {
 3788              		.loc 1 1476 7 is_stmt 1 view .LVU1394
1476:Drivers/STM32F4xx_HAL_Driver/Src/stm32f4xx_hal_sd.c ****       {
 3789              		.loc 1 1476 9 is_stmt 0 view .LVU1395
 3790 00b0 68B9     		cbnz	r0, .L234
 3791              	.LVL313:
 3792              	.L226:
1487:Drivers/STM32F4xx_HAL_Driver/Src/stm32f4xx_hal_sd.c ****     if(errorstate != HAL_SD_ERROR_NONE)
 3793              		.loc 1 1487 5 is_stmt 1 view .LVU1396
1487:Drivers/STM32F4xx_HAL_Driver/Src/stm32f4xx_hal_sd.c ****     if(errorstate != HAL_SD_ERROR_NONE)
 3794              		.loc 1 1487 18 is_stmt 0 view .LVU1397
 3795 00b2 2068     		ldr	r0, [r4]
 3796 00b4 FFF7FEFF 		bl	SDMMC_CmdErase
 3797              	.LVL314:
1488:Drivers/STM32F4xx_HAL_Driver/Src/stm32f4xx_hal_sd.c ****     {
 3798              		.loc 1 1488 5 is_stmt 1 view .LVU1398
1488:Drivers/STM32F4xx_HAL_Driver/Src/stm32f4xx_hal_sd.c ****     {
 3799              		.loc 1 1488 7 is_stmt 0 view .LVU1399
 3800 00b8 98B1     		cbz	r0, .L228
1491:Drivers/STM32F4xx_HAL_Driver/Src/stm32f4xx_hal_sd.c ****       hsd->ErrorCode |= errorstate;
 3801              		.loc 1 1491 7 is_stmt 1 view .LVU1400
 3802 00ba 2368     		ldr	r3, [r4]
 3803 00bc 0D49     		ldr	r1, .L235
 3804 00be 9963     		str	r1, [r3, #56]
1492:Drivers/STM32F4xx_HAL_Driver/Src/stm32f4xx_hal_sd.c ****       hsd->State = HAL_SD_STATE_READY;
 3805              		.loc 1 1492 7 view .LVU1401
ARM GAS  /tmp/ccnf9wtj.s 			page 148


1492:Drivers/STM32F4xx_HAL_Driver/Src/stm32f4xx_hal_sd.c ****       hsd->State = HAL_SD_STATE_READY;
 3806              		.loc 1 1492 10 is_stmt 0 view .LVU1402
 3807 00c0 A36B     		ldr	r3, [r4, #56]
1492:Drivers/STM32F4xx_HAL_Driver/Src/stm32f4xx_hal_sd.c ****       hsd->State = HAL_SD_STATE_READY;
 3808              		.loc 1 1492 22 view .LVU1403
 3809 00c2 0343     		orrs	r3, r3, r0
 3810 00c4 A363     		str	r3, [r4, #56]
1493:Drivers/STM32F4xx_HAL_Driver/Src/stm32f4xx_hal_sd.c ****       return HAL_ERROR;
 3811              		.loc 1 1493 7 is_stmt 1 view .LVU1404
1493:Drivers/STM32F4xx_HAL_Driver/Src/stm32f4xx_hal_sd.c ****       return HAL_ERROR;
 3812              		.loc 1 1493 18 is_stmt 0 view .LVU1405
 3813 00c6 0123     		movs	r3, #1
 3814 00c8 84F83430 		strb	r3, [r4, #52]
1494:Drivers/STM32F4xx_HAL_Driver/Src/stm32f4xx_hal_sd.c ****     }
 3815              		.loc 1 1494 7 is_stmt 1 view .LVU1406
1494:Drivers/STM32F4xx_HAL_Driver/Src/stm32f4xx_hal_sd.c ****     }
 3816              		.loc 1 1494 14 is_stmt 0 view .LVU1407
 3817 00cc 0FE0     		b	.L220
 3818              	.L234:
1479:Drivers/STM32F4xx_HAL_Driver/Src/stm32f4xx_hal_sd.c ****         hsd->ErrorCode |= errorstate;
 3819              		.loc 1 1479 9 is_stmt 1 view .LVU1408
 3820 00ce 2368     		ldr	r3, [r4]
 3821 00d0 0849     		ldr	r1, .L235
 3822 00d2 9963     		str	r1, [r3, #56]
1480:Drivers/STM32F4xx_HAL_Driver/Src/stm32f4xx_hal_sd.c ****         hsd->State = HAL_SD_STATE_READY;
 3823              		.loc 1 1480 9 view .LVU1409
1480:Drivers/STM32F4xx_HAL_Driver/Src/stm32f4xx_hal_sd.c ****         hsd->State = HAL_SD_STATE_READY;
 3824              		.loc 1 1480 12 is_stmt 0 view .LVU1410
 3825 00d4 A36B     		ldr	r3, [r4, #56]
1480:Drivers/STM32F4xx_HAL_Driver/Src/stm32f4xx_hal_sd.c ****         hsd->State = HAL_SD_STATE_READY;
 3826              		.loc 1 1480 24 view .LVU1411
 3827 00d6 0343     		orrs	r3, r3, r0
 3828 00d8 A363     		str	r3, [r4, #56]
1481:Drivers/STM32F4xx_HAL_Driver/Src/stm32f4xx_hal_sd.c ****         return HAL_ERROR;
 3829              		.loc 1 1481 9 is_stmt 1 view .LVU1412
1481:Drivers/STM32F4xx_HAL_Driver/Src/stm32f4xx_hal_sd.c ****         return HAL_ERROR;
 3830              		.loc 1 1481 20 is_stmt 0 view .LVU1413
 3831 00da 0123     		movs	r3, #1
 3832 00dc 84F83430 		strb	r3, [r4, #52]
1482:Drivers/STM32F4xx_HAL_Driver/Src/stm32f4xx_hal_sd.c ****       }
 3833              		.loc 1 1482 9 is_stmt 1 view .LVU1414
1482:Drivers/STM32F4xx_HAL_Driver/Src/stm32f4xx_hal_sd.c ****       }
 3834              		.loc 1 1482 16 is_stmt 0 view .LVU1415
 3835 00e0 05E0     		b	.L220
 3836              	.L228:
1497:Drivers/STM32F4xx_HAL_Driver/Src/stm32f4xx_hal_sd.c **** 
 3837              		.loc 1 1497 5 is_stmt 1 view .LVU1416
1497:Drivers/STM32F4xx_HAL_Driver/Src/stm32f4xx_hal_sd.c **** 
 3838              		.loc 1 1497 16 is_stmt 0 view .LVU1417
 3839 00e2 0123     		movs	r3, #1
 3840 00e4 84F83430 		strb	r3, [r4, #52]
1499:Drivers/STM32F4xx_HAL_Driver/Src/stm32f4xx_hal_sd.c ****   }
 3841              		.loc 1 1499 5 is_stmt 1 view .LVU1418
1499:Drivers/STM32F4xx_HAL_Driver/Src/stm32f4xx_hal_sd.c ****   }
 3842              		.loc 1 1499 12 is_stmt 0 view .LVU1419
 3843 00e8 0027     		movs	r7, #0
 3844 00ea 00E0     		b	.L220
ARM GAS  /tmp/ccnf9wtj.s 			page 149


 3845              	.LVL315:
 3846              	.L229:
1503:Drivers/STM32F4xx_HAL_Driver/Src/stm32f4xx_hal_sd.c ****   }
 3847              		.loc 1 1503 12 view .LVU1420
 3848 00ec 0227     		movs	r7, #2
 3849              	.LVL316:
 3850              	.L220:
1505:Drivers/STM32F4xx_HAL_Driver/Src/stm32f4xx_hal_sd.c **** 
 3851              		.loc 1 1505 1 view .LVU1421
 3852 00ee 3846     		mov	r0, r7
 3853 00f0 F8BD     		pop	{r3, r4, r5, r6, r7, pc}
 3854              	.L236:
 3855 00f2 00BF     		.align	2
 3856              	.L235:
 3857 00f4 FF054000 		.word	4195839
 3858              		.cfi_endproc
 3859              	.LFE141:
 3861              		.section	.text.HAL_SD_GetState,"ax",%progbits
 3862              		.align	1
 3863              		.global	HAL_SD_GetState
 3864              		.syntax unified
 3865              		.thumb
 3866              		.thumb_func
 3868              	HAL_SD_GetState:
 3869              	.LVL317:
 3870              	.LFB143:
1729:Drivers/STM32F4xx_HAL_Driver/Src/stm32f4xx_hal_sd.c ****   return hsd->State;
 3871              		.loc 1 1729 1 is_stmt 1 view -0
 3872              		.cfi_startproc
 3873              		@ args = 0, pretend = 0, frame = 0
 3874              		@ frame_needed = 0, uses_anonymous_args = 0
 3875              		@ link register save eliminated.
1730:Drivers/STM32F4xx_HAL_Driver/Src/stm32f4xx_hal_sd.c **** }
 3876              		.loc 1 1730 3 view .LVU1423
1730:Drivers/STM32F4xx_HAL_Driver/Src/stm32f4xx_hal_sd.c **** }
 3877              		.loc 1 1730 13 is_stmt 0 view .LVU1424
 3878 0000 90F83400 		ldrb	r0, [r0, #52]	@ zero_extendqisi2
 3879              	.LVL318:
1731:Drivers/STM32F4xx_HAL_Driver/Src/stm32f4xx_hal_sd.c **** 
 3880              		.loc 1 1731 1 view .LVU1425
 3881 0004 7047     		bx	lr
 3882              		.cfi_endproc
 3883              	.LFE143:
 3885              		.section	.text.HAL_SD_GetError,"ax",%progbits
 3886              		.align	1
 3887              		.global	HAL_SD_GetError
 3888              		.syntax unified
 3889              		.thumb
 3890              		.thumb_func
 3892              	HAL_SD_GetError:
 3893              	.LVL319:
 3894              	.LFB144:
1740:Drivers/STM32F4xx_HAL_Driver/Src/stm32f4xx_hal_sd.c ****   return hsd->ErrorCode;
 3895              		.loc 1 1740 1 is_stmt 1 view -0
 3896              		.cfi_startproc
 3897              		@ args = 0, pretend = 0, frame = 0
 3898              		@ frame_needed = 0, uses_anonymous_args = 0
ARM GAS  /tmp/ccnf9wtj.s 			page 150


 3899              		@ link register save eliminated.
1741:Drivers/STM32F4xx_HAL_Driver/Src/stm32f4xx_hal_sd.c **** }
 3900              		.loc 1 1741 3 view .LVU1427
1741:Drivers/STM32F4xx_HAL_Driver/Src/stm32f4xx_hal_sd.c **** }
 3901              		.loc 1 1741 13 is_stmt 0 view .LVU1428
 3902 0000 806B     		ldr	r0, [r0, #56]
 3903              	.LVL320:
1742:Drivers/STM32F4xx_HAL_Driver/Src/stm32f4xx_hal_sd.c **** 
 3904              		.loc 1 1742 1 view .LVU1429
 3905 0002 7047     		bx	lr
 3906              		.cfi_endproc
 3907              	.LFE144:
 3909              		.section	.text.HAL_SD_TxCpltCallback,"ax",%progbits
 3910              		.align	1
 3911              		.weak	HAL_SD_TxCpltCallback
 3912              		.syntax unified
 3913              		.thumb
 3914              		.thumb_func
 3916              	HAL_SD_TxCpltCallback:
 3917              	.LVL321:
 3918              	.LFB145:
1750:Drivers/STM32F4xx_HAL_Driver/Src/stm32f4xx_hal_sd.c ****   /* Prevent unused argument(s) compilation warning */
 3919              		.loc 1 1750 1 is_stmt 1 view -0
 3920              		.cfi_startproc
 3921              		@ args = 0, pretend = 0, frame = 0
 3922              		@ frame_needed = 0, uses_anonymous_args = 0
 3923              		@ link register save eliminated.
1752:Drivers/STM32F4xx_HAL_Driver/Src/stm32f4xx_hal_sd.c **** 
 3924              		.loc 1 1752 3 view .LVU1431
1757:Drivers/STM32F4xx_HAL_Driver/Src/stm32f4xx_hal_sd.c **** 
 3925              		.loc 1 1757 1 is_stmt 0 view .LVU1432
 3926 0000 7047     		bx	lr
 3927              		.cfi_endproc
 3928              	.LFE145:
 3930              		.section	.text.HAL_SD_RxCpltCallback,"ax",%progbits
 3931              		.align	1
 3932              		.weak	HAL_SD_RxCpltCallback
 3933              		.syntax unified
 3934              		.thumb
 3935              		.thumb_func
 3937              	HAL_SD_RxCpltCallback:
 3938              	.LVL322:
 3939              	.LFB146:
1765:Drivers/STM32F4xx_HAL_Driver/Src/stm32f4xx_hal_sd.c ****   /* Prevent unused argument(s) compilation warning */
 3940              		.loc 1 1765 1 is_stmt 1 view -0
 3941              		.cfi_startproc
 3942              		@ args = 0, pretend = 0, frame = 0
 3943              		@ frame_needed = 0, uses_anonymous_args = 0
 3944              		@ link register save eliminated.
1767:Drivers/STM32F4xx_HAL_Driver/Src/stm32f4xx_hal_sd.c **** 
 3945              		.loc 1 1767 3 view .LVU1434
1772:Drivers/STM32F4xx_HAL_Driver/Src/stm32f4xx_hal_sd.c **** 
 3946              		.loc 1 1772 1 is_stmt 0 view .LVU1435
 3947 0000 7047     		bx	lr
 3948              		.cfi_endproc
 3949              	.LFE146:
 3951              		.section	.text.HAL_SD_ErrorCallback,"ax",%progbits
ARM GAS  /tmp/ccnf9wtj.s 			page 151


 3952              		.align	1
 3953              		.weak	HAL_SD_ErrorCallback
 3954              		.syntax unified
 3955              		.thumb
 3956              		.thumb_func
 3958              	HAL_SD_ErrorCallback:
 3959              	.LVL323:
 3960              	.LFB147:
1780:Drivers/STM32F4xx_HAL_Driver/Src/stm32f4xx_hal_sd.c ****   /* Prevent unused argument(s) compilation warning */
 3961              		.loc 1 1780 1 is_stmt 1 view -0
 3962              		.cfi_startproc
 3963              		@ args = 0, pretend = 0, frame = 0
 3964              		@ frame_needed = 0, uses_anonymous_args = 0
 3965              		@ link register save eliminated.
1782:Drivers/STM32F4xx_HAL_Driver/Src/stm32f4xx_hal_sd.c **** 
 3966              		.loc 1 1782 3 view .LVU1437
1787:Drivers/STM32F4xx_HAL_Driver/Src/stm32f4xx_hal_sd.c **** 
 3967              		.loc 1 1787 1 is_stmt 0 view .LVU1438
 3968 0000 7047     		bx	lr
 3969              		.cfi_endproc
 3970              	.LFE147:
 3972              		.section	.text.SD_DMAReceiveCplt,"ax",%progbits
 3973              		.align	1
 3974              		.syntax unified
 3975              		.thumb
 3976              		.thumb_func
 3978              	SD_DMAReceiveCplt:
 3979              	.LVL324:
 3980              	.LFB158:
2507:Drivers/STM32F4xx_HAL_Driver/Src/stm32f4xx_hal_sd.c ****   SD_HandleTypeDef* hsd = (SD_HandleTypeDef* )(hdma->Parent);
 3981              		.loc 1 2507 1 is_stmt 1 view -0
 3982              		.cfi_startproc
 3983              		@ args = 0, pretend = 0, frame = 0
 3984              		@ frame_needed = 0, uses_anonymous_args = 0
2507:Drivers/STM32F4xx_HAL_Driver/Src/stm32f4xx_hal_sd.c ****   SD_HandleTypeDef* hsd = (SD_HandleTypeDef* )(hdma->Parent);
 3985              		.loc 1 2507 1 is_stmt 0 view .LVU1440
 3986 0000 10B5     		push	{r4, lr}
 3987              	.LCFI50:
 3988              		.cfi_def_cfa_offset 8
 3989              		.cfi_offset 4, -8
 3990              		.cfi_offset 14, -4
2508:Drivers/STM32F4xx_HAL_Driver/Src/stm32f4xx_hal_sd.c ****   uint32_t errorstate;
 3991              		.loc 1 2508 3 is_stmt 1 view .LVU1441
2508:Drivers/STM32F4xx_HAL_Driver/Src/stm32f4xx_hal_sd.c ****   uint32_t errorstate;
 3992              		.loc 1 2508 21 is_stmt 0 view .LVU1442
 3993 0002 846B     		ldr	r4, [r0, #56]
 3994              	.LVL325:
2509:Drivers/STM32F4xx_HAL_Driver/Src/stm32f4xx_hal_sd.c **** 
 3995              		.loc 1 2509 3 is_stmt 1 view .LVU1443
2512:Drivers/STM32F4xx_HAL_Driver/Src/stm32f4xx_hal_sd.c ****   {
 3996              		.loc 1 2512 3 view .LVU1444
2512:Drivers/STM32F4xx_HAL_Driver/Src/stm32f4xx_hal_sd.c ****   {
 3997              		.loc 1 2512 9 is_stmt 0 view .LVU1445
 3998 0004 236B     		ldr	r3, [r4, #48]
2512:Drivers/STM32F4xx_HAL_Driver/Src/stm32f4xx_hal_sd.c ****   {
 3999              		.loc 1 2512 5 view .LVU1446
 4000 0006 822B     		cmp	r3, #130
ARM GAS  /tmp/ccnf9wtj.s 			page 152


 4001 0008 11D0     		beq	.L245
 4002              	.LVL326:
 4003              	.L243:
2528:Drivers/STM32F4xx_HAL_Driver/Src/stm32f4xx_hal_sd.c **** 
 4004              		.loc 1 2528 3 is_stmt 1 view .LVU1447
2528:Drivers/STM32F4xx_HAL_Driver/Src/stm32f4xx_hal_sd.c **** 
 4005              		.loc 1 2528 6 is_stmt 0 view .LVU1448
 4006 000a 2268     		ldr	r2, [r4]
2528:Drivers/STM32F4xx_HAL_Driver/Src/stm32f4xx_hal_sd.c **** 
 4007              		.loc 1 2528 16 view .LVU1449
 4008 000c D36A     		ldr	r3, [r2, #44]
2528:Drivers/STM32F4xx_HAL_Driver/Src/stm32f4xx_hal_sd.c **** 
 4009              		.loc 1 2528 24 view .LVU1450
 4010 000e 23F00803 		bic	r3, r3, #8
 4011 0012 D362     		str	r3, [r2, #44]
2531:Drivers/STM32F4xx_HAL_Driver/Src/stm32f4xx_hal_sd.c **** 
 4012              		.loc 1 2531 3 is_stmt 1 view .LVU1451
 4013 0014 2368     		ldr	r3, [r4]
 4014 0016 40F23A52 		movw	r2, #1338
 4015 001a 9A63     		str	r2, [r3, #56]
2533:Drivers/STM32F4xx_HAL_Driver/Src/stm32f4xx_hal_sd.c ****   hsd->Context = SD_CONTEXT_NONE;
 4016              		.loc 1 2533 3 view .LVU1452
2533:Drivers/STM32F4xx_HAL_Driver/Src/stm32f4xx_hal_sd.c ****   hsd->Context = SD_CONTEXT_NONE;
 4017              		.loc 1 2533 14 is_stmt 0 view .LVU1453
 4018 001c 0123     		movs	r3, #1
 4019 001e 84F83430 		strb	r3, [r4, #52]
2534:Drivers/STM32F4xx_HAL_Driver/Src/stm32f4xx_hal_sd.c **** 
 4020              		.loc 1 2534 3 is_stmt 1 view .LVU1454
2534:Drivers/STM32F4xx_HAL_Driver/Src/stm32f4xx_hal_sd.c **** 
 4021              		.loc 1 2534 16 is_stmt 0 view .LVU1455
 4022 0022 0023     		movs	r3, #0
 4023 0024 2363     		str	r3, [r4, #48]
2539:Drivers/STM32F4xx_HAL_Driver/Src/stm32f4xx_hal_sd.c **** #endif
 4024              		.loc 1 2539 3 is_stmt 1 view .LVU1456
 4025 0026 2046     		mov	r0, r4
 4026 0028 FFF7FEFF 		bl	HAL_SD_RxCpltCallback
 4027              	.LVL327:
2541:Drivers/STM32F4xx_HAL_Driver/Src/stm32f4xx_hal_sd.c **** 
 4028              		.loc 1 2541 1 is_stmt 0 view .LVU1457
 4029 002c 10BD     		pop	{r4, pc}
 4030              	.LVL328:
 4031              	.L245:
2514:Drivers/STM32F4xx_HAL_Driver/Src/stm32f4xx_hal_sd.c ****     if(errorstate != HAL_SD_ERROR_NONE)
 4032              		.loc 1 2514 5 is_stmt 1 view .LVU1458
2514:Drivers/STM32F4xx_HAL_Driver/Src/stm32f4xx_hal_sd.c ****     if(errorstate != HAL_SD_ERROR_NONE)
 4033              		.loc 1 2514 18 is_stmt 0 view .LVU1459
 4034 002e 2068     		ldr	r0, [r4]
 4035              	.LVL329:
2514:Drivers/STM32F4xx_HAL_Driver/Src/stm32f4xx_hal_sd.c ****     if(errorstate != HAL_SD_ERROR_NONE)
 4036              		.loc 1 2514 18 view .LVU1460
 4037 0030 FFF7FEFF 		bl	SDMMC_CmdStopTransfer
 4038              	.LVL330:
2515:Drivers/STM32F4xx_HAL_Driver/Src/stm32f4xx_hal_sd.c ****     {
 4039              		.loc 1 2515 5 is_stmt 1 view .LVU1461
2515:Drivers/STM32F4xx_HAL_Driver/Src/stm32f4xx_hal_sd.c ****     {
 4040              		.loc 1 2515 7 is_stmt 0 view .LVU1462
 4041 0034 0346     		mov	r3, r0
ARM GAS  /tmp/ccnf9wtj.s 			page 153


 4042 0036 0028     		cmp	r0, #0
 4043 0038 E7D0     		beq	.L243
2517:Drivers/STM32F4xx_HAL_Driver/Src/stm32f4xx_hal_sd.c **** #if (USE_HAL_SD_REGISTER_CALLBACKS == 1)
 4044              		.loc 1 2517 7 is_stmt 1 view .LVU1463
2517:Drivers/STM32F4xx_HAL_Driver/Src/stm32f4xx_hal_sd.c **** #if (USE_HAL_SD_REGISTER_CALLBACKS == 1)
 4045              		.loc 1 2517 10 is_stmt 0 view .LVU1464
 4046 003a A26B     		ldr	r2, [r4, #56]
2517:Drivers/STM32F4xx_HAL_Driver/Src/stm32f4xx_hal_sd.c **** #if (USE_HAL_SD_REGISTER_CALLBACKS == 1)
 4047              		.loc 1 2517 22 view .LVU1465
 4048 003c 1343     		orrs	r3, r3, r2
 4049 003e A363     		str	r3, [r4, #56]
2521:Drivers/STM32F4xx_HAL_Driver/Src/stm32f4xx_hal_sd.c **** #endif
 4050              		.loc 1 2521 7 is_stmt 1 view .LVU1466
 4051 0040 2046     		mov	r0, r4
 4052              	.LVL331:
2521:Drivers/STM32F4xx_HAL_Driver/Src/stm32f4xx_hal_sd.c **** #endif
 4053              		.loc 1 2521 7 is_stmt 0 view .LVU1467
 4054 0042 FFF7FEFF 		bl	HAL_SD_ErrorCallback
 4055              	.LVL332:
 4056 0046 E0E7     		b	.L243
 4057              		.cfi_endproc
 4058              	.LFE158:
 4060              		.section	.text.HAL_SD_AbortCallback,"ax",%progbits
 4061              		.align	1
 4062              		.weak	HAL_SD_AbortCallback
 4063              		.syntax unified
 4064              		.thumb
 4065              		.thumb_func
 4067              	HAL_SD_AbortCallback:
 4068              	.LVL333:
 4069              	.LFB148:
1795:Drivers/STM32F4xx_HAL_Driver/Src/stm32f4xx_hal_sd.c ****   /* Prevent unused argument(s) compilation warning */
 4070              		.loc 1 1795 1 is_stmt 1 view -0
 4071              		.cfi_startproc
 4072              		@ args = 0, pretend = 0, frame = 0
 4073              		@ frame_needed = 0, uses_anonymous_args = 0
 4074              		@ link register save eliminated.
1797:Drivers/STM32F4xx_HAL_Driver/Src/stm32f4xx_hal_sd.c **** 
 4075              		.loc 1 1797 3 view .LVU1469
1802:Drivers/STM32F4xx_HAL_Driver/Src/stm32f4xx_hal_sd.c **** 
 4076              		.loc 1 1802 1 is_stmt 0 view .LVU1470
 4077 0000 7047     		bx	lr
 4078              		.cfi_endproc
 4079              	.LFE148:
 4081              		.section	.text.HAL_SD_GetCardCID,"ax",%progbits
 4082              		.align	1
 4083              		.global	HAL_SD_GetCardCID
 4084              		.syntax unified
 4085              		.thumb
 4086              		.thumb_func
 4088              	HAL_SD_GetCardCID:
 4089              	.LVL334:
 4090              	.LFB149:
2006:Drivers/STM32F4xx_HAL_Driver/Src/stm32f4xx_hal_sd.c ****   pCID->ManufacturerID = (uint8_t)((hsd->CID[0] & 0xFF000000U) >> 24U);
 4091              		.loc 1 2006 1 is_stmt 1 view -0
 4092              		.cfi_startproc
 4093              		@ args = 0, pretend = 0, frame = 0
ARM GAS  /tmp/ccnf9wtj.s 			page 154


 4094              		@ frame_needed = 0, uses_anonymous_args = 0
 4095              		@ link register save eliminated.
2007:Drivers/STM32F4xx_HAL_Driver/Src/stm32f4xx_hal_sd.c **** 
 4096              		.loc 1 2007 3 view .LVU1472
2007:Drivers/STM32F4xx_HAL_Driver/Src/stm32f4xx_hal_sd.c **** 
 4097              		.loc 1 2007 26 is_stmt 0 view .LVU1473
 4098 0000 90F87730 		ldrb	r3, [r0, #119]	@ zero_extendqisi2
2007:Drivers/STM32F4xx_HAL_Driver/Src/stm32f4xx_hal_sd.c **** 
 4099              		.loc 1 2007 24 view .LVU1474
 4100 0004 0B70     		strb	r3, [r1]
2009:Drivers/STM32F4xx_HAL_Driver/Src/stm32f4xx_hal_sd.c **** 
 4101              		.loc 1 2009 3 is_stmt 1 view .LVU1475
2009:Drivers/STM32F4xx_HAL_Driver/Src/stm32f4xx_hal_sd.c **** 
 4102              		.loc 1 2009 43 is_stmt 0 view .LVU1476
 4103 0006 436F     		ldr	r3, [r0, #116]
2009:Drivers/STM32F4xx_HAL_Driver/Src/stm32f4xx_hal_sd.c **** 
 4104              		.loc 1 2009 23 view .LVU1477
 4105 0008 C3F30F23 		ubfx	r3, r3, #8, #16
2009:Drivers/STM32F4xx_HAL_Driver/Src/stm32f4xx_hal_sd.c **** 
 4106              		.loc 1 2009 21 view .LVU1478
 4107 000c 4B80     		strh	r3, [r1, #2]	@ movhi
2011:Drivers/STM32F4xx_HAL_Driver/Src/stm32f4xx_hal_sd.c **** 
 4108              		.loc 1 2011 3 is_stmt 1 view .LVU1479
2011:Drivers/STM32F4xx_HAL_Driver/Src/stm32f4xx_hal_sd.c **** 
 4109              		.loc 1 2011 32 is_stmt 0 view .LVU1480
 4110 000e 426F     		ldr	r2, [r0, #116]
2011:Drivers/STM32F4xx_HAL_Driver/Src/stm32f4xx_hal_sd.c **** 
 4111              		.loc 1 2011 71 view .LVU1481
 4112 0010 836F     		ldr	r3, [r0, #120]
2011:Drivers/STM32F4xx_HAL_Driver/Src/stm32f4xx_hal_sd.c **** 
 4113              		.loc 1 2011 90 view .LVU1482
 4114 0012 1B0A     		lsrs	r3, r3, #8
2011:Drivers/STM32F4xx_HAL_Driver/Src/stm32f4xx_hal_sd.c **** 
 4115              		.loc 1 2011 59 view .LVU1483
 4116 0014 43EA0263 		orr	r3, r3, r2, lsl #24
2011:Drivers/STM32F4xx_HAL_Driver/Src/stm32f4xx_hal_sd.c **** 
 4117              		.loc 1 2011 19 view .LVU1484
 4118 0018 4B60     		str	r3, [r1, #4]
2013:Drivers/STM32F4xx_HAL_Driver/Src/stm32f4xx_hal_sd.c **** 
 4119              		.loc 1 2013 3 is_stmt 1 view .LVU1485
2013:Drivers/STM32F4xx_HAL_Driver/Src/stm32f4xx_hal_sd.c **** 
 4120              		.loc 1 2013 21 is_stmt 0 view .LVU1486
 4121 001a 90F87830 		ldrb	r3, [r0, #120]	@ zero_extendqisi2
2013:Drivers/STM32F4xx_HAL_Driver/Src/stm32f4xx_hal_sd.c **** 
 4122              		.loc 1 2013 19 view .LVU1487
 4123 001e 0B72     		strb	r3, [r1, #8]
2015:Drivers/STM32F4xx_HAL_Driver/Src/stm32f4xx_hal_sd.c **** 
 4124              		.loc 1 2015 3 is_stmt 1 view .LVU1488
2015:Drivers/STM32F4xx_HAL_Driver/Src/stm32f4xx_hal_sd.c **** 
 4125              		.loc 1 2015 19 is_stmt 0 view .LVU1489
 4126 0020 90F87F30 		ldrb	r3, [r0, #127]	@ zero_extendqisi2
2015:Drivers/STM32F4xx_HAL_Driver/Src/stm32f4xx_hal_sd.c **** 
 4127              		.loc 1 2015 17 view .LVU1490
 4128 0024 4B72     		strb	r3, [r1, #9]
2017:Drivers/STM32F4xx_HAL_Driver/Src/stm32f4xx_hal_sd.c **** 
 4129              		.loc 1 2017 3 is_stmt 1 view .LVU1491
2017:Drivers/STM32F4xx_HAL_Driver/Src/stm32f4xx_hal_sd.c **** 
ARM GAS  /tmp/ccnf9wtj.s 			page 155


 4130              		.loc 1 2017 29 is_stmt 0 view .LVU1492
 4131 0026 C26F     		ldr	r2, [r0, #124]
2017:Drivers/STM32F4xx_HAL_Driver/Src/stm32f4xx_hal_sd.c **** 
 4132              		.loc 1 2017 86 view .LVU1493
 4133 0028 90F88330 		ldrb	r3, [r0, #131]	@ zero_extendqisi2
2017:Drivers/STM32F4xx_HAL_Driver/Src/stm32f4xx_hal_sd.c **** 
 4134              		.loc 1 2017 55 view .LVU1494
 4135 002c 43EA0223 		orr	r3, r3, r2, lsl #8
2017:Drivers/STM32F4xx_HAL_Driver/Src/stm32f4xx_hal_sd.c **** 
 4136              		.loc 1 2017 16 view .LVU1495
 4137 0030 CB60     		str	r3, [r1, #12]
2019:Drivers/STM32F4xx_HAL_Driver/Src/stm32f4xx_hal_sd.c **** 
 4138              		.loc 1 2019 3 is_stmt 1 view .LVU1496
2019:Drivers/STM32F4xx_HAL_Driver/Src/stm32f4xx_hal_sd.c **** 
 4139              		.loc 1 2019 40 is_stmt 0 view .LVU1497
 4140 0032 D0F88030 		ldr	r3, [r0, #128]
2019:Drivers/STM32F4xx_HAL_Driver/Src/stm32f4xx_hal_sd.c **** 
 4141              		.loc 1 2019 21 view .LVU1498
 4142 0036 C3F30353 		ubfx	r3, r3, #20, #4
2019:Drivers/STM32F4xx_HAL_Driver/Src/stm32f4xx_hal_sd.c **** 
 4143              		.loc 1 2019 19 view .LVU1499
 4144 003a 0B74     		strb	r3, [r1, #16]
2021:Drivers/STM32F4xx_HAL_Driver/Src/stm32f4xx_hal_sd.c **** 
 4145              		.loc 1 2021 3 is_stmt 1 view .LVU1500
2021:Drivers/STM32F4xx_HAL_Driver/Src/stm32f4xx_hal_sd.c **** 
 4146              		.loc 1 2021 44 is_stmt 0 view .LVU1501
 4147 003c D0F88030 		ldr	r3, [r0, #128]
2021:Drivers/STM32F4xx_HAL_Driver/Src/stm32f4xx_hal_sd.c **** 
 4148              		.loc 1 2021 24 view .LVU1502
 4149 0040 C3F30B23 		ubfx	r3, r3, #8, #12
2021:Drivers/STM32F4xx_HAL_Driver/Src/stm32f4xx_hal_sd.c **** 
 4150              		.loc 1 2021 22 view .LVU1503
 4151 0044 4B82     		strh	r3, [r1, #18]	@ movhi
2023:Drivers/STM32F4xx_HAL_Driver/Src/stm32f4xx_hal_sd.c **** 
 4152              		.loc 1 2023 3 is_stmt 1 view .LVU1504
2023:Drivers/STM32F4xx_HAL_Driver/Src/stm32f4xx_hal_sd.c **** 
 4153              		.loc 1 2023 38 is_stmt 0 view .LVU1505
 4154 0046 D0F88030 		ldr	r3, [r0, #128]
2023:Drivers/STM32F4xx_HAL_Driver/Src/stm32f4xx_hal_sd.c **** 
 4155              		.loc 1 2023 19 view .LVU1506
 4156 004a C3F34603 		ubfx	r3, r3, #1, #7
2023:Drivers/STM32F4xx_HAL_Driver/Src/stm32f4xx_hal_sd.c **** 
 4157              		.loc 1 2023 17 view .LVU1507
 4158 004e 0B75     		strb	r3, [r1, #20]
2025:Drivers/STM32F4xx_HAL_Driver/Src/stm32f4xx_hal_sd.c **** 
 4159              		.loc 1 2025 3 is_stmt 1 view .LVU1508
2025:Drivers/STM32F4xx_HAL_Driver/Src/stm32f4xx_hal_sd.c **** 
 4160              		.loc 1 2025 19 is_stmt 0 view .LVU1509
 4161 0050 0123     		movs	r3, #1
 4162 0052 4B75     		strb	r3, [r1, #21]
2027:Drivers/STM32F4xx_HAL_Driver/Src/stm32f4xx_hal_sd.c **** }
 4163              		.loc 1 2027 3 is_stmt 1 view .LVU1510
2028:Drivers/STM32F4xx_HAL_Driver/Src/stm32f4xx_hal_sd.c **** 
 4164              		.loc 1 2028 1 is_stmt 0 view .LVU1511
 4165 0054 0020     		movs	r0, #0
 4166              	.LVL335:
2028:Drivers/STM32F4xx_HAL_Driver/Src/stm32f4xx_hal_sd.c **** 
ARM GAS  /tmp/ccnf9wtj.s 			page 156


 4167              		.loc 1 2028 1 view .LVU1512
 4168 0056 7047     		bx	lr
 4169              		.cfi_endproc
 4170              	.LFE149:
 4172              		.section	.text.HAL_SD_GetCardCSD,"ax",%progbits
 4173              		.align	1
 4174              		.global	HAL_SD_GetCardCSD
 4175              		.syntax unified
 4176              		.thumb
 4177              		.thumb_func
 4179              	HAL_SD_GetCardCSD:
 4180              	.LVL336:
 4181              	.LFB150:
2039:Drivers/STM32F4xx_HAL_Driver/Src/stm32f4xx_hal_sd.c ****   pCSD->CSDStruct = (uint8_t)((hsd->CSD[0] & 0xC0000000U) >> 30U);
 4182              		.loc 1 2039 1 is_stmt 1 view -0
 4183              		.cfi_startproc
 4184              		@ args = 0, pretend = 0, frame = 0
 4185              		@ frame_needed = 0, uses_anonymous_args = 0
 4186              		@ link register save eliminated.
2039:Drivers/STM32F4xx_HAL_Driver/Src/stm32f4xx_hal_sd.c ****   pCSD->CSDStruct = (uint8_t)((hsd->CSD[0] & 0xC0000000U) >> 30U);
 4187              		.loc 1 2039 1 is_stmt 0 view .LVU1514
 4188 0000 0346     		mov	r3, r0
2040:Drivers/STM32F4xx_HAL_Driver/Src/stm32f4xx_hal_sd.c **** 
 4189              		.loc 1 2040 3 is_stmt 1 view .LVU1515
2040:Drivers/STM32F4xx_HAL_Driver/Src/stm32f4xx_hal_sd.c **** 
 4190              		.loc 1 2040 40 is_stmt 0 view .LVU1516
 4191 0002 426E     		ldr	r2, [r0, #100]
2040:Drivers/STM32F4xx_HAL_Driver/Src/stm32f4xx_hal_sd.c **** 
 4192              		.loc 1 2040 21 view .LVU1517
 4193 0004 920F     		lsrs	r2, r2, #30
2040:Drivers/STM32F4xx_HAL_Driver/Src/stm32f4xx_hal_sd.c **** 
 4194              		.loc 1 2040 19 view .LVU1518
 4195 0006 0A70     		strb	r2, [r1]
2042:Drivers/STM32F4xx_HAL_Driver/Src/stm32f4xx_hal_sd.c **** 
 4196              		.loc 1 2042 3 is_stmt 1 view .LVU1519
2042:Drivers/STM32F4xx_HAL_Driver/Src/stm32f4xx_hal_sd.c **** 
 4197              		.loc 1 2042 45 is_stmt 0 view .LVU1520
 4198 0008 426E     		ldr	r2, [r0, #100]
2042:Drivers/STM32F4xx_HAL_Driver/Src/stm32f4xx_hal_sd.c **** 
 4199              		.loc 1 2042 26 view .LVU1521
 4200 000a C2F38362 		ubfx	r2, r2, #26, #4
2042:Drivers/STM32F4xx_HAL_Driver/Src/stm32f4xx_hal_sd.c **** 
 4201              		.loc 1 2042 24 view .LVU1522
 4202 000e 4A70     		strb	r2, [r1, #1]
2044:Drivers/STM32F4xx_HAL_Driver/Src/stm32f4xx_hal_sd.c **** 
 4203              		.loc 1 2044 3 is_stmt 1 view .LVU1523
2044:Drivers/STM32F4xx_HAL_Driver/Src/stm32f4xx_hal_sd.c **** 
 4204              		.loc 1 2044 59 is_stmt 0 view .LVU1524
 4205 0010 90F86720 		ldrb	r2, [r0, #103]	@ zero_extendqisi2
2044:Drivers/STM32F4xx_HAL_Driver/Src/stm32f4xx_hal_sd.c **** 
 4206              		.loc 1 2044 21 view .LVU1525
 4207 0014 02F00302 		and	r2, r2, #3
2044:Drivers/STM32F4xx_HAL_Driver/Src/stm32f4xx_hal_sd.c **** 
 4208              		.loc 1 2044 19 view .LVU1526
 4209 0018 8A70     		strb	r2, [r1, #2]
2046:Drivers/STM32F4xx_HAL_Driver/Src/stm32f4xx_hal_sd.c **** 
 4210              		.loc 1 2046 3 is_stmt 1 view .LVU1527
ARM GAS  /tmp/ccnf9wtj.s 			page 157


2046:Drivers/STM32F4xx_HAL_Driver/Src/stm32f4xx_hal_sd.c **** 
 4211              		.loc 1 2046 16 is_stmt 0 view .LVU1528
 4212 001a 90F86620 		ldrb	r2, [r0, #102]	@ zero_extendqisi2
2046:Drivers/STM32F4xx_HAL_Driver/Src/stm32f4xx_hal_sd.c **** 
 4213              		.loc 1 2046 14 view .LVU1529
 4214 001e CA70     		strb	r2, [r1, #3]
2048:Drivers/STM32F4xx_HAL_Driver/Src/stm32f4xx_hal_sd.c **** 
 4215              		.loc 1 2048 3 is_stmt 1 view .LVU1530
2048:Drivers/STM32F4xx_HAL_Driver/Src/stm32f4xx_hal_sd.c **** 
 4216              		.loc 1 2048 16 is_stmt 0 view .LVU1531
 4217 0020 90F86520 		ldrb	r2, [r0, #101]	@ zero_extendqisi2
2048:Drivers/STM32F4xx_HAL_Driver/Src/stm32f4xx_hal_sd.c **** 
 4218              		.loc 1 2048 14 view .LVU1532
 4219 0024 0A71     		strb	r2, [r1, #4]
2050:Drivers/STM32F4xx_HAL_Driver/Src/stm32f4xx_hal_sd.c **** 
 4220              		.loc 1 2050 3 is_stmt 1 view .LVU1533
2050:Drivers/STM32F4xx_HAL_Driver/Src/stm32f4xx_hal_sd.c **** 
 4221              		.loc 1 2050 25 is_stmt 0 view .LVU1534
 4222 0026 90F86420 		ldrb	r2, [r0, #100]	@ zero_extendqisi2
2050:Drivers/STM32F4xx_HAL_Driver/Src/stm32f4xx_hal_sd.c **** 
 4223              		.loc 1 2050 23 view .LVU1535
 4224 002a 4A71     		strb	r2, [r1, #5]
2052:Drivers/STM32F4xx_HAL_Driver/Src/stm32f4xx_hal_sd.c **** 
 4225              		.loc 1 2052 3 is_stmt 1 view .LVU1536
2052:Drivers/STM32F4xx_HAL_Driver/Src/stm32f4xx_hal_sd.c **** 
 4226              		.loc 1 2052 47 is_stmt 0 view .LVU1537
 4227 002c 826E     		ldr	r2, [r0, #104]
2052:Drivers/STM32F4xx_HAL_Driver/Src/stm32f4xx_hal_sd.c **** 
 4228              		.loc 1 2052 27 view .LVU1538
 4229 002e 120D     		lsrs	r2, r2, #20
2052:Drivers/STM32F4xx_HAL_Driver/Src/stm32f4xx_hal_sd.c **** 
 4230              		.loc 1 2052 25 view .LVU1539
 4231 0030 CA80     		strh	r2, [r1, #6]	@ movhi
2054:Drivers/STM32F4xx_HAL_Driver/Src/stm32f4xx_hal_sd.c **** 
 4232              		.loc 1 2054 3 is_stmt 1 view .LVU1540
2054:Drivers/STM32F4xx_HAL_Driver/Src/stm32f4xx_hal_sd.c **** 
 4233              		.loc 1 2054 60 is_stmt 0 view .LVU1541
 4234 0032 B0F86A20 		ldrh	r2, [r0, #106]
2054:Drivers/STM32F4xx_HAL_Driver/Src/stm32f4xx_hal_sd.c **** 
 4235              		.loc 1 2054 22 view .LVU1542
 4236 0036 02F00F02 		and	r2, r2, #15
2054:Drivers/STM32F4xx_HAL_Driver/Src/stm32f4xx_hal_sd.c **** 
 4237              		.loc 1 2054 20 view .LVU1543
 4238 003a 0A72     		strb	r2, [r1, #8]
2056:Drivers/STM32F4xx_HAL_Driver/Src/stm32f4xx_hal_sd.c **** 
 4239              		.loc 1 2056 3 is_stmt 1 view .LVU1544
2056:Drivers/STM32F4xx_HAL_Driver/Src/stm32f4xx_hal_sd.c **** 
 4240              		.loc 1 2056 46 is_stmt 0 view .LVU1545
 4241 003c 826E     		ldr	r2, [r0, #104]
2056:Drivers/STM32F4xx_HAL_Driver/Src/stm32f4xx_hal_sd.c **** 
 4242              		.loc 1 2056 27 view .LVU1546
 4243 003e C2F3C032 		ubfx	r2, r2, #15, #1
2056:Drivers/STM32F4xx_HAL_Driver/Src/stm32f4xx_hal_sd.c **** 
 4244              		.loc 1 2056 25 view .LVU1547
 4245 0042 4A72     		strb	r2, [r1, #9]
2058:Drivers/STM32F4xx_HAL_Driver/Src/stm32f4xx_hal_sd.c **** 
 4246              		.loc 1 2058 3 is_stmt 1 view .LVU1548
ARM GAS  /tmp/ccnf9wtj.s 			page 158


2058:Drivers/STM32F4xx_HAL_Driver/Src/stm32f4xx_hal_sd.c **** 
 4247              		.loc 1 2058 46 is_stmt 0 view .LVU1549
 4248 0044 826E     		ldr	r2, [r0, #104]
2058:Drivers/STM32F4xx_HAL_Driver/Src/stm32f4xx_hal_sd.c **** 
 4249              		.loc 1 2058 27 view .LVU1550
 4250 0046 C2F38032 		ubfx	r2, r2, #14, #1
2058:Drivers/STM32F4xx_HAL_Driver/Src/stm32f4xx_hal_sd.c **** 
 4251              		.loc 1 2058 25 view .LVU1551
 4252 004a 8A72     		strb	r2, [r1, #10]
2060:Drivers/STM32F4xx_HAL_Driver/Src/stm32f4xx_hal_sd.c **** 
 4253              		.loc 1 2060 3 is_stmt 1 view .LVU1552
2060:Drivers/STM32F4xx_HAL_Driver/Src/stm32f4xx_hal_sd.c **** 
 4254              		.loc 1 2060 46 is_stmt 0 view .LVU1553
 4255 004c 826E     		ldr	r2, [r0, #104]
2060:Drivers/STM32F4xx_HAL_Driver/Src/stm32f4xx_hal_sd.c **** 
 4256              		.loc 1 2060 27 view .LVU1554
 4257 004e C2F34032 		ubfx	r2, r2, #13, #1
2060:Drivers/STM32F4xx_HAL_Driver/Src/stm32f4xx_hal_sd.c **** 
 4258              		.loc 1 2060 25 view .LVU1555
 4259 0052 CA72     		strb	r2, [r1, #11]
2062:Drivers/STM32F4xx_HAL_Driver/Src/stm32f4xx_hal_sd.c **** 
 4260              		.loc 1 2062 3 is_stmt 1 view .LVU1556
2062:Drivers/STM32F4xx_HAL_Driver/Src/stm32f4xx_hal_sd.c **** 
 4261              		.loc 1 2062 38 is_stmt 0 view .LVU1557
 4262 0054 826E     		ldr	r2, [r0, #104]
2062:Drivers/STM32F4xx_HAL_Driver/Src/stm32f4xx_hal_sd.c **** 
 4263              		.loc 1 2062 19 view .LVU1558
 4264 0056 C2F30032 		ubfx	r2, r2, #12, #1
2062:Drivers/STM32F4xx_HAL_Driver/Src/stm32f4xx_hal_sd.c **** 
 4265              		.loc 1 2062 17 view .LVU1559
 4266 005a 0A73     		strb	r2, [r1, #12]
2064:Drivers/STM32F4xx_HAL_Driver/Src/stm32f4xx_hal_sd.c **** 
 4267              		.loc 1 2064 3 is_stmt 1 view .LVU1560
2064:Drivers/STM32F4xx_HAL_Driver/Src/stm32f4xx_hal_sd.c **** 
 4268              		.loc 1 2064 19 is_stmt 0 view .LVU1561
 4269 005c 0022     		movs	r2, #0
 4270 005e 4A73     		strb	r2, [r1, #13]
2066:Drivers/STM32F4xx_HAL_Driver/Src/stm32f4xx_hal_sd.c ****   {
 4271              		.loc 1 2066 3 is_stmt 1 view .LVU1562
2066:Drivers/STM32F4xx_HAL_Driver/Src/stm32f4xx_hal_sd.c ****   {
 4272              		.loc 1 2066 17 is_stmt 0 view .LVU1563
 4273 0060 426C     		ldr	r2, [r0, #68]
2066:Drivers/STM32F4xx_HAL_Driver/Src/stm32f4xx_hal_sd.c ****   {
 4274              		.loc 1 2066 5 view .LVU1564
 4275 0062 002A     		cmp	r2, #0
 4276 0064 40F08680 		bne	.L249
2068:Drivers/STM32F4xx_HAL_Driver/Src/stm32f4xx_hal_sd.c **** 
 4277              		.loc 1 2068 5 is_stmt 1 view .LVU1565
2068:Drivers/STM32F4xx_HAL_Driver/Src/stm32f4xx_hal_sd.c **** 
 4278              		.loc 1 2068 35 is_stmt 0 view .LVU1566
 4279 0068 806E     		ldr	r0, [r0, #104]
 4280              	.LVL337:
2068:Drivers/STM32F4xx_HAL_Driver/Src/stm32f4xx_hal_sd.c **** 
 4281              		.loc 1 2068 54 view .LVU1567
 4282 006a 40F6FC72 		movw	r2, #4092
 4283 006e 02EA8002 		and	r2, r2, r0, lsl #2
2068:Drivers/STM32F4xx_HAL_Driver/Src/stm32f4xx_hal_sd.c **** 
ARM GAS  /tmp/ccnf9wtj.s 			page 159


 4284              		.loc 1 2068 73 view .LVU1568
 4285 0072 D86E     		ldr	r0, [r3, #108]
2068:Drivers/STM32F4xx_HAL_Driver/Src/stm32f4xx_hal_sd.c **** 
 4286              		.loc 1 2068 61 view .LVU1569
 4287 0074 42EA9072 		orr	r2, r2, r0, lsr #30
2068:Drivers/STM32F4xx_HAL_Driver/Src/stm32f4xx_hal_sd.c **** 
 4288              		.loc 1 2068 22 view .LVU1570
 4289 0078 0A61     		str	r2, [r1, #16]
2070:Drivers/STM32F4xx_HAL_Driver/Src/stm32f4xx_hal_sd.c **** 
 4290              		.loc 1 2070 5 is_stmt 1 view .LVU1571
2070:Drivers/STM32F4xx_HAL_Driver/Src/stm32f4xx_hal_sd.c **** 
 4291              		.loc 1 2070 51 is_stmt 0 view .LVU1572
 4292 007a DA6E     		ldr	r2, [r3, #108]
2070:Drivers/STM32F4xx_HAL_Driver/Src/stm32f4xx_hal_sd.c **** 
 4293              		.loc 1 2070 32 view .LVU1573
 4294 007c C2F3C262 		ubfx	r2, r2, #27, #3
2070:Drivers/STM32F4xx_HAL_Driver/Src/stm32f4xx_hal_sd.c **** 
 4295              		.loc 1 2070 30 view .LVU1574
 4296 0080 0A75     		strb	r2, [r1, #20]
2072:Drivers/STM32F4xx_HAL_Driver/Src/stm32f4xx_hal_sd.c **** 
 4297              		.loc 1 2072 5 is_stmt 1 view .LVU1575
2072:Drivers/STM32F4xx_HAL_Driver/Src/stm32f4xx_hal_sd.c **** 
 4298              		.loc 1 2072 70 is_stmt 0 view .LVU1576
 4299 0082 93F86F20 		ldrb	r2, [r3, #111]	@ zero_extendqisi2
2072:Drivers/STM32F4xx_HAL_Driver/Src/stm32f4xx_hal_sd.c **** 
 4300              		.loc 1 2072 32 view .LVU1577
 4301 0086 02F00702 		and	r2, r2, #7
2072:Drivers/STM32F4xx_HAL_Driver/Src/stm32f4xx_hal_sd.c **** 
 4302              		.loc 1 2072 30 view .LVU1578
 4303 008a 4A75     		strb	r2, [r1, #21]
2074:Drivers/STM32F4xx_HAL_Driver/Src/stm32f4xx_hal_sd.c **** 
 4304              		.loc 1 2074 5 is_stmt 1 view .LVU1579
2074:Drivers/STM32F4xx_HAL_Driver/Src/stm32f4xx_hal_sd.c **** 
 4305              		.loc 1 2074 51 is_stmt 0 view .LVU1580
 4306 008c DA6E     		ldr	r2, [r3, #108]
2074:Drivers/STM32F4xx_HAL_Driver/Src/stm32f4xx_hal_sd.c **** 
 4307              		.loc 1 2074 32 view .LVU1581
 4308 008e C2F34252 		ubfx	r2, r2, #21, #3
2074:Drivers/STM32F4xx_HAL_Driver/Src/stm32f4xx_hal_sd.c **** 
 4309              		.loc 1 2074 30 view .LVU1582
 4310 0092 8A75     		strb	r2, [r1, #22]
2076:Drivers/STM32F4xx_HAL_Driver/Src/stm32f4xx_hal_sd.c **** 
 4311              		.loc 1 2076 5 is_stmt 1 view .LVU1583
2076:Drivers/STM32F4xx_HAL_Driver/Src/stm32f4xx_hal_sd.c **** 
 4312              		.loc 1 2076 51 is_stmt 0 view .LVU1584
 4313 0094 DA6E     		ldr	r2, [r3, #108]
2076:Drivers/STM32F4xx_HAL_Driver/Src/stm32f4xx_hal_sd.c **** 
 4314              		.loc 1 2076 32 view .LVU1585
 4315 0096 C2F38242 		ubfx	r2, r2, #18, #3
2076:Drivers/STM32F4xx_HAL_Driver/Src/stm32f4xx_hal_sd.c **** 
 4316              		.loc 1 2076 30 view .LVU1586
 4317 009a CA75     		strb	r2, [r1, #23]
2078:Drivers/STM32F4xx_HAL_Driver/Src/stm32f4xx_hal_sd.c **** 
 4318              		.loc 1 2078 5 is_stmt 1 view .LVU1587
2078:Drivers/STM32F4xx_HAL_Driver/Src/stm32f4xx_hal_sd.c **** 
 4319              		.loc 1 2078 46 is_stmt 0 view .LVU1588
 4320 009c DA6E     		ldr	r2, [r3, #108]
ARM GAS  /tmp/ccnf9wtj.s 			page 160


2078:Drivers/STM32F4xx_HAL_Driver/Src/stm32f4xx_hal_sd.c **** 
 4321              		.loc 1 2078 27 view .LVU1589
 4322 009e C2F3C232 		ubfx	r2, r2, #15, #3
2078:Drivers/STM32F4xx_HAL_Driver/Src/stm32f4xx_hal_sd.c **** 
 4323              		.loc 1 2078 25 view .LVU1590
 4324 00a2 0A76     		strb	r2, [r1, #24]
2080:Drivers/STM32F4xx_HAL_Driver/Src/stm32f4xx_hal_sd.c ****     hsd->SdCard.BlockNbr *= (1UL << ((pCSD->DeviceSizeMul & 0x07U) + 2U));
 4325              		.loc 1 2080 5 is_stmt 1 view .LVU1591
2080:Drivers/STM32F4xx_HAL_Driver/Src/stm32f4xx_hal_sd.c ****     hsd->SdCard.BlockNbr *= (1UL << ((pCSD->DeviceSizeMul & 0x07U) + 2U));
 4326              		.loc 1 2080 34 is_stmt 0 view .LVU1592
 4327 00a4 0A69     		ldr	r2, [r1, #16]
2080:Drivers/STM32F4xx_HAL_Driver/Src/stm32f4xx_hal_sd.c ****     hsd->SdCard.BlockNbr *= (1UL << ((pCSD->DeviceSizeMul & 0x07U) + 2U));
 4328              		.loc 1 2080 47 view .LVU1593
 4329 00a6 0132     		adds	r2, r2, #1
2080:Drivers/STM32F4xx_HAL_Driver/Src/stm32f4xx_hal_sd.c ****     hsd->SdCard.BlockNbr *= (1UL << ((pCSD->DeviceSizeMul & 0x07U) + 2U));
 4330              		.loc 1 2080 27 view .LVU1594
 4331 00a8 5A65     		str	r2, [r3, #84]
2081:Drivers/STM32F4xx_HAL_Driver/Src/stm32f4xx_hal_sd.c ****     hsd->SdCard.BlockSize = (1UL << (pCSD->RdBlockLen & 0x0FU));
 4332              		.loc 1 2081 5 is_stmt 1 view .LVU1595
2081:Drivers/STM32F4xx_HAL_Driver/Src/stm32f4xx_hal_sd.c ****     hsd->SdCard.BlockSize = (1UL << (pCSD->RdBlockLen & 0x0FU));
 4333              		.loc 1 2081 43 is_stmt 0 view .LVU1596
 4334 00aa 087E     		ldrb	r0, [r1, #24]	@ zero_extendqisi2
2081:Drivers/STM32F4xx_HAL_Driver/Src/stm32f4xx_hal_sd.c ****     hsd->SdCard.BlockSize = (1UL << (pCSD->RdBlockLen & 0x0FU));
 4335              		.loc 1 2081 59 view .LVU1597
 4336 00ac 00F00700 		and	r0, r0, #7
2081:Drivers/STM32F4xx_HAL_Driver/Src/stm32f4xx_hal_sd.c ****     hsd->SdCard.BlockSize = (1UL << (pCSD->RdBlockLen & 0x0FU));
 4337              		.loc 1 2081 68 view .LVU1598
 4338 00b0 0230     		adds	r0, r0, #2
2081:Drivers/STM32F4xx_HAL_Driver/Src/stm32f4xx_hal_sd.c ****     hsd->SdCard.BlockSize = (1UL << (pCSD->RdBlockLen & 0x0FU));
 4339              		.loc 1 2081 26 view .LVU1599
 4340 00b2 8240     		lsls	r2, r2, r0
 4341 00b4 5A65     		str	r2, [r3, #84]
2082:Drivers/STM32F4xx_HAL_Driver/Src/stm32f4xx_hal_sd.c **** 
 4342              		.loc 1 2082 5 is_stmt 1 view .LVU1600
2082:Drivers/STM32F4xx_HAL_Driver/Src/stm32f4xx_hal_sd.c **** 
 4343              		.loc 1 2082 42 is_stmt 0 view .LVU1601
 4344 00b6 91F808C0 		ldrb	ip, [r1, #8]	@ zero_extendqisi2
2082:Drivers/STM32F4xx_HAL_Driver/Src/stm32f4xx_hal_sd.c **** 
 4345              		.loc 1 2082 55 view .LVU1602
 4346 00ba 0CF00F0C 		and	ip, ip, #15
2082:Drivers/STM32F4xx_HAL_Driver/Src/stm32f4xx_hal_sd.c **** 
 4347              		.loc 1 2082 34 view .LVU1603
 4348 00be 0120     		movs	r0, #1
 4349 00c0 00FA0CF0 		lsl	r0, r0, ip
2082:Drivers/STM32F4xx_HAL_Driver/Src/stm32f4xx_hal_sd.c **** 
 4350              		.loc 1 2082 27 view .LVU1604
 4351 00c4 9865     		str	r0, [r3, #88]
2084:Drivers/STM32F4xx_HAL_Driver/Src/stm32f4xx_hal_sd.c ****     hsd->SdCard.LogBlockSize = 512U;
 4352              		.loc 1 2084 5 is_stmt 1 view .LVU1605
2084:Drivers/STM32F4xx_HAL_Driver/Src/stm32f4xx_hal_sd.c ****     hsd->SdCard.LogBlockSize = 512U;
 4353              		.loc 1 2084 82 is_stmt 0 view .LVU1606
 4354 00c6 400A     		lsrs	r0, r0, #9
2084:Drivers/STM32F4xx_HAL_Driver/Src/stm32f4xx_hal_sd.c ****     hsd->SdCard.LogBlockSize = 512U;
 4355              		.loc 1 2084 55 view .LVU1607
 4356 00c8 00FB02F2 		mul	r2, r0, r2
2084:Drivers/STM32F4xx_HAL_Driver/Src/stm32f4xx_hal_sd.c ****     hsd->SdCard.LogBlockSize = 512U;
 4357              		.loc 1 2084 29 view .LVU1608
ARM GAS  /tmp/ccnf9wtj.s 			page 161


 4358 00cc DA65     		str	r2, [r3, #92]
2085:Drivers/STM32F4xx_HAL_Driver/Src/stm32f4xx_hal_sd.c ****   }
 4359              		.loc 1 2085 5 is_stmt 1 view .LVU1609
2085:Drivers/STM32F4xx_HAL_Driver/Src/stm32f4xx_hal_sd.c ****   }
 4360              		.loc 1 2085 30 is_stmt 0 view .LVU1610
 4361 00ce 4FF40072 		mov	r2, #512
 4362 00d2 1A66     		str	r2, [r3, #96]
 4363              	.L250:
2106:Drivers/STM32F4xx_HAL_Driver/Src/stm32f4xx_hal_sd.c **** 
 4364              		.loc 1 2106 3 is_stmt 1 view .LVU1611
2106:Drivers/STM32F4xx_HAL_Driver/Src/stm32f4xx_hal_sd.c **** 
 4365              		.loc 1 2106 42 is_stmt 0 view .LVU1612
 4366 00d4 DA6E     		ldr	r2, [r3, #108]
2106:Drivers/STM32F4xx_HAL_Driver/Src/stm32f4xx_hal_sd.c **** 
 4367              		.loc 1 2106 23 view .LVU1613
 4368 00d6 C2F38032 		ubfx	r2, r2, #14, #1
2106:Drivers/STM32F4xx_HAL_Driver/Src/stm32f4xx_hal_sd.c **** 
 4369              		.loc 1 2106 21 view .LVU1614
 4370 00da 4A76     		strb	r2, [r1, #25]
2108:Drivers/STM32F4xx_HAL_Driver/Src/stm32f4xx_hal_sd.c **** 
 4371              		.loc 1 2108 3 is_stmt 1 view .LVU1615
2108:Drivers/STM32F4xx_HAL_Driver/Src/stm32f4xx_hal_sd.c **** 
 4372              		.loc 1 2108 41 is_stmt 0 view .LVU1616
 4373 00dc DA6E     		ldr	r2, [r3, #108]
2108:Drivers/STM32F4xx_HAL_Driver/Src/stm32f4xx_hal_sd.c **** 
 4374              		.loc 1 2108 22 view .LVU1617
 4375 00de C2F3C612 		ubfx	r2, r2, #7, #7
2108:Drivers/STM32F4xx_HAL_Driver/Src/stm32f4xx_hal_sd.c **** 
 4376              		.loc 1 2108 20 view .LVU1618
 4377 00e2 8A76     		strb	r2, [r1, #26]
2110:Drivers/STM32F4xx_HAL_Driver/Src/stm32f4xx_hal_sd.c **** 
 4378              		.loc 1 2110 3 is_stmt 1 view .LVU1619
2110:Drivers/STM32F4xx_HAL_Driver/Src/stm32f4xx_hal_sd.c **** 
 4379              		.loc 1 2110 45 is_stmt 0 view .LVU1620
 4380 00e4 DA6E     		ldr	r2, [r3, #108]
2110:Drivers/STM32F4xx_HAL_Driver/Src/stm32f4xx_hal_sd.c **** 
 4381              		.loc 1 2110 27 view .LVU1621
 4382 00e6 02F07F02 		and	r2, r2, #127
2110:Drivers/STM32F4xx_HAL_Driver/Src/stm32f4xx_hal_sd.c **** 
 4383              		.loc 1 2110 25 view .LVU1622
 4384 00ea CA76     		strb	r2, [r1, #27]
2112:Drivers/STM32F4xx_HAL_Driver/Src/stm32f4xx_hal_sd.c **** 
 4385              		.loc 1 2112 3 is_stmt 1 view .LVU1623
2112:Drivers/STM32F4xx_HAL_Driver/Src/stm32f4xx_hal_sd.c **** 
 4386              		.loc 1 2112 48 is_stmt 0 view .LVU1624
 4387 00ec 1A6F     		ldr	r2, [r3, #112]
2112:Drivers/STM32F4xx_HAL_Driver/Src/stm32f4xx_hal_sd.c **** 
 4388              		.loc 1 2112 29 view .LVU1625
 4389 00ee D20F     		lsrs	r2, r2, #31
2112:Drivers/STM32F4xx_HAL_Driver/Src/stm32f4xx_hal_sd.c **** 
 4390              		.loc 1 2112 27 view .LVU1626
 4391 00f0 0A77     		strb	r2, [r1, #28]
2114:Drivers/STM32F4xx_HAL_Driver/Src/stm32f4xx_hal_sd.c **** 
 4392              		.loc 1 2114 3 is_stmt 1 view .LVU1627
2114:Drivers/STM32F4xx_HAL_Driver/Src/stm32f4xx_hal_sd.c **** 
 4393              		.loc 1 2114 41 is_stmt 0 view .LVU1628
 4394 00f2 1A6F     		ldr	r2, [r3, #112]
ARM GAS  /tmp/ccnf9wtj.s 			page 162


2114:Drivers/STM32F4xx_HAL_Driver/Src/stm32f4xx_hal_sd.c **** 
 4395              		.loc 1 2114 22 view .LVU1629
 4396 00f4 C2F34172 		ubfx	r2, r2, #29, #2
2114:Drivers/STM32F4xx_HAL_Driver/Src/stm32f4xx_hal_sd.c **** 
 4397              		.loc 1 2114 20 view .LVU1630
 4398 00f8 4A77     		strb	r2, [r1, #29]
2116:Drivers/STM32F4xx_HAL_Driver/Src/stm32f4xx_hal_sd.c **** 
 4399              		.loc 1 2116 3 is_stmt 1 view .LVU1631
2116:Drivers/STM32F4xx_HAL_Driver/Src/stm32f4xx_hal_sd.c **** 
 4400              		.loc 1 2116 42 is_stmt 0 view .LVU1632
 4401 00fa 1A6F     		ldr	r2, [r3, #112]
2116:Drivers/STM32F4xx_HAL_Driver/Src/stm32f4xx_hal_sd.c **** 
 4402              		.loc 1 2116 23 view .LVU1633
 4403 00fc C2F38262 		ubfx	r2, r2, #26, #3
2116:Drivers/STM32F4xx_HAL_Driver/Src/stm32f4xx_hal_sd.c **** 
 4404              		.loc 1 2116 21 view .LVU1634
 4405 0100 8A77     		strb	r2, [r1, #30]
2118:Drivers/STM32F4xx_HAL_Driver/Src/stm32f4xx_hal_sd.c **** 
 4406              		.loc 1 2118 3 is_stmt 1 view .LVU1635
2118:Drivers/STM32F4xx_HAL_Driver/Src/stm32f4xx_hal_sd.c **** 
 4407              		.loc 1 2118 43 is_stmt 0 view .LVU1636
 4408 0102 1A6F     		ldr	r2, [r3, #112]
2118:Drivers/STM32F4xx_HAL_Driver/Src/stm32f4xx_hal_sd.c **** 
 4409              		.loc 1 2118 24 view .LVU1637
 4410 0104 C2F38352 		ubfx	r2, r2, #22, #4
2118:Drivers/STM32F4xx_HAL_Driver/Src/stm32f4xx_hal_sd.c **** 
 4411              		.loc 1 2118 22 view .LVU1638
 4412 0108 CA77     		strb	r2, [r1, #31]
2120:Drivers/STM32F4xx_HAL_Driver/Src/stm32f4xx_hal_sd.c **** 
 4413              		.loc 1 2120 3 is_stmt 1 view .LVU1639
2120:Drivers/STM32F4xx_HAL_Driver/Src/stm32f4xx_hal_sd.c **** 
 4414              		.loc 1 2120 50 is_stmt 0 view .LVU1640
 4415 010a 1A6F     		ldr	r2, [r3, #112]
2120:Drivers/STM32F4xx_HAL_Driver/Src/stm32f4xx_hal_sd.c **** 
 4416              		.loc 1 2120 31 view .LVU1641
 4417 010c C2F34052 		ubfx	r2, r2, #21, #1
2120:Drivers/STM32F4xx_HAL_Driver/Src/stm32f4xx_hal_sd.c **** 
 4418              		.loc 1 2120 29 view .LVU1642
 4419 0110 81F82020 		strb	r2, [r1, #32]
2122:Drivers/STM32F4xx_HAL_Driver/Src/stm32f4xx_hal_sd.c **** 
 4420              		.loc 1 2122 3 is_stmt 1 view .LVU1643
2122:Drivers/STM32F4xx_HAL_Driver/Src/stm32f4xx_hal_sd.c **** 
 4421              		.loc 1 2122 19 is_stmt 0 view .LVU1644
 4422 0114 0020     		movs	r0, #0
 4423 0116 81F82100 		strb	r0, [r1, #33]
2124:Drivers/STM32F4xx_HAL_Driver/Src/stm32f4xx_hal_sd.c **** 
 4424              		.loc 1 2124 3 is_stmt 1 view .LVU1645
2124:Drivers/STM32F4xx_HAL_Driver/Src/stm32f4xx_hal_sd.c **** 
 4425              		.loc 1 2124 69 is_stmt 0 view .LVU1646
 4426 011a B3F87220 		ldrh	r2, [r3, #114]
2124:Drivers/STM32F4xx_HAL_Driver/Src/stm32f4xx_hal_sd.c **** 
 4427              		.loc 1 2124 31 view .LVU1647
 4428 011e 02F00102 		and	r2, r2, #1
2124:Drivers/STM32F4xx_HAL_Driver/Src/stm32f4xx_hal_sd.c **** 
 4429              		.loc 1 2124 29 view .LVU1648
 4430 0122 81F82220 		strb	r2, [r1, #34]
2126:Drivers/STM32F4xx_HAL_Driver/Src/stm32f4xx_hal_sd.c **** 
ARM GAS  /tmp/ccnf9wtj.s 			page 163


 4431              		.loc 1 2126 3 is_stmt 1 view .LVU1649
2126:Drivers/STM32F4xx_HAL_Driver/Src/stm32f4xx_hal_sd.c **** 
 4432              		.loc 1 2126 46 is_stmt 0 view .LVU1650
 4433 0126 1A6F     		ldr	r2, [r3, #112]
2126:Drivers/STM32F4xx_HAL_Driver/Src/stm32f4xx_hal_sd.c **** 
 4434              		.loc 1 2126 27 view .LVU1651
 4435 0128 C2F3C032 		ubfx	r2, r2, #15, #1
2126:Drivers/STM32F4xx_HAL_Driver/Src/stm32f4xx_hal_sd.c **** 
 4436              		.loc 1 2126 25 view .LVU1652
 4437 012c 81F82320 		strb	r2, [r1, #35]
2128:Drivers/STM32F4xx_HAL_Driver/Src/stm32f4xx_hal_sd.c **** 
 4438              		.loc 1 2128 3 is_stmt 1 view .LVU1653
2128:Drivers/STM32F4xx_HAL_Driver/Src/stm32f4xx_hal_sd.c **** 
 4439              		.loc 1 2128 39 is_stmt 0 view .LVU1654
 4440 0130 1A6F     		ldr	r2, [r3, #112]
2128:Drivers/STM32F4xx_HAL_Driver/Src/stm32f4xx_hal_sd.c **** 
 4441              		.loc 1 2128 20 view .LVU1655
 4442 0132 C2F38032 		ubfx	r2, r2, #14, #1
2128:Drivers/STM32F4xx_HAL_Driver/Src/stm32f4xx_hal_sd.c **** 
 4443              		.loc 1 2128 18 view .LVU1656
 4444 0136 81F82420 		strb	r2, [r1, #36]
2130:Drivers/STM32F4xx_HAL_Driver/Src/stm32f4xx_hal_sd.c **** 
 4445              		.loc 1 2130 3 is_stmt 1 view .LVU1657
2130:Drivers/STM32F4xx_HAL_Driver/Src/stm32f4xx_hal_sd.c **** 
 4446              		.loc 1 2130 44 is_stmt 0 view .LVU1658
 4447 013a 1A6F     		ldr	r2, [r3, #112]
2130:Drivers/STM32F4xx_HAL_Driver/Src/stm32f4xx_hal_sd.c **** 
 4448              		.loc 1 2130 25 view .LVU1659
 4449 013c C2F34032 		ubfx	r2, r2, #13, #1
2130:Drivers/STM32F4xx_HAL_Driver/Src/stm32f4xx_hal_sd.c **** 
 4450              		.loc 1 2130 23 view .LVU1660
 4451 0140 81F82520 		strb	r2, [r1, #37]
2132:Drivers/STM32F4xx_HAL_Driver/Src/stm32f4xx_hal_sd.c **** 
 4452              		.loc 1 2132 3 is_stmt 1 view .LVU1661
2132:Drivers/STM32F4xx_HAL_Driver/Src/stm32f4xx_hal_sd.c **** 
 4453              		.loc 1 2132 44 is_stmt 0 view .LVU1662
 4454 0144 1A6F     		ldr	r2, [r3, #112]
2132:Drivers/STM32F4xx_HAL_Driver/Src/stm32f4xx_hal_sd.c **** 
 4455              		.loc 1 2132 25 view .LVU1663
 4456 0146 C2F30032 		ubfx	r2, r2, #12, #1
2132:Drivers/STM32F4xx_HAL_Driver/Src/stm32f4xx_hal_sd.c **** 
 4457              		.loc 1 2132 23 view .LVU1664
 4458 014a 81F82620 		strb	r2, [r1, #38]
2134:Drivers/STM32F4xx_HAL_Driver/Src/stm32f4xx_hal_sd.c **** 
 4459              		.loc 1 2134 3 is_stmt 1 view .LVU1665
2134:Drivers/STM32F4xx_HAL_Driver/Src/stm32f4xx_hal_sd.c **** 
 4460              		.loc 1 2134 41 is_stmt 0 view .LVU1666
 4461 014e 1A6F     		ldr	r2, [r3, #112]
2134:Drivers/STM32F4xx_HAL_Driver/Src/stm32f4xx_hal_sd.c **** 
 4462              		.loc 1 2134 22 view .LVU1667
 4463 0150 C2F38122 		ubfx	r2, r2, #10, #2
2134:Drivers/STM32F4xx_HAL_Driver/Src/stm32f4xx_hal_sd.c **** 
 4464              		.loc 1 2134 20 view .LVU1668
 4465 0154 81F82720 		strb	r2, [r1, #39]
2136:Drivers/STM32F4xx_HAL_Driver/Src/stm32f4xx_hal_sd.c **** 
 4466              		.loc 1 2136 3 is_stmt 1 view .LVU1669
2136:Drivers/STM32F4xx_HAL_Driver/Src/stm32f4xx_hal_sd.c **** 
ARM GAS  /tmp/ccnf9wtj.s 			page 164


 4467              		.loc 1 2136 33 is_stmt 0 view .LVU1670
 4468 0158 1A6F     		ldr	r2, [r3, #112]
2136:Drivers/STM32F4xx_HAL_Driver/Src/stm32f4xx_hal_sd.c **** 
 4469              		.loc 1 2136 14 view .LVU1671
 4470 015a C2F30122 		ubfx	r2, r2, #8, #2
2136:Drivers/STM32F4xx_HAL_Driver/Src/stm32f4xx_hal_sd.c **** 
 4471              		.loc 1 2136 12 view .LVU1672
 4472 015e 81F82820 		strb	r2, [r1, #40]
2138:Drivers/STM32F4xx_HAL_Driver/Src/stm32f4xx_hal_sd.c **** 
 4473              		.loc 1 2138 3 is_stmt 1 view .LVU1673
2138:Drivers/STM32F4xx_HAL_Driver/Src/stm32f4xx_hal_sd.c **** 
 4474              		.loc 1 2138 38 is_stmt 0 view .LVU1674
 4475 0162 1B6F     		ldr	r3, [r3, #112]
 4476              	.LVL338:
2138:Drivers/STM32F4xx_HAL_Driver/Src/stm32f4xx_hal_sd.c **** 
 4477              		.loc 1 2138 19 view .LVU1675
 4478 0164 C3F34603 		ubfx	r3, r3, #1, #7
2138:Drivers/STM32F4xx_HAL_Driver/Src/stm32f4xx_hal_sd.c **** 
 4479              		.loc 1 2138 17 view .LVU1676
 4480 0168 81F82930 		strb	r3, [r1, #41]
2140:Drivers/STM32F4xx_HAL_Driver/Src/stm32f4xx_hal_sd.c **** 
 4481              		.loc 1 2140 3 is_stmt 1 view .LVU1677
2140:Drivers/STM32F4xx_HAL_Driver/Src/stm32f4xx_hal_sd.c **** 
 4482              		.loc 1 2140 19 is_stmt 0 view .LVU1678
 4483 016c 0123     		movs	r3, #1
 4484 016e 81F82A30 		strb	r3, [r1, #42]
2142:Drivers/STM32F4xx_HAL_Driver/Src/stm32f4xx_hal_sd.c **** }
 4485              		.loc 1 2142 3 is_stmt 1 view .LVU1679
2143:Drivers/STM32F4xx_HAL_Driver/Src/stm32f4xx_hal_sd.c **** 
 4486              		.loc 1 2143 1 is_stmt 0 view .LVU1680
 4487 0172 7047     		bx	lr
 4488              	.LVL339:
 4489              	.L249:
2087:Drivers/STM32F4xx_HAL_Driver/Src/stm32f4xx_hal_sd.c ****   {
 4490              		.loc 1 2087 8 is_stmt 1 view .LVU1681
2087:Drivers/STM32F4xx_HAL_Driver/Src/stm32f4xx_hal_sd.c ****   {
 4491              		.loc 1 2087 10 is_stmt 0 view .LVU1682
 4492 0174 012A     		cmp	r2, #1
 4493 0176 11D1     		bne	.L251
2090:Drivers/STM32F4xx_HAL_Driver/Src/stm32f4xx_hal_sd.c **** 
 4494              		.loc 1 2090 5 is_stmt 1 view .LVU1683
2090:Drivers/STM32F4xx_HAL_Driver/Src/stm32f4xx_hal_sd.c **** 
 4495              		.loc 1 2090 35 is_stmt 0 view .LVU1684
 4496 0178 826E     		ldr	r2, [r0, #104]
2090:Drivers/STM32F4xx_HAL_Driver/Src/stm32f4xx_hal_sd.c **** 
 4497              		.loc 1 2090 54 view .LVU1685
 4498 017a 1204     		lsls	r2, r2, #16
 4499 017c 02F47C12 		and	r2, r2, #4128768
2090:Drivers/STM32F4xx_HAL_Driver/Src/stm32f4xx_hal_sd.c **** 
 4500              		.loc 1 2090 93 view .LVU1686
 4501 0180 B0F86E00 		ldrh	r0, [r0, #110]
 4502              	.LVL340:
2090:Drivers/STM32F4xx_HAL_Driver/Src/stm32f4xx_hal_sd.c **** 
 4503              		.loc 1 2090 62 view .LVU1687
 4504 0184 0243     		orrs	r2, r2, r0
2090:Drivers/STM32F4xx_HAL_Driver/Src/stm32f4xx_hal_sd.c **** 
 4505              		.loc 1 2090 22 view .LVU1688
ARM GAS  /tmp/ccnf9wtj.s 			page 165


 4506 0186 0A61     		str	r2, [r1, #16]
2092:Drivers/STM32F4xx_HAL_Driver/Src/stm32f4xx_hal_sd.c ****     hsd->SdCard.LogBlockNbr = hsd->SdCard.BlockNbr;
 4507              		.loc 1 2092 5 is_stmt 1 view .LVU1689
2092:Drivers/STM32F4xx_HAL_Driver/Src/stm32f4xx_hal_sd.c ****     hsd->SdCard.LogBlockNbr = hsd->SdCard.BlockNbr;
 4508              		.loc 1 2092 34 is_stmt 0 view .LVU1690
 4509 0188 0A69     		ldr	r2, [r1, #16]
2092:Drivers/STM32F4xx_HAL_Driver/Src/stm32f4xx_hal_sd.c ****     hsd->SdCard.LogBlockNbr = hsd->SdCard.BlockNbr;
 4510              		.loc 1 2092 47 view .LVU1691
 4511 018a 0132     		adds	r2, r2, #1
2092:Drivers/STM32F4xx_HAL_Driver/Src/stm32f4xx_hal_sd.c ****     hsd->SdCard.LogBlockNbr = hsd->SdCard.BlockNbr;
 4512              		.loc 1 2092 53 view .LVU1692
 4513 018c 9202     		lsls	r2, r2, #10
2092:Drivers/STM32F4xx_HAL_Driver/Src/stm32f4xx_hal_sd.c ****     hsd->SdCard.LogBlockNbr = hsd->SdCard.BlockNbr;
 4514              		.loc 1 2092 26 view .LVU1693
 4515 018e 5A65     		str	r2, [r3, #84]
2093:Drivers/STM32F4xx_HAL_Driver/Src/stm32f4xx_hal_sd.c ****     hsd->SdCard.BlockSize = 512U;
 4516              		.loc 1 2093 5 is_stmt 1 view .LVU1694
2093:Drivers/STM32F4xx_HAL_Driver/Src/stm32f4xx_hal_sd.c ****     hsd->SdCard.BlockSize = 512U;
 4517              		.loc 1 2093 29 is_stmt 0 view .LVU1695
 4518 0190 DA65     		str	r2, [r3, #92]
2094:Drivers/STM32F4xx_HAL_Driver/Src/stm32f4xx_hal_sd.c ****     hsd->SdCard.LogBlockSize = hsd->SdCard.BlockSize;
 4519              		.loc 1 2094 5 is_stmt 1 view .LVU1696
2094:Drivers/STM32F4xx_HAL_Driver/Src/stm32f4xx_hal_sd.c ****     hsd->SdCard.LogBlockSize = hsd->SdCard.BlockSize;
 4520              		.loc 1 2094 27 is_stmt 0 view .LVU1697
 4521 0192 4FF40072 		mov	r2, #512
 4522 0196 9A65     		str	r2, [r3, #88]
2095:Drivers/STM32F4xx_HAL_Driver/Src/stm32f4xx_hal_sd.c ****   }
 4523              		.loc 1 2095 5 is_stmt 1 view .LVU1698
2095:Drivers/STM32F4xx_HAL_Driver/Src/stm32f4xx_hal_sd.c ****   }
 4524              		.loc 1 2095 30 is_stmt 0 view .LVU1699
 4525 0198 1A66     		str	r2, [r3, #96]
 4526 019a 9BE7     		b	.L250
 4527              	.LVL341:
 4528              	.L251:
2100:Drivers/STM32F4xx_HAL_Driver/Src/stm32f4xx_hal_sd.c ****     hsd->ErrorCode |= HAL_SD_ERROR_UNSUPPORTED_FEATURE;
 4529              		.loc 1 2100 5 is_stmt 1 view .LVU1700
 4530 019c 0268     		ldr	r2, [r0]
 4531 019e 0549     		ldr	r1, .L253
 4532              	.LVL342:
2100:Drivers/STM32F4xx_HAL_Driver/Src/stm32f4xx_hal_sd.c ****     hsd->ErrorCode |= HAL_SD_ERROR_UNSUPPORTED_FEATURE;
 4533              		.loc 1 2100 5 is_stmt 0 view .LVU1701
 4534 01a0 9163     		str	r1, [r2, #56]
2101:Drivers/STM32F4xx_HAL_Driver/Src/stm32f4xx_hal_sd.c ****     hsd->State = HAL_SD_STATE_READY;
 4535              		.loc 1 2101 5 is_stmt 1 view .LVU1702
2101:Drivers/STM32F4xx_HAL_Driver/Src/stm32f4xx_hal_sd.c ****     hsd->State = HAL_SD_STATE_READY;
 4536              		.loc 1 2101 8 is_stmt 0 view .LVU1703
 4537 01a2 826B     		ldr	r2, [r0, #56]
2101:Drivers/STM32F4xx_HAL_Driver/Src/stm32f4xx_hal_sd.c ****     hsd->State = HAL_SD_STATE_READY;
 4538              		.loc 1 2101 20 view .LVU1704
 4539 01a4 42F08052 		orr	r2, r2, #268435456
 4540 01a8 8263     		str	r2, [r0, #56]
2102:Drivers/STM32F4xx_HAL_Driver/Src/stm32f4xx_hal_sd.c ****     return HAL_ERROR;
 4541              		.loc 1 2102 5 is_stmt 1 view .LVU1705
2102:Drivers/STM32F4xx_HAL_Driver/Src/stm32f4xx_hal_sd.c ****     return HAL_ERROR;
 4542              		.loc 1 2102 16 is_stmt 0 view .LVU1706
 4543 01aa 0120     		movs	r0, #1
 4544              	.LVL343:
ARM GAS  /tmp/ccnf9wtj.s 			page 166


2102:Drivers/STM32F4xx_HAL_Driver/Src/stm32f4xx_hal_sd.c ****     return HAL_ERROR;
 4545              		.loc 1 2102 16 view .LVU1707
 4546 01ac 83F83400 		strb	r0, [r3, #52]
2103:Drivers/STM32F4xx_HAL_Driver/Src/stm32f4xx_hal_sd.c ****   }
 4547              		.loc 1 2103 5 is_stmt 1 view .LVU1708
2103:Drivers/STM32F4xx_HAL_Driver/Src/stm32f4xx_hal_sd.c ****   }
 4548              		.loc 1 2103 12 is_stmt 0 view .LVU1709
 4549 01b0 7047     		bx	lr
 4550              	.L254:
 4551 01b2 00BF     		.align	2
 4552              	.L253:
 4553 01b4 FF054000 		.word	4195839
 4554              		.cfi_endproc
 4555              	.LFE150:
 4557              		.section	.text.SD_InitCard,"ax",%progbits
 4558              		.align	1
 4559              		.syntax unified
 4560              		.thumb
 4561              		.thumb_func
 4563              	SD_InitCard:
 4564              	.LVL344:
 4565              	.LFB162:
2671:Drivers/STM32F4xx_HAL_Driver/Src/stm32f4xx_hal_sd.c ****   HAL_SD_CardCSDTypeDef CSD;
 4566              		.loc 1 2671 1 is_stmt 1 view -0
 4567              		.cfi_startproc
 4568              		@ args = 0, pretend = 0, frame = 48
 4569              		@ frame_needed = 0, uses_anonymous_args = 0
2671:Drivers/STM32F4xx_HAL_Driver/Src/stm32f4xx_hal_sd.c ****   HAL_SD_CardCSDTypeDef CSD;
 4570              		.loc 1 2671 1 is_stmt 0 view .LVU1711
 4571 0000 70B5     		push	{r4, r5, r6, lr}
 4572              	.LCFI51:
 4573              		.cfi_def_cfa_offset 16
 4574              		.cfi_offset 4, -16
 4575              		.cfi_offset 5, -12
 4576              		.cfi_offset 6, -8
 4577              		.cfi_offset 14, -4
 4578 0002 90B0     		sub	sp, sp, #64
 4579              	.LCFI52:
 4580              		.cfi_def_cfa_offset 80
 4581 0004 0446     		mov	r4, r0
2672:Drivers/STM32F4xx_HAL_Driver/Src/stm32f4xx_hal_sd.c ****   uint32_t errorstate;
 4582              		.loc 1 2672 3 is_stmt 1 view .LVU1712
2673:Drivers/STM32F4xx_HAL_Driver/Src/stm32f4xx_hal_sd.c ****   uint16_t sd_rca = 1U;
 4583              		.loc 1 2673 3 view .LVU1713
2674:Drivers/STM32F4xx_HAL_Driver/Src/stm32f4xx_hal_sd.c **** 
 4584              		.loc 1 2674 3 view .LVU1714
2674:Drivers/STM32F4xx_HAL_Driver/Src/stm32f4xx_hal_sd.c **** 
 4585              		.loc 1 2674 12 is_stmt 0 view .LVU1715
 4586 0006 0123     		movs	r3, #1
 4587 0008 ADF81230 		strh	r3, [sp, #18]	@ movhi
2677:Drivers/STM32F4xx_HAL_Driver/Src/stm32f4xx_hal_sd.c ****   {
 4588              		.loc 1 2677 3 is_stmt 1 view .LVU1716
2677:Drivers/STM32F4xx_HAL_Driver/Src/stm32f4xx_hal_sd.c ****   {
 4589              		.loc 1 2677 6 is_stmt 0 view .LVU1717
 4590 000c 0068     		ldr	r0, [r0]
 4591              	.LVL345:
2677:Drivers/STM32F4xx_HAL_Driver/Src/stm32f4xx_hal_sd.c ****   {
ARM GAS  /tmp/ccnf9wtj.s 			page 167


 4592              		.loc 1 2677 6 view .LVU1718
 4593 000e FFF7FEFF 		bl	SDIO_GetPowerState
 4594              	.LVL346:
2677:Drivers/STM32F4xx_HAL_Driver/Src/stm32f4xx_hal_sd.c ****   {
 4595              		.loc 1 2677 5 discriminator 1 view .LVU1719
 4596 0012 0028     		cmp	r0, #0
 4597 0014 6CD0     		beq	.L260
2683:Drivers/STM32F4xx_HAL_Driver/Src/stm32f4xx_hal_sd.c ****   {
 4598              		.loc 1 2683 3 is_stmt 1 view .LVU1720
2683:Drivers/STM32F4xx_HAL_Driver/Src/stm32f4xx_hal_sd.c ****   {
 4599              		.loc 1 2683 17 is_stmt 0 view .LVU1721
 4600 0016 636C     		ldr	r3, [r4, #68]
2683:Drivers/STM32F4xx_HAL_Driver/Src/stm32f4xx_hal_sd.c ****   {
 4601              		.loc 1 2683 5 view .LVU1722
 4602 0018 032B     		cmp	r3, #3
 4603 001a 45D1     		bne	.L263
 4604              	.L257:
2701:Drivers/STM32F4xx_HAL_Driver/Src/stm32f4xx_hal_sd.c ****   {
 4605              		.loc 1 2701 3 is_stmt 1 view .LVU1723
2701:Drivers/STM32F4xx_HAL_Driver/Src/stm32f4xx_hal_sd.c ****   {
 4606              		.loc 1 2701 17 is_stmt 0 view .LVU1724
 4607 001c 636C     		ldr	r3, [r4, #68]
2701:Drivers/STM32F4xx_HAL_Driver/Src/stm32f4xx_hal_sd.c ****   {
 4608              		.loc 1 2701 5 view .LVU1725
 4609 001e 032B     		cmp	r3, #3
 4610 0020 5DD1     		bne	.L264
 4611              	.L258:
2711:Drivers/STM32F4xx_HAL_Driver/Src/stm32f4xx_hal_sd.c ****   {
 4612              		.loc 1 2711 3 is_stmt 1 view .LVU1726
2711:Drivers/STM32F4xx_HAL_Driver/Src/stm32f4xx_hal_sd.c ****   {
 4613              		.loc 1 2711 17 is_stmt 0 view .LVU1727
 4614 0022 636C     		ldr	r3, [r4, #68]
2711:Drivers/STM32F4xx_HAL_Driver/Src/stm32f4xx_hal_sd.c ****   {
 4615              		.loc 1 2711 5 view .LVU1728
 4616 0024 032B     		cmp	r3, #3
 4617 0026 1DD0     		beq	.L259
2714:Drivers/STM32F4xx_HAL_Driver/Src/stm32f4xx_hal_sd.c **** 
 4618              		.loc 1 2714 5 is_stmt 1 view .LVU1729
2714:Drivers/STM32F4xx_HAL_Driver/Src/stm32f4xx_hal_sd.c **** 
 4619              		.loc 1 2714 28 is_stmt 0 view .LVU1730
 4620 0028 BDF81210 		ldrh	r1, [sp, #18]
 4621 002c 2165     		str	r1, [r4, #80]
2717:Drivers/STM32F4xx_HAL_Driver/Src/stm32f4xx_hal_sd.c ****     if(errorstate != HAL_SD_ERROR_NONE)
 4622              		.loc 1 2717 5 is_stmt 1 view .LVU1731
2717:Drivers/STM32F4xx_HAL_Driver/Src/stm32f4xx_hal_sd.c ****     if(errorstate != HAL_SD_ERROR_NONE)
 4623              		.loc 1 2717 18 is_stmt 0 view .LVU1732
 4624 002e 0904     		lsls	r1, r1, #16
 4625 0030 2068     		ldr	r0, [r4]
 4626 0032 FFF7FEFF 		bl	SDMMC_CmdSendCSD
 4627              	.LVL347:
2718:Drivers/STM32F4xx_HAL_Driver/Src/stm32f4xx_hal_sd.c ****     {
 4628              		.loc 1 2718 5 is_stmt 1 view .LVU1733
2718:Drivers/STM32F4xx_HAL_Driver/Src/stm32f4xx_hal_sd.c ****     {
 4629              		.loc 1 2718 7 is_stmt 0 view .LVU1734
 4630 0036 0546     		mov	r5, r0
 4631 0038 0028     		cmp	r0, #0
 4632 003a 5BD1     		bne	.L255
ARM GAS  /tmp/ccnf9wtj.s 			page 168


2725:Drivers/STM32F4xx_HAL_Driver/Src/stm32f4xx_hal_sd.c ****       hsd->CSD[1U] = SDIO_GetResponse(hsd->Instance, SDIO_RESP2);
 4633              		.loc 1 2725 7 is_stmt 1 view .LVU1735
2725:Drivers/STM32F4xx_HAL_Driver/Src/stm32f4xx_hal_sd.c ****       hsd->CSD[1U] = SDIO_GetResponse(hsd->Instance, SDIO_RESP2);
 4634              		.loc 1 2725 22 is_stmt 0 view .LVU1736
 4635 003c 0021     		movs	r1, #0
 4636 003e 2068     		ldr	r0, [r4]
 4637              	.LVL348:
2725:Drivers/STM32F4xx_HAL_Driver/Src/stm32f4xx_hal_sd.c ****       hsd->CSD[1U] = SDIO_GetResponse(hsd->Instance, SDIO_RESP2);
 4638              		.loc 1 2725 22 view .LVU1737
 4639 0040 FFF7FEFF 		bl	SDIO_GetResponse
 4640              	.LVL349:
2725:Drivers/STM32F4xx_HAL_Driver/Src/stm32f4xx_hal_sd.c ****       hsd->CSD[1U] = SDIO_GetResponse(hsd->Instance, SDIO_RESP2);
 4641              		.loc 1 2725 20 discriminator 1 view .LVU1738
 4642 0044 6066     		str	r0, [r4, #100]
2726:Drivers/STM32F4xx_HAL_Driver/Src/stm32f4xx_hal_sd.c ****       hsd->CSD[2U] = SDIO_GetResponse(hsd->Instance, SDIO_RESP3);
 4643              		.loc 1 2726 7 is_stmt 1 view .LVU1739
2726:Drivers/STM32F4xx_HAL_Driver/Src/stm32f4xx_hal_sd.c ****       hsd->CSD[2U] = SDIO_GetResponse(hsd->Instance, SDIO_RESP3);
 4644              		.loc 1 2726 22 is_stmt 0 view .LVU1740
 4645 0046 0421     		movs	r1, #4
 4646 0048 2068     		ldr	r0, [r4]
 4647 004a FFF7FEFF 		bl	SDIO_GetResponse
 4648              	.LVL350:
2726:Drivers/STM32F4xx_HAL_Driver/Src/stm32f4xx_hal_sd.c ****       hsd->CSD[2U] = SDIO_GetResponse(hsd->Instance, SDIO_RESP3);
 4649              		.loc 1 2726 20 discriminator 1 view .LVU1741
 4650 004e A066     		str	r0, [r4, #104]
2727:Drivers/STM32F4xx_HAL_Driver/Src/stm32f4xx_hal_sd.c ****       hsd->CSD[3U] = SDIO_GetResponse(hsd->Instance, SDIO_RESP4);
 4651              		.loc 1 2727 7 is_stmt 1 view .LVU1742
2727:Drivers/STM32F4xx_HAL_Driver/Src/stm32f4xx_hal_sd.c ****       hsd->CSD[3U] = SDIO_GetResponse(hsd->Instance, SDIO_RESP4);
 4652              		.loc 1 2727 22 is_stmt 0 view .LVU1743
 4653 0050 0821     		movs	r1, #8
 4654 0052 2068     		ldr	r0, [r4]
 4655 0054 FFF7FEFF 		bl	SDIO_GetResponse
 4656              	.LVL351:
2727:Drivers/STM32F4xx_HAL_Driver/Src/stm32f4xx_hal_sd.c ****       hsd->CSD[3U] = SDIO_GetResponse(hsd->Instance, SDIO_RESP4);
 4657              		.loc 1 2727 20 discriminator 1 view .LVU1744
 4658 0058 E066     		str	r0, [r4, #108]
2728:Drivers/STM32F4xx_HAL_Driver/Src/stm32f4xx_hal_sd.c ****     }
 4659              		.loc 1 2728 7 is_stmt 1 view .LVU1745
2728:Drivers/STM32F4xx_HAL_Driver/Src/stm32f4xx_hal_sd.c ****     }
 4660              		.loc 1 2728 22 is_stmt 0 view .LVU1746
 4661 005a 0C21     		movs	r1, #12
 4662 005c 2068     		ldr	r0, [r4]
 4663 005e FFF7FEFF 		bl	SDIO_GetResponse
 4664              	.LVL352:
2728:Drivers/STM32F4xx_HAL_Driver/Src/stm32f4xx_hal_sd.c ****     }
 4665              		.loc 1 2728 20 discriminator 1 view .LVU1747
 4666 0062 2067     		str	r0, [r4, #112]
 4667              	.LVL353:
 4668              	.L259:
2733:Drivers/STM32F4xx_HAL_Driver/Src/stm32f4xx_hal_sd.c **** 
 4669              		.loc 1 2733 3 is_stmt 1 view .LVU1748
2733:Drivers/STM32F4xx_HAL_Driver/Src/stm32f4xx_hal_sd.c **** 
 4670              		.loc 1 2733 24 is_stmt 0 view .LVU1749
 4671 0064 0421     		movs	r1, #4
 4672 0066 2068     		ldr	r0, [r4]
 4673 0068 FFF7FEFF 		bl	SDIO_GetResponse
 4674              	.LVL354:
ARM GAS  /tmp/ccnf9wtj.s 			page 169


2733:Drivers/STM32F4xx_HAL_Driver/Src/stm32f4xx_hal_sd.c **** 
 4675              		.loc 1 2733 68 discriminator 1 view .LVU1750
 4676 006c 000D     		lsrs	r0, r0, #20
2733:Drivers/STM32F4xx_HAL_Driver/Src/stm32f4xx_hal_sd.c **** 
 4677              		.loc 1 2733 21 discriminator 1 view .LVU1751
 4678 006e E064     		str	r0, [r4, #76]
2736:Drivers/STM32F4xx_HAL_Driver/Src/stm32f4xx_hal_sd.c ****   {
 4679              		.loc 1 2736 3 is_stmt 1 view .LVU1752
2736:Drivers/STM32F4xx_HAL_Driver/Src/stm32f4xx_hal_sd.c ****   {
 4680              		.loc 1 2736 7 is_stmt 0 view .LVU1753
 4681 0070 05A9     		add	r1, sp, #20
 4682 0072 2046     		mov	r0, r4
 4683 0074 FFF7FEFF 		bl	HAL_SD_GetCardCSD
 4684              	.LVL355:
2736:Drivers/STM32F4xx_HAL_Driver/Src/stm32f4xx_hal_sd.c ****   {
 4685              		.loc 1 2736 6 discriminator 1 view .LVU1754
 4686 0078 0028     		cmp	r0, #0
 4687 007a 3ED1     		bne	.L261
2742:Drivers/STM32F4xx_HAL_Driver/Src/stm32f4xx_hal_sd.c ****   if(errorstate != HAL_SD_ERROR_NONE)
 4688              		.loc 1 2742 3 is_stmt 1 view .LVU1755
2742:Drivers/STM32F4xx_HAL_Driver/Src/stm32f4xx_hal_sd.c ****   if(errorstate != HAL_SD_ERROR_NONE)
 4689              		.loc 1 2742 82 is_stmt 0 view .LVU1756
 4690 007c 226D     		ldr	r2, [r4, #80]
2742:Drivers/STM32F4xx_HAL_Driver/Src/stm32f4xx_hal_sd.c ****   if(errorstate != HAL_SD_ERROR_NONE)
 4691              		.loc 1 2742 16 view .LVU1757
 4692 007e 1204     		lsls	r2, r2, #16
 4693 0080 0023     		movs	r3, #0
 4694 0082 2068     		ldr	r0, [r4]
 4695 0084 FFF7FEFF 		bl	SDMMC_CmdSelDesel
 4696              	.LVL356:
2743:Drivers/STM32F4xx_HAL_Driver/Src/stm32f4xx_hal_sd.c ****   {
 4697              		.loc 1 2743 3 is_stmt 1 view .LVU1758
2743:Drivers/STM32F4xx_HAL_Driver/Src/stm32f4xx_hal_sd.c ****   {
 4698              		.loc 1 2743 5 is_stmt 0 view .LVU1759
 4699 0088 0546     		mov	r5, r0
 4700 008a 98BB     		cbnz	r0, .L255
2749:Drivers/STM32F4xx_HAL_Driver/Src/stm32f4xx_hal_sd.c **** 
 4701              		.loc 1 2749 3 is_stmt 1 view .LVU1760
2749:Drivers/STM32F4xx_HAL_Driver/Src/stm32f4xx_hal_sd.c **** 
 4702              		.loc 1 2749 9 is_stmt 0 view .LVU1761
 4703 008c 2346     		mov	r3, r4
 4704 008e 53F8106B 		ldr	r6, [r3], #16
 4705 0092 93E80700 		ldm	r3, {r0, r1, r2}
 4706              	.LVL357:
2749:Drivers/STM32F4xx_HAL_Driver/Src/stm32f4xx_hal_sd.c **** 
 4707              		.loc 1 2749 9 view .LVU1762
 4708 0096 8DE80700 		stm	sp, {r0, r1, r2}
 4709 009a 0434     		adds	r4, r4, #4
 4710              	.LVL358:
2749:Drivers/STM32F4xx_HAL_Driver/Src/stm32f4xx_hal_sd.c **** 
 4711              		.loc 1 2749 9 view .LVU1763
 4712 009c 94E80E00 		ldm	r4, {r1, r2, r3}
 4713 00a0 3046     		mov	r0, r6
 4714 00a2 FFF7FEFF 		bl	SDIO_Init
 4715              	.LVL359:
2752:Drivers/STM32F4xx_HAL_Driver/Src/stm32f4xx_hal_sd.c **** }
 4716              		.loc 1 2752 3 is_stmt 1 view .LVU1764
ARM GAS  /tmp/ccnf9wtj.s 			page 170


2752:Drivers/STM32F4xx_HAL_Driver/Src/stm32f4xx_hal_sd.c **** }
 4717              		.loc 1 2752 10 is_stmt 0 view .LVU1765
 4718 00a6 25E0     		b	.L255
 4719              	.LVL360:
 4720              	.L263:
2686:Drivers/STM32F4xx_HAL_Driver/Src/stm32f4xx_hal_sd.c ****     if(errorstate != HAL_SD_ERROR_NONE)
 4721              		.loc 1 2686 5 is_stmt 1 view .LVU1766
2686:Drivers/STM32F4xx_HAL_Driver/Src/stm32f4xx_hal_sd.c ****     if(errorstate != HAL_SD_ERROR_NONE)
 4722              		.loc 1 2686 18 is_stmt 0 view .LVU1767
 4723 00a8 2068     		ldr	r0, [r4]
 4724 00aa FFF7FEFF 		bl	SDMMC_CmdSendCID
 4725              	.LVL361:
2687:Drivers/STM32F4xx_HAL_Driver/Src/stm32f4xx_hal_sd.c ****     {
 4726              		.loc 1 2687 5 is_stmt 1 view .LVU1768
2687:Drivers/STM32F4xx_HAL_Driver/Src/stm32f4xx_hal_sd.c ****     {
 4727              		.loc 1 2687 7 is_stmt 0 view .LVU1769
 4728 00ae 0546     		mov	r5, r0
 4729 00b0 00BB     		cbnz	r0, .L255
2694:Drivers/STM32F4xx_HAL_Driver/Src/stm32f4xx_hal_sd.c ****       hsd->CID[1U] = SDIO_GetResponse(hsd->Instance, SDIO_RESP2);
 4730              		.loc 1 2694 7 is_stmt 1 view .LVU1770
2694:Drivers/STM32F4xx_HAL_Driver/Src/stm32f4xx_hal_sd.c ****       hsd->CID[1U] = SDIO_GetResponse(hsd->Instance, SDIO_RESP2);
 4731              		.loc 1 2694 22 is_stmt 0 view .LVU1771
 4732 00b2 0021     		movs	r1, #0
 4733 00b4 2068     		ldr	r0, [r4]
 4734              	.LVL362:
2694:Drivers/STM32F4xx_HAL_Driver/Src/stm32f4xx_hal_sd.c ****       hsd->CID[1U] = SDIO_GetResponse(hsd->Instance, SDIO_RESP2);
 4735              		.loc 1 2694 22 view .LVU1772
 4736 00b6 FFF7FEFF 		bl	SDIO_GetResponse
 4737              	.LVL363:
2694:Drivers/STM32F4xx_HAL_Driver/Src/stm32f4xx_hal_sd.c ****       hsd->CID[1U] = SDIO_GetResponse(hsd->Instance, SDIO_RESP2);
 4738              		.loc 1 2694 20 discriminator 1 view .LVU1773
 4739 00ba 6067     		str	r0, [r4, #116]
2695:Drivers/STM32F4xx_HAL_Driver/Src/stm32f4xx_hal_sd.c ****       hsd->CID[2U] = SDIO_GetResponse(hsd->Instance, SDIO_RESP3);
 4740              		.loc 1 2695 7 is_stmt 1 view .LVU1774
2695:Drivers/STM32F4xx_HAL_Driver/Src/stm32f4xx_hal_sd.c ****       hsd->CID[2U] = SDIO_GetResponse(hsd->Instance, SDIO_RESP3);
 4741              		.loc 1 2695 22 is_stmt 0 view .LVU1775
 4742 00bc 0421     		movs	r1, #4
 4743 00be 2068     		ldr	r0, [r4]
 4744 00c0 FFF7FEFF 		bl	SDIO_GetResponse
 4745              	.LVL364:
2695:Drivers/STM32F4xx_HAL_Driver/Src/stm32f4xx_hal_sd.c ****       hsd->CID[2U] = SDIO_GetResponse(hsd->Instance, SDIO_RESP3);
 4746              		.loc 1 2695 20 discriminator 1 view .LVU1776
 4747 00c4 A067     		str	r0, [r4, #120]
2696:Drivers/STM32F4xx_HAL_Driver/Src/stm32f4xx_hal_sd.c ****       hsd->CID[3U] = SDIO_GetResponse(hsd->Instance, SDIO_RESP4);
 4748              		.loc 1 2696 7 is_stmt 1 view .LVU1777
2696:Drivers/STM32F4xx_HAL_Driver/Src/stm32f4xx_hal_sd.c ****       hsd->CID[3U] = SDIO_GetResponse(hsd->Instance, SDIO_RESP4);
 4749              		.loc 1 2696 22 is_stmt 0 view .LVU1778
 4750 00c6 0821     		movs	r1, #8
 4751 00c8 2068     		ldr	r0, [r4]
 4752 00ca FFF7FEFF 		bl	SDIO_GetResponse
 4753              	.LVL365:
2696:Drivers/STM32F4xx_HAL_Driver/Src/stm32f4xx_hal_sd.c ****       hsd->CID[3U] = SDIO_GetResponse(hsd->Instance, SDIO_RESP4);
 4754              		.loc 1 2696 20 discriminator 1 view .LVU1779
 4755 00ce E067     		str	r0, [r4, #124]
2697:Drivers/STM32F4xx_HAL_Driver/Src/stm32f4xx_hal_sd.c ****     }
 4756              		.loc 1 2697 7 is_stmt 1 view .LVU1780
2697:Drivers/STM32F4xx_HAL_Driver/Src/stm32f4xx_hal_sd.c ****     }
ARM GAS  /tmp/ccnf9wtj.s 			page 171


 4757              		.loc 1 2697 22 is_stmt 0 view .LVU1781
 4758 00d0 0C21     		movs	r1, #12
 4759 00d2 2068     		ldr	r0, [r4]
 4760 00d4 FFF7FEFF 		bl	SDIO_GetResponse
 4761              	.LVL366:
2697:Drivers/STM32F4xx_HAL_Driver/Src/stm32f4xx_hal_sd.c ****     }
 4762              		.loc 1 2697 20 discriminator 1 view .LVU1782
 4763 00d8 C4F88000 		str	r0, [r4, #128]
 4764 00dc 9EE7     		b	.L257
 4765              	.LVL367:
 4766              	.L264:
2705:Drivers/STM32F4xx_HAL_Driver/Src/stm32f4xx_hal_sd.c ****     if(errorstate != HAL_SD_ERROR_NONE)
 4767              		.loc 1 2705 5 is_stmt 1 view .LVU1783
2705:Drivers/STM32F4xx_HAL_Driver/Src/stm32f4xx_hal_sd.c ****     if(errorstate != HAL_SD_ERROR_NONE)
 4768              		.loc 1 2705 18 is_stmt 0 view .LVU1784
 4769 00de 0DF11201 		add	r1, sp, #18
 4770 00e2 2068     		ldr	r0, [r4]
 4771 00e4 FFF7FEFF 		bl	SDMMC_CmdSetRelAdd
 4772              	.LVL368:
2706:Drivers/STM32F4xx_HAL_Driver/Src/stm32f4xx_hal_sd.c ****     {
 4773              		.loc 1 2706 5 is_stmt 1 view .LVU1785
2706:Drivers/STM32F4xx_HAL_Driver/Src/stm32f4xx_hal_sd.c ****     {
 4774              		.loc 1 2706 7 is_stmt 0 view .LVU1786
 4775 00e8 0546     		mov	r5, r0
 4776 00ea 0028     		cmp	r0, #0
 4777 00ec 99D0     		beq	.L258
 4778 00ee 01E0     		b	.L255
 4779              	.LVL369:
 4780              	.L260:
2680:Drivers/STM32F4xx_HAL_Driver/Src/stm32f4xx_hal_sd.c ****   }
 4781              		.loc 1 2680 12 view .LVU1787
 4782 00f0 4FF08065 		mov	r5, #67108864
 4783              	.LVL370:
 4784              	.L255:
2753:Drivers/STM32F4xx_HAL_Driver/Src/stm32f4xx_hal_sd.c **** 
 4785              		.loc 1 2753 1 view .LVU1788
 4786 00f4 2846     		mov	r0, r5
 4787 00f6 10B0     		add	sp, sp, #64
 4788              	.LCFI53:
 4789              		.cfi_remember_state
 4790              		.cfi_def_cfa_offset 16
 4791              		@ sp needed
 4792 00f8 70BD     		pop	{r4, r5, r6, pc}
 4793              	.LVL371:
 4794              	.L261:
 4795              	.LCFI54:
 4796              		.cfi_restore_state
2738:Drivers/STM32F4xx_HAL_Driver/Src/stm32f4xx_hal_sd.c ****   }
 4797              		.loc 1 2738 12 view .LVU1789
 4798 00fa 4FF08055 		mov	r5, #268435456
 4799 00fe F9E7     		b	.L255
 4800              		.cfi_endproc
 4801              	.LFE162:
 4803              		.section	.text.HAL_SD_InitCard,"ax",%progbits
 4804              		.align	1
 4805              		.global	HAL_SD_InitCard
 4806              		.syntax unified
ARM GAS  /tmp/ccnf9wtj.s 			page 172


 4807              		.thumb
 4808              		.thumb_func
 4810              	HAL_SD_InitCard:
 4811              	.LVL372:
 4812              	.LFB131:
 404:Drivers/STM32F4xx_HAL_Driver/Src/stm32f4xx_hal_sd.c ****   uint32_t errorstate;
 4813              		.loc 1 404 1 is_stmt 1 view -0
 4814              		.cfi_startproc
 4815              		@ args = 0, pretend = 0, frame = 24
 4816              		@ frame_needed = 0, uses_anonymous_args = 0
 404:Drivers/STM32F4xx_HAL_Driver/Src/stm32f4xx_hal_sd.c ****   uint32_t errorstate;
 4817              		.loc 1 404 1 is_stmt 0 view .LVU1791
 4818 0000 70B5     		push	{r4, r5, r6, lr}
 4819              	.LCFI55:
 4820              		.cfi_def_cfa_offset 16
 4821              		.cfi_offset 4, -16
 4822              		.cfi_offset 5, -12
 4823              		.cfi_offset 6, -8
 4824              		.cfi_offset 14, -4
 4825 0002 8AB0     		sub	sp, sp, #40
 4826              	.LCFI56:
 4827              		.cfi_def_cfa_offset 56
 4828 0004 0446     		mov	r4, r0
 405:Drivers/STM32F4xx_HAL_Driver/Src/stm32f4xx_hal_sd.c ****   HAL_StatusTypeDef status;
 4829              		.loc 1 405 3 is_stmt 1 view .LVU1792
 406:Drivers/STM32F4xx_HAL_Driver/Src/stm32f4xx_hal_sd.c ****   SD_InitTypeDef Init;
 4830              		.loc 1 406 3 view .LVU1793
 407:Drivers/STM32F4xx_HAL_Driver/Src/stm32f4xx_hal_sd.c ****   
 4831              		.loc 1 407 3 view .LVU1794
 410:Drivers/STM32F4xx_HAL_Driver/Src/stm32f4xx_hal_sd.c ****   Init.ClockBypass         = SDIO_CLOCK_BYPASS_DISABLE;
 4832              		.loc 1 410 3 view .LVU1795
 410:Drivers/STM32F4xx_HAL_Driver/Src/stm32f4xx_hal_sd.c ****   Init.ClockBypass         = SDIO_CLOCK_BYPASS_DISABLE;
 4833              		.loc 1 410 28 is_stmt 0 view .LVU1796
 4834 0006 0023     		movs	r3, #0
 4835 0008 0493     		str	r3, [sp, #16]
 411:Drivers/STM32F4xx_HAL_Driver/Src/stm32f4xx_hal_sd.c ****   Init.ClockPowerSave      = SDIO_CLOCK_POWER_SAVE_DISABLE;
 4836              		.loc 1 411 3 is_stmt 1 view .LVU1797
 411:Drivers/STM32F4xx_HAL_Driver/Src/stm32f4xx_hal_sd.c ****   Init.ClockPowerSave      = SDIO_CLOCK_POWER_SAVE_DISABLE;
 4837              		.loc 1 411 28 is_stmt 0 view .LVU1798
 4838 000a 0593     		str	r3, [sp, #20]
 412:Drivers/STM32F4xx_HAL_Driver/Src/stm32f4xx_hal_sd.c ****   Init.BusWide             = SDIO_BUS_WIDE_1B;
 4839              		.loc 1 412 3 is_stmt 1 view .LVU1799
 412:Drivers/STM32F4xx_HAL_Driver/Src/stm32f4xx_hal_sd.c ****   Init.BusWide             = SDIO_BUS_WIDE_1B;
 4840              		.loc 1 412 28 is_stmt 0 view .LVU1800
 4841 000c 0693     		str	r3, [sp, #24]
 413:Drivers/STM32F4xx_HAL_Driver/Src/stm32f4xx_hal_sd.c ****   Init.HardwareFlowControl = SDIO_HARDWARE_FLOW_CONTROL_DISABLE;
 4842              		.loc 1 413 3 is_stmt 1 view .LVU1801
 413:Drivers/STM32F4xx_HAL_Driver/Src/stm32f4xx_hal_sd.c ****   Init.HardwareFlowControl = SDIO_HARDWARE_FLOW_CONTROL_DISABLE;
 4843              		.loc 1 413 28 is_stmt 0 view .LVU1802
 4844 000e 0793     		str	r3, [sp, #28]
 414:Drivers/STM32F4xx_HAL_Driver/Src/stm32f4xx_hal_sd.c ****   Init.ClockDiv            = SDIO_INIT_CLK_DIV;
 4845              		.loc 1 414 3 is_stmt 1 view .LVU1803
 414:Drivers/STM32F4xx_HAL_Driver/Src/stm32f4xx_hal_sd.c ****   Init.ClockDiv            = SDIO_INIT_CLK_DIV;
 4846              		.loc 1 414 28 is_stmt 0 view .LVU1804
 4847 0010 0893     		str	r3, [sp, #32]
 415:Drivers/STM32F4xx_HAL_Driver/Src/stm32f4xx_hal_sd.c **** 
 4848              		.loc 1 415 3 is_stmt 1 view .LVU1805
ARM GAS  /tmp/ccnf9wtj.s 			page 173


 415:Drivers/STM32F4xx_HAL_Driver/Src/stm32f4xx_hal_sd.c **** 
 4849              		.loc 1 415 28 is_stmt 0 view .LVU1806
 4850 0012 7623     		movs	r3, #118
 4851 0014 0993     		str	r3, [sp, #36]
 418:Drivers/STM32F4xx_HAL_Driver/Src/stm32f4xx_hal_sd.c ****   if(status != HAL_OK)
 4852              		.loc 1 418 3 is_stmt 1 view .LVU1807
 418:Drivers/STM32F4xx_HAL_Driver/Src/stm32f4xx_hal_sd.c ****   if(status != HAL_OK)
 4853              		.loc 1 418 12 is_stmt 0 view .LVU1808
 4854 0016 0AAB     		add	r3, sp, #40
 4855 0018 13E90700 		ldmdb	r3, {r0, r1, r2}
 4856              	.LVL373:
 418:Drivers/STM32F4xx_HAL_Driver/Src/stm32f4xx_hal_sd.c ****   if(status != HAL_OK)
 4857              		.loc 1 418 12 view .LVU1809
 4858 001c 8DE80700 		stm	sp, {r0, r1, r2}
 4859 0020 04AB     		add	r3, sp, #16
 4860 0022 0ECB     		ldm	r3, {r1, r2, r3}
 4861 0024 2068     		ldr	r0, [r4]
 4862 0026 FFF7FEFF 		bl	SDIO_Init
 4863              	.LVL374:
 419:Drivers/STM32F4xx_HAL_Driver/Src/stm32f4xx_hal_sd.c ****   {
 4864              		.loc 1 419 3 is_stmt 1 view .LVU1810
 419:Drivers/STM32F4xx_HAL_Driver/Src/stm32f4xx_hal_sd.c ****   {
 4865              		.loc 1 419 5 is_stmt 0 view .LVU1811
 4866 002a 18B1     		cbz	r0, .L271
 421:Drivers/STM32F4xx_HAL_Driver/Src/stm32f4xx_hal_sd.c ****   }
 4867              		.loc 1 421 12 view .LVU1812
 4868 002c 0125     		movs	r5, #1
 4869              	.LVL375:
 4870              	.L266:
 466:Drivers/STM32F4xx_HAL_Driver/Src/stm32f4xx_hal_sd.c **** 
 4871              		.loc 1 466 1 view .LVU1813
 4872 002e 2846     		mov	r0, r5
 4873 0030 0AB0     		add	sp, sp, #40
 4874              	.LCFI57:
 4875              		.cfi_remember_state
 4876              		.cfi_def_cfa_offset 16
 4877              		@ sp needed
 4878 0032 70BD     		pop	{r4, r5, r6, pc}
 4879              	.LVL376:
 4880              	.L271:
 4881              	.LCFI58:
 4882              		.cfi_restore_state
 466:Drivers/STM32F4xx_HAL_Driver/Src/stm32f4xx_hal_sd.c **** 
 4883              		.loc 1 466 1 view .LVU1814
 4884 0034 0546     		mov	r5, r0
 425:Drivers/STM32F4xx_HAL_Driver/Src/stm32f4xx_hal_sd.c **** 
 4885              		.loc 1 425 3 is_stmt 1 view .LVU1815
 4886 0036 1A4E     		ldr	r6, .L272
 4887 0038 0023     		movs	r3, #0
 4888 003a C6F8A030 		str	r3, [r6, #160]
 428:Drivers/STM32F4xx_HAL_Driver/Src/stm32f4xx_hal_sd.c **** 
 4889              		.loc 1 428 3 view .LVU1816
 428:Drivers/STM32F4xx_HAL_Driver/Src/stm32f4xx_hal_sd.c **** 
 4890              		.loc 1 428 9 is_stmt 0 view .LVU1817
 4891 003e 2068     		ldr	r0, [r4]
 4892              	.LVL377:
 428:Drivers/STM32F4xx_HAL_Driver/Src/stm32f4xx_hal_sd.c **** 
ARM GAS  /tmp/ccnf9wtj.s 			page 174


 4893              		.loc 1 428 9 view .LVU1818
 4894 0040 FFF7FEFF 		bl	SDIO_PowerState_ON
 4895              	.LVL378:
 431:Drivers/STM32F4xx_HAL_Driver/Src/stm32f4xx_hal_sd.c **** 
 4896              		.loc 1 431 3 is_stmt 1 view .LVU1819
 4897 0044 0123     		movs	r3, #1
 4898 0046 C6F8A030 		str	r3, [r6, #160]
 434:Drivers/STM32F4xx_HAL_Driver/Src/stm32f4xx_hal_sd.c **** 
 4899              		.loc 1 434 3 view .LVU1820
 4900 004a 0220     		movs	r0, #2
 4901 004c FFF7FEFF 		bl	HAL_Delay
 4902              	.LVL379:
 437:Drivers/STM32F4xx_HAL_Driver/Src/stm32f4xx_hal_sd.c ****   if(errorstate != HAL_SD_ERROR_NONE)
 4903              		.loc 1 437 3 view .LVU1821
 437:Drivers/STM32F4xx_HAL_Driver/Src/stm32f4xx_hal_sd.c ****   if(errorstate != HAL_SD_ERROR_NONE)
 4904              		.loc 1 437 16 is_stmt 0 view .LVU1822
 4905 0050 2046     		mov	r0, r4
 4906 0052 FFF7FEFF 		bl	SD_PowerON
 4907              	.LVL380:
 438:Drivers/STM32F4xx_HAL_Driver/Src/stm32f4xx_hal_sd.c ****   {
 4908              		.loc 1 438 3 is_stmt 1 view .LVU1823
 438:Drivers/STM32F4xx_HAL_Driver/Src/stm32f4xx_hal_sd.c ****   {
 4909              		.loc 1 438 5 is_stmt 0 view .LVU1824
 4910 0056 30B1     		cbz	r0, .L267
 440:Drivers/STM32F4xx_HAL_Driver/Src/stm32f4xx_hal_sd.c ****     hsd->ErrorCode |= errorstate;
 4911              		.loc 1 440 5 is_stmt 1 view .LVU1825
 440:Drivers/STM32F4xx_HAL_Driver/Src/stm32f4xx_hal_sd.c ****     hsd->ErrorCode |= errorstate;
 4912              		.loc 1 440 16 is_stmt 0 view .LVU1826
 4913 0058 0125     		movs	r5, #1
 4914 005a 84F83450 		strb	r5, [r4, #52]
 441:Drivers/STM32F4xx_HAL_Driver/Src/stm32f4xx_hal_sd.c ****     return HAL_ERROR;
 4915              		.loc 1 441 5 is_stmt 1 view .LVU1827
 441:Drivers/STM32F4xx_HAL_Driver/Src/stm32f4xx_hal_sd.c ****     return HAL_ERROR;
 4916              		.loc 1 441 8 is_stmt 0 view .LVU1828
 4917 005e A36B     		ldr	r3, [r4, #56]
 441:Drivers/STM32F4xx_HAL_Driver/Src/stm32f4xx_hal_sd.c ****     return HAL_ERROR;
 4918              		.loc 1 441 20 view .LVU1829
 4919 0060 0343     		orrs	r3, r3, r0
 4920 0062 A363     		str	r3, [r4, #56]
 442:Drivers/STM32F4xx_HAL_Driver/Src/stm32f4xx_hal_sd.c ****   }
 4921              		.loc 1 442 5 is_stmt 1 view .LVU1830
 442:Drivers/STM32F4xx_HAL_Driver/Src/stm32f4xx_hal_sd.c ****   }
 4922              		.loc 1 442 12 is_stmt 0 view .LVU1831
 4923 0064 E3E7     		b	.L266
 4924              	.L267:
 446:Drivers/STM32F4xx_HAL_Driver/Src/stm32f4xx_hal_sd.c ****   if(errorstate != HAL_SD_ERROR_NONE)
 4925              		.loc 1 446 3 is_stmt 1 view .LVU1832
 446:Drivers/STM32F4xx_HAL_Driver/Src/stm32f4xx_hal_sd.c ****   if(errorstate != HAL_SD_ERROR_NONE)
 4926              		.loc 1 446 16 is_stmt 0 view .LVU1833
 4927 0066 2046     		mov	r0, r4
 4928              	.LVL381:
 446:Drivers/STM32F4xx_HAL_Driver/Src/stm32f4xx_hal_sd.c ****   if(errorstate != HAL_SD_ERROR_NONE)
 4929              		.loc 1 446 16 view .LVU1834
 4930 0068 FFF7FEFF 		bl	SD_InitCard
 4931              	.LVL382:
 447:Drivers/STM32F4xx_HAL_Driver/Src/stm32f4xx_hal_sd.c ****   {
 4932              		.loc 1 447 3 is_stmt 1 view .LVU1835
ARM GAS  /tmp/ccnf9wtj.s 			page 175


 447:Drivers/STM32F4xx_HAL_Driver/Src/stm32f4xx_hal_sd.c ****   {
 4933              		.loc 1 447 5 is_stmt 0 view .LVU1836
 4934 006c 30B1     		cbz	r0, .L268
 449:Drivers/STM32F4xx_HAL_Driver/Src/stm32f4xx_hal_sd.c ****     hsd->ErrorCode |= errorstate;
 4935              		.loc 1 449 5 is_stmt 1 view .LVU1837
 449:Drivers/STM32F4xx_HAL_Driver/Src/stm32f4xx_hal_sd.c ****     hsd->ErrorCode |= errorstate;
 4936              		.loc 1 449 16 is_stmt 0 view .LVU1838
 4937 006e 0125     		movs	r5, #1
 4938 0070 84F83450 		strb	r5, [r4, #52]
 450:Drivers/STM32F4xx_HAL_Driver/Src/stm32f4xx_hal_sd.c ****     return HAL_ERROR;
 4939              		.loc 1 450 5 is_stmt 1 view .LVU1839
 450:Drivers/STM32F4xx_HAL_Driver/Src/stm32f4xx_hal_sd.c ****     return HAL_ERROR;
 4940              		.loc 1 450 8 is_stmt 0 view .LVU1840
 4941 0074 A36B     		ldr	r3, [r4, #56]
 450:Drivers/STM32F4xx_HAL_Driver/Src/stm32f4xx_hal_sd.c ****     return HAL_ERROR;
 4942              		.loc 1 450 20 view .LVU1841
 4943 0076 0343     		orrs	r3, r3, r0
 4944 0078 A363     		str	r3, [r4, #56]
 451:Drivers/STM32F4xx_HAL_Driver/Src/stm32f4xx_hal_sd.c ****   }
 4945              		.loc 1 451 5 is_stmt 1 view .LVU1842
 451:Drivers/STM32F4xx_HAL_Driver/Src/stm32f4xx_hal_sd.c ****   }
 4946              		.loc 1 451 12 is_stmt 0 view .LVU1843
 4947 007a D8E7     		b	.L266
 4948              	.L268:
 455:Drivers/STM32F4xx_HAL_Driver/Src/stm32f4xx_hal_sd.c ****   if(errorstate != HAL_SD_ERROR_NONE)
 4949              		.loc 1 455 3 is_stmt 1 view .LVU1844
 455:Drivers/STM32F4xx_HAL_Driver/Src/stm32f4xx_hal_sd.c ****   if(errorstate != HAL_SD_ERROR_NONE)
 4950              		.loc 1 455 16 is_stmt 0 view .LVU1845
 4951 007c 4FF40071 		mov	r1, #512
 4952 0080 2068     		ldr	r0, [r4]
 4953              	.LVL383:
 455:Drivers/STM32F4xx_HAL_Driver/Src/stm32f4xx_hal_sd.c ****   if(errorstate != HAL_SD_ERROR_NONE)
 4954              		.loc 1 455 16 view .LVU1846
 4955 0082 FFF7FEFF 		bl	SDMMC_CmdBlockLength
 4956              	.LVL384:
 456:Drivers/STM32F4xx_HAL_Driver/Src/stm32f4xx_hal_sd.c ****   {
 4957              		.loc 1 456 3 is_stmt 1 view .LVU1847
 456:Drivers/STM32F4xx_HAL_Driver/Src/stm32f4xx_hal_sd.c ****   {
 4958              		.loc 1 456 5 is_stmt 0 view .LVU1848
 4959 0086 0028     		cmp	r0, #0
 4960 0088 D1D0     		beq	.L266
 459:Drivers/STM32F4xx_HAL_Driver/Src/stm32f4xx_hal_sd.c ****     hsd->ErrorCode |= errorstate;
 4961              		.loc 1 459 5 is_stmt 1 view .LVU1849
 4962 008a 2368     		ldr	r3, [r4]
 4963 008c 0549     		ldr	r1, .L272+4
 4964 008e 9963     		str	r1, [r3, #56]
 460:Drivers/STM32F4xx_HAL_Driver/Src/stm32f4xx_hal_sd.c ****     hsd->State = HAL_SD_STATE_READY;
 4965              		.loc 1 460 5 view .LVU1850
 460:Drivers/STM32F4xx_HAL_Driver/Src/stm32f4xx_hal_sd.c ****     hsd->State = HAL_SD_STATE_READY;
 4966              		.loc 1 460 8 is_stmt 0 view .LVU1851
 4967 0090 A36B     		ldr	r3, [r4, #56]
 460:Drivers/STM32F4xx_HAL_Driver/Src/stm32f4xx_hal_sd.c ****     hsd->State = HAL_SD_STATE_READY;
 4968              		.loc 1 460 20 view .LVU1852
 4969 0092 0343     		orrs	r3, r3, r0
 4970 0094 A363     		str	r3, [r4, #56]
 461:Drivers/STM32F4xx_HAL_Driver/Src/stm32f4xx_hal_sd.c ****     return HAL_ERROR;
 4971              		.loc 1 461 5 is_stmt 1 view .LVU1853
ARM GAS  /tmp/ccnf9wtj.s 			page 176


 461:Drivers/STM32F4xx_HAL_Driver/Src/stm32f4xx_hal_sd.c ****     return HAL_ERROR;
 4972              		.loc 1 461 16 is_stmt 0 view .LVU1854
 4973 0096 0125     		movs	r5, #1
 4974 0098 84F83450 		strb	r5, [r4, #52]
 462:Drivers/STM32F4xx_HAL_Driver/Src/stm32f4xx_hal_sd.c ****   }
 4975              		.loc 1 462 5 is_stmt 1 view .LVU1855
 462:Drivers/STM32F4xx_HAL_Driver/Src/stm32f4xx_hal_sd.c ****   }
 4976              		.loc 1 462 12 is_stmt 0 view .LVU1856
 4977 009c C7E7     		b	.L266
 4978              	.L273:
 4979 009e 00BF     		.align	2
 4980              	.L272:
 4981 00a0 00802542 		.word	1109753856
 4982 00a4 FF054000 		.word	4195839
 4983              		.cfi_endproc
 4984              	.LFE131:
 4986              		.section	.text.HAL_SD_Init,"ax",%progbits
 4987              		.align	1
 4988              		.global	HAL_SD_Init
 4989              		.syntax unified
 4990              		.thumb
 4991              		.thumb_func
 4993              	HAL_SD_Init:
 4994              	.LVL385:
 4995              	.LFB130:
 336:Drivers/STM32F4xx_HAL_Driver/Src/stm32f4xx_hal_sd.c ****   /* Check the SD handle allocation */
 4996              		.loc 1 336 1 is_stmt 1 view -0
 4997              		.cfi_startproc
 4998              		@ args = 0, pretend = 0, frame = 0
 4999              		@ frame_needed = 0, uses_anonymous_args = 0
 338:Drivers/STM32F4xx_HAL_Driver/Src/stm32f4xx_hal_sd.c ****   {
 5000              		.loc 1 338 3 view .LVU1858
 338:Drivers/STM32F4xx_HAL_Driver/Src/stm32f4xx_hal_sd.c ****   {
 5001              		.loc 1 338 5 is_stmt 0 view .LVU1859
 5002 0000 A8B1     		cbz	r0, .L277
 336:Drivers/STM32F4xx_HAL_Driver/Src/stm32f4xx_hal_sd.c ****   /* Check the SD handle allocation */
 5003              		.loc 1 336 1 view .LVU1860
 5004 0002 10B5     		push	{r4, lr}
 5005              	.LCFI59:
 5006              		.cfi_def_cfa_offset 8
 5007              		.cfi_offset 4, -8
 5008              		.cfi_offset 14, -4
 5009 0004 0446     		mov	r4, r0
 344:Drivers/STM32F4xx_HAL_Driver/Src/stm32f4xx_hal_sd.c ****   assert_param(IS_SDIO_CLOCK_EDGE(hsd->Init.ClockEdge));
 5010              		.loc 1 344 3 is_stmt 1 view .LVU1861
 345:Drivers/STM32F4xx_HAL_Driver/Src/stm32f4xx_hal_sd.c ****   assert_param(IS_SDIO_CLOCK_BYPASS(hsd->Init.ClockBypass));
 5011              		.loc 1 345 3 view .LVU1862
 346:Drivers/STM32F4xx_HAL_Driver/Src/stm32f4xx_hal_sd.c ****   assert_param(IS_SDIO_CLOCK_POWER_SAVE(hsd->Init.ClockPowerSave));
 5012              		.loc 1 346 3 view .LVU1863
 347:Drivers/STM32F4xx_HAL_Driver/Src/stm32f4xx_hal_sd.c ****   assert_param(IS_SDIO_BUS_WIDE(hsd->Init.BusWide));
 5013              		.loc 1 347 3 view .LVU1864
 348:Drivers/STM32F4xx_HAL_Driver/Src/stm32f4xx_hal_sd.c ****   assert_param(IS_SDIO_HARDWARE_FLOW_CONTROL(hsd->Init.HardwareFlowControl));
 5014              		.loc 1 348 3 view .LVU1865
 349:Drivers/STM32F4xx_HAL_Driver/Src/stm32f4xx_hal_sd.c ****   assert_param(IS_SDIO_CLKDIV(hsd->Init.ClockDiv));
 5015              		.loc 1 349 3 view .LVU1866
 350:Drivers/STM32F4xx_HAL_Driver/Src/stm32f4xx_hal_sd.c **** 
 5016              		.loc 1 350 3 view .LVU1867
ARM GAS  /tmp/ccnf9wtj.s 			page 177


 352:Drivers/STM32F4xx_HAL_Driver/Src/stm32f4xx_hal_sd.c ****   {
 5017              		.loc 1 352 3 view .LVU1868
 352:Drivers/STM32F4xx_HAL_Driver/Src/stm32f4xx_hal_sd.c ****   {
 5018              		.loc 1 352 9 is_stmt 0 view .LVU1869
 5019 0006 90F83430 		ldrb	r3, [r0, #52]	@ zero_extendqisi2
 352:Drivers/STM32F4xx_HAL_Driver/Src/stm32f4xx_hal_sd.c ****   {
 5020              		.loc 1 352 5 view .LVU1870
 5021 000a 63B1     		cbz	r3, .L283
 5022              	.LVL386:
 5023              	.L276:
 376:Drivers/STM32F4xx_HAL_Driver/Src/stm32f4xx_hal_sd.c **** 
 5024              		.loc 1 376 3 is_stmt 1 view .LVU1871
 376:Drivers/STM32F4xx_HAL_Driver/Src/stm32f4xx_hal_sd.c **** 
 5025              		.loc 1 376 14 is_stmt 0 view .LVU1872
 5026 000c 0323     		movs	r3, #3
 5027 000e 84F83430 		strb	r3, [r4, #52]
 379:Drivers/STM32F4xx_HAL_Driver/Src/stm32f4xx_hal_sd.c ****   {
 5028              		.loc 1 379 3 is_stmt 1 view .LVU1873
 379:Drivers/STM32F4xx_HAL_Driver/Src/stm32f4xx_hal_sd.c ****   {
 5029              		.loc 1 379 7 is_stmt 0 view .LVU1874
 5030 0012 2046     		mov	r0, r4
 5031 0014 FFF7FEFF 		bl	HAL_SD_InitCard
 5032              	.LVL387:
 379:Drivers/STM32F4xx_HAL_Driver/Src/stm32f4xx_hal_sd.c ****   {
 5033              		.loc 1 379 6 discriminator 1 view .LVU1875
 5034 0018 58B9     		cbnz	r0, .L278
 385:Drivers/STM32F4xx_HAL_Driver/Src/stm32f4xx_hal_sd.c **** 
 5035              		.loc 1 385 3 is_stmt 1 view .LVU1876
 385:Drivers/STM32F4xx_HAL_Driver/Src/stm32f4xx_hal_sd.c **** 
 5036              		.loc 1 385 18 is_stmt 0 view .LVU1877
 5037 001a A063     		str	r0, [r4, #56]
 388:Drivers/STM32F4xx_HAL_Driver/Src/stm32f4xx_hal_sd.c **** 
 5038              		.loc 1 388 3 is_stmt 1 view .LVU1878
 388:Drivers/STM32F4xx_HAL_Driver/Src/stm32f4xx_hal_sd.c **** 
 5039              		.loc 1 388 16 is_stmt 0 view .LVU1879
 5040 001c 2063     		str	r0, [r4, #48]
 391:Drivers/STM32F4xx_HAL_Driver/Src/stm32f4xx_hal_sd.c **** 
 5041              		.loc 1 391 3 is_stmt 1 view .LVU1880
 391:Drivers/STM32F4xx_HAL_Driver/Src/stm32f4xx_hal_sd.c **** 
 5042              		.loc 1 391 14 is_stmt 0 view .LVU1881
 5043 001e 0123     		movs	r3, #1
 5044 0020 84F83430 		strb	r3, [r4, #52]
 393:Drivers/STM32F4xx_HAL_Driver/Src/stm32f4xx_hal_sd.c **** }
 5045              		.loc 1 393 3 is_stmt 1 view .LVU1882
 5046              	.L275:
 394:Drivers/STM32F4xx_HAL_Driver/Src/stm32f4xx_hal_sd.c **** 
 5047              		.loc 1 394 1 is_stmt 0 view .LVU1883
 5048 0024 10BD     		pop	{r4, pc}
 5049              	.LVL388:
 5050              	.L283:
 355:Drivers/STM32F4xx_HAL_Driver/Src/stm32f4xx_hal_sd.c **** #if defined (USE_HAL_SD_REGISTER_CALLBACKS) && (USE_HAL_SD_REGISTER_CALLBACKS == 1U)
 5051              		.loc 1 355 5 is_stmt 1 view .LVU1884
 355:Drivers/STM32F4xx_HAL_Driver/Src/stm32f4xx_hal_sd.c **** #if defined (USE_HAL_SD_REGISTER_CALLBACKS) && (USE_HAL_SD_REGISTER_CALLBACKS == 1U)
 5052              		.loc 1 355 15 is_stmt 0 view .LVU1885
 5053 0026 0377     		strb	r3, [r0, #28]
 372:Drivers/STM32F4xx_HAL_Driver/Src/stm32f4xx_hal_sd.c **** #endif /* USE_HAL_SD_REGISTER_CALLBACKS */
 5054              		.loc 1 372 5 is_stmt 1 view .LVU1886
ARM GAS  /tmp/ccnf9wtj.s 			page 178


 5055 0028 FFF7FEFF 		bl	HAL_SD_MspInit
 5056              	.LVL389:
 372:Drivers/STM32F4xx_HAL_Driver/Src/stm32f4xx_hal_sd.c **** #endif /* USE_HAL_SD_REGISTER_CALLBACKS */
 5057              		.loc 1 372 5 is_stmt 0 view .LVU1887
 5058 002c EEE7     		b	.L276
 5059              	.LVL390:
 5060              	.L277:
 5061              	.LCFI60:
 5062              		.cfi_def_cfa_offset 0
 5063              		.cfi_restore 4
 5064              		.cfi_restore 14
 340:Drivers/STM32F4xx_HAL_Driver/Src/stm32f4xx_hal_sd.c ****   }
 5065              		.loc 1 340 12 view .LVU1888
 5066 002e 0120     		movs	r0, #1
 5067              	.LVL391:
 394:Drivers/STM32F4xx_HAL_Driver/Src/stm32f4xx_hal_sd.c **** 
 5068              		.loc 1 394 1 view .LVU1889
 5069 0030 7047     		bx	lr
 5070              	.LVL392:
 5071              	.L278:
 5072              	.LCFI61:
 5073              		.cfi_def_cfa_offset 8
 5074              		.cfi_offset 4, -8
 5075              		.cfi_offset 14, -4
 381:Drivers/STM32F4xx_HAL_Driver/Src/stm32f4xx_hal_sd.c ****   }
 5076              		.loc 1 381 12 view .LVU1890
 5077 0032 0120     		movs	r0, #1
 5078 0034 F6E7     		b	.L275
 5079              		.cfi_endproc
 5080              	.LFE130:
 5082              		.section	.text.HAL_SD_GetCardStatus,"ax",%progbits
 5083              		.align	1
 5084              		.global	HAL_SD_GetCardStatus
 5085              		.syntax unified
 5086              		.thumb
 5087              		.thumb_func
 5089              	HAL_SD_GetCardStatus:
 5090              	.LVL393:
 5091              	.LFB151:
2153:Drivers/STM32F4xx_HAL_Driver/Src/stm32f4xx_hal_sd.c ****   uint32_t sd_status[16];
 5092              		.loc 1 2153 1 is_stmt 1 view -0
 5093              		.cfi_startproc
 5094              		@ args = 0, pretend = 0, frame = 64
 5095              		@ frame_needed = 0, uses_anonymous_args = 0
2153:Drivers/STM32F4xx_HAL_Driver/Src/stm32f4xx_hal_sd.c ****   uint32_t sd_status[16];
 5096              		.loc 1 2153 1 is_stmt 0 view .LVU1892
 5097 0000 30B5     		push	{r4, r5, lr}
 5098              	.LCFI62:
 5099              		.cfi_def_cfa_offset 12
 5100              		.cfi_offset 4, -12
 5101              		.cfi_offset 5, -8
 5102              		.cfi_offset 14, -4
 5103 0002 91B0     		sub	sp, sp, #68
 5104              	.LCFI63:
 5105              		.cfi_def_cfa_offset 80
 5106 0004 0546     		mov	r5, r0
 5107 0006 0C46     		mov	r4, r1
ARM GAS  /tmp/ccnf9wtj.s 			page 179


2154:Drivers/STM32F4xx_HAL_Driver/Src/stm32f4xx_hal_sd.c ****   uint32_t errorstate;
 5108              		.loc 1 2154 3 is_stmt 1 view .LVU1893
2155:Drivers/STM32F4xx_HAL_Driver/Src/stm32f4xx_hal_sd.c ****   HAL_StatusTypeDef status = HAL_OK;
 5109              		.loc 1 2155 3 view .LVU1894
2156:Drivers/STM32F4xx_HAL_Driver/Src/stm32f4xx_hal_sd.c **** 
 5110              		.loc 1 2156 3 view .LVU1895
 5111              	.LVL394:
2158:Drivers/STM32F4xx_HAL_Driver/Src/stm32f4xx_hal_sd.c ****   if(errorstate != HAL_SD_ERROR_NONE)
 5112              		.loc 1 2158 3 view .LVU1896
2158:Drivers/STM32F4xx_HAL_Driver/Src/stm32f4xx_hal_sd.c ****   if(errorstate != HAL_SD_ERROR_NONE)
 5113              		.loc 1 2158 16 is_stmt 0 view .LVU1897
 5114 0008 6946     		mov	r1, sp
 5115              	.LVL395:
2158:Drivers/STM32F4xx_HAL_Driver/Src/stm32f4xx_hal_sd.c ****   if(errorstate != HAL_SD_ERROR_NONE)
 5116              		.loc 1 2158 16 view .LVU1898
 5117 000a FFF7FEFF 		bl	SD_SendSDStatus
 5118              	.LVL396:
2159:Drivers/STM32F4xx_HAL_Driver/Src/stm32f4xx_hal_sd.c ****   {
 5119              		.loc 1 2159 3 is_stmt 1 view .LVU1899
2159:Drivers/STM32F4xx_HAL_Driver/Src/stm32f4xx_hal_sd.c ****   {
 5120              		.loc 1 2159 5 is_stmt 0 view .LVU1900
 5121 000e C0B1     		cbz	r0, .L285
2162:Drivers/STM32F4xx_HAL_Driver/Src/stm32f4xx_hal_sd.c ****     hsd->ErrorCode |= errorstate;
 5122              		.loc 1 2162 5 is_stmt 1 view .LVU1901
 5123 0010 2B68     		ldr	r3, [r5]
 5124 0012 2549     		ldr	r1, .L289
 5125 0014 9963     		str	r1, [r3, #56]
2163:Drivers/STM32F4xx_HAL_Driver/Src/stm32f4xx_hal_sd.c ****     hsd->State = HAL_SD_STATE_READY;
 5126              		.loc 1 2163 5 view .LVU1902
2163:Drivers/STM32F4xx_HAL_Driver/Src/stm32f4xx_hal_sd.c ****     hsd->State = HAL_SD_STATE_READY;
 5127              		.loc 1 2163 8 is_stmt 0 view .LVU1903
 5128 0016 AB6B     		ldr	r3, [r5, #56]
2163:Drivers/STM32F4xx_HAL_Driver/Src/stm32f4xx_hal_sd.c ****     hsd->State = HAL_SD_STATE_READY;
 5129              		.loc 1 2163 20 view .LVU1904
 5130 0018 0343     		orrs	r3, r3, r0
 5131 001a AB63     		str	r3, [r5, #56]
2164:Drivers/STM32F4xx_HAL_Driver/Src/stm32f4xx_hal_sd.c ****     status = HAL_ERROR;
 5132              		.loc 1 2164 5 is_stmt 1 view .LVU1905
2164:Drivers/STM32F4xx_HAL_Driver/Src/stm32f4xx_hal_sd.c ****     status = HAL_ERROR;
 5133              		.loc 1 2164 16 is_stmt 0 view .LVU1906
 5134 001c 0124     		movs	r4, #1
 5135              	.LVL397:
2164:Drivers/STM32F4xx_HAL_Driver/Src/stm32f4xx_hal_sd.c ****     status = HAL_ERROR;
 5136              		.loc 1 2164 16 view .LVU1907
 5137 001e 85F83440 		strb	r4, [r5, #52]
2165:Drivers/STM32F4xx_HAL_Driver/Src/stm32f4xx_hal_sd.c ****   }
 5138              		.loc 1 2165 5 is_stmt 1 view .LVU1908
 5139              	.LVL398:
 5140              	.L286:
2192:Drivers/STM32F4xx_HAL_Driver/Src/stm32f4xx_hal_sd.c ****   if(errorstate != HAL_SD_ERROR_NONE)
 5141              		.loc 1 2192 3 view .LVU1909
2192:Drivers/STM32F4xx_HAL_Driver/Src/stm32f4xx_hal_sd.c ****   if(errorstate != HAL_SD_ERROR_NONE)
 5142              		.loc 1 2192 16 is_stmt 0 view .LVU1910
 5143 0022 4FF40071 		mov	r1, #512
 5144 0026 2868     		ldr	r0, [r5]
 5145              	.LVL399:
2192:Drivers/STM32F4xx_HAL_Driver/Src/stm32f4xx_hal_sd.c ****   if(errorstate != HAL_SD_ERROR_NONE)
ARM GAS  /tmp/ccnf9wtj.s 			page 180


 5146              		.loc 1 2192 16 view .LVU1911
 5147 0028 FFF7FEFF 		bl	SDMMC_CmdBlockLength
 5148              	.LVL400:
2193:Drivers/STM32F4xx_HAL_Driver/Src/stm32f4xx_hal_sd.c ****   {
 5149              		.loc 1 2193 3 is_stmt 1 view .LVU1912
2193:Drivers/STM32F4xx_HAL_Driver/Src/stm32f4xx_hal_sd.c ****   {
 5150              		.loc 1 2193 5 is_stmt 0 view .LVU1913
 5151 002c 30B1     		cbz	r0, .L287
2196:Drivers/STM32F4xx_HAL_Driver/Src/stm32f4xx_hal_sd.c ****     hsd->ErrorCode = errorstate;
 5152              		.loc 1 2196 5 is_stmt 1 view .LVU1914
 5153 002e 2A68     		ldr	r2, [r5]
 5154 0030 1D49     		ldr	r1, .L289
 5155 0032 9163     		str	r1, [r2, #56]
2197:Drivers/STM32F4xx_HAL_Driver/Src/stm32f4xx_hal_sd.c ****     hsd->State = HAL_SD_STATE_READY;
 5156              		.loc 1 2197 5 view .LVU1915
2197:Drivers/STM32F4xx_HAL_Driver/Src/stm32f4xx_hal_sd.c ****     hsd->State = HAL_SD_STATE_READY;
 5157              		.loc 1 2197 20 is_stmt 0 view .LVU1916
 5158 0034 A863     		str	r0, [r5, #56]
2198:Drivers/STM32F4xx_HAL_Driver/Src/stm32f4xx_hal_sd.c ****     status = HAL_ERROR;
 5159              		.loc 1 2198 5 is_stmt 1 view .LVU1917
2198:Drivers/STM32F4xx_HAL_Driver/Src/stm32f4xx_hal_sd.c ****     status = HAL_ERROR;
 5160              		.loc 1 2198 16 is_stmt 0 view .LVU1918
 5161 0036 0124     		movs	r4, #1
 5162              	.LVL401:
2198:Drivers/STM32F4xx_HAL_Driver/Src/stm32f4xx_hal_sd.c ****     status = HAL_ERROR;
 5163              		.loc 1 2198 16 view .LVU1919
 5164 0038 85F83440 		strb	r4, [r5, #52]
2199:Drivers/STM32F4xx_HAL_Driver/Src/stm32f4xx_hal_sd.c ****   }
 5165              		.loc 1 2199 5 is_stmt 1 view .LVU1920
 5166              	.LVL402:
 5167              	.L287:
2202:Drivers/STM32F4xx_HAL_Driver/Src/stm32f4xx_hal_sd.c **** }
 5168              		.loc 1 2202 3 view .LVU1921
2203:Drivers/STM32F4xx_HAL_Driver/Src/stm32f4xx_hal_sd.c **** 
 5169              		.loc 1 2203 1 is_stmt 0 view .LVU1922
 5170 003c 2046     		mov	r0, r4
 5171              	.LVL403:
2203:Drivers/STM32F4xx_HAL_Driver/Src/stm32f4xx_hal_sd.c **** 
 5172              		.loc 1 2203 1 view .LVU1923
 5173 003e 11B0     		add	sp, sp, #68
 5174              	.LCFI64:
 5175              		.cfi_remember_state
 5176              		.cfi_def_cfa_offset 12
 5177              		@ sp needed
 5178 0040 30BD     		pop	{r4, r5, pc}
 5179              	.LVL404:
 5180              	.L285:
 5181              	.LCFI65:
 5182              		.cfi_restore_state
2169:Drivers/STM32F4xx_HAL_Driver/Src/stm32f4xx_hal_sd.c **** 
 5183              		.loc 1 2169 5 is_stmt 1 view .LVU1924
2169:Drivers/STM32F4xx_HAL_Driver/Src/stm32f4xx_hal_sd.c **** 
 5184              		.loc 1 2169 49 is_stmt 0 view .LVU1925
 5185 0042 009A     		ldr	r2, [sp]
2169:Drivers/STM32F4xx_HAL_Driver/Src/stm32f4xx_hal_sd.c **** 
 5186              		.loc 1 2169 29 view .LVU1926
 5187 0044 C2F38113 		ubfx	r3, r2, #6, #2
ARM GAS  /tmp/ccnf9wtj.s 			page 181


2169:Drivers/STM32F4xx_HAL_Driver/Src/stm32f4xx_hal_sd.c **** 
 5188              		.loc 1 2169 27 view .LVU1927
 5189 0048 2370     		strb	r3, [r4]
2171:Drivers/STM32F4xx_HAL_Driver/Src/stm32f4xx_hal_sd.c **** 
 5190              		.loc 1 2171 5 is_stmt 1 view .LVU1928
2171:Drivers/STM32F4xx_HAL_Driver/Src/stm32f4xx_hal_sd.c **** 
 5191              		.loc 1 2171 28 is_stmt 0 view .LVU1929
 5192 004a C2F34013 		ubfx	r3, r2, #5, #1
2171:Drivers/STM32F4xx_HAL_Driver/Src/stm32f4xx_hal_sd.c **** 
 5193              		.loc 1 2171 26 view .LVU1930
 5194 004e 6370     		strb	r3, [r4, #1]
2173:Drivers/STM32F4xx_HAL_Driver/Src/stm32f4xx_hal_sd.c **** 
 5195              		.loc 1 2173 5 is_stmt 1 view .LVU1931
2173:Drivers/STM32F4xx_HAL_Driver/Src/stm32f4xx_hal_sd.c **** 
 5196              		.loc 1 2173 66 is_stmt 0 view .LVU1932
 5197 0050 130A     		lsrs	r3, r2, #8
2173:Drivers/STM32F4xx_HAL_Driver/Src/stm32f4xx_hal_sd.c **** 
 5198              		.loc 1 2173 25 view .LVU1933
 5199 0052 23F0FF03 		bic	r3, r3, #255
 5200 0056 43EA1263 		orr	r3, r3, r2, lsr #24
 5201 005a 9BB2     		uxth	r3, r3
2173:Drivers/STM32F4xx_HAL_Driver/Src/stm32f4xx_hal_sd.c **** 
 5202              		.loc 1 2173 23 view .LVU1934
 5203 005c 6380     		strh	r3, [r4, #2]	@ movhi
2175:Drivers/STM32F4xx_HAL_Driver/Src/stm32f4xx_hal_sd.c ****                                   ((sd_status[1] & 0xFF0000U) >> 8U) | ((sd_status[1] & 0xFF000000U
 5204              		.loc 1 2175 5 is_stmt 1 view .LVU1935
2175:Drivers/STM32F4xx_HAL_Driver/Src/stm32f4xx_hal_sd.c ****                                   ((sd_status[1] & 0xFF0000U) >> 8U) | ((sd_status[1] & 0xFF000000U
 5205              		.loc 1 2175 46 is_stmt 0 view .LVU1936
 5206 005e 019A     		ldr	r2, [sp, #4]
2175:Drivers/STM32F4xx_HAL_Driver/Src/stm32f4xx_hal_sd.c ****                                   ((sd_status[1] & 0xFF0000U) >> 8U) | ((sd_status[1] & 0xFF000000U
 5207              		.loc 1 2175 98 view .LVU1937
 5208 0060 1302     		lsls	r3, r2, #8
 5209 0062 03F47F03 		and	r3, r3, #16711680
2175:Drivers/STM32F4xx_HAL_Driver/Src/stm32f4xx_hal_sd.c ****                                   ((sd_status[1] & 0xFF0000U) >> 8U) | ((sd_status[1] & 0xFF000000U
 5210              		.loc 1 2175 70 view .LVU1938
 5211 0066 43EA0263 		orr	r3, r3, r2, lsl #24
2176:Drivers/STM32F4xx_HAL_Driver/Src/stm32f4xx_hal_sd.c **** 
 5212              		.loc 1 2176 63 view .LVU1939
 5213 006a 110A     		lsrs	r1, r2, #8
 5214 006c 01F47F41 		and	r1, r1, #65280
2175:Drivers/STM32F4xx_HAL_Driver/Src/stm32f4xx_hal_sd.c ****                                   ((sd_status[1] & 0xFF0000U) >> 8U) | ((sd_status[1] & 0xFF000000U
 5215              		.loc 1 2175 105 view .LVU1940
 5216 0070 0B43     		orrs	r3, r3, r1
2176:Drivers/STM32F4xx_HAL_Driver/Src/stm32f4xx_hal_sd.c **** 
 5217              		.loc 1 2176 70 view .LVU1941
 5218 0072 43EA1263 		orr	r3, r3, r2, lsr #24
2175:Drivers/STM32F4xx_HAL_Driver/Src/stm32f4xx_hal_sd.c ****                                   ((sd_status[1] & 0xFF0000U) >> 8U) | ((sd_status[1] & 0xFF000000U
 5219              		.loc 1 2175 32 view .LVU1942
 5220 0076 6360     		str	r3, [r4, #4]
2178:Drivers/STM32F4xx_HAL_Driver/Src/stm32f4xx_hal_sd.c **** 
 5221              		.loc 1 2178 5 is_stmt 1 view .LVU1943
2178:Drivers/STM32F4xx_HAL_Driver/Src/stm32f4xx_hal_sd.c **** 
 5222              		.loc 1 2178 46 is_stmt 0 view .LVU1944
 5223 0078 029B     		ldr	r3, [sp, #8]
2178:Drivers/STM32F4xx_HAL_Driver/Src/stm32f4xx_hal_sd.c **** 
 5224              		.loc 1 2178 27 view .LVU1945
 5225 007a DAB2     		uxtb	r2, r3
ARM GAS  /tmp/ccnf9wtj.s 			page 182


2178:Drivers/STM32F4xx_HAL_Driver/Src/stm32f4xx_hal_sd.c **** 
 5226              		.loc 1 2178 25 view .LVU1946
 5227 007c 2272     		strb	r2, [r4, #8]
2180:Drivers/STM32F4xx_HAL_Driver/Src/stm32f4xx_hal_sd.c **** 
 5228              		.loc 1 2180 5 is_stmt 1 view .LVU1947
2180:Drivers/STM32F4xx_HAL_Driver/Src/stm32f4xx_hal_sd.c **** 
 5229              		.loc 1 2180 32 is_stmt 0 view .LVU1948
 5230 007e C3F30722 		ubfx	r2, r3, #8, #8
2180:Drivers/STM32F4xx_HAL_Driver/Src/stm32f4xx_hal_sd.c **** 
 5231              		.loc 1 2180 30 view .LVU1949
 5232 0082 6272     		strb	r2, [r4, #9]
2182:Drivers/STM32F4xx_HAL_Driver/Src/stm32f4xx_hal_sd.c **** 
 5233              		.loc 1 2182 5 is_stmt 1 view .LVU1950
2182:Drivers/STM32F4xx_HAL_Driver/Src/stm32f4xx_hal_sd.c **** 
 5234              		.loc 1 2182 35 is_stmt 0 view .LVU1951
 5235 0084 C3F30352 		ubfx	r2, r3, #20, #4
2182:Drivers/STM32F4xx_HAL_Driver/Src/stm32f4xx_hal_sd.c **** 
 5236              		.loc 1 2182 33 view .LVU1952
 5237 0088 A272     		strb	r2, [r4, #10]
2184:Drivers/STM32F4xx_HAL_Driver/Src/stm32f4xx_hal_sd.c **** 
 5238              		.loc 1 2184 5 is_stmt 1 view .LVU1953
2184:Drivers/STM32F4xx_HAL_Driver/Src/stm32f4xx_hal_sd.c **** 
 5239              		.loc 1 2184 67 is_stmt 0 view .LVU1954
 5240 008a 1B0C     		lsrs	r3, r3, #16
2184:Drivers/STM32F4xx_HAL_Driver/Src/stm32f4xx_hal_sd.c **** 
 5241              		.loc 1 2184 87 view .LVU1955
 5242 008c 039A     		ldr	r2, [sp, #12]
2184:Drivers/STM32F4xx_HAL_Driver/Src/stm32f4xx_hal_sd.c **** 
 5243              		.loc 1 2184 91 view .LVU1956
 5244 008e D1B2     		uxtb	r1, r2
2184:Drivers/STM32F4xx_HAL_Driver/Src/stm32f4xx_hal_sd.c **** 
 5245              		.loc 1 2184 26 view .LVU1957
 5246 0090 23F0FF03 		bic	r3, r3, #255
 5247 0094 0B43     		orrs	r3, r3, r1
2184:Drivers/STM32F4xx_HAL_Driver/Src/stm32f4xx_hal_sd.c **** 
 5248              		.loc 1 2184 24 view .LVU1958
 5249 0096 A381     		strh	r3, [r4, #12]	@ movhi
2186:Drivers/STM32F4xx_HAL_Driver/Src/stm32f4xx_hal_sd.c **** 
 5250              		.loc 1 2186 5 is_stmt 1 view .LVU1959
2186:Drivers/STM32F4xx_HAL_Driver/Src/stm32f4xx_hal_sd.c **** 
 5251              		.loc 1 2186 29 is_stmt 0 view .LVU1960
 5252 0098 C2F38523 		ubfx	r3, r2, #10, #6
2186:Drivers/STM32F4xx_HAL_Driver/Src/stm32f4xx_hal_sd.c **** 
 5253              		.loc 1 2186 27 view .LVU1961
 5254 009c A373     		strb	r3, [r4, #14]
2188:Drivers/STM32F4xx_HAL_Driver/Src/stm32f4xx_hal_sd.c ****   }
 5255              		.loc 1 2188 5 is_stmt 1 view .LVU1962
2188:Drivers/STM32F4xx_HAL_Driver/Src/stm32f4xx_hal_sd.c ****   }
 5256              		.loc 1 2188 28 is_stmt 0 view .LVU1963
 5257 009e C2F30122 		ubfx	r2, r2, #8, #2
2188:Drivers/STM32F4xx_HAL_Driver/Src/stm32f4xx_hal_sd.c ****   }
 5258              		.loc 1 2188 26 view .LVU1964
 5259 00a2 E273     		strb	r2, [r4, #15]
2156:Drivers/STM32F4xx_HAL_Driver/Src/stm32f4xx_hal_sd.c **** 
 5260              		.loc 1 2156 21 view .LVU1965
 5261 00a4 0024     		movs	r4, #0
 5262              	.LVL405:
ARM GAS  /tmp/ccnf9wtj.s 			page 183


2156:Drivers/STM32F4xx_HAL_Driver/Src/stm32f4xx_hal_sd.c **** 
 5263              		.loc 1 2156 21 view .LVU1966
 5264 00a6 BCE7     		b	.L286
 5265              	.L290:
 5266              		.align	2
 5267              	.L289:
 5268 00a8 FF054000 		.word	4195839
 5269              		.cfi_endproc
 5270              	.LFE151:
 5272              		.section	.text.HAL_SD_GetCardInfo,"ax",%progbits
 5273              		.align	1
 5274              		.global	HAL_SD_GetCardInfo
 5275              		.syntax unified
 5276              		.thumb
 5277              		.thumb_func
 5279              	HAL_SD_GetCardInfo:
 5280              	.LVL406:
 5281              	.LFB152:
2213:Drivers/STM32F4xx_HAL_Driver/Src/stm32f4xx_hal_sd.c ****   pCardInfo->CardType     = (uint32_t)(hsd->SdCard.CardType);
 5282              		.loc 1 2213 1 is_stmt 1 view -0
 5283              		.cfi_startproc
 5284              		@ args = 0, pretend = 0, frame = 0
 5285              		@ frame_needed = 0, uses_anonymous_args = 0
 5286              		@ link register save eliminated.
2214:Drivers/STM32F4xx_HAL_Driver/Src/stm32f4xx_hal_sd.c ****   pCardInfo->CardVersion  = (uint32_t)(hsd->SdCard.CardVersion);
 5287              		.loc 1 2214 3 view .LVU1968
2214:Drivers/STM32F4xx_HAL_Driver/Src/stm32f4xx_hal_sd.c ****   pCardInfo->CardVersion  = (uint32_t)(hsd->SdCard.CardVersion);
 5288              		.loc 1 2214 51 is_stmt 0 view .LVU1969
 5289 0000 436C     		ldr	r3, [r0, #68]
2214:Drivers/STM32F4xx_HAL_Driver/Src/stm32f4xx_hal_sd.c ****   pCardInfo->CardVersion  = (uint32_t)(hsd->SdCard.CardVersion);
 5290              		.loc 1 2214 27 view .LVU1970
 5291 0002 0B60     		str	r3, [r1]
2215:Drivers/STM32F4xx_HAL_Driver/Src/stm32f4xx_hal_sd.c ****   pCardInfo->Class        = (uint32_t)(hsd->SdCard.Class);
 5292              		.loc 1 2215 3 is_stmt 1 view .LVU1971
2215:Drivers/STM32F4xx_HAL_Driver/Src/stm32f4xx_hal_sd.c ****   pCardInfo->Class        = (uint32_t)(hsd->SdCard.Class);
 5293              		.loc 1 2215 51 is_stmt 0 view .LVU1972
 5294 0004 836C     		ldr	r3, [r0, #72]
2215:Drivers/STM32F4xx_HAL_Driver/Src/stm32f4xx_hal_sd.c ****   pCardInfo->Class        = (uint32_t)(hsd->SdCard.Class);
 5295              		.loc 1 2215 27 view .LVU1973
 5296 0006 4B60     		str	r3, [r1, #4]
2216:Drivers/STM32F4xx_HAL_Driver/Src/stm32f4xx_hal_sd.c ****   pCardInfo->RelCardAdd   = (uint32_t)(hsd->SdCard.RelCardAdd);
 5297              		.loc 1 2216 3 is_stmt 1 view .LVU1974
2216:Drivers/STM32F4xx_HAL_Driver/Src/stm32f4xx_hal_sd.c ****   pCardInfo->RelCardAdd   = (uint32_t)(hsd->SdCard.RelCardAdd);
 5298              		.loc 1 2216 51 is_stmt 0 view .LVU1975
 5299 0008 C36C     		ldr	r3, [r0, #76]
2216:Drivers/STM32F4xx_HAL_Driver/Src/stm32f4xx_hal_sd.c ****   pCardInfo->RelCardAdd   = (uint32_t)(hsd->SdCard.RelCardAdd);
 5300              		.loc 1 2216 27 view .LVU1976
 5301 000a 8B60     		str	r3, [r1, #8]
2217:Drivers/STM32F4xx_HAL_Driver/Src/stm32f4xx_hal_sd.c ****   pCardInfo->BlockNbr     = (uint32_t)(hsd->SdCard.BlockNbr);
 5302              		.loc 1 2217 3 is_stmt 1 view .LVU1977
2217:Drivers/STM32F4xx_HAL_Driver/Src/stm32f4xx_hal_sd.c ****   pCardInfo->BlockNbr     = (uint32_t)(hsd->SdCard.BlockNbr);
 5303              		.loc 1 2217 51 is_stmt 0 view .LVU1978
 5304 000c 036D     		ldr	r3, [r0, #80]
2217:Drivers/STM32F4xx_HAL_Driver/Src/stm32f4xx_hal_sd.c ****   pCardInfo->BlockNbr     = (uint32_t)(hsd->SdCard.BlockNbr);
 5305              		.loc 1 2217 27 view .LVU1979
 5306 000e CB60     		str	r3, [r1, #12]
2218:Drivers/STM32F4xx_HAL_Driver/Src/stm32f4xx_hal_sd.c ****   pCardInfo->BlockSize    = (uint32_t)(hsd->SdCard.BlockSize);
ARM GAS  /tmp/ccnf9wtj.s 			page 184


 5307              		.loc 1 2218 3 is_stmt 1 view .LVU1980
2218:Drivers/STM32F4xx_HAL_Driver/Src/stm32f4xx_hal_sd.c ****   pCardInfo->BlockSize    = (uint32_t)(hsd->SdCard.BlockSize);
 5308              		.loc 1 2218 51 is_stmt 0 view .LVU1981
 5309 0010 436D     		ldr	r3, [r0, #84]
2218:Drivers/STM32F4xx_HAL_Driver/Src/stm32f4xx_hal_sd.c ****   pCardInfo->BlockSize    = (uint32_t)(hsd->SdCard.BlockSize);
 5310              		.loc 1 2218 27 view .LVU1982
 5311 0012 0B61     		str	r3, [r1, #16]
2219:Drivers/STM32F4xx_HAL_Driver/Src/stm32f4xx_hal_sd.c ****   pCardInfo->LogBlockNbr  = (uint32_t)(hsd->SdCard.LogBlockNbr);
 5312              		.loc 1 2219 3 is_stmt 1 view .LVU1983
2219:Drivers/STM32F4xx_HAL_Driver/Src/stm32f4xx_hal_sd.c ****   pCardInfo->LogBlockNbr  = (uint32_t)(hsd->SdCard.LogBlockNbr);
 5313              		.loc 1 2219 51 is_stmt 0 view .LVU1984
 5314 0014 836D     		ldr	r3, [r0, #88]
2219:Drivers/STM32F4xx_HAL_Driver/Src/stm32f4xx_hal_sd.c ****   pCardInfo->LogBlockNbr  = (uint32_t)(hsd->SdCard.LogBlockNbr);
 5315              		.loc 1 2219 27 view .LVU1985
 5316 0016 4B61     		str	r3, [r1, #20]
2220:Drivers/STM32F4xx_HAL_Driver/Src/stm32f4xx_hal_sd.c ****   pCardInfo->LogBlockSize = (uint32_t)(hsd->SdCard.LogBlockSize);
 5317              		.loc 1 2220 3 is_stmt 1 view .LVU1986
2220:Drivers/STM32F4xx_HAL_Driver/Src/stm32f4xx_hal_sd.c ****   pCardInfo->LogBlockSize = (uint32_t)(hsd->SdCard.LogBlockSize);
 5318              		.loc 1 2220 51 is_stmt 0 view .LVU1987
 5319 0018 C36D     		ldr	r3, [r0, #92]
2220:Drivers/STM32F4xx_HAL_Driver/Src/stm32f4xx_hal_sd.c ****   pCardInfo->LogBlockSize = (uint32_t)(hsd->SdCard.LogBlockSize);
 5320              		.loc 1 2220 27 view .LVU1988
 5321 001a 8B61     		str	r3, [r1, #24]
2221:Drivers/STM32F4xx_HAL_Driver/Src/stm32f4xx_hal_sd.c **** 
 5322              		.loc 1 2221 3 is_stmt 1 view .LVU1989
2221:Drivers/STM32F4xx_HAL_Driver/Src/stm32f4xx_hal_sd.c **** 
 5323              		.loc 1 2221 51 is_stmt 0 view .LVU1990
 5324 001c 036E     		ldr	r3, [r0, #96]
2221:Drivers/STM32F4xx_HAL_Driver/Src/stm32f4xx_hal_sd.c **** 
 5325              		.loc 1 2221 27 view .LVU1991
 5326 001e CB61     		str	r3, [r1, #28]
2223:Drivers/STM32F4xx_HAL_Driver/Src/stm32f4xx_hal_sd.c **** }
 5327              		.loc 1 2223 3 is_stmt 1 view .LVU1992
2224:Drivers/STM32F4xx_HAL_Driver/Src/stm32f4xx_hal_sd.c **** 
 5328              		.loc 1 2224 1 is_stmt 0 view .LVU1993
 5329 0020 0020     		movs	r0, #0
 5330              	.LVL407:
2224:Drivers/STM32F4xx_HAL_Driver/Src/stm32f4xx_hal_sd.c **** 
 5331              		.loc 1 2224 1 view .LVU1994
 5332 0022 7047     		bx	lr
 5333              		.cfi_endproc
 5334              	.LFE152:
 5336              		.section	.text.HAL_SD_ConfigWideBusOperation,"ax",%progbits
 5337              		.align	1
 5338              		.global	HAL_SD_ConfigWideBusOperation
 5339              		.syntax unified
 5340              		.thumb
 5341              		.thumb_func
 5343              	HAL_SD_ConfigWideBusOperation:
 5344              	.LVL408:
 5345              	.LFB153:
2238:Drivers/STM32F4xx_HAL_Driver/Src/stm32f4xx_hal_sd.c ****   SDIO_InitTypeDef Init;
 5346              		.loc 1 2238 1 is_stmt 1 view -0
 5347              		.cfi_startproc
 5348              		@ args = 0, pretend = 0, frame = 24
 5349              		@ frame_needed = 0, uses_anonymous_args = 0
2238:Drivers/STM32F4xx_HAL_Driver/Src/stm32f4xx_hal_sd.c ****   SDIO_InitTypeDef Init;
ARM GAS  /tmp/ccnf9wtj.s 			page 185


 5350              		.loc 1 2238 1 is_stmt 0 view .LVU1996
 5351 0000 30B5     		push	{r4, r5, lr}
 5352              	.LCFI66:
 5353              		.cfi_def_cfa_offset 12
 5354              		.cfi_offset 4, -12
 5355              		.cfi_offset 5, -8
 5356              		.cfi_offset 14, -4
 5357 0002 8BB0     		sub	sp, sp, #44
 5358              	.LCFI67:
 5359              		.cfi_def_cfa_offset 56
 5360 0004 0446     		mov	r4, r0
 5361 0006 0D46     		mov	r5, r1
2239:Drivers/STM32F4xx_HAL_Driver/Src/stm32f4xx_hal_sd.c ****   uint32_t errorstate;
 5362              		.loc 1 2239 3 is_stmt 1 view .LVU1997
2240:Drivers/STM32F4xx_HAL_Driver/Src/stm32f4xx_hal_sd.c ****   HAL_StatusTypeDef status = HAL_OK;
 5363              		.loc 1 2240 3 view .LVU1998
2241:Drivers/STM32F4xx_HAL_Driver/Src/stm32f4xx_hal_sd.c **** 
 5364              		.loc 1 2241 3 view .LVU1999
 5365              	.LVL409:
2244:Drivers/STM32F4xx_HAL_Driver/Src/stm32f4xx_hal_sd.c **** 
 5366              		.loc 1 2244 3 view .LVU2000
2247:Drivers/STM32F4xx_HAL_Driver/Src/stm32f4xx_hal_sd.c **** 
 5367              		.loc 1 2247 3 view .LVU2001
2247:Drivers/STM32F4xx_HAL_Driver/Src/stm32f4xx_hal_sd.c **** 
 5368              		.loc 1 2247 14 is_stmt 0 view .LVU2002
 5369 0008 0323     		movs	r3, #3
 5370 000a 80F83430 		strb	r3, [r0, #52]
2249:Drivers/STM32F4xx_HAL_Driver/Src/stm32f4xx_hal_sd.c ****   {
 5371              		.loc 1 2249 3 is_stmt 1 view .LVU2003
2249:Drivers/STM32F4xx_HAL_Driver/Src/stm32f4xx_hal_sd.c ****   {
 5372              		.loc 1 2249 17 is_stmt 0 view .LVU2004
 5373 000e 436C     		ldr	r3, [r0, #68]
2249:Drivers/STM32F4xx_HAL_Driver/Src/stm32f4xx_hal_sd.c ****   {
 5374              		.loc 1 2249 5 view .LVU2005
 5375 0010 032B     		cmp	r3, #3
 5376 0012 1CD0     		beq	.L293
2251:Drivers/STM32F4xx_HAL_Driver/Src/stm32f4xx_hal_sd.c ****     {
 5377              		.loc 1 2251 5 is_stmt 1 view .LVU2006
2251:Drivers/STM32F4xx_HAL_Driver/Src/stm32f4xx_hal_sd.c ****     {
 5378              		.loc 1 2251 7 is_stmt 0 view .LVU2007
 5379 0014 B1F5805F 		cmp	r1, #4096
 5380 0018 08D0     		beq	.L302
2255:Drivers/STM32F4xx_HAL_Driver/Src/stm32f4xx_hal_sd.c ****     {
 5381              		.loc 1 2255 10 is_stmt 1 view .LVU2008
2255:Drivers/STM32F4xx_HAL_Driver/Src/stm32f4xx_hal_sd.c ****     {
 5382              		.loc 1 2255 12 is_stmt 0 view .LVU2009
 5383 001a B1F5006F 		cmp	r1, #2048
 5384 001e 0AD0     		beq	.L303
2261:Drivers/STM32F4xx_HAL_Driver/Src/stm32f4xx_hal_sd.c ****     {
 5385              		.loc 1 2261 10 is_stmt 1 view .LVU2010
2261:Drivers/STM32F4xx_HAL_Driver/Src/stm32f4xx_hal_sd.c ****     {
 5386              		.loc 1 2261 12 is_stmt 0 view .LVU2011
 5387 0020 79B1     		cbz	r1, .L304
2270:Drivers/STM32F4xx_HAL_Driver/Src/stm32f4xx_hal_sd.c ****     }
 5388              		.loc 1 2270 7 is_stmt 1 view .LVU2012
2270:Drivers/STM32F4xx_HAL_Driver/Src/stm32f4xx_hal_sd.c ****     }
 5389              		.loc 1 2270 10 is_stmt 0 view .LVU2013
ARM GAS  /tmp/ccnf9wtj.s 			page 186


 5390 0022 836B     		ldr	r3, [r0, #56]
2270:Drivers/STM32F4xx_HAL_Driver/Src/stm32f4xx_hal_sd.c ****     }
 5391              		.loc 1 2270 22 view .LVU2014
 5392 0024 43F00063 		orr	r3, r3, #134217728
 5393 0028 8363     		str	r3, [r0, #56]
 5394 002a 14E0     		b	.L295
 5395              	.L302:
2253:Drivers/STM32F4xx_HAL_Driver/Src/stm32f4xx_hal_sd.c ****     }
 5396              		.loc 1 2253 7 is_stmt 1 view .LVU2015
2253:Drivers/STM32F4xx_HAL_Driver/Src/stm32f4xx_hal_sd.c ****     }
 5397              		.loc 1 2253 10 is_stmt 0 view .LVU2016
 5398 002c 836B     		ldr	r3, [r0, #56]
2253:Drivers/STM32F4xx_HAL_Driver/Src/stm32f4xx_hal_sd.c ****     }
 5399              		.loc 1 2253 22 view .LVU2017
 5400 002e 43F08053 		orr	r3, r3, #268435456
 5401 0032 8363     		str	r3, [r0, #56]
 5402 0034 0FE0     		b	.L295
 5403              	.L303:
2257:Drivers/STM32F4xx_HAL_Driver/Src/stm32f4xx_hal_sd.c **** 
 5404              		.loc 1 2257 7 is_stmt 1 view .LVU2018
2257:Drivers/STM32F4xx_HAL_Driver/Src/stm32f4xx_hal_sd.c **** 
 5405              		.loc 1 2257 20 is_stmt 0 view .LVU2019
 5406 0036 FFF7FEFF 		bl	SD_WideBus_Enable
 5407              	.LVL410:
2259:Drivers/STM32F4xx_HAL_Driver/Src/stm32f4xx_hal_sd.c ****     }
 5408              		.loc 1 2259 7 is_stmt 1 view .LVU2020
2259:Drivers/STM32F4xx_HAL_Driver/Src/stm32f4xx_hal_sd.c ****     }
 5409              		.loc 1 2259 10 is_stmt 0 view .LVU2021
 5410 003a A36B     		ldr	r3, [r4, #56]
2259:Drivers/STM32F4xx_HAL_Driver/Src/stm32f4xx_hal_sd.c ****     }
 5411              		.loc 1 2259 22 view .LVU2022
 5412 003c 0343     		orrs	r3, r3, r0
 5413 003e A363     		str	r3, [r4, #56]
 5414 0040 09E0     		b	.L295
 5415              	.LVL411:
 5416              	.L304:
2263:Drivers/STM32F4xx_HAL_Driver/Src/stm32f4xx_hal_sd.c **** 
 5417              		.loc 1 2263 7 is_stmt 1 view .LVU2023
2263:Drivers/STM32F4xx_HAL_Driver/Src/stm32f4xx_hal_sd.c **** 
 5418              		.loc 1 2263 20 is_stmt 0 view .LVU2024
 5419 0042 FFF7FEFF 		bl	SD_WideBus_Disable
 5420              	.LVL412:
2265:Drivers/STM32F4xx_HAL_Driver/Src/stm32f4xx_hal_sd.c ****     }
 5421              		.loc 1 2265 7 is_stmt 1 view .LVU2025
2265:Drivers/STM32F4xx_HAL_Driver/Src/stm32f4xx_hal_sd.c ****     }
 5422              		.loc 1 2265 10 is_stmt 0 view .LVU2026
 5423 0046 A36B     		ldr	r3, [r4, #56]
2265:Drivers/STM32F4xx_HAL_Driver/Src/stm32f4xx_hal_sd.c ****     }
 5424              		.loc 1 2265 22 view .LVU2027
 5425 0048 0343     		orrs	r3, r3, r0
 5426 004a A363     		str	r3, [r4, #56]
 5427 004c 03E0     		b	.L295
 5428              	.LVL413:
 5429              	.L293:
2276:Drivers/STM32F4xx_HAL_Driver/Src/stm32f4xx_hal_sd.c ****   }
 5430              		.loc 1 2276 5 is_stmt 1 view .LVU2028
2276:Drivers/STM32F4xx_HAL_Driver/Src/stm32f4xx_hal_sd.c ****   }
ARM GAS  /tmp/ccnf9wtj.s 			page 187


 5431              		.loc 1 2276 8 is_stmt 0 view .LVU2029
 5432 004e 836B     		ldr	r3, [r0, #56]
2276:Drivers/STM32F4xx_HAL_Driver/Src/stm32f4xx_hal_sd.c ****   }
 5433              		.loc 1 2276 20 view .LVU2030
 5434 0050 43F08053 		orr	r3, r3, #268435456
 5435 0054 8363     		str	r3, [r0, #56]
 5436              	.LVL414:
 5437              	.L295:
2279:Drivers/STM32F4xx_HAL_Driver/Src/stm32f4xx_hal_sd.c ****   {
 5438              		.loc 1 2279 3 is_stmt 1 view .LVU2031
2279:Drivers/STM32F4xx_HAL_Driver/Src/stm32f4xx_hal_sd.c ****   {
 5439              		.loc 1 2279 9 is_stmt 0 view .LVU2032
 5440 0056 A36B     		ldr	r3, [r4, #56]
2279:Drivers/STM32F4xx_HAL_Driver/Src/stm32f4xx_hal_sd.c ****   {
 5441              		.loc 1 2279 5 view .LVU2033
 5442 0058 C3B1     		cbz	r3, .L298
2282:Drivers/STM32F4xx_HAL_Driver/Src/stm32f4xx_hal_sd.c ****     hsd->State = HAL_SD_STATE_READY;
 5443              		.loc 1 2282 5 is_stmt 1 view .LVU2034
 5444 005a 2368     		ldr	r3, [r4]
 5445 005c 174A     		ldr	r2, .L305
 5446 005e 9A63     		str	r2, [r3, #56]
2283:Drivers/STM32F4xx_HAL_Driver/Src/stm32f4xx_hal_sd.c ****     status = HAL_ERROR;
 5447              		.loc 1 2283 5 view .LVU2035
2283:Drivers/STM32F4xx_HAL_Driver/Src/stm32f4xx_hal_sd.c ****     status = HAL_ERROR;
 5448              		.loc 1 2283 16 is_stmt 0 view .LVU2036
 5449 0060 0125     		movs	r5, #1
 5450              	.LVL415:
2283:Drivers/STM32F4xx_HAL_Driver/Src/stm32f4xx_hal_sd.c ****     status = HAL_ERROR;
 5451              		.loc 1 2283 16 view .LVU2037
 5452 0062 84F83450 		strb	r5, [r4, #52]
2284:Drivers/STM32F4xx_HAL_Driver/Src/stm32f4xx_hal_sd.c ****   }
 5453              		.loc 1 2284 5 is_stmt 1 view .LVU2038
 5454              	.LVL416:
 5455              	.L299:
2299:Drivers/STM32F4xx_HAL_Driver/Src/stm32f4xx_hal_sd.c ****   if(errorstate != HAL_SD_ERROR_NONE)
 5456              		.loc 1 2299 3 view .LVU2039
2299:Drivers/STM32F4xx_HAL_Driver/Src/stm32f4xx_hal_sd.c ****   if(errorstate != HAL_SD_ERROR_NONE)
 5457              		.loc 1 2299 16 is_stmt 0 view .LVU2040
 5458 0066 4FF40071 		mov	r1, #512
 5459 006a 2068     		ldr	r0, [r4]
 5460 006c FFF7FEFF 		bl	SDMMC_CmdBlockLength
 5461              	.LVL417:
2300:Drivers/STM32F4xx_HAL_Driver/Src/stm32f4xx_hal_sd.c ****   {
 5462              		.loc 1 2300 3 is_stmt 1 view .LVU2041
2300:Drivers/STM32F4xx_HAL_Driver/Src/stm32f4xx_hal_sd.c ****   {
 5463              		.loc 1 2300 5 is_stmt 0 view .LVU2042
 5464 0070 30B1     		cbz	r0, .L300
2303:Drivers/STM32F4xx_HAL_Driver/Src/stm32f4xx_hal_sd.c ****     hsd->ErrorCode |= errorstate;
 5465              		.loc 1 2303 5 is_stmt 1 view .LVU2043
 5466 0072 2368     		ldr	r3, [r4]
 5467 0074 1149     		ldr	r1, .L305
 5468 0076 9963     		str	r1, [r3, #56]
2304:Drivers/STM32F4xx_HAL_Driver/Src/stm32f4xx_hal_sd.c ****     status = HAL_ERROR;
 5469              		.loc 1 2304 5 view .LVU2044
2304:Drivers/STM32F4xx_HAL_Driver/Src/stm32f4xx_hal_sd.c ****     status = HAL_ERROR;
 5470              		.loc 1 2304 8 is_stmt 0 view .LVU2045
 5471 0078 A36B     		ldr	r3, [r4, #56]
ARM GAS  /tmp/ccnf9wtj.s 			page 188


2304:Drivers/STM32F4xx_HAL_Driver/Src/stm32f4xx_hal_sd.c ****     status = HAL_ERROR;
 5472              		.loc 1 2304 20 view .LVU2046
 5473 007a 0343     		orrs	r3, r3, r0
 5474 007c A363     		str	r3, [r4, #56]
2305:Drivers/STM32F4xx_HAL_Driver/Src/stm32f4xx_hal_sd.c ****   }
 5475              		.loc 1 2305 5 is_stmt 1 view .LVU2047
 5476              	.LVL418:
2305:Drivers/STM32F4xx_HAL_Driver/Src/stm32f4xx_hal_sd.c ****   }
 5477              		.loc 1 2305 12 is_stmt 0 view .LVU2048
 5478 007e 0125     		movs	r5, #1
 5479              	.LVL419:
 5480              	.L300:
2309:Drivers/STM32F4xx_HAL_Driver/Src/stm32f4xx_hal_sd.c **** 
 5481              		.loc 1 2309 3 is_stmt 1 view .LVU2049
2309:Drivers/STM32F4xx_HAL_Driver/Src/stm32f4xx_hal_sd.c **** 
 5482              		.loc 1 2309 14 is_stmt 0 view .LVU2050
 5483 0080 0123     		movs	r3, #1
 5484 0082 84F83430 		strb	r3, [r4, #52]
2311:Drivers/STM32F4xx_HAL_Driver/Src/stm32f4xx_hal_sd.c **** }
 5485              		.loc 1 2311 3 is_stmt 1 view .LVU2051
2312:Drivers/STM32F4xx_HAL_Driver/Src/stm32f4xx_hal_sd.c **** 
 5486              		.loc 1 2312 1 is_stmt 0 view .LVU2052
 5487 0086 2846     		mov	r0, r5
 5488              	.LVL420:
2312:Drivers/STM32F4xx_HAL_Driver/Src/stm32f4xx_hal_sd.c **** 
 5489              		.loc 1 2312 1 view .LVU2053
 5490 0088 0BB0     		add	sp, sp, #44
 5491              	.LCFI68:
 5492              		.cfi_remember_state
 5493              		.cfi_def_cfa_offset 12
 5494              		@ sp needed
 5495 008a 30BD     		pop	{r4, r5, pc}
 5496              	.LVL421:
 5497              	.L298:
 5498              	.LCFI69:
 5499              		.cfi_restore_state
2289:Drivers/STM32F4xx_HAL_Driver/Src/stm32f4xx_hal_sd.c ****     Init.ClockBypass         = hsd->Init.ClockBypass;
 5500              		.loc 1 2289 5 is_stmt 1 view .LVU2054
2289:Drivers/STM32F4xx_HAL_Driver/Src/stm32f4xx_hal_sd.c ****     Init.ClockBypass         = hsd->Init.ClockBypass;
 5501              		.loc 1 2289 41 is_stmt 0 view .LVU2055
 5502 008c 6368     		ldr	r3, [r4, #4]
2289:Drivers/STM32F4xx_HAL_Driver/Src/stm32f4xx_hal_sd.c ****     Init.ClockBypass         = hsd->Init.ClockBypass;
 5503              		.loc 1 2289 30 view .LVU2056
 5504 008e 0493     		str	r3, [sp, #16]
2290:Drivers/STM32F4xx_HAL_Driver/Src/stm32f4xx_hal_sd.c ****     Init.ClockPowerSave      = hsd->Init.ClockPowerSave;
 5505              		.loc 1 2290 5 is_stmt 1 view .LVU2057
2290:Drivers/STM32F4xx_HAL_Driver/Src/stm32f4xx_hal_sd.c ****     Init.ClockPowerSave      = hsd->Init.ClockPowerSave;
 5506              		.loc 1 2290 41 is_stmt 0 view .LVU2058
 5507 0090 A368     		ldr	r3, [r4, #8]
2290:Drivers/STM32F4xx_HAL_Driver/Src/stm32f4xx_hal_sd.c ****     Init.ClockPowerSave      = hsd->Init.ClockPowerSave;
 5508              		.loc 1 2290 30 view .LVU2059
 5509 0092 0593     		str	r3, [sp, #20]
2291:Drivers/STM32F4xx_HAL_Driver/Src/stm32f4xx_hal_sd.c ****     Init.BusWide             = WideMode;
 5510              		.loc 1 2291 5 is_stmt 1 view .LVU2060
2291:Drivers/STM32F4xx_HAL_Driver/Src/stm32f4xx_hal_sd.c ****     Init.BusWide             = WideMode;
 5511              		.loc 1 2291 41 is_stmt 0 view .LVU2061
 5512 0094 E368     		ldr	r3, [r4, #12]
ARM GAS  /tmp/ccnf9wtj.s 			page 189


2291:Drivers/STM32F4xx_HAL_Driver/Src/stm32f4xx_hal_sd.c ****     Init.BusWide             = WideMode;
 5513              		.loc 1 2291 30 view .LVU2062
 5514 0096 0693     		str	r3, [sp, #24]
2292:Drivers/STM32F4xx_HAL_Driver/Src/stm32f4xx_hal_sd.c ****     Init.HardwareFlowControl = hsd->Init.HardwareFlowControl;
 5515              		.loc 1 2292 5 is_stmt 1 view .LVU2063
2292:Drivers/STM32F4xx_HAL_Driver/Src/stm32f4xx_hal_sd.c ****     Init.HardwareFlowControl = hsd->Init.HardwareFlowControl;
 5516              		.loc 1 2292 30 is_stmt 0 view .LVU2064
 5517 0098 0795     		str	r5, [sp, #28]
2293:Drivers/STM32F4xx_HAL_Driver/Src/stm32f4xx_hal_sd.c ****     Init.ClockDiv            = hsd->Init.ClockDiv;
 5518              		.loc 1 2293 5 is_stmt 1 view .LVU2065
2293:Drivers/STM32F4xx_HAL_Driver/Src/stm32f4xx_hal_sd.c ****     Init.ClockDiv            = hsd->Init.ClockDiv;
 5519              		.loc 1 2293 41 is_stmt 0 view .LVU2066
 5520 009a 6369     		ldr	r3, [r4, #20]
2293:Drivers/STM32F4xx_HAL_Driver/Src/stm32f4xx_hal_sd.c ****     Init.ClockDiv            = hsd->Init.ClockDiv;
 5521              		.loc 1 2293 30 view .LVU2067
 5522 009c 0893     		str	r3, [sp, #32]
2294:Drivers/STM32F4xx_HAL_Driver/Src/stm32f4xx_hal_sd.c ****     (void)SDIO_Init(hsd->Instance, Init);
 5523              		.loc 1 2294 5 is_stmt 1 view .LVU2068
2294:Drivers/STM32F4xx_HAL_Driver/Src/stm32f4xx_hal_sd.c ****     (void)SDIO_Init(hsd->Instance, Init);
 5524              		.loc 1 2294 41 is_stmt 0 view .LVU2069
 5525 009e A369     		ldr	r3, [r4, #24]
2294:Drivers/STM32F4xx_HAL_Driver/Src/stm32f4xx_hal_sd.c ****     (void)SDIO_Init(hsd->Instance, Init);
 5526              		.loc 1 2294 30 view .LVU2070
 5527 00a0 0993     		str	r3, [sp, #36]
2295:Drivers/STM32F4xx_HAL_Driver/Src/stm32f4xx_hal_sd.c ****   }
 5528              		.loc 1 2295 5 is_stmt 1 view .LVU2071
2295:Drivers/STM32F4xx_HAL_Driver/Src/stm32f4xx_hal_sd.c ****   }
 5529              		.loc 1 2295 11 is_stmt 0 view .LVU2072
 5530 00a2 0AAB     		add	r3, sp, #40
 5531 00a4 13E90700 		ldmdb	r3, {r0, r1, r2}
 5532 00a8 8DE80700 		stm	sp, {r0, r1, r2}
 5533 00ac 04AB     		add	r3, sp, #16
 5534 00ae 0ECB     		ldm	r3, {r1, r2, r3}
 5535 00b0 2068     		ldr	r0, [r4]
 5536 00b2 FFF7FEFF 		bl	SDIO_Init
 5537              	.LVL422:
2241:Drivers/STM32F4xx_HAL_Driver/Src/stm32f4xx_hal_sd.c **** 
 5538              		.loc 1 2241 21 view .LVU2073
 5539 00b6 0025     		movs	r5, #0
 5540              	.LVL423:
2241:Drivers/STM32F4xx_HAL_Driver/Src/stm32f4xx_hal_sd.c **** 
 5541              		.loc 1 2241 21 view .LVU2074
 5542 00b8 D5E7     		b	.L299
 5543              	.L306:
 5544 00ba 00BF     		.align	2
 5545              	.L305:
 5546 00bc FF054000 		.word	4195839
 5547              		.cfi_endproc
 5548              	.LFE153:
 5550              		.section	.text.HAL_SD_GetCardState,"ax",%progbits
 5551              		.align	1
 5552              		.global	HAL_SD_GetCardState
 5553              		.syntax unified
 5554              		.thumb
 5555              		.thumb_func
 5557              	HAL_SD_GetCardState:
 5558              	.LVL424:
ARM GAS  /tmp/ccnf9wtj.s 			page 190


 5559              	.LFB154:
2320:Drivers/STM32F4xx_HAL_Driver/Src/stm32f4xx_hal_sd.c ****   uint32_t cardstate;
 5560              		.loc 1 2320 1 is_stmt 1 view -0
 5561              		.cfi_startproc
 5562              		@ args = 0, pretend = 0, frame = 8
 5563              		@ frame_needed = 0, uses_anonymous_args = 0
2320:Drivers/STM32F4xx_HAL_Driver/Src/stm32f4xx_hal_sd.c ****   uint32_t cardstate;
 5564              		.loc 1 2320 1 is_stmt 0 view .LVU2076
 5565 0000 10B5     		push	{r4, lr}
 5566              	.LCFI70:
 5567              		.cfi_def_cfa_offset 8
 5568              		.cfi_offset 4, -8
 5569              		.cfi_offset 14, -4
 5570 0002 82B0     		sub	sp, sp, #8
 5571              	.LCFI71:
 5572              		.cfi_def_cfa_offset 16
 5573 0004 0446     		mov	r4, r0
2321:Drivers/STM32F4xx_HAL_Driver/Src/stm32f4xx_hal_sd.c ****   uint32_t errorstate;
 5574              		.loc 1 2321 3 is_stmt 1 view .LVU2077
2322:Drivers/STM32F4xx_HAL_Driver/Src/stm32f4xx_hal_sd.c ****   uint32_t resp1 = 0;
 5575              		.loc 1 2322 3 view .LVU2078
2323:Drivers/STM32F4xx_HAL_Driver/Src/stm32f4xx_hal_sd.c **** 
 5576              		.loc 1 2323 3 view .LVU2079
2323:Drivers/STM32F4xx_HAL_Driver/Src/stm32f4xx_hal_sd.c **** 
 5577              		.loc 1 2323 12 is_stmt 0 view .LVU2080
 5578 0006 0023     		movs	r3, #0
 5579 0008 0193     		str	r3, [sp, #4]
2325:Drivers/STM32F4xx_HAL_Driver/Src/stm32f4xx_hal_sd.c ****   if(errorstate != HAL_SD_ERROR_NONE)
 5580              		.loc 1 2325 3 is_stmt 1 view .LVU2081
2325:Drivers/STM32F4xx_HAL_Driver/Src/stm32f4xx_hal_sd.c ****   if(errorstate != HAL_SD_ERROR_NONE)
 5581              		.loc 1 2325 16 is_stmt 0 view .LVU2082
 5582 000a 01A9     		add	r1, sp, #4
 5583 000c FFF7FEFF 		bl	SD_SendStatus
 5584              	.LVL425:
2326:Drivers/STM32F4xx_HAL_Driver/Src/stm32f4xx_hal_sd.c ****   {
 5585              		.loc 1 2326 3 is_stmt 1 view .LVU2083
2326:Drivers/STM32F4xx_HAL_Driver/Src/stm32f4xx_hal_sd.c ****   {
 5586              		.loc 1 2326 5 is_stmt 0 view .LVU2084
 5587 0010 10B1     		cbz	r0, .L308
2328:Drivers/STM32F4xx_HAL_Driver/Src/stm32f4xx_hal_sd.c ****   }
 5588              		.loc 1 2328 5 is_stmt 1 view .LVU2085
2328:Drivers/STM32F4xx_HAL_Driver/Src/stm32f4xx_hal_sd.c ****   }
 5589              		.loc 1 2328 8 is_stmt 0 view .LVU2086
 5590 0012 A36B     		ldr	r3, [r4, #56]
2328:Drivers/STM32F4xx_HAL_Driver/Src/stm32f4xx_hal_sd.c ****   }
 5591              		.loc 1 2328 20 view .LVU2087
 5592 0014 0343     		orrs	r3, r3, r0
 5593 0016 A363     		str	r3, [r4, #56]
 5594              	.L308:
2331:Drivers/STM32F4xx_HAL_Driver/Src/stm32f4xx_hal_sd.c **** 
 5595              		.loc 1 2331 3 is_stmt 1 view .LVU2088
 5596              	.LVL426:
2333:Drivers/STM32F4xx_HAL_Driver/Src/stm32f4xx_hal_sd.c **** }
 5597              		.loc 1 2333 3 view .LVU2089
2334:Drivers/STM32F4xx_HAL_Driver/Src/stm32f4xx_hal_sd.c **** 
 5598              		.loc 1 2334 1 is_stmt 0 view .LVU2090
 5599 0018 0198     		ldr	r0, [sp, #4]
ARM GAS  /tmp/ccnf9wtj.s 			page 191


 5600              	.LVL427:
2334:Drivers/STM32F4xx_HAL_Driver/Src/stm32f4xx_hal_sd.c **** 
 5601              		.loc 1 2334 1 view .LVU2091
 5602 001a C0F34320 		ubfx	r0, r0, #9, #4
 5603              	.LVL428:
2334:Drivers/STM32F4xx_HAL_Driver/Src/stm32f4xx_hal_sd.c **** 
 5604              		.loc 1 2334 1 view .LVU2092
 5605 001e 02B0     		add	sp, sp, #8
 5606              	.LCFI72:
 5607              		.cfi_def_cfa_offset 8
 5608              		@ sp needed
 5609 0020 10BD     		pop	{r4, pc}
2334:Drivers/STM32F4xx_HAL_Driver/Src/stm32f4xx_hal_sd.c **** 
 5610              		.loc 1 2334 1 view .LVU2093
 5611              		.cfi_endproc
 5612              	.LFE154:
 5614              		.section	.text.SD_DMAError,"ax",%progbits
 5615              		.align	1
 5616              		.syntax unified
 5617              		.thumb
 5618              		.thumb_func
 5620              	SD_DMAError:
 5621              	.LVL429:
 5622              	.LFB159:
2549:Drivers/STM32F4xx_HAL_Driver/Src/stm32f4xx_hal_sd.c ****   SD_HandleTypeDef* hsd = (SD_HandleTypeDef* )(hdma->Parent);
 5623              		.loc 1 2549 1 is_stmt 1 view -0
 5624              		.cfi_startproc
 5625              		@ args = 0, pretend = 0, frame = 0
 5626              		@ frame_needed = 0, uses_anonymous_args = 0
2549:Drivers/STM32F4xx_HAL_Driver/Src/stm32f4xx_hal_sd.c ****   SD_HandleTypeDef* hsd = (SD_HandleTypeDef* )(hdma->Parent);
 5627              		.loc 1 2549 1 is_stmt 0 view .LVU2095
 5628 0000 10B5     		push	{r4, lr}
 5629              	.LCFI73:
 5630              		.cfi_def_cfa_offset 8
 5631              		.cfi_offset 4, -8
 5632              		.cfi_offset 14, -4
2550:Drivers/STM32F4xx_HAL_Driver/Src/stm32f4xx_hal_sd.c ****   HAL_SD_CardStateTypeDef CardState;
 5633              		.loc 1 2550 3 is_stmt 1 view .LVU2096
2550:Drivers/STM32F4xx_HAL_Driver/Src/stm32f4xx_hal_sd.c ****   HAL_SD_CardStateTypeDef CardState;
 5634              		.loc 1 2550 21 is_stmt 0 view .LVU2097
 5635 0002 846B     		ldr	r4, [r0, #56]
 5636              	.LVL430:
2551:Drivers/STM32F4xx_HAL_Driver/Src/stm32f4xx_hal_sd.c ****   uint32_t RxErrorCode, TxErrorCode;
 5637              		.loc 1 2551 3 is_stmt 1 view .LVU2098
2552:Drivers/STM32F4xx_HAL_Driver/Src/stm32f4xx_hal_sd.c **** 
 5638              		.loc 1 2552 3 view .LVU2099
2555:Drivers/STM32F4xx_HAL_Driver/Src/stm32f4xx_hal_sd.c ****   {
 5639              		.loc 1 2555 3 view .LVU2100
2555:Drivers/STM32F4xx_HAL_Driver/Src/stm32f4xx_hal_sd.c ****   {
 5640              		.loc 1 2555 6 is_stmt 0 view .LVU2101
 5641 0004 FFF7FEFF 		bl	HAL_DMA_GetError
 5642              	.LVL431:
2555:Drivers/STM32F4xx_HAL_Driver/Src/stm32f4xx_hal_sd.c ****   {
 5643              		.loc 1 2555 5 discriminator 1 view .LVU2102
 5644 0008 0228     		cmp	r0, #2
 5645 000a 0AD0     		beq	.L310
2557:Drivers/STM32F4xx_HAL_Driver/Src/stm32f4xx_hal_sd.c ****     TxErrorCode = hsd->hdmatx->ErrorCode;  
ARM GAS  /tmp/ccnf9wtj.s 			page 192


 5646              		.loc 1 2557 5 is_stmt 1 view .LVU2103
2557:Drivers/STM32F4xx_HAL_Driver/Src/stm32f4xx_hal_sd.c ****     TxErrorCode = hsd->hdmatx->ErrorCode;  
 5647              		.loc 1 2557 22 is_stmt 0 view .LVU2104
 5648 000c 236C     		ldr	r3, [r4, #64]
2557:Drivers/STM32F4xx_HAL_Driver/Src/stm32f4xx_hal_sd.c ****     TxErrorCode = hsd->hdmatx->ErrorCode;  
 5649              		.loc 1 2557 17 view .LVU2105
 5650 000e 5B6D     		ldr	r3, [r3, #84]
 5651              	.LVL432:
2558:Drivers/STM32F4xx_HAL_Driver/Src/stm32f4xx_hal_sd.c ****     if((RxErrorCode == HAL_DMA_ERROR_TE) || (TxErrorCode == HAL_DMA_ERROR_TE))
 5652              		.loc 1 2558 5 is_stmt 1 view .LVU2106
2558:Drivers/STM32F4xx_HAL_Driver/Src/stm32f4xx_hal_sd.c ****     if((RxErrorCode == HAL_DMA_ERROR_TE) || (TxErrorCode == HAL_DMA_ERROR_TE))
 5653              		.loc 1 2558 22 is_stmt 0 view .LVU2107
 5654 0010 E26B     		ldr	r2, [r4, #60]
2558:Drivers/STM32F4xx_HAL_Driver/Src/stm32f4xx_hal_sd.c ****     if((RxErrorCode == HAL_DMA_ERROR_TE) || (TxErrorCode == HAL_DMA_ERROR_TE))
 5655              		.loc 1 2558 17 view .LVU2108
 5656 0012 526D     		ldr	r2, [r2, #84]
 5657              	.LVL433:
2559:Drivers/STM32F4xx_HAL_Driver/Src/stm32f4xx_hal_sd.c ****     {
 5658              		.loc 1 2559 5 is_stmt 1 view .LVU2109
2559:Drivers/STM32F4xx_HAL_Driver/Src/stm32f4xx_hal_sd.c ****     {
 5659              		.loc 1 2559 7 is_stmt 0 view .LVU2110
 5660 0014 012B     		cmp	r3, #1
 5661 0016 05D0     		beq	.L312
2559:Drivers/STM32F4xx_HAL_Driver/Src/stm32f4xx_hal_sd.c ****     {
 5662              		.loc 1 2559 42 discriminator 1 view .LVU2111
 5663 0018 012A     		cmp	r2, #1
 5664 001a 03D0     		beq	.L312
 5665              	.LVL434:
 5666              	.L313:
2582:Drivers/STM32F4xx_HAL_Driver/Src/stm32f4xx_hal_sd.c **** #endif
 5667              		.loc 1 2582 5 is_stmt 1 view .LVU2112
 5668 001c 2046     		mov	r0, r4
 5669 001e FFF7FEFF 		bl	HAL_SD_ErrorCallback
 5670              	.LVL435:
 5671              	.L310:
2585:Drivers/STM32F4xx_HAL_Driver/Src/stm32f4xx_hal_sd.c **** 
 5672              		.loc 1 2585 1 is_stmt 0 view .LVU2113
 5673 0022 10BD     		pop	{r4, pc}
 5674              	.LVL436:
 5675              	.L312:
2562:Drivers/STM32F4xx_HAL_Driver/Src/stm32f4xx_hal_sd.c **** 
 5676              		.loc 1 2562 7 is_stmt 1 view .LVU2114
 5677 0024 2368     		ldr	r3, [r4]
 5678              	.LVL437:
2562:Drivers/STM32F4xx_HAL_Driver/Src/stm32f4xx_hal_sd.c **** 
 5679              		.loc 1 2562 7 is_stmt 0 view .LVU2115
 5680 0026 0F4A     		ldr	r2, .L317
 5681              	.LVL438:
2562:Drivers/STM32F4xx_HAL_Driver/Src/stm32f4xx_hal_sd.c **** 
 5682              		.loc 1 2562 7 view .LVU2116
 5683 0028 9A63     		str	r2, [r3, #56]
2565:Drivers/STM32F4xx_HAL_Driver/Src/stm32f4xx_hal_sd.c ****         SDIO_IT_TXUNDERR| SDIO_IT_RXOVERR);
 5684              		.loc 1 2565 7 is_stmt 1 view .LVU2117
 5685 002a 2268     		ldr	r2, [r4]
 5686 002c D36B     		ldr	r3, [r2, #60]
 5687 002e 23F49D73 		bic	r3, r3, #314
 5688 0032 D363     		str	r3, [r2, #60]
ARM GAS  /tmp/ccnf9wtj.s 			page 193


2568:Drivers/STM32F4xx_HAL_Driver/Src/stm32f4xx_hal_sd.c ****       CardState = HAL_SD_GetCardState(hsd);
 5689              		.loc 1 2568 7 view .LVU2118
2568:Drivers/STM32F4xx_HAL_Driver/Src/stm32f4xx_hal_sd.c ****       CardState = HAL_SD_GetCardState(hsd);
 5690              		.loc 1 2568 10 is_stmt 0 view .LVU2119
 5691 0034 A36B     		ldr	r3, [r4, #56]
2568:Drivers/STM32F4xx_HAL_Driver/Src/stm32f4xx_hal_sd.c ****       CardState = HAL_SD_GetCardState(hsd);
 5692              		.loc 1 2568 22 view .LVU2120
 5693 0036 43F08043 		orr	r3, r3, #1073741824
 5694 003a A363     		str	r3, [r4, #56]
2569:Drivers/STM32F4xx_HAL_Driver/Src/stm32f4xx_hal_sd.c ****       if((CardState == HAL_SD_CARD_RECEIVING) || (CardState == HAL_SD_CARD_SENDING))
 5695              		.loc 1 2569 7 is_stmt 1 view .LVU2121
2569:Drivers/STM32F4xx_HAL_Driver/Src/stm32f4xx_hal_sd.c ****       if((CardState == HAL_SD_CARD_RECEIVING) || (CardState == HAL_SD_CARD_SENDING))
 5696              		.loc 1 2569 19 is_stmt 0 view .LVU2122
 5697 003c 2046     		mov	r0, r4
 5698 003e FFF7FEFF 		bl	HAL_SD_GetCardState
 5699              	.LVL439:
2570:Drivers/STM32F4xx_HAL_Driver/Src/stm32f4xx_hal_sd.c ****       {
 5700              		.loc 1 2570 7 is_stmt 1 view .LVU2123
2570:Drivers/STM32F4xx_HAL_Driver/Src/stm32f4xx_hal_sd.c ****       {
 5701              		.loc 1 2570 47 is_stmt 0 view .LVU2124
 5702 0042 0538     		subs	r0, r0, #5
 5703              	.LVL440:
2570:Drivers/STM32F4xx_HAL_Driver/Src/stm32f4xx_hal_sd.c ****       {
 5704              		.loc 1 2570 9 view .LVU2125
 5705 0044 0128     		cmp	r0, #1
 5706 0046 05D9     		bls	.L316
 5707              	.LVL441:
 5708              	.L314:
2575:Drivers/STM32F4xx_HAL_Driver/Src/stm32f4xx_hal_sd.c ****       hsd->Context = SD_CONTEXT_NONE;
 5709              		.loc 1 2575 7 is_stmt 1 view .LVU2126
2575:Drivers/STM32F4xx_HAL_Driver/Src/stm32f4xx_hal_sd.c ****       hsd->Context = SD_CONTEXT_NONE;
 5710              		.loc 1 2575 17 is_stmt 0 view .LVU2127
 5711 0048 0123     		movs	r3, #1
 5712 004a 84F83430 		strb	r3, [r4, #52]
2576:Drivers/STM32F4xx_HAL_Driver/Src/stm32f4xx_hal_sd.c ****     }
 5713              		.loc 1 2576 7 is_stmt 1 view .LVU2128
2576:Drivers/STM32F4xx_HAL_Driver/Src/stm32f4xx_hal_sd.c ****     }
 5714              		.loc 1 2576 20 is_stmt 0 view .LVU2129
 5715 004e 0023     		movs	r3, #0
 5716 0050 2363     		str	r3, [r4, #48]
 5717 0052 E3E7     		b	.L313
 5718              	.LVL442:
 5719              	.L316:
2572:Drivers/STM32F4xx_HAL_Driver/Src/stm32f4xx_hal_sd.c ****       }
 5720              		.loc 1 2572 9 is_stmt 1 view .LVU2130
2572:Drivers/STM32F4xx_HAL_Driver/Src/stm32f4xx_hal_sd.c ****       }
 5721              		.loc 1 2572 27 is_stmt 0 view .LVU2131
 5722 0054 2068     		ldr	r0, [r4]
 5723              	.LVL443:
2572:Drivers/STM32F4xx_HAL_Driver/Src/stm32f4xx_hal_sd.c ****       }
 5724              		.loc 1 2572 27 view .LVU2132
 5725 0056 FFF7FEFF 		bl	SDMMC_CmdStopTransfer
 5726              	.LVL444:
2572:Drivers/STM32F4xx_HAL_Driver/Src/stm32f4xx_hal_sd.c ****       }
 5727              		.loc 1 2572 12 discriminator 1 view .LVU2133
 5728 005a A36B     		ldr	r3, [r4, #56]
2572:Drivers/STM32F4xx_HAL_Driver/Src/stm32f4xx_hal_sd.c ****       }
ARM GAS  /tmp/ccnf9wtj.s 			page 194


 5729              		.loc 1 2572 24 discriminator 1 view .LVU2134
 5730 005c 0343     		orrs	r3, r3, r0
 5731 005e A363     		str	r3, [r4, #56]
 5732 0060 F2E7     		b	.L314
 5733              	.L318:
 5734 0062 00BF     		.align	2
 5735              	.L317:
 5736 0064 FF054000 		.word	4195839
 5737              		.cfi_endproc
 5738              	.LFE159:
 5740              		.section	.text.SD_DMATxAbort,"ax",%progbits
 5741              		.align	1
 5742              		.syntax unified
 5743              		.thumb
 5744              		.thumb_func
 5746              	SD_DMATxAbort:
 5747              	.LVL445:
 5748              	.LFB160:
2593:Drivers/STM32F4xx_HAL_Driver/Src/stm32f4xx_hal_sd.c ****   SD_HandleTypeDef* hsd = (SD_HandleTypeDef* )(hdma->Parent);
 5749              		.loc 1 2593 1 is_stmt 1 view -0
 5750              		.cfi_startproc
 5751              		@ args = 0, pretend = 0, frame = 0
 5752              		@ frame_needed = 0, uses_anonymous_args = 0
2593:Drivers/STM32F4xx_HAL_Driver/Src/stm32f4xx_hal_sd.c ****   SD_HandleTypeDef* hsd = (SD_HandleTypeDef* )(hdma->Parent);
 5753              		.loc 1 2593 1 is_stmt 0 view .LVU2136
 5754 0000 10B5     		push	{r4, lr}
 5755              	.LCFI74:
 5756              		.cfi_def_cfa_offset 8
 5757              		.cfi_offset 4, -8
 5758              		.cfi_offset 14, -4
2594:Drivers/STM32F4xx_HAL_Driver/Src/stm32f4xx_hal_sd.c ****   HAL_SD_CardStateTypeDef CardState;
 5759              		.loc 1 2594 3 is_stmt 1 view .LVU2137
2594:Drivers/STM32F4xx_HAL_Driver/Src/stm32f4xx_hal_sd.c ****   HAL_SD_CardStateTypeDef CardState;
 5760              		.loc 1 2594 21 is_stmt 0 view .LVU2138
 5761 0002 846B     		ldr	r4, [r0, #56]
 5762              	.LVL446:
2595:Drivers/STM32F4xx_HAL_Driver/Src/stm32f4xx_hal_sd.c **** 
 5763              		.loc 1 2595 3 is_stmt 1 view .LVU2139
2598:Drivers/STM32F4xx_HAL_Driver/Src/stm32f4xx_hal_sd.c **** 
 5764              		.loc 1 2598 3 view .LVU2140
 5765 0004 2368     		ldr	r3, [r4]
 5766 0006 40F23A52 		movw	r2, #1338
 5767 000a 9A63     		str	r2, [r3, #56]
2600:Drivers/STM32F4xx_HAL_Driver/Src/stm32f4xx_hal_sd.c ****   hsd->State = HAL_SD_STATE_READY;
 5768              		.loc 1 2600 3 view .LVU2141
2600:Drivers/STM32F4xx_HAL_Driver/Src/stm32f4xx_hal_sd.c ****   hsd->State = HAL_SD_STATE_READY;
 5769              		.loc 1 2600 15 is_stmt 0 view .LVU2142
 5770 000c 2046     		mov	r0, r4
 5771              	.LVL447:
2600:Drivers/STM32F4xx_HAL_Driver/Src/stm32f4xx_hal_sd.c ****   hsd->State = HAL_SD_STATE_READY;
 5772              		.loc 1 2600 15 view .LVU2143
 5773 000e FFF7FEFF 		bl	HAL_SD_GetCardState
 5774              	.LVL448:
2601:Drivers/STM32F4xx_HAL_Driver/Src/stm32f4xx_hal_sd.c ****   hsd->Context = SD_CONTEXT_NONE;
 5775              		.loc 1 2601 3 is_stmt 1 view .LVU2144
2601:Drivers/STM32F4xx_HAL_Driver/Src/stm32f4xx_hal_sd.c ****   hsd->Context = SD_CONTEXT_NONE;
 5776              		.loc 1 2601 14 is_stmt 0 view .LVU2145
ARM GAS  /tmp/ccnf9wtj.s 			page 195


 5777 0012 0123     		movs	r3, #1
 5778 0014 84F83430 		strb	r3, [r4, #52]
2602:Drivers/STM32F4xx_HAL_Driver/Src/stm32f4xx_hal_sd.c ****   if((CardState == HAL_SD_CARD_RECEIVING) || (CardState == HAL_SD_CARD_SENDING))
 5779              		.loc 1 2602 3 is_stmt 1 view .LVU2146
2602:Drivers/STM32F4xx_HAL_Driver/Src/stm32f4xx_hal_sd.c ****   if((CardState == HAL_SD_CARD_RECEIVING) || (CardState == HAL_SD_CARD_SENDING))
 5780              		.loc 1 2602 16 is_stmt 0 view .LVU2147
 5781 0018 0023     		movs	r3, #0
 5782 001a 2363     		str	r3, [r4, #48]
2603:Drivers/STM32F4xx_HAL_Driver/Src/stm32f4xx_hal_sd.c ****   {
 5783              		.loc 1 2603 3 is_stmt 1 view .LVU2148
2603:Drivers/STM32F4xx_HAL_Driver/Src/stm32f4xx_hal_sd.c ****   {
 5784              		.loc 1 2603 43 is_stmt 0 view .LVU2149
 5785 001c 0538     		subs	r0, r0, #5
 5786              	.LVL449:
2603:Drivers/STM32F4xx_HAL_Driver/Src/stm32f4xx_hal_sd.c ****   {
 5787              		.loc 1 2603 5 view .LVU2150
 5788 001e 0128     		cmp	r0, #1
 5789 0020 05D9     		bls	.L324
 5790              	.LVL450:
 5791              	.L320:
2608:Drivers/STM32F4xx_HAL_Driver/Src/stm32f4xx_hal_sd.c ****   {
 5792              		.loc 1 2608 3 is_stmt 1 view .LVU2151
2608:Drivers/STM32F4xx_HAL_Driver/Src/stm32f4xx_hal_sd.c ****   {
 5793              		.loc 1 2608 9 is_stmt 0 view .LVU2152
 5794 0022 A36B     		ldr	r3, [r4, #56]
2608:Drivers/STM32F4xx_HAL_Driver/Src/stm32f4xx_hal_sd.c ****   {
 5795              		.loc 1 2608 5 view .LVU2153
 5796 0024 53B9     		cbnz	r3, .L321
2613:Drivers/STM32F4xx_HAL_Driver/Src/stm32f4xx_hal_sd.c **** #endif
 5797              		.loc 1 2613 5 is_stmt 1 view .LVU2154
 5798 0026 2046     		mov	r0, r4
 5799 0028 FFF7FEFF 		bl	HAL_SD_AbortCallback
 5800              	.LVL451:
 5801              	.L319:
2624:Drivers/STM32F4xx_HAL_Driver/Src/stm32f4xx_hal_sd.c **** 
 5802              		.loc 1 2624 1 is_stmt 0 view .LVU2155
 5803 002c 10BD     		pop	{r4, pc}
 5804              	.LVL452:
 5805              	.L324:
2605:Drivers/STM32F4xx_HAL_Driver/Src/stm32f4xx_hal_sd.c ****   }
 5806              		.loc 1 2605 5 is_stmt 1 view .LVU2156
2605:Drivers/STM32F4xx_HAL_Driver/Src/stm32f4xx_hal_sd.c ****   }
 5807              		.loc 1 2605 23 is_stmt 0 view .LVU2157
 5808 002e 2068     		ldr	r0, [r4]
 5809              	.LVL453:
2605:Drivers/STM32F4xx_HAL_Driver/Src/stm32f4xx_hal_sd.c ****   }
 5810              		.loc 1 2605 23 view .LVU2158
 5811 0030 FFF7FEFF 		bl	SDMMC_CmdStopTransfer
 5812              	.LVL454:
2605:Drivers/STM32F4xx_HAL_Driver/Src/stm32f4xx_hal_sd.c ****   }
 5813              		.loc 1 2605 8 discriminator 1 view .LVU2159
 5814 0034 A36B     		ldr	r3, [r4, #56]
2605:Drivers/STM32F4xx_HAL_Driver/Src/stm32f4xx_hal_sd.c ****   }
 5815              		.loc 1 2605 20 discriminator 1 view .LVU2160
 5816 0036 0343     		orrs	r3, r3, r0
 5817 0038 A363     		str	r3, [r4, #56]
 5818 003a F2E7     		b	.L320
ARM GAS  /tmp/ccnf9wtj.s 			page 196


 5819              	.L321:
2621:Drivers/STM32F4xx_HAL_Driver/Src/stm32f4xx_hal_sd.c **** #endif
 5820              		.loc 1 2621 5 is_stmt 1 view .LVU2161
 5821 003c 2046     		mov	r0, r4
 5822 003e FFF7FEFF 		bl	HAL_SD_ErrorCallback
 5823              	.LVL455:
2624:Drivers/STM32F4xx_HAL_Driver/Src/stm32f4xx_hal_sd.c **** 
 5824              		.loc 1 2624 1 is_stmt 0 view .LVU2162
 5825 0042 F3E7     		b	.L319
 5826              		.cfi_endproc
 5827              	.LFE160:
 5829              		.section	.text.SD_DMARxAbort,"ax",%progbits
 5830              		.align	1
 5831              		.syntax unified
 5832              		.thumb
 5833              		.thumb_func
 5835              	SD_DMARxAbort:
 5836              	.LVL456:
 5837              	.LFB161:
2632:Drivers/STM32F4xx_HAL_Driver/Src/stm32f4xx_hal_sd.c ****   SD_HandleTypeDef* hsd = (SD_HandleTypeDef* )(hdma->Parent);
 5838              		.loc 1 2632 1 is_stmt 1 view -0
 5839              		.cfi_startproc
 5840              		@ args = 0, pretend = 0, frame = 0
 5841              		@ frame_needed = 0, uses_anonymous_args = 0
2632:Drivers/STM32F4xx_HAL_Driver/Src/stm32f4xx_hal_sd.c ****   SD_HandleTypeDef* hsd = (SD_HandleTypeDef* )(hdma->Parent);
 5842              		.loc 1 2632 1 is_stmt 0 view .LVU2164
 5843 0000 10B5     		push	{r4, lr}
 5844              	.LCFI75:
 5845              		.cfi_def_cfa_offset 8
 5846              		.cfi_offset 4, -8
 5847              		.cfi_offset 14, -4
2633:Drivers/STM32F4xx_HAL_Driver/Src/stm32f4xx_hal_sd.c ****   HAL_SD_CardStateTypeDef CardState;
 5848              		.loc 1 2633 3 is_stmt 1 view .LVU2165
2633:Drivers/STM32F4xx_HAL_Driver/Src/stm32f4xx_hal_sd.c ****   HAL_SD_CardStateTypeDef CardState;
 5849              		.loc 1 2633 21 is_stmt 0 view .LVU2166
 5850 0002 846B     		ldr	r4, [r0, #56]
 5851              	.LVL457:
2634:Drivers/STM32F4xx_HAL_Driver/Src/stm32f4xx_hal_sd.c **** 
 5852              		.loc 1 2634 3 is_stmt 1 view .LVU2167
2637:Drivers/STM32F4xx_HAL_Driver/Src/stm32f4xx_hal_sd.c **** 
 5853              		.loc 1 2637 3 view .LVU2168
 5854 0004 2368     		ldr	r3, [r4]
 5855 0006 40F23A52 		movw	r2, #1338
 5856 000a 9A63     		str	r2, [r3, #56]
2639:Drivers/STM32F4xx_HAL_Driver/Src/stm32f4xx_hal_sd.c ****   hsd->State = HAL_SD_STATE_READY;
 5857              		.loc 1 2639 3 view .LVU2169
2639:Drivers/STM32F4xx_HAL_Driver/Src/stm32f4xx_hal_sd.c ****   hsd->State = HAL_SD_STATE_READY;
 5858              		.loc 1 2639 15 is_stmt 0 view .LVU2170
 5859 000c 2046     		mov	r0, r4
 5860              	.LVL458:
2639:Drivers/STM32F4xx_HAL_Driver/Src/stm32f4xx_hal_sd.c ****   hsd->State = HAL_SD_STATE_READY;
 5861              		.loc 1 2639 15 view .LVU2171
 5862 000e FFF7FEFF 		bl	HAL_SD_GetCardState
 5863              	.LVL459:
2640:Drivers/STM32F4xx_HAL_Driver/Src/stm32f4xx_hal_sd.c ****   hsd->Context = SD_CONTEXT_NONE;
 5864              		.loc 1 2640 3 is_stmt 1 view .LVU2172
2640:Drivers/STM32F4xx_HAL_Driver/Src/stm32f4xx_hal_sd.c ****   hsd->Context = SD_CONTEXT_NONE;
ARM GAS  /tmp/ccnf9wtj.s 			page 197


 5865              		.loc 1 2640 14 is_stmt 0 view .LVU2173
 5866 0012 0123     		movs	r3, #1
 5867 0014 84F83430 		strb	r3, [r4, #52]
2641:Drivers/STM32F4xx_HAL_Driver/Src/stm32f4xx_hal_sd.c ****   if((CardState == HAL_SD_CARD_RECEIVING) || (CardState == HAL_SD_CARD_SENDING))
 5868              		.loc 1 2641 3 is_stmt 1 view .LVU2174
2641:Drivers/STM32F4xx_HAL_Driver/Src/stm32f4xx_hal_sd.c ****   if((CardState == HAL_SD_CARD_RECEIVING) || (CardState == HAL_SD_CARD_SENDING))
 5869              		.loc 1 2641 16 is_stmt 0 view .LVU2175
 5870 0018 0023     		movs	r3, #0
 5871 001a 2363     		str	r3, [r4, #48]
2642:Drivers/STM32F4xx_HAL_Driver/Src/stm32f4xx_hal_sd.c ****   {
 5872              		.loc 1 2642 3 is_stmt 1 view .LVU2176
2642:Drivers/STM32F4xx_HAL_Driver/Src/stm32f4xx_hal_sd.c ****   {
 5873              		.loc 1 2642 43 is_stmt 0 view .LVU2177
 5874 001c 0538     		subs	r0, r0, #5
 5875              	.LVL460:
2642:Drivers/STM32F4xx_HAL_Driver/Src/stm32f4xx_hal_sd.c ****   {
 5876              		.loc 1 2642 5 view .LVU2178
 5877 001e 0128     		cmp	r0, #1
 5878 0020 05D9     		bls	.L330
 5879              	.LVL461:
 5880              	.L326:
2647:Drivers/STM32F4xx_HAL_Driver/Src/stm32f4xx_hal_sd.c ****   {
 5881              		.loc 1 2647 3 is_stmt 1 view .LVU2179
2647:Drivers/STM32F4xx_HAL_Driver/Src/stm32f4xx_hal_sd.c ****   {
 5882              		.loc 1 2647 9 is_stmt 0 view .LVU2180
 5883 0022 A36B     		ldr	r3, [r4, #56]
2647:Drivers/STM32F4xx_HAL_Driver/Src/stm32f4xx_hal_sd.c ****   {
 5884              		.loc 1 2647 5 view .LVU2181
 5885 0024 53B9     		cbnz	r3, .L327
2652:Drivers/STM32F4xx_HAL_Driver/Src/stm32f4xx_hal_sd.c **** #endif
 5886              		.loc 1 2652 5 is_stmt 1 view .LVU2182
 5887 0026 2046     		mov	r0, r4
 5888 0028 FFF7FEFF 		bl	HAL_SD_AbortCallback
 5889              	.LVL462:
 5890              	.L325:
2663:Drivers/STM32F4xx_HAL_Driver/Src/stm32f4xx_hal_sd.c **** 
 5891              		.loc 1 2663 1 is_stmt 0 view .LVU2183
 5892 002c 10BD     		pop	{r4, pc}
 5893              	.LVL463:
 5894              	.L330:
2644:Drivers/STM32F4xx_HAL_Driver/Src/stm32f4xx_hal_sd.c ****   }
 5895              		.loc 1 2644 5 is_stmt 1 view .LVU2184
2644:Drivers/STM32F4xx_HAL_Driver/Src/stm32f4xx_hal_sd.c ****   }
 5896              		.loc 1 2644 23 is_stmt 0 view .LVU2185
 5897 002e 2068     		ldr	r0, [r4]
 5898              	.LVL464:
2644:Drivers/STM32F4xx_HAL_Driver/Src/stm32f4xx_hal_sd.c ****   }
 5899              		.loc 1 2644 23 view .LVU2186
 5900 0030 FFF7FEFF 		bl	SDMMC_CmdStopTransfer
 5901              	.LVL465:
2644:Drivers/STM32F4xx_HAL_Driver/Src/stm32f4xx_hal_sd.c ****   }
 5902              		.loc 1 2644 8 discriminator 1 view .LVU2187
 5903 0034 A36B     		ldr	r3, [r4, #56]
2644:Drivers/STM32F4xx_HAL_Driver/Src/stm32f4xx_hal_sd.c ****   }
 5904              		.loc 1 2644 20 discriminator 1 view .LVU2188
 5905 0036 0343     		orrs	r3, r3, r0
 5906 0038 A363     		str	r3, [r4, #56]
ARM GAS  /tmp/ccnf9wtj.s 			page 198


 5907 003a F2E7     		b	.L326
 5908              	.L327:
2660:Drivers/STM32F4xx_HAL_Driver/Src/stm32f4xx_hal_sd.c **** #endif
 5909              		.loc 1 2660 5 is_stmt 1 view .LVU2189
 5910 003c 2046     		mov	r0, r4
 5911 003e FFF7FEFF 		bl	HAL_SD_ErrorCallback
 5912              	.LVL466:
2663:Drivers/STM32F4xx_HAL_Driver/Src/stm32f4xx_hal_sd.c **** 
 5913              		.loc 1 2663 1 is_stmt 0 view .LVU2190
 5914 0042 F3E7     		b	.L325
 5915              		.cfi_endproc
 5916              	.LFE161:
 5918              		.section	.text.HAL_SD_IRQHandler,"ax",%progbits
 5919              		.align	1
 5920              		.global	HAL_SD_IRQHandler
 5921              		.syntax unified
 5922              		.thumb
 5923              		.thumb_func
 5925              	HAL_SD_IRQHandler:
 5926              	.LVL467:
 5927              	.LFB142:
1513:Drivers/STM32F4xx_HAL_Driver/Src/stm32f4xx_hal_sd.c ****   uint32_t errorstate;
 5928              		.loc 1 1513 1 is_stmt 1 view -0
 5929              		.cfi_startproc
 5930              		@ args = 0, pretend = 0, frame = 0
 5931              		@ frame_needed = 0, uses_anonymous_args = 0
1513:Drivers/STM32F4xx_HAL_Driver/Src/stm32f4xx_hal_sd.c ****   uint32_t errorstate;
 5932              		.loc 1 1513 1 is_stmt 0 view .LVU2192
 5933 0000 38B5     		push	{r3, r4, r5, lr}
 5934              	.LCFI76:
 5935              		.cfi_def_cfa_offset 16
 5936              		.cfi_offset 3, -16
 5937              		.cfi_offset 4, -12
 5938              		.cfi_offset 5, -8
 5939              		.cfi_offset 14, -4
 5940 0002 0446     		mov	r4, r0
1514:Drivers/STM32F4xx_HAL_Driver/Src/stm32f4xx_hal_sd.c ****   uint32_t context = hsd->Context;
 5941              		.loc 1 1514 3 is_stmt 1 view .LVU2193
1515:Drivers/STM32F4xx_HAL_Driver/Src/stm32f4xx_hal_sd.c **** 
 5942              		.loc 1 1515 3 view .LVU2194
1515:Drivers/STM32F4xx_HAL_Driver/Src/stm32f4xx_hal_sd.c **** 
 5943              		.loc 1 1515 12 is_stmt 0 view .LVU2195
 5944 0004 056B     		ldr	r5, [r0, #48]
 5945              	.LVL468:
1518:Drivers/STM32F4xx_HAL_Driver/Src/stm32f4xx_hal_sd.c ****   {
 5946              		.loc 1 1518 3 is_stmt 1 view .LVU2196
1518:Drivers/STM32F4xx_HAL_Driver/Src/stm32f4xx_hal_sd.c ****   {
 5947              		.loc 1 1518 7 is_stmt 0 view .LVU2197
 5948 0006 0368     		ldr	r3, [r0]
 5949 0008 5A6B     		ldr	r2, [r3, #52]
1518:Drivers/STM32F4xx_HAL_Driver/Src/stm32f4xx_hal_sd.c ****   {
 5950              		.loc 1 1518 5 view .LVU2198
 5951 000a 12F4004F 		tst	r2, #32768
 5952 000e 02D0     		beq	.L332
1518:Drivers/STM32F4xx_HAL_Driver/Src/stm32f4xx_hal_sd.c ****   {
 5953              		.loc 1 1518 60 discriminator 1 view .LVU2199
 5954 0010 15F0080F 		tst	r5, #8
ARM GAS  /tmp/ccnf9wtj.s 			page 199


 5955 0014 28D1     		bne	.L349
 5956              	.L332:
1523:Drivers/STM32F4xx_HAL_Driver/Src/stm32f4xx_hal_sd.c ****   {
 5957              		.loc 1 1523 8 is_stmt 1 view .LVU2200
1523:Drivers/STM32F4xx_HAL_Driver/Src/stm32f4xx_hal_sd.c ****   {
 5958              		.loc 1 1523 11 is_stmt 0 view .LVU2201
 5959 0016 5A6B     		ldr	r2, [r3, #52]
1523:Drivers/STM32F4xx_HAL_Driver/Src/stm32f4xx_hal_sd.c ****   {
 5960              		.loc 1 1523 10 view .LVU2202
 5961 0018 12F4807F 		tst	r2, #256
 5962 001c 5AD0     		beq	.L334
1525:Drivers/STM32F4xx_HAL_Driver/Src/stm32f4xx_hal_sd.c **** 
 5963              		.loc 1 1525 5 is_stmt 1 view .LVU2203
 5964 001e 4FF48072 		mov	r2, #256
 5965 0022 9A63     		str	r2, [r3, #56]
1528:Drivers/STM32F4xx_HAL_Driver/Src/stm32f4xx_hal_sd.c ****                              SDIO_IT_TXUNDERR | SDIO_IT_RXOVERR  | SDIO_IT_TXFIFOHE |\
 5966              		.loc 1 1528 5 view .LVU2204
 5967 0024 2268     		ldr	r2, [r4]
 5968 0026 D36B     		ldr	r3, [r2, #60]
 5969 0028 23F44343 		bic	r3, r3, #49920
 5970 002c 23F03A03 		bic	r3, r3, #58
 5971 0030 D363     		str	r3, [r2, #60]
1537:Drivers/STM32F4xx_HAL_Driver/Src/stm32f4xx_hal_sd.c ****     
 5972              		.loc 1 1537 5 view .LVU2205
1537:Drivers/STM32F4xx_HAL_Driver/Src/stm32f4xx_hal_sd.c ****     
 5973              		.loc 1 1537 8 is_stmt 0 view .LVU2206
 5974 0032 2268     		ldr	r2, [r4]
1537:Drivers/STM32F4xx_HAL_Driver/Src/stm32f4xx_hal_sd.c ****     
 5975              		.loc 1 1537 18 view .LVU2207
 5976 0034 D36A     		ldr	r3, [r2, #44]
1537:Drivers/STM32F4xx_HAL_Driver/Src/stm32f4xx_hal_sd.c ****     
 5977              		.loc 1 1537 26 view .LVU2208
 5978 0036 23F00103 		bic	r3, r3, #1
 5979 003a D362     		str	r3, [r2, #44]
1539:Drivers/STM32F4xx_HAL_Driver/Src/stm32f4xx_hal_sd.c ****     {
 5980              		.loc 1 1539 5 is_stmt 1 view .LVU2209
1539:Drivers/STM32F4xx_HAL_Driver/Src/stm32f4xx_hal_sd.c ****     {
 5981              		.loc 1 1539 7 is_stmt 0 view .LVU2210
 5982 003c 15F0080F 		tst	r5, #8
 5983 0040 26D0     		beq	.L335
1541:Drivers/STM32F4xx_HAL_Driver/Src/stm32f4xx_hal_sd.c ****       {
 5984              		.loc 1 1541 7 is_stmt 1 view .LVU2211
1541:Drivers/STM32F4xx_HAL_Driver/Src/stm32f4xx_hal_sd.c ****       {
 5985              		.loc 1 1541 9 is_stmt 0 view .LVU2212
 5986 0042 15F0220F 		tst	r5, #34
 5987 0046 12D1     		bne	.L350
 5988              	.LVL469:
 5989              	.L336:
1556:Drivers/STM32F4xx_HAL_Driver/Src/stm32f4xx_hal_sd.c **** 
 5990              		.loc 1 1556 7 is_stmt 1 view .LVU2213
 5991 0048 2368     		ldr	r3, [r4]
 5992 004a 40F23A52 		movw	r2, #1338
 5993 004e 9A63     		str	r2, [r3, #56]
1558:Drivers/STM32F4xx_HAL_Driver/Src/stm32f4xx_hal_sd.c ****       hsd->Context = SD_CONTEXT_NONE;
 5994              		.loc 1 1558 7 view .LVU2214
1558:Drivers/STM32F4xx_HAL_Driver/Src/stm32f4xx_hal_sd.c ****       hsd->Context = SD_CONTEXT_NONE;
 5995              		.loc 1 1558 18 is_stmt 0 view .LVU2215
ARM GAS  /tmp/ccnf9wtj.s 			page 200


 5996 0050 0123     		movs	r3, #1
 5997 0052 84F83430 		strb	r3, [r4, #52]
1559:Drivers/STM32F4xx_HAL_Driver/Src/stm32f4xx_hal_sd.c ****       if(((context & SD_CONTEXT_READ_SINGLE_BLOCK) != 0U) || ((context & SD_CONTEXT_READ_MULTIPLE_B
 5998              		.loc 1 1559 7 is_stmt 1 view .LVU2216
1559:Drivers/STM32F4xx_HAL_Driver/Src/stm32f4xx_hal_sd.c ****       if(((context & SD_CONTEXT_READ_SINGLE_BLOCK) != 0U) || ((context & SD_CONTEXT_READ_MULTIPLE_B
 5999              		.loc 1 1559 20 is_stmt 0 view .LVU2217
 6000 0056 0023     		movs	r3, #0
 6001 0058 2363     		str	r3, [r4, #48]
1560:Drivers/STM32F4xx_HAL_Driver/Src/stm32f4xx_hal_sd.c ****       {
 6002              		.loc 1 1560 7 is_stmt 1 view .LVU2218
1560:Drivers/STM32F4xx_HAL_Driver/Src/stm32f4xx_hal_sd.c ****       {
 6003              		.loc 1 1560 9 is_stmt 0 view .LVU2219
 6004 005a 15F0030F 		tst	r5, #3
 6005 005e 13D0     		beq	.L337
1565:Drivers/STM32F4xx_HAL_Driver/Src/stm32f4xx_hal_sd.c **** #endif /* USE_HAL_SD_REGISTER_CALLBACKS */
 6006              		.loc 1 1565 9 is_stmt 1 view .LVU2220
 6007 0060 2046     		mov	r0, r4
 6008 0062 FFF7FEFF 		bl	HAL_SD_RxCpltCallback
 6009              	.LVL470:
 6010 0066 01E0     		b	.L331
 6011              	.LVL471:
 6012              	.L349:
1520:Drivers/STM32F4xx_HAL_Driver/Src/stm32f4xx_hal_sd.c ****   }
 6013              		.loc 1 1520 5 view .LVU2221
 6014 0068 FFF7FEFF 		bl	SD_Read_IT
 6015              	.LVL472:
 6016              	.L331:
1721:Drivers/STM32F4xx_HAL_Driver/Src/stm32f4xx_hal_sd.c **** 
 6017              		.loc 1 1721 1 is_stmt 0 view .LVU2222
 6018 006c 38BD     		pop	{r3, r4, r5, pc}
 6019              	.LVL473:
 6020              	.L350:
1543:Drivers/STM32F4xx_HAL_Driver/Src/stm32f4xx_hal_sd.c ****         if(errorstate != HAL_SD_ERROR_NONE)
 6021              		.loc 1 1543 9 is_stmt 1 view .LVU2223
1543:Drivers/STM32F4xx_HAL_Driver/Src/stm32f4xx_hal_sd.c ****         if(errorstate != HAL_SD_ERROR_NONE)
 6022              		.loc 1 1543 22 is_stmt 0 view .LVU2224
 6023 006e 2068     		ldr	r0, [r4]
 6024              	.LVL474:
1543:Drivers/STM32F4xx_HAL_Driver/Src/stm32f4xx_hal_sd.c ****         if(errorstate != HAL_SD_ERROR_NONE)
 6025              		.loc 1 1543 22 view .LVU2225
 6026 0070 FFF7FEFF 		bl	SDMMC_CmdStopTransfer
 6027              	.LVL475:
1544:Drivers/STM32F4xx_HAL_Driver/Src/stm32f4xx_hal_sd.c ****         {
 6028              		.loc 1 1544 9 is_stmt 1 view .LVU2226
1544:Drivers/STM32F4xx_HAL_Driver/Src/stm32f4xx_hal_sd.c ****         {
 6029              		.loc 1 1544 11 is_stmt 0 view .LVU2227
 6030 0074 0346     		mov	r3, r0
 6031 0076 0028     		cmp	r0, #0
 6032 0078 E6D0     		beq	.L336
1546:Drivers/STM32F4xx_HAL_Driver/Src/stm32f4xx_hal_sd.c **** #if defined (USE_HAL_SD_REGISTER_CALLBACKS) && (USE_HAL_SD_REGISTER_CALLBACKS == 1U)
 6033              		.loc 1 1546 11 is_stmt 1 view .LVU2228
1546:Drivers/STM32F4xx_HAL_Driver/Src/stm32f4xx_hal_sd.c **** #if defined (USE_HAL_SD_REGISTER_CALLBACKS) && (USE_HAL_SD_REGISTER_CALLBACKS == 1U)
 6034              		.loc 1 1546 14 is_stmt 0 view .LVU2229
 6035 007a A26B     		ldr	r2, [r4, #56]
1546:Drivers/STM32F4xx_HAL_Driver/Src/stm32f4xx_hal_sd.c **** #if defined (USE_HAL_SD_REGISTER_CALLBACKS) && (USE_HAL_SD_REGISTER_CALLBACKS == 1U)
 6036              		.loc 1 1546 26 view .LVU2230
 6037 007c 1343     		orrs	r3, r3, r2
ARM GAS  /tmp/ccnf9wtj.s 			page 201


 6038 007e A363     		str	r3, [r4, #56]
1550:Drivers/STM32F4xx_HAL_Driver/Src/stm32f4xx_hal_sd.c **** #endif /* USE_HAL_SD_REGISTER_CALLBACKS */
 6039              		.loc 1 1550 11 is_stmt 1 view .LVU2231
 6040 0080 2046     		mov	r0, r4
 6041              	.LVL476:
1550:Drivers/STM32F4xx_HAL_Driver/Src/stm32f4xx_hal_sd.c **** #endif /* USE_HAL_SD_REGISTER_CALLBACKS */
 6042              		.loc 1 1550 11 is_stmt 0 view .LVU2232
 6043 0082 FFF7FEFF 		bl	HAL_SD_ErrorCallback
 6044              	.LVL477:
 6045 0086 DFE7     		b	.L336
 6046              	.LVL478:
 6047              	.L337:
1573:Drivers/STM32F4xx_HAL_Driver/Src/stm32f4xx_hal_sd.c **** #endif /* USE_HAL_SD_REGISTER_CALLBACKS */
 6048              		.loc 1 1573 9 is_stmt 1 view .LVU2233
 6049 0088 2046     		mov	r0, r4
 6050 008a FFF7FEFF 		bl	HAL_SD_TxCpltCallback
 6051              	.LVL479:
 6052 008e EDE7     		b	.L331
 6053              	.LVL480:
 6054              	.L335:
1577:Drivers/STM32F4xx_HAL_Driver/Src/stm32f4xx_hal_sd.c ****     {
 6055              		.loc 1 1577 10 view .LVU2234
1577:Drivers/STM32F4xx_HAL_Driver/Src/stm32f4xx_hal_sd.c ****     {
 6056              		.loc 1 1577 12 is_stmt 0 view .LVU2235
 6057 0090 15F0800F 		tst	r5, #128
 6058 0094 EAD0     		beq	.L331
1579:Drivers/STM32F4xx_HAL_Driver/Src/stm32f4xx_hal_sd.c ****       {
 6059              		.loc 1 1579 7 is_stmt 1 view .LVU2236
1579:Drivers/STM32F4xx_HAL_Driver/Src/stm32f4xx_hal_sd.c ****       {
 6060              		.loc 1 1579 9 is_stmt 0 view .LVU2237
 6061 0096 15F0200F 		tst	r5, #32
 6062 009a 0ED1     		bne	.L351
 6063              	.LVL481:
 6064              	.L338:
1592:Drivers/STM32F4xx_HAL_Driver/Src/stm32f4xx_hal_sd.c ****       {
 6065              		.loc 1 1592 7 is_stmt 1 view .LVU2238
1592:Drivers/STM32F4xx_HAL_Driver/Src/stm32f4xx_hal_sd.c ****       {
 6066              		.loc 1 1592 9 is_stmt 0 view .LVU2239
 6067 009c 15F0030F 		tst	r5, #3
 6068 00a0 E4D1     		bne	.L331
1596:Drivers/STM32F4xx_HAL_Driver/Src/stm32f4xx_hal_sd.c **** 
 6069              		.loc 1 1596 9 is_stmt 1 view .LVU2240
1596:Drivers/STM32F4xx_HAL_Driver/Src/stm32f4xx_hal_sd.c **** 
 6070              		.loc 1 1596 12 is_stmt 0 view .LVU2241
 6071 00a2 2268     		ldr	r2, [r4]
1596:Drivers/STM32F4xx_HAL_Driver/Src/stm32f4xx_hal_sd.c **** 
 6072              		.loc 1 1596 22 view .LVU2242
 6073 00a4 D36A     		ldr	r3, [r2, #44]
1596:Drivers/STM32F4xx_HAL_Driver/Src/stm32f4xx_hal_sd.c **** 
 6074              		.loc 1 1596 30 view .LVU2243
 6075 00a6 23F00803 		bic	r3, r3, #8
 6076 00aa D362     		str	r3, [r2, #44]
1598:Drivers/STM32F4xx_HAL_Driver/Src/stm32f4xx_hal_sd.c **** 
 6077              		.loc 1 1598 9 is_stmt 1 view .LVU2244
1598:Drivers/STM32F4xx_HAL_Driver/Src/stm32f4xx_hal_sd.c **** 
 6078              		.loc 1 1598 20 is_stmt 0 view .LVU2245
 6079 00ac 0123     		movs	r3, #1
ARM GAS  /tmp/ccnf9wtj.s 			page 202


 6080 00ae 84F83430 		strb	r3, [r4, #52]
1603:Drivers/STM32F4xx_HAL_Driver/Src/stm32f4xx_hal_sd.c **** #endif /* USE_HAL_SD_REGISTER_CALLBACKS */
 6081              		.loc 1 1603 9 is_stmt 1 view .LVU2246
 6082 00b2 2046     		mov	r0, r4
 6083 00b4 FFF7FEFF 		bl	HAL_SD_TxCpltCallback
 6084              	.LVL482:
 6085 00b8 D8E7     		b	.L331
 6086              	.LVL483:
 6087              	.L351:
1581:Drivers/STM32F4xx_HAL_Driver/Src/stm32f4xx_hal_sd.c ****         if(errorstate != HAL_SD_ERROR_NONE)
 6088              		.loc 1 1581 9 view .LVU2247
1581:Drivers/STM32F4xx_HAL_Driver/Src/stm32f4xx_hal_sd.c ****         if(errorstate != HAL_SD_ERROR_NONE)
 6089              		.loc 1 1581 22 is_stmt 0 view .LVU2248
 6090 00ba 2068     		ldr	r0, [r4]
 6091              	.LVL484:
1581:Drivers/STM32F4xx_HAL_Driver/Src/stm32f4xx_hal_sd.c ****         if(errorstate != HAL_SD_ERROR_NONE)
 6092              		.loc 1 1581 22 view .LVU2249
 6093 00bc FFF7FEFF 		bl	SDMMC_CmdStopTransfer
 6094              	.LVL485:
1582:Drivers/STM32F4xx_HAL_Driver/Src/stm32f4xx_hal_sd.c ****         {
 6095              		.loc 1 1582 9 is_stmt 1 view .LVU2250
1582:Drivers/STM32F4xx_HAL_Driver/Src/stm32f4xx_hal_sd.c ****         {
 6096              		.loc 1 1582 11 is_stmt 0 view .LVU2251
 6097 00c0 0346     		mov	r3, r0
 6098 00c2 0028     		cmp	r0, #0
 6099 00c4 EAD0     		beq	.L338
1584:Drivers/STM32F4xx_HAL_Driver/Src/stm32f4xx_hal_sd.c **** #if defined (USE_HAL_SD_REGISTER_CALLBACKS) && (USE_HAL_SD_REGISTER_CALLBACKS == 1U)
 6100              		.loc 1 1584 11 is_stmt 1 view .LVU2252
1584:Drivers/STM32F4xx_HAL_Driver/Src/stm32f4xx_hal_sd.c **** #if defined (USE_HAL_SD_REGISTER_CALLBACKS) && (USE_HAL_SD_REGISTER_CALLBACKS == 1U)
 6101              		.loc 1 1584 14 is_stmt 0 view .LVU2253
 6102 00c6 A26B     		ldr	r2, [r4, #56]
1584:Drivers/STM32F4xx_HAL_Driver/Src/stm32f4xx_hal_sd.c **** #if defined (USE_HAL_SD_REGISTER_CALLBACKS) && (USE_HAL_SD_REGISTER_CALLBACKS == 1U)
 6103              		.loc 1 1584 26 view .LVU2254
 6104 00c8 1343     		orrs	r3, r3, r2
 6105 00ca A363     		str	r3, [r4, #56]
1588:Drivers/STM32F4xx_HAL_Driver/Src/stm32f4xx_hal_sd.c **** #endif /* USE_HAL_SD_REGISTER_CALLBACKS */
 6106              		.loc 1 1588 11 is_stmt 1 view .LVU2255
 6107 00cc 2046     		mov	r0, r4
 6108              	.LVL486:
1588:Drivers/STM32F4xx_HAL_Driver/Src/stm32f4xx_hal_sd.c **** #endif /* USE_HAL_SD_REGISTER_CALLBACKS */
 6109              		.loc 1 1588 11 is_stmt 0 view .LVU2256
 6110 00ce FFF7FEFF 		bl	HAL_SD_ErrorCallback
 6111              	.LVL487:
 6112 00d2 E3E7     		b	.L338
 6113              	.LVL488:
 6114              	.L334:
1613:Drivers/STM32F4xx_HAL_Driver/Src/stm32f4xx_hal_sd.c ****   {
 6115              		.loc 1 1613 8 is_stmt 1 view .LVU2257
1613:Drivers/STM32F4xx_HAL_Driver/Src/stm32f4xx_hal_sd.c ****   {
 6116              		.loc 1 1613 12 is_stmt 0 view .LVU2258
 6117 00d4 5A6B     		ldr	r2, [r3, #52]
1613:Drivers/STM32F4xx_HAL_Driver/Src/stm32f4xx_hal_sd.c ****   {
 6118              		.loc 1 1613 10 view .LVU2259
 6119 00d6 12F4804F 		tst	r2, #16384
 6120 00da 02D0     		beq	.L339
1613:Drivers/STM32F4xx_HAL_Driver/Src/stm32f4xx_hal_sd.c ****   {
 6121              		.loc 1 1613 65 discriminator 1 view .LVU2260
ARM GAS  /tmp/ccnf9wtj.s 			page 203


 6122 00dc 15F0080F 		tst	r5, #8
 6123 00e0 55D1     		bne	.L352
 6124              	.L339:
1619:Drivers/STM32F4xx_HAL_Driver/Src/stm32f4xx_hal_sd.c **** #else /* SDIO_STA_STBITERR not defined */
 6125              		.loc 1 1619 8 is_stmt 1 view .LVU2261
1619:Drivers/STM32F4xx_HAL_Driver/Src/stm32f4xx_hal_sd.c **** #else /* SDIO_STA_STBITERR not defined */
 6126              		.loc 1 1619 11 is_stmt 0 view .LVU2262
 6127 00e2 596B     		ldr	r1, [r3, #52]
1619:Drivers/STM32F4xx_HAL_Driver/Src/stm32f4xx_hal_sd.c **** #else /* SDIO_STA_STBITERR not defined */
 6128              		.loc 1 1619 10 view .LVU2263
 6129 00e4 40F23A22 		movw	r2, #570
 6130 00e8 1142     		tst	r1, r2
 6131 00ea BFD0     		beq	.L331
1625:Drivers/STM32F4xx_HAL_Driver/Src/stm32f4xx_hal_sd.c ****     {
 6132              		.loc 1 1625 5 is_stmt 1 view .LVU2264
1625:Drivers/STM32F4xx_HAL_Driver/Src/stm32f4xx_hal_sd.c ****     {
 6133              		.loc 1 1625 8 is_stmt 0 view .LVU2265
 6134 00ec 5A6B     		ldr	r2, [r3, #52]
1625:Drivers/STM32F4xx_HAL_Driver/Src/stm32f4xx_hal_sd.c ****     {
 6135              		.loc 1 1625 7 view .LVU2266
 6136 00ee 12F0020F 		tst	r2, #2
 6137 00f2 03D0     		beq	.L340
1627:Drivers/STM32F4xx_HAL_Driver/Src/stm32f4xx_hal_sd.c ****     }
 6138              		.loc 1 1627 7 is_stmt 1 view .LVU2267
1627:Drivers/STM32F4xx_HAL_Driver/Src/stm32f4xx_hal_sd.c ****     }
 6139              		.loc 1 1627 10 is_stmt 0 view .LVU2268
 6140 00f4 A26B     		ldr	r2, [r4, #56]
1627:Drivers/STM32F4xx_HAL_Driver/Src/stm32f4xx_hal_sd.c ****     }
 6141              		.loc 1 1627 22 view .LVU2269
 6142 00f6 42F00202 		orr	r2, r2, #2
 6143 00fa A263     		str	r2, [r4, #56]
 6144              	.L340:
1629:Drivers/STM32F4xx_HAL_Driver/Src/stm32f4xx_hal_sd.c ****     {
 6145              		.loc 1 1629 5 is_stmt 1 view .LVU2270
1629:Drivers/STM32F4xx_HAL_Driver/Src/stm32f4xx_hal_sd.c ****     {
 6146              		.loc 1 1629 8 is_stmt 0 view .LVU2271
 6147 00fc 5A6B     		ldr	r2, [r3, #52]
1629:Drivers/STM32F4xx_HAL_Driver/Src/stm32f4xx_hal_sd.c ****     {
 6148              		.loc 1 1629 7 view .LVU2272
 6149 00fe 12F0080F 		tst	r2, #8
 6150 0102 03D0     		beq	.L341
1631:Drivers/STM32F4xx_HAL_Driver/Src/stm32f4xx_hal_sd.c ****     }
 6151              		.loc 1 1631 7 is_stmt 1 view .LVU2273
1631:Drivers/STM32F4xx_HAL_Driver/Src/stm32f4xx_hal_sd.c ****     }
 6152              		.loc 1 1631 10 is_stmt 0 view .LVU2274
 6153 0104 A26B     		ldr	r2, [r4, #56]
1631:Drivers/STM32F4xx_HAL_Driver/Src/stm32f4xx_hal_sd.c ****     }
 6154              		.loc 1 1631 22 view .LVU2275
 6155 0106 42F00802 		orr	r2, r2, #8
 6156 010a A263     		str	r2, [r4, #56]
 6157              	.L341:
1633:Drivers/STM32F4xx_HAL_Driver/Src/stm32f4xx_hal_sd.c ****     {
 6158              		.loc 1 1633 5 is_stmt 1 view .LVU2276
1633:Drivers/STM32F4xx_HAL_Driver/Src/stm32f4xx_hal_sd.c ****     {
 6159              		.loc 1 1633 8 is_stmt 0 view .LVU2277
 6160 010c 5A6B     		ldr	r2, [r3, #52]
1633:Drivers/STM32F4xx_HAL_Driver/Src/stm32f4xx_hal_sd.c ****     {
ARM GAS  /tmp/ccnf9wtj.s 			page 204


 6161              		.loc 1 1633 7 view .LVU2278
 6162 010e 12F0200F 		tst	r2, #32
 6163 0112 03D0     		beq	.L342
1635:Drivers/STM32F4xx_HAL_Driver/Src/stm32f4xx_hal_sd.c ****     }
 6164              		.loc 1 1635 7 is_stmt 1 view .LVU2279
1635:Drivers/STM32F4xx_HAL_Driver/Src/stm32f4xx_hal_sd.c ****     }
 6165              		.loc 1 1635 10 is_stmt 0 view .LVU2280
 6166 0114 A26B     		ldr	r2, [r4, #56]
1635:Drivers/STM32F4xx_HAL_Driver/Src/stm32f4xx_hal_sd.c ****     }
 6167              		.loc 1 1635 22 view .LVU2281
 6168 0116 42F02002 		orr	r2, r2, #32
 6169 011a A263     		str	r2, [r4, #56]
 6170              	.L342:
1637:Drivers/STM32F4xx_HAL_Driver/Src/stm32f4xx_hal_sd.c ****     {
 6171              		.loc 1 1637 5 is_stmt 1 view .LVU2282
1637:Drivers/STM32F4xx_HAL_Driver/Src/stm32f4xx_hal_sd.c ****     {
 6172              		.loc 1 1637 8 is_stmt 0 view .LVU2283
 6173 011c 5A6B     		ldr	r2, [r3, #52]
1637:Drivers/STM32F4xx_HAL_Driver/Src/stm32f4xx_hal_sd.c ****     {
 6174              		.loc 1 1637 7 view .LVU2284
 6175 011e 12F0100F 		tst	r2, #16
 6176 0122 03D0     		beq	.L343
1639:Drivers/STM32F4xx_HAL_Driver/Src/stm32f4xx_hal_sd.c ****     }
 6177              		.loc 1 1639 7 is_stmt 1 view .LVU2285
1639:Drivers/STM32F4xx_HAL_Driver/Src/stm32f4xx_hal_sd.c ****     }
 6178              		.loc 1 1639 10 is_stmt 0 view .LVU2286
 6179 0124 A26B     		ldr	r2, [r4, #56]
1639:Drivers/STM32F4xx_HAL_Driver/Src/stm32f4xx_hal_sd.c ****     }
 6180              		.loc 1 1639 22 view .LVU2287
 6181 0126 42F01002 		orr	r2, r2, #16
 6182 012a A263     		str	r2, [r4, #56]
 6183              	.L343:
1642:Drivers/STM32F4xx_HAL_Driver/Src/stm32f4xx_hal_sd.c ****     {
 6184              		.loc 1 1642 5 is_stmt 1 view .LVU2288
1642:Drivers/STM32F4xx_HAL_Driver/Src/stm32f4xx_hal_sd.c ****     {
 6185              		.loc 1 1642 8 is_stmt 0 view .LVU2289
 6186 012c 5A6B     		ldr	r2, [r3, #52]
1642:Drivers/STM32F4xx_HAL_Driver/Src/stm32f4xx_hal_sd.c ****     {
 6187              		.loc 1 1642 7 view .LVU2290
 6188 012e 12F4007F 		tst	r2, #512
 6189 0132 03D0     		beq	.L344
1644:Drivers/STM32F4xx_HAL_Driver/Src/stm32f4xx_hal_sd.c ****     }
 6190              		.loc 1 1644 7 is_stmt 1 view .LVU2291
1644:Drivers/STM32F4xx_HAL_Driver/Src/stm32f4xx_hal_sd.c ****     }
 6191              		.loc 1 1644 10 is_stmt 0 view .LVU2292
 6192 0134 A26B     		ldr	r2, [r4, #56]
1644:Drivers/STM32F4xx_HAL_Driver/Src/stm32f4xx_hal_sd.c ****     }
 6193              		.loc 1 1644 22 view .LVU2293
 6194 0136 42F00802 		orr	r2, r2, #8
 6195 013a A263     		str	r2, [r4, #56]
 6196              	.L344:
1650:Drivers/STM32F4xx_HAL_Driver/Src/stm32f4xx_hal_sd.c **** 
 6197              		.loc 1 1650 5 is_stmt 1 view .LVU2294
 6198 013c 40F23A72 		movw	r2, #1850
 6199 0140 9A63     		str	r2, [r3, #56]
1653:Drivers/STM32F4xx_HAL_Driver/Src/stm32f4xx_hal_sd.c ****                              SDIO_IT_TXUNDERR| SDIO_IT_RXOVERR | SDIO_IT_STBITERR);
 6200              		.loc 1 1653 5 view .LVU2295
ARM GAS  /tmp/ccnf9wtj.s 			page 205


 6201 0142 2268     		ldr	r2, [r4]
 6202 0144 D36B     		ldr	r3, [r2, #60]
 6203 0146 23F44E73 		bic	r3, r3, #824
 6204 014a 23F00203 		bic	r3, r3, #2
 6205 014e D363     		str	r3, [r2, #60]
1664:Drivers/STM32F4xx_HAL_Driver/Src/stm32f4xx_hal_sd.c **** 
 6206              		.loc 1 1664 5 view .LVU2296
1664:Drivers/STM32F4xx_HAL_Driver/Src/stm32f4xx_hal_sd.c **** 
 6207              		.loc 1 1664 23 is_stmt 0 view .LVU2297
 6208 0150 2068     		ldr	r0, [r4]
 6209              	.LVL489:
1664:Drivers/STM32F4xx_HAL_Driver/Src/stm32f4xx_hal_sd.c **** 
 6210              		.loc 1 1664 23 view .LVU2298
 6211 0152 FFF7FEFF 		bl	SDMMC_CmdStopTransfer
 6212              	.LVL490:
1664:Drivers/STM32F4xx_HAL_Driver/Src/stm32f4xx_hal_sd.c **** 
 6213              		.loc 1 1664 8 discriminator 1 view .LVU2299
 6214 0156 A36B     		ldr	r3, [r4, #56]
1664:Drivers/STM32F4xx_HAL_Driver/Src/stm32f4xx_hal_sd.c **** 
 6215              		.loc 1 1664 20 discriminator 1 view .LVU2300
 6216 0158 0343     		orrs	r3, r3, r0
 6217 015a A363     		str	r3, [r4, #56]
1666:Drivers/STM32F4xx_HAL_Driver/Src/stm32f4xx_hal_sd.c ****     {
 6218              		.loc 1 1666 5 is_stmt 1 view .LVU2301
1666:Drivers/STM32F4xx_HAL_Driver/Src/stm32f4xx_hal_sd.c ****     {
 6219              		.loc 1 1666 7 is_stmt 0 view .LVU2302
 6220 015c 15F0080F 		tst	r5, #8
 6221 0160 19D1     		bne	.L353
1677:Drivers/STM32F4xx_HAL_Driver/Src/stm32f4xx_hal_sd.c ****     {
 6222              		.loc 1 1677 10 is_stmt 1 view .LVU2303
1677:Drivers/STM32F4xx_HAL_Driver/Src/stm32f4xx_hal_sd.c ****     {
 6223              		.loc 1 1677 12 is_stmt 0 view .LVU2304
 6224 0162 15F0800F 		tst	r5, #128
 6225 0166 81D0     		beq	.L331
1680:Drivers/STM32F4xx_HAL_Driver/Src/stm32f4xx_hal_sd.c ****       {
 6226              		.loc 1 1680 7 is_stmt 1 view .LVU2305
1680:Drivers/STM32F4xx_HAL_Driver/Src/stm32f4xx_hal_sd.c ****       {
 6227              		.loc 1 1680 9 is_stmt 0 view .LVU2306
 6228 0168 15F0300F 		tst	r5, #48
 6229 016c 1CD1     		bne	.L354
1690:Drivers/STM32F4xx_HAL_Driver/Src/stm32f4xx_hal_sd.c ****       {
 6230              		.loc 1 1690 12 is_stmt 1 view .LVU2307
1690:Drivers/STM32F4xx_HAL_Driver/Src/stm32f4xx_hal_sd.c ****       {
 6231              		.loc 1 1690 14 is_stmt 0 view .LVU2308
 6232 016e 15F0030F 		tst	r5, #3
 6233 0172 26D0     		beq	.L347
1693:Drivers/STM32F4xx_HAL_Driver/Src/stm32f4xx_hal_sd.c ****         /* Abort DMA in IT mode */
 6234              		.loc 1 1693 9 is_stmt 1 view .LVU2309
1693:Drivers/STM32F4xx_HAL_Driver/Src/stm32f4xx_hal_sd.c ****         /* Abort DMA in IT mode */
 6235              		.loc 1 1693 12 is_stmt 0 view .LVU2310
 6236 0174 236C     		ldr	r3, [r4, #64]
1693:Drivers/STM32F4xx_HAL_Driver/Src/stm32f4xx_hal_sd.c ****         /* Abort DMA in IT mode */
 6237              		.loc 1 1693 40 view .LVU2311
 6238 0176 184A     		ldr	r2, .L355
 6239 0178 1A65     		str	r2, [r3, #80]
1695:Drivers/STM32F4xx_HAL_Driver/Src/stm32f4xx_hal_sd.c ****         {
 6240              		.loc 1 1695 9 is_stmt 1 view .LVU2312
ARM GAS  /tmp/ccnf9wtj.s 			page 206


1695:Drivers/STM32F4xx_HAL_Driver/Src/stm32f4xx_hal_sd.c ****         {
 6241              		.loc 1 1695 12 is_stmt 0 view .LVU2313
 6242 017a 206C     		ldr	r0, [r4, #64]
 6243 017c FFF7FEFF 		bl	HAL_DMA_Abort_IT
 6244              	.LVL491:
1695:Drivers/STM32F4xx_HAL_Driver/Src/stm32f4xx_hal_sd.c ****         {
 6245              		.loc 1 1695 11 discriminator 1 view .LVU2314
 6246 0180 0028     		cmp	r0, #0
 6247 0182 3FF473AF 		beq	.L331
1697:Drivers/STM32F4xx_HAL_Driver/Src/stm32f4xx_hal_sd.c ****         }
 6248              		.loc 1 1697 11 is_stmt 1 view .LVU2315
 6249 0186 206C     		ldr	r0, [r4, #64]
 6250 0188 FFF7FEFF 		bl	SD_DMARxAbort
 6251              	.LVL492:
 6252 018c 6EE7     		b	.L331
 6253              	.LVL493:
 6254              	.L352:
1615:Drivers/STM32F4xx_HAL_Driver/Src/stm32f4xx_hal_sd.c ****   }
 6255              		.loc 1 1615 5 view .LVU2316
 6256 018e 2046     		mov	r0, r4
 6257              	.LVL494:
1615:Drivers/STM32F4xx_HAL_Driver/Src/stm32f4xx_hal_sd.c ****   }
 6258              		.loc 1 1615 5 is_stmt 0 view .LVU2317
 6259 0190 FFF7FEFF 		bl	SD_Write_IT
 6260              	.LVL495:
 6261 0194 6AE7     		b	.L331
 6262              	.L353:
1669:Drivers/STM32F4xx_HAL_Driver/Src/stm32f4xx_hal_sd.c ****       hsd->Context = SD_CONTEXT_NONE;
 6263              		.loc 1 1669 7 is_stmt 1 view .LVU2318
1669:Drivers/STM32F4xx_HAL_Driver/Src/stm32f4xx_hal_sd.c ****       hsd->Context = SD_CONTEXT_NONE;
 6264              		.loc 1 1669 18 is_stmt 0 view .LVU2319
 6265 0196 0123     		movs	r3, #1
 6266 0198 84F83430 		strb	r3, [r4, #52]
1670:Drivers/STM32F4xx_HAL_Driver/Src/stm32f4xx_hal_sd.c **** #if defined (USE_HAL_SD_REGISTER_CALLBACKS) && (USE_HAL_SD_REGISTER_CALLBACKS == 1U)
 6267              		.loc 1 1670 7 is_stmt 1 view .LVU2320
1670:Drivers/STM32F4xx_HAL_Driver/Src/stm32f4xx_hal_sd.c **** #if defined (USE_HAL_SD_REGISTER_CALLBACKS) && (USE_HAL_SD_REGISTER_CALLBACKS == 1U)
 6268              		.loc 1 1670 20 is_stmt 0 view .LVU2321
 6269 019c 0023     		movs	r3, #0
 6270 019e 2363     		str	r3, [r4, #48]
1674:Drivers/STM32F4xx_HAL_Driver/Src/stm32f4xx_hal_sd.c **** #endif /* USE_HAL_SD_REGISTER_CALLBACKS */
 6271              		.loc 1 1674 7 is_stmt 1 view .LVU2322
 6272 01a0 2046     		mov	r0, r4
 6273 01a2 FFF7FEFF 		bl	HAL_SD_ErrorCallback
 6274              	.LVL496:
 6275 01a6 61E7     		b	.L331
 6276              	.L354:
1683:Drivers/STM32F4xx_HAL_Driver/Src/stm32f4xx_hal_sd.c ****         /* Abort DMA in IT mode */
 6277              		.loc 1 1683 9 view .LVU2323
1683:Drivers/STM32F4xx_HAL_Driver/Src/stm32f4xx_hal_sd.c ****         /* Abort DMA in IT mode */
 6278              		.loc 1 1683 12 is_stmt 0 view .LVU2324
 6279 01a8 E36B     		ldr	r3, [r4, #60]
1683:Drivers/STM32F4xx_HAL_Driver/Src/stm32f4xx_hal_sd.c ****         /* Abort DMA in IT mode */
 6280              		.loc 1 1683 40 view .LVU2325
 6281 01aa 0C4A     		ldr	r2, .L355+4
 6282 01ac 1A65     		str	r2, [r3, #80]
1685:Drivers/STM32F4xx_HAL_Driver/Src/stm32f4xx_hal_sd.c ****         {
 6283              		.loc 1 1685 9 is_stmt 1 view .LVU2326
ARM GAS  /tmp/ccnf9wtj.s 			page 207


1685:Drivers/STM32F4xx_HAL_Driver/Src/stm32f4xx_hal_sd.c ****         {
 6284              		.loc 1 1685 12 is_stmt 0 view .LVU2327
 6285 01ae E06B     		ldr	r0, [r4, #60]
 6286 01b0 FFF7FEFF 		bl	HAL_DMA_Abort_IT
 6287              	.LVL497:
1685:Drivers/STM32F4xx_HAL_Driver/Src/stm32f4xx_hal_sd.c ****         {
 6288              		.loc 1 1685 11 discriminator 1 view .LVU2328
 6289 01b4 0028     		cmp	r0, #0
 6290 01b6 3FF459AF 		beq	.L331
1687:Drivers/STM32F4xx_HAL_Driver/Src/stm32f4xx_hal_sd.c ****         }
 6291              		.loc 1 1687 11 is_stmt 1 view .LVU2329
 6292 01ba E06B     		ldr	r0, [r4, #60]
 6293 01bc FFF7FEFF 		bl	SD_DMATxAbort
 6294              	.LVL498:
 6295 01c0 54E7     		b	.L331
 6296              	.L347:
1702:Drivers/STM32F4xx_HAL_Driver/Src/stm32f4xx_hal_sd.c ****         hsd->State = HAL_SD_STATE_READY;
 6297              		.loc 1 1702 9 view .LVU2330
1702:Drivers/STM32F4xx_HAL_Driver/Src/stm32f4xx_hal_sd.c ****         hsd->State = HAL_SD_STATE_READY;
 6298              		.loc 1 1702 24 is_stmt 0 view .LVU2331
 6299 01c2 0023     		movs	r3, #0
 6300 01c4 A363     		str	r3, [r4, #56]
1703:Drivers/STM32F4xx_HAL_Driver/Src/stm32f4xx_hal_sd.c ****         hsd->Context = SD_CONTEXT_NONE;
 6301              		.loc 1 1703 9 is_stmt 1 view .LVU2332
1703:Drivers/STM32F4xx_HAL_Driver/Src/stm32f4xx_hal_sd.c ****         hsd->Context = SD_CONTEXT_NONE;
 6302              		.loc 1 1703 20 is_stmt 0 view .LVU2333
 6303 01c6 0122     		movs	r2, #1
 6304 01c8 84F83420 		strb	r2, [r4, #52]
1704:Drivers/STM32F4xx_HAL_Driver/Src/stm32f4xx_hal_sd.c **** #if defined (USE_HAL_SD_REGISTER_CALLBACKS) && (USE_HAL_SD_REGISTER_CALLBACKS == 1U)
 6305              		.loc 1 1704 9 is_stmt 1 view .LVU2334
1704:Drivers/STM32F4xx_HAL_Driver/Src/stm32f4xx_hal_sd.c **** #if defined (USE_HAL_SD_REGISTER_CALLBACKS) && (USE_HAL_SD_REGISTER_CALLBACKS == 1U)
 6306              		.loc 1 1704 22 is_stmt 0 view .LVU2335
 6307 01cc 2363     		str	r3, [r4, #48]
1708:Drivers/STM32F4xx_HAL_Driver/Src/stm32f4xx_hal_sd.c **** #endif /* USE_HAL_SD_REGISTER_CALLBACKS */
 6308              		.loc 1 1708 9 is_stmt 1 view .LVU2336
 6309 01ce 2046     		mov	r0, r4
 6310 01d0 FFF7FEFF 		bl	HAL_SD_AbortCallback
 6311              	.LVL499:
1720:Drivers/STM32F4xx_HAL_Driver/Src/stm32f4xx_hal_sd.c **** }
 6312              		.loc 1 1720 3 view .LVU2337
1721:Drivers/STM32F4xx_HAL_Driver/Src/stm32f4xx_hal_sd.c **** 
 6313              		.loc 1 1721 1 is_stmt 0 view .LVU2338
 6314 01d4 4AE7     		b	.L331
 6315              	.L356:
 6316 01d6 00BF     		.align	2
 6317              	.L355:
 6318 01d8 00000000 		.word	SD_DMARxAbort
 6319 01dc 00000000 		.word	SD_DMATxAbort
 6320              		.cfi_endproc
 6321              	.LFE142:
 6323              		.section	.text.HAL_SD_Abort,"ax",%progbits
 6324              		.align	1
 6325              		.global	HAL_SD_Abort
 6326              		.syntax unified
 6327              		.thumb
 6328              		.thumb_func
 6330              	HAL_SD_Abort:
ARM GAS  /tmp/ccnf9wtj.s 			page 208


 6331              	.LVL500:
 6332              	.LFB155:
2343:Drivers/STM32F4xx_HAL_Driver/Src/stm32f4xx_hal_sd.c ****   HAL_SD_CardStateTypeDef CardState;
 6333              		.loc 1 2343 1 is_stmt 1 view -0
 6334              		.cfi_startproc
 6335              		@ args = 0, pretend = 0, frame = 0
 6336              		@ frame_needed = 0, uses_anonymous_args = 0
2343:Drivers/STM32F4xx_HAL_Driver/Src/stm32f4xx_hal_sd.c ****   HAL_SD_CardStateTypeDef CardState;
 6337              		.loc 1 2343 1 is_stmt 0 view .LVU2340
 6338 0000 10B5     		push	{r4, lr}
 6339              	.LCFI77:
 6340              		.cfi_def_cfa_offset 8
 6341              		.cfi_offset 4, -8
 6342              		.cfi_offset 14, -4
 6343 0002 0446     		mov	r4, r0
2344:Drivers/STM32F4xx_HAL_Driver/Src/stm32f4xx_hal_sd.c ****   uint32_t context = hsd->Context;
 6344              		.loc 1 2344 3 is_stmt 1 view .LVU2341
2345:Drivers/STM32F4xx_HAL_Driver/Src/stm32f4xx_hal_sd.c **** 
 6345              		.loc 1 2345 3 view .LVU2342
2345:Drivers/STM32F4xx_HAL_Driver/Src/stm32f4xx_hal_sd.c **** 
 6346              		.loc 1 2345 12 is_stmt 0 view .LVU2343
 6347 0004 016B     		ldr	r1, [r0, #48]
 6348              	.LVL501:
2348:Drivers/STM32F4xx_HAL_Driver/Src/stm32f4xx_hal_sd.c ****                            SDIO_IT_TXUNDERR| SDIO_IT_RXOVERR);
 6349              		.loc 1 2348 3 is_stmt 1 view .LVU2344
 6350 0006 0268     		ldr	r2, [r0]
 6351 0008 D36B     		ldr	r3, [r2, #60]
 6352 000a 23F49D73 		bic	r3, r3, #314
 6353 000e D363     		str	r3, [r2, #60]
2352:Drivers/STM32F4xx_HAL_Driver/Src/stm32f4xx_hal_sd.c **** 
 6354              		.loc 1 2352 3 view .LVU2345
 6355 0010 0368     		ldr	r3, [r0]
 6356 0012 40F23A52 		movw	r2, #1338
 6357 0016 9A63     		str	r2, [r3, #56]
2354:Drivers/STM32F4xx_HAL_Driver/Src/stm32f4xx_hal_sd.c **** 
 6358              		.loc 1 2354 3 view .LVU2346
 6359 0018 0268     		ldr	r2, [r0]
 6360 001a D36A     		ldr	r3, [r2, #44]
 6361 001c 23F00103 		bic	r3, r3, #1
 6362 0020 D362     		str	r3, [r2, #44]
2356:Drivers/STM32F4xx_HAL_Driver/Src/stm32f4xx_hal_sd.c ****   {
 6363              		.loc 1 2356 3 view .LVU2347
2356:Drivers/STM32F4xx_HAL_Driver/Src/stm32f4xx_hal_sd.c ****   {
 6364              		.loc 1 2356 6 is_stmt 0 view .LVU2348
 6365 0022 11F0800F 		tst	r1, #128
 6366 0026 0AD0     		beq	.L358
2359:Drivers/STM32F4xx_HAL_Driver/Src/stm32f4xx_hal_sd.c **** 
 6367              		.loc 1 2359 5 is_stmt 1 view .LVU2349
2359:Drivers/STM32F4xx_HAL_Driver/Src/stm32f4xx_hal_sd.c **** 
 6368              		.loc 1 2359 8 is_stmt 0 view .LVU2350
 6369 0028 0268     		ldr	r2, [r0]
2359:Drivers/STM32F4xx_HAL_Driver/Src/stm32f4xx_hal_sd.c **** 
 6370              		.loc 1 2359 18 view .LVU2351
 6371 002a D36A     		ldr	r3, [r2, #44]
2359:Drivers/STM32F4xx_HAL_Driver/Src/stm32f4xx_hal_sd.c **** 
 6372              		.loc 1 2359 26 view .LVU2352
 6373 002c 23F00803 		bic	r3, r3, #8
ARM GAS  /tmp/ccnf9wtj.s 			page 209


 6374 0030 D362     		str	r3, [r2, #44]
2362:Drivers/STM32F4xx_HAL_Driver/Src/stm32f4xx_hal_sd.c ****     {
 6375              		.loc 1 2362 5 is_stmt 1 view .LVU2353
2362:Drivers/STM32F4xx_HAL_Driver/Src/stm32f4xx_hal_sd.c ****     {
 6376              		.loc 1 2362 8 is_stmt 0 view .LVU2354
 6377 0032 11F0300F 		tst	r1, #48
 6378 0036 11D1     		bne	.L364
2370:Drivers/STM32F4xx_HAL_Driver/Src/stm32f4xx_hal_sd.c ****     {
 6379              		.loc 1 2370 10 is_stmt 1 view .LVU2355
2370:Drivers/STM32F4xx_HAL_Driver/Src/stm32f4xx_hal_sd.c ****     {
 6380              		.loc 1 2370 13 is_stmt 0 view .LVU2356
 6381 0038 11F0030F 		tst	r1, #3
 6382 003c 18D1     		bne	.L365
 6383              	.LVL502:
 6384              	.L358:
2380:Drivers/STM32F4xx_HAL_Driver/Src/stm32f4xx_hal_sd.c ****   }
 6385              		.loc 1 2380 5 is_stmt 1 view .LVU2357
2383:Drivers/STM32F4xx_HAL_Driver/Src/stm32f4xx_hal_sd.c **** 
 6386              		.loc 1 2383 3 view .LVU2358
2383:Drivers/STM32F4xx_HAL_Driver/Src/stm32f4xx_hal_sd.c **** 
 6387              		.loc 1 2383 14 is_stmt 0 view .LVU2359
 6388 003e 0123     		movs	r3, #1
 6389 0040 84F83430 		strb	r3, [r4, #52]
2386:Drivers/STM32F4xx_HAL_Driver/Src/stm32f4xx_hal_sd.c **** 
 6390              		.loc 1 2386 3 is_stmt 1 view .LVU2360
2386:Drivers/STM32F4xx_HAL_Driver/Src/stm32f4xx_hal_sd.c **** 
 6391              		.loc 1 2386 16 is_stmt 0 view .LVU2361
 6392 0044 0023     		movs	r3, #0
 6393 0046 2363     		str	r3, [r4, #48]
2388:Drivers/STM32F4xx_HAL_Driver/Src/stm32f4xx_hal_sd.c ****   if((CardState == HAL_SD_CARD_RECEIVING) || (CardState == HAL_SD_CARD_SENDING))
 6394              		.loc 1 2388 3 is_stmt 1 view .LVU2362
2388:Drivers/STM32F4xx_HAL_Driver/Src/stm32f4xx_hal_sd.c ****   if((CardState == HAL_SD_CARD_RECEIVING) || (CardState == HAL_SD_CARD_SENDING))
 6395              		.loc 1 2388 15 is_stmt 0 view .LVU2363
 6396 0048 2046     		mov	r0, r4
 6397 004a FFF7FEFF 		bl	HAL_SD_GetCardState
 6398              	.LVL503:
2389:Drivers/STM32F4xx_HAL_Driver/Src/stm32f4xx_hal_sd.c ****   {
 6399              		.loc 1 2389 3 is_stmt 1 view .LVU2364
2389:Drivers/STM32F4xx_HAL_Driver/Src/stm32f4xx_hal_sd.c ****   {
 6400              		.loc 1 2389 43 is_stmt 0 view .LVU2365
 6401 004e 0538     		subs	r0, r0, #5
 6402              	.LVL504:
2389:Drivers/STM32F4xx_HAL_Driver/Src/stm32f4xx_hal_sd.c ****   {
 6403              		.loc 1 2389 5 view .LVU2366
 6404 0050 0128     		cmp	r0, #1
 6405 0052 17D9     		bls	.L366
 6406              	.LVL505:
 6407              	.L360:
2393:Drivers/STM32F4xx_HAL_Driver/Src/stm32f4xx_hal_sd.c ****   {
 6408              		.loc 1 2393 3 is_stmt 1 view .LVU2367
2393:Drivers/STM32F4xx_HAL_Driver/Src/stm32f4xx_hal_sd.c ****   {
 6409              		.loc 1 2393 9 is_stmt 0 view .LVU2368
 6410 0054 A36B     		ldr	r3, [r4, #56]
2393:Drivers/STM32F4xx_HAL_Driver/Src/stm32f4xx_hal_sd.c ****   {
 6411              		.loc 1 2393 5 view .LVU2369
 6412 0056 D3B9     		cbnz	r3, .L362
2397:Drivers/STM32F4xx_HAL_Driver/Src/stm32f4xx_hal_sd.c **** }
ARM GAS  /tmp/ccnf9wtj.s 			page 210


 6413              		.loc 1 2397 10 view .LVU2370
 6414 0058 0020     		movs	r0, #0
 6415              	.L361:
2398:Drivers/STM32F4xx_HAL_Driver/Src/stm32f4xx_hal_sd.c **** 
 6416              		.loc 1 2398 1 view .LVU2371
 6417 005a 10BD     		pop	{r4, pc}
 6418              	.LVL506:
 6419              	.L364:
2364:Drivers/STM32F4xx_HAL_Driver/Src/stm32f4xx_hal_sd.c ****       {
 6420              		.loc 1 2364 7 is_stmt 1 view .LVU2372
2364:Drivers/STM32F4xx_HAL_Driver/Src/stm32f4xx_hal_sd.c ****       {
 6421              		.loc 1 2364 10 is_stmt 0 view .LVU2373
 6422 005c C06B     		ldr	r0, [r0, #60]
 6423              	.LVL507:
2364:Drivers/STM32F4xx_HAL_Driver/Src/stm32f4xx_hal_sd.c ****       {
 6424              		.loc 1 2364 10 view .LVU2374
 6425 005e FFF7FEFF 		bl	HAL_DMA_Abort
 6426              	.LVL508:
2364:Drivers/STM32F4xx_HAL_Driver/Src/stm32f4xx_hal_sd.c ****       {
 6427              		.loc 1 2364 9 discriminator 1 view .LVU2375
 6428 0062 0028     		cmp	r0, #0
 6429 0064 EBD0     		beq	.L358
2366:Drivers/STM32F4xx_HAL_Driver/Src/stm32f4xx_hal_sd.c ****       }
 6430              		.loc 1 2366 9 is_stmt 1 view .LVU2376
2366:Drivers/STM32F4xx_HAL_Driver/Src/stm32f4xx_hal_sd.c ****       }
 6431              		.loc 1 2366 12 is_stmt 0 view .LVU2377
 6432 0066 A36B     		ldr	r3, [r4, #56]
2366:Drivers/STM32F4xx_HAL_Driver/Src/stm32f4xx_hal_sd.c ****       }
 6433              		.loc 1 2366 24 view .LVU2378
 6434 0068 43F08043 		orr	r3, r3, #1073741824
 6435 006c A363     		str	r3, [r4, #56]
 6436 006e E6E7     		b	.L358
 6437              	.LVL509:
 6438              	.L365:
2372:Drivers/STM32F4xx_HAL_Driver/Src/stm32f4xx_hal_sd.c ****       {
 6439              		.loc 1 2372 7 is_stmt 1 view .LVU2379
2372:Drivers/STM32F4xx_HAL_Driver/Src/stm32f4xx_hal_sd.c ****       {
 6440              		.loc 1 2372 10 is_stmt 0 view .LVU2380
 6441 0070 006C     		ldr	r0, [r0, #64]
 6442              	.LVL510:
2372:Drivers/STM32F4xx_HAL_Driver/Src/stm32f4xx_hal_sd.c ****       {
 6443              		.loc 1 2372 10 view .LVU2381
 6444 0072 FFF7FEFF 		bl	HAL_DMA_Abort
 6445              	.LVL511:
2372:Drivers/STM32F4xx_HAL_Driver/Src/stm32f4xx_hal_sd.c ****       {
 6446              		.loc 1 2372 9 discriminator 1 view .LVU2382
 6447 0076 0028     		cmp	r0, #0
 6448 0078 E1D0     		beq	.L358
2374:Drivers/STM32F4xx_HAL_Driver/Src/stm32f4xx_hal_sd.c ****       }
 6449              		.loc 1 2374 9 is_stmt 1 view .LVU2383
2374:Drivers/STM32F4xx_HAL_Driver/Src/stm32f4xx_hal_sd.c ****       }
 6450              		.loc 1 2374 12 is_stmt 0 view .LVU2384
 6451 007a A36B     		ldr	r3, [r4, #56]
2374:Drivers/STM32F4xx_HAL_Driver/Src/stm32f4xx_hal_sd.c ****       }
 6452              		.loc 1 2374 24 view .LVU2385
 6453 007c 43F08043 		orr	r3, r3, #1073741824
 6454 0080 A363     		str	r3, [r4, #56]
ARM GAS  /tmp/ccnf9wtj.s 			page 211


 6455 0082 DCE7     		b	.L358
 6456              	.LVL512:
 6457              	.L366:
2391:Drivers/STM32F4xx_HAL_Driver/Src/stm32f4xx_hal_sd.c ****   }
 6458              		.loc 1 2391 5 is_stmt 1 view .LVU2386
2391:Drivers/STM32F4xx_HAL_Driver/Src/stm32f4xx_hal_sd.c ****   }
 6459              		.loc 1 2391 22 is_stmt 0 view .LVU2387
 6460 0084 2068     		ldr	r0, [r4]
 6461              	.LVL513:
2391:Drivers/STM32F4xx_HAL_Driver/Src/stm32f4xx_hal_sd.c ****   }
 6462              		.loc 1 2391 22 view .LVU2388
 6463 0086 FFF7FEFF 		bl	SDMMC_CmdStopTransfer
 6464              	.LVL514:
2391:Drivers/STM32F4xx_HAL_Driver/Src/stm32f4xx_hal_sd.c ****   }
 6465              		.loc 1 2391 20 discriminator 1 view .LVU2389
 6466 008a A063     		str	r0, [r4, #56]
 6467 008c E2E7     		b	.L360
 6468              	.L362:
2395:Drivers/STM32F4xx_HAL_Driver/Src/stm32f4xx_hal_sd.c ****   }
 6469              		.loc 1 2395 12 view .LVU2390
 6470 008e 0120     		movs	r0, #1
 6471 0090 E3E7     		b	.L361
 6472              		.cfi_endproc
 6473              	.LFE155:
 6475              		.section	.text.HAL_SD_Abort_IT,"ax",%progbits
 6476              		.align	1
 6477              		.global	HAL_SD_Abort_IT
 6478              		.syntax unified
 6479              		.thumb
 6480              		.thumb_func
 6482              	HAL_SD_Abort_IT:
 6483              	.LVL515:
 6484              	.LFB156:
2407:Drivers/STM32F4xx_HAL_Driver/Src/stm32f4xx_hal_sd.c ****   HAL_SD_CardStateTypeDef CardState;
 6485              		.loc 1 2407 1 is_stmt 1 view -0
 6486              		.cfi_startproc
 6487              		@ args = 0, pretend = 0, frame = 0
 6488              		@ frame_needed = 0, uses_anonymous_args = 0
2407:Drivers/STM32F4xx_HAL_Driver/Src/stm32f4xx_hal_sd.c ****   HAL_SD_CardStateTypeDef CardState;
 6489              		.loc 1 2407 1 is_stmt 0 view .LVU2392
 6490 0000 10B5     		push	{r4, lr}
 6491              	.LCFI78:
 6492              		.cfi_def_cfa_offset 8
 6493              		.cfi_offset 4, -8
 6494              		.cfi_offset 14, -4
 6495 0002 0446     		mov	r4, r0
2408:Drivers/STM32F4xx_HAL_Driver/Src/stm32f4xx_hal_sd.c ****   uint32_t context = hsd->Context;
 6496              		.loc 1 2408 3 is_stmt 1 view .LVU2393
2409:Drivers/STM32F4xx_HAL_Driver/Src/stm32f4xx_hal_sd.c **** 
 6497              		.loc 1 2409 3 view .LVU2394
2409:Drivers/STM32F4xx_HAL_Driver/Src/stm32f4xx_hal_sd.c **** 
 6498              		.loc 1 2409 12 is_stmt 0 view .LVU2395
 6499 0004 026B     		ldr	r2, [r0, #48]
 6500              	.LVL516:
2412:Drivers/STM32F4xx_HAL_Driver/Src/stm32f4xx_hal_sd.c ****                            SDIO_IT_TXUNDERR| SDIO_IT_RXOVERR);
 6501              		.loc 1 2412 3 is_stmt 1 view .LVU2396
 6502 0006 0168     		ldr	r1, [r0]
ARM GAS  /tmp/ccnf9wtj.s 			page 212


 6503 0008 CB6B     		ldr	r3, [r1, #60]
 6504 000a 23F49D73 		bic	r3, r3, #314
 6505 000e CB63     		str	r3, [r1, #60]
2415:Drivers/STM32F4xx_HAL_Driver/Src/stm32f4xx_hal_sd.c **** 
 6506              		.loc 1 2415 3 view .LVU2397
 6507 0010 0168     		ldr	r1, [r0]
 6508 0012 CB6A     		ldr	r3, [r1, #44]
 6509 0014 23F00103 		bic	r3, r3, #1
 6510 0018 CB62     		str	r3, [r1, #44]
2417:Drivers/STM32F4xx_HAL_Driver/Src/stm32f4xx_hal_sd.c ****   {
 6511              		.loc 1 2417 3 view .LVU2398
2417:Drivers/STM32F4xx_HAL_Driver/Src/stm32f4xx_hal_sd.c ****   {
 6512              		.loc 1 2417 6 is_stmt 0 view .LVU2399
 6513 001a 12F0800F 		tst	r2, #128
 6514 001e 22D0     		beq	.L368
2420:Drivers/STM32F4xx_HAL_Driver/Src/stm32f4xx_hal_sd.c **** 
 6515              		.loc 1 2420 5 is_stmt 1 view .LVU2400
2420:Drivers/STM32F4xx_HAL_Driver/Src/stm32f4xx_hal_sd.c **** 
 6516              		.loc 1 2420 8 is_stmt 0 view .LVU2401
 6517 0020 0168     		ldr	r1, [r0]
2420:Drivers/STM32F4xx_HAL_Driver/Src/stm32f4xx_hal_sd.c **** 
 6518              		.loc 1 2420 18 view .LVU2402
 6519 0022 CB6A     		ldr	r3, [r1, #44]
2420:Drivers/STM32F4xx_HAL_Driver/Src/stm32f4xx_hal_sd.c **** 
 6520              		.loc 1 2420 26 view .LVU2403
 6521 0024 23F00803 		bic	r3, r3, #8
 6522 0028 CB62     		str	r3, [r1, #44]
2423:Drivers/STM32F4xx_HAL_Driver/Src/stm32f4xx_hal_sd.c ****     {
 6523              		.loc 1 2423 5 is_stmt 1 view .LVU2404
2423:Drivers/STM32F4xx_HAL_Driver/Src/stm32f4xx_hal_sd.c ****     {
 6524              		.loc 1 2423 8 is_stmt 0 view .LVU2405
 6525 002a 12F0300F 		tst	r2, #48
 6526 002e 04D1     		bne	.L375
2432:Drivers/STM32F4xx_HAL_Driver/Src/stm32f4xx_hal_sd.c ****     {
 6527              		.loc 1 2432 10 is_stmt 1 view .LVU2406
2432:Drivers/STM32F4xx_HAL_Driver/Src/stm32f4xx_hal_sd.c ****     {
 6528              		.loc 1 2432 13 is_stmt 0 view .LVU2407
 6529 0030 12F0030F 		tst	r2, #3
 6530 0034 0CD1     		bne	.L376
2472:Drivers/STM32F4xx_HAL_Driver/Src/stm32f4xx_hal_sd.c **** }
 6531              		.loc 1 2472 10 view .LVU2408
 6532 0036 0020     		movs	r0, #0
 6533              	.LVL517:
 6534              	.L370:
2473:Drivers/STM32F4xx_HAL_Driver/Src/stm32f4xx_hal_sd.c **** 
 6535              		.loc 1 2473 1 view .LVU2409
 6536 0038 10BD     		pop	{r4, pc}
 6537              	.LVL518:
 6538              	.L375:
2425:Drivers/STM32F4xx_HAL_Driver/Src/stm32f4xx_hal_sd.c ****       if(HAL_DMA_Abort_IT(hsd->hdmatx) != HAL_OK)
 6539              		.loc 1 2425 7 is_stmt 1 view .LVU2410
2425:Drivers/STM32F4xx_HAL_Driver/Src/stm32f4xx_hal_sd.c ****       if(HAL_DMA_Abort_IT(hsd->hdmatx) != HAL_OK)
 6540              		.loc 1 2425 10 is_stmt 0 view .LVU2411
 6541 003a C36B     		ldr	r3, [r0, #60]
2425:Drivers/STM32F4xx_HAL_Driver/Src/stm32f4xx_hal_sd.c ****       if(HAL_DMA_Abort_IT(hsd->hdmatx) != HAL_OK)
 6542              		.loc 1 2425 38 view .LVU2412
 6543 003c 184A     		ldr	r2, .L379
ARM GAS  /tmp/ccnf9wtj.s 			page 213


 6544              	.LVL519:
2425:Drivers/STM32F4xx_HAL_Driver/Src/stm32f4xx_hal_sd.c ****       if(HAL_DMA_Abort_IT(hsd->hdmatx) != HAL_OK)
 6545              		.loc 1 2425 38 view .LVU2413
 6546 003e 1A65     		str	r2, [r3, #80]
2426:Drivers/STM32F4xx_HAL_Driver/Src/stm32f4xx_hal_sd.c ****       {
 6547              		.loc 1 2426 7 is_stmt 1 view .LVU2414
2426:Drivers/STM32F4xx_HAL_Driver/Src/stm32f4xx_hal_sd.c ****       {
 6548              		.loc 1 2426 10 is_stmt 0 view .LVU2415
 6549 0040 C06B     		ldr	r0, [r0, #60]
 6550              	.LVL520:
2426:Drivers/STM32F4xx_HAL_Driver/Src/stm32f4xx_hal_sd.c ****       {
 6551              		.loc 1 2426 10 view .LVU2416
 6552 0042 FFF7FEFF 		bl	HAL_DMA_Abort_IT
 6553              	.LVL521:
2426:Drivers/STM32F4xx_HAL_Driver/Src/stm32f4xx_hal_sd.c ****       {
 6554              		.loc 1 2426 9 discriminator 1 view .LVU2417
 6555 0046 0028     		cmp	r0, #0
 6556 0048 F6D0     		beq	.L370
2428:Drivers/STM32F4xx_HAL_Driver/Src/stm32f4xx_hal_sd.c ****       }
 6557              		.loc 1 2428 9 is_stmt 1 view .LVU2418
2428:Drivers/STM32F4xx_HAL_Driver/Src/stm32f4xx_hal_sd.c ****       }
 6558              		.loc 1 2428 21 is_stmt 0 view .LVU2419
 6559 004a 0020     		movs	r0, #0
 6560 004c E063     		str	r0, [r4, #60]
 6561 004e F3E7     		b	.L370
 6562              	.LVL522:
 6563              	.L376:
2434:Drivers/STM32F4xx_HAL_Driver/Src/stm32f4xx_hal_sd.c ****       if(HAL_DMA_Abort_IT(hsd->hdmarx) != HAL_OK)
 6564              		.loc 1 2434 7 is_stmt 1 view .LVU2420
2434:Drivers/STM32F4xx_HAL_Driver/Src/stm32f4xx_hal_sd.c ****       if(HAL_DMA_Abort_IT(hsd->hdmarx) != HAL_OK)
 6565              		.loc 1 2434 10 is_stmt 0 view .LVU2421
 6566 0050 036C     		ldr	r3, [r0, #64]
2434:Drivers/STM32F4xx_HAL_Driver/Src/stm32f4xx_hal_sd.c ****       if(HAL_DMA_Abort_IT(hsd->hdmarx) != HAL_OK)
 6567              		.loc 1 2434 38 view .LVU2422
 6568 0052 144A     		ldr	r2, .L379+4
 6569              	.LVL523:
2434:Drivers/STM32F4xx_HAL_Driver/Src/stm32f4xx_hal_sd.c ****       if(HAL_DMA_Abort_IT(hsd->hdmarx) != HAL_OK)
 6570              		.loc 1 2434 38 view .LVU2423
 6571 0054 1A65     		str	r2, [r3, #80]
2435:Drivers/STM32F4xx_HAL_Driver/Src/stm32f4xx_hal_sd.c ****       {
 6572              		.loc 1 2435 7 is_stmt 1 view .LVU2424
2435:Drivers/STM32F4xx_HAL_Driver/Src/stm32f4xx_hal_sd.c ****       {
 6573              		.loc 1 2435 10 is_stmt 0 view .LVU2425
 6574 0056 006C     		ldr	r0, [r0, #64]
 6575              	.LVL524:
2435:Drivers/STM32F4xx_HAL_Driver/Src/stm32f4xx_hal_sd.c ****       {
 6576              		.loc 1 2435 10 view .LVU2426
 6577 0058 FFF7FEFF 		bl	HAL_DMA_Abort_IT
 6578              	.LVL525:
2435:Drivers/STM32F4xx_HAL_Driver/Src/stm32f4xx_hal_sd.c ****       {
 6579              		.loc 1 2435 9 discriminator 1 view .LVU2427
 6580 005c 0028     		cmp	r0, #0
 6581 005e EBD0     		beq	.L370
2437:Drivers/STM32F4xx_HAL_Driver/Src/stm32f4xx_hal_sd.c ****       }
 6582              		.loc 1 2437 9 is_stmt 1 view .LVU2428
2437:Drivers/STM32F4xx_HAL_Driver/Src/stm32f4xx_hal_sd.c ****       }
 6583              		.loc 1 2437 21 is_stmt 0 view .LVU2429
ARM GAS  /tmp/ccnf9wtj.s 			page 214


 6584 0060 0020     		movs	r0, #0
 6585 0062 2064     		str	r0, [r4, #64]
 6586 0064 E8E7     		b	.L370
 6587              	.LVL526:
 6588              	.L368:
2449:Drivers/STM32F4xx_HAL_Driver/Src/stm32f4xx_hal_sd.c **** 
 6589              		.loc 1 2449 5 is_stmt 1 view .LVU2430
 6590 0066 0368     		ldr	r3, [r0]
 6591 0068 40F23A52 		movw	r2, #1338
 6592              	.LVL527:
2449:Drivers/STM32F4xx_HAL_Driver/Src/stm32f4xx_hal_sd.c **** 
 6593              		.loc 1 2449 5 is_stmt 0 view .LVU2431
 6594 006c 9A63     		str	r2, [r3, #56]
2451:Drivers/STM32F4xx_HAL_Driver/Src/stm32f4xx_hal_sd.c ****     hsd->State = HAL_SD_STATE_READY;
 6595              		.loc 1 2451 5 is_stmt 1 view .LVU2432
2451:Drivers/STM32F4xx_HAL_Driver/Src/stm32f4xx_hal_sd.c ****     hsd->State = HAL_SD_STATE_READY;
 6596              		.loc 1 2451 17 is_stmt 0 view .LVU2433
 6597 006e FFF7FEFF 		bl	HAL_SD_GetCardState
 6598              	.LVL528:
2452:Drivers/STM32F4xx_HAL_Driver/Src/stm32f4xx_hal_sd.c ****     hsd->Context = SD_CONTEXT_NONE;
 6599              		.loc 1 2452 5 is_stmt 1 view .LVU2434
2452:Drivers/STM32F4xx_HAL_Driver/Src/stm32f4xx_hal_sd.c ****     hsd->Context = SD_CONTEXT_NONE;
 6600              		.loc 1 2452 16 is_stmt 0 view .LVU2435
 6601 0072 0123     		movs	r3, #1
 6602 0074 84F83430 		strb	r3, [r4, #52]
2453:Drivers/STM32F4xx_HAL_Driver/Src/stm32f4xx_hal_sd.c ****     if((CardState == HAL_SD_CARD_RECEIVING) || (CardState == HAL_SD_CARD_SENDING))
 6603              		.loc 1 2453 5 is_stmt 1 view .LVU2436
2453:Drivers/STM32F4xx_HAL_Driver/Src/stm32f4xx_hal_sd.c ****     if((CardState == HAL_SD_CARD_RECEIVING) || (CardState == HAL_SD_CARD_SENDING))
 6604              		.loc 1 2453 18 is_stmt 0 view .LVU2437
 6605 0078 0023     		movs	r3, #0
 6606 007a 2363     		str	r3, [r4, #48]
2454:Drivers/STM32F4xx_HAL_Driver/Src/stm32f4xx_hal_sd.c ****     {
 6607              		.loc 1 2454 5 is_stmt 1 view .LVU2438
2454:Drivers/STM32F4xx_HAL_Driver/Src/stm32f4xx_hal_sd.c ****     {
 6608              		.loc 1 2454 45 is_stmt 0 view .LVU2439
 6609 007c 0538     		subs	r0, r0, #5
 6610              	.LVL529:
2454:Drivers/STM32F4xx_HAL_Driver/Src/stm32f4xx_hal_sd.c ****     {
 6611              		.loc 1 2454 7 view .LVU2440
 6612 007e 0128     		cmp	r0, #1
 6613 0080 03D9     		bls	.L377
 6614              	.LVL530:
 6615              	.L371:
2458:Drivers/STM32F4xx_HAL_Driver/Src/stm32f4xx_hal_sd.c ****     {
 6616              		.loc 1 2458 5 is_stmt 1 view .LVU2441
2458:Drivers/STM32F4xx_HAL_Driver/Src/stm32f4xx_hal_sd.c ****     {
 6617              		.loc 1 2458 11 is_stmt 0 view .LVU2442
 6618 0082 A36B     		ldr	r3, [r4, #56]
2458:Drivers/STM32F4xx_HAL_Driver/Src/stm32f4xx_hal_sd.c ****     {
 6619              		.loc 1 2458 7 view .LVU2443
 6620 0084 33B1     		cbz	r3, .L378
2460:Drivers/STM32F4xx_HAL_Driver/Src/stm32f4xx_hal_sd.c ****     }
 6621              		.loc 1 2460 14 view .LVU2444
 6622 0086 0120     		movs	r0, #1
 6623 0088 D6E7     		b	.L370
 6624              	.LVL531:
 6625              	.L377:
ARM GAS  /tmp/ccnf9wtj.s 			page 215


2456:Drivers/STM32F4xx_HAL_Driver/Src/stm32f4xx_hal_sd.c ****     }
 6626              		.loc 1 2456 7 is_stmt 1 view .LVU2445
2456:Drivers/STM32F4xx_HAL_Driver/Src/stm32f4xx_hal_sd.c ****     }
 6627              		.loc 1 2456 24 is_stmt 0 view .LVU2446
 6628 008a 2068     		ldr	r0, [r4]
 6629              	.LVL532:
2456:Drivers/STM32F4xx_HAL_Driver/Src/stm32f4xx_hal_sd.c ****     }
 6630              		.loc 1 2456 24 view .LVU2447
 6631 008c FFF7FEFF 		bl	SDMMC_CmdStopTransfer
 6632              	.LVL533:
2456:Drivers/STM32F4xx_HAL_Driver/Src/stm32f4xx_hal_sd.c ****     }
 6633              		.loc 1 2456 22 discriminator 1 view .LVU2448
 6634 0090 A063     		str	r0, [r4, #56]
 6635 0092 F6E7     		b	.L371
 6636              	.L378:
2467:Drivers/STM32F4xx_HAL_Driver/Src/stm32f4xx_hal_sd.c **** #endif /* USE_HAL_SD_REGISTER_CALLBACKS */
 6637              		.loc 1 2467 7 is_stmt 1 view .LVU2449
 6638 0094 2046     		mov	r0, r4
 6639 0096 FFF7FEFF 		bl	HAL_SD_AbortCallback
 6640              	.LVL534:
2472:Drivers/STM32F4xx_HAL_Driver/Src/stm32f4xx_hal_sd.c **** }
 6641              		.loc 1 2472 10 is_stmt 0 view .LVU2450
 6642 009a 0020     		movs	r0, #0
 6643 009c CCE7     		b	.L370
 6644              	.L380:
 6645 009e 00BF     		.align	2
 6646              	.L379:
 6647 00a0 00000000 		.word	SD_DMATxAbort
 6648 00a4 00000000 		.word	SD_DMARxAbort
 6649              		.cfi_endproc
 6650              	.LFE156:
 6652              		.text
 6653              	.Letext0:
 6654              		.file 2 "/usr/lib/gcc/arm-none-eabi/14.2.1/include/stdint.h"
 6655              		.file 3 "Drivers/CMSIS/Device/ST/STM32F4xx/Include/stm32f407xx.h"
 6656              		.file 4 "Drivers/CMSIS/Device/ST/STM32F4xx/Include/stm32f4xx.h"
 6657              		.file 5 "Drivers/STM32F4xx_HAL_Driver/Inc/stm32f4xx_hal_def.h"
 6658              		.file 6 "Drivers/STM32F4xx_HAL_Driver/Inc/stm32f4xx_hal_dma.h"
 6659              		.file 7 "Drivers/STM32F4xx_HAL_Driver/Inc/stm32f4xx_ll_sdmmc.h"
 6660              		.file 8 "Drivers/STM32F4xx_HAL_Driver/Inc/stm32f4xx_hal_sd.h"
 6661              		.file 9 "Drivers/STM32F4xx_HAL_Driver/Inc/stm32f4xx_hal.h"
ARM GAS  /tmp/ccnf9wtj.s 			page 216


DEFINED SYMBOLS
                            *ABS*:00000000 stm32f4xx_hal_sd.c
     /tmp/ccnf9wtj.s:21     .text.SD_DMATransmitCplt:00000000 $t
     /tmp/ccnf9wtj.s:26     .text.SD_DMATransmitCplt:00000000 SD_DMATransmitCplt
     /tmp/ccnf9wtj.s:52     .text.SD_PowerON:00000000 $t
     /tmp/ccnf9wtj.s:57     .text.SD_PowerON:00000000 SD_PowerON
     /tmp/ccnf9wtj.s:276    .text.SD_PowerON:000000bc $d
     /tmp/ccnf9wtj.s:281    .text.SD_PowerOFF:00000000 $t
     /tmp/ccnf9wtj.s:286    .text.SD_PowerOFF:00000000 SD_PowerOFF
     /tmp/ccnf9wtj.s:312    .text.SD_Read_IT:00000000 $t
     /tmp/ccnf9wtj.s:317    .text.SD_Read_IT:00000000 SD_Read_IT
     /tmp/ccnf9wtj.s:420    .text.SD_Write_IT:00000000 $t
     /tmp/ccnf9wtj.s:425    .text.SD_Write_IT:00000000 SD_Write_IT
     /tmp/ccnf9wtj.s:542    .text.SD_SendSDStatus:00000000 $t
     /tmp/ccnf9wtj.s:547    .text.SD_SendSDStatus:00000000 SD_SendSDStatus
     /tmp/ccnf9wtj.s:815    .text.SD_FindSCR:00000000 $t
     /tmp/ccnf9wtj.s:820    .text.SD_FindSCR:00000000 SD_FindSCR
     /tmp/ccnf9wtj.s:1084   .text.SD_WideBus_Enable:00000000 $t
     /tmp/ccnf9wtj.s:1089   .text.SD_WideBus_Enable:00000000 SD_WideBus_Enable
     /tmp/ccnf9wtj.s:1184   .text.SD_WideBus_Disable:00000000 $t
     /tmp/ccnf9wtj.s:1189   .text.SD_WideBus_Disable:00000000 SD_WideBus_Disable
     /tmp/ccnf9wtj.s:1284   .text.SD_SendStatus:00000000 $t
     /tmp/ccnf9wtj.s:1289   .text.SD_SendStatus:00000000 SD_SendStatus
     /tmp/ccnf9wtj.s:1354   .text.HAL_SD_MspInit:00000000 $t
     /tmp/ccnf9wtj.s:1360   .text.HAL_SD_MspInit:00000000 HAL_SD_MspInit
     /tmp/ccnf9wtj.s:1375   .text.HAL_SD_MspDeInit:00000000 $t
     /tmp/ccnf9wtj.s:1381   .text.HAL_SD_MspDeInit:00000000 HAL_SD_MspDeInit
     /tmp/ccnf9wtj.s:1396   .text.HAL_SD_DeInit:00000000 $t
     /tmp/ccnf9wtj.s:1402   .text.HAL_SD_DeInit:00000000 HAL_SD_DeInit
     /tmp/ccnf9wtj.s:1456   .text.HAL_SD_ReadBlocks:00000000 $t
     /tmp/ccnf9wtj.s:1462   .text.HAL_SD_ReadBlocks:00000000 HAL_SD_ReadBlocks
     /tmp/ccnf9wtj.s:2022   .text.HAL_SD_ReadBlocks:00000244 $d
     /tmp/ccnf9wtj.s:2027   .text.HAL_SD_WriteBlocks:00000000 $t
     /tmp/ccnf9wtj.s:2033   .text.HAL_SD_WriteBlocks:00000000 HAL_SD_WriteBlocks
     /tmp/ccnf9wtj.s:2520   .text.HAL_SD_WriteBlocks:00000208 $d
     /tmp/ccnf9wtj.s:2525   .text.HAL_SD_ReadBlocks_IT:00000000 $t
     /tmp/ccnf9wtj.s:2531   .text.HAL_SD_ReadBlocks_IT:00000000 HAL_SD_ReadBlocks_IT
     /tmp/ccnf9wtj.s:2753   .text.HAL_SD_ReadBlocks_IT:000000c8 $d
     /tmp/ccnf9wtj.s:2758   .text.HAL_SD_WriteBlocks_IT:00000000 $t
     /tmp/ccnf9wtj.s:2764   .text.HAL_SD_WriteBlocks_IT:00000000 HAL_SD_WriteBlocks_IT
     /tmp/ccnf9wtj.s:2987   .text.HAL_SD_WriteBlocks_IT:000000c0 $d
     /tmp/ccnf9wtj.s:2992   .text.HAL_SD_ReadBlocks_DMA:00000000 $t
     /tmp/ccnf9wtj.s:2998   .text.HAL_SD_ReadBlocks_DMA:00000000 HAL_SD_ReadBlocks_DMA
     /tmp/ccnf9wtj.s:3284   .text.HAL_SD_ReadBlocks_DMA:00000128 $d
     /tmp/ccnf9wtj.s:3978   .text.SD_DMAReceiveCplt:00000000 SD_DMAReceiveCplt
     /tmp/ccnf9wtj.s:5620   .text.SD_DMAError:00000000 SD_DMAError
     /tmp/ccnf9wtj.s:3292   .text.HAL_SD_WriteBlocks_DMA:00000000 $t
     /tmp/ccnf9wtj.s:3298   .text.HAL_SD_WriteBlocks_DMA:00000000 HAL_SD_WriteBlocks_DMA
     /tmp/ccnf9wtj.s:3591   .text.HAL_SD_WriteBlocks_DMA:0000012c $d
     /tmp/ccnf9wtj.s:3599   .text.HAL_SD_Erase:00000000 $t
     /tmp/ccnf9wtj.s:3605   .text.HAL_SD_Erase:00000000 HAL_SD_Erase
     /tmp/ccnf9wtj.s:3857   .text.HAL_SD_Erase:000000f4 $d
     /tmp/ccnf9wtj.s:3862   .text.HAL_SD_GetState:00000000 $t
     /tmp/ccnf9wtj.s:3868   .text.HAL_SD_GetState:00000000 HAL_SD_GetState
     /tmp/ccnf9wtj.s:3886   .text.HAL_SD_GetError:00000000 $t
     /tmp/ccnf9wtj.s:3892   .text.HAL_SD_GetError:00000000 HAL_SD_GetError
     /tmp/ccnf9wtj.s:3910   .text.HAL_SD_TxCpltCallback:00000000 $t
ARM GAS  /tmp/ccnf9wtj.s 			page 217


     /tmp/ccnf9wtj.s:3916   .text.HAL_SD_TxCpltCallback:00000000 HAL_SD_TxCpltCallback
     /tmp/ccnf9wtj.s:3931   .text.HAL_SD_RxCpltCallback:00000000 $t
     /tmp/ccnf9wtj.s:3937   .text.HAL_SD_RxCpltCallback:00000000 HAL_SD_RxCpltCallback
     /tmp/ccnf9wtj.s:3952   .text.HAL_SD_ErrorCallback:00000000 $t
     /tmp/ccnf9wtj.s:3958   .text.HAL_SD_ErrorCallback:00000000 HAL_SD_ErrorCallback
     /tmp/ccnf9wtj.s:3973   .text.SD_DMAReceiveCplt:00000000 $t
     /tmp/ccnf9wtj.s:4061   .text.HAL_SD_AbortCallback:00000000 $t
     /tmp/ccnf9wtj.s:4067   .text.HAL_SD_AbortCallback:00000000 HAL_SD_AbortCallback
     /tmp/ccnf9wtj.s:4082   .text.HAL_SD_GetCardCID:00000000 $t
     /tmp/ccnf9wtj.s:4088   .text.HAL_SD_GetCardCID:00000000 HAL_SD_GetCardCID
     /tmp/ccnf9wtj.s:4173   .text.HAL_SD_GetCardCSD:00000000 $t
     /tmp/ccnf9wtj.s:4179   .text.HAL_SD_GetCardCSD:00000000 HAL_SD_GetCardCSD
     /tmp/ccnf9wtj.s:4553   .text.HAL_SD_GetCardCSD:000001b4 $d
     /tmp/ccnf9wtj.s:4558   .text.SD_InitCard:00000000 $t
     /tmp/ccnf9wtj.s:4563   .text.SD_InitCard:00000000 SD_InitCard
     /tmp/ccnf9wtj.s:4804   .text.HAL_SD_InitCard:00000000 $t
     /tmp/ccnf9wtj.s:4810   .text.HAL_SD_InitCard:00000000 HAL_SD_InitCard
     /tmp/ccnf9wtj.s:4981   .text.HAL_SD_InitCard:000000a0 $d
     /tmp/ccnf9wtj.s:4987   .text.HAL_SD_Init:00000000 $t
     /tmp/ccnf9wtj.s:4993   .text.HAL_SD_Init:00000000 HAL_SD_Init
     /tmp/ccnf9wtj.s:5083   .text.HAL_SD_GetCardStatus:00000000 $t
     /tmp/ccnf9wtj.s:5089   .text.HAL_SD_GetCardStatus:00000000 HAL_SD_GetCardStatus
     /tmp/ccnf9wtj.s:5268   .text.HAL_SD_GetCardStatus:000000a8 $d
     /tmp/ccnf9wtj.s:5273   .text.HAL_SD_GetCardInfo:00000000 $t
     /tmp/ccnf9wtj.s:5279   .text.HAL_SD_GetCardInfo:00000000 HAL_SD_GetCardInfo
     /tmp/ccnf9wtj.s:5337   .text.HAL_SD_ConfigWideBusOperation:00000000 $t
     /tmp/ccnf9wtj.s:5343   .text.HAL_SD_ConfigWideBusOperation:00000000 HAL_SD_ConfigWideBusOperation
     /tmp/ccnf9wtj.s:5546   .text.HAL_SD_ConfigWideBusOperation:000000bc $d
     /tmp/ccnf9wtj.s:5551   .text.HAL_SD_GetCardState:00000000 $t
     /tmp/ccnf9wtj.s:5557   .text.HAL_SD_GetCardState:00000000 HAL_SD_GetCardState
     /tmp/ccnf9wtj.s:5615   .text.SD_DMAError:00000000 $t
     /tmp/ccnf9wtj.s:5736   .text.SD_DMAError:00000064 $d
     /tmp/ccnf9wtj.s:5741   .text.SD_DMATxAbort:00000000 $t
     /tmp/ccnf9wtj.s:5746   .text.SD_DMATxAbort:00000000 SD_DMATxAbort
     /tmp/ccnf9wtj.s:5830   .text.SD_DMARxAbort:00000000 $t
     /tmp/ccnf9wtj.s:5835   .text.SD_DMARxAbort:00000000 SD_DMARxAbort
     /tmp/ccnf9wtj.s:5919   .text.HAL_SD_IRQHandler:00000000 $t
     /tmp/ccnf9wtj.s:5925   .text.HAL_SD_IRQHandler:00000000 HAL_SD_IRQHandler
     /tmp/ccnf9wtj.s:6318   .text.HAL_SD_IRQHandler:000001d8 $d
     /tmp/ccnf9wtj.s:6324   .text.HAL_SD_Abort:00000000 $t
     /tmp/ccnf9wtj.s:6330   .text.HAL_SD_Abort:00000000 HAL_SD_Abort
     /tmp/ccnf9wtj.s:6476   .text.HAL_SD_Abort_IT:00000000 $t
     /tmp/ccnf9wtj.s:6482   .text.HAL_SD_Abort_IT:00000000 HAL_SD_Abort_IT
     /tmp/ccnf9wtj.s:6647   .text.HAL_SD_Abort_IT:000000a0 $d

UNDEFINED SYMBOLS
SDMMC_CmdGoIdleState
SDMMC_CmdOperCond
SDMMC_CmdAppCommand
SDMMC_CmdAppOperCommand
SDIO_GetResponse
SDIO_PowerState_OFF
SDIO_ReadFIFO
SDIO_WriteFIFO
HAL_GetTick
SDMMC_CmdBlockLength
SDIO_ConfigData
ARM GAS  /tmp/ccnf9wtj.s 			page 218


SDMMC_CmdStatusRegister
SDMMC_CmdSendSCR
SDMMC_CmdBusWidth
SDMMC_CmdSendStatus
SDMMC_CmdReadMultiBlock
SDMMC_CmdReadSingleBlock
SDMMC_CmdStopTransfer
SDMMC_CmdWriteMultiBlock
SDMMC_CmdWriteSingleBlock
HAL_DMA_Start_IT
SDMMC_CmdSDEraseStartAdd
SDMMC_CmdSDEraseEndAdd
SDMMC_CmdErase
SDIO_GetPowerState
SDMMC_CmdSendCSD
SDMMC_CmdSelDesel
SDIO_Init
SDMMC_CmdSendCID
SDMMC_CmdSetRelAdd
SDIO_PowerState_ON
HAL_Delay
HAL_DMA_GetError
HAL_DMA_Abort_IT
HAL_DMA_Abort
