ARM GAS  /tmp/ccXZyIjC.s 			page 1


   1              		.cpu cortex-m4
   2              		.arch armv7e-m
   3              		.fpu fpv4-sp-d16
   4              		.eabi_attribute 27, 1
   5              		.eabi_attribute 28, 1
   6              		.eabi_attribute 20, 1
   7              		.eabi_attribute 21, 1
   8              		.eabi_attribute 23, 3
   9              		.eabi_attribute 24, 1
  10              		.eabi_attribute 25, 1
  11              		.eabi_attribute 26, 1
  12              		.eabi_attribute 30, 1
  13              		.eabi_attribute 34, 1
  14              		.eabi_attribute 18, 4
  15              		.file	"stm32f4xx_hal_rtc.c"
  16              		.text
  17              	.Ltext0:
  18              		.cfi_sections	.debug_frame
  19              		.file 1 "Drivers/STM32F4xx_HAL_Driver/Src/stm32f4xx_hal_rtc.c"
  20              		.section	.text.HAL_RTC_MspInit,"ax",%progbits
  21              		.align	1
  22              		.weak	HAL_RTC_MspInit
  23              		.syntax unified
  24              		.thumb
  25              		.thumb_func
  27              	HAL_RTC_MspInit:
  28              	.LVL0:
  29              	.LFB132:
   1:Drivers/STM32F4xx_HAL_Driver/Src/stm32f4xx_hal_rtc.c **** /**
   2:Drivers/STM32F4xx_HAL_Driver/Src/stm32f4xx_hal_rtc.c ****   ******************************************************************************
   3:Drivers/STM32F4xx_HAL_Driver/Src/stm32f4xx_hal_rtc.c ****   * @file    stm32f4xx_hal_rtc.c
   4:Drivers/STM32F4xx_HAL_Driver/Src/stm32f4xx_hal_rtc.c ****   * @author  MCD Application Team
   5:Drivers/STM32F4xx_HAL_Driver/Src/stm32f4xx_hal_rtc.c ****   * @brief   RTC HAL module driver.
   6:Drivers/STM32F4xx_HAL_Driver/Src/stm32f4xx_hal_rtc.c ****   *          This file provides firmware functions to manage the following
   7:Drivers/STM32F4xx_HAL_Driver/Src/stm32f4xx_hal_rtc.c ****   *          functionalities of the Real-Time Clock (RTC) peripheral:
   8:Drivers/STM32F4xx_HAL_Driver/Src/stm32f4xx_hal_rtc.c ****   *           + Initialization and de-initialization functions
   9:Drivers/STM32F4xx_HAL_Driver/Src/stm32f4xx_hal_rtc.c ****   *           + RTC Calendar (Time and Date) configuration functions
  10:Drivers/STM32F4xx_HAL_Driver/Src/stm32f4xx_hal_rtc.c ****   *           + RTC Alarms (Alarm A and Alarm B) configuration functions
  11:Drivers/STM32F4xx_HAL_Driver/Src/stm32f4xx_hal_rtc.c ****   *           + Peripheral Control functions
  12:Drivers/STM32F4xx_HAL_Driver/Src/stm32f4xx_hal_rtc.c ****   *           + Peripheral State functions
  13:Drivers/STM32F4xx_HAL_Driver/Src/stm32f4xx_hal_rtc.c ****   *
  14:Drivers/STM32F4xx_HAL_Driver/Src/stm32f4xx_hal_rtc.c ****   ******************************************************************************
  15:Drivers/STM32F4xx_HAL_Driver/Src/stm32f4xx_hal_rtc.c ****   * @attention
  16:Drivers/STM32F4xx_HAL_Driver/Src/stm32f4xx_hal_rtc.c ****   *
  17:Drivers/STM32F4xx_HAL_Driver/Src/stm32f4xx_hal_rtc.c ****   * Copyright (c) 2017 STMicroelectronics.
  18:Drivers/STM32F4xx_HAL_Driver/Src/stm32f4xx_hal_rtc.c ****   * All rights reserved.
  19:Drivers/STM32F4xx_HAL_Driver/Src/stm32f4xx_hal_rtc.c ****   *
  20:Drivers/STM32F4xx_HAL_Driver/Src/stm32f4xx_hal_rtc.c ****   * This software is licensed under terms that can be found in the LICENSE file
  21:Drivers/STM32F4xx_HAL_Driver/Src/stm32f4xx_hal_rtc.c ****   * in the root directory of this software component.
  22:Drivers/STM32F4xx_HAL_Driver/Src/stm32f4xx_hal_rtc.c ****   * If no LICENSE file comes with this software, it is provided AS-IS.
  23:Drivers/STM32F4xx_HAL_Driver/Src/stm32f4xx_hal_rtc.c ****   *
  24:Drivers/STM32F4xx_HAL_Driver/Src/stm32f4xx_hal_rtc.c ****   ******************************************************************************
  25:Drivers/STM32F4xx_HAL_Driver/Src/stm32f4xx_hal_rtc.c ****   @verbatim
  26:Drivers/STM32F4xx_HAL_Driver/Src/stm32f4xx_hal_rtc.c ****   ==============================================================================
  27:Drivers/STM32F4xx_HAL_Driver/Src/stm32f4xx_hal_rtc.c ****                ##### RTC and Backup Domain Operating Condition #####
  28:Drivers/STM32F4xx_HAL_Driver/Src/stm32f4xx_hal_rtc.c ****   ==============================================================================
  29:Drivers/STM32F4xx_HAL_Driver/Src/stm32f4xx_hal_rtc.c ****   [..] The real-time clock (RTC), the RTC backup registers, and the backup
ARM GAS  /tmp/ccXZyIjC.s 			page 2


  30:Drivers/STM32F4xx_HAL_Driver/Src/stm32f4xx_hal_rtc.c ****        SRAM (BKP SRAM) can be powered from the VBAT voltage when the main
  31:Drivers/STM32F4xx_HAL_Driver/Src/stm32f4xx_hal_rtc.c ****        VDD supply is powered off.
  32:Drivers/STM32F4xx_HAL_Driver/Src/stm32f4xx_hal_rtc.c ****        To retain the content of the RTC backup registers, BKP SRAM, and supply
  33:Drivers/STM32F4xx_HAL_Driver/Src/stm32f4xx_hal_rtc.c ****        the RTC when VDD is turned off, VBAT pin can be connected to an optional
  34:Drivers/STM32F4xx_HAL_Driver/Src/stm32f4xx_hal_rtc.c ****        standby voltage supplied by a battery or by another source.
  35:Drivers/STM32F4xx_HAL_Driver/Src/stm32f4xx_hal_rtc.c **** 
  36:Drivers/STM32F4xx_HAL_Driver/Src/stm32f4xx_hal_rtc.c ****   [..] To allow the RTC operating even when the main digital supply (VDD) is turned
  37:Drivers/STM32F4xx_HAL_Driver/Src/stm32f4xx_hal_rtc.c ****        off, the VBAT pin powers the following blocks:
  38:Drivers/STM32F4xx_HAL_Driver/Src/stm32f4xx_hal_rtc.c ****     (#) The RTC
  39:Drivers/STM32F4xx_HAL_Driver/Src/stm32f4xx_hal_rtc.c ****     (#) The LSE oscillator
  40:Drivers/STM32F4xx_HAL_Driver/Src/stm32f4xx_hal_rtc.c ****     (#) The BKP SRAM when the low power backup regulator is enabled
  41:Drivers/STM32F4xx_HAL_Driver/Src/stm32f4xx_hal_rtc.c ****     (#) PC13 to PC15 I/Os, plus PI8 I/O (when available)
  42:Drivers/STM32F4xx_HAL_Driver/Src/stm32f4xx_hal_rtc.c **** 
  43:Drivers/STM32F4xx_HAL_Driver/Src/stm32f4xx_hal_rtc.c ****   [..] When the backup domain is supplied by VDD (analog switch connected to VDD),
  44:Drivers/STM32F4xx_HAL_Driver/Src/stm32f4xx_hal_rtc.c ****        the following pins are available:
  45:Drivers/STM32F4xx_HAL_Driver/Src/stm32f4xx_hal_rtc.c ****     (#) PC14 and PC15 can be used as either GPIO or LSE pins
  46:Drivers/STM32F4xx_HAL_Driver/Src/stm32f4xx_hal_rtc.c ****     (#) PC13 can be used as a GPIO or as the RTC_AF1 pin
  47:Drivers/STM32F4xx_HAL_Driver/Src/stm32f4xx_hal_rtc.c ****     (#) PI8 can be used as a GPIO or as the RTC_AF2 pin
  48:Drivers/STM32F4xx_HAL_Driver/Src/stm32f4xx_hal_rtc.c **** 
  49:Drivers/STM32F4xx_HAL_Driver/Src/stm32f4xx_hal_rtc.c ****   [..] When the backup domain is supplied by VBAT (analog switch connected to VBAT
  50:Drivers/STM32F4xx_HAL_Driver/Src/stm32f4xx_hal_rtc.c ****        because VDD is not present), the following pins are available:
  51:Drivers/STM32F4xx_HAL_Driver/Src/stm32f4xx_hal_rtc.c ****     (#) PC14 and PC15 can be used as LSE pins only
  52:Drivers/STM32F4xx_HAL_Driver/Src/stm32f4xx_hal_rtc.c ****     (#) PC13 can be used as the RTC_AF1 pin
  53:Drivers/STM32F4xx_HAL_Driver/Src/stm32f4xx_hal_rtc.c ****     (#) PI8 can be used as the RTC_AF2 pin
  54:Drivers/STM32F4xx_HAL_Driver/Src/stm32f4xx_hal_rtc.c **** 
  55:Drivers/STM32F4xx_HAL_Driver/Src/stm32f4xx_hal_rtc.c ****                    ##### Backup Domain Reset #####
  56:Drivers/STM32F4xx_HAL_Driver/Src/stm32f4xx_hal_rtc.c ****   ==================================================================
  57:Drivers/STM32F4xx_HAL_Driver/Src/stm32f4xx_hal_rtc.c ****   [..] The backup domain reset sets all RTC registers and the RCC_BDCR register
  58:Drivers/STM32F4xx_HAL_Driver/Src/stm32f4xx_hal_rtc.c ****        to their reset values.
  59:Drivers/STM32F4xx_HAL_Driver/Src/stm32f4xx_hal_rtc.c ****        The BKP SRAM is not affected by this reset. The only way to reset the BKP
  60:Drivers/STM32F4xx_HAL_Driver/Src/stm32f4xx_hal_rtc.c ****        SRAM is through the Flash interface by requesting a protection level
  61:Drivers/STM32F4xx_HAL_Driver/Src/stm32f4xx_hal_rtc.c ****        change from 1 to 0.
  62:Drivers/STM32F4xx_HAL_Driver/Src/stm32f4xx_hal_rtc.c ****   [..] A backup domain reset is generated when one of the following events occurs:
  63:Drivers/STM32F4xx_HAL_Driver/Src/stm32f4xx_hal_rtc.c ****     (#) Software reset, triggered by setting the BDRST bit in the
  64:Drivers/STM32F4xx_HAL_Driver/Src/stm32f4xx_hal_rtc.c ****         RCC Backup domain control register (RCC_BDCR).
  65:Drivers/STM32F4xx_HAL_Driver/Src/stm32f4xx_hal_rtc.c ****     (#) VDD or VBAT power on, if both supplies have previously been powered off.
  66:Drivers/STM32F4xx_HAL_Driver/Src/stm32f4xx_hal_rtc.c **** 
  67:Drivers/STM32F4xx_HAL_Driver/Src/stm32f4xx_hal_rtc.c ****                    ##### Backup Domain Access #####
  68:Drivers/STM32F4xx_HAL_Driver/Src/stm32f4xx_hal_rtc.c ****   ==================================================================
  69:Drivers/STM32F4xx_HAL_Driver/Src/stm32f4xx_hal_rtc.c ****   [..] After reset, the backup domain (RTC registers, RTC backup data registers
  70:Drivers/STM32F4xx_HAL_Driver/Src/stm32f4xx_hal_rtc.c ****        and BKP SRAM) is protected against possible unwanted write accesses.
  71:Drivers/STM32F4xx_HAL_Driver/Src/stm32f4xx_hal_rtc.c ****   [..] To enable access to the RTC Domain and RTC registers, proceed as follows:
  72:Drivers/STM32F4xx_HAL_Driver/Src/stm32f4xx_hal_rtc.c ****     (+) Enable the Power Controller (PWR) APB1 interface clock using the
  73:Drivers/STM32F4xx_HAL_Driver/Src/stm32f4xx_hal_rtc.c ****         __HAL_RCC_PWR_CLK_ENABLE() macro.
  74:Drivers/STM32F4xx_HAL_Driver/Src/stm32f4xx_hal_rtc.c ****     (+) Enable access to RTC domain using the HAL_PWR_EnableBkUpAccess() function.
  75:Drivers/STM32F4xx_HAL_Driver/Src/stm32f4xx_hal_rtc.c ****     (+) Select the RTC clock source using the __HAL_RCC_RTC_CONFIG() macro.
  76:Drivers/STM32F4xx_HAL_Driver/Src/stm32f4xx_hal_rtc.c ****     (+) Enable RTC Clock using the __HAL_RCC_RTC_ENABLE() macro.
  77:Drivers/STM32F4xx_HAL_Driver/Src/stm32f4xx_hal_rtc.c **** 
  78:Drivers/STM32F4xx_HAL_Driver/Src/stm32f4xx_hal_rtc.c ****   ==============================================================================
  79:Drivers/STM32F4xx_HAL_Driver/Src/stm32f4xx_hal_rtc.c ****                         ##### How to use this driver #####
  80:Drivers/STM32F4xx_HAL_Driver/Src/stm32f4xx_hal_rtc.c ****   ==============================================================================
  81:Drivers/STM32F4xx_HAL_Driver/Src/stm32f4xx_hal_rtc.c ****   [..]
  82:Drivers/STM32F4xx_HAL_Driver/Src/stm32f4xx_hal_rtc.c ****     (+) Enable the RTC domain access (see description in the section above).
  83:Drivers/STM32F4xx_HAL_Driver/Src/stm32f4xx_hal_rtc.c ****     (+) Configure the RTC Prescaler (Asynchronous and Synchronous) and RTC hour
  84:Drivers/STM32F4xx_HAL_Driver/Src/stm32f4xx_hal_rtc.c ****         format using the HAL_RTC_Init() function.
  85:Drivers/STM32F4xx_HAL_Driver/Src/stm32f4xx_hal_rtc.c **** 
  86:Drivers/STM32F4xx_HAL_Driver/Src/stm32f4xx_hal_rtc.c ****   *** Time and Date configuration ***
ARM GAS  /tmp/ccXZyIjC.s 			page 3


  87:Drivers/STM32F4xx_HAL_Driver/Src/stm32f4xx_hal_rtc.c ****   ===================================
  88:Drivers/STM32F4xx_HAL_Driver/Src/stm32f4xx_hal_rtc.c ****   [..]
  89:Drivers/STM32F4xx_HAL_Driver/Src/stm32f4xx_hal_rtc.c ****     (+) To configure the RTC Calendar (Time and Date) use the HAL_RTC_SetTime()
  90:Drivers/STM32F4xx_HAL_Driver/Src/stm32f4xx_hal_rtc.c ****         and HAL_RTC_SetDate() functions.
  91:Drivers/STM32F4xx_HAL_Driver/Src/stm32f4xx_hal_rtc.c ****     (+) To read the RTC Calendar, use the HAL_RTC_GetTime() and HAL_RTC_GetDate()
  92:Drivers/STM32F4xx_HAL_Driver/Src/stm32f4xx_hal_rtc.c ****         functions.
  93:Drivers/STM32F4xx_HAL_Driver/Src/stm32f4xx_hal_rtc.c ****     (+) To manage the RTC summer or winter time change, use the following
  94:Drivers/STM32F4xx_HAL_Driver/Src/stm32f4xx_hal_rtc.c ****         functions:
  95:Drivers/STM32F4xx_HAL_Driver/Src/stm32f4xx_hal_rtc.c ****         (++) HAL_RTC_DST_Add1Hour() or HAL_RTC_DST_Sub1Hour to add or subtract
  96:Drivers/STM32F4xx_HAL_Driver/Src/stm32f4xx_hal_rtc.c ****              1 hour from the calendar time.
  97:Drivers/STM32F4xx_HAL_Driver/Src/stm32f4xx_hal_rtc.c ****         (++) HAL_RTC_DST_SetStoreOperation() or HAL_RTC_DST_ClearStoreOperation
  98:Drivers/STM32F4xx_HAL_Driver/Src/stm32f4xx_hal_rtc.c ****              to memorize whether the time change has been performed or not.
  99:Drivers/STM32F4xx_HAL_Driver/Src/stm32f4xx_hal_rtc.c **** 
 100:Drivers/STM32F4xx_HAL_Driver/Src/stm32f4xx_hal_rtc.c ****   *** Alarm configuration ***
 101:Drivers/STM32F4xx_HAL_Driver/Src/stm32f4xx_hal_rtc.c ****   ===========================
 102:Drivers/STM32F4xx_HAL_Driver/Src/stm32f4xx_hal_rtc.c ****   [..]
 103:Drivers/STM32F4xx_HAL_Driver/Src/stm32f4xx_hal_rtc.c ****     (+) To configure the RTC Alarm use the HAL_RTC_SetAlarm() function.
 104:Drivers/STM32F4xx_HAL_Driver/Src/stm32f4xx_hal_rtc.c ****         You can also configure the RTC Alarm with interrupt mode using the
 105:Drivers/STM32F4xx_HAL_Driver/Src/stm32f4xx_hal_rtc.c ****         HAL_RTC_SetAlarm_IT() function.
 106:Drivers/STM32F4xx_HAL_Driver/Src/stm32f4xx_hal_rtc.c ****     (+) To read the RTC Alarm, use the HAL_RTC_GetAlarm() function.
 107:Drivers/STM32F4xx_HAL_Driver/Src/stm32f4xx_hal_rtc.c **** 
 108:Drivers/STM32F4xx_HAL_Driver/Src/stm32f4xx_hal_rtc.c ****                   ##### RTC and low power modes #####
 109:Drivers/STM32F4xx_HAL_Driver/Src/stm32f4xx_hal_rtc.c ****   ==================================================================
 110:Drivers/STM32F4xx_HAL_Driver/Src/stm32f4xx_hal_rtc.c ****   [..] The MCU can be woken up from a low power mode by an RTC alternate
 111:Drivers/STM32F4xx_HAL_Driver/Src/stm32f4xx_hal_rtc.c ****        function.
 112:Drivers/STM32F4xx_HAL_Driver/Src/stm32f4xx_hal_rtc.c ****   [..] The RTC alternate functions are the RTC alarms (Alarm A and Alarm B),
 113:Drivers/STM32F4xx_HAL_Driver/Src/stm32f4xx_hal_rtc.c ****        RTC wakeup, RTC tamper event detection and RTC timestamp event detection.
 114:Drivers/STM32F4xx_HAL_Driver/Src/stm32f4xx_hal_rtc.c ****        These RTC alternate functions can wake up the system from the Stop and
 115:Drivers/STM32F4xx_HAL_Driver/Src/stm32f4xx_hal_rtc.c ****        Standby low power modes.
 116:Drivers/STM32F4xx_HAL_Driver/Src/stm32f4xx_hal_rtc.c ****   [..] The system can also wake up from low power modes without depending
 117:Drivers/STM32F4xx_HAL_Driver/Src/stm32f4xx_hal_rtc.c ****        on an external interrupt (Auto-wakeup mode), by using the RTC alarm
 118:Drivers/STM32F4xx_HAL_Driver/Src/stm32f4xx_hal_rtc.c ****        or the RTC wakeup events.
 119:Drivers/STM32F4xx_HAL_Driver/Src/stm32f4xx_hal_rtc.c ****   [..] The RTC provides a programmable time base for waking up from the
 120:Drivers/STM32F4xx_HAL_Driver/Src/stm32f4xx_hal_rtc.c ****        Stop or Standby mode at regular intervals.
 121:Drivers/STM32F4xx_HAL_Driver/Src/stm32f4xx_hal_rtc.c ****        Wakeup from STOP and STANDBY modes is possible only when the RTC clock
 122:Drivers/STM32F4xx_HAL_Driver/Src/stm32f4xx_hal_rtc.c ****        source is LSE or LSI.
 123:Drivers/STM32F4xx_HAL_Driver/Src/stm32f4xx_hal_rtc.c **** 
 124:Drivers/STM32F4xx_HAL_Driver/Src/stm32f4xx_hal_rtc.c ****   *** Callback registration ***
 125:Drivers/STM32F4xx_HAL_Driver/Src/stm32f4xx_hal_rtc.c ****   =============================================
 126:Drivers/STM32F4xx_HAL_Driver/Src/stm32f4xx_hal_rtc.c ****   [..]
 127:Drivers/STM32F4xx_HAL_Driver/Src/stm32f4xx_hal_rtc.c ****   The compilation define  USE_HAL_RTC_REGISTER_CALLBACKS when set to 1
 128:Drivers/STM32F4xx_HAL_Driver/Src/stm32f4xx_hal_rtc.c ****   allows the user to configure dynamically the driver callbacks.
 129:Drivers/STM32F4xx_HAL_Driver/Src/stm32f4xx_hal_rtc.c ****   Use Function HAL_RTC_RegisterCallback() to register an interrupt callback.
 130:Drivers/STM32F4xx_HAL_Driver/Src/stm32f4xx_hal_rtc.c ****   [..]
 131:Drivers/STM32F4xx_HAL_Driver/Src/stm32f4xx_hal_rtc.c ****   Function HAL_RTC_RegisterCallback() allows to register following callbacks:
 132:Drivers/STM32F4xx_HAL_Driver/Src/stm32f4xx_hal_rtc.c ****     (+) AlarmAEventCallback          : RTC Alarm A Event callback.
 133:Drivers/STM32F4xx_HAL_Driver/Src/stm32f4xx_hal_rtc.c ****     (+) AlarmBEventCallback          : RTC Alarm B Event callback.
 134:Drivers/STM32F4xx_HAL_Driver/Src/stm32f4xx_hal_rtc.c ****     (+) TimeStampEventCallback       : RTC Timestamp Event callback.
 135:Drivers/STM32F4xx_HAL_Driver/Src/stm32f4xx_hal_rtc.c ****     (+) WakeUpTimerEventCallback     : RTC WakeUpTimer Event callback.
 136:Drivers/STM32F4xx_HAL_Driver/Src/stm32f4xx_hal_rtc.c ****     (+) Tamper1EventCallback         : RTC Tamper 1 Event callback.
 137:Drivers/STM32F4xx_HAL_Driver/Src/stm32f4xx_hal_rtc.c ****     (+) Tamper2EventCallback         : RTC Tamper 2 Event callback.
 138:Drivers/STM32F4xx_HAL_Driver/Src/stm32f4xx_hal_rtc.c ****     (+) MspInitCallback              : RTC MspInit callback.
 139:Drivers/STM32F4xx_HAL_Driver/Src/stm32f4xx_hal_rtc.c ****     (+) MspDeInitCallback            : RTC MspDeInit callback.
 140:Drivers/STM32F4xx_HAL_Driver/Src/stm32f4xx_hal_rtc.c ****   [..]
 141:Drivers/STM32F4xx_HAL_Driver/Src/stm32f4xx_hal_rtc.c ****   This function takes as parameters the HAL peripheral handle, the Callback ID
 142:Drivers/STM32F4xx_HAL_Driver/Src/stm32f4xx_hal_rtc.c ****   and a pointer to the user callback function.
 143:Drivers/STM32F4xx_HAL_Driver/Src/stm32f4xx_hal_rtc.c ****   [..]
ARM GAS  /tmp/ccXZyIjC.s 			page 4


 144:Drivers/STM32F4xx_HAL_Driver/Src/stm32f4xx_hal_rtc.c ****   Use function HAL_RTC_UnRegisterCallback() to reset a callback to the default
 145:Drivers/STM32F4xx_HAL_Driver/Src/stm32f4xx_hal_rtc.c ****   weak function.
 146:Drivers/STM32F4xx_HAL_Driver/Src/stm32f4xx_hal_rtc.c ****   HAL_RTC_UnRegisterCallback() takes as parameters the HAL peripheral handle,
 147:Drivers/STM32F4xx_HAL_Driver/Src/stm32f4xx_hal_rtc.c ****   and the Callback ID.
 148:Drivers/STM32F4xx_HAL_Driver/Src/stm32f4xx_hal_rtc.c ****   This function allows to reset following callbacks:
 149:Drivers/STM32F4xx_HAL_Driver/Src/stm32f4xx_hal_rtc.c ****     (+) AlarmAEventCallback          : RTC Alarm A Event callback.
 150:Drivers/STM32F4xx_HAL_Driver/Src/stm32f4xx_hal_rtc.c ****     (+) AlarmBEventCallback          : RTC Alarm B Event callback.
 151:Drivers/STM32F4xx_HAL_Driver/Src/stm32f4xx_hal_rtc.c ****     (+) TimeStampEventCallback       : RTC Timestamp Event callback.
 152:Drivers/STM32F4xx_HAL_Driver/Src/stm32f4xx_hal_rtc.c ****     (+) WakeUpTimerEventCallback     : RTC WakeUpTimer Event callback.
 153:Drivers/STM32F4xx_HAL_Driver/Src/stm32f4xx_hal_rtc.c ****     (+) Tamper1EventCallback         : RTC Tamper 1 Event callback.
 154:Drivers/STM32F4xx_HAL_Driver/Src/stm32f4xx_hal_rtc.c ****     (+) Tamper2EventCallback         : RTC Tamper 2 Event callback.
 155:Drivers/STM32F4xx_HAL_Driver/Src/stm32f4xx_hal_rtc.c ****     (+) MspInitCallback              : RTC MspInit callback.
 156:Drivers/STM32F4xx_HAL_Driver/Src/stm32f4xx_hal_rtc.c ****     (+) MspDeInitCallback            : RTC MspDeInit callback.
 157:Drivers/STM32F4xx_HAL_Driver/Src/stm32f4xx_hal_rtc.c ****   [..]
 158:Drivers/STM32F4xx_HAL_Driver/Src/stm32f4xx_hal_rtc.c ****   By default, after the HAL_RTC_Init() and when the state is HAL_RTC_STATE_RESET,
 159:Drivers/STM32F4xx_HAL_Driver/Src/stm32f4xx_hal_rtc.c ****   all callbacks are set to the corresponding weak functions:
 160:Drivers/STM32F4xx_HAL_Driver/Src/stm32f4xx_hal_rtc.c ****   examples AlarmAEventCallback(), WakeUpTimerEventCallback().
 161:Drivers/STM32F4xx_HAL_Driver/Src/stm32f4xx_hal_rtc.c ****   Exception done for MspInit() and MspDeInit() callbacks that are reset to the
 162:Drivers/STM32F4xx_HAL_Driver/Src/stm32f4xx_hal_rtc.c ****   legacy weak function in the HAL_RTC_Init()/HAL_RTC_DeInit() only
 163:Drivers/STM32F4xx_HAL_Driver/Src/stm32f4xx_hal_rtc.c ****   when these callbacks are null (not registered beforehand).
 164:Drivers/STM32F4xx_HAL_Driver/Src/stm32f4xx_hal_rtc.c ****   If not, MspInit() or MspDeInit() are not null, HAL_RTC_Init()/HAL_RTC_DeInit()
 165:Drivers/STM32F4xx_HAL_Driver/Src/stm32f4xx_hal_rtc.c ****   keep and use the user MspInit()/MspDeInit() callbacks (registered beforehand).
 166:Drivers/STM32F4xx_HAL_Driver/Src/stm32f4xx_hal_rtc.c ****   [..]
 167:Drivers/STM32F4xx_HAL_Driver/Src/stm32f4xx_hal_rtc.c ****   Callbacks can be registered/unregistered in HAL_RTC_STATE_READY state only.
 168:Drivers/STM32F4xx_HAL_Driver/Src/stm32f4xx_hal_rtc.c ****   Exception done MspInit()/MspDeInit() that can be registered/unregistered
 169:Drivers/STM32F4xx_HAL_Driver/Src/stm32f4xx_hal_rtc.c ****   in HAL_RTC_STATE_READY or HAL_RTC_STATE_RESET state.
 170:Drivers/STM32F4xx_HAL_Driver/Src/stm32f4xx_hal_rtc.c ****   Thus registered (user) MspInit()/MspDeInit() callbacks can be used during the
 171:Drivers/STM32F4xx_HAL_Driver/Src/stm32f4xx_hal_rtc.c ****   Init/DeInit.
 172:Drivers/STM32F4xx_HAL_Driver/Src/stm32f4xx_hal_rtc.c ****   In that case first register the MspInit()/MspDeInit() user callbacks
 173:Drivers/STM32F4xx_HAL_Driver/Src/stm32f4xx_hal_rtc.c ****   using HAL_RTC_RegisterCallback() before calling HAL_RTC_DeInit()
 174:Drivers/STM32F4xx_HAL_Driver/Src/stm32f4xx_hal_rtc.c ****   or HAL_RTC_Init() functions.
 175:Drivers/STM32F4xx_HAL_Driver/Src/stm32f4xx_hal_rtc.c ****   [..]
 176:Drivers/STM32F4xx_HAL_Driver/Src/stm32f4xx_hal_rtc.c ****   When The compilation define USE_HAL_RTC_REGISTER_CALLBACKS is set to 0 or
 177:Drivers/STM32F4xx_HAL_Driver/Src/stm32f4xx_hal_rtc.c ****   not defined, the callback registration feature is not available and all
 178:Drivers/STM32F4xx_HAL_Driver/Src/stm32f4xx_hal_rtc.c ****   callbacks are set to the corresponding weak functions.
 179:Drivers/STM32F4xx_HAL_Driver/Src/stm32f4xx_hal_rtc.c **** 
 180:Drivers/STM32F4xx_HAL_Driver/Src/stm32f4xx_hal_rtc.c ****   @endverbatim
 181:Drivers/STM32F4xx_HAL_Driver/Src/stm32f4xx_hal_rtc.c ****   ******************************************************************************
 182:Drivers/STM32F4xx_HAL_Driver/Src/stm32f4xx_hal_rtc.c ****   */
 183:Drivers/STM32F4xx_HAL_Driver/Src/stm32f4xx_hal_rtc.c **** 
 184:Drivers/STM32F4xx_HAL_Driver/Src/stm32f4xx_hal_rtc.c **** /* Includes ------------------------------------------------------------------*/
 185:Drivers/STM32F4xx_HAL_Driver/Src/stm32f4xx_hal_rtc.c **** #include "stm32f4xx_hal.h"
 186:Drivers/STM32F4xx_HAL_Driver/Src/stm32f4xx_hal_rtc.c **** 
 187:Drivers/STM32F4xx_HAL_Driver/Src/stm32f4xx_hal_rtc.c **** /** @addtogroup STM32F4xx_HAL_Driver
 188:Drivers/STM32F4xx_HAL_Driver/Src/stm32f4xx_hal_rtc.c ****   * @{
 189:Drivers/STM32F4xx_HAL_Driver/Src/stm32f4xx_hal_rtc.c ****   */
 190:Drivers/STM32F4xx_HAL_Driver/Src/stm32f4xx_hal_rtc.c **** 
 191:Drivers/STM32F4xx_HAL_Driver/Src/stm32f4xx_hal_rtc.c **** /** @defgroup RTC RTC
 192:Drivers/STM32F4xx_HAL_Driver/Src/stm32f4xx_hal_rtc.c ****   * @brief    RTC HAL module driver
 193:Drivers/STM32F4xx_HAL_Driver/Src/stm32f4xx_hal_rtc.c ****   * @{
 194:Drivers/STM32F4xx_HAL_Driver/Src/stm32f4xx_hal_rtc.c ****   */
 195:Drivers/STM32F4xx_HAL_Driver/Src/stm32f4xx_hal_rtc.c **** 
 196:Drivers/STM32F4xx_HAL_Driver/Src/stm32f4xx_hal_rtc.c **** #ifdef HAL_RTC_MODULE_ENABLED
 197:Drivers/STM32F4xx_HAL_Driver/Src/stm32f4xx_hal_rtc.c **** 
 198:Drivers/STM32F4xx_HAL_Driver/Src/stm32f4xx_hal_rtc.c **** /* Private typedef -----------------------------------------------------------*/
 199:Drivers/STM32F4xx_HAL_Driver/Src/stm32f4xx_hal_rtc.c **** /* Private define ------------------------------------------------------------*/
 200:Drivers/STM32F4xx_HAL_Driver/Src/stm32f4xx_hal_rtc.c **** /* Private macro -------------------------------------------------------------*/
ARM GAS  /tmp/ccXZyIjC.s 			page 5


 201:Drivers/STM32F4xx_HAL_Driver/Src/stm32f4xx_hal_rtc.c **** /* Private variables ---------------------------------------------------------*/
 202:Drivers/STM32F4xx_HAL_Driver/Src/stm32f4xx_hal_rtc.c **** /* Private function prototypes -----------------------------------------------*/
 203:Drivers/STM32F4xx_HAL_Driver/Src/stm32f4xx_hal_rtc.c **** /* Exported functions --------------------------------------------------------*/
 204:Drivers/STM32F4xx_HAL_Driver/Src/stm32f4xx_hal_rtc.c **** 
 205:Drivers/STM32F4xx_HAL_Driver/Src/stm32f4xx_hal_rtc.c **** /** @defgroup RTC_Exported_Functions RTC Exported Functions
 206:Drivers/STM32F4xx_HAL_Driver/Src/stm32f4xx_hal_rtc.c ****   * @{
 207:Drivers/STM32F4xx_HAL_Driver/Src/stm32f4xx_hal_rtc.c ****   */
 208:Drivers/STM32F4xx_HAL_Driver/Src/stm32f4xx_hal_rtc.c **** 
 209:Drivers/STM32F4xx_HAL_Driver/Src/stm32f4xx_hal_rtc.c **** /** @defgroup RTC_Exported_Functions_Group1 Initialization and de-initialization functions
 210:Drivers/STM32F4xx_HAL_Driver/Src/stm32f4xx_hal_rtc.c ****   * @brief    Initialization and Configuration functions
 211:Drivers/STM32F4xx_HAL_Driver/Src/stm32f4xx_hal_rtc.c ****   *
 212:Drivers/STM32F4xx_HAL_Driver/Src/stm32f4xx_hal_rtc.c **** @verbatim
 213:Drivers/STM32F4xx_HAL_Driver/Src/stm32f4xx_hal_rtc.c ****  ===============================================================================
 214:Drivers/STM32F4xx_HAL_Driver/Src/stm32f4xx_hal_rtc.c ****               ##### Initialization and de-initialization functions #####
 215:Drivers/STM32F4xx_HAL_Driver/Src/stm32f4xx_hal_rtc.c ****  ===============================================================================
 216:Drivers/STM32F4xx_HAL_Driver/Src/stm32f4xx_hal_rtc.c ****    [..] This section provides functions allowing to initialize and configure the
 217:Drivers/STM32F4xx_HAL_Driver/Src/stm32f4xx_hal_rtc.c ****          RTC Prescaler (Synchronous and Asynchronous), RTC Hour format, disable
 218:Drivers/STM32F4xx_HAL_Driver/Src/stm32f4xx_hal_rtc.c ****          RTC registers Write protection, enter and exit the RTC initialization mode,
 219:Drivers/STM32F4xx_HAL_Driver/Src/stm32f4xx_hal_rtc.c ****          RTC registers synchronization check and reference clock detection enable.
 220:Drivers/STM32F4xx_HAL_Driver/Src/stm32f4xx_hal_rtc.c ****          (#) The RTC Prescaler is programmed to generate the RTC 1Hz time base.
 221:Drivers/STM32F4xx_HAL_Driver/Src/stm32f4xx_hal_rtc.c ****              It is split into 2 programmable prescalers to minimize power consumption.
 222:Drivers/STM32F4xx_HAL_Driver/Src/stm32f4xx_hal_rtc.c ****              (++) A 7-bit asynchronous prescaler and a 15-bit synchronous prescaler.
 223:Drivers/STM32F4xx_HAL_Driver/Src/stm32f4xx_hal_rtc.c ****              (++) When both prescalers are used, it is recommended to configure the
 224:Drivers/STM32F4xx_HAL_Driver/Src/stm32f4xx_hal_rtc.c ****                  asynchronous prescaler to a high value to minimize power consumption.
 225:Drivers/STM32F4xx_HAL_Driver/Src/stm32f4xx_hal_rtc.c ****          (#) All RTC registers are Write protected. Writing to the RTC registers
 226:Drivers/STM32F4xx_HAL_Driver/Src/stm32f4xx_hal_rtc.c ****              is enabled by writing a key into the Write Protection register, RTC_WPR.
 227:Drivers/STM32F4xx_HAL_Driver/Src/stm32f4xx_hal_rtc.c ****          (#) To configure the RTC Calendar, user application should enter
 228:Drivers/STM32F4xx_HAL_Driver/Src/stm32f4xx_hal_rtc.c ****              initialization mode. In this mode, the calendar counter is stopped
 229:Drivers/STM32F4xx_HAL_Driver/Src/stm32f4xx_hal_rtc.c ****              and its value can be updated. When the initialization sequence is
 230:Drivers/STM32F4xx_HAL_Driver/Src/stm32f4xx_hal_rtc.c ****              complete, the calendar restarts counting after 4 RTCCLK cycles.
 231:Drivers/STM32F4xx_HAL_Driver/Src/stm32f4xx_hal_rtc.c ****          (#) To read the calendar through the shadow registers after Calendar
 232:Drivers/STM32F4xx_HAL_Driver/Src/stm32f4xx_hal_rtc.c ****              initialization, calendar update or after wakeup from low power modes
 233:Drivers/STM32F4xx_HAL_Driver/Src/stm32f4xx_hal_rtc.c ****              the software must first clear the RSF flag. The software must then
 234:Drivers/STM32F4xx_HAL_Driver/Src/stm32f4xx_hal_rtc.c ****              wait until it is set again before reading the calendar, which means
 235:Drivers/STM32F4xx_HAL_Driver/Src/stm32f4xx_hal_rtc.c ****              that the calendar registers have been correctly copied into the
 236:Drivers/STM32F4xx_HAL_Driver/Src/stm32f4xx_hal_rtc.c ****              RTC_TR and RTC_DR shadow registers. The HAL_RTC_WaitForSynchro() function
 237:Drivers/STM32F4xx_HAL_Driver/Src/stm32f4xx_hal_rtc.c ****              implements the above software sequence (RSF clear and RSF check).
 238:Drivers/STM32F4xx_HAL_Driver/Src/stm32f4xx_hal_rtc.c **** 
 239:Drivers/STM32F4xx_HAL_Driver/Src/stm32f4xx_hal_rtc.c **** @endverbatim
 240:Drivers/STM32F4xx_HAL_Driver/Src/stm32f4xx_hal_rtc.c ****   * @{
 241:Drivers/STM32F4xx_HAL_Driver/Src/stm32f4xx_hal_rtc.c ****   */
 242:Drivers/STM32F4xx_HAL_Driver/Src/stm32f4xx_hal_rtc.c **** 
 243:Drivers/STM32F4xx_HAL_Driver/Src/stm32f4xx_hal_rtc.c **** /**
 244:Drivers/STM32F4xx_HAL_Driver/Src/stm32f4xx_hal_rtc.c ****   * @brief  Initializes the RTC peripheral
 245:Drivers/STM32F4xx_HAL_Driver/Src/stm32f4xx_hal_rtc.c ****   * @param  hrtc pointer to a RTC_HandleTypeDef structure that contains
 246:Drivers/STM32F4xx_HAL_Driver/Src/stm32f4xx_hal_rtc.c ****   *                the configuration information for RTC.
 247:Drivers/STM32F4xx_HAL_Driver/Src/stm32f4xx_hal_rtc.c ****   * @retval HAL status
 248:Drivers/STM32F4xx_HAL_Driver/Src/stm32f4xx_hal_rtc.c ****   */
 249:Drivers/STM32F4xx_HAL_Driver/Src/stm32f4xx_hal_rtc.c **** HAL_StatusTypeDef HAL_RTC_Init(RTC_HandleTypeDef *hrtc)
 250:Drivers/STM32F4xx_HAL_Driver/Src/stm32f4xx_hal_rtc.c **** {
 251:Drivers/STM32F4xx_HAL_Driver/Src/stm32f4xx_hal_rtc.c ****   HAL_StatusTypeDef status = HAL_ERROR;
 252:Drivers/STM32F4xx_HAL_Driver/Src/stm32f4xx_hal_rtc.c **** 
 253:Drivers/STM32F4xx_HAL_Driver/Src/stm32f4xx_hal_rtc.c ****   /* Check RTC handler validity */
 254:Drivers/STM32F4xx_HAL_Driver/Src/stm32f4xx_hal_rtc.c ****   if (hrtc == NULL)
 255:Drivers/STM32F4xx_HAL_Driver/Src/stm32f4xx_hal_rtc.c ****   {
 256:Drivers/STM32F4xx_HAL_Driver/Src/stm32f4xx_hal_rtc.c ****     return HAL_ERROR;
 257:Drivers/STM32F4xx_HAL_Driver/Src/stm32f4xx_hal_rtc.c ****   }
ARM GAS  /tmp/ccXZyIjC.s 			page 6


 258:Drivers/STM32F4xx_HAL_Driver/Src/stm32f4xx_hal_rtc.c **** 
 259:Drivers/STM32F4xx_HAL_Driver/Src/stm32f4xx_hal_rtc.c ****   /* Check the parameters */
 260:Drivers/STM32F4xx_HAL_Driver/Src/stm32f4xx_hal_rtc.c ****   assert_param(IS_RTC_ALL_INSTANCE(hrtc->Instance));
 261:Drivers/STM32F4xx_HAL_Driver/Src/stm32f4xx_hal_rtc.c ****   assert_param(IS_RTC_HOUR_FORMAT(hrtc->Init.HourFormat));
 262:Drivers/STM32F4xx_HAL_Driver/Src/stm32f4xx_hal_rtc.c ****   assert_param(IS_RTC_ASYNCH_PREDIV(hrtc->Init.AsynchPrediv));
 263:Drivers/STM32F4xx_HAL_Driver/Src/stm32f4xx_hal_rtc.c ****   assert_param(IS_RTC_SYNCH_PREDIV(hrtc->Init.SynchPrediv));
 264:Drivers/STM32F4xx_HAL_Driver/Src/stm32f4xx_hal_rtc.c ****   assert_param(IS_RTC_OUTPUT(hrtc->Init.OutPut));
 265:Drivers/STM32F4xx_HAL_Driver/Src/stm32f4xx_hal_rtc.c ****   assert_param(IS_RTC_OUTPUT_POL(hrtc->Init.OutPutPolarity));
 266:Drivers/STM32F4xx_HAL_Driver/Src/stm32f4xx_hal_rtc.c ****   assert_param(IS_RTC_OUTPUT_TYPE(hrtc->Init.OutPutType));
 267:Drivers/STM32F4xx_HAL_Driver/Src/stm32f4xx_hal_rtc.c **** 
 268:Drivers/STM32F4xx_HAL_Driver/Src/stm32f4xx_hal_rtc.c **** #if (USE_HAL_RTC_REGISTER_CALLBACKS == 1)
 269:Drivers/STM32F4xx_HAL_Driver/Src/stm32f4xx_hal_rtc.c ****   if (hrtc->State == HAL_RTC_STATE_RESET)
 270:Drivers/STM32F4xx_HAL_Driver/Src/stm32f4xx_hal_rtc.c ****   {
 271:Drivers/STM32F4xx_HAL_Driver/Src/stm32f4xx_hal_rtc.c ****     /* Allocate lock resource and initialize it */
 272:Drivers/STM32F4xx_HAL_Driver/Src/stm32f4xx_hal_rtc.c ****     hrtc->Lock = HAL_UNLOCKED;
 273:Drivers/STM32F4xx_HAL_Driver/Src/stm32f4xx_hal_rtc.c **** 
 274:Drivers/STM32F4xx_HAL_Driver/Src/stm32f4xx_hal_rtc.c ****     hrtc->AlarmAEventCallback          =  HAL_RTC_AlarmAEventCallback;        /* Legacy weak AlarmA
 275:Drivers/STM32F4xx_HAL_Driver/Src/stm32f4xx_hal_rtc.c ****     hrtc->AlarmBEventCallback          =  HAL_RTCEx_AlarmBEventCallback;      /* Legacy weak AlarmB
 276:Drivers/STM32F4xx_HAL_Driver/Src/stm32f4xx_hal_rtc.c ****     hrtc->TimeStampEventCallback       =  HAL_RTCEx_TimeStampEventCallback;   /* Legacy weak TimeSt
 277:Drivers/STM32F4xx_HAL_Driver/Src/stm32f4xx_hal_rtc.c ****     hrtc->WakeUpTimerEventCallback     =  HAL_RTCEx_WakeUpTimerEventCallback; /* Legacy weak WakeUp
 278:Drivers/STM32F4xx_HAL_Driver/Src/stm32f4xx_hal_rtc.c ****     hrtc->Tamper1EventCallback         =  HAL_RTCEx_Tamper1EventCallback;     /* Legacy weak Tamper
 279:Drivers/STM32F4xx_HAL_Driver/Src/stm32f4xx_hal_rtc.c **** #if defined(RTC_TAMPER2_SUPPORT)
 280:Drivers/STM32F4xx_HAL_Driver/Src/stm32f4xx_hal_rtc.c ****     hrtc->Tamper2EventCallback         =  HAL_RTCEx_Tamper2EventCallback;     /* Legacy weak Tamper
 281:Drivers/STM32F4xx_HAL_Driver/Src/stm32f4xx_hal_rtc.c **** #endif /* RTC_TAMPER2_SUPPORT */
 282:Drivers/STM32F4xx_HAL_Driver/Src/stm32f4xx_hal_rtc.c **** 
 283:Drivers/STM32F4xx_HAL_Driver/Src/stm32f4xx_hal_rtc.c ****     if (hrtc->MspInitCallback == NULL)
 284:Drivers/STM32F4xx_HAL_Driver/Src/stm32f4xx_hal_rtc.c ****     {
 285:Drivers/STM32F4xx_HAL_Driver/Src/stm32f4xx_hal_rtc.c ****       hrtc->MspInitCallback = HAL_RTC_MspInit;
 286:Drivers/STM32F4xx_HAL_Driver/Src/stm32f4xx_hal_rtc.c ****     }
 287:Drivers/STM32F4xx_HAL_Driver/Src/stm32f4xx_hal_rtc.c ****     /* Init the low level hardware */
 288:Drivers/STM32F4xx_HAL_Driver/Src/stm32f4xx_hal_rtc.c ****     hrtc->MspInitCallback(hrtc);
 289:Drivers/STM32F4xx_HAL_Driver/Src/stm32f4xx_hal_rtc.c **** 
 290:Drivers/STM32F4xx_HAL_Driver/Src/stm32f4xx_hal_rtc.c ****     if (hrtc->MspDeInitCallback == NULL)
 291:Drivers/STM32F4xx_HAL_Driver/Src/stm32f4xx_hal_rtc.c ****     {
 292:Drivers/STM32F4xx_HAL_Driver/Src/stm32f4xx_hal_rtc.c ****       hrtc->MspDeInitCallback = HAL_RTC_MspDeInit;
 293:Drivers/STM32F4xx_HAL_Driver/Src/stm32f4xx_hal_rtc.c ****     }
 294:Drivers/STM32F4xx_HAL_Driver/Src/stm32f4xx_hal_rtc.c ****   }
 295:Drivers/STM32F4xx_HAL_Driver/Src/stm32f4xx_hal_rtc.c **** #else /* USE_HAL_RTC_REGISTER_CALLBACKS */
 296:Drivers/STM32F4xx_HAL_Driver/Src/stm32f4xx_hal_rtc.c ****   if (hrtc->State == HAL_RTC_STATE_RESET)
 297:Drivers/STM32F4xx_HAL_Driver/Src/stm32f4xx_hal_rtc.c ****   {
 298:Drivers/STM32F4xx_HAL_Driver/Src/stm32f4xx_hal_rtc.c ****     /* Allocate lock resource and initialize it */
 299:Drivers/STM32F4xx_HAL_Driver/Src/stm32f4xx_hal_rtc.c ****     hrtc->Lock = HAL_UNLOCKED;
 300:Drivers/STM32F4xx_HAL_Driver/Src/stm32f4xx_hal_rtc.c **** 
 301:Drivers/STM32F4xx_HAL_Driver/Src/stm32f4xx_hal_rtc.c ****     /* Initialize RTC MSP */
 302:Drivers/STM32F4xx_HAL_Driver/Src/stm32f4xx_hal_rtc.c ****     HAL_RTC_MspInit(hrtc);
 303:Drivers/STM32F4xx_HAL_Driver/Src/stm32f4xx_hal_rtc.c ****   }
 304:Drivers/STM32F4xx_HAL_Driver/Src/stm32f4xx_hal_rtc.c **** #endif /* USE_HAL_RTC_REGISTER_CALLBACKS */
 305:Drivers/STM32F4xx_HAL_Driver/Src/stm32f4xx_hal_rtc.c **** 
 306:Drivers/STM32F4xx_HAL_Driver/Src/stm32f4xx_hal_rtc.c ****   /* Set RTC state */
 307:Drivers/STM32F4xx_HAL_Driver/Src/stm32f4xx_hal_rtc.c ****   hrtc->State = HAL_RTC_STATE_BUSY;
 308:Drivers/STM32F4xx_HAL_Driver/Src/stm32f4xx_hal_rtc.c **** 
 309:Drivers/STM32F4xx_HAL_Driver/Src/stm32f4xx_hal_rtc.c ****   /* Disable the write protection for RTC registers */
 310:Drivers/STM32F4xx_HAL_Driver/Src/stm32f4xx_hal_rtc.c ****   __HAL_RTC_WRITEPROTECTION_DISABLE(hrtc);
 311:Drivers/STM32F4xx_HAL_Driver/Src/stm32f4xx_hal_rtc.c **** 
 312:Drivers/STM32F4xx_HAL_Driver/Src/stm32f4xx_hal_rtc.c ****   /* Enter Initialization mode */
 313:Drivers/STM32F4xx_HAL_Driver/Src/stm32f4xx_hal_rtc.c ****   status = RTC_EnterInitMode(hrtc);
 314:Drivers/STM32F4xx_HAL_Driver/Src/stm32f4xx_hal_rtc.c **** 
ARM GAS  /tmp/ccXZyIjC.s 			page 7


 315:Drivers/STM32F4xx_HAL_Driver/Src/stm32f4xx_hal_rtc.c ****   if (status == HAL_OK)
 316:Drivers/STM32F4xx_HAL_Driver/Src/stm32f4xx_hal_rtc.c ****   {
 317:Drivers/STM32F4xx_HAL_Driver/Src/stm32f4xx_hal_rtc.c ****     /* Clear RTC_CR FMT, OSEL and POL Bits */
 318:Drivers/STM32F4xx_HAL_Driver/Src/stm32f4xx_hal_rtc.c ****     hrtc->Instance->CR &= ((uint32_t)~(RTC_CR_FMT | RTC_CR_OSEL | RTC_CR_POL));
 319:Drivers/STM32F4xx_HAL_Driver/Src/stm32f4xx_hal_rtc.c ****     /* Set RTC_CR register */
 320:Drivers/STM32F4xx_HAL_Driver/Src/stm32f4xx_hal_rtc.c ****     hrtc->Instance->CR |= (uint32_t)(hrtc->Init.HourFormat | hrtc->Init.OutPut | hrtc->Init.OutPutP
 321:Drivers/STM32F4xx_HAL_Driver/Src/stm32f4xx_hal_rtc.c **** 
 322:Drivers/STM32F4xx_HAL_Driver/Src/stm32f4xx_hal_rtc.c ****     /* Configure the RTC PRER */
 323:Drivers/STM32F4xx_HAL_Driver/Src/stm32f4xx_hal_rtc.c ****     hrtc->Instance->PRER = (uint32_t)(hrtc->Init.SynchPrediv);
 324:Drivers/STM32F4xx_HAL_Driver/Src/stm32f4xx_hal_rtc.c ****     hrtc->Instance->PRER |= (uint32_t)(hrtc->Init.AsynchPrediv << RTC_PRER_PREDIV_A_Pos);
 325:Drivers/STM32F4xx_HAL_Driver/Src/stm32f4xx_hal_rtc.c **** 
 326:Drivers/STM32F4xx_HAL_Driver/Src/stm32f4xx_hal_rtc.c ****     /* Exit Initialization mode */
 327:Drivers/STM32F4xx_HAL_Driver/Src/stm32f4xx_hal_rtc.c ****     status = RTC_ExitInitMode(hrtc);
 328:Drivers/STM32F4xx_HAL_Driver/Src/stm32f4xx_hal_rtc.c ****   }
 329:Drivers/STM32F4xx_HAL_Driver/Src/stm32f4xx_hal_rtc.c **** 
 330:Drivers/STM32F4xx_HAL_Driver/Src/stm32f4xx_hal_rtc.c ****   if (status == HAL_OK)
 331:Drivers/STM32F4xx_HAL_Driver/Src/stm32f4xx_hal_rtc.c ****   {
 332:Drivers/STM32F4xx_HAL_Driver/Src/stm32f4xx_hal_rtc.c ****     hrtc->Instance->TAFCR &= (uint32_t)~RTC_OUTPUT_TYPE_PUSHPULL;
 333:Drivers/STM32F4xx_HAL_Driver/Src/stm32f4xx_hal_rtc.c ****     hrtc->Instance->TAFCR |= (uint32_t)(hrtc->Init.OutPutType);
 334:Drivers/STM32F4xx_HAL_Driver/Src/stm32f4xx_hal_rtc.c **** 
 335:Drivers/STM32F4xx_HAL_Driver/Src/stm32f4xx_hal_rtc.c ****     hrtc->State = HAL_RTC_STATE_READY;
 336:Drivers/STM32F4xx_HAL_Driver/Src/stm32f4xx_hal_rtc.c ****   }
 337:Drivers/STM32F4xx_HAL_Driver/Src/stm32f4xx_hal_rtc.c **** 
 338:Drivers/STM32F4xx_HAL_Driver/Src/stm32f4xx_hal_rtc.c ****   /* Enable the write protection for RTC registers */
 339:Drivers/STM32F4xx_HAL_Driver/Src/stm32f4xx_hal_rtc.c ****   __HAL_RTC_WRITEPROTECTION_ENABLE(hrtc);
 340:Drivers/STM32F4xx_HAL_Driver/Src/stm32f4xx_hal_rtc.c **** 
 341:Drivers/STM32F4xx_HAL_Driver/Src/stm32f4xx_hal_rtc.c ****   return status;
 342:Drivers/STM32F4xx_HAL_Driver/Src/stm32f4xx_hal_rtc.c **** }
 343:Drivers/STM32F4xx_HAL_Driver/Src/stm32f4xx_hal_rtc.c **** 
 344:Drivers/STM32F4xx_HAL_Driver/Src/stm32f4xx_hal_rtc.c **** /**
 345:Drivers/STM32F4xx_HAL_Driver/Src/stm32f4xx_hal_rtc.c ****   * @brief  DeInitializes the RTC peripheral
 346:Drivers/STM32F4xx_HAL_Driver/Src/stm32f4xx_hal_rtc.c ****   * @param  hrtc pointer to a RTC_HandleTypeDef structure that contains
 347:Drivers/STM32F4xx_HAL_Driver/Src/stm32f4xx_hal_rtc.c ****   *                the configuration information for RTC.
 348:Drivers/STM32F4xx_HAL_Driver/Src/stm32f4xx_hal_rtc.c ****   * @note   This function does not reset the RTC Backup Data registers.
 349:Drivers/STM32F4xx_HAL_Driver/Src/stm32f4xx_hal_rtc.c ****   * @retval HAL status
 350:Drivers/STM32F4xx_HAL_Driver/Src/stm32f4xx_hal_rtc.c ****   */
 351:Drivers/STM32F4xx_HAL_Driver/Src/stm32f4xx_hal_rtc.c **** HAL_StatusTypeDef HAL_RTC_DeInit(RTC_HandleTypeDef *hrtc)
 352:Drivers/STM32F4xx_HAL_Driver/Src/stm32f4xx_hal_rtc.c **** {
 353:Drivers/STM32F4xx_HAL_Driver/Src/stm32f4xx_hal_rtc.c ****   HAL_StatusTypeDef status = HAL_ERROR;
 354:Drivers/STM32F4xx_HAL_Driver/Src/stm32f4xx_hal_rtc.c **** 
 355:Drivers/STM32F4xx_HAL_Driver/Src/stm32f4xx_hal_rtc.c ****   /* Check the parameters */
 356:Drivers/STM32F4xx_HAL_Driver/Src/stm32f4xx_hal_rtc.c ****   assert_param(IS_RTC_ALL_INSTANCE(hrtc->Instance));
 357:Drivers/STM32F4xx_HAL_Driver/Src/stm32f4xx_hal_rtc.c **** 
 358:Drivers/STM32F4xx_HAL_Driver/Src/stm32f4xx_hal_rtc.c ****   /* Set RTC state */
 359:Drivers/STM32F4xx_HAL_Driver/Src/stm32f4xx_hal_rtc.c ****   hrtc->State = HAL_RTC_STATE_BUSY;
 360:Drivers/STM32F4xx_HAL_Driver/Src/stm32f4xx_hal_rtc.c **** 
 361:Drivers/STM32F4xx_HAL_Driver/Src/stm32f4xx_hal_rtc.c ****   /* Disable the write protection for RTC registers */
 362:Drivers/STM32F4xx_HAL_Driver/Src/stm32f4xx_hal_rtc.c ****   __HAL_RTC_WRITEPROTECTION_DISABLE(hrtc);
 363:Drivers/STM32F4xx_HAL_Driver/Src/stm32f4xx_hal_rtc.c **** 
 364:Drivers/STM32F4xx_HAL_Driver/Src/stm32f4xx_hal_rtc.c ****   /* Enter Initialization mode */
 365:Drivers/STM32F4xx_HAL_Driver/Src/stm32f4xx_hal_rtc.c ****   status = RTC_EnterInitMode(hrtc);
 366:Drivers/STM32F4xx_HAL_Driver/Src/stm32f4xx_hal_rtc.c **** 
 367:Drivers/STM32F4xx_HAL_Driver/Src/stm32f4xx_hal_rtc.c ****   if (status == HAL_OK)
 368:Drivers/STM32F4xx_HAL_Driver/Src/stm32f4xx_hal_rtc.c ****   {
 369:Drivers/STM32F4xx_HAL_Driver/Src/stm32f4xx_hal_rtc.c ****     /* Reset RTC registers */
 370:Drivers/STM32F4xx_HAL_Driver/Src/stm32f4xx_hal_rtc.c ****     hrtc->Instance->TR = 0x00000000U;
 371:Drivers/STM32F4xx_HAL_Driver/Src/stm32f4xx_hal_rtc.c ****     hrtc->Instance->DR = (RTC_DR_WDU_0 | RTC_DR_MU_0 | RTC_DR_DU_0);
ARM GAS  /tmp/ccXZyIjC.s 			page 8


 372:Drivers/STM32F4xx_HAL_Driver/Src/stm32f4xx_hal_rtc.c ****     hrtc->Instance->CR  &= 0x00000000U;
 373:Drivers/STM32F4xx_HAL_Driver/Src/stm32f4xx_hal_rtc.c ****     hrtc->Instance->WUTR = RTC_WUTR_WUT;
 374:Drivers/STM32F4xx_HAL_Driver/Src/stm32f4xx_hal_rtc.c ****     hrtc->Instance->PRER = (uint32_t)(RTC_PRER_PREDIV_A | 0x000000FFU);
 375:Drivers/STM32F4xx_HAL_Driver/Src/stm32f4xx_hal_rtc.c ****     hrtc->Instance->CALIBR = 0x00000000U;
 376:Drivers/STM32F4xx_HAL_Driver/Src/stm32f4xx_hal_rtc.c ****     hrtc->Instance->ALRMAR   = 0x00000000U;
 377:Drivers/STM32F4xx_HAL_Driver/Src/stm32f4xx_hal_rtc.c ****     hrtc->Instance->ALRMBR   = 0x00000000U;
 378:Drivers/STM32F4xx_HAL_Driver/Src/stm32f4xx_hal_rtc.c ****     hrtc->Instance->CALR     = 0x00000000U;
 379:Drivers/STM32F4xx_HAL_Driver/Src/stm32f4xx_hal_rtc.c ****     hrtc->Instance->SHIFTR   = 0x00000000U;
 380:Drivers/STM32F4xx_HAL_Driver/Src/stm32f4xx_hal_rtc.c ****     hrtc->Instance->ALRMASSR = 0x00000000U;
 381:Drivers/STM32F4xx_HAL_Driver/Src/stm32f4xx_hal_rtc.c ****     hrtc->Instance->ALRMBSSR = 0x00000000U;
 382:Drivers/STM32F4xx_HAL_Driver/Src/stm32f4xx_hal_rtc.c **** 
 383:Drivers/STM32F4xx_HAL_Driver/Src/stm32f4xx_hal_rtc.c ****     /* Exit Initialization mode */
 384:Drivers/STM32F4xx_HAL_Driver/Src/stm32f4xx_hal_rtc.c ****     status = RTC_ExitInitMode(hrtc);
 385:Drivers/STM32F4xx_HAL_Driver/Src/stm32f4xx_hal_rtc.c ****   }
 386:Drivers/STM32F4xx_HAL_Driver/Src/stm32f4xx_hal_rtc.c **** 
 387:Drivers/STM32F4xx_HAL_Driver/Src/stm32f4xx_hal_rtc.c ****   /* Enable the write protection for RTC registers */
 388:Drivers/STM32F4xx_HAL_Driver/Src/stm32f4xx_hal_rtc.c ****   __HAL_RTC_WRITEPROTECTION_ENABLE(hrtc);
 389:Drivers/STM32F4xx_HAL_Driver/Src/stm32f4xx_hal_rtc.c **** 
 390:Drivers/STM32F4xx_HAL_Driver/Src/stm32f4xx_hal_rtc.c ****   if (status == HAL_OK)
 391:Drivers/STM32F4xx_HAL_Driver/Src/stm32f4xx_hal_rtc.c ****   {
 392:Drivers/STM32F4xx_HAL_Driver/Src/stm32f4xx_hal_rtc.c ****     /* Reset Tamper and alternate functions configuration register */
 393:Drivers/STM32F4xx_HAL_Driver/Src/stm32f4xx_hal_rtc.c ****     hrtc->Instance->TAFCR = 0x00000000U;
 394:Drivers/STM32F4xx_HAL_Driver/Src/stm32f4xx_hal_rtc.c **** 
 395:Drivers/STM32F4xx_HAL_Driver/Src/stm32f4xx_hal_rtc.c **** #if (USE_HAL_RTC_REGISTER_CALLBACKS == 1)
 396:Drivers/STM32F4xx_HAL_Driver/Src/stm32f4xx_hal_rtc.c ****     if (hrtc->MspDeInitCallback == NULL)
 397:Drivers/STM32F4xx_HAL_Driver/Src/stm32f4xx_hal_rtc.c ****     {
 398:Drivers/STM32F4xx_HAL_Driver/Src/stm32f4xx_hal_rtc.c ****       hrtc->MspDeInitCallback = HAL_RTC_MspDeInit;
 399:Drivers/STM32F4xx_HAL_Driver/Src/stm32f4xx_hal_rtc.c ****     }
 400:Drivers/STM32F4xx_HAL_Driver/Src/stm32f4xx_hal_rtc.c **** 
 401:Drivers/STM32F4xx_HAL_Driver/Src/stm32f4xx_hal_rtc.c ****     /* DeInit the low level hardware: CLOCK, NVIC.*/
 402:Drivers/STM32F4xx_HAL_Driver/Src/stm32f4xx_hal_rtc.c ****     hrtc->MspDeInitCallback(hrtc);
 403:Drivers/STM32F4xx_HAL_Driver/Src/stm32f4xx_hal_rtc.c **** #else /* USE_HAL_RTC_REGISTER_CALLBACKS */
 404:Drivers/STM32F4xx_HAL_Driver/Src/stm32f4xx_hal_rtc.c ****     /* De-Initialize RTC MSP */
 405:Drivers/STM32F4xx_HAL_Driver/Src/stm32f4xx_hal_rtc.c ****     HAL_RTC_MspDeInit(hrtc);
 406:Drivers/STM32F4xx_HAL_Driver/Src/stm32f4xx_hal_rtc.c **** #endif /* USE_HAL_RTC_REGISTER_CALLBACKS */
 407:Drivers/STM32F4xx_HAL_Driver/Src/stm32f4xx_hal_rtc.c **** 
 408:Drivers/STM32F4xx_HAL_Driver/Src/stm32f4xx_hal_rtc.c ****     hrtc->State = HAL_RTC_STATE_RESET;
 409:Drivers/STM32F4xx_HAL_Driver/Src/stm32f4xx_hal_rtc.c ****   }
 410:Drivers/STM32F4xx_HAL_Driver/Src/stm32f4xx_hal_rtc.c **** 
 411:Drivers/STM32F4xx_HAL_Driver/Src/stm32f4xx_hal_rtc.c ****   /* Release Lock */
 412:Drivers/STM32F4xx_HAL_Driver/Src/stm32f4xx_hal_rtc.c ****   __HAL_UNLOCK(hrtc);
 413:Drivers/STM32F4xx_HAL_Driver/Src/stm32f4xx_hal_rtc.c **** 
 414:Drivers/STM32F4xx_HAL_Driver/Src/stm32f4xx_hal_rtc.c ****   return status;
 415:Drivers/STM32F4xx_HAL_Driver/Src/stm32f4xx_hal_rtc.c **** }
 416:Drivers/STM32F4xx_HAL_Driver/Src/stm32f4xx_hal_rtc.c **** 
 417:Drivers/STM32F4xx_HAL_Driver/Src/stm32f4xx_hal_rtc.c **** #if (USE_HAL_RTC_REGISTER_CALLBACKS == 1)
 418:Drivers/STM32F4xx_HAL_Driver/Src/stm32f4xx_hal_rtc.c **** /**
 419:Drivers/STM32F4xx_HAL_Driver/Src/stm32f4xx_hal_rtc.c ****   * @brief  Registers a User RTC Callback
 420:Drivers/STM32F4xx_HAL_Driver/Src/stm32f4xx_hal_rtc.c ****   *         To be used instead of the weak predefined callback
 421:Drivers/STM32F4xx_HAL_Driver/Src/stm32f4xx_hal_rtc.c ****   * @param  hrtc pointer to a RTC_HandleTypeDef structure that contains
 422:Drivers/STM32F4xx_HAL_Driver/Src/stm32f4xx_hal_rtc.c ****   *                the configuration information for RTC.
 423:Drivers/STM32F4xx_HAL_Driver/Src/stm32f4xx_hal_rtc.c ****   * @param  CallbackID ID of the callback to be registered
 424:Drivers/STM32F4xx_HAL_Driver/Src/stm32f4xx_hal_rtc.c ****   *         This parameter can be one of the following values:
 425:Drivers/STM32F4xx_HAL_Driver/Src/stm32f4xx_hal_rtc.c ****   *          @arg @ref HAL_RTC_ALARM_A_EVENT_CB_ID          Alarm A Event Callback ID
 426:Drivers/STM32F4xx_HAL_Driver/Src/stm32f4xx_hal_rtc.c ****   *          @arg @ref HAL_RTC_ALARM_B_EVENT_CB_ID          Alarm B Event Callback ID
 427:Drivers/STM32F4xx_HAL_Driver/Src/stm32f4xx_hal_rtc.c ****   *          @arg @ref HAL_RTC_TIMESTAMP_EVENT_CB_ID        Timestamp Event Callback ID
 428:Drivers/STM32F4xx_HAL_Driver/Src/stm32f4xx_hal_rtc.c ****   *          @arg @ref HAL_RTC_WAKEUPTIMER_EVENT_CB_ID      Wakeup Timer Event Callback ID
ARM GAS  /tmp/ccXZyIjC.s 			page 9


 429:Drivers/STM32F4xx_HAL_Driver/Src/stm32f4xx_hal_rtc.c ****   *          @arg @ref HAL_RTC_TAMPER1_EVENT_CB_ID          Tamper 1 Callback ID
 430:Drivers/STM32F4xx_HAL_Driver/Src/stm32f4xx_hal_rtc.c ****   *          @arg @ref HAL_RTC_TAMPER2_EVENT_CB_ID          Tamper 2 Callback ID
 431:Drivers/STM32F4xx_HAL_Driver/Src/stm32f4xx_hal_rtc.c ****   *          @arg @ref HAL_RTC_MSPINIT_CB_ID                Msp Init callback ID
 432:Drivers/STM32F4xx_HAL_Driver/Src/stm32f4xx_hal_rtc.c ****   *          @arg @ref HAL_RTC_MSPDEINIT_CB_ID              Msp DeInit callback ID
 433:Drivers/STM32F4xx_HAL_Driver/Src/stm32f4xx_hal_rtc.c ****   * @note   HAL_RTC_TAMPER2_EVENT_CB_ID is not applicable to all devices.
 434:Drivers/STM32F4xx_HAL_Driver/Src/stm32f4xx_hal_rtc.c ****   * @param  pCallback pointer to the Callback function
 435:Drivers/STM32F4xx_HAL_Driver/Src/stm32f4xx_hal_rtc.c ****   * @retval HAL status
 436:Drivers/STM32F4xx_HAL_Driver/Src/stm32f4xx_hal_rtc.c ****   */
 437:Drivers/STM32F4xx_HAL_Driver/Src/stm32f4xx_hal_rtc.c **** HAL_StatusTypeDef HAL_RTC_RegisterCallback(RTC_HandleTypeDef *hrtc, HAL_RTC_CallbackIDTypeDef Callb
 438:Drivers/STM32F4xx_HAL_Driver/Src/stm32f4xx_hal_rtc.c **** {
 439:Drivers/STM32F4xx_HAL_Driver/Src/stm32f4xx_hal_rtc.c ****   HAL_StatusTypeDef status = HAL_OK;
 440:Drivers/STM32F4xx_HAL_Driver/Src/stm32f4xx_hal_rtc.c **** 
 441:Drivers/STM32F4xx_HAL_Driver/Src/stm32f4xx_hal_rtc.c ****   if (pCallback == NULL)
 442:Drivers/STM32F4xx_HAL_Driver/Src/stm32f4xx_hal_rtc.c ****   {
 443:Drivers/STM32F4xx_HAL_Driver/Src/stm32f4xx_hal_rtc.c ****     return HAL_ERROR;
 444:Drivers/STM32F4xx_HAL_Driver/Src/stm32f4xx_hal_rtc.c ****   }
 445:Drivers/STM32F4xx_HAL_Driver/Src/stm32f4xx_hal_rtc.c **** 
 446:Drivers/STM32F4xx_HAL_Driver/Src/stm32f4xx_hal_rtc.c ****   /* Process locked */
 447:Drivers/STM32F4xx_HAL_Driver/Src/stm32f4xx_hal_rtc.c ****   __HAL_LOCK(hrtc);
 448:Drivers/STM32F4xx_HAL_Driver/Src/stm32f4xx_hal_rtc.c **** 
 449:Drivers/STM32F4xx_HAL_Driver/Src/stm32f4xx_hal_rtc.c ****   if (HAL_RTC_STATE_READY == hrtc->State)
 450:Drivers/STM32F4xx_HAL_Driver/Src/stm32f4xx_hal_rtc.c ****   {
 451:Drivers/STM32F4xx_HAL_Driver/Src/stm32f4xx_hal_rtc.c ****     switch (CallbackID)
 452:Drivers/STM32F4xx_HAL_Driver/Src/stm32f4xx_hal_rtc.c ****     {
 453:Drivers/STM32F4xx_HAL_Driver/Src/stm32f4xx_hal_rtc.c ****       case HAL_RTC_ALARM_A_EVENT_CB_ID :
 454:Drivers/STM32F4xx_HAL_Driver/Src/stm32f4xx_hal_rtc.c ****         hrtc->AlarmAEventCallback = pCallback;
 455:Drivers/STM32F4xx_HAL_Driver/Src/stm32f4xx_hal_rtc.c ****         break;
 456:Drivers/STM32F4xx_HAL_Driver/Src/stm32f4xx_hal_rtc.c **** 
 457:Drivers/STM32F4xx_HAL_Driver/Src/stm32f4xx_hal_rtc.c ****       case HAL_RTC_ALARM_B_EVENT_CB_ID :
 458:Drivers/STM32F4xx_HAL_Driver/Src/stm32f4xx_hal_rtc.c ****         hrtc->AlarmBEventCallback = pCallback;
 459:Drivers/STM32F4xx_HAL_Driver/Src/stm32f4xx_hal_rtc.c ****         break;
 460:Drivers/STM32F4xx_HAL_Driver/Src/stm32f4xx_hal_rtc.c **** 
 461:Drivers/STM32F4xx_HAL_Driver/Src/stm32f4xx_hal_rtc.c ****       case HAL_RTC_TIMESTAMP_EVENT_CB_ID :
 462:Drivers/STM32F4xx_HAL_Driver/Src/stm32f4xx_hal_rtc.c ****         hrtc->TimeStampEventCallback = pCallback;
 463:Drivers/STM32F4xx_HAL_Driver/Src/stm32f4xx_hal_rtc.c ****         break;
 464:Drivers/STM32F4xx_HAL_Driver/Src/stm32f4xx_hal_rtc.c **** 
 465:Drivers/STM32F4xx_HAL_Driver/Src/stm32f4xx_hal_rtc.c ****       case HAL_RTC_WAKEUPTIMER_EVENT_CB_ID :
 466:Drivers/STM32F4xx_HAL_Driver/Src/stm32f4xx_hal_rtc.c ****         hrtc->WakeUpTimerEventCallback = pCallback;
 467:Drivers/STM32F4xx_HAL_Driver/Src/stm32f4xx_hal_rtc.c ****         break;
 468:Drivers/STM32F4xx_HAL_Driver/Src/stm32f4xx_hal_rtc.c **** 
 469:Drivers/STM32F4xx_HAL_Driver/Src/stm32f4xx_hal_rtc.c ****       case HAL_RTC_TAMPER1_EVENT_CB_ID :
 470:Drivers/STM32F4xx_HAL_Driver/Src/stm32f4xx_hal_rtc.c ****         hrtc->Tamper1EventCallback = pCallback;
 471:Drivers/STM32F4xx_HAL_Driver/Src/stm32f4xx_hal_rtc.c ****         break;
 472:Drivers/STM32F4xx_HAL_Driver/Src/stm32f4xx_hal_rtc.c **** 
 473:Drivers/STM32F4xx_HAL_Driver/Src/stm32f4xx_hal_rtc.c **** #if defined(RTC_TAMPER2_SUPPORT)
 474:Drivers/STM32F4xx_HAL_Driver/Src/stm32f4xx_hal_rtc.c ****       case HAL_RTC_TAMPER2_EVENT_CB_ID :
 475:Drivers/STM32F4xx_HAL_Driver/Src/stm32f4xx_hal_rtc.c ****         hrtc->Tamper2EventCallback = pCallback;
 476:Drivers/STM32F4xx_HAL_Driver/Src/stm32f4xx_hal_rtc.c ****         break;
 477:Drivers/STM32F4xx_HAL_Driver/Src/stm32f4xx_hal_rtc.c **** #endif /* RTC_TAMPER2_SUPPORT */
 478:Drivers/STM32F4xx_HAL_Driver/Src/stm32f4xx_hal_rtc.c **** 
 479:Drivers/STM32F4xx_HAL_Driver/Src/stm32f4xx_hal_rtc.c ****       case HAL_RTC_MSPINIT_CB_ID :
 480:Drivers/STM32F4xx_HAL_Driver/Src/stm32f4xx_hal_rtc.c ****         hrtc->MspInitCallback = pCallback;
 481:Drivers/STM32F4xx_HAL_Driver/Src/stm32f4xx_hal_rtc.c ****         break;
 482:Drivers/STM32F4xx_HAL_Driver/Src/stm32f4xx_hal_rtc.c **** 
 483:Drivers/STM32F4xx_HAL_Driver/Src/stm32f4xx_hal_rtc.c ****       case HAL_RTC_MSPDEINIT_CB_ID :
 484:Drivers/STM32F4xx_HAL_Driver/Src/stm32f4xx_hal_rtc.c ****         hrtc->MspDeInitCallback = pCallback;
 485:Drivers/STM32F4xx_HAL_Driver/Src/stm32f4xx_hal_rtc.c ****         break;
ARM GAS  /tmp/ccXZyIjC.s 			page 10


 486:Drivers/STM32F4xx_HAL_Driver/Src/stm32f4xx_hal_rtc.c **** 
 487:Drivers/STM32F4xx_HAL_Driver/Src/stm32f4xx_hal_rtc.c ****       default :
 488:Drivers/STM32F4xx_HAL_Driver/Src/stm32f4xx_hal_rtc.c ****         /* Return error status */
 489:Drivers/STM32F4xx_HAL_Driver/Src/stm32f4xx_hal_rtc.c ****         status =  HAL_ERROR;
 490:Drivers/STM32F4xx_HAL_Driver/Src/stm32f4xx_hal_rtc.c ****         break;
 491:Drivers/STM32F4xx_HAL_Driver/Src/stm32f4xx_hal_rtc.c ****     }
 492:Drivers/STM32F4xx_HAL_Driver/Src/stm32f4xx_hal_rtc.c ****   }
 493:Drivers/STM32F4xx_HAL_Driver/Src/stm32f4xx_hal_rtc.c ****   else if (HAL_RTC_STATE_RESET == hrtc->State)
 494:Drivers/STM32F4xx_HAL_Driver/Src/stm32f4xx_hal_rtc.c ****   {
 495:Drivers/STM32F4xx_HAL_Driver/Src/stm32f4xx_hal_rtc.c ****     switch (CallbackID)
 496:Drivers/STM32F4xx_HAL_Driver/Src/stm32f4xx_hal_rtc.c ****     {
 497:Drivers/STM32F4xx_HAL_Driver/Src/stm32f4xx_hal_rtc.c ****       case HAL_RTC_MSPINIT_CB_ID :
 498:Drivers/STM32F4xx_HAL_Driver/Src/stm32f4xx_hal_rtc.c ****         hrtc->MspInitCallback = pCallback;
 499:Drivers/STM32F4xx_HAL_Driver/Src/stm32f4xx_hal_rtc.c ****         break;
 500:Drivers/STM32F4xx_HAL_Driver/Src/stm32f4xx_hal_rtc.c **** 
 501:Drivers/STM32F4xx_HAL_Driver/Src/stm32f4xx_hal_rtc.c ****       case HAL_RTC_MSPDEINIT_CB_ID :
 502:Drivers/STM32F4xx_HAL_Driver/Src/stm32f4xx_hal_rtc.c ****         hrtc->MspDeInitCallback = pCallback;
 503:Drivers/STM32F4xx_HAL_Driver/Src/stm32f4xx_hal_rtc.c ****         break;
 504:Drivers/STM32F4xx_HAL_Driver/Src/stm32f4xx_hal_rtc.c **** 
 505:Drivers/STM32F4xx_HAL_Driver/Src/stm32f4xx_hal_rtc.c ****       default :
 506:Drivers/STM32F4xx_HAL_Driver/Src/stm32f4xx_hal_rtc.c ****         /* Return error status */
 507:Drivers/STM32F4xx_HAL_Driver/Src/stm32f4xx_hal_rtc.c ****         status =  HAL_ERROR;
 508:Drivers/STM32F4xx_HAL_Driver/Src/stm32f4xx_hal_rtc.c ****         break;
 509:Drivers/STM32F4xx_HAL_Driver/Src/stm32f4xx_hal_rtc.c ****     }
 510:Drivers/STM32F4xx_HAL_Driver/Src/stm32f4xx_hal_rtc.c ****   }
 511:Drivers/STM32F4xx_HAL_Driver/Src/stm32f4xx_hal_rtc.c ****   else
 512:Drivers/STM32F4xx_HAL_Driver/Src/stm32f4xx_hal_rtc.c ****   {
 513:Drivers/STM32F4xx_HAL_Driver/Src/stm32f4xx_hal_rtc.c ****     /* Return error status */
 514:Drivers/STM32F4xx_HAL_Driver/Src/stm32f4xx_hal_rtc.c ****     status =  HAL_ERROR;
 515:Drivers/STM32F4xx_HAL_Driver/Src/stm32f4xx_hal_rtc.c ****   }
 516:Drivers/STM32F4xx_HAL_Driver/Src/stm32f4xx_hal_rtc.c **** 
 517:Drivers/STM32F4xx_HAL_Driver/Src/stm32f4xx_hal_rtc.c ****   /* Release Lock */
 518:Drivers/STM32F4xx_HAL_Driver/Src/stm32f4xx_hal_rtc.c ****   __HAL_UNLOCK(hrtc);
 519:Drivers/STM32F4xx_HAL_Driver/Src/stm32f4xx_hal_rtc.c **** 
 520:Drivers/STM32F4xx_HAL_Driver/Src/stm32f4xx_hal_rtc.c ****   return status;
 521:Drivers/STM32F4xx_HAL_Driver/Src/stm32f4xx_hal_rtc.c **** }
 522:Drivers/STM32F4xx_HAL_Driver/Src/stm32f4xx_hal_rtc.c **** 
 523:Drivers/STM32F4xx_HAL_Driver/Src/stm32f4xx_hal_rtc.c **** /**
 524:Drivers/STM32F4xx_HAL_Driver/Src/stm32f4xx_hal_rtc.c ****   * @brief  Unregisters an RTC Callback
 525:Drivers/STM32F4xx_HAL_Driver/Src/stm32f4xx_hal_rtc.c ****   *         RTC callabck is redirected to the weak predefined callback
 526:Drivers/STM32F4xx_HAL_Driver/Src/stm32f4xx_hal_rtc.c ****   * @param  hrtc pointer to a RTC_HandleTypeDef structure that contains
 527:Drivers/STM32F4xx_HAL_Driver/Src/stm32f4xx_hal_rtc.c ****   *                the configuration information for RTC.
 528:Drivers/STM32F4xx_HAL_Driver/Src/stm32f4xx_hal_rtc.c ****   * @param  CallbackID ID of the callback to be unregistered
 529:Drivers/STM32F4xx_HAL_Driver/Src/stm32f4xx_hal_rtc.c ****   *         This parameter can be one of the following values:
 530:Drivers/STM32F4xx_HAL_Driver/Src/stm32f4xx_hal_rtc.c ****   *          @arg @ref HAL_RTC_ALARM_A_EVENT_CB_ID          Alarm A Event Callback ID
 531:Drivers/STM32F4xx_HAL_Driver/Src/stm32f4xx_hal_rtc.c ****   *          @arg @ref HAL_RTC_ALARM_B_EVENT_CB_ID          Alarm B Event Callback ID
 532:Drivers/STM32F4xx_HAL_Driver/Src/stm32f4xx_hal_rtc.c ****   *          @arg @ref HAL_RTC_TIMESTAMP_EVENT_CB_ID        Timestamp Event Callback ID
 533:Drivers/STM32F4xx_HAL_Driver/Src/stm32f4xx_hal_rtc.c ****   *          @arg @ref HAL_RTC_WAKEUPTIMER_EVENT_CB_ID      Wakeup Timer Event Callback ID
 534:Drivers/STM32F4xx_HAL_Driver/Src/stm32f4xx_hal_rtc.c ****   *          @arg @ref HAL_RTC_TAMPER1_EVENT_CB_ID          Tamper 1 Callback ID
 535:Drivers/STM32F4xx_HAL_Driver/Src/stm32f4xx_hal_rtc.c ****   *          @arg @ref HAL_RTC_TAMPER2_EVENT_CB_ID          Tamper 2 Callback ID
 536:Drivers/STM32F4xx_HAL_Driver/Src/stm32f4xx_hal_rtc.c ****   *          @arg @ref HAL_RTC_MSPINIT_CB_ID Msp Init callback ID
 537:Drivers/STM32F4xx_HAL_Driver/Src/stm32f4xx_hal_rtc.c ****   *          @arg @ref HAL_RTC_MSPDEINIT_CB_ID Msp DeInit callback ID
 538:Drivers/STM32F4xx_HAL_Driver/Src/stm32f4xx_hal_rtc.c ****   * @note   HAL_RTC_TAMPER2_EVENT_CB_ID is not applicable to all devices.
 539:Drivers/STM32F4xx_HAL_Driver/Src/stm32f4xx_hal_rtc.c ****   * @retval HAL status
 540:Drivers/STM32F4xx_HAL_Driver/Src/stm32f4xx_hal_rtc.c ****   */
 541:Drivers/STM32F4xx_HAL_Driver/Src/stm32f4xx_hal_rtc.c **** HAL_StatusTypeDef HAL_RTC_UnRegisterCallback(RTC_HandleTypeDef *hrtc, HAL_RTC_CallbackIDTypeDef Cal
 542:Drivers/STM32F4xx_HAL_Driver/Src/stm32f4xx_hal_rtc.c **** {
ARM GAS  /tmp/ccXZyIjC.s 			page 11


 543:Drivers/STM32F4xx_HAL_Driver/Src/stm32f4xx_hal_rtc.c ****   HAL_StatusTypeDef status = HAL_OK;
 544:Drivers/STM32F4xx_HAL_Driver/Src/stm32f4xx_hal_rtc.c **** 
 545:Drivers/STM32F4xx_HAL_Driver/Src/stm32f4xx_hal_rtc.c ****   /* Process locked */
 546:Drivers/STM32F4xx_HAL_Driver/Src/stm32f4xx_hal_rtc.c ****   __HAL_LOCK(hrtc);
 547:Drivers/STM32F4xx_HAL_Driver/Src/stm32f4xx_hal_rtc.c **** 
 548:Drivers/STM32F4xx_HAL_Driver/Src/stm32f4xx_hal_rtc.c ****   if (HAL_RTC_STATE_READY == hrtc->State)
 549:Drivers/STM32F4xx_HAL_Driver/Src/stm32f4xx_hal_rtc.c ****   {
 550:Drivers/STM32F4xx_HAL_Driver/Src/stm32f4xx_hal_rtc.c ****     switch (CallbackID)
 551:Drivers/STM32F4xx_HAL_Driver/Src/stm32f4xx_hal_rtc.c ****     {
 552:Drivers/STM32F4xx_HAL_Driver/Src/stm32f4xx_hal_rtc.c ****       case HAL_RTC_ALARM_A_EVENT_CB_ID :
 553:Drivers/STM32F4xx_HAL_Driver/Src/stm32f4xx_hal_rtc.c ****         hrtc->AlarmAEventCallback = HAL_RTC_AlarmAEventCallback;             /* Legacy weak AlarmAE
 554:Drivers/STM32F4xx_HAL_Driver/Src/stm32f4xx_hal_rtc.c ****         break;
 555:Drivers/STM32F4xx_HAL_Driver/Src/stm32f4xx_hal_rtc.c **** 
 556:Drivers/STM32F4xx_HAL_Driver/Src/stm32f4xx_hal_rtc.c ****       case HAL_RTC_ALARM_B_EVENT_CB_ID :
 557:Drivers/STM32F4xx_HAL_Driver/Src/stm32f4xx_hal_rtc.c ****         hrtc->AlarmBEventCallback = HAL_RTCEx_AlarmBEventCallback;           /* Legacy weak AlarmBE
 558:Drivers/STM32F4xx_HAL_Driver/Src/stm32f4xx_hal_rtc.c ****         break;
 559:Drivers/STM32F4xx_HAL_Driver/Src/stm32f4xx_hal_rtc.c **** 
 560:Drivers/STM32F4xx_HAL_Driver/Src/stm32f4xx_hal_rtc.c ****       case HAL_RTC_TIMESTAMP_EVENT_CB_ID :
 561:Drivers/STM32F4xx_HAL_Driver/Src/stm32f4xx_hal_rtc.c ****         hrtc->TimeStampEventCallback = HAL_RTCEx_TimeStampEventCallback;     /* Legacy weak TimeSta
 562:Drivers/STM32F4xx_HAL_Driver/Src/stm32f4xx_hal_rtc.c ****         break;
 563:Drivers/STM32F4xx_HAL_Driver/Src/stm32f4xx_hal_rtc.c **** 
 564:Drivers/STM32F4xx_HAL_Driver/Src/stm32f4xx_hal_rtc.c ****       case HAL_RTC_WAKEUPTIMER_EVENT_CB_ID :
 565:Drivers/STM32F4xx_HAL_Driver/Src/stm32f4xx_hal_rtc.c ****         hrtc->WakeUpTimerEventCallback = HAL_RTCEx_WakeUpTimerEventCallback; /* Legacy weak WakeUpT
 566:Drivers/STM32F4xx_HAL_Driver/Src/stm32f4xx_hal_rtc.c ****         break;
 567:Drivers/STM32F4xx_HAL_Driver/Src/stm32f4xx_hal_rtc.c **** 
 568:Drivers/STM32F4xx_HAL_Driver/Src/stm32f4xx_hal_rtc.c ****       case HAL_RTC_TAMPER1_EVENT_CB_ID :
 569:Drivers/STM32F4xx_HAL_Driver/Src/stm32f4xx_hal_rtc.c ****         hrtc->Tamper1EventCallback = HAL_RTCEx_Tamper1EventCallback;         /* Legacy weak Tamper1
 570:Drivers/STM32F4xx_HAL_Driver/Src/stm32f4xx_hal_rtc.c ****         break;
 571:Drivers/STM32F4xx_HAL_Driver/Src/stm32f4xx_hal_rtc.c **** 
 572:Drivers/STM32F4xx_HAL_Driver/Src/stm32f4xx_hal_rtc.c **** #if defined(RTC_TAMPER2_SUPPORT)
 573:Drivers/STM32F4xx_HAL_Driver/Src/stm32f4xx_hal_rtc.c ****       case HAL_RTC_TAMPER2_EVENT_CB_ID :
 574:Drivers/STM32F4xx_HAL_Driver/Src/stm32f4xx_hal_rtc.c ****         hrtc->Tamper2EventCallback = HAL_RTCEx_Tamper2EventCallback;         /* Legacy weak Tamper2
 575:Drivers/STM32F4xx_HAL_Driver/Src/stm32f4xx_hal_rtc.c ****         break;
 576:Drivers/STM32F4xx_HAL_Driver/Src/stm32f4xx_hal_rtc.c **** #endif /* RTC_TAMPER2_SUPPORT */
 577:Drivers/STM32F4xx_HAL_Driver/Src/stm32f4xx_hal_rtc.c **** 
 578:Drivers/STM32F4xx_HAL_Driver/Src/stm32f4xx_hal_rtc.c ****       case HAL_RTC_MSPINIT_CB_ID :
 579:Drivers/STM32F4xx_HAL_Driver/Src/stm32f4xx_hal_rtc.c ****         hrtc->MspInitCallback = HAL_RTC_MspInit;
 580:Drivers/STM32F4xx_HAL_Driver/Src/stm32f4xx_hal_rtc.c ****         break;
 581:Drivers/STM32F4xx_HAL_Driver/Src/stm32f4xx_hal_rtc.c **** 
 582:Drivers/STM32F4xx_HAL_Driver/Src/stm32f4xx_hal_rtc.c ****       case HAL_RTC_MSPDEINIT_CB_ID :
 583:Drivers/STM32F4xx_HAL_Driver/Src/stm32f4xx_hal_rtc.c ****         hrtc->MspDeInitCallback = HAL_RTC_MspDeInit;
 584:Drivers/STM32F4xx_HAL_Driver/Src/stm32f4xx_hal_rtc.c ****         break;
 585:Drivers/STM32F4xx_HAL_Driver/Src/stm32f4xx_hal_rtc.c **** 
 586:Drivers/STM32F4xx_HAL_Driver/Src/stm32f4xx_hal_rtc.c ****       default :
 587:Drivers/STM32F4xx_HAL_Driver/Src/stm32f4xx_hal_rtc.c ****         /* Return error status */
 588:Drivers/STM32F4xx_HAL_Driver/Src/stm32f4xx_hal_rtc.c ****         status =  HAL_ERROR;
 589:Drivers/STM32F4xx_HAL_Driver/Src/stm32f4xx_hal_rtc.c ****         break;
 590:Drivers/STM32F4xx_HAL_Driver/Src/stm32f4xx_hal_rtc.c ****     }
 591:Drivers/STM32F4xx_HAL_Driver/Src/stm32f4xx_hal_rtc.c ****   }
 592:Drivers/STM32F4xx_HAL_Driver/Src/stm32f4xx_hal_rtc.c ****   else if (HAL_RTC_STATE_RESET == hrtc->State)
 593:Drivers/STM32F4xx_HAL_Driver/Src/stm32f4xx_hal_rtc.c ****   {
 594:Drivers/STM32F4xx_HAL_Driver/Src/stm32f4xx_hal_rtc.c ****     switch (CallbackID)
 595:Drivers/STM32F4xx_HAL_Driver/Src/stm32f4xx_hal_rtc.c ****     {
 596:Drivers/STM32F4xx_HAL_Driver/Src/stm32f4xx_hal_rtc.c ****       case HAL_RTC_MSPINIT_CB_ID :
 597:Drivers/STM32F4xx_HAL_Driver/Src/stm32f4xx_hal_rtc.c ****         hrtc->MspInitCallback = HAL_RTC_MspInit;
 598:Drivers/STM32F4xx_HAL_Driver/Src/stm32f4xx_hal_rtc.c ****         break;
 599:Drivers/STM32F4xx_HAL_Driver/Src/stm32f4xx_hal_rtc.c **** 
ARM GAS  /tmp/ccXZyIjC.s 			page 12


 600:Drivers/STM32F4xx_HAL_Driver/Src/stm32f4xx_hal_rtc.c ****       case HAL_RTC_MSPDEINIT_CB_ID :
 601:Drivers/STM32F4xx_HAL_Driver/Src/stm32f4xx_hal_rtc.c ****         hrtc->MspDeInitCallback = HAL_RTC_MspDeInit;
 602:Drivers/STM32F4xx_HAL_Driver/Src/stm32f4xx_hal_rtc.c ****         break;
 603:Drivers/STM32F4xx_HAL_Driver/Src/stm32f4xx_hal_rtc.c **** 
 604:Drivers/STM32F4xx_HAL_Driver/Src/stm32f4xx_hal_rtc.c ****       default :
 605:Drivers/STM32F4xx_HAL_Driver/Src/stm32f4xx_hal_rtc.c ****         /* Return error status */
 606:Drivers/STM32F4xx_HAL_Driver/Src/stm32f4xx_hal_rtc.c ****         status =  HAL_ERROR;
 607:Drivers/STM32F4xx_HAL_Driver/Src/stm32f4xx_hal_rtc.c ****         break;
 608:Drivers/STM32F4xx_HAL_Driver/Src/stm32f4xx_hal_rtc.c ****     }
 609:Drivers/STM32F4xx_HAL_Driver/Src/stm32f4xx_hal_rtc.c ****   }
 610:Drivers/STM32F4xx_HAL_Driver/Src/stm32f4xx_hal_rtc.c ****   else
 611:Drivers/STM32F4xx_HAL_Driver/Src/stm32f4xx_hal_rtc.c ****   {
 612:Drivers/STM32F4xx_HAL_Driver/Src/stm32f4xx_hal_rtc.c ****     /* Return error status */
 613:Drivers/STM32F4xx_HAL_Driver/Src/stm32f4xx_hal_rtc.c ****     status =  HAL_ERROR;
 614:Drivers/STM32F4xx_HAL_Driver/Src/stm32f4xx_hal_rtc.c ****   }
 615:Drivers/STM32F4xx_HAL_Driver/Src/stm32f4xx_hal_rtc.c **** 
 616:Drivers/STM32F4xx_HAL_Driver/Src/stm32f4xx_hal_rtc.c ****   /* Release Lock */
 617:Drivers/STM32F4xx_HAL_Driver/Src/stm32f4xx_hal_rtc.c ****   __HAL_UNLOCK(hrtc);
 618:Drivers/STM32F4xx_HAL_Driver/Src/stm32f4xx_hal_rtc.c **** 
 619:Drivers/STM32F4xx_HAL_Driver/Src/stm32f4xx_hal_rtc.c ****   return status;
 620:Drivers/STM32F4xx_HAL_Driver/Src/stm32f4xx_hal_rtc.c **** }
 621:Drivers/STM32F4xx_HAL_Driver/Src/stm32f4xx_hal_rtc.c **** #endif /* USE_HAL_RTC_REGISTER_CALLBACKS */
 622:Drivers/STM32F4xx_HAL_Driver/Src/stm32f4xx_hal_rtc.c **** 
 623:Drivers/STM32F4xx_HAL_Driver/Src/stm32f4xx_hal_rtc.c **** /**
 624:Drivers/STM32F4xx_HAL_Driver/Src/stm32f4xx_hal_rtc.c ****   * @brief  Initializes the RTC MSP.
 625:Drivers/STM32F4xx_HAL_Driver/Src/stm32f4xx_hal_rtc.c ****   * @param  hrtc pointer to a RTC_HandleTypeDef structure that contains
 626:Drivers/STM32F4xx_HAL_Driver/Src/stm32f4xx_hal_rtc.c ****   *                the configuration information for RTC.
 627:Drivers/STM32F4xx_HAL_Driver/Src/stm32f4xx_hal_rtc.c ****   * @retval None
 628:Drivers/STM32F4xx_HAL_Driver/Src/stm32f4xx_hal_rtc.c ****   */
 629:Drivers/STM32F4xx_HAL_Driver/Src/stm32f4xx_hal_rtc.c **** __weak void HAL_RTC_MspInit(RTC_HandleTypeDef *hrtc)
 630:Drivers/STM32F4xx_HAL_Driver/Src/stm32f4xx_hal_rtc.c **** {
  30              		.loc 1 630 1 view -0
  31              		.cfi_startproc
  32              		@ args = 0, pretend = 0, frame = 0
  33              		@ frame_needed = 0, uses_anonymous_args = 0
  34              		@ link register save eliminated.
 631:Drivers/STM32F4xx_HAL_Driver/Src/stm32f4xx_hal_rtc.c ****   /* Prevent unused argument(s) compilation warning */
 632:Drivers/STM32F4xx_HAL_Driver/Src/stm32f4xx_hal_rtc.c ****   UNUSED(hrtc);
  35              		.loc 1 632 3 view .LVU1
 633:Drivers/STM32F4xx_HAL_Driver/Src/stm32f4xx_hal_rtc.c **** 
 634:Drivers/STM32F4xx_HAL_Driver/Src/stm32f4xx_hal_rtc.c ****   /* NOTE: This function should not be modified, when the callback is needed,
 635:Drivers/STM32F4xx_HAL_Driver/Src/stm32f4xx_hal_rtc.c ****            the HAL_RTC_MspInit could be implemented in the user file
 636:Drivers/STM32F4xx_HAL_Driver/Src/stm32f4xx_hal_rtc.c ****    */
 637:Drivers/STM32F4xx_HAL_Driver/Src/stm32f4xx_hal_rtc.c **** }
  36              		.loc 1 637 1 is_stmt 0 view .LVU2
  37 0000 7047     		bx	lr
  38              		.cfi_endproc
  39              	.LFE132:
  41              		.section	.text.HAL_RTC_MspDeInit,"ax",%progbits
  42              		.align	1
  43              		.weak	HAL_RTC_MspDeInit
  44              		.syntax unified
  45              		.thumb
  46              		.thumb_func
  48              	HAL_RTC_MspDeInit:
  49              	.LVL1:
  50              	.LFB133:
ARM GAS  /tmp/ccXZyIjC.s 			page 13


 638:Drivers/STM32F4xx_HAL_Driver/Src/stm32f4xx_hal_rtc.c **** 
 639:Drivers/STM32F4xx_HAL_Driver/Src/stm32f4xx_hal_rtc.c **** /**
 640:Drivers/STM32F4xx_HAL_Driver/Src/stm32f4xx_hal_rtc.c ****   * @brief  DeInitializes the RTC MSP.
 641:Drivers/STM32F4xx_HAL_Driver/Src/stm32f4xx_hal_rtc.c ****   * @param  hrtc pointer to a RTC_HandleTypeDef structure that contains
 642:Drivers/STM32F4xx_HAL_Driver/Src/stm32f4xx_hal_rtc.c ****   *                the configuration information for RTC.
 643:Drivers/STM32F4xx_HAL_Driver/Src/stm32f4xx_hal_rtc.c ****   * @retval None
 644:Drivers/STM32F4xx_HAL_Driver/Src/stm32f4xx_hal_rtc.c ****   */
 645:Drivers/STM32F4xx_HAL_Driver/Src/stm32f4xx_hal_rtc.c **** __weak void HAL_RTC_MspDeInit(RTC_HandleTypeDef *hrtc)
 646:Drivers/STM32F4xx_HAL_Driver/Src/stm32f4xx_hal_rtc.c **** {
  51              		.loc 1 646 1 is_stmt 1 view -0
  52              		.cfi_startproc
  53              		@ args = 0, pretend = 0, frame = 0
  54              		@ frame_needed = 0, uses_anonymous_args = 0
  55              		@ link register save eliminated.
 647:Drivers/STM32F4xx_HAL_Driver/Src/stm32f4xx_hal_rtc.c ****   /* Prevent unused argument(s) compilation warning */
 648:Drivers/STM32F4xx_HAL_Driver/Src/stm32f4xx_hal_rtc.c ****   UNUSED(hrtc);
  56              		.loc 1 648 3 view .LVU4
 649:Drivers/STM32F4xx_HAL_Driver/Src/stm32f4xx_hal_rtc.c **** 
 650:Drivers/STM32F4xx_HAL_Driver/Src/stm32f4xx_hal_rtc.c ****   /* NOTE: This function should not be modified, when the callback is needed,
 651:Drivers/STM32F4xx_HAL_Driver/Src/stm32f4xx_hal_rtc.c ****            the HAL_RTC_MspDeInit could be implemented in the user file
 652:Drivers/STM32F4xx_HAL_Driver/Src/stm32f4xx_hal_rtc.c ****    */
 653:Drivers/STM32F4xx_HAL_Driver/Src/stm32f4xx_hal_rtc.c **** }
  57              		.loc 1 653 1 is_stmt 0 view .LVU5
  58 0000 7047     		bx	lr
  59              		.cfi_endproc
  60              	.LFE133:
  62              		.section	.text.HAL_RTC_DeactivateAlarm,"ax",%progbits
  63              		.align	1
  64              		.global	HAL_RTC_DeactivateAlarm
  65              		.syntax unified
  66              		.thumb
  67              		.thumb_func
  69              	HAL_RTC_DeactivateAlarm:
  70              	.LVL2:
  71              	.LFB140:
 654:Drivers/STM32F4xx_HAL_Driver/Src/stm32f4xx_hal_rtc.c **** 
 655:Drivers/STM32F4xx_HAL_Driver/Src/stm32f4xx_hal_rtc.c **** /**
 656:Drivers/STM32F4xx_HAL_Driver/Src/stm32f4xx_hal_rtc.c ****   * @}
 657:Drivers/STM32F4xx_HAL_Driver/Src/stm32f4xx_hal_rtc.c ****   */
 658:Drivers/STM32F4xx_HAL_Driver/Src/stm32f4xx_hal_rtc.c **** 
 659:Drivers/STM32F4xx_HAL_Driver/Src/stm32f4xx_hal_rtc.c **** /** @defgroup RTC_Exported_Functions_Group2 RTC Time and Date functions
 660:Drivers/STM32F4xx_HAL_Driver/Src/stm32f4xx_hal_rtc.c ****   * @brief    RTC Time and Date functions
 661:Drivers/STM32F4xx_HAL_Driver/Src/stm32f4xx_hal_rtc.c ****   *
 662:Drivers/STM32F4xx_HAL_Driver/Src/stm32f4xx_hal_rtc.c **** @verbatim
 663:Drivers/STM32F4xx_HAL_Driver/Src/stm32f4xx_hal_rtc.c ****  ===============================================================================
 664:Drivers/STM32F4xx_HAL_Driver/Src/stm32f4xx_hal_rtc.c ****                  ##### RTC Time and Date functions #####
 665:Drivers/STM32F4xx_HAL_Driver/Src/stm32f4xx_hal_rtc.c ****  ===============================================================================
 666:Drivers/STM32F4xx_HAL_Driver/Src/stm32f4xx_hal_rtc.c **** 
 667:Drivers/STM32F4xx_HAL_Driver/Src/stm32f4xx_hal_rtc.c ****  [..] This section provides functions allowing to configure Time and Date features
 668:Drivers/STM32F4xx_HAL_Driver/Src/stm32f4xx_hal_rtc.c **** 
 669:Drivers/STM32F4xx_HAL_Driver/Src/stm32f4xx_hal_rtc.c **** @endverbatim
 670:Drivers/STM32F4xx_HAL_Driver/Src/stm32f4xx_hal_rtc.c ****   * @{
 671:Drivers/STM32F4xx_HAL_Driver/Src/stm32f4xx_hal_rtc.c ****   */
 672:Drivers/STM32F4xx_HAL_Driver/Src/stm32f4xx_hal_rtc.c **** 
 673:Drivers/STM32F4xx_HAL_Driver/Src/stm32f4xx_hal_rtc.c **** /**
 674:Drivers/STM32F4xx_HAL_Driver/Src/stm32f4xx_hal_rtc.c ****   * @brief  Sets RTC current time.
 675:Drivers/STM32F4xx_HAL_Driver/Src/stm32f4xx_hal_rtc.c ****   * @param  hrtc pointer to a RTC_HandleTypeDef structure that contains
ARM GAS  /tmp/ccXZyIjC.s 			page 14


 676:Drivers/STM32F4xx_HAL_Driver/Src/stm32f4xx_hal_rtc.c ****   *                the configuration information for RTC.
 677:Drivers/STM32F4xx_HAL_Driver/Src/stm32f4xx_hal_rtc.c ****   * @param  sTime Pointer to Time structure
 678:Drivers/STM32F4xx_HAL_Driver/Src/stm32f4xx_hal_rtc.c ****   * @note   DayLightSaving and StoreOperation interfaces are deprecated.
 679:Drivers/STM32F4xx_HAL_Driver/Src/stm32f4xx_hal_rtc.c ****   *         To manage Daylight Saving Time, please use HAL_RTC_DST_xxx functions.
 680:Drivers/STM32F4xx_HAL_Driver/Src/stm32f4xx_hal_rtc.c ****   * @param  Format Specifies the format of the entered parameters.
 681:Drivers/STM32F4xx_HAL_Driver/Src/stm32f4xx_hal_rtc.c ****   *          This parameter can be one of the following values:
 682:Drivers/STM32F4xx_HAL_Driver/Src/stm32f4xx_hal_rtc.c ****   *            @arg RTC_FORMAT_BIN: Binary data format
 683:Drivers/STM32F4xx_HAL_Driver/Src/stm32f4xx_hal_rtc.c ****   *            @arg RTC_FORMAT_BCD: BCD data format
 684:Drivers/STM32F4xx_HAL_Driver/Src/stm32f4xx_hal_rtc.c ****   * @retval HAL status
 685:Drivers/STM32F4xx_HAL_Driver/Src/stm32f4xx_hal_rtc.c ****   */
 686:Drivers/STM32F4xx_HAL_Driver/Src/stm32f4xx_hal_rtc.c **** HAL_StatusTypeDef HAL_RTC_SetTime(RTC_HandleTypeDef *hrtc, RTC_TimeTypeDef *sTime, uint32_t Format)
 687:Drivers/STM32F4xx_HAL_Driver/Src/stm32f4xx_hal_rtc.c **** {
 688:Drivers/STM32F4xx_HAL_Driver/Src/stm32f4xx_hal_rtc.c ****   uint32_t tmpreg = 0U;
 689:Drivers/STM32F4xx_HAL_Driver/Src/stm32f4xx_hal_rtc.c ****   HAL_StatusTypeDef status;
 690:Drivers/STM32F4xx_HAL_Driver/Src/stm32f4xx_hal_rtc.c **** 
 691:Drivers/STM32F4xx_HAL_Driver/Src/stm32f4xx_hal_rtc.c ****   /* Check the parameters */
 692:Drivers/STM32F4xx_HAL_Driver/Src/stm32f4xx_hal_rtc.c ****   assert_param(IS_RTC_FORMAT(Format));
 693:Drivers/STM32F4xx_HAL_Driver/Src/stm32f4xx_hal_rtc.c ****   assert_param(IS_RTC_DAYLIGHT_SAVING(sTime->DayLightSaving));
 694:Drivers/STM32F4xx_HAL_Driver/Src/stm32f4xx_hal_rtc.c ****   assert_param(IS_RTC_STORE_OPERATION(sTime->StoreOperation));
 695:Drivers/STM32F4xx_HAL_Driver/Src/stm32f4xx_hal_rtc.c **** 
 696:Drivers/STM32F4xx_HAL_Driver/Src/stm32f4xx_hal_rtc.c ****   /* Process Locked */
 697:Drivers/STM32F4xx_HAL_Driver/Src/stm32f4xx_hal_rtc.c ****   __HAL_LOCK(hrtc);
 698:Drivers/STM32F4xx_HAL_Driver/Src/stm32f4xx_hal_rtc.c **** 
 699:Drivers/STM32F4xx_HAL_Driver/Src/stm32f4xx_hal_rtc.c ****   hrtc->State = HAL_RTC_STATE_BUSY;
 700:Drivers/STM32F4xx_HAL_Driver/Src/stm32f4xx_hal_rtc.c **** 
 701:Drivers/STM32F4xx_HAL_Driver/Src/stm32f4xx_hal_rtc.c ****   if (Format == RTC_FORMAT_BIN)
 702:Drivers/STM32F4xx_HAL_Driver/Src/stm32f4xx_hal_rtc.c ****   {
 703:Drivers/STM32F4xx_HAL_Driver/Src/stm32f4xx_hal_rtc.c ****     if ((hrtc->Instance->CR & RTC_CR_FMT) != 0U)
 704:Drivers/STM32F4xx_HAL_Driver/Src/stm32f4xx_hal_rtc.c ****     {
 705:Drivers/STM32F4xx_HAL_Driver/Src/stm32f4xx_hal_rtc.c ****       assert_param(IS_RTC_HOUR12(sTime->Hours));
 706:Drivers/STM32F4xx_HAL_Driver/Src/stm32f4xx_hal_rtc.c ****       assert_param(IS_RTC_HOURFORMAT12(sTime->TimeFormat));
 707:Drivers/STM32F4xx_HAL_Driver/Src/stm32f4xx_hal_rtc.c ****     }
 708:Drivers/STM32F4xx_HAL_Driver/Src/stm32f4xx_hal_rtc.c ****     else
 709:Drivers/STM32F4xx_HAL_Driver/Src/stm32f4xx_hal_rtc.c ****     {
 710:Drivers/STM32F4xx_HAL_Driver/Src/stm32f4xx_hal_rtc.c ****       sTime->TimeFormat = 0x00U;
 711:Drivers/STM32F4xx_HAL_Driver/Src/stm32f4xx_hal_rtc.c ****       assert_param(IS_RTC_HOUR24(sTime->Hours));
 712:Drivers/STM32F4xx_HAL_Driver/Src/stm32f4xx_hal_rtc.c ****     }
 713:Drivers/STM32F4xx_HAL_Driver/Src/stm32f4xx_hal_rtc.c ****     assert_param(IS_RTC_MINUTES(sTime->Minutes));
 714:Drivers/STM32F4xx_HAL_Driver/Src/stm32f4xx_hal_rtc.c ****     assert_param(IS_RTC_SECONDS(sTime->Seconds));
 715:Drivers/STM32F4xx_HAL_Driver/Src/stm32f4xx_hal_rtc.c **** 
 716:Drivers/STM32F4xx_HAL_Driver/Src/stm32f4xx_hal_rtc.c ****     tmpreg = (uint32_t)(( (uint32_t)RTC_ByteToBcd2(sTime->Hours)   << RTC_TR_HU_Pos)  | \
 717:Drivers/STM32F4xx_HAL_Driver/Src/stm32f4xx_hal_rtc.c ****                         ( (uint32_t)RTC_ByteToBcd2(sTime->Minutes) << RTC_TR_MNU_Pos) | \
 718:Drivers/STM32F4xx_HAL_Driver/Src/stm32f4xx_hal_rtc.c ****                         ( (uint32_t)RTC_ByteToBcd2(sTime->Seconds))                   | \
 719:Drivers/STM32F4xx_HAL_Driver/Src/stm32f4xx_hal_rtc.c ****                         (((uint32_t)sTime->TimeFormat)             << RTC_TR_PM_Pos));
 720:Drivers/STM32F4xx_HAL_Driver/Src/stm32f4xx_hal_rtc.c ****   }
 721:Drivers/STM32F4xx_HAL_Driver/Src/stm32f4xx_hal_rtc.c ****   else
 722:Drivers/STM32F4xx_HAL_Driver/Src/stm32f4xx_hal_rtc.c ****   {
 723:Drivers/STM32F4xx_HAL_Driver/Src/stm32f4xx_hal_rtc.c ****     if ((hrtc->Instance->CR & RTC_CR_FMT) != 0U)
 724:Drivers/STM32F4xx_HAL_Driver/Src/stm32f4xx_hal_rtc.c ****     {
 725:Drivers/STM32F4xx_HAL_Driver/Src/stm32f4xx_hal_rtc.c ****       assert_param(IS_RTC_HOUR12(RTC_Bcd2ToByte(sTime->Hours)));
 726:Drivers/STM32F4xx_HAL_Driver/Src/stm32f4xx_hal_rtc.c ****       assert_param(IS_RTC_HOURFORMAT12(sTime->TimeFormat));
 727:Drivers/STM32F4xx_HAL_Driver/Src/stm32f4xx_hal_rtc.c ****     }
 728:Drivers/STM32F4xx_HAL_Driver/Src/stm32f4xx_hal_rtc.c ****     else
 729:Drivers/STM32F4xx_HAL_Driver/Src/stm32f4xx_hal_rtc.c ****     {
 730:Drivers/STM32F4xx_HAL_Driver/Src/stm32f4xx_hal_rtc.c ****       sTime->TimeFormat = 0x00U;
 731:Drivers/STM32F4xx_HAL_Driver/Src/stm32f4xx_hal_rtc.c ****       assert_param(IS_RTC_HOUR24(RTC_Bcd2ToByte(sTime->Hours)));
 732:Drivers/STM32F4xx_HAL_Driver/Src/stm32f4xx_hal_rtc.c ****     }
ARM GAS  /tmp/ccXZyIjC.s 			page 15


 733:Drivers/STM32F4xx_HAL_Driver/Src/stm32f4xx_hal_rtc.c ****     assert_param(IS_RTC_MINUTES(RTC_Bcd2ToByte(sTime->Minutes)));
 734:Drivers/STM32F4xx_HAL_Driver/Src/stm32f4xx_hal_rtc.c ****     assert_param(IS_RTC_SECONDS(RTC_Bcd2ToByte(sTime->Seconds)));
 735:Drivers/STM32F4xx_HAL_Driver/Src/stm32f4xx_hal_rtc.c ****     tmpreg = (((uint32_t)(sTime->Hours)      << RTC_TR_HU_Pos)  | \
 736:Drivers/STM32F4xx_HAL_Driver/Src/stm32f4xx_hal_rtc.c ****               ((uint32_t)(sTime->Minutes)    << RTC_TR_MNU_Pos) | \
 737:Drivers/STM32F4xx_HAL_Driver/Src/stm32f4xx_hal_rtc.c ****               ((uint32_t) sTime->Seconds)                       | \
 738:Drivers/STM32F4xx_HAL_Driver/Src/stm32f4xx_hal_rtc.c ****               ((uint32_t)(sTime->TimeFormat) << RTC_TR_PM_Pos));
 739:Drivers/STM32F4xx_HAL_Driver/Src/stm32f4xx_hal_rtc.c ****   }
 740:Drivers/STM32F4xx_HAL_Driver/Src/stm32f4xx_hal_rtc.c **** 
 741:Drivers/STM32F4xx_HAL_Driver/Src/stm32f4xx_hal_rtc.c ****   /* Disable the write protection for RTC registers */
 742:Drivers/STM32F4xx_HAL_Driver/Src/stm32f4xx_hal_rtc.c ****   __HAL_RTC_WRITEPROTECTION_DISABLE(hrtc);
 743:Drivers/STM32F4xx_HAL_Driver/Src/stm32f4xx_hal_rtc.c **** 
 744:Drivers/STM32F4xx_HAL_Driver/Src/stm32f4xx_hal_rtc.c ****   /* Enter Initialization mode */
 745:Drivers/STM32F4xx_HAL_Driver/Src/stm32f4xx_hal_rtc.c ****   status = RTC_EnterInitMode(hrtc);
 746:Drivers/STM32F4xx_HAL_Driver/Src/stm32f4xx_hal_rtc.c **** 
 747:Drivers/STM32F4xx_HAL_Driver/Src/stm32f4xx_hal_rtc.c ****   if (status == HAL_OK)
 748:Drivers/STM32F4xx_HAL_Driver/Src/stm32f4xx_hal_rtc.c ****   {
 749:Drivers/STM32F4xx_HAL_Driver/Src/stm32f4xx_hal_rtc.c ****     /* Set the RTC_TR register */
 750:Drivers/STM32F4xx_HAL_Driver/Src/stm32f4xx_hal_rtc.c ****     hrtc->Instance->TR = (uint32_t)(tmpreg & RTC_TR_RESERVED_MASK);
 751:Drivers/STM32F4xx_HAL_Driver/Src/stm32f4xx_hal_rtc.c **** 
 752:Drivers/STM32F4xx_HAL_Driver/Src/stm32f4xx_hal_rtc.c ****     /* Clear the bits to be configured (Deprecated. Use HAL_RTC_DST_xxx functions instead) */
 753:Drivers/STM32F4xx_HAL_Driver/Src/stm32f4xx_hal_rtc.c ****     hrtc->Instance->CR &= (uint32_t)~RTC_CR_BKP;
 754:Drivers/STM32F4xx_HAL_Driver/Src/stm32f4xx_hal_rtc.c **** 
 755:Drivers/STM32F4xx_HAL_Driver/Src/stm32f4xx_hal_rtc.c ****     /* Configure the RTC_CR register (Deprecated. Use HAL_RTC_DST_xxx functions instead) */
 756:Drivers/STM32F4xx_HAL_Driver/Src/stm32f4xx_hal_rtc.c ****     hrtc->Instance->CR |= (uint32_t)(sTime->DayLightSaving | sTime->StoreOperation);
 757:Drivers/STM32F4xx_HAL_Driver/Src/stm32f4xx_hal_rtc.c **** 
 758:Drivers/STM32F4xx_HAL_Driver/Src/stm32f4xx_hal_rtc.c ****     /* Exit Initialization mode */
 759:Drivers/STM32F4xx_HAL_Driver/Src/stm32f4xx_hal_rtc.c ****     status = RTC_ExitInitMode(hrtc);
 760:Drivers/STM32F4xx_HAL_Driver/Src/stm32f4xx_hal_rtc.c ****   }
 761:Drivers/STM32F4xx_HAL_Driver/Src/stm32f4xx_hal_rtc.c **** 
 762:Drivers/STM32F4xx_HAL_Driver/Src/stm32f4xx_hal_rtc.c ****   if (status == HAL_OK)
 763:Drivers/STM32F4xx_HAL_Driver/Src/stm32f4xx_hal_rtc.c ****   {
 764:Drivers/STM32F4xx_HAL_Driver/Src/stm32f4xx_hal_rtc.c ****     hrtc->State = HAL_RTC_STATE_READY;
 765:Drivers/STM32F4xx_HAL_Driver/Src/stm32f4xx_hal_rtc.c ****   }
 766:Drivers/STM32F4xx_HAL_Driver/Src/stm32f4xx_hal_rtc.c **** 
 767:Drivers/STM32F4xx_HAL_Driver/Src/stm32f4xx_hal_rtc.c ****   /* Enable the write protection for RTC registers */
 768:Drivers/STM32F4xx_HAL_Driver/Src/stm32f4xx_hal_rtc.c ****   __HAL_RTC_WRITEPROTECTION_ENABLE(hrtc);
 769:Drivers/STM32F4xx_HAL_Driver/Src/stm32f4xx_hal_rtc.c **** 
 770:Drivers/STM32F4xx_HAL_Driver/Src/stm32f4xx_hal_rtc.c ****   /* Process Unlocked */
 771:Drivers/STM32F4xx_HAL_Driver/Src/stm32f4xx_hal_rtc.c ****   __HAL_UNLOCK(hrtc);
 772:Drivers/STM32F4xx_HAL_Driver/Src/stm32f4xx_hal_rtc.c **** 
 773:Drivers/STM32F4xx_HAL_Driver/Src/stm32f4xx_hal_rtc.c ****   return status;
 774:Drivers/STM32F4xx_HAL_Driver/Src/stm32f4xx_hal_rtc.c **** }
 775:Drivers/STM32F4xx_HAL_Driver/Src/stm32f4xx_hal_rtc.c **** 
 776:Drivers/STM32F4xx_HAL_Driver/Src/stm32f4xx_hal_rtc.c **** /**
 777:Drivers/STM32F4xx_HAL_Driver/Src/stm32f4xx_hal_rtc.c ****   * @brief  Gets RTC current time.
 778:Drivers/STM32F4xx_HAL_Driver/Src/stm32f4xx_hal_rtc.c ****   * @param  hrtc pointer to a RTC_HandleTypeDef structure that contains
 779:Drivers/STM32F4xx_HAL_Driver/Src/stm32f4xx_hal_rtc.c ****   *                the configuration information for RTC.
 780:Drivers/STM32F4xx_HAL_Driver/Src/stm32f4xx_hal_rtc.c ****   * @param  sTime Pointer to Time structure
 781:Drivers/STM32F4xx_HAL_Driver/Src/stm32f4xx_hal_rtc.c ****   * @param  Format Specifies the format of the entered parameters.
 782:Drivers/STM32F4xx_HAL_Driver/Src/stm32f4xx_hal_rtc.c ****   *          This parameter can be one of the following values:
 783:Drivers/STM32F4xx_HAL_Driver/Src/stm32f4xx_hal_rtc.c ****   *            @arg RTC_FORMAT_BIN: Binary data format
 784:Drivers/STM32F4xx_HAL_Driver/Src/stm32f4xx_hal_rtc.c ****   *            @arg RTC_FORMAT_BCD: BCD data format
 785:Drivers/STM32F4xx_HAL_Driver/Src/stm32f4xx_hal_rtc.c ****   * @note  You can use SubSeconds and SecondFraction (sTime structure fields
 786:Drivers/STM32F4xx_HAL_Driver/Src/stm32f4xx_hal_rtc.c ****   *        returned) to convert SubSeconds value in second fraction ratio with
 787:Drivers/STM32F4xx_HAL_Driver/Src/stm32f4xx_hal_rtc.c ****   *        time unit following generic formula:
 788:Drivers/STM32F4xx_HAL_Driver/Src/stm32f4xx_hal_rtc.c ****   *        Second fraction ratio * time_unit =
 789:Drivers/STM32F4xx_HAL_Driver/Src/stm32f4xx_hal_rtc.c ****   *           [(SecondFraction - SubSeconds) / (SecondFraction + 1)] * time_unit
ARM GAS  /tmp/ccXZyIjC.s 			page 16


 790:Drivers/STM32F4xx_HAL_Driver/Src/stm32f4xx_hal_rtc.c ****   *        This conversion can be performed only if no shift operation is pending
 791:Drivers/STM32F4xx_HAL_Driver/Src/stm32f4xx_hal_rtc.c ****   *        (ie. SHFP=0) when PREDIV_S >= SS
 792:Drivers/STM32F4xx_HAL_Driver/Src/stm32f4xx_hal_rtc.c ****   * @note  You must call HAL_RTC_GetDate() after HAL_RTC_GetTime() to unlock the
 793:Drivers/STM32F4xx_HAL_Driver/Src/stm32f4xx_hal_rtc.c ****   *        values in the higher-order calendar shadow registers to ensure
 794:Drivers/STM32F4xx_HAL_Driver/Src/stm32f4xx_hal_rtc.c ****   *        consistency between the time and date values.
 795:Drivers/STM32F4xx_HAL_Driver/Src/stm32f4xx_hal_rtc.c ****   *        Reading RTC current time locks the values in calendar shadow registers
 796:Drivers/STM32F4xx_HAL_Driver/Src/stm32f4xx_hal_rtc.c ****   *        until current date is read to ensure consistency between the time and
 797:Drivers/STM32F4xx_HAL_Driver/Src/stm32f4xx_hal_rtc.c ****   *        date values.
 798:Drivers/STM32F4xx_HAL_Driver/Src/stm32f4xx_hal_rtc.c ****   * @retval HAL status
 799:Drivers/STM32F4xx_HAL_Driver/Src/stm32f4xx_hal_rtc.c ****   */
 800:Drivers/STM32F4xx_HAL_Driver/Src/stm32f4xx_hal_rtc.c **** HAL_StatusTypeDef HAL_RTC_GetTime(RTC_HandleTypeDef *hrtc, RTC_TimeTypeDef *sTime, uint32_t Format)
 801:Drivers/STM32F4xx_HAL_Driver/Src/stm32f4xx_hal_rtc.c **** {
 802:Drivers/STM32F4xx_HAL_Driver/Src/stm32f4xx_hal_rtc.c ****   uint32_t tmpreg = 0U;
 803:Drivers/STM32F4xx_HAL_Driver/Src/stm32f4xx_hal_rtc.c **** 
 804:Drivers/STM32F4xx_HAL_Driver/Src/stm32f4xx_hal_rtc.c ****   /* Check the parameters */
 805:Drivers/STM32F4xx_HAL_Driver/Src/stm32f4xx_hal_rtc.c ****   assert_param(IS_RTC_FORMAT(Format));
 806:Drivers/STM32F4xx_HAL_Driver/Src/stm32f4xx_hal_rtc.c **** 
 807:Drivers/STM32F4xx_HAL_Driver/Src/stm32f4xx_hal_rtc.c ****   /* Get subseconds value from the corresponding register */
 808:Drivers/STM32F4xx_HAL_Driver/Src/stm32f4xx_hal_rtc.c ****   sTime->SubSeconds = (uint32_t)(hrtc->Instance->SSR);
 809:Drivers/STM32F4xx_HAL_Driver/Src/stm32f4xx_hal_rtc.c **** 
 810:Drivers/STM32F4xx_HAL_Driver/Src/stm32f4xx_hal_rtc.c ****   /* Get SecondFraction structure field from the corresponding register field*/
 811:Drivers/STM32F4xx_HAL_Driver/Src/stm32f4xx_hal_rtc.c ****   sTime->SecondFraction = (uint32_t)(hrtc->Instance->PRER & RTC_PRER_PREDIV_S);
 812:Drivers/STM32F4xx_HAL_Driver/Src/stm32f4xx_hal_rtc.c **** 
 813:Drivers/STM32F4xx_HAL_Driver/Src/stm32f4xx_hal_rtc.c ****   /* Get the TR register */
 814:Drivers/STM32F4xx_HAL_Driver/Src/stm32f4xx_hal_rtc.c ****   tmpreg = (uint32_t)(hrtc->Instance->TR & RTC_TR_RESERVED_MASK);
 815:Drivers/STM32F4xx_HAL_Driver/Src/stm32f4xx_hal_rtc.c **** 
 816:Drivers/STM32F4xx_HAL_Driver/Src/stm32f4xx_hal_rtc.c ****   /* Fill the structure fields with the read parameters */
 817:Drivers/STM32F4xx_HAL_Driver/Src/stm32f4xx_hal_rtc.c ****   sTime->Hours      = (uint8_t)((tmpreg & (RTC_TR_HT  | RTC_TR_HU))  >> RTC_TR_HU_Pos);
 818:Drivers/STM32F4xx_HAL_Driver/Src/stm32f4xx_hal_rtc.c ****   sTime->Minutes    = (uint8_t)((tmpreg & (RTC_TR_MNT | RTC_TR_MNU)) >> RTC_TR_MNU_Pos);
 819:Drivers/STM32F4xx_HAL_Driver/Src/stm32f4xx_hal_rtc.c ****   sTime->Seconds    = (uint8_t)( tmpreg & (RTC_TR_ST  | RTC_TR_SU));
 820:Drivers/STM32F4xx_HAL_Driver/Src/stm32f4xx_hal_rtc.c ****   sTime->TimeFormat = (uint8_t)((tmpreg & (RTC_TR_PM))               >> RTC_TR_PM_Pos);
 821:Drivers/STM32F4xx_HAL_Driver/Src/stm32f4xx_hal_rtc.c **** 
 822:Drivers/STM32F4xx_HAL_Driver/Src/stm32f4xx_hal_rtc.c ****   /* Check the input parameters format */
 823:Drivers/STM32F4xx_HAL_Driver/Src/stm32f4xx_hal_rtc.c ****   if (Format == RTC_FORMAT_BIN)
 824:Drivers/STM32F4xx_HAL_Driver/Src/stm32f4xx_hal_rtc.c ****   {
 825:Drivers/STM32F4xx_HAL_Driver/Src/stm32f4xx_hal_rtc.c ****     /* Convert the time structure parameters to Binary format */
 826:Drivers/STM32F4xx_HAL_Driver/Src/stm32f4xx_hal_rtc.c ****     sTime->Hours = (uint8_t)RTC_Bcd2ToByte(sTime->Hours);
 827:Drivers/STM32F4xx_HAL_Driver/Src/stm32f4xx_hal_rtc.c ****     sTime->Minutes = (uint8_t)RTC_Bcd2ToByte(sTime->Minutes);
 828:Drivers/STM32F4xx_HAL_Driver/Src/stm32f4xx_hal_rtc.c ****     sTime->Seconds = (uint8_t)RTC_Bcd2ToByte(sTime->Seconds);
 829:Drivers/STM32F4xx_HAL_Driver/Src/stm32f4xx_hal_rtc.c ****   }
 830:Drivers/STM32F4xx_HAL_Driver/Src/stm32f4xx_hal_rtc.c **** 
 831:Drivers/STM32F4xx_HAL_Driver/Src/stm32f4xx_hal_rtc.c ****   return HAL_OK;
 832:Drivers/STM32F4xx_HAL_Driver/Src/stm32f4xx_hal_rtc.c **** }
 833:Drivers/STM32F4xx_HAL_Driver/Src/stm32f4xx_hal_rtc.c **** 
 834:Drivers/STM32F4xx_HAL_Driver/Src/stm32f4xx_hal_rtc.c **** /**
 835:Drivers/STM32F4xx_HAL_Driver/Src/stm32f4xx_hal_rtc.c ****   * @brief  Sets RTC current date.
 836:Drivers/STM32F4xx_HAL_Driver/Src/stm32f4xx_hal_rtc.c ****   * @param  hrtc pointer to a RTC_HandleTypeDef structure that contains
 837:Drivers/STM32F4xx_HAL_Driver/Src/stm32f4xx_hal_rtc.c ****   *                the configuration information for RTC.
 838:Drivers/STM32F4xx_HAL_Driver/Src/stm32f4xx_hal_rtc.c ****   * @param  sDate Pointer to date structure
 839:Drivers/STM32F4xx_HAL_Driver/Src/stm32f4xx_hal_rtc.c ****   * @param  Format specifies the format of the entered parameters.
 840:Drivers/STM32F4xx_HAL_Driver/Src/stm32f4xx_hal_rtc.c ****   *          This parameter can be one of the following values:
 841:Drivers/STM32F4xx_HAL_Driver/Src/stm32f4xx_hal_rtc.c ****   *            @arg RTC_FORMAT_BIN: Binary data format
 842:Drivers/STM32F4xx_HAL_Driver/Src/stm32f4xx_hal_rtc.c ****   *            @arg RTC_FORMAT_BCD: BCD data format
 843:Drivers/STM32F4xx_HAL_Driver/Src/stm32f4xx_hal_rtc.c ****   * @retval HAL status
 844:Drivers/STM32F4xx_HAL_Driver/Src/stm32f4xx_hal_rtc.c ****   */
 845:Drivers/STM32F4xx_HAL_Driver/Src/stm32f4xx_hal_rtc.c **** HAL_StatusTypeDef HAL_RTC_SetDate(RTC_HandleTypeDef *hrtc, RTC_DateTypeDef *sDate, uint32_t Format)
 846:Drivers/STM32F4xx_HAL_Driver/Src/stm32f4xx_hal_rtc.c **** {
ARM GAS  /tmp/ccXZyIjC.s 			page 17


 847:Drivers/STM32F4xx_HAL_Driver/Src/stm32f4xx_hal_rtc.c ****   uint32_t datetmpreg = 0U;
 848:Drivers/STM32F4xx_HAL_Driver/Src/stm32f4xx_hal_rtc.c ****   HAL_StatusTypeDef status;
 849:Drivers/STM32F4xx_HAL_Driver/Src/stm32f4xx_hal_rtc.c **** 
 850:Drivers/STM32F4xx_HAL_Driver/Src/stm32f4xx_hal_rtc.c ****   /* Check the parameters */
 851:Drivers/STM32F4xx_HAL_Driver/Src/stm32f4xx_hal_rtc.c ****   assert_param(IS_RTC_FORMAT(Format));
 852:Drivers/STM32F4xx_HAL_Driver/Src/stm32f4xx_hal_rtc.c **** 
 853:Drivers/STM32F4xx_HAL_Driver/Src/stm32f4xx_hal_rtc.c ****   /* Process Locked */
 854:Drivers/STM32F4xx_HAL_Driver/Src/stm32f4xx_hal_rtc.c ****   __HAL_LOCK(hrtc);
 855:Drivers/STM32F4xx_HAL_Driver/Src/stm32f4xx_hal_rtc.c **** 
 856:Drivers/STM32F4xx_HAL_Driver/Src/stm32f4xx_hal_rtc.c ****   hrtc->State = HAL_RTC_STATE_BUSY;
 857:Drivers/STM32F4xx_HAL_Driver/Src/stm32f4xx_hal_rtc.c **** 
 858:Drivers/STM32F4xx_HAL_Driver/Src/stm32f4xx_hal_rtc.c ****   if ((Format == RTC_FORMAT_BIN) && ((sDate->Month & 0x10U) == 0x10U))
 859:Drivers/STM32F4xx_HAL_Driver/Src/stm32f4xx_hal_rtc.c ****   {
 860:Drivers/STM32F4xx_HAL_Driver/Src/stm32f4xx_hal_rtc.c ****     sDate->Month = (uint8_t)((sDate->Month & (uint8_t)~(0x10U)) + (uint8_t)0x0AU);
 861:Drivers/STM32F4xx_HAL_Driver/Src/stm32f4xx_hal_rtc.c ****   }
 862:Drivers/STM32F4xx_HAL_Driver/Src/stm32f4xx_hal_rtc.c **** 
 863:Drivers/STM32F4xx_HAL_Driver/Src/stm32f4xx_hal_rtc.c ****   assert_param(IS_RTC_WEEKDAY(sDate->WeekDay));
 864:Drivers/STM32F4xx_HAL_Driver/Src/stm32f4xx_hal_rtc.c **** 
 865:Drivers/STM32F4xx_HAL_Driver/Src/stm32f4xx_hal_rtc.c ****   if (Format == RTC_FORMAT_BIN)
 866:Drivers/STM32F4xx_HAL_Driver/Src/stm32f4xx_hal_rtc.c ****   {
 867:Drivers/STM32F4xx_HAL_Driver/Src/stm32f4xx_hal_rtc.c ****     assert_param(IS_RTC_YEAR(sDate->Year));
 868:Drivers/STM32F4xx_HAL_Driver/Src/stm32f4xx_hal_rtc.c ****     assert_param(IS_RTC_MONTH(sDate->Month));
 869:Drivers/STM32F4xx_HAL_Driver/Src/stm32f4xx_hal_rtc.c ****     assert_param(IS_RTC_DATE(sDate->Date));
 870:Drivers/STM32F4xx_HAL_Driver/Src/stm32f4xx_hal_rtc.c **** 
 871:Drivers/STM32F4xx_HAL_Driver/Src/stm32f4xx_hal_rtc.c ****     datetmpreg = (((uint32_t)RTC_ByteToBcd2(sDate->Year)  << RTC_DR_YU_Pos) | \
 872:Drivers/STM32F4xx_HAL_Driver/Src/stm32f4xx_hal_rtc.c ****                   ((uint32_t)RTC_ByteToBcd2(sDate->Month) << RTC_DR_MU_Pos) | \
 873:Drivers/STM32F4xx_HAL_Driver/Src/stm32f4xx_hal_rtc.c ****                   ((uint32_t)RTC_ByteToBcd2(sDate->Date))                   | \
 874:Drivers/STM32F4xx_HAL_Driver/Src/stm32f4xx_hal_rtc.c ****                   ((uint32_t)sDate->WeekDay               << RTC_DR_WDU_Pos));
 875:Drivers/STM32F4xx_HAL_Driver/Src/stm32f4xx_hal_rtc.c ****   }
 876:Drivers/STM32F4xx_HAL_Driver/Src/stm32f4xx_hal_rtc.c ****   else
 877:Drivers/STM32F4xx_HAL_Driver/Src/stm32f4xx_hal_rtc.c ****   {
 878:Drivers/STM32F4xx_HAL_Driver/Src/stm32f4xx_hal_rtc.c ****     assert_param(IS_RTC_YEAR(RTC_Bcd2ToByte(sDate->Year)));
 879:Drivers/STM32F4xx_HAL_Driver/Src/stm32f4xx_hal_rtc.c ****     assert_param(IS_RTC_MONTH(RTC_Bcd2ToByte(sDate->Month)));
 880:Drivers/STM32F4xx_HAL_Driver/Src/stm32f4xx_hal_rtc.c ****     assert_param(IS_RTC_DATE(RTC_Bcd2ToByte(sDate->Date)));
 881:Drivers/STM32F4xx_HAL_Driver/Src/stm32f4xx_hal_rtc.c **** 
 882:Drivers/STM32F4xx_HAL_Driver/Src/stm32f4xx_hal_rtc.c ****     datetmpreg = ((((uint32_t)sDate->Year)    << RTC_DR_YU_Pos) | \
 883:Drivers/STM32F4xx_HAL_Driver/Src/stm32f4xx_hal_rtc.c ****                   (((uint32_t)sDate->Month)   << RTC_DR_MU_Pos) | \
 884:Drivers/STM32F4xx_HAL_Driver/Src/stm32f4xx_hal_rtc.c ****                   ((uint32_t) sDate->Date)                      | \
 885:Drivers/STM32F4xx_HAL_Driver/Src/stm32f4xx_hal_rtc.c ****                   (((uint32_t)sDate->WeekDay) << RTC_DR_WDU_Pos));
 886:Drivers/STM32F4xx_HAL_Driver/Src/stm32f4xx_hal_rtc.c ****   }
 887:Drivers/STM32F4xx_HAL_Driver/Src/stm32f4xx_hal_rtc.c **** 
 888:Drivers/STM32F4xx_HAL_Driver/Src/stm32f4xx_hal_rtc.c ****   /* Disable the write protection for RTC registers */
 889:Drivers/STM32F4xx_HAL_Driver/Src/stm32f4xx_hal_rtc.c ****   __HAL_RTC_WRITEPROTECTION_DISABLE(hrtc);
 890:Drivers/STM32F4xx_HAL_Driver/Src/stm32f4xx_hal_rtc.c **** 
 891:Drivers/STM32F4xx_HAL_Driver/Src/stm32f4xx_hal_rtc.c ****   /* Enter Initialization mode */
 892:Drivers/STM32F4xx_HAL_Driver/Src/stm32f4xx_hal_rtc.c ****   status = RTC_EnterInitMode(hrtc);
 893:Drivers/STM32F4xx_HAL_Driver/Src/stm32f4xx_hal_rtc.c **** 
 894:Drivers/STM32F4xx_HAL_Driver/Src/stm32f4xx_hal_rtc.c ****   if (status == HAL_OK)
 895:Drivers/STM32F4xx_HAL_Driver/Src/stm32f4xx_hal_rtc.c ****   {
 896:Drivers/STM32F4xx_HAL_Driver/Src/stm32f4xx_hal_rtc.c ****     /* Set the RTC_DR register */
 897:Drivers/STM32F4xx_HAL_Driver/Src/stm32f4xx_hal_rtc.c ****     hrtc->Instance->DR = (uint32_t)(datetmpreg & RTC_DR_RESERVED_MASK);
 898:Drivers/STM32F4xx_HAL_Driver/Src/stm32f4xx_hal_rtc.c **** 
 899:Drivers/STM32F4xx_HAL_Driver/Src/stm32f4xx_hal_rtc.c ****     /* Exit Initialization mode */
 900:Drivers/STM32F4xx_HAL_Driver/Src/stm32f4xx_hal_rtc.c ****     status = RTC_ExitInitMode(hrtc);
 901:Drivers/STM32F4xx_HAL_Driver/Src/stm32f4xx_hal_rtc.c ****   }
 902:Drivers/STM32F4xx_HAL_Driver/Src/stm32f4xx_hal_rtc.c **** 
 903:Drivers/STM32F4xx_HAL_Driver/Src/stm32f4xx_hal_rtc.c ****   if (status == HAL_OK)
ARM GAS  /tmp/ccXZyIjC.s 			page 18


 904:Drivers/STM32F4xx_HAL_Driver/Src/stm32f4xx_hal_rtc.c ****   {
 905:Drivers/STM32F4xx_HAL_Driver/Src/stm32f4xx_hal_rtc.c ****     hrtc->State = HAL_RTC_STATE_READY;
 906:Drivers/STM32F4xx_HAL_Driver/Src/stm32f4xx_hal_rtc.c ****   }
 907:Drivers/STM32F4xx_HAL_Driver/Src/stm32f4xx_hal_rtc.c **** 
 908:Drivers/STM32F4xx_HAL_Driver/Src/stm32f4xx_hal_rtc.c ****   /* Enable the write protection for RTC registers */
 909:Drivers/STM32F4xx_HAL_Driver/Src/stm32f4xx_hal_rtc.c ****   __HAL_RTC_WRITEPROTECTION_ENABLE(hrtc);
 910:Drivers/STM32F4xx_HAL_Driver/Src/stm32f4xx_hal_rtc.c **** 
 911:Drivers/STM32F4xx_HAL_Driver/Src/stm32f4xx_hal_rtc.c ****   /* Process Unlocked */
 912:Drivers/STM32F4xx_HAL_Driver/Src/stm32f4xx_hal_rtc.c ****   __HAL_UNLOCK(hrtc);
 913:Drivers/STM32F4xx_HAL_Driver/Src/stm32f4xx_hal_rtc.c **** 
 914:Drivers/STM32F4xx_HAL_Driver/Src/stm32f4xx_hal_rtc.c ****   return status;
 915:Drivers/STM32F4xx_HAL_Driver/Src/stm32f4xx_hal_rtc.c **** }
 916:Drivers/STM32F4xx_HAL_Driver/Src/stm32f4xx_hal_rtc.c **** 
 917:Drivers/STM32F4xx_HAL_Driver/Src/stm32f4xx_hal_rtc.c **** /**
 918:Drivers/STM32F4xx_HAL_Driver/Src/stm32f4xx_hal_rtc.c ****   * @brief  Gets RTC current date.
 919:Drivers/STM32F4xx_HAL_Driver/Src/stm32f4xx_hal_rtc.c ****   * @param  hrtc pointer to a RTC_HandleTypeDef structure that contains
 920:Drivers/STM32F4xx_HAL_Driver/Src/stm32f4xx_hal_rtc.c ****   *                the configuration information for RTC.
 921:Drivers/STM32F4xx_HAL_Driver/Src/stm32f4xx_hal_rtc.c ****   * @param  sDate Pointer to Date structure
 922:Drivers/STM32F4xx_HAL_Driver/Src/stm32f4xx_hal_rtc.c ****   * @param  Format Specifies the format of the entered parameters.
 923:Drivers/STM32F4xx_HAL_Driver/Src/stm32f4xx_hal_rtc.c ****   *          This parameter can be one of the following values:
 924:Drivers/STM32F4xx_HAL_Driver/Src/stm32f4xx_hal_rtc.c ****   *            @arg RTC_FORMAT_BIN:  Binary data format
 925:Drivers/STM32F4xx_HAL_Driver/Src/stm32f4xx_hal_rtc.c ****   *            @arg RTC_FORMAT_BCD:  BCD data format
 926:Drivers/STM32F4xx_HAL_Driver/Src/stm32f4xx_hal_rtc.c ****   * @note  You must call HAL_RTC_GetDate() after HAL_RTC_GetTime() to unlock the
 927:Drivers/STM32F4xx_HAL_Driver/Src/stm32f4xx_hal_rtc.c ****   *        values in the higher-order calendar shadow registers to ensure
 928:Drivers/STM32F4xx_HAL_Driver/Src/stm32f4xx_hal_rtc.c ****   *        consistency between the time and date values.
 929:Drivers/STM32F4xx_HAL_Driver/Src/stm32f4xx_hal_rtc.c ****   *        Reading RTC current time locks the values in calendar shadow registers
 930:Drivers/STM32F4xx_HAL_Driver/Src/stm32f4xx_hal_rtc.c ****   *        until current date is read to ensure consistency between the time and
 931:Drivers/STM32F4xx_HAL_Driver/Src/stm32f4xx_hal_rtc.c ****   *        date values.
 932:Drivers/STM32F4xx_HAL_Driver/Src/stm32f4xx_hal_rtc.c ****   * @retval HAL status
 933:Drivers/STM32F4xx_HAL_Driver/Src/stm32f4xx_hal_rtc.c ****   */
 934:Drivers/STM32F4xx_HAL_Driver/Src/stm32f4xx_hal_rtc.c **** HAL_StatusTypeDef HAL_RTC_GetDate(RTC_HandleTypeDef *hrtc, RTC_DateTypeDef *sDate, uint32_t Format)
 935:Drivers/STM32F4xx_HAL_Driver/Src/stm32f4xx_hal_rtc.c **** {
 936:Drivers/STM32F4xx_HAL_Driver/Src/stm32f4xx_hal_rtc.c ****   uint32_t datetmpreg = 0U;
 937:Drivers/STM32F4xx_HAL_Driver/Src/stm32f4xx_hal_rtc.c **** 
 938:Drivers/STM32F4xx_HAL_Driver/Src/stm32f4xx_hal_rtc.c ****   /* Check the parameters */
 939:Drivers/STM32F4xx_HAL_Driver/Src/stm32f4xx_hal_rtc.c ****   assert_param(IS_RTC_FORMAT(Format));
 940:Drivers/STM32F4xx_HAL_Driver/Src/stm32f4xx_hal_rtc.c **** 
 941:Drivers/STM32F4xx_HAL_Driver/Src/stm32f4xx_hal_rtc.c ****   /* Get the DR register */
 942:Drivers/STM32F4xx_HAL_Driver/Src/stm32f4xx_hal_rtc.c ****   datetmpreg = (uint32_t)(hrtc->Instance->DR & RTC_DR_RESERVED_MASK);
 943:Drivers/STM32F4xx_HAL_Driver/Src/stm32f4xx_hal_rtc.c **** 
 944:Drivers/STM32F4xx_HAL_Driver/Src/stm32f4xx_hal_rtc.c ****   /* Fill the structure fields with the read parameters */
 945:Drivers/STM32F4xx_HAL_Driver/Src/stm32f4xx_hal_rtc.c ****   sDate->Year    = (uint8_t)((datetmpreg & (RTC_DR_YT | RTC_DR_YU)) >> RTC_DR_YU_Pos);
 946:Drivers/STM32F4xx_HAL_Driver/Src/stm32f4xx_hal_rtc.c ****   sDate->Month   = (uint8_t)((datetmpreg & (RTC_DR_MT | RTC_DR_MU)) >> RTC_DR_MU_Pos);
 947:Drivers/STM32F4xx_HAL_Driver/Src/stm32f4xx_hal_rtc.c ****   sDate->Date    = (uint8_t) (datetmpreg & (RTC_DR_DT | RTC_DR_DU));
 948:Drivers/STM32F4xx_HAL_Driver/Src/stm32f4xx_hal_rtc.c ****   sDate->WeekDay = (uint8_t)((datetmpreg & (RTC_DR_WDU))            >> RTC_DR_WDU_Pos);
 949:Drivers/STM32F4xx_HAL_Driver/Src/stm32f4xx_hal_rtc.c **** 
 950:Drivers/STM32F4xx_HAL_Driver/Src/stm32f4xx_hal_rtc.c ****   /* Check the input parameters format */
 951:Drivers/STM32F4xx_HAL_Driver/Src/stm32f4xx_hal_rtc.c ****   if (Format == RTC_FORMAT_BIN)
 952:Drivers/STM32F4xx_HAL_Driver/Src/stm32f4xx_hal_rtc.c ****   {
 953:Drivers/STM32F4xx_HAL_Driver/Src/stm32f4xx_hal_rtc.c ****     /* Convert the date structure parameters to Binary format */
 954:Drivers/STM32F4xx_HAL_Driver/Src/stm32f4xx_hal_rtc.c ****     sDate->Year  = (uint8_t)RTC_Bcd2ToByte(sDate->Year);
 955:Drivers/STM32F4xx_HAL_Driver/Src/stm32f4xx_hal_rtc.c ****     sDate->Month = (uint8_t)RTC_Bcd2ToByte(sDate->Month);
 956:Drivers/STM32F4xx_HAL_Driver/Src/stm32f4xx_hal_rtc.c ****     sDate->Date  = (uint8_t)RTC_Bcd2ToByte(sDate->Date);
 957:Drivers/STM32F4xx_HAL_Driver/Src/stm32f4xx_hal_rtc.c ****   }
 958:Drivers/STM32F4xx_HAL_Driver/Src/stm32f4xx_hal_rtc.c ****   return HAL_OK;
 959:Drivers/STM32F4xx_HAL_Driver/Src/stm32f4xx_hal_rtc.c **** }
 960:Drivers/STM32F4xx_HAL_Driver/Src/stm32f4xx_hal_rtc.c **** 
ARM GAS  /tmp/ccXZyIjC.s 			page 19


 961:Drivers/STM32F4xx_HAL_Driver/Src/stm32f4xx_hal_rtc.c **** /**
 962:Drivers/STM32F4xx_HAL_Driver/Src/stm32f4xx_hal_rtc.c ****   * @}
 963:Drivers/STM32F4xx_HAL_Driver/Src/stm32f4xx_hal_rtc.c ****   */
 964:Drivers/STM32F4xx_HAL_Driver/Src/stm32f4xx_hal_rtc.c **** 
 965:Drivers/STM32F4xx_HAL_Driver/Src/stm32f4xx_hal_rtc.c **** /** @defgroup RTC_Exported_Functions_Group3 RTC Alarm functions
 966:Drivers/STM32F4xx_HAL_Driver/Src/stm32f4xx_hal_rtc.c ****   * @brief    RTC Alarm functions
 967:Drivers/STM32F4xx_HAL_Driver/Src/stm32f4xx_hal_rtc.c ****   *
 968:Drivers/STM32F4xx_HAL_Driver/Src/stm32f4xx_hal_rtc.c **** @verbatim
 969:Drivers/STM32F4xx_HAL_Driver/Src/stm32f4xx_hal_rtc.c ****  ===============================================================================
 970:Drivers/STM32F4xx_HAL_Driver/Src/stm32f4xx_hal_rtc.c ****                  ##### RTC Alarm functions #####
 971:Drivers/STM32F4xx_HAL_Driver/Src/stm32f4xx_hal_rtc.c ****  ===============================================================================
 972:Drivers/STM32F4xx_HAL_Driver/Src/stm32f4xx_hal_rtc.c **** 
 973:Drivers/STM32F4xx_HAL_Driver/Src/stm32f4xx_hal_rtc.c ****  [..] This section provides functions allowing to configure Alarm feature
 974:Drivers/STM32F4xx_HAL_Driver/Src/stm32f4xx_hal_rtc.c **** 
 975:Drivers/STM32F4xx_HAL_Driver/Src/stm32f4xx_hal_rtc.c **** @endverbatim
 976:Drivers/STM32F4xx_HAL_Driver/Src/stm32f4xx_hal_rtc.c ****   * @{
 977:Drivers/STM32F4xx_HAL_Driver/Src/stm32f4xx_hal_rtc.c ****   */
 978:Drivers/STM32F4xx_HAL_Driver/Src/stm32f4xx_hal_rtc.c **** /**
 979:Drivers/STM32F4xx_HAL_Driver/Src/stm32f4xx_hal_rtc.c ****   * @brief  Sets the specified RTC Alarm.
 980:Drivers/STM32F4xx_HAL_Driver/Src/stm32f4xx_hal_rtc.c ****   * @param  hrtc pointer to a RTC_HandleTypeDef structure that contains
 981:Drivers/STM32F4xx_HAL_Driver/Src/stm32f4xx_hal_rtc.c ****   *                the configuration information for RTC.
 982:Drivers/STM32F4xx_HAL_Driver/Src/stm32f4xx_hal_rtc.c ****   * @param  sAlarm Pointer to Alarm structure
 983:Drivers/STM32F4xx_HAL_Driver/Src/stm32f4xx_hal_rtc.c ****   * @param  Format Specifies the format of the entered parameters.
 984:Drivers/STM32F4xx_HAL_Driver/Src/stm32f4xx_hal_rtc.c ****   *          This parameter can be one of the following values:
 985:Drivers/STM32F4xx_HAL_Driver/Src/stm32f4xx_hal_rtc.c ****   *             @arg RTC_FORMAT_BIN: Binary data format
 986:Drivers/STM32F4xx_HAL_Driver/Src/stm32f4xx_hal_rtc.c ****   *             @arg RTC_FORMAT_BCD: BCD data format
 987:Drivers/STM32F4xx_HAL_Driver/Src/stm32f4xx_hal_rtc.c ****   * @note   The Alarm register can only be written when the corresponding Alarm
 988:Drivers/STM32F4xx_HAL_Driver/Src/stm32f4xx_hal_rtc.c ****   *         is disabled (Use the HAL_RTC_DeactivateAlarm()).
 989:Drivers/STM32F4xx_HAL_Driver/Src/stm32f4xx_hal_rtc.c ****   * @note   The HAL_RTC_SetTime() must be called before enabling the Alarm feature.
 990:Drivers/STM32F4xx_HAL_Driver/Src/stm32f4xx_hal_rtc.c ****   * @retval HAL status
 991:Drivers/STM32F4xx_HAL_Driver/Src/stm32f4xx_hal_rtc.c ****   */
 992:Drivers/STM32F4xx_HAL_Driver/Src/stm32f4xx_hal_rtc.c **** HAL_StatusTypeDef HAL_RTC_SetAlarm(RTC_HandleTypeDef *hrtc, RTC_AlarmTypeDef *sAlarm, uint32_t Form
 993:Drivers/STM32F4xx_HAL_Driver/Src/stm32f4xx_hal_rtc.c **** {
 994:Drivers/STM32F4xx_HAL_Driver/Src/stm32f4xx_hal_rtc.c ****   uint32_t tickstart = 0U;
 995:Drivers/STM32F4xx_HAL_Driver/Src/stm32f4xx_hal_rtc.c ****   uint32_t tmpreg = 0U;
 996:Drivers/STM32F4xx_HAL_Driver/Src/stm32f4xx_hal_rtc.c ****   uint32_t subsecondtmpreg = 0U;
 997:Drivers/STM32F4xx_HAL_Driver/Src/stm32f4xx_hal_rtc.c **** 
 998:Drivers/STM32F4xx_HAL_Driver/Src/stm32f4xx_hal_rtc.c ****   /* Check the parameters */
 999:Drivers/STM32F4xx_HAL_Driver/Src/stm32f4xx_hal_rtc.c ****   assert_param(IS_RTC_FORMAT(Format));
1000:Drivers/STM32F4xx_HAL_Driver/Src/stm32f4xx_hal_rtc.c ****   assert_param(IS_RTC_ALARM(sAlarm->Alarm));
1001:Drivers/STM32F4xx_HAL_Driver/Src/stm32f4xx_hal_rtc.c ****   assert_param(IS_RTC_ALARM_MASK(sAlarm->AlarmMask));
1002:Drivers/STM32F4xx_HAL_Driver/Src/stm32f4xx_hal_rtc.c ****   assert_param(IS_RTC_ALARM_DATE_WEEKDAY_SEL(sAlarm->AlarmDateWeekDaySel));
1003:Drivers/STM32F4xx_HAL_Driver/Src/stm32f4xx_hal_rtc.c ****   assert_param(IS_RTC_ALARM_SUB_SECOND_VALUE(sAlarm->AlarmTime.SubSeconds));
1004:Drivers/STM32F4xx_HAL_Driver/Src/stm32f4xx_hal_rtc.c ****   assert_param(IS_RTC_ALARM_SUB_SECOND_MASK(sAlarm->AlarmSubSecondMask));
1005:Drivers/STM32F4xx_HAL_Driver/Src/stm32f4xx_hal_rtc.c **** 
1006:Drivers/STM32F4xx_HAL_Driver/Src/stm32f4xx_hal_rtc.c ****   /* Process Locked */
1007:Drivers/STM32F4xx_HAL_Driver/Src/stm32f4xx_hal_rtc.c ****   __HAL_LOCK(hrtc);
1008:Drivers/STM32F4xx_HAL_Driver/Src/stm32f4xx_hal_rtc.c **** 
1009:Drivers/STM32F4xx_HAL_Driver/Src/stm32f4xx_hal_rtc.c ****   /* Change RTC state to BUSY */
1010:Drivers/STM32F4xx_HAL_Driver/Src/stm32f4xx_hal_rtc.c ****   hrtc->State = HAL_RTC_STATE_BUSY;
1011:Drivers/STM32F4xx_HAL_Driver/Src/stm32f4xx_hal_rtc.c **** 
1012:Drivers/STM32F4xx_HAL_Driver/Src/stm32f4xx_hal_rtc.c ****   /* Check the data format (binary or BCD) and store the Alarm time and date
1013:Drivers/STM32F4xx_HAL_Driver/Src/stm32f4xx_hal_rtc.c ****      configuration accordingly */
1014:Drivers/STM32F4xx_HAL_Driver/Src/stm32f4xx_hal_rtc.c ****   if (Format == RTC_FORMAT_BIN)
1015:Drivers/STM32F4xx_HAL_Driver/Src/stm32f4xx_hal_rtc.c ****   {
1016:Drivers/STM32F4xx_HAL_Driver/Src/stm32f4xx_hal_rtc.c ****     if ((hrtc->Instance->CR & RTC_CR_FMT) != 0U)
1017:Drivers/STM32F4xx_HAL_Driver/Src/stm32f4xx_hal_rtc.c ****     {
ARM GAS  /tmp/ccXZyIjC.s 			page 20


1018:Drivers/STM32F4xx_HAL_Driver/Src/stm32f4xx_hal_rtc.c ****       assert_param(IS_RTC_HOUR12(sAlarm->AlarmTime.Hours));
1019:Drivers/STM32F4xx_HAL_Driver/Src/stm32f4xx_hal_rtc.c ****       assert_param(IS_RTC_HOURFORMAT12(sAlarm->AlarmTime.TimeFormat));
1020:Drivers/STM32F4xx_HAL_Driver/Src/stm32f4xx_hal_rtc.c ****     }
1021:Drivers/STM32F4xx_HAL_Driver/Src/stm32f4xx_hal_rtc.c ****     else
1022:Drivers/STM32F4xx_HAL_Driver/Src/stm32f4xx_hal_rtc.c ****     {
1023:Drivers/STM32F4xx_HAL_Driver/Src/stm32f4xx_hal_rtc.c ****       sAlarm->AlarmTime.TimeFormat = 0x00U;
1024:Drivers/STM32F4xx_HAL_Driver/Src/stm32f4xx_hal_rtc.c ****       assert_param(IS_RTC_HOUR24(sAlarm->AlarmTime.Hours));
1025:Drivers/STM32F4xx_HAL_Driver/Src/stm32f4xx_hal_rtc.c ****     }
1026:Drivers/STM32F4xx_HAL_Driver/Src/stm32f4xx_hal_rtc.c ****     assert_param(IS_RTC_MINUTES(sAlarm->AlarmTime.Minutes));
1027:Drivers/STM32F4xx_HAL_Driver/Src/stm32f4xx_hal_rtc.c ****     assert_param(IS_RTC_SECONDS(sAlarm->AlarmTime.Seconds));
1028:Drivers/STM32F4xx_HAL_Driver/Src/stm32f4xx_hal_rtc.c **** 
1029:Drivers/STM32F4xx_HAL_Driver/Src/stm32f4xx_hal_rtc.c ****     if (sAlarm->AlarmDateWeekDaySel == RTC_ALARMDATEWEEKDAYSEL_DATE)
1030:Drivers/STM32F4xx_HAL_Driver/Src/stm32f4xx_hal_rtc.c ****     {
1031:Drivers/STM32F4xx_HAL_Driver/Src/stm32f4xx_hal_rtc.c ****       assert_param(IS_RTC_ALARM_DATE_WEEKDAY_DATE(sAlarm->AlarmDateWeekDay));
1032:Drivers/STM32F4xx_HAL_Driver/Src/stm32f4xx_hal_rtc.c ****     }
1033:Drivers/STM32F4xx_HAL_Driver/Src/stm32f4xx_hal_rtc.c ****     else
1034:Drivers/STM32F4xx_HAL_Driver/Src/stm32f4xx_hal_rtc.c ****     {
1035:Drivers/STM32F4xx_HAL_Driver/Src/stm32f4xx_hal_rtc.c ****       assert_param(IS_RTC_ALARM_DATE_WEEKDAY_WEEKDAY(sAlarm->AlarmDateWeekDay));
1036:Drivers/STM32F4xx_HAL_Driver/Src/stm32f4xx_hal_rtc.c ****     }
1037:Drivers/STM32F4xx_HAL_Driver/Src/stm32f4xx_hal_rtc.c **** 
1038:Drivers/STM32F4xx_HAL_Driver/Src/stm32f4xx_hal_rtc.c ****     tmpreg = (((uint32_t)RTC_ByteToBcd2(sAlarm->AlarmTime.Hours)   << RTC_ALRMAR_HU_Pos)  | \
1039:Drivers/STM32F4xx_HAL_Driver/Src/stm32f4xx_hal_rtc.c ****               ((uint32_t)RTC_ByteToBcd2(sAlarm->AlarmTime.Minutes) << RTC_ALRMAR_MNU_Pos) | \
1040:Drivers/STM32F4xx_HAL_Driver/Src/stm32f4xx_hal_rtc.c ****               ((uint32_t)RTC_ByteToBcd2(sAlarm->AlarmTime.Seconds))                       | \
1041:Drivers/STM32F4xx_HAL_Driver/Src/stm32f4xx_hal_rtc.c ****               ((uint32_t)(sAlarm->AlarmTime.TimeFormat)            << RTC_TR_PM_Pos)      | \
1042:Drivers/STM32F4xx_HAL_Driver/Src/stm32f4xx_hal_rtc.c ****               ((uint32_t)RTC_ByteToBcd2(sAlarm->AlarmDateWeekDay)  << RTC_ALRMAR_DU_Pos)  | \
1043:Drivers/STM32F4xx_HAL_Driver/Src/stm32f4xx_hal_rtc.c ****               ((uint32_t)sAlarm->AlarmDateWeekDaySel)                                     | \
1044:Drivers/STM32F4xx_HAL_Driver/Src/stm32f4xx_hal_rtc.c ****               ((uint32_t)sAlarm->AlarmMask));
1045:Drivers/STM32F4xx_HAL_Driver/Src/stm32f4xx_hal_rtc.c ****   }
1046:Drivers/STM32F4xx_HAL_Driver/Src/stm32f4xx_hal_rtc.c ****   else
1047:Drivers/STM32F4xx_HAL_Driver/Src/stm32f4xx_hal_rtc.c ****   {
1048:Drivers/STM32F4xx_HAL_Driver/Src/stm32f4xx_hal_rtc.c ****     if ((hrtc->Instance->CR & RTC_CR_FMT) != 0U)
1049:Drivers/STM32F4xx_HAL_Driver/Src/stm32f4xx_hal_rtc.c ****     {
1050:Drivers/STM32F4xx_HAL_Driver/Src/stm32f4xx_hal_rtc.c ****       assert_param(IS_RTC_HOUR12(RTC_Bcd2ToByte(sAlarm->AlarmTime.Hours)));
1051:Drivers/STM32F4xx_HAL_Driver/Src/stm32f4xx_hal_rtc.c ****       assert_param(IS_RTC_HOURFORMAT12(sAlarm->AlarmTime.TimeFormat));
1052:Drivers/STM32F4xx_HAL_Driver/Src/stm32f4xx_hal_rtc.c ****     }
1053:Drivers/STM32F4xx_HAL_Driver/Src/stm32f4xx_hal_rtc.c ****     else
1054:Drivers/STM32F4xx_HAL_Driver/Src/stm32f4xx_hal_rtc.c ****     {
1055:Drivers/STM32F4xx_HAL_Driver/Src/stm32f4xx_hal_rtc.c ****       sAlarm->AlarmTime.TimeFormat = 0x00U;
1056:Drivers/STM32F4xx_HAL_Driver/Src/stm32f4xx_hal_rtc.c ****       assert_param(IS_RTC_HOUR24(RTC_Bcd2ToByte(sAlarm->AlarmTime.Hours)));
1057:Drivers/STM32F4xx_HAL_Driver/Src/stm32f4xx_hal_rtc.c ****     }
1058:Drivers/STM32F4xx_HAL_Driver/Src/stm32f4xx_hal_rtc.c **** 
1059:Drivers/STM32F4xx_HAL_Driver/Src/stm32f4xx_hal_rtc.c ****     assert_param(IS_RTC_MINUTES(RTC_Bcd2ToByte(sAlarm->AlarmTime.Minutes)));
1060:Drivers/STM32F4xx_HAL_Driver/Src/stm32f4xx_hal_rtc.c ****     assert_param(IS_RTC_SECONDS(RTC_Bcd2ToByte(sAlarm->AlarmTime.Seconds)));
1061:Drivers/STM32F4xx_HAL_Driver/Src/stm32f4xx_hal_rtc.c **** 
1062:Drivers/STM32F4xx_HAL_Driver/Src/stm32f4xx_hal_rtc.c ****     if (sAlarm->AlarmDateWeekDaySel == RTC_ALARMDATEWEEKDAYSEL_DATE)
1063:Drivers/STM32F4xx_HAL_Driver/Src/stm32f4xx_hal_rtc.c ****     {
1064:Drivers/STM32F4xx_HAL_Driver/Src/stm32f4xx_hal_rtc.c ****       assert_param(IS_RTC_ALARM_DATE_WEEKDAY_DATE(RTC_Bcd2ToByte(sAlarm->AlarmDateWeekDay)));
1065:Drivers/STM32F4xx_HAL_Driver/Src/stm32f4xx_hal_rtc.c ****     }
1066:Drivers/STM32F4xx_HAL_Driver/Src/stm32f4xx_hal_rtc.c ****     else
1067:Drivers/STM32F4xx_HAL_Driver/Src/stm32f4xx_hal_rtc.c ****     {
1068:Drivers/STM32F4xx_HAL_Driver/Src/stm32f4xx_hal_rtc.c ****       assert_param(IS_RTC_ALARM_DATE_WEEKDAY_WEEKDAY(RTC_Bcd2ToByte(sAlarm->AlarmDateWeekDay)));
1069:Drivers/STM32F4xx_HAL_Driver/Src/stm32f4xx_hal_rtc.c ****     }
1070:Drivers/STM32F4xx_HAL_Driver/Src/stm32f4xx_hal_rtc.c **** 
1071:Drivers/STM32F4xx_HAL_Driver/Src/stm32f4xx_hal_rtc.c ****     tmpreg = (((uint32_t)(sAlarm->AlarmTime.Hours)      << RTC_ALRMAR_HU_Pos)  | \
1072:Drivers/STM32F4xx_HAL_Driver/Src/stm32f4xx_hal_rtc.c ****               ((uint32_t)(sAlarm->AlarmTime.Minutes)    << RTC_ALRMAR_MNU_Pos) | \
1073:Drivers/STM32F4xx_HAL_Driver/Src/stm32f4xx_hal_rtc.c ****               ((uint32_t) sAlarm->AlarmTime.Seconds)                           | \
1074:Drivers/STM32F4xx_HAL_Driver/Src/stm32f4xx_hal_rtc.c ****               ((uint32_t)(sAlarm->AlarmTime.TimeFormat) << RTC_TR_PM_Pos)      | \
ARM GAS  /tmp/ccXZyIjC.s 			page 21


1075:Drivers/STM32F4xx_HAL_Driver/Src/stm32f4xx_hal_rtc.c ****               ((uint32_t)(sAlarm->AlarmDateWeekDay)     << RTC_ALRMAR_DU_Pos)  | \
1076:Drivers/STM32F4xx_HAL_Driver/Src/stm32f4xx_hal_rtc.c ****               ((uint32_t) sAlarm->AlarmDateWeekDaySel)                         | \
1077:Drivers/STM32F4xx_HAL_Driver/Src/stm32f4xx_hal_rtc.c ****               ((uint32_t) sAlarm->AlarmMask));
1078:Drivers/STM32F4xx_HAL_Driver/Src/stm32f4xx_hal_rtc.c ****   }
1079:Drivers/STM32F4xx_HAL_Driver/Src/stm32f4xx_hal_rtc.c **** 
1080:Drivers/STM32F4xx_HAL_Driver/Src/stm32f4xx_hal_rtc.c ****   /* Store the Alarm subseconds configuration */
1081:Drivers/STM32F4xx_HAL_Driver/Src/stm32f4xx_hal_rtc.c ****   subsecondtmpreg = (uint32_t)((uint32_t)(sAlarm->AlarmTime.SubSeconds) | \
1082:Drivers/STM32F4xx_HAL_Driver/Src/stm32f4xx_hal_rtc.c ****                                (uint32_t)(sAlarm->AlarmSubSecondMask));
1083:Drivers/STM32F4xx_HAL_Driver/Src/stm32f4xx_hal_rtc.c **** 
1084:Drivers/STM32F4xx_HAL_Driver/Src/stm32f4xx_hal_rtc.c ****   /* Disable the write protection for RTC registers */
1085:Drivers/STM32F4xx_HAL_Driver/Src/stm32f4xx_hal_rtc.c ****   __HAL_RTC_WRITEPROTECTION_DISABLE(hrtc);
1086:Drivers/STM32F4xx_HAL_Driver/Src/stm32f4xx_hal_rtc.c **** 
1087:Drivers/STM32F4xx_HAL_Driver/Src/stm32f4xx_hal_rtc.c ****   /* Configure the Alarm register */
1088:Drivers/STM32F4xx_HAL_Driver/Src/stm32f4xx_hal_rtc.c ****   if (sAlarm->Alarm == RTC_ALARM_A)
1089:Drivers/STM32F4xx_HAL_Driver/Src/stm32f4xx_hal_rtc.c ****   {
1090:Drivers/STM32F4xx_HAL_Driver/Src/stm32f4xx_hal_rtc.c ****     /* Disable the Alarm A */
1091:Drivers/STM32F4xx_HAL_Driver/Src/stm32f4xx_hal_rtc.c ****     __HAL_RTC_ALARMA_DISABLE(hrtc);
1092:Drivers/STM32F4xx_HAL_Driver/Src/stm32f4xx_hal_rtc.c **** 
1093:Drivers/STM32F4xx_HAL_Driver/Src/stm32f4xx_hal_rtc.c ****     /* In case interrupt mode is used, the interrupt source must be disabled */
1094:Drivers/STM32F4xx_HAL_Driver/Src/stm32f4xx_hal_rtc.c ****     __HAL_RTC_ALARM_DISABLE_IT(hrtc, RTC_IT_ALRA);
1095:Drivers/STM32F4xx_HAL_Driver/Src/stm32f4xx_hal_rtc.c **** 
1096:Drivers/STM32F4xx_HAL_Driver/Src/stm32f4xx_hal_rtc.c ****     /* Clear the Alarm flag */
1097:Drivers/STM32F4xx_HAL_Driver/Src/stm32f4xx_hal_rtc.c ****     __HAL_RTC_ALARM_CLEAR_FLAG(hrtc, RTC_FLAG_ALRAF);
1098:Drivers/STM32F4xx_HAL_Driver/Src/stm32f4xx_hal_rtc.c **** 
1099:Drivers/STM32F4xx_HAL_Driver/Src/stm32f4xx_hal_rtc.c ****     /* Get tick */
1100:Drivers/STM32F4xx_HAL_Driver/Src/stm32f4xx_hal_rtc.c ****     tickstart = HAL_GetTick();
1101:Drivers/STM32F4xx_HAL_Driver/Src/stm32f4xx_hal_rtc.c **** 
1102:Drivers/STM32F4xx_HAL_Driver/Src/stm32f4xx_hal_rtc.c ****     /* Wait till RTC ALRAWF flag is set and if timeout is reached exit */
1103:Drivers/STM32F4xx_HAL_Driver/Src/stm32f4xx_hal_rtc.c ****     while (__HAL_RTC_ALARM_GET_FLAG(hrtc, RTC_FLAG_ALRAWF) == 0U)
1104:Drivers/STM32F4xx_HAL_Driver/Src/stm32f4xx_hal_rtc.c ****     {
1105:Drivers/STM32F4xx_HAL_Driver/Src/stm32f4xx_hal_rtc.c ****       if ((HAL_GetTick() - tickstart) > RTC_TIMEOUT_VALUE)
1106:Drivers/STM32F4xx_HAL_Driver/Src/stm32f4xx_hal_rtc.c ****       {
1107:Drivers/STM32F4xx_HAL_Driver/Src/stm32f4xx_hal_rtc.c ****         /* Enable the write protection for RTC registers */
1108:Drivers/STM32F4xx_HAL_Driver/Src/stm32f4xx_hal_rtc.c ****         __HAL_RTC_WRITEPROTECTION_ENABLE(hrtc);
1109:Drivers/STM32F4xx_HAL_Driver/Src/stm32f4xx_hal_rtc.c **** 
1110:Drivers/STM32F4xx_HAL_Driver/Src/stm32f4xx_hal_rtc.c ****         hrtc->State = HAL_RTC_STATE_TIMEOUT;
1111:Drivers/STM32F4xx_HAL_Driver/Src/stm32f4xx_hal_rtc.c **** 
1112:Drivers/STM32F4xx_HAL_Driver/Src/stm32f4xx_hal_rtc.c ****         /* Process Unlocked */
1113:Drivers/STM32F4xx_HAL_Driver/Src/stm32f4xx_hal_rtc.c ****         __HAL_UNLOCK(hrtc);
1114:Drivers/STM32F4xx_HAL_Driver/Src/stm32f4xx_hal_rtc.c **** 
1115:Drivers/STM32F4xx_HAL_Driver/Src/stm32f4xx_hal_rtc.c ****         return HAL_TIMEOUT;
1116:Drivers/STM32F4xx_HAL_Driver/Src/stm32f4xx_hal_rtc.c ****       }
1117:Drivers/STM32F4xx_HAL_Driver/Src/stm32f4xx_hal_rtc.c ****     }
1118:Drivers/STM32F4xx_HAL_Driver/Src/stm32f4xx_hal_rtc.c **** 
1119:Drivers/STM32F4xx_HAL_Driver/Src/stm32f4xx_hal_rtc.c ****     hrtc->Instance->ALRMAR = (uint32_t)tmpreg;
1120:Drivers/STM32F4xx_HAL_Driver/Src/stm32f4xx_hal_rtc.c ****     /* Configure the Alarm A Subseconds register */
1121:Drivers/STM32F4xx_HAL_Driver/Src/stm32f4xx_hal_rtc.c ****     hrtc->Instance->ALRMASSR = subsecondtmpreg;
1122:Drivers/STM32F4xx_HAL_Driver/Src/stm32f4xx_hal_rtc.c ****     /* Configure the Alarm state: Enable Alarm */
1123:Drivers/STM32F4xx_HAL_Driver/Src/stm32f4xx_hal_rtc.c ****     __HAL_RTC_ALARMA_ENABLE(hrtc);
1124:Drivers/STM32F4xx_HAL_Driver/Src/stm32f4xx_hal_rtc.c ****   }
1125:Drivers/STM32F4xx_HAL_Driver/Src/stm32f4xx_hal_rtc.c ****   else
1126:Drivers/STM32F4xx_HAL_Driver/Src/stm32f4xx_hal_rtc.c ****   {
1127:Drivers/STM32F4xx_HAL_Driver/Src/stm32f4xx_hal_rtc.c ****     /* Disable the Alarm B */
1128:Drivers/STM32F4xx_HAL_Driver/Src/stm32f4xx_hal_rtc.c ****     __HAL_RTC_ALARMB_DISABLE(hrtc);
1129:Drivers/STM32F4xx_HAL_Driver/Src/stm32f4xx_hal_rtc.c **** 
1130:Drivers/STM32F4xx_HAL_Driver/Src/stm32f4xx_hal_rtc.c ****     /* In case interrupt mode is used, the interrupt source must be disabled */
1131:Drivers/STM32F4xx_HAL_Driver/Src/stm32f4xx_hal_rtc.c ****     __HAL_RTC_ALARM_DISABLE_IT(hrtc, RTC_IT_ALRB);
ARM GAS  /tmp/ccXZyIjC.s 			page 22


1132:Drivers/STM32F4xx_HAL_Driver/Src/stm32f4xx_hal_rtc.c **** 
1133:Drivers/STM32F4xx_HAL_Driver/Src/stm32f4xx_hal_rtc.c ****     /* Clear the Alarm flag */
1134:Drivers/STM32F4xx_HAL_Driver/Src/stm32f4xx_hal_rtc.c ****     __HAL_RTC_ALARM_CLEAR_FLAG(hrtc, RTC_FLAG_ALRBF);
1135:Drivers/STM32F4xx_HAL_Driver/Src/stm32f4xx_hal_rtc.c **** 
1136:Drivers/STM32F4xx_HAL_Driver/Src/stm32f4xx_hal_rtc.c ****     /* Get tick */
1137:Drivers/STM32F4xx_HAL_Driver/Src/stm32f4xx_hal_rtc.c ****     tickstart = HAL_GetTick();
1138:Drivers/STM32F4xx_HAL_Driver/Src/stm32f4xx_hal_rtc.c **** 
1139:Drivers/STM32F4xx_HAL_Driver/Src/stm32f4xx_hal_rtc.c ****     /* Wait till RTC ALRBWF flag is set and if timeout is reached exit */
1140:Drivers/STM32F4xx_HAL_Driver/Src/stm32f4xx_hal_rtc.c ****     while (__HAL_RTC_ALARM_GET_FLAG(hrtc, RTC_FLAG_ALRBWF) == 0U)
1141:Drivers/STM32F4xx_HAL_Driver/Src/stm32f4xx_hal_rtc.c ****     {
1142:Drivers/STM32F4xx_HAL_Driver/Src/stm32f4xx_hal_rtc.c ****       if ((HAL_GetTick() - tickstart) > RTC_TIMEOUT_VALUE)
1143:Drivers/STM32F4xx_HAL_Driver/Src/stm32f4xx_hal_rtc.c ****       {
1144:Drivers/STM32F4xx_HAL_Driver/Src/stm32f4xx_hal_rtc.c ****         /* Enable the write protection for RTC registers */
1145:Drivers/STM32F4xx_HAL_Driver/Src/stm32f4xx_hal_rtc.c ****         __HAL_RTC_WRITEPROTECTION_ENABLE(hrtc);
1146:Drivers/STM32F4xx_HAL_Driver/Src/stm32f4xx_hal_rtc.c **** 
1147:Drivers/STM32F4xx_HAL_Driver/Src/stm32f4xx_hal_rtc.c ****         hrtc->State = HAL_RTC_STATE_TIMEOUT;
1148:Drivers/STM32F4xx_HAL_Driver/Src/stm32f4xx_hal_rtc.c **** 
1149:Drivers/STM32F4xx_HAL_Driver/Src/stm32f4xx_hal_rtc.c ****         /* Process Unlocked */
1150:Drivers/STM32F4xx_HAL_Driver/Src/stm32f4xx_hal_rtc.c ****         __HAL_UNLOCK(hrtc);
1151:Drivers/STM32F4xx_HAL_Driver/Src/stm32f4xx_hal_rtc.c **** 
1152:Drivers/STM32F4xx_HAL_Driver/Src/stm32f4xx_hal_rtc.c ****         return HAL_TIMEOUT;
1153:Drivers/STM32F4xx_HAL_Driver/Src/stm32f4xx_hal_rtc.c ****       }
1154:Drivers/STM32F4xx_HAL_Driver/Src/stm32f4xx_hal_rtc.c ****     }
1155:Drivers/STM32F4xx_HAL_Driver/Src/stm32f4xx_hal_rtc.c **** 
1156:Drivers/STM32F4xx_HAL_Driver/Src/stm32f4xx_hal_rtc.c ****     hrtc->Instance->ALRMBR = (uint32_t)tmpreg;
1157:Drivers/STM32F4xx_HAL_Driver/Src/stm32f4xx_hal_rtc.c ****     /* Configure the Alarm B Subseconds register */
1158:Drivers/STM32F4xx_HAL_Driver/Src/stm32f4xx_hal_rtc.c ****     hrtc->Instance->ALRMBSSR = subsecondtmpreg;
1159:Drivers/STM32F4xx_HAL_Driver/Src/stm32f4xx_hal_rtc.c ****     /* Configure the Alarm state: Enable Alarm */
1160:Drivers/STM32F4xx_HAL_Driver/Src/stm32f4xx_hal_rtc.c ****     __HAL_RTC_ALARMB_ENABLE(hrtc);
1161:Drivers/STM32F4xx_HAL_Driver/Src/stm32f4xx_hal_rtc.c ****   }
1162:Drivers/STM32F4xx_HAL_Driver/Src/stm32f4xx_hal_rtc.c **** 
1163:Drivers/STM32F4xx_HAL_Driver/Src/stm32f4xx_hal_rtc.c ****   /* Enable the write protection for RTC registers */
1164:Drivers/STM32F4xx_HAL_Driver/Src/stm32f4xx_hal_rtc.c ****   __HAL_RTC_WRITEPROTECTION_ENABLE(hrtc);
1165:Drivers/STM32F4xx_HAL_Driver/Src/stm32f4xx_hal_rtc.c **** 
1166:Drivers/STM32F4xx_HAL_Driver/Src/stm32f4xx_hal_rtc.c ****   /* Change RTC state back to READY */
1167:Drivers/STM32F4xx_HAL_Driver/Src/stm32f4xx_hal_rtc.c ****   hrtc->State = HAL_RTC_STATE_READY;
1168:Drivers/STM32F4xx_HAL_Driver/Src/stm32f4xx_hal_rtc.c **** 
1169:Drivers/STM32F4xx_HAL_Driver/Src/stm32f4xx_hal_rtc.c ****   /* Process Unlocked */
1170:Drivers/STM32F4xx_HAL_Driver/Src/stm32f4xx_hal_rtc.c ****   __HAL_UNLOCK(hrtc);
1171:Drivers/STM32F4xx_HAL_Driver/Src/stm32f4xx_hal_rtc.c **** 
1172:Drivers/STM32F4xx_HAL_Driver/Src/stm32f4xx_hal_rtc.c ****   return HAL_OK;
1173:Drivers/STM32F4xx_HAL_Driver/Src/stm32f4xx_hal_rtc.c **** }
1174:Drivers/STM32F4xx_HAL_Driver/Src/stm32f4xx_hal_rtc.c **** 
1175:Drivers/STM32F4xx_HAL_Driver/Src/stm32f4xx_hal_rtc.c **** /**
1176:Drivers/STM32F4xx_HAL_Driver/Src/stm32f4xx_hal_rtc.c ****   * @brief  Sets the specified RTC Alarm with Interrupt.
1177:Drivers/STM32F4xx_HAL_Driver/Src/stm32f4xx_hal_rtc.c ****   * @param  hrtc pointer to a RTC_HandleTypeDef structure that contains
1178:Drivers/STM32F4xx_HAL_Driver/Src/stm32f4xx_hal_rtc.c ****   *                the configuration information for RTC.
1179:Drivers/STM32F4xx_HAL_Driver/Src/stm32f4xx_hal_rtc.c ****   * @param  sAlarm Pointer to Alarm structure
1180:Drivers/STM32F4xx_HAL_Driver/Src/stm32f4xx_hal_rtc.c ****   * @param  Format Specifies the format of the entered parameters.
1181:Drivers/STM32F4xx_HAL_Driver/Src/stm32f4xx_hal_rtc.c ****   *          This parameter can be one of the following values:
1182:Drivers/STM32F4xx_HAL_Driver/Src/stm32f4xx_hal_rtc.c ****   *             @arg RTC_FORMAT_BIN: Binary data format
1183:Drivers/STM32F4xx_HAL_Driver/Src/stm32f4xx_hal_rtc.c ****   *             @arg RTC_FORMAT_BCD: BCD data format
1184:Drivers/STM32F4xx_HAL_Driver/Src/stm32f4xx_hal_rtc.c ****   * @note   The Alarm register can only be written when the corresponding Alarm
1185:Drivers/STM32F4xx_HAL_Driver/Src/stm32f4xx_hal_rtc.c ****   *         is disabled (Use the HAL_RTC_DeactivateAlarm()).
1186:Drivers/STM32F4xx_HAL_Driver/Src/stm32f4xx_hal_rtc.c ****   * @note   The HAL_RTC_SetTime() must be called before enabling the Alarm feature.
1187:Drivers/STM32F4xx_HAL_Driver/Src/stm32f4xx_hal_rtc.c ****   * @retval HAL status
1188:Drivers/STM32F4xx_HAL_Driver/Src/stm32f4xx_hal_rtc.c ****   */
ARM GAS  /tmp/ccXZyIjC.s 			page 23


1189:Drivers/STM32F4xx_HAL_Driver/Src/stm32f4xx_hal_rtc.c **** HAL_StatusTypeDef HAL_RTC_SetAlarm_IT(RTC_HandleTypeDef *hrtc, RTC_AlarmTypeDef *sAlarm, uint32_t F
1190:Drivers/STM32F4xx_HAL_Driver/Src/stm32f4xx_hal_rtc.c **** {
1191:Drivers/STM32F4xx_HAL_Driver/Src/stm32f4xx_hal_rtc.c ****   __IO uint32_t count  = RTC_TIMEOUT_VALUE * (SystemCoreClock / 32U / 1000U);
1192:Drivers/STM32F4xx_HAL_Driver/Src/stm32f4xx_hal_rtc.c ****        uint32_t tmpreg = 0U;
1193:Drivers/STM32F4xx_HAL_Driver/Src/stm32f4xx_hal_rtc.c ****        uint32_t subsecondtmpreg = 0U;
1194:Drivers/STM32F4xx_HAL_Driver/Src/stm32f4xx_hal_rtc.c **** 
1195:Drivers/STM32F4xx_HAL_Driver/Src/stm32f4xx_hal_rtc.c ****   /* Check the parameters */
1196:Drivers/STM32F4xx_HAL_Driver/Src/stm32f4xx_hal_rtc.c ****   assert_param(IS_RTC_FORMAT(Format));
1197:Drivers/STM32F4xx_HAL_Driver/Src/stm32f4xx_hal_rtc.c ****   assert_param(IS_RTC_ALARM(sAlarm->Alarm));
1198:Drivers/STM32F4xx_HAL_Driver/Src/stm32f4xx_hal_rtc.c ****   assert_param(IS_RTC_ALARM_MASK(sAlarm->AlarmMask));
1199:Drivers/STM32F4xx_HAL_Driver/Src/stm32f4xx_hal_rtc.c ****   assert_param(IS_RTC_ALARM_DATE_WEEKDAY_SEL(sAlarm->AlarmDateWeekDaySel));
1200:Drivers/STM32F4xx_HAL_Driver/Src/stm32f4xx_hal_rtc.c ****   assert_param(IS_RTC_ALARM_SUB_SECOND_VALUE(sAlarm->AlarmTime.SubSeconds));
1201:Drivers/STM32F4xx_HAL_Driver/Src/stm32f4xx_hal_rtc.c ****   assert_param(IS_RTC_ALARM_SUB_SECOND_MASK(sAlarm->AlarmSubSecondMask));
1202:Drivers/STM32F4xx_HAL_Driver/Src/stm32f4xx_hal_rtc.c **** 
1203:Drivers/STM32F4xx_HAL_Driver/Src/stm32f4xx_hal_rtc.c ****   /* Process Locked */
1204:Drivers/STM32F4xx_HAL_Driver/Src/stm32f4xx_hal_rtc.c ****   __HAL_LOCK(hrtc);
1205:Drivers/STM32F4xx_HAL_Driver/Src/stm32f4xx_hal_rtc.c **** 
1206:Drivers/STM32F4xx_HAL_Driver/Src/stm32f4xx_hal_rtc.c ****   /* Change RTC state to BUSY */
1207:Drivers/STM32F4xx_HAL_Driver/Src/stm32f4xx_hal_rtc.c ****   hrtc->State = HAL_RTC_STATE_BUSY;
1208:Drivers/STM32F4xx_HAL_Driver/Src/stm32f4xx_hal_rtc.c **** 
1209:Drivers/STM32F4xx_HAL_Driver/Src/stm32f4xx_hal_rtc.c ****   /* Check the data format (binary or BCD) and store the Alarm time and date
1210:Drivers/STM32F4xx_HAL_Driver/Src/stm32f4xx_hal_rtc.c ****      configuration accordingly */
1211:Drivers/STM32F4xx_HAL_Driver/Src/stm32f4xx_hal_rtc.c ****   if (Format == RTC_FORMAT_BIN)
1212:Drivers/STM32F4xx_HAL_Driver/Src/stm32f4xx_hal_rtc.c ****   {
1213:Drivers/STM32F4xx_HAL_Driver/Src/stm32f4xx_hal_rtc.c ****     if ((hrtc->Instance->CR & RTC_CR_FMT) != 0U)
1214:Drivers/STM32F4xx_HAL_Driver/Src/stm32f4xx_hal_rtc.c ****     {
1215:Drivers/STM32F4xx_HAL_Driver/Src/stm32f4xx_hal_rtc.c ****       assert_param(IS_RTC_HOUR12(sAlarm->AlarmTime.Hours));
1216:Drivers/STM32F4xx_HAL_Driver/Src/stm32f4xx_hal_rtc.c ****       assert_param(IS_RTC_HOURFORMAT12(sAlarm->AlarmTime.TimeFormat));
1217:Drivers/STM32F4xx_HAL_Driver/Src/stm32f4xx_hal_rtc.c ****     }
1218:Drivers/STM32F4xx_HAL_Driver/Src/stm32f4xx_hal_rtc.c ****     else
1219:Drivers/STM32F4xx_HAL_Driver/Src/stm32f4xx_hal_rtc.c ****     {
1220:Drivers/STM32F4xx_HAL_Driver/Src/stm32f4xx_hal_rtc.c ****       sAlarm->AlarmTime.TimeFormat = 0x00U;
1221:Drivers/STM32F4xx_HAL_Driver/Src/stm32f4xx_hal_rtc.c ****       assert_param(IS_RTC_HOUR24(sAlarm->AlarmTime.Hours));
1222:Drivers/STM32F4xx_HAL_Driver/Src/stm32f4xx_hal_rtc.c ****     }
1223:Drivers/STM32F4xx_HAL_Driver/Src/stm32f4xx_hal_rtc.c ****     assert_param(IS_RTC_MINUTES(sAlarm->AlarmTime.Minutes));
1224:Drivers/STM32F4xx_HAL_Driver/Src/stm32f4xx_hal_rtc.c ****     assert_param(IS_RTC_SECONDS(sAlarm->AlarmTime.Seconds));
1225:Drivers/STM32F4xx_HAL_Driver/Src/stm32f4xx_hal_rtc.c **** 
1226:Drivers/STM32F4xx_HAL_Driver/Src/stm32f4xx_hal_rtc.c ****     if (sAlarm->AlarmDateWeekDaySel == RTC_ALARMDATEWEEKDAYSEL_DATE)
1227:Drivers/STM32F4xx_HAL_Driver/Src/stm32f4xx_hal_rtc.c ****     {
1228:Drivers/STM32F4xx_HAL_Driver/Src/stm32f4xx_hal_rtc.c ****       assert_param(IS_RTC_ALARM_DATE_WEEKDAY_DATE(sAlarm->AlarmDateWeekDay));
1229:Drivers/STM32F4xx_HAL_Driver/Src/stm32f4xx_hal_rtc.c ****     }
1230:Drivers/STM32F4xx_HAL_Driver/Src/stm32f4xx_hal_rtc.c ****     else
1231:Drivers/STM32F4xx_HAL_Driver/Src/stm32f4xx_hal_rtc.c ****     {
1232:Drivers/STM32F4xx_HAL_Driver/Src/stm32f4xx_hal_rtc.c ****       assert_param(IS_RTC_ALARM_DATE_WEEKDAY_WEEKDAY(sAlarm->AlarmDateWeekDay));
1233:Drivers/STM32F4xx_HAL_Driver/Src/stm32f4xx_hal_rtc.c ****     }
1234:Drivers/STM32F4xx_HAL_Driver/Src/stm32f4xx_hal_rtc.c **** 
1235:Drivers/STM32F4xx_HAL_Driver/Src/stm32f4xx_hal_rtc.c ****     tmpreg = (((uint32_t)RTC_ByteToBcd2(sAlarm->AlarmTime.Hours)   << RTC_ALRMAR_HU_Pos)  | \
1236:Drivers/STM32F4xx_HAL_Driver/Src/stm32f4xx_hal_rtc.c ****               ((uint32_t)RTC_ByteToBcd2(sAlarm->AlarmTime.Minutes) << RTC_ALRMAR_MNU_Pos) | \
1237:Drivers/STM32F4xx_HAL_Driver/Src/stm32f4xx_hal_rtc.c ****               ((uint32_t)RTC_ByteToBcd2(sAlarm->AlarmTime.Seconds))                       | \
1238:Drivers/STM32F4xx_HAL_Driver/Src/stm32f4xx_hal_rtc.c ****               ((uint32_t)(sAlarm->AlarmTime.TimeFormat)            << RTC_TR_PM_Pos)      | \
1239:Drivers/STM32F4xx_HAL_Driver/Src/stm32f4xx_hal_rtc.c ****               ((uint32_t)RTC_ByteToBcd2(sAlarm->AlarmDateWeekDay)  << RTC_ALRMAR_DU_Pos)  | \
1240:Drivers/STM32F4xx_HAL_Driver/Src/stm32f4xx_hal_rtc.c ****               ((uint32_t)sAlarm->AlarmDateWeekDaySel)                                     | \
1241:Drivers/STM32F4xx_HAL_Driver/Src/stm32f4xx_hal_rtc.c ****               ((uint32_t)sAlarm->AlarmMask));
1242:Drivers/STM32F4xx_HAL_Driver/Src/stm32f4xx_hal_rtc.c ****   }
1243:Drivers/STM32F4xx_HAL_Driver/Src/stm32f4xx_hal_rtc.c ****   else
1244:Drivers/STM32F4xx_HAL_Driver/Src/stm32f4xx_hal_rtc.c ****   {
1245:Drivers/STM32F4xx_HAL_Driver/Src/stm32f4xx_hal_rtc.c ****     if ((hrtc->Instance->CR & RTC_CR_FMT) != 0U)
ARM GAS  /tmp/ccXZyIjC.s 			page 24


1246:Drivers/STM32F4xx_HAL_Driver/Src/stm32f4xx_hal_rtc.c ****     {
1247:Drivers/STM32F4xx_HAL_Driver/Src/stm32f4xx_hal_rtc.c ****       assert_param(IS_RTC_HOUR12(RTC_Bcd2ToByte(sAlarm->AlarmTime.Hours)));
1248:Drivers/STM32F4xx_HAL_Driver/Src/stm32f4xx_hal_rtc.c ****       assert_param(IS_RTC_HOURFORMAT12(sAlarm->AlarmTime.TimeFormat));
1249:Drivers/STM32F4xx_HAL_Driver/Src/stm32f4xx_hal_rtc.c ****     }
1250:Drivers/STM32F4xx_HAL_Driver/Src/stm32f4xx_hal_rtc.c ****     else
1251:Drivers/STM32F4xx_HAL_Driver/Src/stm32f4xx_hal_rtc.c ****     {
1252:Drivers/STM32F4xx_HAL_Driver/Src/stm32f4xx_hal_rtc.c ****       sAlarm->AlarmTime.TimeFormat = 0x00U;
1253:Drivers/STM32F4xx_HAL_Driver/Src/stm32f4xx_hal_rtc.c ****       assert_param(IS_RTC_HOUR24(RTC_Bcd2ToByte(sAlarm->AlarmTime.Hours)));
1254:Drivers/STM32F4xx_HAL_Driver/Src/stm32f4xx_hal_rtc.c ****     }
1255:Drivers/STM32F4xx_HAL_Driver/Src/stm32f4xx_hal_rtc.c **** 
1256:Drivers/STM32F4xx_HAL_Driver/Src/stm32f4xx_hal_rtc.c ****     assert_param(IS_RTC_MINUTES(RTC_Bcd2ToByte(sAlarm->AlarmTime.Minutes)));
1257:Drivers/STM32F4xx_HAL_Driver/Src/stm32f4xx_hal_rtc.c ****     assert_param(IS_RTC_SECONDS(RTC_Bcd2ToByte(sAlarm->AlarmTime.Seconds)));
1258:Drivers/STM32F4xx_HAL_Driver/Src/stm32f4xx_hal_rtc.c **** 
1259:Drivers/STM32F4xx_HAL_Driver/Src/stm32f4xx_hal_rtc.c ****     if (sAlarm->AlarmDateWeekDaySel == RTC_ALARMDATEWEEKDAYSEL_DATE)
1260:Drivers/STM32F4xx_HAL_Driver/Src/stm32f4xx_hal_rtc.c ****     {
1261:Drivers/STM32F4xx_HAL_Driver/Src/stm32f4xx_hal_rtc.c ****       assert_param(IS_RTC_ALARM_DATE_WEEKDAY_DATE(RTC_Bcd2ToByte(sAlarm->AlarmDateWeekDay)));
1262:Drivers/STM32F4xx_HAL_Driver/Src/stm32f4xx_hal_rtc.c ****     }
1263:Drivers/STM32F4xx_HAL_Driver/Src/stm32f4xx_hal_rtc.c ****     else
1264:Drivers/STM32F4xx_HAL_Driver/Src/stm32f4xx_hal_rtc.c ****     {
1265:Drivers/STM32F4xx_HAL_Driver/Src/stm32f4xx_hal_rtc.c ****       assert_param(IS_RTC_ALARM_DATE_WEEKDAY_WEEKDAY(RTC_Bcd2ToByte(sAlarm->AlarmDateWeekDay)));
1266:Drivers/STM32F4xx_HAL_Driver/Src/stm32f4xx_hal_rtc.c ****     }
1267:Drivers/STM32F4xx_HAL_Driver/Src/stm32f4xx_hal_rtc.c **** 
1268:Drivers/STM32F4xx_HAL_Driver/Src/stm32f4xx_hal_rtc.c ****     tmpreg = (((uint32_t)(sAlarm->AlarmTime.Hours)      << RTC_ALRMAR_HU_Pos)  | \
1269:Drivers/STM32F4xx_HAL_Driver/Src/stm32f4xx_hal_rtc.c ****               ((uint32_t)(sAlarm->AlarmTime.Minutes)    << RTC_ALRMAR_MNU_Pos) | \
1270:Drivers/STM32F4xx_HAL_Driver/Src/stm32f4xx_hal_rtc.c ****               ((uint32_t) sAlarm->AlarmTime.Seconds)                           | \
1271:Drivers/STM32F4xx_HAL_Driver/Src/stm32f4xx_hal_rtc.c ****               ((uint32_t)(sAlarm->AlarmTime.TimeFormat) << RTC_TR_PM_Pos)      | \
1272:Drivers/STM32F4xx_HAL_Driver/Src/stm32f4xx_hal_rtc.c ****               ((uint32_t)(sAlarm->AlarmDateWeekDay)     << RTC_ALRMAR_DU_Pos)  | \
1273:Drivers/STM32F4xx_HAL_Driver/Src/stm32f4xx_hal_rtc.c ****               ((uint32_t) sAlarm->AlarmDateWeekDaySel)                         | \
1274:Drivers/STM32F4xx_HAL_Driver/Src/stm32f4xx_hal_rtc.c ****               ((uint32_t) sAlarm->AlarmMask));
1275:Drivers/STM32F4xx_HAL_Driver/Src/stm32f4xx_hal_rtc.c ****   }
1276:Drivers/STM32F4xx_HAL_Driver/Src/stm32f4xx_hal_rtc.c **** 
1277:Drivers/STM32F4xx_HAL_Driver/Src/stm32f4xx_hal_rtc.c ****   /* Store the Alarm subseconds configuration */
1278:Drivers/STM32F4xx_HAL_Driver/Src/stm32f4xx_hal_rtc.c ****   subsecondtmpreg = (uint32_t)((uint32_t)(sAlarm->AlarmTime.SubSeconds) | \
1279:Drivers/STM32F4xx_HAL_Driver/Src/stm32f4xx_hal_rtc.c ****                                (uint32_t)(sAlarm->AlarmSubSecondMask));
1280:Drivers/STM32F4xx_HAL_Driver/Src/stm32f4xx_hal_rtc.c **** 
1281:Drivers/STM32F4xx_HAL_Driver/Src/stm32f4xx_hal_rtc.c ****   /* Disable the write protection for RTC registers */
1282:Drivers/STM32F4xx_HAL_Driver/Src/stm32f4xx_hal_rtc.c ****   __HAL_RTC_WRITEPROTECTION_DISABLE(hrtc);
1283:Drivers/STM32F4xx_HAL_Driver/Src/stm32f4xx_hal_rtc.c **** 
1284:Drivers/STM32F4xx_HAL_Driver/Src/stm32f4xx_hal_rtc.c ****   /* Configure the Alarm register */
1285:Drivers/STM32F4xx_HAL_Driver/Src/stm32f4xx_hal_rtc.c ****   if (sAlarm->Alarm == RTC_ALARM_A)
1286:Drivers/STM32F4xx_HAL_Driver/Src/stm32f4xx_hal_rtc.c ****   {
1287:Drivers/STM32F4xx_HAL_Driver/Src/stm32f4xx_hal_rtc.c ****     /* Disable the Alarm A */
1288:Drivers/STM32F4xx_HAL_Driver/Src/stm32f4xx_hal_rtc.c ****     __HAL_RTC_ALARMA_DISABLE(hrtc);
1289:Drivers/STM32F4xx_HAL_Driver/Src/stm32f4xx_hal_rtc.c **** 
1290:Drivers/STM32F4xx_HAL_Driver/Src/stm32f4xx_hal_rtc.c ****     /* Clear the Alarm flag */
1291:Drivers/STM32F4xx_HAL_Driver/Src/stm32f4xx_hal_rtc.c ****     __HAL_RTC_ALARM_CLEAR_FLAG(hrtc, RTC_FLAG_ALRAF);
1292:Drivers/STM32F4xx_HAL_Driver/Src/stm32f4xx_hal_rtc.c **** 
1293:Drivers/STM32F4xx_HAL_Driver/Src/stm32f4xx_hal_rtc.c ****     /* Wait till RTC ALRAWF flag is set and if timeout is reached exit */
1294:Drivers/STM32F4xx_HAL_Driver/Src/stm32f4xx_hal_rtc.c ****     do
1295:Drivers/STM32F4xx_HAL_Driver/Src/stm32f4xx_hal_rtc.c ****     {
1296:Drivers/STM32F4xx_HAL_Driver/Src/stm32f4xx_hal_rtc.c ****       if (count-- == 0U)
1297:Drivers/STM32F4xx_HAL_Driver/Src/stm32f4xx_hal_rtc.c ****       {
1298:Drivers/STM32F4xx_HAL_Driver/Src/stm32f4xx_hal_rtc.c ****         /* Enable the write protection for RTC registers */
1299:Drivers/STM32F4xx_HAL_Driver/Src/stm32f4xx_hal_rtc.c ****         __HAL_RTC_WRITEPROTECTION_ENABLE(hrtc);
1300:Drivers/STM32F4xx_HAL_Driver/Src/stm32f4xx_hal_rtc.c **** 
1301:Drivers/STM32F4xx_HAL_Driver/Src/stm32f4xx_hal_rtc.c ****         hrtc->State = HAL_RTC_STATE_TIMEOUT;
1302:Drivers/STM32F4xx_HAL_Driver/Src/stm32f4xx_hal_rtc.c **** 
ARM GAS  /tmp/ccXZyIjC.s 			page 25


1303:Drivers/STM32F4xx_HAL_Driver/Src/stm32f4xx_hal_rtc.c ****         /* Process Unlocked */
1304:Drivers/STM32F4xx_HAL_Driver/Src/stm32f4xx_hal_rtc.c ****         __HAL_UNLOCK(hrtc);
1305:Drivers/STM32F4xx_HAL_Driver/Src/stm32f4xx_hal_rtc.c **** 
1306:Drivers/STM32F4xx_HAL_Driver/Src/stm32f4xx_hal_rtc.c ****         return HAL_TIMEOUT;
1307:Drivers/STM32F4xx_HAL_Driver/Src/stm32f4xx_hal_rtc.c ****       }
1308:Drivers/STM32F4xx_HAL_Driver/Src/stm32f4xx_hal_rtc.c ****     } while (__HAL_RTC_ALARM_GET_FLAG(hrtc, RTC_FLAG_ALRAWF) == 0U);
1309:Drivers/STM32F4xx_HAL_Driver/Src/stm32f4xx_hal_rtc.c **** 
1310:Drivers/STM32F4xx_HAL_Driver/Src/stm32f4xx_hal_rtc.c ****     hrtc->Instance->ALRMAR = (uint32_t)tmpreg;
1311:Drivers/STM32F4xx_HAL_Driver/Src/stm32f4xx_hal_rtc.c ****     /* Configure the Alarm A Subseconds register */
1312:Drivers/STM32F4xx_HAL_Driver/Src/stm32f4xx_hal_rtc.c ****     hrtc->Instance->ALRMASSR = subsecondtmpreg;
1313:Drivers/STM32F4xx_HAL_Driver/Src/stm32f4xx_hal_rtc.c ****     /* Configure the Alarm state: Enable Alarm */
1314:Drivers/STM32F4xx_HAL_Driver/Src/stm32f4xx_hal_rtc.c ****     __HAL_RTC_ALARMA_ENABLE(hrtc);
1315:Drivers/STM32F4xx_HAL_Driver/Src/stm32f4xx_hal_rtc.c ****     /* Configure the Alarm interrupt */
1316:Drivers/STM32F4xx_HAL_Driver/Src/stm32f4xx_hal_rtc.c ****     __HAL_RTC_ALARM_ENABLE_IT(hrtc, RTC_IT_ALRA);
1317:Drivers/STM32F4xx_HAL_Driver/Src/stm32f4xx_hal_rtc.c ****   }
1318:Drivers/STM32F4xx_HAL_Driver/Src/stm32f4xx_hal_rtc.c ****   else
1319:Drivers/STM32F4xx_HAL_Driver/Src/stm32f4xx_hal_rtc.c ****   {
1320:Drivers/STM32F4xx_HAL_Driver/Src/stm32f4xx_hal_rtc.c ****     /* Disable the Alarm B */
1321:Drivers/STM32F4xx_HAL_Driver/Src/stm32f4xx_hal_rtc.c ****     __HAL_RTC_ALARMB_DISABLE(hrtc);
1322:Drivers/STM32F4xx_HAL_Driver/Src/stm32f4xx_hal_rtc.c **** 
1323:Drivers/STM32F4xx_HAL_Driver/Src/stm32f4xx_hal_rtc.c ****     /* Clear the Alarm flag */
1324:Drivers/STM32F4xx_HAL_Driver/Src/stm32f4xx_hal_rtc.c ****     __HAL_RTC_ALARM_CLEAR_FLAG(hrtc, RTC_FLAG_ALRBF);
1325:Drivers/STM32F4xx_HAL_Driver/Src/stm32f4xx_hal_rtc.c **** 
1326:Drivers/STM32F4xx_HAL_Driver/Src/stm32f4xx_hal_rtc.c ****     /* Reload the counter */
1327:Drivers/STM32F4xx_HAL_Driver/Src/stm32f4xx_hal_rtc.c ****     count = RTC_TIMEOUT_VALUE * (SystemCoreClock / 32U / 1000U);
1328:Drivers/STM32F4xx_HAL_Driver/Src/stm32f4xx_hal_rtc.c **** 
1329:Drivers/STM32F4xx_HAL_Driver/Src/stm32f4xx_hal_rtc.c ****     /* Wait till RTC ALRBWF flag is set and if timeout is reached exit */
1330:Drivers/STM32F4xx_HAL_Driver/Src/stm32f4xx_hal_rtc.c ****     do
1331:Drivers/STM32F4xx_HAL_Driver/Src/stm32f4xx_hal_rtc.c ****     {
1332:Drivers/STM32F4xx_HAL_Driver/Src/stm32f4xx_hal_rtc.c ****       if (count-- == 0U)
1333:Drivers/STM32F4xx_HAL_Driver/Src/stm32f4xx_hal_rtc.c ****       {
1334:Drivers/STM32F4xx_HAL_Driver/Src/stm32f4xx_hal_rtc.c ****         /* Enable the write protection for RTC registers */
1335:Drivers/STM32F4xx_HAL_Driver/Src/stm32f4xx_hal_rtc.c ****         __HAL_RTC_WRITEPROTECTION_ENABLE(hrtc);
1336:Drivers/STM32F4xx_HAL_Driver/Src/stm32f4xx_hal_rtc.c **** 
1337:Drivers/STM32F4xx_HAL_Driver/Src/stm32f4xx_hal_rtc.c ****         hrtc->State = HAL_RTC_STATE_TIMEOUT;
1338:Drivers/STM32F4xx_HAL_Driver/Src/stm32f4xx_hal_rtc.c **** 
1339:Drivers/STM32F4xx_HAL_Driver/Src/stm32f4xx_hal_rtc.c ****         /* Process Unlocked */
1340:Drivers/STM32F4xx_HAL_Driver/Src/stm32f4xx_hal_rtc.c ****         __HAL_UNLOCK(hrtc);
1341:Drivers/STM32F4xx_HAL_Driver/Src/stm32f4xx_hal_rtc.c **** 
1342:Drivers/STM32F4xx_HAL_Driver/Src/stm32f4xx_hal_rtc.c ****         return HAL_TIMEOUT;
1343:Drivers/STM32F4xx_HAL_Driver/Src/stm32f4xx_hal_rtc.c ****       }
1344:Drivers/STM32F4xx_HAL_Driver/Src/stm32f4xx_hal_rtc.c ****     } while (__HAL_RTC_ALARM_GET_FLAG(hrtc, RTC_FLAG_ALRBWF) == 0U);
1345:Drivers/STM32F4xx_HAL_Driver/Src/stm32f4xx_hal_rtc.c **** 
1346:Drivers/STM32F4xx_HAL_Driver/Src/stm32f4xx_hal_rtc.c ****     hrtc->Instance->ALRMBR = (uint32_t)tmpreg;
1347:Drivers/STM32F4xx_HAL_Driver/Src/stm32f4xx_hal_rtc.c ****     /* Configure the Alarm B Subseconds register */
1348:Drivers/STM32F4xx_HAL_Driver/Src/stm32f4xx_hal_rtc.c ****     hrtc->Instance->ALRMBSSR = subsecondtmpreg;
1349:Drivers/STM32F4xx_HAL_Driver/Src/stm32f4xx_hal_rtc.c ****     /* Configure the Alarm state: Enable Alarm */
1350:Drivers/STM32F4xx_HAL_Driver/Src/stm32f4xx_hal_rtc.c ****     __HAL_RTC_ALARMB_ENABLE(hrtc);
1351:Drivers/STM32F4xx_HAL_Driver/Src/stm32f4xx_hal_rtc.c ****     /* Configure the Alarm interrupt */
1352:Drivers/STM32F4xx_HAL_Driver/Src/stm32f4xx_hal_rtc.c ****     __HAL_RTC_ALARM_ENABLE_IT(hrtc, RTC_IT_ALRB);
1353:Drivers/STM32F4xx_HAL_Driver/Src/stm32f4xx_hal_rtc.c ****   }
1354:Drivers/STM32F4xx_HAL_Driver/Src/stm32f4xx_hal_rtc.c **** 
1355:Drivers/STM32F4xx_HAL_Driver/Src/stm32f4xx_hal_rtc.c ****   /* RTC Alarm Interrupt Configuration: EXTI configuration */
1356:Drivers/STM32F4xx_HAL_Driver/Src/stm32f4xx_hal_rtc.c ****   __HAL_RTC_ALARM_EXTI_ENABLE_IT();
1357:Drivers/STM32F4xx_HAL_Driver/Src/stm32f4xx_hal_rtc.c ****   __HAL_RTC_ALARM_EXTI_ENABLE_RISING_EDGE();
1358:Drivers/STM32F4xx_HAL_Driver/Src/stm32f4xx_hal_rtc.c **** 
1359:Drivers/STM32F4xx_HAL_Driver/Src/stm32f4xx_hal_rtc.c ****   /* Enable the write protection for RTC registers */
ARM GAS  /tmp/ccXZyIjC.s 			page 26


1360:Drivers/STM32F4xx_HAL_Driver/Src/stm32f4xx_hal_rtc.c ****   __HAL_RTC_WRITEPROTECTION_ENABLE(hrtc);
1361:Drivers/STM32F4xx_HAL_Driver/Src/stm32f4xx_hal_rtc.c **** 
1362:Drivers/STM32F4xx_HAL_Driver/Src/stm32f4xx_hal_rtc.c ****   /* Change RTC state back to READY */
1363:Drivers/STM32F4xx_HAL_Driver/Src/stm32f4xx_hal_rtc.c ****   hrtc->State = HAL_RTC_STATE_READY;
1364:Drivers/STM32F4xx_HAL_Driver/Src/stm32f4xx_hal_rtc.c **** 
1365:Drivers/STM32F4xx_HAL_Driver/Src/stm32f4xx_hal_rtc.c ****   /* Process Unlocked */
1366:Drivers/STM32F4xx_HAL_Driver/Src/stm32f4xx_hal_rtc.c ****   __HAL_UNLOCK(hrtc);
1367:Drivers/STM32F4xx_HAL_Driver/Src/stm32f4xx_hal_rtc.c **** 
1368:Drivers/STM32F4xx_HAL_Driver/Src/stm32f4xx_hal_rtc.c ****   return HAL_OK;
1369:Drivers/STM32F4xx_HAL_Driver/Src/stm32f4xx_hal_rtc.c **** }
1370:Drivers/STM32F4xx_HAL_Driver/Src/stm32f4xx_hal_rtc.c **** 
1371:Drivers/STM32F4xx_HAL_Driver/Src/stm32f4xx_hal_rtc.c **** /**
1372:Drivers/STM32F4xx_HAL_Driver/Src/stm32f4xx_hal_rtc.c ****   * @brief  Deactivates the specified RTC Alarm.
1373:Drivers/STM32F4xx_HAL_Driver/Src/stm32f4xx_hal_rtc.c ****   * @param  hrtc pointer to a RTC_HandleTypeDef structure that contains
1374:Drivers/STM32F4xx_HAL_Driver/Src/stm32f4xx_hal_rtc.c ****   *                the configuration information for RTC.
1375:Drivers/STM32F4xx_HAL_Driver/Src/stm32f4xx_hal_rtc.c ****   * @param  Alarm Specifies the Alarm.
1376:Drivers/STM32F4xx_HAL_Driver/Src/stm32f4xx_hal_rtc.c ****   *          This parameter can be one of the following values:
1377:Drivers/STM32F4xx_HAL_Driver/Src/stm32f4xx_hal_rtc.c ****   *            @arg RTC_ALARM_A: Alarm A
1378:Drivers/STM32F4xx_HAL_Driver/Src/stm32f4xx_hal_rtc.c ****   *            @arg RTC_ALARM_B: Alarm B
1379:Drivers/STM32F4xx_HAL_Driver/Src/stm32f4xx_hal_rtc.c ****   * @retval HAL status
1380:Drivers/STM32F4xx_HAL_Driver/Src/stm32f4xx_hal_rtc.c ****   */
1381:Drivers/STM32F4xx_HAL_Driver/Src/stm32f4xx_hal_rtc.c **** HAL_StatusTypeDef HAL_RTC_DeactivateAlarm(RTC_HandleTypeDef *hrtc, uint32_t Alarm)
1382:Drivers/STM32F4xx_HAL_Driver/Src/stm32f4xx_hal_rtc.c **** {
  72              		.loc 1 1382 1 is_stmt 1 view -0
  73              		.cfi_startproc
  74              		@ args = 0, pretend = 0, frame = 0
  75              		@ frame_needed = 0, uses_anonymous_args = 0
  76              		.loc 1 1382 1 is_stmt 0 view .LVU7
  77 0000 38B5     		push	{r3, r4, r5, lr}
  78              	.LCFI0:
  79              		.cfi_def_cfa_offset 16
  80              		.cfi_offset 3, -16
  81              		.cfi_offset 4, -12
  82              		.cfi_offset 5, -8
  83              		.cfi_offset 14, -4
1383:Drivers/STM32F4xx_HAL_Driver/Src/stm32f4xx_hal_rtc.c ****   uint32_t tickstart = 0U;
  84              		.loc 1 1383 3 is_stmt 1 view .LVU8
  85              	.LVL3:
1384:Drivers/STM32F4xx_HAL_Driver/Src/stm32f4xx_hal_rtc.c **** 
1385:Drivers/STM32F4xx_HAL_Driver/Src/stm32f4xx_hal_rtc.c ****   /* Check the parameters */
1386:Drivers/STM32F4xx_HAL_Driver/Src/stm32f4xx_hal_rtc.c ****   assert_param(IS_RTC_ALARM(Alarm));
  86              		.loc 1 1386 3 view .LVU9
1387:Drivers/STM32F4xx_HAL_Driver/Src/stm32f4xx_hal_rtc.c **** 
1388:Drivers/STM32F4xx_HAL_Driver/Src/stm32f4xx_hal_rtc.c ****   /* Process Locked */
1389:Drivers/STM32F4xx_HAL_Driver/Src/stm32f4xx_hal_rtc.c ****   __HAL_LOCK(hrtc);
  87              		.loc 1 1389 3 view .LVU10
  88              		.loc 1 1389 3 view .LVU11
  89 0002 037F     		ldrb	r3, [r0, #28]	@ zero_extendqisi2
  90 0004 012B     		cmp	r3, #1
  91 0006 55D0     		beq	.L11
  92 0008 0446     		mov	r4, r0
  93              		.loc 1 1389 3 discriminator 2 view .LVU12
  94 000a 0123     		movs	r3, #1
  95 000c 0377     		strb	r3, [r0, #28]
  96              		.loc 1 1389 3 view .LVU13
1390:Drivers/STM32F4xx_HAL_Driver/Src/stm32f4xx_hal_rtc.c **** 
1391:Drivers/STM32F4xx_HAL_Driver/Src/stm32f4xx_hal_rtc.c ****   hrtc->State = HAL_RTC_STATE_BUSY;
ARM GAS  /tmp/ccXZyIjC.s 			page 27


  97              		.loc 1 1391 3 view .LVU14
  98              		.loc 1 1391 15 is_stmt 0 view .LVU15
  99 000e 0223     		movs	r3, #2
 100 0010 4377     		strb	r3, [r0, #29]
1392:Drivers/STM32F4xx_HAL_Driver/Src/stm32f4xx_hal_rtc.c **** 
1393:Drivers/STM32F4xx_HAL_Driver/Src/stm32f4xx_hal_rtc.c ****   /* Disable the write protection for RTC registers */
1394:Drivers/STM32F4xx_HAL_Driver/Src/stm32f4xx_hal_rtc.c ****   __HAL_RTC_WRITEPROTECTION_DISABLE(hrtc);
 101              		.loc 1 1394 3 is_stmt 1 view .LVU16
 102              		.loc 1 1394 3 view .LVU17
 103 0012 0368     		ldr	r3, [r0]
 104 0014 CA22     		movs	r2, #202
 105 0016 5A62     		str	r2, [r3, #36]
 106              		.loc 1 1394 3 view .LVU18
 107 0018 0368     		ldr	r3, [r0]
 108 001a 5322     		movs	r2, #83
 109 001c 5A62     		str	r2, [r3, #36]
 110              		.loc 1 1394 3 view .LVU19
1395:Drivers/STM32F4xx_HAL_Driver/Src/stm32f4xx_hal_rtc.c **** 
1396:Drivers/STM32F4xx_HAL_Driver/Src/stm32f4xx_hal_rtc.c ****   if (Alarm == RTC_ALARM_A)
 111              		.loc 1 1396 3 view .LVU20
 112              		.loc 1 1396 6 is_stmt 0 view .LVU21
 113 001e B1F5807F 		cmp	r1, #256
 114 0022 1FD0     		beq	.L13
1397:Drivers/STM32F4xx_HAL_Driver/Src/stm32f4xx_hal_rtc.c ****   {
1398:Drivers/STM32F4xx_HAL_Driver/Src/stm32f4xx_hal_rtc.c ****     /* Disable Alarm A */
1399:Drivers/STM32F4xx_HAL_Driver/Src/stm32f4xx_hal_rtc.c ****     __HAL_RTC_ALARMA_DISABLE(hrtc);
1400:Drivers/STM32F4xx_HAL_Driver/Src/stm32f4xx_hal_rtc.c **** 
1401:Drivers/STM32F4xx_HAL_Driver/Src/stm32f4xx_hal_rtc.c ****     /* In case interrupt mode is used, the interrupt source must be disabled */
1402:Drivers/STM32F4xx_HAL_Driver/Src/stm32f4xx_hal_rtc.c ****     __HAL_RTC_ALARM_DISABLE_IT(hrtc, RTC_IT_ALRA);
1403:Drivers/STM32F4xx_HAL_Driver/Src/stm32f4xx_hal_rtc.c **** 
1404:Drivers/STM32F4xx_HAL_Driver/Src/stm32f4xx_hal_rtc.c ****     /* Get tick */
1405:Drivers/STM32F4xx_HAL_Driver/Src/stm32f4xx_hal_rtc.c ****     tickstart = HAL_GetTick();
1406:Drivers/STM32F4xx_HAL_Driver/Src/stm32f4xx_hal_rtc.c **** 
1407:Drivers/STM32F4xx_HAL_Driver/Src/stm32f4xx_hal_rtc.c ****     /* Wait till RTC ALRxWF flag is set and if timeout is reached exit */
1408:Drivers/STM32F4xx_HAL_Driver/Src/stm32f4xx_hal_rtc.c ****     while (__HAL_RTC_ALARM_GET_FLAG(hrtc, RTC_FLAG_ALRAWF) == 0U)
1409:Drivers/STM32F4xx_HAL_Driver/Src/stm32f4xx_hal_rtc.c ****     {
1410:Drivers/STM32F4xx_HAL_Driver/Src/stm32f4xx_hal_rtc.c ****       if ((HAL_GetTick() - tickstart) > RTC_TIMEOUT_VALUE)
1411:Drivers/STM32F4xx_HAL_Driver/Src/stm32f4xx_hal_rtc.c ****       {
1412:Drivers/STM32F4xx_HAL_Driver/Src/stm32f4xx_hal_rtc.c ****         /* Enable the write protection for RTC registers */
1413:Drivers/STM32F4xx_HAL_Driver/Src/stm32f4xx_hal_rtc.c ****         __HAL_RTC_WRITEPROTECTION_ENABLE(hrtc);
1414:Drivers/STM32F4xx_HAL_Driver/Src/stm32f4xx_hal_rtc.c **** 
1415:Drivers/STM32F4xx_HAL_Driver/Src/stm32f4xx_hal_rtc.c ****         hrtc->State = HAL_RTC_STATE_TIMEOUT;
1416:Drivers/STM32F4xx_HAL_Driver/Src/stm32f4xx_hal_rtc.c **** 
1417:Drivers/STM32F4xx_HAL_Driver/Src/stm32f4xx_hal_rtc.c ****         /* Process Unlocked */
1418:Drivers/STM32F4xx_HAL_Driver/Src/stm32f4xx_hal_rtc.c ****         __HAL_UNLOCK(hrtc);
1419:Drivers/STM32F4xx_HAL_Driver/Src/stm32f4xx_hal_rtc.c **** 
1420:Drivers/STM32F4xx_HAL_Driver/Src/stm32f4xx_hal_rtc.c ****         return HAL_TIMEOUT;
1421:Drivers/STM32F4xx_HAL_Driver/Src/stm32f4xx_hal_rtc.c ****       }
1422:Drivers/STM32F4xx_HAL_Driver/Src/stm32f4xx_hal_rtc.c ****     }
1423:Drivers/STM32F4xx_HAL_Driver/Src/stm32f4xx_hal_rtc.c ****   }
1424:Drivers/STM32F4xx_HAL_Driver/Src/stm32f4xx_hal_rtc.c ****   else
1425:Drivers/STM32F4xx_HAL_Driver/Src/stm32f4xx_hal_rtc.c ****   {
1426:Drivers/STM32F4xx_HAL_Driver/Src/stm32f4xx_hal_rtc.c ****     /* Disable Alarm B */
1427:Drivers/STM32F4xx_HAL_Driver/Src/stm32f4xx_hal_rtc.c ****     __HAL_RTC_ALARMB_DISABLE(hrtc);
 115              		.loc 1 1427 5 is_stmt 1 view .LVU22
 116 0024 0268     		ldr	r2, [r0]
 117 0026 9368     		ldr	r3, [r2, #8]
ARM GAS  /tmp/ccXZyIjC.s 			page 28


 118 0028 23F40073 		bic	r3, r3, #512
 119 002c 9360     		str	r3, [r2, #8]
1428:Drivers/STM32F4xx_HAL_Driver/Src/stm32f4xx_hal_rtc.c **** 
1429:Drivers/STM32F4xx_HAL_Driver/Src/stm32f4xx_hal_rtc.c ****     /* In case interrupt mode is used, the interrupt source must be disabled */
1430:Drivers/STM32F4xx_HAL_Driver/Src/stm32f4xx_hal_rtc.c ****     __HAL_RTC_ALARM_DISABLE_IT(hrtc, RTC_IT_ALRB);
 120              		.loc 1 1430 5 view .LVU23
 121 002e 0268     		ldr	r2, [r0]
 122 0030 9368     		ldr	r3, [r2, #8]
 123 0032 23F40053 		bic	r3, r3, #8192
 124 0036 9360     		str	r3, [r2, #8]
1431:Drivers/STM32F4xx_HAL_Driver/Src/stm32f4xx_hal_rtc.c **** 
1432:Drivers/STM32F4xx_HAL_Driver/Src/stm32f4xx_hal_rtc.c ****     /* Get tick */
1433:Drivers/STM32F4xx_HAL_Driver/Src/stm32f4xx_hal_rtc.c ****     tickstart = HAL_GetTick();
 125              		.loc 1 1433 5 view .LVU24
 126              		.loc 1 1433 17 is_stmt 0 view .LVU25
 127 0038 FFF7FEFF 		bl	HAL_GetTick
 128              	.LVL4:
 129              		.loc 1 1433 17 view .LVU26
 130 003c 0546     		mov	r5, r0
 131              	.LVL5:
1434:Drivers/STM32F4xx_HAL_Driver/Src/stm32f4xx_hal_rtc.c **** 
1435:Drivers/STM32F4xx_HAL_Driver/Src/stm32f4xx_hal_rtc.c ****     /* Wait till RTC ALRxWF flag is set and if timeout is reached exit */
1436:Drivers/STM32F4xx_HAL_Driver/Src/stm32f4xx_hal_rtc.c ****     while (__HAL_RTC_ALARM_GET_FLAG(hrtc, RTC_FLAG_ALRBWF) == 0U)
 132              		.loc 1 1436 5 is_stmt 1 view .LVU27
 133              	.L9:
 134              		.loc 1 1436 60 view .LVU28
 135              		.loc 1 1436 12 is_stmt 0 view .LVU29
 136 003e 2368     		ldr	r3, [r4]
 137 0040 DB68     		ldr	r3, [r3, #12]
 138              		.loc 1 1436 60 view .LVU30
 139 0042 13F0020F 		tst	r3, #2
 140 0046 2DD1     		bne	.L8
1437:Drivers/STM32F4xx_HAL_Driver/Src/stm32f4xx_hal_rtc.c ****     {
1438:Drivers/STM32F4xx_HAL_Driver/Src/stm32f4xx_hal_rtc.c ****       if ((HAL_GetTick() - tickstart) > RTC_TIMEOUT_VALUE)
 141              		.loc 1 1438 7 is_stmt 1 view .LVU31
 142              		.loc 1 1438 12 is_stmt 0 view .LVU32
 143 0048 FFF7FEFF 		bl	HAL_GetTick
 144              	.LVL6:
 145              		.loc 1 1438 26 discriminator 1 view .LVU33
 146 004c 431B     		subs	r3, r0, r5
 147              		.loc 1 1438 10 discriminator 1 view .LVU34
 148 004e B3F57A7F 		cmp	r3, #1000
 149 0052 F4D9     		bls	.L9
1439:Drivers/STM32F4xx_HAL_Driver/Src/stm32f4xx_hal_rtc.c ****       {
1440:Drivers/STM32F4xx_HAL_Driver/Src/stm32f4xx_hal_rtc.c ****         /* Enable the write protection for RTC registers */
1441:Drivers/STM32F4xx_HAL_Driver/Src/stm32f4xx_hal_rtc.c ****         __HAL_RTC_WRITEPROTECTION_ENABLE(hrtc);
 150              		.loc 1 1441 9 is_stmt 1 view .LVU35
 151              		.loc 1 1441 9 view .LVU36
 152 0054 2368     		ldr	r3, [r4]
 153 0056 FF22     		movs	r2, #255
 154 0058 5A62     		str	r2, [r3, #36]
 155              		.loc 1 1441 9 view .LVU37
1442:Drivers/STM32F4xx_HAL_Driver/Src/stm32f4xx_hal_rtc.c **** 
1443:Drivers/STM32F4xx_HAL_Driver/Src/stm32f4xx_hal_rtc.c ****         hrtc->State = HAL_RTC_STATE_TIMEOUT;
 156              		.loc 1 1443 9 view .LVU38
 157              		.loc 1 1443 21 is_stmt 0 view .LVU39
 158 005a 0320     		movs	r0, #3
ARM GAS  /tmp/ccXZyIjC.s 			page 29


 159 005c 6077     		strb	r0, [r4, #29]
1444:Drivers/STM32F4xx_HAL_Driver/Src/stm32f4xx_hal_rtc.c **** 
1445:Drivers/STM32F4xx_HAL_Driver/Src/stm32f4xx_hal_rtc.c ****         /* Process Unlocked */
1446:Drivers/STM32F4xx_HAL_Driver/Src/stm32f4xx_hal_rtc.c ****         __HAL_UNLOCK(hrtc);
 160              		.loc 1 1446 9 is_stmt 1 view .LVU40
 161              		.loc 1 1446 9 view .LVU41
 162 005e 0023     		movs	r3, #0
 163 0060 2377     		strb	r3, [r4, #28]
 164              		.loc 1 1446 9 view .LVU42
1447:Drivers/STM32F4xx_HAL_Driver/Src/stm32f4xx_hal_rtc.c **** 
1448:Drivers/STM32F4xx_HAL_Driver/Src/stm32f4xx_hal_rtc.c ****         return HAL_TIMEOUT;
 165              		.loc 1 1448 9 view .LVU43
 166              		.loc 1 1448 16 is_stmt 0 view .LVU44
 167 0062 26E0     		b	.L4
 168              	.LVL7:
 169              	.L13:
1399:Drivers/STM32F4xx_HAL_Driver/Src/stm32f4xx_hal_rtc.c **** 
 170              		.loc 1 1399 5 is_stmt 1 view .LVU45
 171 0064 0268     		ldr	r2, [r0]
 172 0066 9368     		ldr	r3, [r2, #8]
 173 0068 23F48073 		bic	r3, r3, #256
 174 006c 9360     		str	r3, [r2, #8]
1402:Drivers/STM32F4xx_HAL_Driver/Src/stm32f4xx_hal_rtc.c **** 
 175              		.loc 1 1402 5 view .LVU46
 176 006e 0268     		ldr	r2, [r0]
 177 0070 9368     		ldr	r3, [r2, #8]
 178 0072 23F48053 		bic	r3, r3, #4096
 179 0076 9360     		str	r3, [r2, #8]
1405:Drivers/STM32F4xx_HAL_Driver/Src/stm32f4xx_hal_rtc.c **** 
 180              		.loc 1 1405 5 view .LVU47
1405:Drivers/STM32F4xx_HAL_Driver/Src/stm32f4xx_hal_rtc.c **** 
 181              		.loc 1 1405 17 is_stmt 0 view .LVU48
 182 0078 FFF7FEFF 		bl	HAL_GetTick
 183              	.LVL8:
1405:Drivers/STM32F4xx_HAL_Driver/Src/stm32f4xx_hal_rtc.c **** 
 184              		.loc 1 1405 17 view .LVU49
 185 007c 0546     		mov	r5, r0
 186              	.LVL9:
1408:Drivers/STM32F4xx_HAL_Driver/Src/stm32f4xx_hal_rtc.c ****     {
 187              		.loc 1 1408 5 is_stmt 1 view .LVU50
 188              	.L6:
1408:Drivers/STM32F4xx_HAL_Driver/Src/stm32f4xx_hal_rtc.c ****     {
 189              		.loc 1 1408 60 view .LVU51
1408:Drivers/STM32F4xx_HAL_Driver/Src/stm32f4xx_hal_rtc.c ****     {
 190              		.loc 1 1408 12 is_stmt 0 view .LVU52
 191 007e 2368     		ldr	r3, [r4]
 192 0080 DB68     		ldr	r3, [r3, #12]
1408:Drivers/STM32F4xx_HAL_Driver/Src/stm32f4xx_hal_rtc.c ****     {
 193              		.loc 1 1408 60 view .LVU53
 194 0082 13F0010F 		tst	r3, #1
 195 0086 0DD1     		bne	.L8
1410:Drivers/STM32F4xx_HAL_Driver/Src/stm32f4xx_hal_rtc.c ****       {
 196              		.loc 1 1410 7 is_stmt 1 view .LVU54
1410:Drivers/STM32F4xx_HAL_Driver/Src/stm32f4xx_hal_rtc.c ****       {
 197              		.loc 1 1410 12 is_stmt 0 view .LVU55
 198 0088 FFF7FEFF 		bl	HAL_GetTick
 199              	.LVL10:
ARM GAS  /tmp/ccXZyIjC.s 			page 30


1410:Drivers/STM32F4xx_HAL_Driver/Src/stm32f4xx_hal_rtc.c ****       {
 200              		.loc 1 1410 26 discriminator 1 view .LVU56
 201 008c 401B     		subs	r0, r0, r5
1410:Drivers/STM32F4xx_HAL_Driver/Src/stm32f4xx_hal_rtc.c ****       {
 202              		.loc 1 1410 10 discriminator 1 view .LVU57
 203 008e B0F57A7F 		cmp	r0, #1000
 204 0092 F4D9     		bls	.L6
1413:Drivers/STM32F4xx_HAL_Driver/Src/stm32f4xx_hal_rtc.c **** 
 205              		.loc 1 1413 9 is_stmt 1 view .LVU58
1413:Drivers/STM32F4xx_HAL_Driver/Src/stm32f4xx_hal_rtc.c **** 
 206              		.loc 1 1413 9 view .LVU59
 207 0094 2368     		ldr	r3, [r4]
 208 0096 FF22     		movs	r2, #255
 209 0098 5A62     		str	r2, [r3, #36]
1413:Drivers/STM32F4xx_HAL_Driver/Src/stm32f4xx_hal_rtc.c **** 
 210              		.loc 1 1413 9 view .LVU60
1415:Drivers/STM32F4xx_HAL_Driver/Src/stm32f4xx_hal_rtc.c **** 
 211              		.loc 1 1415 9 view .LVU61
1415:Drivers/STM32F4xx_HAL_Driver/Src/stm32f4xx_hal_rtc.c **** 
 212              		.loc 1 1415 21 is_stmt 0 view .LVU62
 213 009a 0320     		movs	r0, #3
 214 009c 6077     		strb	r0, [r4, #29]
1418:Drivers/STM32F4xx_HAL_Driver/Src/stm32f4xx_hal_rtc.c **** 
 215              		.loc 1 1418 9 is_stmt 1 view .LVU63
1418:Drivers/STM32F4xx_HAL_Driver/Src/stm32f4xx_hal_rtc.c **** 
 216              		.loc 1 1418 9 view .LVU64
 217 009e 0023     		movs	r3, #0
 218 00a0 2377     		strb	r3, [r4, #28]
1418:Drivers/STM32F4xx_HAL_Driver/Src/stm32f4xx_hal_rtc.c **** 
 219              		.loc 1 1418 9 view .LVU65
1420:Drivers/STM32F4xx_HAL_Driver/Src/stm32f4xx_hal_rtc.c ****       }
 220              		.loc 1 1420 9 view .LVU66
1420:Drivers/STM32F4xx_HAL_Driver/Src/stm32f4xx_hal_rtc.c ****       }
 221              		.loc 1 1420 16 is_stmt 0 view .LVU67
 222 00a2 06E0     		b	.L4
 223              	.L8:
1449:Drivers/STM32F4xx_HAL_Driver/Src/stm32f4xx_hal_rtc.c ****       }
1450:Drivers/STM32F4xx_HAL_Driver/Src/stm32f4xx_hal_rtc.c ****     }
1451:Drivers/STM32F4xx_HAL_Driver/Src/stm32f4xx_hal_rtc.c ****   }
1452:Drivers/STM32F4xx_HAL_Driver/Src/stm32f4xx_hal_rtc.c **** 
1453:Drivers/STM32F4xx_HAL_Driver/Src/stm32f4xx_hal_rtc.c ****   /* Enable the write protection for RTC registers */
1454:Drivers/STM32F4xx_HAL_Driver/Src/stm32f4xx_hal_rtc.c ****   __HAL_RTC_WRITEPROTECTION_ENABLE(hrtc);
 224              		.loc 1 1454 3 is_stmt 1 view .LVU68
 225              		.loc 1 1454 3 view .LVU69
 226 00a4 2368     		ldr	r3, [r4]
 227 00a6 FF22     		movs	r2, #255
 228 00a8 5A62     		str	r2, [r3, #36]
 229              		.loc 1 1454 3 view .LVU70
1455:Drivers/STM32F4xx_HAL_Driver/Src/stm32f4xx_hal_rtc.c **** 
1456:Drivers/STM32F4xx_HAL_Driver/Src/stm32f4xx_hal_rtc.c ****   hrtc->State = HAL_RTC_STATE_READY;
 230              		.loc 1 1456 3 view .LVU71
 231              		.loc 1 1456 15 is_stmt 0 view .LVU72
 232 00aa 0123     		movs	r3, #1
 233 00ac 6377     		strb	r3, [r4, #29]
1457:Drivers/STM32F4xx_HAL_Driver/Src/stm32f4xx_hal_rtc.c **** 
1458:Drivers/STM32F4xx_HAL_Driver/Src/stm32f4xx_hal_rtc.c ****   /* Process Unlocked */
1459:Drivers/STM32F4xx_HAL_Driver/Src/stm32f4xx_hal_rtc.c ****   __HAL_UNLOCK(hrtc);
ARM GAS  /tmp/ccXZyIjC.s 			page 31


 234              		.loc 1 1459 3 is_stmt 1 view .LVU73
 235              		.loc 1 1459 3 view .LVU74
 236 00ae 0020     		movs	r0, #0
 237 00b0 2077     		strb	r0, [r4, #28]
 238              		.loc 1 1459 3 view .LVU75
1460:Drivers/STM32F4xx_HAL_Driver/Src/stm32f4xx_hal_rtc.c **** 
1461:Drivers/STM32F4xx_HAL_Driver/Src/stm32f4xx_hal_rtc.c ****   return HAL_OK;
 239              		.loc 1 1461 3 view .LVU76
 240              	.LVL11:
 241              	.L4:
1462:Drivers/STM32F4xx_HAL_Driver/Src/stm32f4xx_hal_rtc.c **** }
 242              		.loc 1 1462 1 is_stmt 0 view .LVU77
 243 00b2 38BD     		pop	{r3, r4, r5, pc}
 244              	.LVL12:
 245              	.L11:
1389:Drivers/STM32F4xx_HAL_Driver/Src/stm32f4xx_hal_rtc.c **** 
 246              		.loc 1 1389 3 discriminator 1 view .LVU78
 247 00b4 0220     		movs	r0, #2
 248              	.LVL13:
1389:Drivers/STM32F4xx_HAL_Driver/Src/stm32f4xx_hal_rtc.c **** 
 249              		.loc 1 1389 3 discriminator 1 view .LVU79
 250 00b6 FCE7     		b	.L4
 251              		.cfi_endproc
 252              	.LFE140:
 254              		.section	.text.HAL_RTC_AlarmAEventCallback,"ax",%progbits
 255              		.align	1
 256              		.weak	HAL_RTC_AlarmAEventCallback
 257              		.syntax unified
 258              		.thumb
 259              		.thumb_func
 261              	HAL_RTC_AlarmAEventCallback:
 262              	.LVL14:
 263              	.LFB143:
1463:Drivers/STM32F4xx_HAL_Driver/Src/stm32f4xx_hal_rtc.c **** 
1464:Drivers/STM32F4xx_HAL_Driver/Src/stm32f4xx_hal_rtc.c **** /**
1465:Drivers/STM32F4xx_HAL_Driver/Src/stm32f4xx_hal_rtc.c ****   * @brief  Gets the RTC Alarm value and masks.
1466:Drivers/STM32F4xx_HAL_Driver/Src/stm32f4xx_hal_rtc.c ****   * @param  hrtc pointer to a RTC_HandleTypeDef structure that contains
1467:Drivers/STM32F4xx_HAL_Driver/Src/stm32f4xx_hal_rtc.c ****   *                the configuration information for RTC.
1468:Drivers/STM32F4xx_HAL_Driver/Src/stm32f4xx_hal_rtc.c ****   * @param  sAlarm Pointer to Date structure
1469:Drivers/STM32F4xx_HAL_Driver/Src/stm32f4xx_hal_rtc.c ****   * @param  Alarm Specifies the Alarm.
1470:Drivers/STM32F4xx_HAL_Driver/Src/stm32f4xx_hal_rtc.c ****   *          This parameter can be one of the following values:
1471:Drivers/STM32F4xx_HAL_Driver/Src/stm32f4xx_hal_rtc.c ****   *            @arg RTC_ALARM_A: Alarm A
1472:Drivers/STM32F4xx_HAL_Driver/Src/stm32f4xx_hal_rtc.c ****   *            @arg RTC_ALARM_B: Alarm B
1473:Drivers/STM32F4xx_HAL_Driver/Src/stm32f4xx_hal_rtc.c ****   * @param  Format Specifies the format of the entered parameters.
1474:Drivers/STM32F4xx_HAL_Driver/Src/stm32f4xx_hal_rtc.c ****   *          This parameter can be one of the following values:
1475:Drivers/STM32F4xx_HAL_Driver/Src/stm32f4xx_hal_rtc.c ****   *             @arg RTC_FORMAT_BIN: Binary data format
1476:Drivers/STM32F4xx_HAL_Driver/Src/stm32f4xx_hal_rtc.c ****   *             @arg RTC_FORMAT_BCD: BCD data format
1477:Drivers/STM32F4xx_HAL_Driver/Src/stm32f4xx_hal_rtc.c ****   * @retval HAL status
1478:Drivers/STM32F4xx_HAL_Driver/Src/stm32f4xx_hal_rtc.c ****   */
1479:Drivers/STM32F4xx_HAL_Driver/Src/stm32f4xx_hal_rtc.c **** HAL_StatusTypeDef HAL_RTC_GetAlarm(RTC_HandleTypeDef *hrtc, RTC_AlarmTypeDef *sAlarm, uint32_t Alar
1480:Drivers/STM32F4xx_HAL_Driver/Src/stm32f4xx_hal_rtc.c **** {
1481:Drivers/STM32F4xx_HAL_Driver/Src/stm32f4xx_hal_rtc.c ****   uint32_t tmpreg = 0U;
1482:Drivers/STM32F4xx_HAL_Driver/Src/stm32f4xx_hal_rtc.c ****   uint32_t subsecondtmpreg = 0U;
1483:Drivers/STM32F4xx_HAL_Driver/Src/stm32f4xx_hal_rtc.c **** 
1484:Drivers/STM32F4xx_HAL_Driver/Src/stm32f4xx_hal_rtc.c ****   /* Check the parameters */
1485:Drivers/STM32F4xx_HAL_Driver/Src/stm32f4xx_hal_rtc.c ****   assert_param(IS_RTC_FORMAT(Format));
1486:Drivers/STM32F4xx_HAL_Driver/Src/stm32f4xx_hal_rtc.c ****   assert_param(IS_RTC_ALARM(Alarm));
ARM GAS  /tmp/ccXZyIjC.s 			page 32


1487:Drivers/STM32F4xx_HAL_Driver/Src/stm32f4xx_hal_rtc.c **** 
1488:Drivers/STM32F4xx_HAL_Driver/Src/stm32f4xx_hal_rtc.c ****   if (Alarm == RTC_ALARM_A)
1489:Drivers/STM32F4xx_HAL_Driver/Src/stm32f4xx_hal_rtc.c ****   {
1490:Drivers/STM32F4xx_HAL_Driver/Src/stm32f4xx_hal_rtc.c ****     sAlarm->Alarm = RTC_ALARM_A;
1491:Drivers/STM32F4xx_HAL_Driver/Src/stm32f4xx_hal_rtc.c **** 
1492:Drivers/STM32F4xx_HAL_Driver/Src/stm32f4xx_hal_rtc.c ****     tmpreg = (uint32_t)(hrtc->Instance->ALRMAR);
1493:Drivers/STM32F4xx_HAL_Driver/Src/stm32f4xx_hal_rtc.c ****     subsecondtmpreg = (uint32_t)((hrtc->Instance->ALRMASSR) & RTC_ALRMASSR_SS);
1494:Drivers/STM32F4xx_HAL_Driver/Src/stm32f4xx_hal_rtc.c ****   }
1495:Drivers/STM32F4xx_HAL_Driver/Src/stm32f4xx_hal_rtc.c ****   else
1496:Drivers/STM32F4xx_HAL_Driver/Src/stm32f4xx_hal_rtc.c ****   {
1497:Drivers/STM32F4xx_HAL_Driver/Src/stm32f4xx_hal_rtc.c ****     sAlarm->Alarm = RTC_ALARM_B;
1498:Drivers/STM32F4xx_HAL_Driver/Src/stm32f4xx_hal_rtc.c **** 
1499:Drivers/STM32F4xx_HAL_Driver/Src/stm32f4xx_hal_rtc.c ****     tmpreg = (uint32_t)(hrtc->Instance->ALRMBR);
1500:Drivers/STM32F4xx_HAL_Driver/Src/stm32f4xx_hal_rtc.c ****     subsecondtmpreg = (uint32_t)((hrtc->Instance->ALRMBSSR) & RTC_ALRMBSSR_SS);
1501:Drivers/STM32F4xx_HAL_Driver/Src/stm32f4xx_hal_rtc.c ****   }
1502:Drivers/STM32F4xx_HAL_Driver/Src/stm32f4xx_hal_rtc.c **** 
1503:Drivers/STM32F4xx_HAL_Driver/Src/stm32f4xx_hal_rtc.c ****   /* Fill the structure with the read parameters */
1504:Drivers/STM32F4xx_HAL_Driver/Src/stm32f4xx_hal_rtc.c ****   sAlarm->AlarmTime.Hours      = (uint8_t) ((tmpreg & (RTC_ALRMAR_HT  | RTC_ALRMAR_HU))  >> RTC_ALR
1505:Drivers/STM32F4xx_HAL_Driver/Src/stm32f4xx_hal_rtc.c ****   sAlarm->AlarmTime.Minutes    = (uint8_t) ((tmpreg & (RTC_ALRMAR_MNT | RTC_ALRMAR_MNU)) >> RTC_ALR
1506:Drivers/STM32F4xx_HAL_Driver/Src/stm32f4xx_hal_rtc.c ****   sAlarm->AlarmTime.Seconds    = (uint8_t) ( tmpreg & (RTC_ALRMAR_ST  | RTC_ALRMAR_SU));
1507:Drivers/STM32F4xx_HAL_Driver/Src/stm32f4xx_hal_rtc.c ****   sAlarm->AlarmTime.TimeFormat = (uint8_t) ((tmpreg & RTC_ALRMAR_PM)                     >> RTC_TR_
1508:Drivers/STM32F4xx_HAL_Driver/Src/stm32f4xx_hal_rtc.c ****   sAlarm->AlarmTime.SubSeconds = (uint32_t) subsecondtmpreg;
1509:Drivers/STM32F4xx_HAL_Driver/Src/stm32f4xx_hal_rtc.c ****   sAlarm->AlarmDateWeekDay     = (uint8_t) ((tmpreg & (RTC_ALRMAR_DT  | RTC_ALRMAR_DU))  >> RTC_ALR
1510:Drivers/STM32F4xx_HAL_Driver/Src/stm32f4xx_hal_rtc.c ****   sAlarm->AlarmDateWeekDaySel  = (uint32_t) (tmpreg & RTC_ALRMAR_WDSEL);
1511:Drivers/STM32F4xx_HAL_Driver/Src/stm32f4xx_hal_rtc.c ****   sAlarm->AlarmMask            = (uint32_t) (tmpreg & RTC_ALARMMASK_ALL);
1512:Drivers/STM32F4xx_HAL_Driver/Src/stm32f4xx_hal_rtc.c **** 
1513:Drivers/STM32F4xx_HAL_Driver/Src/stm32f4xx_hal_rtc.c ****   if (Format == RTC_FORMAT_BIN)
1514:Drivers/STM32F4xx_HAL_Driver/Src/stm32f4xx_hal_rtc.c ****   {
1515:Drivers/STM32F4xx_HAL_Driver/Src/stm32f4xx_hal_rtc.c ****     sAlarm->AlarmTime.Hours   = RTC_Bcd2ToByte(sAlarm->AlarmTime.Hours);
1516:Drivers/STM32F4xx_HAL_Driver/Src/stm32f4xx_hal_rtc.c ****     sAlarm->AlarmTime.Minutes = RTC_Bcd2ToByte(sAlarm->AlarmTime.Minutes);
1517:Drivers/STM32F4xx_HAL_Driver/Src/stm32f4xx_hal_rtc.c ****     sAlarm->AlarmTime.Seconds = RTC_Bcd2ToByte(sAlarm->AlarmTime.Seconds);
1518:Drivers/STM32F4xx_HAL_Driver/Src/stm32f4xx_hal_rtc.c ****     sAlarm->AlarmDateWeekDay  = RTC_Bcd2ToByte(sAlarm->AlarmDateWeekDay);
1519:Drivers/STM32F4xx_HAL_Driver/Src/stm32f4xx_hal_rtc.c ****   }
1520:Drivers/STM32F4xx_HAL_Driver/Src/stm32f4xx_hal_rtc.c **** 
1521:Drivers/STM32F4xx_HAL_Driver/Src/stm32f4xx_hal_rtc.c ****   return HAL_OK;
1522:Drivers/STM32F4xx_HAL_Driver/Src/stm32f4xx_hal_rtc.c **** }
1523:Drivers/STM32F4xx_HAL_Driver/Src/stm32f4xx_hal_rtc.c **** 
1524:Drivers/STM32F4xx_HAL_Driver/Src/stm32f4xx_hal_rtc.c **** /**
1525:Drivers/STM32F4xx_HAL_Driver/Src/stm32f4xx_hal_rtc.c ****   * @brief  Handles Alarm interrupt request.
1526:Drivers/STM32F4xx_HAL_Driver/Src/stm32f4xx_hal_rtc.c ****   * @param  hrtc pointer to a RTC_HandleTypeDef structure that contains
1527:Drivers/STM32F4xx_HAL_Driver/Src/stm32f4xx_hal_rtc.c ****   *                the configuration information for RTC.
1528:Drivers/STM32F4xx_HAL_Driver/Src/stm32f4xx_hal_rtc.c ****   * @retval None
1529:Drivers/STM32F4xx_HAL_Driver/Src/stm32f4xx_hal_rtc.c ****   */
1530:Drivers/STM32F4xx_HAL_Driver/Src/stm32f4xx_hal_rtc.c **** void HAL_RTC_AlarmIRQHandler(RTC_HandleTypeDef *hrtc)
1531:Drivers/STM32F4xx_HAL_Driver/Src/stm32f4xx_hal_rtc.c **** {
1532:Drivers/STM32F4xx_HAL_Driver/Src/stm32f4xx_hal_rtc.c ****   /* Get the Alarm A interrupt source enable status */
1533:Drivers/STM32F4xx_HAL_Driver/Src/stm32f4xx_hal_rtc.c ****   if (__HAL_RTC_ALARM_GET_IT_SOURCE(hrtc, RTC_IT_ALRA) != 0U)
1534:Drivers/STM32F4xx_HAL_Driver/Src/stm32f4xx_hal_rtc.c ****   {
1535:Drivers/STM32F4xx_HAL_Driver/Src/stm32f4xx_hal_rtc.c ****     /* Get the pending status of the Alarm A Interrupt */
1536:Drivers/STM32F4xx_HAL_Driver/Src/stm32f4xx_hal_rtc.c ****     if (__HAL_RTC_ALARM_GET_FLAG(hrtc, RTC_FLAG_ALRAF) != 0U)
1537:Drivers/STM32F4xx_HAL_Driver/Src/stm32f4xx_hal_rtc.c ****     {
1538:Drivers/STM32F4xx_HAL_Driver/Src/stm32f4xx_hal_rtc.c ****       /* Alarm A callback */
1539:Drivers/STM32F4xx_HAL_Driver/Src/stm32f4xx_hal_rtc.c **** #if (USE_HAL_RTC_REGISTER_CALLBACKS == 1)
1540:Drivers/STM32F4xx_HAL_Driver/Src/stm32f4xx_hal_rtc.c ****       hrtc->AlarmAEventCallback(hrtc);
1541:Drivers/STM32F4xx_HAL_Driver/Src/stm32f4xx_hal_rtc.c **** #else
1542:Drivers/STM32F4xx_HAL_Driver/Src/stm32f4xx_hal_rtc.c ****       HAL_RTC_AlarmAEventCallback(hrtc);
1543:Drivers/STM32F4xx_HAL_Driver/Src/stm32f4xx_hal_rtc.c **** #endif /* USE_HAL_RTC_REGISTER_CALLBACKS */
ARM GAS  /tmp/ccXZyIjC.s 			page 33


1544:Drivers/STM32F4xx_HAL_Driver/Src/stm32f4xx_hal_rtc.c **** 
1545:Drivers/STM32F4xx_HAL_Driver/Src/stm32f4xx_hal_rtc.c ****       /* Clear the Alarm A interrupt pending bit */
1546:Drivers/STM32F4xx_HAL_Driver/Src/stm32f4xx_hal_rtc.c ****       __HAL_RTC_ALARM_CLEAR_FLAG(hrtc, RTC_FLAG_ALRAF);
1547:Drivers/STM32F4xx_HAL_Driver/Src/stm32f4xx_hal_rtc.c ****     }
1548:Drivers/STM32F4xx_HAL_Driver/Src/stm32f4xx_hal_rtc.c ****   }
1549:Drivers/STM32F4xx_HAL_Driver/Src/stm32f4xx_hal_rtc.c **** 
1550:Drivers/STM32F4xx_HAL_Driver/Src/stm32f4xx_hal_rtc.c ****   /* Get the Alarm B interrupt source enable status */
1551:Drivers/STM32F4xx_HAL_Driver/Src/stm32f4xx_hal_rtc.c ****   if (__HAL_RTC_ALARM_GET_IT_SOURCE(hrtc, RTC_IT_ALRB) != 0U)
1552:Drivers/STM32F4xx_HAL_Driver/Src/stm32f4xx_hal_rtc.c ****   {
1553:Drivers/STM32F4xx_HAL_Driver/Src/stm32f4xx_hal_rtc.c ****     /* Get the pending status of the Alarm B Interrupt */
1554:Drivers/STM32F4xx_HAL_Driver/Src/stm32f4xx_hal_rtc.c ****     if (__HAL_RTC_ALARM_GET_FLAG(hrtc, RTC_FLAG_ALRBF) != 0U)
1555:Drivers/STM32F4xx_HAL_Driver/Src/stm32f4xx_hal_rtc.c ****     {
1556:Drivers/STM32F4xx_HAL_Driver/Src/stm32f4xx_hal_rtc.c ****       /* Alarm B callback */
1557:Drivers/STM32F4xx_HAL_Driver/Src/stm32f4xx_hal_rtc.c **** #if (USE_HAL_RTC_REGISTER_CALLBACKS == 1)
1558:Drivers/STM32F4xx_HAL_Driver/Src/stm32f4xx_hal_rtc.c ****       hrtc->AlarmBEventCallback(hrtc);
1559:Drivers/STM32F4xx_HAL_Driver/Src/stm32f4xx_hal_rtc.c **** #else
1560:Drivers/STM32F4xx_HAL_Driver/Src/stm32f4xx_hal_rtc.c ****       HAL_RTCEx_AlarmBEventCallback(hrtc);
1561:Drivers/STM32F4xx_HAL_Driver/Src/stm32f4xx_hal_rtc.c **** #endif /* USE_HAL_RTC_REGISTER_CALLBACKS */
1562:Drivers/STM32F4xx_HAL_Driver/Src/stm32f4xx_hal_rtc.c **** 
1563:Drivers/STM32F4xx_HAL_Driver/Src/stm32f4xx_hal_rtc.c ****       /* Clear the Alarm B interrupt pending bit */
1564:Drivers/STM32F4xx_HAL_Driver/Src/stm32f4xx_hal_rtc.c ****       __HAL_RTC_ALARM_CLEAR_FLAG(hrtc, RTC_FLAG_ALRBF);
1565:Drivers/STM32F4xx_HAL_Driver/Src/stm32f4xx_hal_rtc.c ****     }
1566:Drivers/STM32F4xx_HAL_Driver/Src/stm32f4xx_hal_rtc.c ****   }
1567:Drivers/STM32F4xx_HAL_Driver/Src/stm32f4xx_hal_rtc.c **** 
1568:Drivers/STM32F4xx_HAL_Driver/Src/stm32f4xx_hal_rtc.c ****   /* Clear the EXTI's line Flag for RTC Alarm */
1569:Drivers/STM32F4xx_HAL_Driver/Src/stm32f4xx_hal_rtc.c ****   __HAL_RTC_ALARM_EXTI_CLEAR_FLAG();
1570:Drivers/STM32F4xx_HAL_Driver/Src/stm32f4xx_hal_rtc.c **** 
1571:Drivers/STM32F4xx_HAL_Driver/Src/stm32f4xx_hal_rtc.c ****   /* Change RTC state */
1572:Drivers/STM32F4xx_HAL_Driver/Src/stm32f4xx_hal_rtc.c ****   hrtc->State = HAL_RTC_STATE_READY;
1573:Drivers/STM32F4xx_HAL_Driver/Src/stm32f4xx_hal_rtc.c **** }
1574:Drivers/STM32F4xx_HAL_Driver/Src/stm32f4xx_hal_rtc.c **** 
1575:Drivers/STM32F4xx_HAL_Driver/Src/stm32f4xx_hal_rtc.c **** /**
1576:Drivers/STM32F4xx_HAL_Driver/Src/stm32f4xx_hal_rtc.c ****   * @brief  Alarm A callback.
1577:Drivers/STM32F4xx_HAL_Driver/Src/stm32f4xx_hal_rtc.c ****   * @param  hrtc pointer to a RTC_HandleTypeDef structure that contains
1578:Drivers/STM32F4xx_HAL_Driver/Src/stm32f4xx_hal_rtc.c ****   *                the configuration information for RTC.
1579:Drivers/STM32F4xx_HAL_Driver/Src/stm32f4xx_hal_rtc.c ****   * @retval None
1580:Drivers/STM32F4xx_HAL_Driver/Src/stm32f4xx_hal_rtc.c ****   */
1581:Drivers/STM32F4xx_HAL_Driver/Src/stm32f4xx_hal_rtc.c **** __weak void HAL_RTC_AlarmAEventCallback(RTC_HandleTypeDef *hrtc)
1582:Drivers/STM32F4xx_HAL_Driver/Src/stm32f4xx_hal_rtc.c **** {
 264              		.loc 1 1582 1 is_stmt 1 view -0
 265              		.cfi_startproc
 266              		@ args = 0, pretend = 0, frame = 0
 267              		@ frame_needed = 0, uses_anonymous_args = 0
 268              		@ link register save eliminated.
1583:Drivers/STM32F4xx_HAL_Driver/Src/stm32f4xx_hal_rtc.c ****   /* Prevent unused argument(s) compilation warning */
1584:Drivers/STM32F4xx_HAL_Driver/Src/stm32f4xx_hal_rtc.c ****   UNUSED(hrtc);
 269              		.loc 1 1584 3 view .LVU81
1585:Drivers/STM32F4xx_HAL_Driver/Src/stm32f4xx_hal_rtc.c **** 
1586:Drivers/STM32F4xx_HAL_Driver/Src/stm32f4xx_hal_rtc.c ****   /* NOTE: This function should not be modified, when the callback is needed,
1587:Drivers/STM32F4xx_HAL_Driver/Src/stm32f4xx_hal_rtc.c ****            the HAL_RTC_AlarmAEventCallback could be implemented in the user file
1588:Drivers/STM32F4xx_HAL_Driver/Src/stm32f4xx_hal_rtc.c ****    */
1589:Drivers/STM32F4xx_HAL_Driver/Src/stm32f4xx_hal_rtc.c **** }
 270              		.loc 1 1589 1 is_stmt 0 view .LVU82
 271 0000 7047     		bx	lr
 272              		.cfi_endproc
 273              	.LFE143:
 275              		.section	.text.HAL_RTC_AlarmIRQHandler,"ax",%progbits
ARM GAS  /tmp/ccXZyIjC.s 			page 34


 276              		.align	1
 277              		.global	HAL_RTC_AlarmIRQHandler
 278              		.syntax unified
 279              		.thumb
 280              		.thumb_func
 282              	HAL_RTC_AlarmIRQHandler:
 283              	.LVL15:
 284              	.LFB142:
1531:Drivers/STM32F4xx_HAL_Driver/Src/stm32f4xx_hal_rtc.c ****   /* Get the Alarm A interrupt source enable status */
 285              		.loc 1 1531 1 is_stmt 1 view -0
 286              		.cfi_startproc
 287              		@ args = 0, pretend = 0, frame = 0
 288              		@ frame_needed = 0, uses_anonymous_args = 0
1531:Drivers/STM32F4xx_HAL_Driver/Src/stm32f4xx_hal_rtc.c ****   /* Get the Alarm A interrupt source enable status */
 289              		.loc 1 1531 1 is_stmt 0 view .LVU84
 290 0000 10B5     		push	{r4, lr}
 291              	.LCFI1:
 292              		.cfi_def_cfa_offset 8
 293              		.cfi_offset 4, -8
 294              		.cfi_offset 14, -4
 295 0002 0446     		mov	r4, r0
1533:Drivers/STM32F4xx_HAL_Driver/Src/stm32f4xx_hal_rtc.c ****   {
 296              		.loc 1 1533 3 is_stmt 1 view .LVU85
1533:Drivers/STM32F4xx_HAL_Driver/Src/stm32f4xx_hal_rtc.c ****   {
 297              		.loc 1 1533 7 is_stmt 0 view .LVU86
 298 0004 0368     		ldr	r3, [r0]
 299 0006 9A68     		ldr	r2, [r3, #8]
1533:Drivers/STM32F4xx_HAL_Driver/Src/stm32f4xx_hal_rtc.c ****   {
 300              		.loc 1 1533 6 view .LVU87
 301 0008 12F4805F 		tst	r2, #4096
 302 000c 03D0     		beq	.L16
1536:Drivers/STM32F4xx_HAL_Driver/Src/stm32f4xx_hal_rtc.c ****     {
 303              		.loc 1 1536 5 is_stmt 1 view .LVU88
1536:Drivers/STM32F4xx_HAL_Driver/Src/stm32f4xx_hal_rtc.c ****     {
 304              		.loc 1 1536 9 is_stmt 0 view .LVU89
 305 000e DB68     		ldr	r3, [r3, #12]
1536:Drivers/STM32F4xx_HAL_Driver/Src/stm32f4xx_hal_rtc.c ****     {
 306              		.loc 1 1536 8 view .LVU90
 307 0010 13F4807F 		tst	r3, #256
 308 0014 0FD1     		bne	.L19
 309              	.LVL16:
 310              	.L16:
1551:Drivers/STM32F4xx_HAL_Driver/Src/stm32f4xx_hal_rtc.c ****   {
 311              		.loc 1 1551 3 is_stmt 1 view .LVU91
1551:Drivers/STM32F4xx_HAL_Driver/Src/stm32f4xx_hal_rtc.c ****   {
 312              		.loc 1 1551 7 is_stmt 0 view .LVU92
 313 0016 2368     		ldr	r3, [r4]
 314 0018 9A68     		ldr	r2, [r3, #8]
1551:Drivers/STM32F4xx_HAL_Driver/Src/stm32f4xx_hal_rtc.c ****   {
 315              		.loc 1 1551 6 view .LVU93
 316 001a 12F4005F 		tst	r2, #8192
 317 001e 03D0     		beq	.L17
1554:Drivers/STM32F4xx_HAL_Driver/Src/stm32f4xx_hal_rtc.c ****     {
 318              		.loc 1 1554 5 is_stmt 1 view .LVU94
1554:Drivers/STM32F4xx_HAL_Driver/Src/stm32f4xx_hal_rtc.c ****     {
 319              		.loc 1 1554 9 is_stmt 0 view .LVU95
 320 0020 DB68     		ldr	r3, [r3, #12]
ARM GAS  /tmp/ccXZyIjC.s 			page 35


1554:Drivers/STM32F4xx_HAL_Driver/Src/stm32f4xx_hal_rtc.c ****     {
 321              		.loc 1 1554 8 view .LVU96
 322 0022 13F4007F 		tst	r3, #512
 323 0026 0FD1     		bne	.L20
 324              	.L17:
1569:Drivers/STM32F4xx_HAL_Driver/Src/stm32f4xx_hal_rtc.c **** 
 325              		.loc 1 1569 3 is_stmt 1 view .LVU97
 326 0028 0C4B     		ldr	r3, .L21
 327 002a 4FF40032 		mov	r2, #131072
 328 002e 5A61     		str	r2, [r3, #20]
1572:Drivers/STM32F4xx_HAL_Driver/Src/stm32f4xx_hal_rtc.c **** }
 329              		.loc 1 1572 3 view .LVU98
1572:Drivers/STM32F4xx_HAL_Driver/Src/stm32f4xx_hal_rtc.c **** }
 330              		.loc 1 1572 15 is_stmt 0 view .LVU99
 331 0030 0123     		movs	r3, #1
 332 0032 6377     		strb	r3, [r4, #29]
1573:Drivers/STM32F4xx_HAL_Driver/Src/stm32f4xx_hal_rtc.c **** 
 333              		.loc 1 1573 1 view .LVU100
 334 0034 10BD     		pop	{r4, pc}
 335              	.LVL17:
 336              	.L19:
1542:Drivers/STM32F4xx_HAL_Driver/Src/stm32f4xx_hal_rtc.c **** #endif /* USE_HAL_RTC_REGISTER_CALLBACKS */
 337              		.loc 1 1542 7 is_stmt 1 view .LVU101
 338 0036 FFF7FEFF 		bl	HAL_RTC_AlarmAEventCallback
 339              	.LVL18:
1546:Drivers/STM32F4xx_HAL_Driver/Src/stm32f4xx_hal_rtc.c ****     }
 340              		.loc 1 1546 7 view .LVU102
 341 003a 2268     		ldr	r2, [r4]
 342 003c D368     		ldr	r3, [r2, #12]
 343 003e DBB2     		uxtb	r3, r3
 344 0040 63F4C073 		orn	r3, r3, #384
 345 0044 D360     		str	r3, [r2, #12]
 346 0046 E6E7     		b	.L16
 347              	.L20:
1560:Drivers/STM32F4xx_HAL_Driver/Src/stm32f4xx_hal_rtc.c **** #endif /* USE_HAL_RTC_REGISTER_CALLBACKS */
 348              		.loc 1 1560 7 view .LVU103
 349 0048 2046     		mov	r0, r4
 350 004a FFF7FEFF 		bl	HAL_RTCEx_AlarmBEventCallback
 351              	.LVL19:
1564:Drivers/STM32F4xx_HAL_Driver/Src/stm32f4xx_hal_rtc.c ****     }
 352              		.loc 1 1564 7 view .LVU104
 353 004e 2268     		ldr	r2, [r4]
 354 0050 D368     		ldr	r3, [r2, #12]
 355 0052 DBB2     		uxtb	r3, r3
 356 0054 63F42073 		orn	r3, r3, #640
 357 0058 D360     		str	r3, [r2, #12]
 358 005a E5E7     		b	.L17
 359              	.L22:
 360              		.align	2
 361              	.L21:
 362 005c 003C0140 		.word	1073822720
 363              		.cfi_endproc
 364              	.LFE142:
 366              		.section	.text.HAL_RTC_PollForAlarmAEvent,"ax",%progbits
 367              		.align	1
 368              		.global	HAL_RTC_PollForAlarmAEvent
 369              		.syntax unified
ARM GAS  /tmp/ccXZyIjC.s 			page 36


 370              		.thumb
 371              		.thumb_func
 373              	HAL_RTC_PollForAlarmAEvent:
 374              	.LVL20:
 375              	.LFB144:
1590:Drivers/STM32F4xx_HAL_Driver/Src/stm32f4xx_hal_rtc.c **** 
1591:Drivers/STM32F4xx_HAL_Driver/Src/stm32f4xx_hal_rtc.c **** /**
1592:Drivers/STM32F4xx_HAL_Driver/Src/stm32f4xx_hal_rtc.c ****   * @brief  Handles Alarm A Polling request.
1593:Drivers/STM32F4xx_HAL_Driver/Src/stm32f4xx_hal_rtc.c ****   * @param  hrtc pointer to a RTC_HandleTypeDef structure that contains
1594:Drivers/STM32F4xx_HAL_Driver/Src/stm32f4xx_hal_rtc.c ****   *                the configuration information for RTC.
1595:Drivers/STM32F4xx_HAL_Driver/Src/stm32f4xx_hal_rtc.c ****   * @param  Timeout Timeout duration
1596:Drivers/STM32F4xx_HAL_Driver/Src/stm32f4xx_hal_rtc.c ****   * @retval HAL status
1597:Drivers/STM32F4xx_HAL_Driver/Src/stm32f4xx_hal_rtc.c ****   */
1598:Drivers/STM32F4xx_HAL_Driver/Src/stm32f4xx_hal_rtc.c **** HAL_StatusTypeDef HAL_RTC_PollForAlarmAEvent(RTC_HandleTypeDef *hrtc, uint32_t Timeout)
1599:Drivers/STM32F4xx_HAL_Driver/Src/stm32f4xx_hal_rtc.c **** {
 376              		.loc 1 1599 1 view -0
 377              		.cfi_startproc
 378              		@ args = 0, pretend = 0, frame = 0
 379              		@ frame_needed = 0, uses_anonymous_args = 0
 380              		.loc 1 1599 1 is_stmt 0 view .LVU106
 381 0000 70B5     		push	{r4, r5, r6, lr}
 382              	.LCFI2:
 383              		.cfi_def_cfa_offset 16
 384              		.cfi_offset 4, -16
 385              		.cfi_offset 5, -12
 386              		.cfi_offset 6, -8
 387              		.cfi_offset 14, -4
 388 0002 0446     		mov	r4, r0
 389 0004 0D46     		mov	r5, r1
1600:Drivers/STM32F4xx_HAL_Driver/Src/stm32f4xx_hal_rtc.c ****   uint32_t tickstart = 0U;
 390              		.loc 1 1600 3 is_stmt 1 view .LVU107
 391              	.LVL21:
1601:Drivers/STM32F4xx_HAL_Driver/Src/stm32f4xx_hal_rtc.c **** 
1602:Drivers/STM32F4xx_HAL_Driver/Src/stm32f4xx_hal_rtc.c ****   /* Get tick */
1603:Drivers/STM32F4xx_HAL_Driver/Src/stm32f4xx_hal_rtc.c ****   tickstart = HAL_GetTick();
 392              		.loc 1 1603 3 view .LVU108
 393              		.loc 1 1603 15 is_stmt 0 view .LVU109
 394 0006 FFF7FEFF 		bl	HAL_GetTick
 395              	.LVL22:
 396              		.loc 1 1603 15 view .LVU110
 397 000a 0646     		mov	r6, r0
 398              	.LVL23:
1604:Drivers/STM32F4xx_HAL_Driver/Src/stm32f4xx_hal_rtc.c **** 
1605:Drivers/STM32F4xx_HAL_Driver/Src/stm32f4xx_hal_rtc.c ****   /* Wait till RTC ALRAF flag is set and if timeout is reached exit */
1606:Drivers/STM32F4xx_HAL_Driver/Src/stm32f4xx_hal_rtc.c ****   while (__HAL_RTC_ALARM_GET_FLAG(hrtc, RTC_FLAG_ALRAF) == 0U)
 399              		.loc 1 1606 3 is_stmt 1 view .LVU111
 400              	.L25:
 401              		.loc 1 1606 57 view .LVU112
 402              		.loc 1 1606 10 is_stmt 0 view .LVU113
 403 000c 2368     		ldr	r3, [r4]
 404 000e DA68     		ldr	r2, [r3, #12]
 405              		.loc 1 1606 57 view .LVU114
 406 0010 12F4807F 		tst	r2, #256
 407 0014 0BD1     		bne	.L30
1607:Drivers/STM32F4xx_HAL_Driver/Src/stm32f4xx_hal_rtc.c ****   {
1608:Drivers/STM32F4xx_HAL_Driver/Src/stm32f4xx_hal_rtc.c ****     if (Timeout != HAL_MAX_DELAY)
 408              		.loc 1 1608 5 is_stmt 1 view .LVU115
ARM GAS  /tmp/ccXZyIjC.s 			page 37


 409              		.loc 1 1608 8 is_stmt 0 view .LVU116
 410 0016 B5F1FF3F 		cmp	r5, #-1
 411 001a F7D0     		beq	.L25
1609:Drivers/STM32F4xx_HAL_Driver/Src/stm32f4xx_hal_rtc.c ****     {
1610:Drivers/STM32F4xx_HAL_Driver/Src/stm32f4xx_hal_rtc.c ****       if ((Timeout == 0U) || ((HAL_GetTick() - tickstart) > Timeout))
 412              		.loc 1 1610 7 is_stmt 1 view .LVU117
 413              		.loc 1 1610 10 is_stmt 0 view .LVU118
 414 001c 25B1     		cbz	r5, .L26
 415              		.loc 1 1610 32 discriminator 1 view .LVU119
 416 001e FFF7FEFF 		bl	HAL_GetTick
 417              	.LVL24:
 418              		.loc 1 1610 46 discriminator 1 view .LVU120
 419 0022 801B     		subs	r0, r0, r6
 420              		.loc 1 1610 27 discriminator 1 view .LVU121
 421 0024 A842     		cmp	r0, r5
 422 0026 F1D9     		bls	.L25
 423              	.L26:
1611:Drivers/STM32F4xx_HAL_Driver/Src/stm32f4xx_hal_rtc.c ****       {
1612:Drivers/STM32F4xx_HAL_Driver/Src/stm32f4xx_hal_rtc.c ****         hrtc->State = HAL_RTC_STATE_TIMEOUT;
 424              		.loc 1 1612 9 is_stmt 1 view .LVU122
 425              		.loc 1 1612 21 is_stmt 0 view .LVU123
 426 0028 0320     		movs	r0, #3
 427 002a 6077     		strb	r0, [r4, #29]
1613:Drivers/STM32F4xx_HAL_Driver/Src/stm32f4xx_hal_rtc.c ****         return HAL_TIMEOUT;
 428              		.loc 1 1613 9 is_stmt 1 view .LVU124
 429              		.loc 1 1613 16 is_stmt 0 view .LVU125
 430 002c 07E0     		b	.L27
 431              	.L30:
1614:Drivers/STM32F4xx_HAL_Driver/Src/stm32f4xx_hal_rtc.c ****       }
1615:Drivers/STM32F4xx_HAL_Driver/Src/stm32f4xx_hal_rtc.c ****     }
1616:Drivers/STM32F4xx_HAL_Driver/Src/stm32f4xx_hal_rtc.c ****   }
1617:Drivers/STM32F4xx_HAL_Driver/Src/stm32f4xx_hal_rtc.c **** 
1618:Drivers/STM32F4xx_HAL_Driver/Src/stm32f4xx_hal_rtc.c ****   /* Clear the Alarm flag */
1619:Drivers/STM32F4xx_HAL_Driver/Src/stm32f4xx_hal_rtc.c ****   __HAL_RTC_ALARM_CLEAR_FLAG(hrtc, RTC_FLAG_ALRAF);
 432              		.loc 1 1619 3 is_stmt 1 view .LVU126
 433 002e DA68     		ldr	r2, [r3, #12]
 434 0030 D2B2     		uxtb	r2, r2
 435 0032 62F4C072 		orn	r2, r2, #384
 436 0036 DA60     		str	r2, [r3, #12]
1620:Drivers/STM32F4xx_HAL_Driver/Src/stm32f4xx_hal_rtc.c **** 
1621:Drivers/STM32F4xx_HAL_Driver/Src/stm32f4xx_hal_rtc.c ****   /* Change RTC state */
1622:Drivers/STM32F4xx_HAL_Driver/Src/stm32f4xx_hal_rtc.c ****   hrtc->State = HAL_RTC_STATE_READY;
 437              		.loc 1 1622 3 view .LVU127
 438              		.loc 1 1622 15 is_stmt 0 view .LVU128
 439 0038 0123     		movs	r3, #1
 440 003a 6377     		strb	r3, [r4, #29]
1623:Drivers/STM32F4xx_HAL_Driver/Src/stm32f4xx_hal_rtc.c **** 
1624:Drivers/STM32F4xx_HAL_Driver/Src/stm32f4xx_hal_rtc.c ****   return HAL_OK;
 441              		.loc 1 1624 3 is_stmt 1 view .LVU129
 442              		.loc 1 1624 10 is_stmt 0 view .LVU130
 443 003c 0020     		movs	r0, #0
 444              	.L27:
1625:Drivers/STM32F4xx_HAL_Driver/Src/stm32f4xx_hal_rtc.c **** }
 445              		.loc 1 1625 1 view .LVU131
 446 003e 70BD     		pop	{r4, r5, r6, pc}
 447              		.loc 1 1625 1 view .LVU132
 448              		.cfi_endproc
ARM GAS  /tmp/ccXZyIjC.s 			page 38


 449              	.LFE144:
 451              		.section	.text.HAL_RTC_WaitForSynchro,"ax",%progbits
 452              		.align	1
 453              		.global	HAL_RTC_WaitForSynchro
 454              		.syntax unified
 455              		.thumb
 456              		.thumb_func
 458              	HAL_RTC_WaitForSynchro:
 459              	.LVL25:
 460              	.LFB145:
1626:Drivers/STM32F4xx_HAL_Driver/Src/stm32f4xx_hal_rtc.c **** 
1627:Drivers/STM32F4xx_HAL_Driver/Src/stm32f4xx_hal_rtc.c **** /**
1628:Drivers/STM32F4xx_HAL_Driver/Src/stm32f4xx_hal_rtc.c ****   * @}
1629:Drivers/STM32F4xx_HAL_Driver/Src/stm32f4xx_hal_rtc.c ****   */
1630:Drivers/STM32F4xx_HAL_Driver/Src/stm32f4xx_hal_rtc.c **** 
1631:Drivers/STM32F4xx_HAL_Driver/Src/stm32f4xx_hal_rtc.c **** /** @defgroup RTC_Exported_Functions_Group4 Peripheral Control functions
1632:Drivers/STM32F4xx_HAL_Driver/Src/stm32f4xx_hal_rtc.c ****   * @brief    Peripheral Control functions
1633:Drivers/STM32F4xx_HAL_Driver/Src/stm32f4xx_hal_rtc.c ****   *
1634:Drivers/STM32F4xx_HAL_Driver/Src/stm32f4xx_hal_rtc.c **** @verbatim
1635:Drivers/STM32F4xx_HAL_Driver/Src/stm32f4xx_hal_rtc.c ****  ===============================================================================
1636:Drivers/STM32F4xx_HAL_Driver/Src/stm32f4xx_hal_rtc.c ****                      ##### Peripheral Control functions #####
1637:Drivers/STM32F4xx_HAL_Driver/Src/stm32f4xx_hal_rtc.c ****  ===============================================================================
1638:Drivers/STM32F4xx_HAL_Driver/Src/stm32f4xx_hal_rtc.c ****     [..]
1639:Drivers/STM32F4xx_HAL_Driver/Src/stm32f4xx_hal_rtc.c ****     This subsection provides functions allowing to
1640:Drivers/STM32F4xx_HAL_Driver/Src/stm32f4xx_hal_rtc.c ****       (+) Wait for RTC Time and Date Synchronization
1641:Drivers/STM32F4xx_HAL_Driver/Src/stm32f4xx_hal_rtc.c ****       (+) Manage RTC Summer or Winter time change
1642:Drivers/STM32F4xx_HAL_Driver/Src/stm32f4xx_hal_rtc.c **** 
1643:Drivers/STM32F4xx_HAL_Driver/Src/stm32f4xx_hal_rtc.c **** @endverbatim
1644:Drivers/STM32F4xx_HAL_Driver/Src/stm32f4xx_hal_rtc.c ****   * @{
1645:Drivers/STM32F4xx_HAL_Driver/Src/stm32f4xx_hal_rtc.c ****   */
1646:Drivers/STM32F4xx_HAL_Driver/Src/stm32f4xx_hal_rtc.c **** 
1647:Drivers/STM32F4xx_HAL_Driver/Src/stm32f4xx_hal_rtc.c **** /**
1648:Drivers/STM32F4xx_HAL_Driver/Src/stm32f4xx_hal_rtc.c ****   * @brief  Waits until the RTC Time and Date registers (RTC_TR and RTC_DR) are
1649:Drivers/STM32F4xx_HAL_Driver/Src/stm32f4xx_hal_rtc.c ****   *         synchronized with RTC APB clock.
1650:Drivers/STM32F4xx_HAL_Driver/Src/stm32f4xx_hal_rtc.c ****   * @note   The RTC Resynchronization mode is write protected, use the
1651:Drivers/STM32F4xx_HAL_Driver/Src/stm32f4xx_hal_rtc.c ****   *         __HAL_RTC_WRITEPROTECTION_DISABLE() before calling this function.
1652:Drivers/STM32F4xx_HAL_Driver/Src/stm32f4xx_hal_rtc.c ****   * @note   To read the calendar through the shadow registers after Calendar
1653:Drivers/STM32F4xx_HAL_Driver/Src/stm32f4xx_hal_rtc.c ****   *         initialization, calendar update or after wakeup from low power modes
1654:Drivers/STM32F4xx_HAL_Driver/Src/stm32f4xx_hal_rtc.c ****   *         the software must first clear the RSF flag.
1655:Drivers/STM32F4xx_HAL_Driver/Src/stm32f4xx_hal_rtc.c ****   *         The software must then wait until it is set again before reading
1656:Drivers/STM32F4xx_HAL_Driver/Src/stm32f4xx_hal_rtc.c ****   *         the calendar, which means that the calendar registers have been
1657:Drivers/STM32F4xx_HAL_Driver/Src/stm32f4xx_hal_rtc.c ****   *         correctly copied into the RTC_TR and RTC_DR shadow registers.
1658:Drivers/STM32F4xx_HAL_Driver/Src/stm32f4xx_hal_rtc.c ****   * @param  hrtc pointer to a RTC_HandleTypeDef structure that contains
1659:Drivers/STM32F4xx_HAL_Driver/Src/stm32f4xx_hal_rtc.c ****   *                the configuration information for RTC.
1660:Drivers/STM32F4xx_HAL_Driver/Src/stm32f4xx_hal_rtc.c ****   * @retval HAL status
1661:Drivers/STM32F4xx_HAL_Driver/Src/stm32f4xx_hal_rtc.c ****   */
1662:Drivers/STM32F4xx_HAL_Driver/Src/stm32f4xx_hal_rtc.c **** HAL_StatusTypeDef HAL_RTC_WaitForSynchro(RTC_HandleTypeDef *hrtc)
1663:Drivers/STM32F4xx_HAL_Driver/Src/stm32f4xx_hal_rtc.c **** {
 461              		.loc 1 1663 1 is_stmt 1 view -0
 462              		.cfi_startproc
 463              		@ args = 0, pretend = 0, frame = 0
 464              		@ frame_needed = 0, uses_anonymous_args = 0
 465              		.loc 1 1663 1 is_stmt 0 view .LVU134
 466 0000 38B5     		push	{r3, r4, r5, lr}
 467              	.LCFI3:
 468              		.cfi_def_cfa_offset 16
 469              		.cfi_offset 3, -16
ARM GAS  /tmp/ccXZyIjC.s 			page 39


 470              		.cfi_offset 4, -12
 471              		.cfi_offset 5, -8
 472              		.cfi_offset 14, -4
 473 0002 0446     		mov	r4, r0
1664:Drivers/STM32F4xx_HAL_Driver/Src/stm32f4xx_hal_rtc.c ****   uint32_t tickstart = 0U;
 474              		.loc 1 1664 3 is_stmt 1 view .LVU135
 475              	.LVL26:
1665:Drivers/STM32F4xx_HAL_Driver/Src/stm32f4xx_hal_rtc.c **** 
1666:Drivers/STM32F4xx_HAL_Driver/Src/stm32f4xx_hal_rtc.c ****   /* Clear RSF flag */
1667:Drivers/STM32F4xx_HAL_Driver/Src/stm32f4xx_hal_rtc.c ****   hrtc->Instance->ISR &= (uint32_t)RTC_RSF_MASK;
 476              		.loc 1 1667 3 view .LVU136
 477              		.loc 1 1667 7 is_stmt 0 view .LVU137
 478 0004 0268     		ldr	r2, [r0]
 479              		.loc 1 1667 17 view .LVU138
 480 0006 D368     		ldr	r3, [r2, #12]
 481              		.loc 1 1667 23 view .LVU139
 482 0008 23F0A003 		bic	r3, r3, #160
 483 000c D360     		str	r3, [r2, #12]
1668:Drivers/STM32F4xx_HAL_Driver/Src/stm32f4xx_hal_rtc.c **** 
1669:Drivers/STM32F4xx_HAL_Driver/Src/stm32f4xx_hal_rtc.c ****   /* Get tick */
1670:Drivers/STM32F4xx_HAL_Driver/Src/stm32f4xx_hal_rtc.c ****   tickstart = HAL_GetTick();
 484              		.loc 1 1670 3 is_stmt 1 view .LVU140
 485              		.loc 1 1670 15 is_stmt 0 view .LVU141
 486 000e FFF7FEFF 		bl	HAL_GetTick
 487              	.LVL27:
 488              		.loc 1 1670 15 view .LVU142
 489 0012 0546     		mov	r5, r0
 490              	.LVL28:
1671:Drivers/STM32F4xx_HAL_Driver/Src/stm32f4xx_hal_rtc.c **** 
1672:Drivers/STM32F4xx_HAL_Driver/Src/stm32f4xx_hal_rtc.c ****   /* Wait the registers to be synchronised */
1673:Drivers/STM32F4xx_HAL_Driver/Src/stm32f4xx_hal_rtc.c ****   while ((hrtc->Instance->ISR & RTC_ISR_RSF) == 0U)
 491              		.loc 1 1673 3 is_stmt 1 view .LVU143
 492              	.L32:
 493              		.loc 1 1673 46 view .LVU144
 494              		.loc 1 1673 15 is_stmt 0 view .LVU145
 495 0014 2368     		ldr	r3, [r4]
 496              		.loc 1 1673 25 view .LVU146
 497 0016 DB68     		ldr	r3, [r3, #12]
 498              		.loc 1 1673 46 view .LVU147
 499 0018 13F0200F 		tst	r3, #32
 500 001c 07D1     		bne	.L37
1674:Drivers/STM32F4xx_HAL_Driver/Src/stm32f4xx_hal_rtc.c ****   {
1675:Drivers/STM32F4xx_HAL_Driver/Src/stm32f4xx_hal_rtc.c ****     if ((HAL_GetTick() - tickstart) > RTC_TIMEOUT_VALUE)
 501              		.loc 1 1675 5 is_stmt 1 view .LVU148
 502              		.loc 1 1675 10 is_stmt 0 view .LVU149
 503 001e FFF7FEFF 		bl	HAL_GetTick
 504              	.LVL29:
 505              		.loc 1 1675 24 discriminator 1 view .LVU150
 506 0022 401B     		subs	r0, r0, r5
 507              		.loc 1 1675 8 discriminator 1 view .LVU151
 508 0024 B0F57A7F 		cmp	r0, #1000
 509 0028 F4D9     		bls	.L32
1676:Drivers/STM32F4xx_HAL_Driver/Src/stm32f4xx_hal_rtc.c ****     {
1677:Drivers/STM32F4xx_HAL_Driver/Src/stm32f4xx_hal_rtc.c ****       return HAL_TIMEOUT;
 510              		.loc 1 1677 14 view .LVU152
 511 002a 0320     		movs	r0, #3
 512 002c 00E0     		b	.L33
ARM GAS  /tmp/ccXZyIjC.s 			page 40


 513              	.L37:
1678:Drivers/STM32F4xx_HAL_Driver/Src/stm32f4xx_hal_rtc.c ****     }
1679:Drivers/STM32F4xx_HAL_Driver/Src/stm32f4xx_hal_rtc.c ****   }
1680:Drivers/STM32F4xx_HAL_Driver/Src/stm32f4xx_hal_rtc.c **** 
1681:Drivers/STM32F4xx_HAL_Driver/Src/stm32f4xx_hal_rtc.c ****   return HAL_OK;
 514              		.loc 1 1681 10 view .LVU153
 515 002e 0020     		movs	r0, #0
 516              	.L33:
1682:Drivers/STM32F4xx_HAL_Driver/Src/stm32f4xx_hal_rtc.c **** }
 517              		.loc 1 1682 1 view .LVU154
 518 0030 38BD     		pop	{r3, r4, r5, pc}
 519              		.loc 1 1682 1 view .LVU155
 520              		.cfi_endproc
 521              	.LFE145:
 523              		.section	.text.HAL_RTC_DST_Add1Hour,"ax",%progbits
 524              		.align	1
 525              		.global	HAL_RTC_DST_Add1Hour
 526              		.syntax unified
 527              		.thumb
 528              		.thumb_func
 530              	HAL_RTC_DST_Add1Hour:
 531              	.LVL30:
 532              	.LFB146:
1683:Drivers/STM32F4xx_HAL_Driver/Src/stm32f4xx_hal_rtc.c **** 
1684:Drivers/STM32F4xx_HAL_Driver/Src/stm32f4xx_hal_rtc.c **** /**
1685:Drivers/STM32F4xx_HAL_Driver/Src/stm32f4xx_hal_rtc.c ****   * @brief  Daylight Saving Time, adds one hour to the calendar in one
1686:Drivers/STM32F4xx_HAL_Driver/Src/stm32f4xx_hal_rtc.c ****   *         single operation without going through the initialization procedure.
1687:Drivers/STM32F4xx_HAL_Driver/Src/stm32f4xx_hal_rtc.c ****   * @param  hrtc pointer to a RTC_HandleTypeDef structure that contains
1688:Drivers/STM32F4xx_HAL_Driver/Src/stm32f4xx_hal_rtc.c ****   *                the configuration information for RTC.
1689:Drivers/STM32F4xx_HAL_Driver/Src/stm32f4xx_hal_rtc.c ****   * @retval None
1690:Drivers/STM32F4xx_HAL_Driver/Src/stm32f4xx_hal_rtc.c ****   */
1691:Drivers/STM32F4xx_HAL_Driver/Src/stm32f4xx_hal_rtc.c **** void HAL_RTC_DST_Add1Hour(RTC_HandleTypeDef *hrtc)
1692:Drivers/STM32F4xx_HAL_Driver/Src/stm32f4xx_hal_rtc.c **** {
 533              		.loc 1 1692 1 is_stmt 1 view -0
 534              		.cfi_startproc
 535              		@ args = 0, pretend = 0, frame = 0
 536              		@ frame_needed = 0, uses_anonymous_args = 0
 537              		@ link register save eliminated.
1693:Drivers/STM32F4xx_HAL_Driver/Src/stm32f4xx_hal_rtc.c ****   __HAL_RTC_WRITEPROTECTION_DISABLE(hrtc);
 538              		.loc 1 1693 3 view .LVU157
 539              		.loc 1 1693 3 view .LVU158
 540 0000 0368     		ldr	r3, [r0]
 541 0002 CA22     		movs	r2, #202
 542 0004 5A62     		str	r2, [r3, #36]
 543              		.loc 1 1693 3 view .LVU159
 544 0006 0368     		ldr	r3, [r0]
 545 0008 5322     		movs	r2, #83
 546 000a 5A62     		str	r2, [r3, #36]
 547              		.loc 1 1693 3 view .LVU160
1694:Drivers/STM32F4xx_HAL_Driver/Src/stm32f4xx_hal_rtc.c ****   SET_BIT(hrtc->Instance->CR, RTC_CR_ADD1H);
 548              		.loc 1 1694 3 view .LVU161
 549 000c 0268     		ldr	r2, [r0]
 550 000e 9368     		ldr	r3, [r2, #8]
 551 0010 43F48033 		orr	r3, r3, #65536
 552 0014 9360     		str	r3, [r2, #8]
1695:Drivers/STM32F4xx_HAL_Driver/Src/stm32f4xx_hal_rtc.c ****   __HAL_RTC_WRITEPROTECTION_ENABLE(hrtc);
 553              		.loc 1 1695 3 view .LVU162
ARM GAS  /tmp/ccXZyIjC.s 			page 41


 554              		.loc 1 1695 3 view .LVU163
 555 0016 0368     		ldr	r3, [r0]
 556 0018 FF22     		movs	r2, #255
 557 001a 5A62     		str	r2, [r3, #36]
 558              		.loc 1 1695 3 view .LVU164
1696:Drivers/STM32F4xx_HAL_Driver/Src/stm32f4xx_hal_rtc.c **** }
 559              		.loc 1 1696 1 is_stmt 0 view .LVU165
 560 001c 7047     		bx	lr
 561              		.cfi_endproc
 562              	.LFE146:
 564              		.section	.text.HAL_RTC_DST_Sub1Hour,"ax",%progbits
 565              		.align	1
 566              		.global	HAL_RTC_DST_Sub1Hour
 567              		.syntax unified
 568              		.thumb
 569              		.thumb_func
 571              	HAL_RTC_DST_Sub1Hour:
 572              	.LVL31:
 573              	.LFB147:
1697:Drivers/STM32F4xx_HAL_Driver/Src/stm32f4xx_hal_rtc.c **** 
1698:Drivers/STM32F4xx_HAL_Driver/Src/stm32f4xx_hal_rtc.c **** /**
1699:Drivers/STM32F4xx_HAL_Driver/Src/stm32f4xx_hal_rtc.c ****   * @brief  Daylight Saving Time, subtracts one hour from the calendar in one
1700:Drivers/STM32F4xx_HAL_Driver/Src/stm32f4xx_hal_rtc.c ****   *         single operation without going through the initialization procedure.
1701:Drivers/STM32F4xx_HAL_Driver/Src/stm32f4xx_hal_rtc.c ****   * @param  hrtc pointer to a RTC_HandleTypeDef structure that contains
1702:Drivers/STM32F4xx_HAL_Driver/Src/stm32f4xx_hal_rtc.c ****   *                the configuration information for RTC.
1703:Drivers/STM32F4xx_HAL_Driver/Src/stm32f4xx_hal_rtc.c ****   * @retval None
1704:Drivers/STM32F4xx_HAL_Driver/Src/stm32f4xx_hal_rtc.c ****   */
1705:Drivers/STM32F4xx_HAL_Driver/Src/stm32f4xx_hal_rtc.c **** void HAL_RTC_DST_Sub1Hour(RTC_HandleTypeDef *hrtc)
1706:Drivers/STM32F4xx_HAL_Driver/Src/stm32f4xx_hal_rtc.c **** {
 574              		.loc 1 1706 1 is_stmt 1 view -0
 575              		.cfi_startproc
 576              		@ args = 0, pretend = 0, frame = 0
 577              		@ frame_needed = 0, uses_anonymous_args = 0
 578              		@ link register save eliminated.
1707:Drivers/STM32F4xx_HAL_Driver/Src/stm32f4xx_hal_rtc.c ****   __HAL_RTC_WRITEPROTECTION_DISABLE(hrtc);
 579              		.loc 1 1707 3 view .LVU167
 580              		.loc 1 1707 3 view .LVU168
 581 0000 0368     		ldr	r3, [r0]
 582 0002 CA22     		movs	r2, #202
 583 0004 5A62     		str	r2, [r3, #36]
 584              		.loc 1 1707 3 view .LVU169
 585 0006 0368     		ldr	r3, [r0]
 586 0008 5322     		movs	r2, #83
 587 000a 5A62     		str	r2, [r3, #36]
 588              		.loc 1 1707 3 view .LVU170
1708:Drivers/STM32F4xx_HAL_Driver/Src/stm32f4xx_hal_rtc.c ****   SET_BIT(hrtc->Instance->CR, RTC_CR_SUB1H);
 589              		.loc 1 1708 3 view .LVU171
 590 000c 0268     		ldr	r2, [r0]
 591 000e 9368     		ldr	r3, [r2, #8]
 592 0010 43F40033 		orr	r3, r3, #131072
 593 0014 9360     		str	r3, [r2, #8]
1709:Drivers/STM32F4xx_HAL_Driver/Src/stm32f4xx_hal_rtc.c ****   __HAL_RTC_WRITEPROTECTION_ENABLE(hrtc);
 594              		.loc 1 1709 3 view .LVU172
 595              		.loc 1 1709 3 view .LVU173
 596 0016 0368     		ldr	r3, [r0]
 597 0018 FF22     		movs	r2, #255
 598 001a 5A62     		str	r2, [r3, #36]
ARM GAS  /tmp/ccXZyIjC.s 			page 42


 599              		.loc 1 1709 3 view .LVU174
1710:Drivers/STM32F4xx_HAL_Driver/Src/stm32f4xx_hal_rtc.c **** }
 600              		.loc 1 1710 1 is_stmt 0 view .LVU175
 601 001c 7047     		bx	lr
 602              		.cfi_endproc
 603              	.LFE147:
 605              		.section	.text.HAL_RTC_DST_SetStoreOperation,"ax",%progbits
 606              		.align	1
 607              		.global	HAL_RTC_DST_SetStoreOperation
 608              		.syntax unified
 609              		.thumb
 610              		.thumb_func
 612              	HAL_RTC_DST_SetStoreOperation:
 613              	.LVL32:
 614              	.LFB148:
1711:Drivers/STM32F4xx_HAL_Driver/Src/stm32f4xx_hal_rtc.c **** 
1712:Drivers/STM32F4xx_HAL_Driver/Src/stm32f4xx_hal_rtc.c **** /**
1713:Drivers/STM32F4xx_HAL_Driver/Src/stm32f4xx_hal_rtc.c ****   * @brief  Daylight Saving Time, sets the store operation bit.
1714:Drivers/STM32F4xx_HAL_Driver/Src/stm32f4xx_hal_rtc.c ****   * @note   It can be used by the software in order to memorize the DST status.
1715:Drivers/STM32F4xx_HAL_Driver/Src/stm32f4xx_hal_rtc.c ****   * @param  hrtc pointer to a RTC_HandleTypeDef structure that contains
1716:Drivers/STM32F4xx_HAL_Driver/Src/stm32f4xx_hal_rtc.c ****   *                the configuration information for RTC.
1717:Drivers/STM32F4xx_HAL_Driver/Src/stm32f4xx_hal_rtc.c ****   * @retval None
1718:Drivers/STM32F4xx_HAL_Driver/Src/stm32f4xx_hal_rtc.c ****   */
1719:Drivers/STM32F4xx_HAL_Driver/Src/stm32f4xx_hal_rtc.c **** void HAL_RTC_DST_SetStoreOperation(RTC_HandleTypeDef *hrtc)
1720:Drivers/STM32F4xx_HAL_Driver/Src/stm32f4xx_hal_rtc.c **** {
 615              		.loc 1 1720 1 is_stmt 1 view -0
 616              		.cfi_startproc
 617              		@ args = 0, pretend = 0, frame = 0
 618              		@ frame_needed = 0, uses_anonymous_args = 0
 619              		@ link register save eliminated.
1721:Drivers/STM32F4xx_HAL_Driver/Src/stm32f4xx_hal_rtc.c ****   __HAL_RTC_WRITEPROTECTION_DISABLE(hrtc);
 620              		.loc 1 1721 3 view .LVU177
 621              		.loc 1 1721 3 view .LVU178
 622 0000 0368     		ldr	r3, [r0]
 623 0002 CA22     		movs	r2, #202
 624 0004 5A62     		str	r2, [r3, #36]
 625              		.loc 1 1721 3 view .LVU179
 626 0006 0368     		ldr	r3, [r0]
 627 0008 5322     		movs	r2, #83
 628 000a 5A62     		str	r2, [r3, #36]
 629              		.loc 1 1721 3 view .LVU180
1722:Drivers/STM32F4xx_HAL_Driver/Src/stm32f4xx_hal_rtc.c ****   SET_BIT(hrtc->Instance->CR, RTC_CR_BKP);
 630              		.loc 1 1722 3 view .LVU181
 631 000c 0268     		ldr	r2, [r0]
 632 000e 9368     		ldr	r3, [r2, #8]
 633 0010 43F48023 		orr	r3, r3, #262144
 634 0014 9360     		str	r3, [r2, #8]
1723:Drivers/STM32F4xx_HAL_Driver/Src/stm32f4xx_hal_rtc.c ****   __HAL_RTC_WRITEPROTECTION_ENABLE(hrtc);
 635              		.loc 1 1723 3 view .LVU182
 636              		.loc 1 1723 3 view .LVU183
 637 0016 0368     		ldr	r3, [r0]
 638 0018 FF22     		movs	r2, #255
 639 001a 5A62     		str	r2, [r3, #36]
 640              		.loc 1 1723 3 view .LVU184
1724:Drivers/STM32F4xx_HAL_Driver/Src/stm32f4xx_hal_rtc.c **** }
 641              		.loc 1 1724 1 is_stmt 0 view .LVU185
 642 001c 7047     		bx	lr
ARM GAS  /tmp/ccXZyIjC.s 			page 43


 643              		.cfi_endproc
 644              	.LFE148:
 646              		.section	.text.HAL_RTC_DST_ClearStoreOperation,"ax",%progbits
 647              		.align	1
 648              		.global	HAL_RTC_DST_ClearStoreOperation
 649              		.syntax unified
 650              		.thumb
 651              		.thumb_func
 653              	HAL_RTC_DST_ClearStoreOperation:
 654              	.LVL33:
 655              	.LFB149:
1725:Drivers/STM32F4xx_HAL_Driver/Src/stm32f4xx_hal_rtc.c **** 
1726:Drivers/STM32F4xx_HAL_Driver/Src/stm32f4xx_hal_rtc.c **** /**
1727:Drivers/STM32F4xx_HAL_Driver/Src/stm32f4xx_hal_rtc.c ****   * @brief  Daylight Saving Time, clears the store operation bit.
1728:Drivers/STM32F4xx_HAL_Driver/Src/stm32f4xx_hal_rtc.c ****   * @param  hrtc pointer to a RTC_HandleTypeDef structure that contains
1729:Drivers/STM32F4xx_HAL_Driver/Src/stm32f4xx_hal_rtc.c ****   *                the configuration information for RTC.
1730:Drivers/STM32F4xx_HAL_Driver/Src/stm32f4xx_hal_rtc.c ****   * @retval None
1731:Drivers/STM32F4xx_HAL_Driver/Src/stm32f4xx_hal_rtc.c ****   */
1732:Drivers/STM32F4xx_HAL_Driver/Src/stm32f4xx_hal_rtc.c **** void HAL_RTC_DST_ClearStoreOperation(RTC_HandleTypeDef *hrtc)
1733:Drivers/STM32F4xx_HAL_Driver/Src/stm32f4xx_hal_rtc.c **** {
 656              		.loc 1 1733 1 is_stmt 1 view -0
 657              		.cfi_startproc
 658              		@ args = 0, pretend = 0, frame = 0
 659              		@ frame_needed = 0, uses_anonymous_args = 0
 660              		@ link register save eliminated.
1734:Drivers/STM32F4xx_HAL_Driver/Src/stm32f4xx_hal_rtc.c ****   __HAL_RTC_WRITEPROTECTION_DISABLE(hrtc);
 661              		.loc 1 1734 3 view .LVU187
 662              		.loc 1 1734 3 view .LVU188
 663 0000 0368     		ldr	r3, [r0]
 664 0002 CA22     		movs	r2, #202
 665 0004 5A62     		str	r2, [r3, #36]
 666              		.loc 1 1734 3 view .LVU189
 667 0006 0368     		ldr	r3, [r0]
 668 0008 5322     		movs	r2, #83
 669 000a 5A62     		str	r2, [r3, #36]
 670              		.loc 1 1734 3 view .LVU190
1735:Drivers/STM32F4xx_HAL_Driver/Src/stm32f4xx_hal_rtc.c ****   CLEAR_BIT(hrtc->Instance->CR, RTC_CR_BKP);
 671              		.loc 1 1735 3 view .LVU191
 672 000c 0268     		ldr	r2, [r0]
 673 000e 9368     		ldr	r3, [r2, #8]
 674 0010 23F48023 		bic	r3, r3, #262144
 675 0014 9360     		str	r3, [r2, #8]
1736:Drivers/STM32F4xx_HAL_Driver/Src/stm32f4xx_hal_rtc.c ****   __HAL_RTC_WRITEPROTECTION_ENABLE(hrtc);
 676              		.loc 1 1736 3 view .LVU192
 677              		.loc 1 1736 3 view .LVU193
 678 0016 0368     		ldr	r3, [r0]
 679 0018 FF22     		movs	r2, #255
 680 001a 5A62     		str	r2, [r3, #36]
 681              		.loc 1 1736 3 view .LVU194
1737:Drivers/STM32F4xx_HAL_Driver/Src/stm32f4xx_hal_rtc.c **** }
 682              		.loc 1 1737 1 is_stmt 0 view .LVU195
 683 001c 7047     		bx	lr
 684              		.cfi_endproc
 685              	.LFE149:
 687              		.section	.text.HAL_RTC_DST_ReadStoreOperation,"ax",%progbits
 688              		.align	1
 689              		.global	HAL_RTC_DST_ReadStoreOperation
ARM GAS  /tmp/ccXZyIjC.s 			page 44


 690              		.syntax unified
 691              		.thumb
 692              		.thumb_func
 694              	HAL_RTC_DST_ReadStoreOperation:
 695              	.LVL34:
 696              	.LFB150:
1738:Drivers/STM32F4xx_HAL_Driver/Src/stm32f4xx_hal_rtc.c **** 
1739:Drivers/STM32F4xx_HAL_Driver/Src/stm32f4xx_hal_rtc.c **** /**
1740:Drivers/STM32F4xx_HAL_Driver/Src/stm32f4xx_hal_rtc.c ****   * @brief  Daylight Saving Time, reads the store operation bit.
1741:Drivers/STM32F4xx_HAL_Driver/Src/stm32f4xx_hal_rtc.c ****   * @param  hrtc RTC handle
1742:Drivers/STM32F4xx_HAL_Driver/Src/stm32f4xx_hal_rtc.c ****   * @retval operation see RTC_StoreOperation_Definitions
1743:Drivers/STM32F4xx_HAL_Driver/Src/stm32f4xx_hal_rtc.c ****   */
1744:Drivers/STM32F4xx_HAL_Driver/Src/stm32f4xx_hal_rtc.c **** uint32_t HAL_RTC_DST_ReadStoreOperation(RTC_HandleTypeDef *hrtc)
1745:Drivers/STM32F4xx_HAL_Driver/Src/stm32f4xx_hal_rtc.c **** {
 697              		.loc 1 1745 1 is_stmt 1 view -0
 698              		.cfi_startproc
 699              		@ args = 0, pretend = 0, frame = 0
 700              		@ frame_needed = 0, uses_anonymous_args = 0
 701              		@ link register save eliminated.
1746:Drivers/STM32F4xx_HAL_Driver/Src/stm32f4xx_hal_rtc.c ****   return READ_BIT(hrtc->Instance->CR, RTC_CR_BKP);
 702              		.loc 1 1746 3 view .LVU197
 703              		.loc 1 1746 10 is_stmt 0 view .LVU198
 704 0000 0368     		ldr	r3, [r0]
 705 0002 9868     		ldr	r0, [r3, #8]
 706              	.LVL35:
1747:Drivers/STM32F4xx_HAL_Driver/Src/stm32f4xx_hal_rtc.c **** }
 707              		.loc 1 1747 1 view .LVU199
 708 0004 00F48020 		and	r0, r0, #262144
 709 0008 7047     		bx	lr
 710              		.cfi_endproc
 711              	.LFE150:
 713              		.section	.text.HAL_RTC_GetState,"ax",%progbits
 714              		.align	1
 715              		.global	HAL_RTC_GetState
 716              		.syntax unified
 717              		.thumb
 718              		.thumb_func
 720              	HAL_RTC_GetState:
 721              	.LVL36:
 722              	.LFB151:
1748:Drivers/STM32F4xx_HAL_Driver/Src/stm32f4xx_hal_rtc.c **** 
1749:Drivers/STM32F4xx_HAL_Driver/Src/stm32f4xx_hal_rtc.c **** /**
1750:Drivers/STM32F4xx_HAL_Driver/Src/stm32f4xx_hal_rtc.c ****   * @}
1751:Drivers/STM32F4xx_HAL_Driver/Src/stm32f4xx_hal_rtc.c ****   */
1752:Drivers/STM32F4xx_HAL_Driver/Src/stm32f4xx_hal_rtc.c **** 
1753:Drivers/STM32F4xx_HAL_Driver/Src/stm32f4xx_hal_rtc.c **** /** @defgroup RTC_Exported_Functions_Group5 Peripheral State functions
1754:Drivers/STM32F4xx_HAL_Driver/Src/stm32f4xx_hal_rtc.c ****   * @brief    Peripheral State functions
1755:Drivers/STM32F4xx_HAL_Driver/Src/stm32f4xx_hal_rtc.c ****   *
1756:Drivers/STM32F4xx_HAL_Driver/Src/stm32f4xx_hal_rtc.c **** @verbatim
1757:Drivers/STM32F4xx_HAL_Driver/Src/stm32f4xx_hal_rtc.c ****  ===============================================================================
1758:Drivers/STM32F4xx_HAL_Driver/Src/stm32f4xx_hal_rtc.c ****                      ##### Peripheral State functions #####
1759:Drivers/STM32F4xx_HAL_Driver/Src/stm32f4xx_hal_rtc.c ****  ===============================================================================
1760:Drivers/STM32F4xx_HAL_Driver/Src/stm32f4xx_hal_rtc.c ****     [..]
1761:Drivers/STM32F4xx_HAL_Driver/Src/stm32f4xx_hal_rtc.c ****     This subsection provides functions allowing to
1762:Drivers/STM32F4xx_HAL_Driver/Src/stm32f4xx_hal_rtc.c ****       (+) Get RTC state
1763:Drivers/STM32F4xx_HAL_Driver/Src/stm32f4xx_hal_rtc.c **** 
1764:Drivers/STM32F4xx_HAL_Driver/Src/stm32f4xx_hal_rtc.c **** @endverbatim
ARM GAS  /tmp/ccXZyIjC.s 			page 45


1765:Drivers/STM32F4xx_HAL_Driver/Src/stm32f4xx_hal_rtc.c ****   * @{
1766:Drivers/STM32F4xx_HAL_Driver/Src/stm32f4xx_hal_rtc.c ****   */
1767:Drivers/STM32F4xx_HAL_Driver/Src/stm32f4xx_hal_rtc.c **** /**
1768:Drivers/STM32F4xx_HAL_Driver/Src/stm32f4xx_hal_rtc.c ****   * @brief  Returns the RTC state.
1769:Drivers/STM32F4xx_HAL_Driver/Src/stm32f4xx_hal_rtc.c ****   * @param  hrtc pointer to a RTC_HandleTypeDef structure that contains
1770:Drivers/STM32F4xx_HAL_Driver/Src/stm32f4xx_hal_rtc.c ****   *                the configuration information for RTC.
1771:Drivers/STM32F4xx_HAL_Driver/Src/stm32f4xx_hal_rtc.c ****   * @retval HAL state
1772:Drivers/STM32F4xx_HAL_Driver/Src/stm32f4xx_hal_rtc.c ****   */
1773:Drivers/STM32F4xx_HAL_Driver/Src/stm32f4xx_hal_rtc.c **** HAL_RTCStateTypeDef HAL_RTC_GetState(RTC_HandleTypeDef *hrtc)
1774:Drivers/STM32F4xx_HAL_Driver/Src/stm32f4xx_hal_rtc.c **** {
 723              		.loc 1 1774 1 is_stmt 1 view -0
 724              		.cfi_startproc
 725              		@ args = 0, pretend = 0, frame = 0
 726              		@ frame_needed = 0, uses_anonymous_args = 0
 727              		@ link register save eliminated.
1775:Drivers/STM32F4xx_HAL_Driver/Src/stm32f4xx_hal_rtc.c ****   return hrtc->State;
 728              		.loc 1 1775 3 view .LVU201
 729              		.loc 1 1775 14 is_stmt 0 view .LVU202
 730 0000 407F     		ldrb	r0, [r0, #29]	@ zero_extendqisi2
 731              	.LVL37:
1776:Drivers/STM32F4xx_HAL_Driver/Src/stm32f4xx_hal_rtc.c **** }
 732              		.loc 1 1776 1 view .LVU203
 733 0002 7047     		bx	lr
 734              		.cfi_endproc
 735              	.LFE151:
 737              		.section	.text.RTC_EnterInitMode,"ax",%progbits
 738              		.align	1
 739              		.global	RTC_EnterInitMode
 740              		.syntax unified
 741              		.thumb
 742              		.thumb_func
 744              	RTC_EnterInitMode:
 745              	.LVL38:
 746              	.LFB152:
1777:Drivers/STM32F4xx_HAL_Driver/Src/stm32f4xx_hal_rtc.c **** 
1778:Drivers/STM32F4xx_HAL_Driver/Src/stm32f4xx_hal_rtc.c **** /**
1779:Drivers/STM32F4xx_HAL_Driver/Src/stm32f4xx_hal_rtc.c ****   * @}
1780:Drivers/STM32F4xx_HAL_Driver/Src/stm32f4xx_hal_rtc.c ****   */
1781:Drivers/STM32F4xx_HAL_Driver/Src/stm32f4xx_hal_rtc.c **** 
1782:Drivers/STM32F4xx_HAL_Driver/Src/stm32f4xx_hal_rtc.c **** 
1783:Drivers/STM32F4xx_HAL_Driver/Src/stm32f4xx_hal_rtc.c **** /**
1784:Drivers/STM32F4xx_HAL_Driver/Src/stm32f4xx_hal_rtc.c ****   * @}
1785:Drivers/STM32F4xx_HAL_Driver/Src/stm32f4xx_hal_rtc.c ****   */
1786:Drivers/STM32F4xx_HAL_Driver/Src/stm32f4xx_hal_rtc.c **** 
1787:Drivers/STM32F4xx_HAL_Driver/Src/stm32f4xx_hal_rtc.c **** /** @addtogroup RTC_Private_Functions
1788:Drivers/STM32F4xx_HAL_Driver/Src/stm32f4xx_hal_rtc.c ****   * @{
1789:Drivers/STM32F4xx_HAL_Driver/Src/stm32f4xx_hal_rtc.c ****   */
1790:Drivers/STM32F4xx_HAL_Driver/Src/stm32f4xx_hal_rtc.c **** 
1791:Drivers/STM32F4xx_HAL_Driver/Src/stm32f4xx_hal_rtc.c **** /**
1792:Drivers/STM32F4xx_HAL_Driver/Src/stm32f4xx_hal_rtc.c ****   * @brief  Enters the RTC Initialization mode.
1793:Drivers/STM32F4xx_HAL_Driver/Src/stm32f4xx_hal_rtc.c ****   * @note   The RTC Initialization mode is write protected, use the
1794:Drivers/STM32F4xx_HAL_Driver/Src/stm32f4xx_hal_rtc.c ****   *         __HAL_RTC_WRITEPROTECTION_DISABLE() before calling this function.
1795:Drivers/STM32F4xx_HAL_Driver/Src/stm32f4xx_hal_rtc.c ****   * @param  hrtc pointer to a RTC_HandleTypeDef structure that contains
1796:Drivers/STM32F4xx_HAL_Driver/Src/stm32f4xx_hal_rtc.c ****   *                the configuration information for RTC.
1797:Drivers/STM32F4xx_HAL_Driver/Src/stm32f4xx_hal_rtc.c ****   * @retval HAL status
1798:Drivers/STM32F4xx_HAL_Driver/Src/stm32f4xx_hal_rtc.c ****   */
1799:Drivers/STM32F4xx_HAL_Driver/Src/stm32f4xx_hal_rtc.c **** HAL_StatusTypeDef RTC_EnterInitMode(RTC_HandleTypeDef *hrtc)
ARM GAS  /tmp/ccXZyIjC.s 			page 46


1800:Drivers/STM32F4xx_HAL_Driver/Src/stm32f4xx_hal_rtc.c **** {
 747              		.loc 1 1800 1 is_stmt 1 view -0
 748              		.cfi_startproc
 749              		@ args = 0, pretend = 0, frame = 0
 750              		@ frame_needed = 0, uses_anonymous_args = 0
 751              		.loc 1 1800 1 is_stmt 0 view .LVU205
 752 0000 70B5     		push	{r4, r5, r6, lr}
 753              	.LCFI4:
 754              		.cfi_def_cfa_offset 16
 755              		.cfi_offset 4, -16
 756              		.cfi_offset 5, -12
 757              		.cfi_offset 6, -8
 758              		.cfi_offset 14, -4
1801:Drivers/STM32F4xx_HAL_Driver/Src/stm32f4xx_hal_rtc.c ****   uint32_t tickstart = 0U;
 759              		.loc 1 1801 3 is_stmt 1 view .LVU206
 760              	.LVL39:
1802:Drivers/STM32F4xx_HAL_Driver/Src/stm32f4xx_hal_rtc.c ****   HAL_StatusTypeDef status = HAL_OK;
 761              		.loc 1 1802 3 view .LVU207
1803:Drivers/STM32F4xx_HAL_Driver/Src/stm32f4xx_hal_rtc.c **** 
1804:Drivers/STM32F4xx_HAL_Driver/Src/stm32f4xx_hal_rtc.c ****   /* Check that Initialization mode is not already set */
1805:Drivers/STM32F4xx_HAL_Driver/Src/stm32f4xx_hal_rtc.c ****   if (READ_BIT(hrtc->Instance->ISR, RTC_ISR_INITF) == 0U)
 762              		.loc 1 1805 3 view .LVU208
 763              		.loc 1 1805 7 is_stmt 0 view .LVU209
 764 0002 0368     		ldr	r3, [r0]
 765 0004 DA68     		ldr	r2, [r3, #12]
 766              		.loc 1 1805 6 view .LVU210
 767 0006 12F0400F 		tst	r2, #64
 768 000a 02D0     		beq	.L51
1802:Drivers/STM32F4xx_HAL_Driver/Src/stm32f4xx_hal_rtc.c ****   HAL_StatusTypeDef status = HAL_OK;
 769              		.loc 1 1802 21 view .LVU211
 770 000c 0025     		movs	r5, #0
 771              	.LVL40:
 772              	.L45:
1806:Drivers/STM32F4xx_HAL_Driver/Src/stm32f4xx_hal_rtc.c ****   {
1807:Drivers/STM32F4xx_HAL_Driver/Src/stm32f4xx_hal_rtc.c ****     /* Set INIT bit to enter Initialization mode */
1808:Drivers/STM32F4xx_HAL_Driver/Src/stm32f4xx_hal_rtc.c ****     SET_BIT(hrtc->Instance->ISR, RTC_ISR_INIT);
1809:Drivers/STM32F4xx_HAL_Driver/Src/stm32f4xx_hal_rtc.c **** 
1810:Drivers/STM32F4xx_HAL_Driver/Src/stm32f4xx_hal_rtc.c ****     /* Get tick */
1811:Drivers/STM32F4xx_HAL_Driver/Src/stm32f4xx_hal_rtc.c ****     tickstart = HAL_GetTick();
1812:Drivers/STM32F4xx_HAL_Driver/Src/stm32f4xx_hal_rtc.c **** 
1813:Drivers/STM32F4xx_HAL_Driver/Src/stm32f4xx_hal_rtc.c ****     /* Wait till RTC is in INIT state and if timeout is reached exit */
1814:Drivers/STM32F4xx_HAL_Driver/Src/stm32f4xx_hal_rtc.c ****     while ((READ_BIT(hrtc->Instance->ISR, RTC_ISR_INITF) == 0U) && (status != HAL_ERROR))
1815:Drivers/STM32F4xx_HAL_Driver/Src/stm32f4xx_hal_rtc.c ****     {
1816:Drivers/STM32F4xx_HAL_Driver/Src/stm32f4xx_hal_rtc.c ****       if ((HAL_GetTick() - tickstart) > RTC_TIMEOUT_VALUE)
1817:Drivers/STM32F4xx_HAL_Driver/Src/stm32f4xx_hal_rtc.c ****       {
1818:Drivers/STM32F4xx_HAL_Driver/Src/stm32f4xx_hal_rtc.c ****         /* Set RTC state */
1819:Drivers/STM32F4xx_HAL_Driver/Src/stm32f4xx_hal_rtc.c ****         hrtc->State = HAL_RTC_STATE_ERROR;
1820:Drivers/STM32F4xx_HAL_Driver/Src/stm32f4xx_hal_rtc.c ****         status = HAL_ERROR;
1821:Drivers/STM32F4xx_HAL_Driver/Src/stm32f4xx_hal_rtc.c ****       }
1822:Drivers/STM32F4xx_HAL_Driver/Src/stm32f4xx_hal_rtc.c ****     }
1823:Drivers/STM32F4xx_HAL_Driver/Src/stm32f4xx_hal_rtc.c ****   }
1824:Drivers/STM32F4xx_HAL_Driver/Src/stm32f4xx_hal_rtc.c **** 
1825:Drivers/STM32F4xx_HAL_Driver/Src/stm32f4xx_hal_rtc.c ****   return status;
 773              		.loc 1 1825 3 is_stmt 1 view .LVU212
1826:Drivers/STM32F4xx_HAL_Driver/Src/stm32f4xx_hal_rtc.c **** }
 774              		.loc 1 1826 1 is_stmt 0 view .LVU213
 775 000e 2846     		mov	r0, r5
ARM GAS  /tmp/ccXZyIjC.s 			page 47


 776 0010 70BD     		pop	{r4, r5, r6, pc}
 777              	.LVL41:
 778              	.L51:
 779              		.loc 1 1826 1 view .LVU214
 780 0012 0446     		mov	r4, r0
1808:Drivers/STM32F4xx_HAL_Driver/Src/stm32f4xx_hal_rtc.c **** 
 781              		.loc 1 1808 5 is_stmt 1 view .LVU215
 782 0014 DA68     		ldr	r2, [r3, #12]
 783 0016 42F08002 		orr	r2, r2, #128
 784 001a DA60     		str	r2, [r3, #12]
1811:Drivers/STM32F4xx_HAL_Driver/Src/stm32f4xx_hal_rtc.c **** 
 785              		.loc 1 1811 5 view .LVU216
1811:Drivers/STM32F4xx_HAL_Driver/Src/stm32f4xx_hal_rtc.c **** 
 786              		.loc 1 1811 17 is_stmt 0 view .LVU217
 787 001c FFF7FEFF 		bl	HAL_GetTick
 788              	.LVL42:
1811:Drivers/STM32F4xx_HAL_Driver/Src/stm32f4xx_hal_rtc.c **** 
 789              		.loc 1 1811 17 view .LVU218
 790 0020 0646     		mov	r6, r0
 791              	.LVL43:
1814:Drivers/STM32F4xx_HAL_Driver/Src/stm32f4xx_hal_rtc.c ****     {
 792              		.loc 1 1814 5 is_stmt 1 view .LVU219
1802:Drivers/STM32F4xx_HAL_Driver/Src/stm32f4xx_hal_rtc.c **** 
 793              		.loc 1 1802 21 is_stmt 0 view .LVU220
 794 0022 0025     		movs	r5, #0
 795              	.LVL44:
 796              	.L47:
1814:Drivers/STM32F4xx_HAL_Driver/Src/stm32f4xx_hal_rtc.c ****     {
 797              		.loc 1 1814 65 is_stmt 1 view .LVU221
1814:Drivers/STM32F4xx_HAL_Driver/Src/stm32f4xx_hal_rtc.c ****     {
 798              		.loc 1 1814 13 is_stmt 0 view .LVU222
 799 0024 2368     		ldr	r3, [r4]
 800 0026 DB68     		ldr	r3, [r3, #12]
1814:Drivers/STM32F4xx_HAL_Driver/Src/stm32f4xx_hal_rtc.c ****     {
 801              		.loc 1 1814 65 view .LVU223
 802 0028 13F0400F 		tst	r3, #64
 803 002c EFD1     		bne	.L45
1814:Drivers/STM32F4xx_HAL_Driver/Src/stm32f4xx_hal_rtc.c ****     {
 804              		.loc 1 1814 65 discriminator 1 view .LVU224
 805 002e 002D     		cmp	r5, #0
 806 0030 EDD1     		bne	.L45
1816:Drivers/STM32F4xx_HAL_Driver/Src/stm32f4xx_hal_rtc.c ****       {
 807              		.loc 1 1816 7 is_stmt 1 view .LVU225
1816:Drivers/STM32F4xx_HAL_Driver/Src/stm32f4xx_hal_rtc.c ****       {
 808              		.loc 1 1816 12 is_stmt 0 view .LVU226
 809 0032 FFF7FEFF 		bl	HAL_GetTick
 810              	.LVL45:
1816:Drivers/STM32F4xx_HAL_Driver/Src/stm32f4xx_hal_rtc.c ****       {
 811              		.loc 1 1816 26 discriminator 1 view .LVU227
 812 0036 831B     		subs	r3, r0, r6
1816:Drivers/STM32F4xx_HAL_Driver/Src/stm32f4xx_hal_rtc.c ****       {
 813              		.loc 1 1816 10 discriminator 1 view .LVU228
 814 0038 B3F57A7F 		cmp	r3, #1000
 815 003c F2D9     		bls	.L47
1819:Drivers/STM32F4xx_HAL_Driver/Src/stm32f4xx_hal_rtc.c ****         status = HAL_ERROR;
 816              		.loc 1 1819 9 is_stmt 1 view .LVU229
1819:Drivers/STM32F4xx_HAL_Driver/Src/stm32f4xx_hal_rtc.c ****         status = HAL_ERROR;
ARM GAS  /tmp/ccXZyIjC.s 			page 48


 817              		.loc 1 1819 21 is_stmt 0 view .LVU230
 818 003e 0423     		movs	r3, #4
 819 0040 6377     		strb	r3, [r4, #29]
1820:Drivers/STM32F4xx_HAL_Driver/Src/stm32f4xx_hal_rtc.c ****       }
 820              		.loc 1 1820 9 is_stmt 1 view .LVU231
 821              	.LVL46:
1820:Drivers/STM32F4xx_HAL_Driver/Src/stm32f4xx_hal_rtc.c ****       }
 822              		.loc 1 1820 16 is_stmt 0 view .LVU232
 823 0042 0125     		movs	r5, #1
 824 0044 EEE7     		b	.L47
 825              		.cfi_endproc
 826              	.LFE152:
 828              		.section	.text.RTC_ExitInitMode,"ax",%progbits
 829              		.align	1
 830              		.global	RTC_ExitInitMode
 831              		.syntax unified
 832              		.thumb
 833              		.thumb_func
 835              	RTC_ExitInitMode:
 836              	.LVL47:
 837              	.LFB153:
1827:Drivers/STM32F4xx_HAL_Driver/Src/stm32f4xx_hal_rtc.c **** 
1828:Drivers/STM32F4xx_HAL_Driver/Src/stm32f4xx_hal_rtc.c **** /**
1829:Drivers/STM32F4xx_HAL_Driver/Src/stm32f4xx_hal_rtc.c ****   * @brief  Exits the RTC Initialization mode.
1830:Drivers/STM32F4xx_HAL_Driver/Src/stm32f4xx_hal_rtc.c ****   * @param  hrtc pointer to a RTC_HandleTypeDef structure that contains
1831:Drivers/STM32F4xx_HAL_Driver/Src/stm32f4xx_hal_rtc.c ****   *                the configuration information for RTC.
1832:Drivers/STM32F4xx_HAL_Driver/Src/stm32f4xx_hal_rtc.c ****   * @retval HAL status
1833:Drivers/STM32F4xx_HAL_Driver/Src/stm32f4xx_hal_rtc.c ****   */
1834:Drivers/STM32F4xx_HAL_Driver/Src/stm32f4xx_hal_rtc.c **** HAL_StatusTypeDef RTC_ExitInitMode(RTC_HandleTypeDef *hrtc)
1835:Drivers/STM32F4xx_HAL_Driver/Src/stm32f4xx_hal_rtc.c **** {
 838              		.loc 1 1835 1 is_stmt 1 view -0
 839              		.cfi_startproc
 840              		@ args = 0, pretend = 0, frame = 0
 841              		@ frame_needed = 0, uses_anonymous_args = 0
1836:Drivers/STM32F4xx_HAL_Driver/Src/stm32f4xx_hal_rtc.c ****   HAL_StatusTypeDef status = HAL_OK;
 842              		.loc 1 1836 3 view .LVU234
1837:Drivers/STM32F4xx_HAL_Driver/Src/stm32f4xx_hal_rtc.c **** 
1838:Drivers/STM32F4xx_HAL_Driver/Src/stm32f4xx_hal_rtc.c ****   /* Clear INIT bit to exit Initialization mode */
1839:Drivers/STM32F4xx_HAL_Driver/Src/stm32f4xx_hal_rtc.c ****   CLEAR_BIT(hrtc->Instance->ISR, RTC_ISR_INIT);
 843              		.loc 1 1839 3 view .LVU235
 844 0000 0268     		ldr	r2, [r0]
 845 0002 D368     		ldr	r3, [r2, #12]
 846 0004 23F08003 		bic	r3, r3, #128
 847 0008 D360     		str	r3, [r2, #12]
1840:Drivers/STM32F4xx_HAL_Driver/Src/stm32f4xx_hal_rtc.c **** 
1841:Drivers/STM32F4xx_HAL_Driver/Src/stm32f4xx_hal_rtc.c ****   /* If CR_BYPSHAD bit = 0, wait for synchro */
1842:Drivers/STM32F4xx_HAL_Driver/Src/stm32f4xx_hal_rtc.c ****   if (READ_BIT(hrtc->Instance->CR, RTC_CR_BYPSHAD) == 0U)
 848              		.loc 1 1842 3 view .LVU236
 849              		.loc 1 1842 7 is_stmt 0 view .LVU237
 850 000a 0368     		ldr	r3, [r0]
 851 000c 9B68     		ldr	r3, [r3, #8]
 852              		.loc 1 1842 6 view .LVU238
 853 000e 13F0200F 		tst	r3, #32
 854 0012 01D0     		beq	.L59
1836:Drivers/STM32F4xx_HAL_Driver/Src/stm32f4xx_hal_rtc.c **** 
 855              		.loc 1 1836 21 view .LVU239
 856 0014 0020     		movs	r0, #0
ARM GAS  /tmp/ccXZyIjC.s 			page 49


 857              	.LVL48:
1843:Drivers/STM32F4xx_HAL_Driver/Src/stm32f4xx_hal_rtc.c ****   {
1844:Drivers/STM32F4xx_HAL_Driver/Src/stm32f4xx_hal_rtc.c ****     if (HAL_RTC_WaitForSynchro(hrtc) != HAL_OK)
1845:Drivers/STM32F4xx_HAL_Driver/Src/stm32f4xx_hal_rtc.c ****     {
1846:Drivers/STM32F4xx_HAL_Driver/Src/stm32f4xx_hal_rtc.c ****       /* Set RTC state */
1847:Drivers/STM32F4xx_HAL_Driver/Src/stm32f4xx_hal_rtc.c ****       hrtc->State = HAL_RTC_STATE_ERROR;
1848:Drivers/STM32F4xx_HAL_Driver/Src/stm32f4xx_hal_rtc.c ****       status = HAL_ERROR;
1849:Drivers/STM32F4xx_HAL_Driver/Src/stm32f4xx_hal_rtc.c ****     }
1850:Drivers/STM32F4xx_HAL_Driver/Src/stm32f4xx_hal_rtc.c ****   }
1851:Drivers/STM32F4xx_HAL_Driver/Src/stm32f4xx_hal_rtc.c **** 
1852:Drivers/STM32F4xx_HAL_Driver/Src/stm32f4xx_hal_rtc.c ****   return status;
 858              		.loc 1 1852 3 is_stmt 1 view .LVU240
1853:Drivers/STM32F4xx_HAL_Driver/Src/stm32f4xx_hal_rtc.c **** }
 859              		.loc 1 1853 1 is_stmt 0 view .LVU241
 860 0016 7047     		bx	lr
 861              	.LVL49:
 862              	.L59:
1835:Drivers/STM32F4xx_HAL_Driver/Src/stm32f4xx_hal_rtc.c ****   HAL_StatusTypeDef status = HAL_OK;
 863              		.loc 1 1835 1 view .LVU242
 864 0018 10B5     		push	{r4, lr}
 865              	.LCFI5:
 866              		.cfi_def_cfa_offset 8
 867              		.cfi_offset 4, -8
 868              		.cfi_offset 14, -4
 869 001a 0446     		mov	r4, r0
1844:Drivers/STM32F4xx_HAL_Driver/Src/stm32f4xx_hal_rtc.c ****     {
 870              		.loc 1 1844 5 is_stmt 1 view .LVU243
1844:Drivers/STM32F4xx_HAL_Driver/Src/stm32f4xx_hal_rtc.c ****     {
 871              		.loc 1 1844 9 is_stmt 0 view .LVU244
 872 001c FFF7FEFF 		bl	HAL_RTC_WaitForSynchro
 873              	.LVL50:
1844:Drivers/STM32F4xx_HAL_Driver/Src/stm32f4xx_hal_rtc.c ****     {
 874              		.loc 1 1844 8 discriminator 1 view .LVU245
 875 0020 10B1     		cbz	r0, .L53
1847:Drivers/STM32F4xx_HAL_Driver/Src/stm32f4xx_hal_rtc.c ****       status = HAL_ERROR;
 876              		.loc 1 1847 7 is_stmt 1 view .LVU246
1847:Drivers/STM32F4xx_HAL_Driver/Src/stm32f4xx_hal_rtc.c ****       status = HAL_ERROR;
 877              		.loc 1 1847 19 is_stmt 0 view .LVU247
 878 0022 0423     		movs	r3, #4
 879 0024 6377     		strb	r3, [r4, #29]
1848:Drivers/STM32F4xx_HAL_Driver/Src/stm32f4xx_hal_rtc.c ****     }
 880              		.loc 1 1848 7 is_stmt 1 view .LVU248
 881              	.LVL51:
1848:Drivers/STM32F4xx_HAL_Driver/Src/stm32f4xx_hal_rtc.c ****     }
 882              		.loc 1 1848 14 is_stmt 0 view .LVU249
 883 0026 0120     		movs	r0, #1
 884              	.LVL52:
 885              	.L53:
1852:Drivers/STM32F4xx_HAL_Driver/Src/stm32f4xx_hal_rtc.c **** }
 886              		.loc 1 1852 3 is_stmt 1 view .LVU250
 887              		.loc 1 1853 1 is_stmt 0 view .LVU251
 888 0028 10BD     		pop	{r4, pc}
 889              		.loc 1 1853 1 view .LVU252
 890              		.cfi_endproc
 891              	.LFE153:
 893              		.section	.text.HAL_RTC_Init,"ax",%progbits
 894              		.align	1
ARM GAS  /tmp/ccXZyIjC.s 			page 50


 895              		.global	HAL_RTC_Init
 896              		.syntax unified
 897              		.thumb
 898              		.thumb_func
 900              	HAL_RTC_Init:
 901              	.LVL53:
 902              	.LFB130:
 250:Drivers/STM32F4xx_HAL_Driver/Src/stm32f4xx_hal_rtc.c ****   HAL_StatusTypeDef status = HAL_ERROR;
 903              		.loc 1 250 1 is_stmt 1 view -0
 904              		.cfi_startproc
 905              		@ args = 0, pretend = 0, frame = 0
 906              		@ frame_needed = 0, uses_anonymous_args = 0
 251:Drivers/STM32F4xx_HAL_Driver/Src/stm32f4xx_hal_rtc.c **** 
 907              		.loc 1 251 3 view .LVU254
 254:Drivers/STM32F4xx_HAL_Driver/Src/stm32f4xx_hal_rtc.c ****   {
 908              		.loc 1 254 3 view .LVU255
 254:Drivers/STM32F4xx_HAL_Driver/Src/stm32f4xx_hal_rtc.c ****   {
 909              		.loc 1 254 6 is_stmt 0 view .LVU256
 910 0000 0028     		cmp	r0, #0
 911 0002 42D0     		beq	.L64
 250:Drivers/STM32F4xx_HAL_Driver/Src/stm32f4xx_hal_rtc.c ****   HAL_StatusTypeDef status = HAL_ERROR;
 912              		.loc 1 250 1 view .LVU257
 913 0004 10B5     		push	{r4, lr}
 914              	.LCFI6:
 915              		.cfi_def_cfa_offset 8
 916              		.cfi_offset 4, -8
 917              		.cfi_offset 14, -4
 918 0006 0446     		mov	r4, r0
 260:Drivers/STM32F4xx_HAL_Driver/Src/stm32f4xx_hal_rtc.c ****   assert_param(IS_RTC_HOUR_FORMAT(hrtc->Init.HourFormat));
 919              		.loc 1 260 3 is_stmt 1 view .LVU258
 261:Drivers/STM32F4xx_HAL_Driver/Src/stm32f4xx_hal_rtc.c ****   assert_param(IS_RTC_ASYNCH_PREDIV(hrtc->Init.AsynchPrediv));
 920              		.loc 1 261 3 view .LVU259
 262:Drivers/STM32F4xx_HAL_Driver/Src/stm32f4xx_hal_rtc.c ****   assert_param(IS_RTC_SYNCH_PREDIV(hrtc->Init.SynchPrediv));
 921              		.loc 1 262 3 view .LVU260
 263:Drivers/STM32F4xx_HAL_Driver/Src/stm32f4xx_hal_rtc.c ****   assert_param(IS_RTC_OUTPUT(hrtc->Init.OutPut));
 922              		.loc 1 263 3 view .LVU261
 264:Drivers/STM32F4xx_HAL_Driver/Src/stm32f4xx_hal_rtc.c ****   assert_param(IS_RTC_OUTPUT_POL(hrtc->Init.OutPutPolarity));
 923              		.loc 1 264 3 view .LVU262
 265:Drivers/STM32F4xx_HAL_Driver/Src/stm32f4xx_hal_rtc.c ****   assert_param(IS_RTC_OUTPUT_TYPE(hrtc->Init.OutPutType));
 924              		.loc 1 265 3 view .LVU263
 266:Drivers/STM32F4xx_HAL_Driver/Src/stm32f4xx_hal_rtc.c **** 
 925              		.loc 1 266 3 view .LVU264
 296:Drivers/STM32F4xx_HAL_Driver/Src/stm32f4xx_hal_rtc.c ****   {
 926              		.loc 1 296 3 view .LVU265
 296:Drivers/STM32F4xx_HAL_Driver/Src/stm32f4xx_hal_rtc.c ****   {
 927              		.loc 1 296 11 is_stmt 0 view .LVU266
 928 0008 437F     		ldrb	r3, [r0, #29]	@ zero_extendqisi2
 296:Drivers/STM32F4xx_HAL_Driver/Src/stm32f4xx_hal_rtc.c ****   {
 929              		.loc 1 296 6 view .LVU267
 930 000a 7BB1     		cbz	r3, .L69
 931              	.LVL54:
 932              	.L62:
 307:Drivers/STM32F4xx_HAL_Driver/Src/stm32f4xx_hal_rtc.c **** 
 933              		.loc 1 307 3 is_stmt 1 view .LVU268
 307:Drivers/STM32F4xx_HAL_Driver/Src/stm32f4xx_hal_rtc.c **** 
 934              		.loc 1 307 15 is_stmt 0 view .LVU269
 935 000c 0223     		movs	r3, #2
ARM GAS  /tmp/ccXZyIjC.s 			page 51


 936 000e 6377     		strb	r3, [r4, #29]
 310:Drivers/STM32F4xx_HAL_Driver/Src/stm32f4xx_hal_rtc.c **** 
 937              		.loc 1 310 3 is_stmt 1 view .LVU270
 310:Drivers/STM32F4xx_HAL_Driver/Src/stm32f4xx_hal_rtc.c **** 
 938              		.loc 1 310 3 view .LVU271
 939 0010 2368     		ldr	r3, [r4]
 940 0012 CA22     		movs	r2, #202
 941 0014 5A62     		str	r2, [r3, #36]
 310:Drivers/STM32F4xx_HAL_Driver/Src/stm32f4xx_hal_rtc.c **** 
 942              		.loc 1 310 3 view .LVU272
 943 0016 2368     		ldr	r3, [r4]
 944 0018 5322     		movs	r2, #83
 945 001a 5A62     		str	r2, [r3, #36]
 310:Drivers/STM32F4xx_HAL_Driver/Src/stm32f4xx_hal_rtc.c **** 
 946              		.loc 1 310 3 view .LVU273
 313:Drivers/STM32F4xx_HAL_Driver/Src/stm32f4xx_hal_rtc.c **** 
 947              		.loc 1 313 3 view .LVU274
 313:Drivers/STM32F4xx_HAL_Driver/Src/stm32f4xx_hal_rtc.c **** 
 948              		.loc 1 313 12 is_stmt 0 view .LVU275
 949 001c 2046     		mov	r0, r4
 950 001e FFF7FEFF 		bl	RTC_EnterInitMode
 951              	.LVL55:
 315:Drivers/STM32F4xx_HAL_Driver/Src/stm32f4xx_hal_rtc.c ****   {
 952              		.loc 1 315 3 is_stmt 1 view .LVU276
 315:Drivers/STM32F4xx_HAL_Driver/Src/stm32f4xx_hal_rtc.c ****   {
 953              		.loc 1 315 6 is_stmt 0 view .LVU277
 954 0022 38B1     		cbz	r0, .L70
 955              	.L63:
 956              	.LVL56:
 339:Drivers/STM32F4xx_HAL_Driver/Src/stm32f4xx_hal_rtc.c **** 
 957              		.loc 1 339 3 is_stmt 1 view .LVU278
 339:Drivers/STM32F4xx_HAL_Driver/Src/stm32f4xx_hal_rtc.c **** 
 958              		.loc 1 339 3 view .LVU279
 959 0024 2368     		ldr	r3, [r4]
 960 0026 FF22     		movs	r2, #255
 961 0028 5A62     		str	r2, [r3, #36]
 339:Drivers/STM32F4xx_HAL_Driver/Src/stm32f4xx_hal_rtc.c **** 
 962              		.loc 1 339 3 view .LVU280
 341:Drivers/STM32F4xx_HAL_Driver/Src/stm32f4xx_hal_rtc.c **** }
 963              		.loc 1 341 3 view .LVU281
 342:Drivers/STM32F4xx_HAL_Driver/Src/stm32f4xx_hal_rtc.c **** 
 964              		.loc 1 342 1 is_stmt 0 view .LVU282
 965 002a 10BD     		pop	{r4, pc}
 966              	.LVL57:
 967              	.L69:
 299:Drivers/STM32F4xx_HAL_Driver/Src/stm32f4xx_hal_rtc.c **** 
 968              		.loc 1 299 5 is_stmt 1 view .LVU283
 299:Drivers/STM32F4xx_HAL_Driver/Src/stm32f4xx_hal_rtc.c **** 
 969              		.loc 1 299 16 is_stmt 0 view .LVU284
 970 002c 0377     		strb	r3, [r0, #28]
 302:Drivers/STM32F4xx_HAL_Driver/Src/stm32f4xx_hal_rtc.c ****   }
 971              		.loc 1 302 5 is_stmt 1 view .LVU285
 972 002e FFF7FEFF 		bl	HAL_RTC_MspInit
 973              	.LVL58:
 302:Drivers/STM32F4xx_HAL_Driver/Src/stm32f4xx_hal_rtc.c ****   }
 974              		.loc 1 302 5 is_stmt 0 view .LVU286
 975 0032 EBE7     		b	.L62
ARM GAS  /tmp/ccXZyIjC.s 			page 52


 976              	.LVL59:
 977              	.L70:
 318:Drivers/STM32F4xx_HAL_Driver/Src/stm32f4xx_hal_rtc.c ****     /* Set RTC_CR register */
 978              		.loc 1 318 5 is_stmt 1 view .LVU287
 318:Drivers/STM32F4xx_HAL_Driver/Src/stm32f4xx_hal_rtc.c ****     /* Set RTC_CR register */
 979              		.loc 1 318 9 is_stmt 0 view .LVU288
 980 0034 2268     		ldr	r2, [r4]
 318:Drivers/STM32F4xx_HAL_Driver/Src/stm32f4xx_hal_rtc.c ****     /* Set RTC_CR register */
 981              		.loc 1 318 19 view .LVU289
 982 0036 9368     		ldr	r3, [r2, #8]
 318:Drivers/STM32F4xx_HAL_Driver/Src/stm32f4xx_hal_rtc.c ****     /* Set RTC_CR register */
 983              		.loc 1 318 24 view .LVU290
 984 0038 23F4E003 		bic	r3, r3, #7340032
 985 003c 23F04003 		bic	r3, r3, #64
 986 0040 9360     		str	r3, [r2, #8]
 320:Drivers/STM32F4xx_HAL_Driver/Src/stm32f4xx_hal_rtc.c **** 
 987              		.loc 1 320 5 is_stmt 1 view .LVU291
 320:Drivers/STM32F4xx_HAL_Driver/Src/stm32f4xx_hal_rtc.c **** 
 988              		.loc 1 320 9 is_stmt 0 view .LVU292
 989 0042 2168     		ldr	r1, [r4]
 320:Drivers/STM32F4xx_HAL_Driver/Src/stm32f4xx_hal_rtc.c **** 
 990              		.loc 1 320 19 view .LVU293
 991 0044 8A68     		ldr	r2, [r1, #8]
 320:Drivers/STM32F4xx_HAL_Driver/Src/stm32f4xx_hal_rtc.c **** 
 992              		.loc 1 320 48 view .LVU294
 993 0046 6368     		ldr	r3, [r4, #4]
 320:Drivers/STM32F4xx_HAL_Driver/Src/stm32f4xx_hal_rtc.c **** 
 994              		.loc 1 320 72 view .LVU295
 995 0048 2069     		ldr	r0, [r4, #16]
 996              	.LVL60:
 320:Drivers/STM32F4xx_HAL_Driver/Src/stm32f4xx_hal_rtc.c **** 
 997              		.loc 1 320 60 view .LVU296
 998 004a 0343     		orrs	r3, r3, r0
 320:Drivers/STM32F4xx_HAL_Driver/Src/stm32f4xx_hal_rtc.c **** 
 999              		.loc 1 320 92 view .LVU297
 1000 004c 6069     		ldr	r0, [r4, #20]
 320:Drivers/STM32F4xx_HAL_Driver/Src/stm32f4xx_hal_rtc.c **** 
 1001              		.loc 1 320 80 view .LVU298
 1002 004e 0343     		orrs	r3, r3, r0
 320:Drivers/STM32F4xx_HAL_Driver/Src/stm32f4xx_hal_rtc.c **** 
 1003              		.loc 1 320 24 view .LVU299
 1004 0050 1343     		orrs	r3, r3, r2
 1005 0052 8B60     		str	r3, [r1, #8]
 323:Drivers/STM32F4xx_HAL_Driver/Src/stm32f4xx_hal_rtc.c ****     hrtc->Instance->PRER |= (uint32_t)(hrtc->Init.AsynchPrediv << RTC_PRER_PREDIV_A_Pos);
 1006              		.loc 1 323 5 is_stmt 1 view .LVU300
 323:Drivers/STM32F4xx_HAL_Driver/Src/stm32f4xx_hal_rtc.c ****     hrtc->Instance->PRER |= (uint32_t)(hrtc->Init.AsynchPrediv << RTC_PRER_PREDIV_A_Pos);
 1007              		.loc 1 323 9 is_stmt 0 view .LVU301
 1008 0054 2368     		ldr	r3, [r4]
 323:Drivers/STM32F4xx_HAL_Driver/Src/stm32f4xx_hal_rtc.c ****     hrtc->Instance->PRER |= (uint32_t)(hrtc->Init.AsynchPrediv << RTC_PRER_PREDIV_A_Pos);
 1009              		.loc 1 323 49 view .LVU302
 1010 0056 E268     		ldr	r2, [r4, #12]
 323:Drivers/STM32F4xx_HAL_Driver/Src/stm32f4xx_hal_rtc.c ****     hrtc->Instance->PRER |= (uint32_t)(hrtc->Init.AsynchPrediv << RTC_PRER_PREDIV_A_Pos);
 1011              		.loc 1 323 26 view .LVU303
 1012 0058 1A61     		str	r2, [r3, #16]
 324:Drivers/STM32F4xx_HAL_Driver/Src/stm32f4xx_hal_rtc.c **** 
 1013              		.loc 1 324 5 is_stmt 1 view .LVU304
 324:Drivers/STM32F4xx_HAL_Driver/Src/stm32f4xx_hal_rtc.c **** 
ARM GAS  /tmp/ccXZyIjC.s 			page 53


 1014              		.loc 1 324 9 is_stmt 0 view .LVU305
 1015 005a 2268     		ldr	r2, [r4]
 324:Drivers/STM32F4xx_HAL_Driver/Src/stm32f4xx_hal_rtc.c **** 
 1016              		.loc 1 324 19 view .LVU306
 1017 005c 1369     		ldr	r3, [r2, #16]
 324:Drivers/STM32F4xx_HAL_Driver/Src/stm32f4xx_hal_rtc.c **** 
 1018              		.loc 1 324 50 view .LVU307
 1019 005e A168     		ldr	r1, [r4, #8]
 324:Drivers/STM32F4xx_HAL_Driver/Src/stm32f4xx_hal_rtc.c **** 
 1020              		.loc 1 324 26 view .LVU308
 1021 0060 43EA0143 		orr	r3, r3, r1, lsl #16
 1022 0064 1361     		str	r3, [r2, #16]
 327:Drivers/STM32F4xx_HAL_Driver/Src/stm32f4xx_hal_rtc.c ****   }
 1023              		.loc 1 327 5 is_stmt 1 view .LVU309
 327:Drivers/STM32F4xx_HAL_Driver/Src/stm32f4xx_hal_rtc.c ****   }
 1024              		.loc 1 327 14 is_stmt 0 view .LVU310
 1025 0066 2046     		mov	r0, r4
 1026 0068 FFF7FEFF 		bl	RTC_ExitInitMode
 1027              	.LVL61:
 330:Drivers/STM32F4xx_HAL_Driver/Src/stm32f4xx_hal_rtc.c ****   {
 1028              		.loc 1 330 3 is_stmt 1 view .LVU311
 330:Drivers/STM32F4xx_HAL_Driver/Src/stm32f4xx_hal_rtc.c ****   {
 1029              		.loc 1 330 6 is_stmt 0 view .LVU312
 1030 006c 0028     		cmp	r0, #0
 1031 006e D9D1     		bne	.L63
 332:Drivers/STM32F4xx_HAL_Driver/Src/stm32f4xx_hal_rtc.c ****     hrtc->Instance->TAFCR |= (uint32_t)(hrtc->Init.OutPutType);
 1032              		.loc 1 332 5 is_stmt 1 view .LVU313
 332:Drivers/STM32F4xx_HAL_Driver/Src/stm32f4xx_hal_rtc.c ****     hrtc->Instance->TAFCR |= (uint32_t)(hrtc->Init.OutPutType);
 1033              		.loc 1 332 9 is_stmt 0 view .LVU314
 1034 0070 2268     		ldr	r2, [r4]
 332:Drivers/STM32F4xx_HAL_Driver/Src/stm32f4xx_hal_rtc.c ****     hrtc->Instance->TAFCR |= (uint32_t)(hrtc->Init.OutPutType);
 1035              		.loc 1 332 19 view .LVU315
 1036 0072 136C     		ldr	r3, [r2, #64]
 332:Drivers/STM32F4xx_HAL_Driver/Src/stm32f4xx_hal_rtc.c ****     hrtc->Instance->TAFCR |= (uint32_t)(hrtc->Init.OutPutType);
 1037              		.loc 1 332 27 view .LVU316
 1038 0074 23F48023 		bic	r3, r3, #262144
 1039 0078 1364     		str	r3, [r2, #64]
 333:Drivers/STM32F4xx_HAL_Driver/Src/stm32f4xx_hal_rtc.c **** 
 1040              		.loc 1 333 5 is_stmt 1 view .LVU317
 333:Drivers/STM32F4xx_HAL_Driver/Src/stm32f4xx_hal_rtc.c **** 
 1041              		.loc 1 333 9 is_stmt 0 view .LVU318
 1042 007a 2268     		ldr	r2, [r4]
 333:Drivers/STM32F4xx_HAL_Driver/Src/stm32f4xx_hal_rtc.c **** 
 1043              		.loc 1 333 19 view .LVU319
 1044 007c 136C     		ldr	r3, [r2, #64]
 333:Drivers/STM32F4xx_HAL_Driver/Src/stm32f4xx_hal_rtc.c **** 
 1045              		.loc 1 333 51 view .LVU320
 1046 007e A169     		ldr	r1, [r4, #24]
 333:Drivers/STM32F4xx_HAL_Driver/Src/stm32f4xx_hal_rtc.c **** 
 1047              		.loc 1 333 27 view .LVU321
 1048 0080 0B43     		orrs	r3, r3, r1
 1049 0082 1364     		str	r3, [r2, #64]
 335:Drivers/STM32F4xx_HAL_Driver/Src/stm32f4xx_hal_rtc.c ****   }
 1050              		.loc 1 335 5 is_stmt 1 view .LVU322
 335:Drivers/STM32F4xx_HAL_Driver/Src/stm32f4xx_hal_rtc.c ****   }
 1051              		.loc 1 335 17 is_stmt 0 view .LVU323
 1052 0084 0123     		movs	r3, #1
ARM GAS  /tmp/ccXZyIjC.s 			page 54


 1053 0086 6377     		strb	r3, [r4, #29]
 1054 0088 CCE7     		b	.L63
 1055              	.LVL62:
 1056              	.L64:
 1057              	.LCFI7:
 1058              		.cfi_def_cfa_offset 0
 1059              		.cfi_restore 4
 1060              		.cfi_restore 14
 256:Drivers/STM32F4xx_HAL_Driver/Src/stm32f4xx_hal_rtc.c ****   }
 1061              		.loc 1 256 12 view .LVU324
 1062 008a 0120     		movs	r0, #1
 1063              	.LVL63:
 342:Drivers/STM32F4xx_HAL_Driver/Src/stm32f4xx_hal_rtc.c **** 
 1064              		.loc 1 342 1 view .LVU325
 1065 008c 7047     		bx	lr
 1066              		.cfi_endproc
 1067              	.LFE130:
 1069              		.section	.text.HAL_RTC_DeInit,"ax",%progbits
 1070              		.align	1
 1071              		.global	HAL_RTC_DeInit
 1072              		.syntax unified
 1073              		.thumb
 1074              		.thumb_func
 1076              	HAL_RTC_DeInit:
 1077              	.LVL64:
 1078              	.LFB131:
 352:Drivers/STM32F4xx_HAL_Driver/Src/stm32f4xx_hal_rtc.c ****   HAL_StatusTypeDef status = HAL_ERROR;
 1079              		.loc 1 352 1 is_stmt 1 view -0
 1080              		.cfi_startproc
 1081              		@ args = 0, pretend = 0, frame = 0
 1082              		@ frame_needed = 0, uses_anonymous_args = 0
 352:Drivers/STM32F4xx_HAL_Driver/Src/stm32f4xx_hal_rtc.c ****   HAL_StatusTypeDef status = HAL_ERROR;
 1083              		.loc 1 352 1 is_stmt 0 view .LVU327
 1084 0000 70B5     		push	{r4, r5, r6, lr}
 1085              	.LCFI8:
 1086              		.cfi_def_cfa_offset 16
 1087              		.cfi_offset 4, -16
 1088              		.cfi_offset 5, -12
 1089              		.cfi_offset 6, -8
 1090              		.cfi_offset 14, -4
 1091 0002 0446     		mov	r4, r0
 353:Drivers/STM32F4xx_HAL_Driver/Src/stm32f4xx_hal_rtc.c **** 
 1092              		.loc 1 353 3 is_stmt 1 view .LVU328
 1093              	.LVL65:
 356:Drivers/STM32F4xx_HAL_Driver/Src/stm32f4xx_hal_rtc.c **** 
 1094              		.loc 1 356 3 view .LVU329
 359:Drivers/STM32F4xx_HAL_Driver/Src/stm32f4xx_hal_rtc.c **** 
 1095              		.loc 1 359 3 view .LVU330
 359:Drivers/STM32F4xx_HAL_Driver/Src/stm32f4xx_hal_rtc.c **** 
 1096              		.loc 1 359 15 is_stmt 0 view .LVU331
 1097 0004 0223     		movs	r3, #2
 1098 0006 4377     		strb	r3, [r0, #29]
 362:Drivers/STM32F4xx_HAL_Driver/Src/stm32f4xx_hal_rtc.c **** 
 1099              		.loc 1 362 3 is_stmt 1 view .LVU332
 362:Drivers/STM32F4xx_HAL_Driver/Src/stm32f4xx_hal_rtc.c **** 
 1100              		.loc 1 362 3 view .LVU333
 1101 0008 0368     		ldr	r3, [r0]
ARM GAS  /tmp/ccXZyIjC.s 			page 55


 1102 000a CA22     		movs	r2, #202
 1103 000c 5A62     		str	r2, [r3, #36]
 362:Drivers/STM32F4xx_HAL_Driver/Src/stm32f4xx_hal_rtc.c **** 
 1104              		.loc 1 362 3 view .LVU334
 1105 000e 0368     		ldr	r3, [r0]
 1106 0010 5322     		movs	r2, #83
 1107 0012 5A62     		str	r2, [r3, #36]
 362:Drivers/STM32F4xx_HAL_Driver/Src/stm32f4xx_hal_rtc.c **** 
 1108              		.loc 1 362 3 view .LVU335
 365:Drivers/STM32F4xx_HAL_Driver/Src/stm32f4xx_hal_rtc.c **** 
 1109              		.loc 1 365 3 view .LVU336
 365:Drivers/STM32F4xx_HAL_Driver/Src/stm32f4xx_hal_rtc.c **** 
 1110              		.loc 1 365 12 is_stmt 0 view .LVU337
 1111 0014 FFF7FEFF 		bl	RTC_EnterInitMode
 1112              	.LVL66:
 367:Drivers/STM32F4xx_HAL_Driver/Src/stm32f4xx_hal_rtc.c ****   {
 1113              		.loc 1 367 3 is_stmt 1 view .LVU338
 367:Drivers/STM32F4xx_HAL_Driver/Src/stm32f4xx_hal_rtc.c ****   {
 1114              		.loc 1 367 6 is_stmt 0 view .LVU339
 1115 0018 0546     		mov	r5, r0
 1116 001a 40B1     		cbz	r0, .L75
 1117              	.LVL67:
 1118              	.L72:
 388:Drivers/STM32F4xx_HAL_Driver/Src/stm32f4xx_hal_rtc.c **** 
 1119              		.loc 1 388 3 is_stmt 1 view .LVU340
 388:Drivers/STM32F4xx_HAL_Driver/Src/stm32f4xx_hal_rtc.c **** 
 1120              		.loc 1 388 3 view .LVU341
 1121 001c 2368     		ldr	r3, [r4]
 1122 001e FF22     		movs	r2, #255
 1123 0020 5A62     		str	r2, [r3, #36]
 388:Drivers/STM32F4xx_HAL_Driver/Src/stm32f4xx_hal_rtc.c **** 
 1124              		.loc 1 388 3 view .LVU342
 390:Drivers/STM32F4xx_HAL_Driver/Src/stm32f4xx_hal_rtc.c ****   {
 1125              		.loc 1 390 3 view .LVU343
 390:Drivers/STM32F4xx_HAL_Driver/Src/stm32f4xx_hal_rtc.c ****   {
 1126              		.loc 1 390 6 is_stmt 0 view .LVU344
 1127 0022 002D     		cmp	r5, #0
 1128 0024 27D0     		beq	.L76
 1129              	.L73:
 412:Drivers/STM32F4xx_HAL_Driver/Src/stm32f4xx_hal_rtc.c **** 
 1130              		.loc 1 412 3 is_stmt 1 view .LVU345
 412:Drivers/STM32F4xx_HAL_Driver/Src/stm32f4xx_hal_rtc.c **** 
 1131              		.loc 1 412 3 view .LVU346
 1132 0026 0023     		movs	r3, #0
 1133 0028 2377     		strb	r3, [r4, #28]
 412:Drivers/STM32F4xx_HAL_Driver/Src/stm32f4xx_hal_rtc.c **** 
 1134              		.loc 1 412 3 view .LVU347
 414:Drivers/STM32F4xx_HAL_Driver/Src/stm32f4xx_hal_rtc.c **** }
 1135              		.loc 1 414 3 view .LVU348
 415:Drivers/STM32F4xx_HAL_Driver/Src/stm32f4xx_hal_rtc.c **** 
 1136              		.loc 1 415 1 is_stmt 0 view .LVU349
 1137 002a 2846     		mov	r0, r5
 1138 002c 70BD     		pop	{r4, r5, r6, pc}
 1139              	.LVL68:
 1140              	.L75:
 370:Drivers/STM32F4xx_HAL_Driver/Src/stm32f4xx_hal_rtc.c ****     hrtc->Instance->DR = (RTC_DR_WDU_0 | RTC_DR_MU_0 | RTC_DR_DU_0);
 1141              		.loc 1 370 5 is_stmt 1 view .LVU350
ARM GAS  /tmp/ccXZyIjC.s 			page 56


 370:Drivers/STM32F4xx_HAL_Driver/Src/stm32f4xx_hal_rtc.c ****     hrtc->Instance->DR = (RTC_DR_WDU_0 | RTC_DR_MU_0 | RTC_DR_DU_0);
 1142              		.loc 1 370 9 is_stmt 0 view .LVU351
 1143 002e 2268     		ldr	r2, [r4]
 370:Drivers/STM32F4xx_HAL_Driver/Src/stm32f4xx_hal_rtc.c ****     hrtc->Instance->DR = (RTC_DR_WDU_0 | RTC_DR_MU_0 | RTC_DR_DU_0);
 1144              		.loc 1 370 24 view .LVU352
 1145 0030 0023     		movs	r3, #0
 1146 0032 1360     		str	r3, [r2]
 371:Drivers/STM32F4xx_HAL_Driver/Src/stm32f4xx_hal_rtc.c ****     hrtc->Instance->CR  &= 0x00000000U;
 1147              		.loc 1 371 5 is_stmt 1 view .LVU353
 371:Drivers/STM32F4xx_HAL_Driver/Src/stm32f4xx_hal_rtc.c ****     hrtc->Instance->CR  &= 0x00000000U;
 1148              		.loc 1 371 9 is_stmt 0 view .LVU354
 1149 0034 2268     		ldr	r2, [r4]
 371:Drivers/STM32F4xx_HAL_Driver/Src/stm32f4xx_hal_rtc.c ****     hrtc->Instance->CR  &= 0x00000000U;
 1150              		.loc 1 371 24 view .LVU355
 1151 0036 42F20111 		movw	r1, #8449
 1152 003a 5160     		str	r1, [r2, #4]
 372:Drivers/STM32F4xx_HAL_Driver/Src/stm32f4xx_hal_rtc.c ****     hrtc->Instance->WUTR = RTC_WUTR_WUT;
 1153              		.loc 1 372 5 is_stmt 1 view .LVU356
 372:Drivers/STM32F4xx_HAL_Driver/Src/stm32f4xx_hal_rtc.c ****     hrtc->Instance->WUTR = RTC_WUTR_WUT;
 1154              		.loc 1 372 9 is_stmt 0 view .LVU357
 1155 003c 2268     		ldr	r2, [r4]
 372:Drivers/STM32F4xx_HAL_Driver/Src/stm32f4xx_hal_rtc.c ****     hrtc->Instance->WUTR = RTC_WUTR_WUT;
 1156              		.loc 1 372 19 view .LVU358
 1157 003e 9168     		ldr	r1, [r2, #8]
 372:Drivers/STM32F4xx_HAL_Driver/Src/stm32f4xx_hal_rtc.c ****     hrtc->Instance->WUTR = RTC_WUTR_WUT;
 1158              		.loc 1 372 25 view .LVU359
 1159 0040 9360     		str	r3, [r2, #8]
 373:Drivers/STM32F4xx_HAL_Driver/Src/stm32f4xx_hal_rtc.c ****     hrtc->Instance->PRER = (uint32_t)(RTC_PRER_PREDIV_A | 0x000000FFU);
 1160              		.loc 1 373 5 is_stmt 1 view .LVU360
 373:Drivers/STM32F4xx_HAL_Driver/Src/stm32f4xx_hal_rtc.c ****     hrtc->Instance->PRER = (uint32_t)(RTC_PRER_PREDIV_A | 0x000000FFU);
 1161              		.loc 1 373 9 is_stmt 0 view .LVU361
 1162 0042 2268     		ldr	r2, [r4]
 373:Drivers/STM32F4xx_HAL_Driver/Src/stm32f4xx_hal_rtc.c ****     hrtc->Instance->PRER = (uint32_t)(RTC_PRER_PREDIV_A | 0x000000FFU);
 1163              		.loc 1 373 26 view .LVU362
 1164 0044 4FF6FF71 		movw	r1, #65535
 1165 0048 5161     		str	r1, [r2, #20]
 374:Drivers/STM32F4xx_HAL_Driver/Src/stm32f4xx_hal_rtc.c ****     hrtc->Instance->CALIBR = 0x00000000U;
 1166              		.loc 1 374 5 is_stmt 1 view .LVU363
 374:Drivers/STM32F4xx_HAL_Driver/Src/stm32f4xx_hal_rtc.c ****     hrtc->Instance->CALIBR = 0x00000000U;
 1167              		.loc 1 374 9 is_stmt 0 view .LVU364
 1168 004a 2268     		ldr	r2, [r4]
 374:Drivers/STM32F4xx_HAL_Driver/Src/stm32f4xx_hal_rtc.c ****     hrtc->Instance->CALIBR = 0x00000000U;
 1169              		.loc 1 374 26 view .LVU365
 1170 004c 0E49     		ldr	r1, .L77
 1171 004e 1161     		str	r1, [r2, #16]
 375:Drivers/STM32F4xx_HAL_Driver/Src/stm32f4xx_hal_rtc.c ****     hrtc->Instance->ALRMAR   = 0x00000000U;
 1172              		.loc 1 375 5 is_stmt 1 view .LVU366
 375:Drivers/STM32F4xx_HAL_Driver/Src/stm32f4xx_hal_rtc.c ****     hrtc->Instance->ALRMAR   = 0x00000000U;
 1173              		.loc 1 375 9 is_stmt 0 view .LVU367
 1174 0050 2268     		ldr	r2, [r4]
 375:Drivers/STM32F4xx_HAL_Driver/Src/stm32f4xx_hal_rtc.c ****     hrtc->Instance->ALRMAR   = 0x00000000U;
 1175              		.loc 1 375 28 view .LVU368
 1176 0052 9361     		str	r3, [r2, #24]
 376:Drivers/STM32F4xx_HAL_Driver/Src/stm32f4xx_hal_rtc.c ****     hrtc->Instance->ALRMBR   = 0x00000000U;
 1177              		.loc 1 376 5 is_stmt 1 view .LVU369
 376:Drivers/STM32F4xx_HAL_Driver/Src/stm32f4xx_hal_rtc.c ****     hrtc->Instance->ALRMBR   = 0x00000000U;
 1178              		.loc 1 376 9 is_stmt 0 view .LVU370
ARM GAS  /tmp/ccXZyIjC.s 			page 57


 1179 0054 2268     		ldr	r2, [r4]
 376:Drivers/STM32F4xx_HAL_Driver/Src/stm32f4xx_hal_rtc.c ****     hrtc->Instance->ALRMBR   = 0x00000000U;
 1180              		.loc 1 376 30 view .LVU371
 1181 0056 D361     		str	r3, [r2, #28]
 377:Drivers/STM32F4xx_HAL_Driver/Src/stm32f4xx_hal_rtc.c ****     hrtc->Instance->CALR     = 0x00000000U;
 1182              		.loc 1 377 5 is_stmt 1 view .LVU372
 377:Drivers/STM32F4xx_HAL_Driver/Src/stm32f4xx_hal_rtc.c ****     hrtc->Instance->CALR     = 0x00000000U;
 1183              		.loc 1 377 9 is_stmt 0 view .LVU373
 1184 0058 2268     		ldr	r2, [r4]
 377:Drivers/STM32F4xx_HAL_Driver/Src/stm32f4xx_hal_rtc.c ****     hrtc->Instance->CALR     = 0x00000000U;
 1185              		.loc 1 377 30 view .LVU374
 1186 005a 1362     		str	r3, [r2, #32]
 378:Drivers/STM32F4xx_HAL_Driver/Src/stm32f4xx_hal_rtc.c ****     hrtc->Instance->SHIFTR   = 0x00000000U;
 1187              		.loc 1 378 5 is_stmt 1 view .LVU375
 378:Drivers/STM32F4xx_HAL_Driver/Src/stm32f4xx_hal_rtc.c ****     hrtc->Instance->SHIFTR   = 0x00000000U;
 1188              		.loc 1 378 9 is_stmt 0 view .LVU376
 1189 005c 2268     		ldr	r2, [r4]
 378:Drivers/STM32F4xx_HAL_Driver/Src/stm32f4xx_hal_rtc.c ****     hrtc->Instance->SHIFTR   = 0x00000000U;
 1190              		.loc 1 378 30 view .LVU377
 1191 005e D363     		str	r3, [r2, #60]
 379:Drivers/STM32F4xx_HAL_Driver/Src/stm32f4xx_hal_rtc.c ****     hrtc->Instance->ALRMASSR = 0x00000000U;
 1192              		.loc 1 379 5 is_stmt 1 view .LVU378
 379:Drivers/STM32F4xx_HAL_Driver/Src/stm32f4xx_hal_rtc.c ****     hrtc->Instance->ALRMASSR = 0x00000000U;
 1193              		.loc 1 379 9 is_stmt 0 view .LVU379
 1194 0060 2268     		ldr	r2, [r4]
 379:Drivers/STM32F4xx_HAL_Driver/Src/stm32f4xx_hal_rtc.c ****     hrtc->Instance->ALRMASSR = 0x00000000U;
 1195              		.loc 1 379 30 view .LVU380
 1196 0062 D362     		str	r3, [r2, #44]
 380:Drivers/STM32F4xx_HAL_Driver/Src/stm32f4xx_hal_rtc.c ****     hrtc->Instance->ALRMBSSR = 0x00000000U;
 1197              		.loc 1 380 5 is_stmt 1 view .LVU381
 380:Drivers/STM32F4xx_HAL_Driver/Src/stm32f4xx_hal_rtc.c ****     hrtc->Instance->ALRMBSSR = 0x00000000U;
 1198              		.loc 1 380 9 is_stmt 0 view .LVU382
 1199 0064 2268     		ldr	r2, [r4]
 380:Drivers/STM32F4xx_HAL_Driver/Src/stm32f4xx_hal_rtc.c ****     hrtc->Instance->ALRMBSSR = 0x00000000U;
 1200              		.loc 1 380 30 view .LVU383
 1201 0066 5364     		str	r3, [r2, #68]
 381:Drivers/STM32F4xx_HAL_Driver/Src/stm32f4xx_hal_rtc.c **** 
 1202              		.loc 1 381 5 is_stmt 1 view .LVU384
 381:Drivers/STM32F4xx_HAL_Driver/Src/stm32f4xx_hal_rtc.c **** 
 1203              		.loc 1 381 9 is_stmt 0 view .LVU385
 1204 0068 2268     		ldr	r2, [r4]
 381:Drivers/STM32F4xx_HAL_Driver/Src/stm32f4xx_hal_rtc.c **** 
 1205              		.loc 1 381 30 view .LVU386
 1206 006a 9364     		str	r3, [r2, #72]
 384:Drivers/STM32F4xx_HAL_Driver/Src/stm32f4xx_hal_rtc.c ****   }
 1207              		.loc 1 384 5 is_stmt 1 view .LVU387
 384:Drivers/STM32F4xx_HAL_Driver/Src/stm32f4xx_hal_rtc.c ****   }
 1208              		.loc 1 384 14 is_stmt 0 view .LVU388
 1209 006c 2046     		mov	r0, r4
 1210              	.LVL69:
 384:Drivers/STM32F4xx_HAL_Driver/Src/stm32f4xx_hal_rtc.c ****   }
 1211              		.loc 1 384 14 view .LVU389
 1212 006e FFF7FEFF 		bl	RTC_ExitInitMode
 1213              	.LVL70:
 1214 0072 0546     		mov	r5, r0
 1215              	.LVL71:
 384:Drivers/STM32F4xx_HAL_Driver/Src/stm32f4xx_hal_rtc.c ****   }
ARM GAS  /tmp/ccXZyIjC.s 			page 58


 1216              		.loc 1 384 14 view .LVU390
 1217 0074 D2E7     		b	.L72
 1218              	.LVL72:
 1219              	.L76:
 393:Drivers/STM32F4xx_HAL_Driver/Src/stm32f4xx_hal_rtc.c **** 
 1220              		.loc 1 393 5 is_stmt 1 view .LVU391
 393:Drivers/STM32F4xx_HAL_Driver/Src/stm32f4xx_hal_rtc.c **** 
 1221              		.loc 1 393 9 is_stmt 0 view .LVU392
 1222 0076 2368     		ldr	r3, [r4]
 393:Drivers/STM32F4xx_HAL_Driver/Src/stm32f4xx_hal_rtc.c **** 
 1223              		.loc 1 393 27 view .LVU393
 1224 0078 0026     		movs	r6, #0
 1225 007a 1E64     		str	r6, [r3, #64]
 405:Drivers/STM32F4xx_HAL_Driver/Src/stm32f4xx_hal_rtc.c **** #endif /* USE_HAL_RTC_REGISTER_CALLBACKS */
 1226              		.loc 1 405 5 is_stmt 1 view .LVU394
 1227 007c 2046     		mov	r0, r4
 1228 007e FFF7FEFF 		bl	HAL_RTC_MspDeInit
 1229              	.LVL73:
 408:Drivers/STM32F4xx_HAL_Driver/Src/stm32f4xx_hal_rtc.c ****   }
 1230              		.loc 1 408 5 view .LVU395
 408:Drivers/STM32F4xx_HAL_Driver/Src/stm32f4xx_hal_rtc.c ****   }
 1231              		.loc 1 408 17 is_stmt 0 view .LVU396
 1232 0082 6677     		strb	r6, [r4, #29]
 1233 0084 CFE7     		b	.L73
 1234              	.L78:
 1235 0086 00BF     		.align	2
 1236              	.L77:
 1237 0088 FF007F00 		.word	8323327
 1238              		.cfi_endproc
 1239              	.LFE131:
 1241              		.section	.text.RTC_ByteToBcd2,"ax",%progbits
 1242              		.align	1
 1243              		.global	RTC_ByteToBcd2
 1244              		.syntax unified
 1245              		.thumb
 1246              		.thumb_func
 1248              	RTC_ByteToBcd2:
 1249              	.LVL74:
 1250              	.LFB154:
1854:Drivers/STM32F4xx_HAL_Driver/Src/stm32f4xx_hal_rtc.c **** 
1855:Drivers/STM32F4xx_HAL_Driver/Src/stm32f4xx_hal_rtc.c **** /**
1856:Drivers/STM32F4xx_HAL_Driver/Src/stm32f4xx_hal_rtc.c ****   * @brief  Converts a 2-digit number from decimal to BCD format.
1857:Drivers/STM32F4xx_HAL_Driver/Src/stm32f4xx_hal_rtc.c ****   * @param  number decimal-formatted number (from 0 to 99) to be converted
1858:Drivers/STM32F4xx_HAL_Driver/Src/stm32f4xx_hal_rtc.c ****   * @retval Converted byte
1859:Drivers/STM32F4xx_HAL_Driver/Src/stm32f4xx_hal_rtc.c ****   */
1860:Drivers/STM32F4xx_HAL_Driver/Src/stm32f4xx_hal_rtc.c **** uint8_t RTC_ByteToBcd2(uint8_t number)
1861:Drivers/STM32F4xx_HAL_Driver/Src/stm32f4xx_hal_rtc.c **** {
 1251              		.loc 1 1861 1 is_stmt 1 view -0
 1252              		.cfi_startproc
 1253              		@ args = 0, pretend = 0, frame = 0
 1254              		@ frame_needed = 0, uses_anonymous_args = 0
 1255              		@ link register save eliminated.
1862:Drivers/STM32F4xx_HAL_Driver/Src/stm32f4xx_hal_rtc.c ****   uint8_t bcdhigh = 0U;
 1256              		.loc 1 1862 3 view .LVU398
1863:Drivers/STM32F4xx_HAL_Driver/Src/stm32f4xx_hal_rtc.c **** 
1864:Drivers/STM32F4xx_HAL_Driver/Src/stm32f4xx_hal_rtc.c ****   while (number >= 10U)
 1257              		.loc 1 1864 3 view .LVU399
ARM GAS  /tmp/ccXZyIjC.s 			page 59


1862:Drivers/STM32F4xx_HAL_Driver/Src/stm32f4xx_hal_rtc.c ****   uint8_t bcdhigh = 0U;
 1258              		.loc 1 1862 11 is_stmt 0 view .LVU400
 1259 0000 0023     		movs	r3, #0
 1260              		.loc 1 1864 9 view .LVU401
 1261 0002 03E0     		b	.L80
 1262              	.LVL75:
 1263              	.L81:
1865:Drivers/STM32F4xx_HAL_Driver/Src/stm32f4xx_hal_rtc.c ****   {
1866:Drivers/STM32F4xx_HAL_Driver/Src/stm32f4xx_hal_rtc.c ****     bcdhigh++;
 1264              		.loc 1 1866 5 is_stmt 1 view .LVU402
 1265              		.loc 1 1866 12 is_stmt 0 view .LVU403
 1266 0004 0133     		adds	r3, r3, #1
 1267              	.LVL76:
 1268              		.loc 1 1866 12 view .LVU404
 1269 0006 DBB2     		uxtb	r3, r3
 1270              	.LVL77:
1867:Drivers/STM32F4xx_HAL_Driver/Src/stm32f4xx_hal_rtc.c ****     number -= 10U;
 1271              		.loc 1 1867 5 is_stmt 1 view .LVU405
 1272              		.loc 1 1867 12 is_stmt 0 view .LVU406
 1273 0008 0A38     		subs	r0, r0, #10
 1274              	.LVL78:
 1275              		.loc 1 1867 12 view .LVU407
 1276 000a C0B2     		uxtb	r0, r0
 1277              	.LVL79:
 1278              	.L80:
1864:Drivers/STM32F4xx_HAL_Driver/Src/stm32f4xx_hal_rtc.c ****   {
 1279              		.loc 1 1864 17 is_stmt 1 view .LVU408
 1280 000c 0928     		cmp	r0, #9
 1281 000e F9D8     		bhi	.L81
1868:Drivers/STM32F4xx_HAL_Driver/Src/stm32f4xx_hal_rtc.c ****   }
1869:Drivers/STM32F4xx_HAL_Driver/Src/stm32f4xx_hal_rtc.c **** 
1870:Drivers/STM32F4xx_HAL_Driver/Src/stm32f4xx_hal_rtc.c ****   return ((uint8_t)(bcdhigh << 4U) | number);
 1282              		.loc 1 1870 3 view .LVU409
 1283              		.loc 1 1870 11 is_stmt 0 view .LVU410
 1284 0010 1B01     		lsls	r3, r3, #4
 1285              	.LVL80:
 1286              		.loc 1 1870 11 view .LVU411
 1287 0012 DBB2     		uxtb	r3, r3
1871:Drivers/STM32F4xx_HAL_Driver/Src/stm32f4xx_hal_rtc.c **** }
 1288              		.loc 1 1871 1 view .LVU412
 1289 0014 1843     		orrs	r0, r0, r3
 1290              	.LVL81:
 1291              		.loc 1 1871 1 view .LVU413
 1292 0016 7047     		bx	lr
 1293              		.cfi_endproc
 1294              	.LFE154:
 1296              		.section	.text.HAL_RTC_SetTime,"ax",%progbits
 1297              		.align	1
 1298              		.global	HAL_RTC_SetTime
 1299              		.syntax unified
 1300              		.thumb
 1301              		.thumb_func
 1303              	HAL_RTC_SetTime:
 1304              	.LVL82:
 1305              	.LFB134:
 687:Drivers/STM32F4xx_HAL_Driver/Src/stm32f4xx_hal_rtc.c ****   uint32_t tmpreg = 0U;
 1306              		.loc 1 687 1 is_stmt 1 view -0
ARM GAS  /tmp/ccXZyIjC.s 			page 60


 1307              		.cfi_startproc
 1308              		@ args = 0, pretend = 0, frame = 0
 1309              		@ frame_needed = 0, uses_anonymous_args = 0
 688:Drivers/STM32F4xx_HAL_Driver/Src/stm32f4xx_hal_rtc.c ****   HAL_StatusTypeDef status;
 1310              		.loc 1 688 3 view .LVU415
 689:Drivers/STM32F4xx_HAL_Driver/Src/stm32f4xx_hal_rtc.c **** 
 1311              		.loc 1 689 3 view .LVU416
 692:Drivers/STM32F4xx_HAL_Driver/Src/stm32f4xx_hal_rtc.c ****   assert_param(IS_RTC_DAYLIGHT_SAVING(sTime->DayLightSaving));
 1312              		.loc 1 692 3 view .LVU417
 693:Drivers/STM32F4xx_HAL_Driver/Src/stm32f4xx_hal_rtc.c ****   assert_param(IS_RTC_STORE_OPERATION(sTime->StoreOperation));
 1313              		.loc 1 693 3 view .LVU418
 694:Drivers/STM32F4xx_HAL_Driver/Src/stm32f4xx_hal_rtc.c **** 
 1314              		.loc 1 694 3 view .LVU419
 697:Drivers/STM32F4xx_HAL_Driver/Src/stm32f4xx_hal_rtc.c **** 
 1315              		.loc 1 697 3 view .LVU420
 697:Drivers/STM32F4xx_HAL_Driver/Src/stm32f4xx_hal_rtc.c **** 
 1316              		.loc 1 697 3 view .LVU421
 1317 0000 037F     		ldrb	r3, [r0, #28]	@ zero_extendqisi2
 1318 0002 012B     		cmp	r3, #1
 1319 0004 5AD0     		beq	.L89
 687:Drivers/STM32F4xx_HAL_Driver/Src/stm32f4xx_hal_rtc.c ****   uint32_t tmpreg = 0U;
 1320              		.loc 1 687 1 is_stmt 0 view .LVU422
 1321 0006 70B5     		push	{r4, r5, r6, lr}
 1322              	.LCFI9:
 1323              		.cfi_def_cfa_offset 16
 1324              		.cfi_offset 4, -16
 1325              		.cfi_offset 5, -12
 1326              		.cfi_offset 6, -8
 1327              		.cfi_offset 14, -4
 1328 0008 0446     		mov	r4, r0
 1329 000a 0E46     		mov	r6, r1
 697:Drivers/STM32F4xx_HAL_Driver/Src/stm32f4xx_hal_rtc.c **** 
 1330              		.loc 1 697 3 is_stmt 1 discriminator 2 view .LVU423
 1331 000c 0123     		movs	r3, #1
 1332 000e 0377     		strb	r3, [r0, #28]
 697:Drivers/STM32F4xx_HAL_Driver/Src/stm32f4xx_hal_rtc.c **** 
 1333              		.loc 1 697 3 view .LVU424
 699:Drivers/STM32F4xx_HAL_Driver/Src/stm32f4xx_hal_rtc.c **** 
 1334              		.loc 1 699 3 view .LVU425
 699:Drivers/STM32F4xx_HAL_Driver/Src/stm32f4xx_hal_rtc.c **** 
 1335              		.loc 1 699 15 is_stmt 0 view .LVU426
 1336 0010 0223     		movs	r3, #2
 1337 0012 4377     		strb	r3, [r0, #29]
 701:Drivers/STM32F4xx_HAL_Driver/Src/stm32f4xx_hal_rtc.c ****   {
 1338              		.loc 1 701 3 is_stmt 1 view .LVU427
 701:Drivers/STM32F4xx_HAL_Driver/Src/stm32f4xx_hal_rtc.c ****   {
 1339              		.loc 1 701 6 is_stmt 0 view .LVU428
 1340 0014 32BB     		cbnz	r2, .L84
 703:Drivers/STM32F4xx_HAL_Driver/Src/stm32f4xx_hal_rtc.c ****     {
 1341              		.loc 1 703 5 is_stmt 1 view .LVU429
 703:Drivers/STM32F4xx_HAL_Driver/Src/stm32f4xx_hal_rtc.c ****     {
 1342              		.loc 1 703 14 is_stmt 0 view .LVU430
 1343 0016 0368     		ldr	r3, [r0]
 703:Drivers/STM32F4xx_HAL_Driver/Src/stm32f4xx_hal_rtc.c ****     {
 1344              		.loc 1 703 24 view .LVU431
 1345 0018 9B68     		ldr	r3, [r3, #8]
 703:Drivers/STM32F4xx_HAL_Driver/Src/stm32f4xx_hal_rtc.c ****     {
ARM GAS  /tmp/ccXZyIjC.s 			page 61


 1346              		.loc 1 703 8 view .LVU432
 1347 001a 13F0400F 		tst	r3, #64
 1348 001e 01D1     		bne	.L85
 710:Drivers/STM32F4xx_HAL_Driver/Src/stm32f4xx_hal_rtc.c ****       assert_param(IS_RTC_HOUR24(sTime->Hours));
 1349              		.loc 1 710 7 is_stmt 1 view .LVU433
 710:Drivers/STM32F4xx_HAL_Driver/Src/stm32f4xx_hal_rtc.c ****       assert_param(IS_RTC_HOUR24(sTime->Hours));
 1350              		.loc 1 710 25 is_stmt 0 view .LVU434
 1351 0020 0023     		movs	r3, #0
 1352 0022 CB70     		strb	r3, [r1, #3]
 1353              	.L85:
 711:Drivers/STM32F4xx_HAL_Driver/Src/stm32f4xx_hal_rtc.c ****     }
 1354              		.loc 1 711 7 is_stmt 1 view .LVU435
 713:Drivers/STM32F4xx_HAL_Driver/Src/stm32f4xx_hal_rtc.c ****     assert_param(IS_RTC_SECONDS(sTime->Seconds));
 1355              		.loc 1 713 5 view .LVU436
 714:Drivers/STM32F4xx_HAL_Driver/Src/stm32f4xx_hal_rtc.c **** 
 1356              		.loc 1 714 5 view .LVU437
 716:Drivers/STM32F4xx_HAL_Driver/Src/stm32f4xx_hal_rtc.c ****                         ( (uint32_t)RTC_ByteToBcd2(sTime->Minutes) << RTC_TR_MNU_Pos) | \
 1357              		.loc 1 716 5 view .LVU438
 716:Drivers/STM32F4xx_HAL_Driver/Src/stm32f4xx_hal_rtc.c ****                         ( (uint32_t)RTC_ByteToBcd2(sTime->Minutes) << RTC_TR_MNU_Pos) | \
 1358              		.loc 1 716 37 is_stmt 0 view .LVU439
 1359 0024 3078     		ldrb	r0, [r6]	@ zero_extendqisi2
 1360              	.LVL83:
 716:Drivers/STM32F4xx_HAL_Driver/Src/stm32f4xx_hal_rtc.c ****                         ( (uint32_t)RTC_ByteToBcd2(sTime->Minutes) << RTC_TR_MNU_Pos) | \
 1361              		.loc 1 716 37 view .LVU440
 1362 0026 FFF7FEFF 		bl	RTC_ByteToBcd2
 1363              	.LVL84:
 716:Drivers/STM32F4xx_HAL_Driver/Src/stm32f4xx_hal_rtc.c ****                         ( (uint32_t)RTC_ByteToBcd2(sTime->Minutes) << RTC_TR_MNU_Pos) | \
 1364              		.loc 1 716 68 discriminator 1 view .LVU441
 1365 002a 0504     		lsls	r5, r0, #16
 717:Drivers/STM32F4xx_HAL_Driver/Src/stm32f4xx_hal_rtc.c ****                         ( (uint32_t)RTC_ByteToBcd2(sTime->Seconds))                   | \
 1366              		.loc 1 717 37 view .LVU442
 1367 002c 7078     		ldrb	r0, [r6, #1]	@ zero_extendqisi2
 1368 002e FFF7FEFF 		bl	RTC_ByteToBcd2
 1369              	.LVL85:
 716:Drivers/STM32F4xx_HAL_Driver/Src/stm32f4xx_hal_rtc.c ****                         ( (uint32_t)RTC_ByteToBcd2(sTime->Minutes) << RTC_TR_MNU_Pos) | \
 1370              		.loc 1 716 87 view .LVU443
 1371 0032 45EA0025 		orr	r5, r5, r0, lsl #8
 718:Drivers/STM32F4xx_HAL_Driver/Src/stm32f4xx_hal_rtc.c ****                         (((uint32_t)sTime->TimeFormat)             << RTC_TR_PM_Pos));
 1372              		.loc 1 718 37 view .LVU444
 1373 0036 B078     		ldrb	r0, [r6, #2]	@ zero_extendqisi2
 1374 0038 FFF7FEFF 		bl	RTC_ByteToBcd2
 1375              	.LVL86:
 717:Drivers/STM32F4xx_HAL_Driver/Src/stm32f4xx_hal_rtc.c ****                         ( (uint32_t)RTC_ByteToBcd2(sTime->Seconds))                   | \
 1376              		.loc 1 717 87 view .LVU445
 1377 003c 0543     		orrs	r5, r5, r0
 719:Drivers/STM32F4xx_HAL_Driver/Src/stm32f4xx_hal_rtc.c ****   }
 1378              		.loc 1 719 42 view .LVU446
 1379 003e F378     		ldrb	r3, [r6, #3]	@ zero_extendqisi2
 716:Drivers/STM32F4xx_HAL_Driver/Src/stm32f4xx_hal_rtc.c ****                         ( (uint32_t)RTC_ByteToBcd2(sTime->Minutes) << RTC_TR_MNU_Pos) | \
 1380              		.loc 1 716 12 view .LVU447
 1381 0040 45EA8355 		orr	r5, r5, r3, lsl #22
 1382              	.LVL87:
 1383              	.L86:
 742:Drivers/STM32F4xx_HAL_Driver/Src/stm32f4xx_hal_rtc.c **** 
 1384              		.loc 1 742 3 is_stmt 1 view .LVU448
 742:Drivers/STM32F4xx_HAL_Driver/Src/stm32f4xx_hal_rtc.c **** 
 1385              		.loc 1 742 3 view .LVU449
ARM GAS  /tmp/ccXZyIjC.s 			page 62


 1386 0044 2368     		ldr	r3, [r4]
 1387 0046 CA22     		movs	r2, #202
 1388 0048 5A62     		str	r2, [r3, #36]
 742:Drivers/STM32F4xx_HAL_Driver/Src/stm32f4xx_hal_rtc.c **** 
 1389              		.loc 1 742 3 view .LVU450
 1390 004a 2368     		ldr	r3, [r4]
 1391 004c 5322     		movs	r2, #83
 1392 004e 5A62     		str	r2, [r3, #36]
 742:Drivers/STM32F4xx_HAL_Driver/Src/stm32f4xx_hal_rtc.c **** 
 1393              		.loc 1 742 3 view .LVU451
 745:Drivers/STM32F4xx_HAL_Driver/Src/stm32f4xx_hal_rtc.c **** 
 1394              		.loc 1 745 3 view .LVU452
 745:Drivers/STM32F4xx_HAL_Driver/Src/stm32f4xx_hal_rtc.c **** 
 1395              		.loc 1 745 12 is_stmt 0 view .LVU453
 1396 0050 2046     		mov	r0, r4
 1397 0052 FFF7FEFF 		bl	RTC_EnterInitMode
 1398              	.LVL88:
 747:Drivers/STM32F4xx_HAL_Driver/Src/stm32f4xx_hal_rtc.c ****   {
 1399              		.loc 1 747 3 is_stmt 1 view .LVU454
 747:Drivers/STM32F4xx_HAL_Driver/Src/stm32f4xx_hal_rtc.c ****   {
 1400              		.loc 1 747 6 is_stmt 0 view .LVU455
 1401 0056 B8B1     		cbz	r0, .L94
 1402              	.LVL89:
 1403              	.L88:
 768:Drivers/STM32F4xx_HAL_Driver/Src/stm32f4xx_hal_rtc.c **** 
 1404              		.loc 1 768 3 is_stmt 1 view .LVU456
 768:Drivers/STM32F4xx_HAL_Driver/Src/stm32f4xx_hal_rtc.c **** 
 1405              		.loc 1 768 3 view .LVU457
 1406 0058 2368     		ldr	r3, [r4]
 1407 005a FF22     		movs	r2, #255
 1408 005c 5A62     		str	r2, [r3, #36]
 768:Drivers/STM32F4xx_HAL_Driver/Src/stm32f4xx_hal_rtc.c **** 
 1409              		.loc 1 768 3 view .LVU458
 771:Drivers/STM32F4xx_HAL_Driver/Src/stm32f4xx_hal_rtc.c **** 
 1410              		.loc 1 771 3 view .LVU459
 771:Drivers/STM32F4xx_HAL_Driver/Src/stm32f4xx_hal_rtc.c **** 
 1411              		.loc 1 771 3 view .LVU460
 1412 005e 0023     		movs	r3, #0
 1413 0060 2377     		strb	r3, [r4, #28]
 771:Drivers/STM32F4xx_HAL_Driver/Src/stm32f4xx_hal_rtc.c **** 
 1414              		.loc 1 771 3 view .LVU461
 773:Drivers/STM32F4xx_HAL_Driver/Src/stm32f4xx_hal_rtc.c **** }
 1415              		.loc 1 773 3 view .LVU462
 774:Drivers/STM32F4xx_HAL_Driver/Src/stm32f4xx_hal_rtc.c **** 
 1416              		.loc 1 774 1 is_stmt 0 view .LVU463
 1417 0062 70BD     		pop	{r4, r5, r6, pc}
 1418              	.LVL90:
 1419              	.L84:
 723:Drivers/STM32F4xx_HAL_Driver/Src/stm32f4xx_hal_rtc.c ****     {
 1420              		.loc 1 723 5 is_stmt 1 view .LVU464
 723:Drivers/STM32F4xx_HAL_Driver/Src/stm32f4xx_hal_rtc.c ****     {
 1421              		.loc 1 723 14 is_stmt 0 view .LVU465
 1422 0064 0368     		ldr	r3, [r0]
 723:Drivers/STM32F4xx_HAL_Driver/Src/stm32f4xx_hal_rtc.c ****     {
 1423              		.loc 1 723 24 view .LVU466
 1424 0066 9B68     		ldr	r3, [r3, #8]
 723:Drivers/STM32F4xx_HAL_Driver/Src/stm32f4xx_hal_rtc.c ****     {
ARM GAS  /tmp/ccXZyIjC.s 			page 63


 1425              		.loc 1 723 8 view .LVU467
 1426 0068 13F0400F 		tst	r3, #64
 1427 006c 01D1     		bne	.L87
 730:Drivers/STM32F4xx_HAL_Driver/Src/stm32f4xx_hal_rtc.c ****       assert_param(IS_RTC_HOUR24(RTC_Bcd2ToByte(sTime->Hours)));
 1428              		.loc 1 730 7 is_stmt 1 view .LVU468
 730:Drivers/STM32F4xx_HAL_Driver/Src/stm32f4xx_hal_rtc.c ****       assert_param(IS_RTC_HOUR24(RTC_Bcd2ToByte(sTime->Hours)));
 1429              		.loc 1 730 25 is_stmt 0 view .LVU469
 1430 006e 0023     		movs	r3, #0
 1431 0070 CB70     		strb	r3, [r1, #3]
 1432              	.L87:
 731:Drivers/STM32F4xx_HAL_Driver/Src/stm32f4xx_hal_rtc.c ****     }
 1433              		.loc 1 731 7 is_stmt 1 view .LVU470
 733:Drivers/STM32F4xx_HAL_Driver/Src/stm32f4xx_hal_rtc.c ****     assert_param(IS_RTC_SECONDS(RTC_Bcd2ToByte(sTime->Seconds)));
 1434              		.loc 1 733 5 view .LVU471
 734:Drivers/STM32F4xx_HAL_Driver/Src/stm32f4xx_hal_rtc.c ****     tmpreg = (((uint32_t)(sTime->Hours)      << RTC_TR_HU_Pos)  | \
 1435              		.loc 1 734 5 view .LVU472
 735:Drivers/STM32F4xx_HAL_Driver/Src/stm32f4xx_hal_rtc.c ****               ((uint32_t)(sTime->Minutes)    << RTC_TR_MNU_Pos) | \
 1436              		.loc 1 735 5 view .LVU473
 735:Drivers/STM32F4xx_HAL_Driver/Src/stm32f4xx_hal_rtc.c ****               ((uint32_t)(sTime->Minutes)    << RTC_TR_MNU_Pos) | \
 1437              		.loc 1 735 32 is_stmt 0 view .LVU474
 1438 0072 3378     		ldrb	r3, [r6]	@ zero_extendqisi2
 736:Drivers/STM32F4xx_HAL_Driver/Src/stm32f4xx_hal_rtc.c ****               ((uint32_t) sTime->Seconds)                       | \
 1439              		.loc 1 736 32 view .LVU475
 1440 0074 7578     		ldrb	r5, [r6, #1]	@ zero_extendqisi2
 736:Drivers/STM32F4xx_HAL_Driver/Src/stm32f4xx_hal_rtc.c ****               ((uint32_t) sTime->Seconds)                       | \
 1441              		.loc 1 736 46 view .LVU476
 1442 0076 2D02     		lsls	r5, r5, #8
 735:Drivers/STM32F4xx_HAL_Driver/Src/stm32f4xx_hal_rtc.c ****               ((uint32_t)(sTime->Minutes)    << RTC_TR_MNU_Pos) | \
 1443              		.loc 1 735 65 view .LVU477
 1444 0078 45EA0345 		orr	r5, r5, r3, lsl #16
 737:Drivers/STM32F4xx_HAL_Driver/Src/stm32f4xx_hal_rtc.c ****               ((uint32_t)(sTime->TimeFormat) << RTC_TR_PM_Pos));
 1445              		.loc 1 737 32 view .LVU478
 1446 007c B378     		ldrb	r3, [r6, #2]	@ zero_extendqisi2
 736:Drivers/STM32F4xx_HAL_Driver/Src/stm32f4xx_hal_rtc.c ****               ((uint32_t) sTime->Seconds)                       | \
 1447              		.loc 1 736 65 view .LVU479
 1448 007e 1D43     		orrs	r5, r5, r3
 738:Drivers/STM32F4xx_HAL_Driver/Src/stm32f4xx_hal_rtc.c ****   }
 1449              		.loc 1 738 32 view .LVU480
 1450 0080 F378     		ldrb	r3, [r6, #3]	@ zero_extendqisi2
 735:Drivers/STM32F4xx_HAL_Driver/Src/stm32f4xx_hal_rtc.c ****               ((uint32_t)(sTime->Minutes)    << RTC_TR_MNU_Pos) | \
 1451              		.loc 1 735 12 view .LVU481
 1452 0082 45EA8355 		orr	r5, r5, r3, lsl #22
 1453 0086 DDE7     		b	.L86
 1454              	.LVL91:
 1455              	.L94:
 750:Drivers/STM32F4xx_HAL_Driver/Src/stm32f4xx_hal_rtc.c **** 
 1456              		.loc 1 750 5 is_stmt 1 view .LVU482
 750:Drivers/STM32F4xx_HAL_Driver/Src/stm32f4xx_hal_rtc.c **** 
 1457              		.loc 1 750 9 is_stmt 0 view .LVU483
 1458 0088 2368     		ldr	r3, [r4]
 750:Drivers/STM32F4xx_HAL_Driver/Src/stm32f4xx_hal_rtc.c **** 
 1459              		.loc 1 750 26 view .LVU484
 1460 008a 05F07F35 		and	r5, r5, #2139062143
 1461              	.LVL92:
 750:Drivers/STM32F4xx_HAL_Driver/Src/stm32f4xx_hal_rtc.c **** 
 1462              		.loc 1 750 26 view .LVU485
 1463 008e 25F0FE45 		bic	r5, r5, #2130706432
ARM GAS  /tmp/ccXZyIjC.s 			page 64


 750:Drivers/STM32F4xx_HAL_Driver/Src/stm32f4xx_hal_rtc.c **** 
 1464              		.loc 1 750 24 view .LVU486
 1465 0092 1D60     		str	r5, [r3]
 753:Drivers/STM32F4xx_HAL_Driver/Src/stm32f4xx_hal_rtc.c **** 
 1466              		.loc 1 753 5 is_stmt 1 view .LVU487
 753:Drivers/STM32F4xx_HAL_Driver/Src/stm32f4xx_hal_rtc.c **** 
 1467              		.loc 1 753 9 is_stmt 0 view .LVU488
 1468 0094 2268     		ldr	r2, [r4]
 753:Drivers/STM32F4xx_HAL_Driver/Src/stm32f4xx_hal_rtc.c **** 
 1469              		.loc 1 753 19 view .LVU489
 1470 0096 9368     		ldr	r3, [r2, #8]
 753:Drivers/STM32F4xx_HAL_Driver/Src/stm32f4xx_hal_rtc.c **** 
 1471              		.loc 1 753 24 view .LVU490
 1472 0098 23F48023 		bic	r3, r3, #262144
 1473 009c 9360     		str	r3, [r2, #8]
 756:Drivers/STM32F4xx_HAL_Driver/Src/stm32f4xx_hal_rtc.c **** 
 1474              		.loc 1 756 5 is_stmt 1 view .LVU491
 756:Drivers/STM32F4xx_HAL_Driver/Src/stm32f4xx_hal_rtc.c **** 
 1475              		.loc 1 756 9 is_stmt 0 view .LVU492
 1476 009e 2168     		ldr	r1, [r4]
 756:Drivers/STM32F4xx_HAL_Driver/Src/stm32f4xx_hal_rtc.c **** 
 1477              		.loc 1 756 19 view .LVU493
 1478 00a0 8B68     		ldr	r3, [r1, #8]
 756:Drivers/STM32F4xx_HAL_Driver/Src/stm32f4xx_hal_rtc.c **** 
 1479              		.loc 1 756 43 view .LVU494
 1480 00a2 F268     		ldr	r2, [r6, #12]
 756:Drivers/STM32F4xx_HAL_Driver/Src/stm32f4xx_hal_rtc.c **** 
 1481              		.loc 1 756 67 view .LVU495
 1482 00a4 3069     		ldr	r0, [r6, #16]
 1483              	.LVL93:
 756:Drivers/STM32F4xx_HAL_Driver/Src/stm32f4xx_hal_rtc.c **** 
 1484              		.loc 1 756 60 view .LVU496
 1485 00a6 0243     		orrs	r2, r2, r0
 756:Drivers/STM32F4xx_HAL_Driver/Src/stm32f4xx_hal_rtc.c **** 
 1486              		.loc 1 756 24 view .LVU497
 1487 00a8 1343     		orrs	r3, r3, r2
 1488 00aa 8B60     		str	r3, [r1, #8]
 759:Drivers/STM32F4xx_HAL_Driver/Src/stm32f4xx_hal_rtc.c ****   }
 1489              		.loc 1 759 5 is_stmt 1 view .LVU498
 759:Drivers/STM32F4xx_HAL_Driver/Src/stm32f4xx_hal_rtc.c ****   }
 1490              		.loc 1 759 14 is_stmt 0 view .LVU499
 1491 00ac 2046     		mov	r0, r4
 1492 00ae FFF7FEFF 		bl	RTC_ExitInitMode
 1493              	.LVL94:
 762:Drivers/STM32F4xx_HAL_Driver/Src/stm32f4xx_hal_rtc.c ****   {
 1494              		.loc 1 762 3 is_stmt 1 view .LVU500
 762:Drivers/STM32F4xx_HAL_Driver/Src/stm32f4xx_hal_rtc.c ****   {
 1495              		.loc 1 762 6 is_stmt 0 view .LVU501
 1496 00b2 0028     		cmp	r0, #0
 1497 00b4 D0D1     		bne	.L88
 764:Drivers/STM32F4xx_HAL_Driver/Src/stm32f4xx_hal_rtc.c ****   }
 1498              		.loc 1 764 5 is_stmt 1 view .LVU502
 764:Drivers/STM32F4xx_HAL_Driver/Src/stm32f4xx_hal_rtc.c ****   }
 1499              		.loc 1 764 17 is_stmt 0 view .LVU503
 1500 00b6 0123     		movs	r3, #1
 1501 00b8 6377     		strb	r3, [r4, #29]
 1502 00ba CDE7     		b	.L88
ARM GAS  /tmp/ccXZyIjC.s 			page 65


 1503              	.LVL95:
 1504              	.L89:
 1505              	.LCFI10:
 1506              		.cfi_def_cfa_offset 0
 1507              		.cfi_restore 4
 1508              		.cfi_restore 5
 1509              		.cfi_restore 6
 1510              		.cfi_restore 14
 697:Drivers/STM32F4xx_HAL_Driver/Src/stm32f4xx_hal_rtc.c **** 
 1511              		.loc 1 697 3 discriminator 1 view .LVU504
 1512 00bc 0220     		movs	r0, #2
 1513              	.LVL96:
 774:Drivers/STM32F4xx_HAL_Driver/Src/stm32f4xx_hal_rtc.c **** 
 1514              		.loc 1 774 1 view .LVU505
 1515 00be 7047     		bx	lr
 1516              		.cfi_endproc
 1517              	.LFE134:
 1519              		.section	.text.HAL_RTC_SetDate,"ax",%progbits
 1520              		.align	1
 1521              		.global	HAL_RTC_SetDate
 1522              		.syntax unified
 1523              		.thumb
 1524              		.thumb_func
 1526              	HAL_RTC_SetDate:
 1527              	.LVL97:
 1528              	.LFB136:
 846:Drivers/STM32F4xx_HAL_Driver/Src/stm32f4xx_hal_rtc.c ****   uint32_t datetmpreg = 0U;
 1529              		.loc 1 846 1 is_stmt 1 view -0
 1530              		.cfi_startproc
 1531              		@ args = 0, pretend = 0, frame = 0
 1532              		@ frame_needed = 0, uses_anonymous_args = 0
 847:Drivers/STM32F4xx_HAL_Driver/Src/stm32f4xx_hal_rtc.c ****   HAL_StatusTypeDef status;
 1533              		.loc 1 847 3 view .LVU507
 848:Drivers/STM32F4xx_HAL_Driver/Src/stm32f4xx_hal_rtc.c **** 
 1534              		.loc 1 848 3 view .LVU508
 851:Drivers/STM32F4xx_HAL_Driver/Src/stm32f4xx_hal_rtc.c **** 
 1535              		.loc 1 851 3 view .LVU509
 854:Drivers/STM32F4xx_HAL_Driver/Src/stm32f4xx_hal_rtc.c **** 
 1536              		.loc 1 854 3 view .LVU510
 854:Drivers/STM32F4xx_HAL_Driver/Src/stm32f4xx_hal_rtc.c **** 
 1537              		.loc 1 854 3 view .LVU511
 1538 0000 037F     		ldrb	r3, [r0, #28]	@ zero_extendqisi2
 1539 0002 012B     		cmp	r3, #1
 1540 0004 48D0     		beq	.L101
 846:Drivers/STM32F4xx_HAL_Driver/Src/stm32f4xx_hal_rtc.c ****   uint32_t datetmpreg = 0U;
 1541              		.loc 1 846 1 is_stmt 0 view .LVU512
 1542 0006 70B5     		push	{r4, r5, r6, lr}
 1543              	.LCFI11:
 1544              		.cfi_def_cfa_offset 16
 1545              		.cfi_offset 4, -16
 1546              		.cfi_offset 5, -12
 1547              		.cfi_offset 6, -8
 1548              		.cfi_offset 14, -4
 1549 0008 0446     		mov	r4, r0
 1550 000a 0E46     		mov	r6, r1
 854:Drivers/STM32F4xx_HAL_Driver/Src/stm32f4xx_hal_rtc.c **** 
 1551              		.loc 1 854 3 is_stmt 1 discriminator 2 view .LVU513
ARM GAS  /tmp/ccXZyIjC.s 			page 66


 1552 000c 0123     		movs	r3, #1
 1553 000e 0377     		strb	r3, [r0, #28]
 854:Drivers/STM32F4xx_HAL_Driver/Src/stm32f4xx_hal_rtc.c **** 
 1554              		.loc 1 854 3 view .LVU514
 856:Drivers/STM32F4xx_HAL_Driver/Src/stm32f4xx_hal_rtc.c **** 
 1555              		.loc 1 856 3 view .LVU515
 856:Drivers/STM32F4xx_HAL_Driver/Src/stm32f4xx_hal_rtc.c **** 
 1556              		.loc 1 856 15 is_stmt 0 view .LVU516
 1557 0010 0223     		movs	r3, #2
 1558 0012 4377     		strb	r3, [r0, #29]
 858:Drivers/STM32F4xx_HAL_Driver/Src/stm32f4xx_hal_rtc.c ****   {
 1559              		.loc 1 858 3 is_stmt 1 view .LVU517
 858:Drivers/STM32F4xx_HAL_Driver/Src/stm32f4xx_hal_rtc.c ****   {
 1560              		.loc 1 858 6 is_stmt 0 view .LVU518
 1561 0014 CAB1     		cbz	r2, .L97
 863:Drivers/STM32F4xx_HAL_Driver/Src/stm32f4xx_hal_rtc.c **** 
 1562              		.loc 1 863 3 is_stmt 1 view .LVU519
 865:Drivers/STM32F4xx_HAL_Driver/Src/stm32f4xx_hal_rtc.c ****   {
 1563              		.loc 1 865 3 view .LVU520
 878:Drivers/STM32F4xx_HAL_Driver/Src/stm32f4xx_hal_rtc.c ****     assert_param(IS_RTC_MONTH(RTC_Bcd2ToByte(sDate->Month)));
 1564              		.loc 1 878 5 view .LVU521
 879:Drivers/STM32F4xx_HAL_Driver/Src/stm32f4xx_hal_rtc.c ****     assert_param(IS_RTC_DATE(RTC_Bcd2ToByte(sDate->Date)));
 1565              		.loc 1 879 5 view .LVU522
 880:Drivers/STM32F4xx_HAL_Driver/Src/stm32f4xx_hal_rtc.c **** 
 1566              		.loc 1 880 5 view .LVU523
 882:Drivers/STM32F4xx_HAL_Driver/Src/stm32f4xx_hal_rtc.c ****                   (((uint32_t)sDate->Month)   << RTC_DR_MU_Pos) | \
 1567              		.loc 1 882 5 view .LVU524
 882:Drivers/STM32F4xx_HAL_Driver/Src/stm32f4xx_hal_rtc.c ****                   (((uint32_t)sDate->Month)   << RTC_DR_MU_Pos) | \
 1568              		.loc 1 882 36 is_stmt 0 view .LVU525
 1569 0016 CB78     		ldrb	r3, [r1, #3]	@ zero_extendqisi2
 883:Drivers/STM32F4xx_HAL_Driver/Src/stm32f4xx_hal_rtc.c ****                   ((uint32_t) sDate->Date)                      | \
 1570              		.loc 1 883 36 view .LVU526
 1571 0018 4D78     		ldrb	r5, [r1, #1]	@ zero_extendqisi2
 883:Drivers/STM32F4xx_HAL_Driver/Src/stm32f4xx_hal_rtc.c ****                   ((uint32_t) sDate->Date)                      | \
 1572              		.loc 1 883 47 view .LVU527
 1573 001a 2D02     		lsls	r5, r5, #8
 882:Drivers/STM32F4xx_HAL_Driver/Src/stm32f4xx_hal_rtc.c ****                   (((uint32_t)sDate->Month)   << RTC_DR_MU_Pos) | \
 1574              		.loc 1 882 65 view .LVU528
 1575 001c 45EA0345 		orr	r5, r5, r3, lsl #16
 884:Drivers/STM32F4xx_HAL_Driver/Src/stm32f4xx_hal_rtc.c ****                   (((uint32_t)sDate->WeekDay) << RTC_DR_WDU_Pos));
 1576              		.loc 1 884 36 view .LVU529
 1577 0020 8B78     		ldrb	r3, [r1, #2]	@ zero_extendqisi2
 883:Drivers/STM32F4xx_HAL_Driver/Src/stm32f4xx_hal_rtc.c ****                   ((uint32_t) sDate->Date)                      | \
 1578              		.loc 1 883 65 view .LVU530
 1579 0022 1D43     		orrs	r5, r5, r3
 885:Drivers/STM32F4xx_HAL_Driver/Src/stm32f4xx_hal_rtc.c ****   }
 1580              		.loc 1 885 36 view .LVU531
 1581 0024 0B78     		ldrb	r3, [r1]	@ zero_extendqisi2
 882:Drivers/STM32F4xx_HAL_Driver/Src/stm32f4xx_hal_rtc.c ****                   (((uint32_t)sDate->Month)   << RTC_DR_MU_Pos) | \
 1582              		.loc 1 882 16 view .LVU532
 1583 0026 45EA4335 		orr	r5, r5, r3, lsl #13
 1584              	.LVL98:
 1585              	.L98:
 889:Drivers/STM32F4xx_HAL_Driver/Src/stm32f4xx_hal_rtc.c **** 
 1586              		.loc 1 889 3 is_stmt 1 view .LVU533
 889:Drivers/STM32F4xx_HAL_Driver/Src/stm32f4xx_hal_rtc.c **** 
 1587              		.loc 1 889 3 view .LVU534
ARM GAS  /tmp/ccXZyIjC.s 			page 67


 1588 002a 2368     		ldr	r3, [r4]
 1589 002c CA22     		movs	r2, #202
 1590 002e 5A62     		str	r2, [r3, #36]
 889:Drivers/STM32F4xx_HAL_Driver/Src/stm32f4xx_hal_rtc.c **** 
 1591              		.loc 1 889 3 view .LVU535
 1592 0030 2368     		ldr	r3, [r4]
 1593 0032 5322     		movs	r2, #83
 1594 0034 5A62     		str	r2, [r3, #36]
 889:Drivers/STM32F4xx_HAL_Driver/Src/stm32f4xx_hal_rtc.c **** 
 1595              		.loc 1 889 3 view .LVU536
 892:Drivers/STM32F4xx_HAL_Driver/Src/stm32f4xx_hal_rtc.c **** 
 1596              		.loc 1 892 3 view .LVU537
 892:Drivers/STM32F4xx_HAL_Driver/Src/stm32f4xx_hal_rtc.c **** 
 1597              		.loc 1 892 12 is_stmt 0 view .LVU538
 1598 0036 2046     		mov	r0, r4
 1599 0038 FFF7FEFF 		bl	RTC_EnterInitMode
 1600              	.LVL99:
 894:Drivers/STM32F4xx_HAL_Driver/Src/stm32f4xx_hal_rtc.c ****   {
 1601              		.loc 1 894 3 is_stmt 1 view .LVU539
 894:Drivers/STM32F4xx_HAL_Driver/Src/stm32f4xx_hal_rtc.c ****   {
 1602              		.loc 1 894 6 is_stmt 0 view .LVU540
 1603 003c F0B1     		cbz	r0, .L106
 1604              	.LVL100:
 1605              	.L100:
 909:Drivers/STM32F4xx_HAL_Driver/Src/stm32f4xx_hal_rtc.c **** 
 1606              		.loc 1 909 3 is_stmt 1 view .LVU541
 909:Drivers/STM32F4xx_HAL_Driver/Src/stm32f4xx_hal_rtc.c **** 
 1607              		.loc 1 909 3 view .LVU542
 1608 003e 2368     		ldr	r3, [r4]
 1609 0040 FF22     		movs	r2, #255
 1610 0042 5A62     		str	r2, [r3, #36]
 909:Drivers/STM32F4xx_HAL_Driver/Src/stm32f4xx_hal_rtc.c **** 
 1611              		.loc 1 909 3 view .LVU543
 912:Drivers/STM32F4xx_HAL_Driver/Src/stm32f4xx_hal_rtc.c **** 
 1612              		.loc 1 912 3 view .LVU544
 912:Drivers/STM32F4xx_HAL_Driver/Src/stm32f4xx_hal_rtc.c **** 
 1613              		.loc 1 912 3 view .LVU545
 1614 0044 0023     		movs	r3, #0
 1615 0046 2377     		strb	r3, [r4, #28]
 912:Drivers/STM32F4xx_HAL_Driver/Src/stm32f4xx_hal_rtc.c **** 
 1616              		.loc 1 912 3 view .LVU546
 914:Drivers/STM32F4xx_HAL_Driver/Src/stm32f4xx_hal_rtc.c **** }
 1617              		.loc 1 914 3 view .LVU547
 915:Drivers/STM32F4xx_HAL_Driver/Src/stm32f4xx_hal_rtc.c **** 
 1618              		.loc 1 915 1 is_stmt 0 view .LVU548
 1619 0048 70BD     		pop	{r4, r5, r6, pc}
 1620              	.LVL101:
 1621              	.L97:
 858:Drivers/STM32F4xx_HAL_Driver/Src/stm32f4xx_hal_rtc.c ****   {
 1622              		.loc 1 858 44 discriminator 1 view .LVU549
 1623 004a 4B78     		ldrb	r3, [r1, #1]	@ zero_extendqisi2
 858:Drivers/STM32F4xx_HAL_Driver/Src/stm32f4xx_hal_rtc.c ****   {
 1624              		.loc 1 858 34 discriminator 1 view .LVU550
 1625 004c 13F0100F 		tst	r3, #16
 1626 0050 03D0     		beq	.L99
 860:Drivers/STM32F4xx_HAL_Driver/Src/stm32f4xx_hal_rtc.c ****   }
 1627              		.loc 1 860 5 is_stmt 1 view .LVU551
ARM GAS  /tmp/ccXZyIjC.s 			page 68


 860:Drivers/STM32F4xx_HAL_Driver/Src/stm32f4xx_hal_rtc.c ****   }
 1628              		.loc 1 860 44 is_stmt 0 view .LVU552
 1629 0052 03F0EF03 		and	r3, r3, #239
 860:Drivers/STM32F4xx_HAL_Driver/Src/stm32f4xx_hal_rtc.c ****   }
 1630              		.loc 1 860 20 view .LVU553
 1631 0056 0A33     		adds	r3, r3, #10
 860:Drivers/STM32F4xx_HAL_Driver/Src/stm32f4xx_hal_rtc.c ****   }
 1632              		.loc 1 860 18 view .LVU554
 1633 0058 4B70     		strb	r3, [r1, #1]
 1634              	.L99:
 863:Drivers/STM32F4xx_HAL_Driver/Src/stm32f4xx_hal_rtc.c **** 
 1635              		.loc 1 863 3 is_stmt 1 view .LVU555
 865:Drivers/STM32F4xx_HAL_Driver/Src/stm32f4xx_hal_rtc.c ****   {
 1636              		.loc 1 865 3 view .LVU556
 867:Drivers/STM32F4xx_HAL_Driver/Src/stm32f4xx_hal_rtc.c ****     assert_param(IS_RTC_MONTH(sDate->Month));
 1637              		.loc 1 867 5 view .LVU557
 868:Drivers/STM32F4xx_HAL_Driver/Src/stm32f4xx_hal_rtc.c ****     assert_param(IS_RTC_DATE(sDate->Date));
 1638              		.loc 1 868 5 view .LVU558
 869:Drivers/STM32F4xx_HAL_Driver/Src/stm32f4xx_hal_rtc.c **** 
 1639              		.loc 1 869 5 view .LVU559
 871:Drivers/STM32F4xx_HAL_Driver/Src/stm32f4xx_hal_rtc.c ****                   ((uint32_t)RTC_ByteToBcd2(sDate->Month) << RTC_DR_MU_Pos) | \
 1640              		.loc 1 871 5 view .LVU560
 871:Drivers/STM32F4xx_HAL_Driver/Src/stm32f4xx_hal_rtc.c ****                   ((uint32_t)RTC_ByteToBcd2(sDate->Month) << RTC_DR_MU_Pos) | \
 1641              		.loc 1 871 30 is_stmt 0 view .LVU561
 1642 005a F078     		ldrb	r0, [r6, #3]	@ zero_extendqisi2
 1643              	.LVL102:
 871:Drivers/STM32F4xx_HAL_Driver/Src/stm32f4xx_hal_rtc.c ****                   ((uint32_t)RTC_ByteToBcd2(sDate->Month) << RTC_DR_MU_Pos) | \
 1644              		.loc 1 871 30 view .LVU562
 1645 005c FFF7FEFF 		bl	RTC_ByteToBcd2
 1646              	.LVL103:
 871:Drivers/STM32F4xx_HAL_Driver/Src/stm32f4xx_hal_rtc.c ****                   ((uint32_t)RTC_ByteToBcd2(sDate->Month) << RTC_DR_MU_Pos) | \
 1647              		.loc 1 871 59 discriminator 1 view .LVU563
 1648 0060 0504     		lsls	r5, r0, #16
 872:Drivers/STM32F4xx_HAL_Driver/Src/stm32f4xx_hal_rtc.c ****                   ((uint32_t)RTC_ByteToBcd2(sDate->Date))                   | \
 1649              		.loc 1 872 30 view .LVU564
 1650 0062 7078     		ldrb	r0, [r6, #1]	@ zero_extendqisi2
 1651 0064 FFF7FEFF 		bl	RTC_ByteToBcd2
 1652              	.LVL104:
 871:Drivers/STM32F4xx_HAL_Driver/Src/stm32f4xx_hal_rtc.c ****                   ((uint32_t)RTC_ByteToBcd2(sDate->Month) << RTC_DR_MU_Pos) | \
 1653              		.loc 1 871 77 view .LVU565
 1654 0068 45EA0025 		orr	r5, r5, r0, lsl #8
 873:Drivers/STM32F4xx_HAL_Driver/Src/stm32f4xx_hal_rtc.c ****                   ((uint32_t)sDate->WeekDay               << RTC_DR_WDU_Pos));
 1655              		.loc 1 873 30 view .LVU566
 1656 006c B078     		ldrb	r0, [r6, #2]	@ zero_extendqisi2
 1657 006e FFF7FEFF 		bl	RTC_ByteToBcd2
 1658              	.LVL105:
 872:Drivers/STM32F4xx_HAL_Driver/Src/stm32f4xx_hal_rtc.c ****                   ((uint32_t)RTC_ByteToBcd2(sDate->Date))                   | \
 1659              		.loc 1 872 77 view .LVU567
 1660 0072 0543     		orrs	r5, r5, r0
 874:Drivers/STM32F4xx_HAL_Driver/Src/stm32f4xx_hal_rtc.c ****   }
 1661              		.loc 1 874 35 view .LVU568
 1662 0074 3378     		ldrb	r3, [r6]	@ zero_extendqisi2
 871:Drivers/STM32F4xx_HAL_Driver/Src/stm32f4xx_hal_rtc.c ****                   ((uint32_t)RTC_ByteToBcd2(sDate->Month) << RTC_DR_MU_Pos) | \
 1663              		.loc 1 871 16 view .LVU569
 1664 0076 45EA4335 		orr	r5, r5, r3, lsl #13
 1665 007a D6E7     		b	.L98
 1666              	.LVL106:
ARM GAS  /tmp/ccXZyIjC.s 			page 69


 1667              	.L106:
 897:Drivers/STM32F4xx_HAL_Driver/Src/stm32f4xx_hal_rtc.c **** 
 1668              		.loc 1 897 5 is_stmt 1 view .LVU570
 897:Drivers/STM32F4xx_HAL_Driver/Src/stm32f4xx_hal_rtc.c **** 
 1669              		.loc 1 897 9 is_stmt 0 view .LVU571
 1670 007c 2368     		ldr	r3, [r4]
 897:Drivers/STM32F4xx_HAL_Driver/Src/stm32f4xx_hal_rtc.c **** 
 1671              		.loc 1 897 26 view .LVU572
 1672 007e 25F07F45 		bic	r5, r5, #-16777216
 1673              	.LVL107:
 897:Drivers/STM32F4xx_HAL_Driver/Src/stm32f4xx_hal_rtc.c **** 
 1674              		.loc 1 897 26 view .LVU573
 1675 0082 25F0C005 		bic	r5, r5, #192
 897:Drivers/STM32F4xx_HAL_Driver/Src/stm32f4xx_hal_rtc.c **** 
 1676              		.loc 1 897 24 view .LVU574
 1677 0086 5D60     		str	r5, [r3, #4]
 900:Drivers/STM32F4xx_HAL_Driver/Src/stm32f4xx_hal_rtc.c ****   }
 1678              		.loc 1 900 5 is_stmt 1 view .LVU575
 900:Drivers/STM32F4xx_HAL_Driver/Src/stm32f4xx_hal_rtc.c ****   }
 1679              		.loc 1 900 14 is_stmt 0 view .LVU576
 1680 0088 2046     		mov	r0, r4
 1681              	.LVL108:
 900:Drivers/STM32F4xx_HAL_Driver/Src/stm32f4xx_hal_rtc.c ****   }
 1682              		.loc 1 900 14 view .LVU577
 1683 008a FFF7FEFF 		bl	RTC_ExitInitMode
 1684              	.LVL109:
 903:Drivers/STM32F4xx_HAL_Driver/Src/stm32f4xx_hal_rtc.c ****   {
 1685              		.loc 1 903 3 is_stmt 1 view .LVU578
 903:Drivers/STM32F4xx_HAL_Driver/Src/stm32f4xx_hal_rtc.c ****   {
 1686              		.loc 1 903 6 is_stmt 0 view .LVU579
 1687 008e 0028     		cmp	r0, #0
 1688 0090 D5D1     		bne	.L100
 905:Drivers/STM32F4xx_HAL_Driver/Src/stm32f4xx_hal_rtc.c ****   }
 1689              		.loc 1 905 5 is_stmt 1 view .LVU580
 905:Drivers/STM32F4xx_HAL_Driver/Src/stm32f4xx_hal_rtc.c ****   }
 1690              		.loc 1 905 17 is_stmt 0 view .LVU581
 1691 0092 0123     		movs	r3, #1
 1692 0094 6377     		strb	r3, [r4, #29]
 1693 0096 D2E7     		b	.L100
 1694              	.LVL110:
 1695              	.L101:
 1696              	.LCFI12:
 1697              		.cfi_def_cfa_offset 0
 1698              		.cfi_restore 4
 1699              		.cfi_restore 5
 1700              		.cfi_restore 6
 1701              		.cfi_restore 14
 854:Drivers/STM32F4xx_HAL_Driver/Src/stm32f4xx_hal_rtc.c **** 
 1702              		.loc 1 854 3 discriminator 1 view .LVU582
 1703 0098 0220     		movs	r0, #2
 1704              	.LVL111:
 915:Drivers/STM32F4xx_HAL_Driver/Src/stm32f4xx_hal_rtc.c **** 
 1705              		.loc 1 915 1 view .LVU583
 1706 009a 7047     		bx	lr
 1707              		.cfi_endproc
 1708              	.LFE136:
 1710              		.section	.text.HAL_RTC_SetAlarm,"ax",%progbits
ARM GAS  /tmp/ccXZyIjC.s 			page 70


 1711              		.align	1
 1712              		.global	HAL_RTC_SetAlarm
 1713              		.syntax unified
 1714              		.thumb
 1715              		.thumb_func
 1717              	HAL_RTC_SetAlarm:
 1718              	.LVL112:
 1719              	.LFB138:
 993:Drivers/STM32F4xx_HAL_Driver/Src/stm32f4xx_hal_rtc.c ****   uint32_t tickstart = 0U;
 1720              		.loc 1 993 1 is_stmt 1 view -0
 1721              		.cfi_startproc
 1722              		@ args = 0, pretend = 0, frame = 0
 1723              		@ frame_needed = 0, uses_anonymous_args = 0
 993:Drivers/STM32F4xx_HAL_Driver/Src/stm32f4xx_hal_rtc.c ****   uint32_t tickstart = 0U;
 1724              		.loc 1 993 1 is_stmt 0 view .LVU585
 1725 0000 F8B5     		push	{r3, r4, r5, r6, r7, lr}
 1726              	.LCFI13:
 1727              		.cfi_def_cfa_offset 24
 1728              		.cfi_offset 3, -24
 1729              		.cfi_offset 4, -20
 1730              		.cfi_offset 5, -16
 1731              		.cfi_offset 6, -12
 1732              		.cfi_offset 7, -8
 1733              		.cfi_offset 14, -4
 994:Drivers/STM32F4xx_HAL_Driver/Src/stm32f4xx_hal_rtc.c ****   uint32_t tmpreg = 0U;
 1734              		.loc 1 994 3 is_stmt 1 view .LVU586
 1735              	.LVL113:
 995:Drivers/STM32F4xx_HAL_Driver/Src/stm32f4xx_hal_rtc.c ****   uint32_t subsecondtmpreg = 0U;
 1736              		.loc 1 995 3 view .LVU587
 996:Drivers/STM32F4xx_HAL_Driver/Src/stm32f4xx_hal_rtc.c **** 
 1737              		.loc 1 996 3 view .LVU588
 999:Drivers/STM32F4xx_HAL_Driver/Src/stm32f4xx_hal_rtc.c ****   assert_param(IS_RTC_ALARM(sAlarm->Alarm));
 1738              		.loc 1 999 3 view .LVU589
1000:Drivers/STM32F4xx_HAL_Driver/Src/stm32f4xx_hal_rtc.c ****   assert_param(IS_RTC_ALARM_MASK(sAlarm->AlarmMask));
 1739              		.loc 1 1000 3 view .LVU590
1001:Drivers/STM32F4xx_HAL_Driver/Src/stm32f4xx_hal_rtc.c ****   assert_param(IS_RTC_ALARM_DATE_WEEKDAY_SEL(sAlarm->AlarmDateWeekDaySel));
 1740              		.loc 1 1001 3 view .LVU591
1002:Drivers/STM32F4xx_HAL_Driver/Src/stm32f4xx_hal_rtc.c ****   assert_param(IS_RTC_ALARM_SUB_SECOND_VALUE(sAlarm->AlarmTime.SubSeconds));
 1741              		.loc 1 1002 3 view .LVU592
1003:Drivers/STM32F4xx_HAL_Driver/Src/stm32f4xx_hal_rtc.c ****   assert_param(IS_RTC_ALARM_SUB_SECOND_MASK(sAlarm->AlarmSubSecondMask));
 1742              		.loc 1 1003 3 view .LVU593
1004:Drivers/STM32F4xx_HAL_Driver/Src/stm32f4xx_hal_rtc.c **** 
 1743              		.loc 1 1004 3 view .LVU594
1007:Drivers/STM32F4xx_HAL_Driver/Src/stm32f4xx_hal_rtc.c **** 
 1744              		.loc 1 1007 3 view .LVU595
1007:Drivers/STM32F4xx_HAL_Driver/Src/stm32f4xx_hal_rtc.c **** 
 1745              		.loc 1 1007 3 view .LVU596
 1746 0002 037F     		ldrb	r3, [r0, #28]	@ zero_extendqisi2
 1747 0004 012B     		cmp	r3, #1
 1748 0006 00F0B580 		beq	.L119
 1749 000a 0446     		mov	r4, r0
 1750 000c 0E46     		mov	r6, r1
1007:Drivers/STM32F4xx_HAL_Driver/Src/stm32f4xx_hal_rtc.c **** 
 1751              		.loc 1 1007 3 discriminator 2 view .LVU597
 1752 000e 0123     		movs	r3, #1
 1753 0010 0377     		strb	r3, [r0, #28]
1007:Drivers/STM32F4xx_HAL_Driver/Src/stm32f4xx_hal_rtc.c **** 
ARM GAS  /tmp/ccXZyIjC.s 			page 71


 1754              		.loc 1 1007 3 view .LVU598
1010:Drivers/STM32F4xx_HAL_Driver/Src/stm32f4xx_hal_rtc.c **** 
 1755              		.loc 1 1010 3 view .LVU599
1010:Drivers/STM32F4xx_HAL_Driver/Src/stm32f4xx_hal_rtc.c **** 
 1756              		.loc 1 1010 15 is_stmt 0 view .LVU600
 1757 0012 0223     		movs	r3, #2
 1758 0014 4377     		strb	r3, [r0, #29]
1014:Drivers/STM32F4xx_HAL_Driver/Src/stm32f4xx_hal_rtc.c ****   {
 1759              		.loc 1 1014 3 is_stmt 1 view .LVU601
1014:Drivers/STM32F4xx_HAL_Driver/Src/stm32f4xx_hal_rtc.c ****   {
 1760              		.loc 1 1014 6 is_stmt 0 view .LVU602
 1761 0016 002A     		cmp	r2, #0
 1762 0018 53D1     		bne	.L109
1016:Drivers/STM32F4xx_HAL_Driver/Src/stm32f4xx_hal_rtc.c ****     {
 1763              		.loc 1 1016 5 is_stmt 1 view .LVU603
1016:Drivers/STM32F4xx_HAL_Driver/Src/stm32f4xx_hal_rtc.c ****     {
 1764              		.loc 1 1016 14 is_stmt 0 view .LVU604
 1765 001a 0368     		ldr	r3, [r0]
1016:Drivers/STM32F4xx_HAL_Driver/Src/stm32f4xx_hal_rtc.c ****     {
 1766              		.loc 1 1016 24 view .LVU605
 1767 001c 9B68     		ldr	r3, [r3, #8]
1016:Drivers/STM32F4xx_HAL_Driver/Src/stm32f4xx_hal_rtc.c ****     {
 1768              		.loc 1 1016 8 view .LVU606
 1769 001e 13F0400F 		tst	r3, #64
 1770 0022 01D1     		bne	.L110
1023:Drivers/STM32F4xx_HAL_Driver/Src/stm32f4xx_hal_rtc.c ****       assert_param(IS_RTC_HOUR24(sAlarm->AlarmTime.Hours));
 1771              		.loc 1 1023 7 is_stmt 1 view .LVU607
1023:Drivers/STM32F4xx_HAL_Driver/Src/stm32f4xx_hal_rtc.c ****       assert_param(IS_RTC_HOUR24(sAlarm->AlarmTime.Hours));
 1772              		.loc 1 1023 36 is_stmt 0 view .LVU608
 1773 0024 0023     		movs	r3, #0
 1774 0026 CB70     		strb	r3, [r1, #3]
 1775              	.L110:
1024:Drivers/STM32F4xx_HAL_Driver/Src/stm32f4xx_hal_rtc.c ****     }
 1776              		.loc 1 1024 7 is_stmt 1 view .LVU609
1026:Drivers/STM32F4xx_HAL_Driver/Src/stm32f4xx_hal_rtc.c ****     assert_param(IS_RTC_SECONDS(sAlarm->AlarmTime.Seconds));
 1777              		.loc 1 1026 5 view .LVU610
1027:Drivers/STM32F4xx_HAL_Driver/Src/stm32f4xx_hal_rtc.c **** 
 1778              		.loc 1 1027 5 view .LVU611
1029:Drivers/STM32F4xx_HAL_Driver/Src/stm32f4xx_hal_rtc.c ****     {
 1779              		.loc 1 1029 5 view .LVU612
1031:Drivers/STM32F4xx_HAL_Driver/Src/stm32f4xx_hal_rtc.c ****     }
 1780              		.loc 1 1031 7 view .LVU613
1035:Drivers/STM32F4xx_HAL_Driver/Src/stm32f4xx_hal_rtc.c ****     }
 1781              		.loc 1 1035 7 view .LVU614
1038:Drivers/STM32F4xx_HAL_Driver/Src/stm32f4xx_hal_rtc.c ****               ((uint32_t)RTC_ByteToBcd2(sAlarm->AlarmTime.Minutes) << RTC_ALRMAR_MNU_Pos) | \
 1782              		.loc 1 1038 5 view .LVU615
1038:Drivers/STM32F4xx_HAL_Driver/Src/stm32f4xx_hal_rtc.c ****               ((uint32_t)RTC_ByteToBcd2(sAlarm->AlarmTime.Minutes) << RTC_ALRMAR_MNU_Pos) | \
 1783              		.loc 1 1038 26 is_stmt 0 view .LVU616
 1784 0028 3078     		ldrb	r0, [r6]	@ zero_extendqisi2
 1785              	.LVL114:
1038:Drivers/STM32F4xx_HAL_Driver/Src/stm32f4xx_hal_rtc.c ****               ((uint32_t)RTC_ByteToBcd2(sAlarm->AlarmTime.Minutes) << RTC_ALRMAR_MNU_Pos) | \
 1786              		.loc 1 1038 26 view .LVU617
 1787 002a FFF7FEFF 		bl	RTC_ByteToBcd2
 1788              	.LVL115:
1038:Drivers/STM32F4xx_HAL_Driver/Src/stm32f4xx_hal_rtc.c ****               ((uint32_t)RTC_ByteToBcd2(sAlarm->AlarmTime.Minutes) << RTC_ALRMAR_MNU_Pos) | \
 1789              		.loc 1 1038 68 discriminator 1 view .LVU618
 1790 002e 0504     		lsls	r5, r0, #16
ARM GAS  /tmp/ccXZyIjC.s 			page 72


1039:Drivers/STM32F4xx_HAL_Driver/Src/stm32f4xx_hal_rtc.c ****               ((uint32_t)RTC_ByteToBcd2(sAlarm->AlarmTime.Seconds))                       | \
 1791              		.loc 1 1039 26 view .LVU619
 1792 0030 7078     		ldrb	r0, [r6, #1]	@ zero_extendqisi2
 1793 0032 FFF7FEFF 		bl	RTC_ByteToBcd2
 1794              	.LVL116:
1038:Drivers/STM32F4xx_HAL_Driver/Src/stm32f4xx_hal_rtc.c ****               ((uint32_t)RTC_ByteToBcd2(sAlarm->AlarmTime.Minutes) << RTC_ALRMAR_MNU_Pos) | \
 1795              		.loc 1 1038 91 view .LVU620
 1796 0036 45EA0025 		orr	r5, r5, r0, lsl #8
1040:Drivers/STM32F4xx_HAL_Driver/Src/stm32f4xx_hal_rtc.c ****               ((uint32_t)(sAlarm->AlarmTime.TimeFormat)            << RTC_TR_PM_Pos)      | \
 1797              		.loc 1 1040 26 view .LVU621
 1798 003a B078     		ldrb	r0, [r6, #2]	@ zero_extendqisi2
 1799 003c FFF7FEFF 		bl	RTC_ByteToBcd2
 1800              	.LVL117:
1039:Drivers/STM32F4xx_HAL_Driver/Src/stm32f4xx_hal_rtc.c ****               ((uint32_t)RTC_ByteToBcd2(sAlarm->AlarmTime.Seconds))                       | \
 1801              		.loc 1 1039 91 view .LVU622
 1802 0040 0543     		orrs	r5, r5, r0
1041:Drivers/STM32F4xx_HAL_Driver/Src/stm32f4xx_hal_rtc.c ****               ((uint32_t)RTC_ByteToBcd2(sAlarm->AlarmDateWeekDay)  << RTC_ALRMAR_DU_Pos)  | \
 1803              		.loc 1 1041 44 view .LVU623
 1804 0042 F378     		ldrb	r3, [r6, #3]	@ zero_extendqisi2
1040:Drivers/STM32F4xx_HAL_Driver/Src/stm32f4xx_hal_rtc.c ****               ((uint32_t)(sAlarm->AlarmTime.TimeFormat)            << RTC_TR_PM_Pos)      | \
 1805              		.loc 1 1040 91 view .LVU624
 1806 0044 45EA8355 		orr	r5, r5, r3, lsl #22
1042:Drivers/STM32F4xx_HAL_Driver/Src/stm32f4xx_hal_rtc.c ****               ((uint32_t)sAlarm->AlarmDateWeekDaySel)                                     | \
 1807              		.loc 1 1042 26 view .LVU625
 1808 0048 96F82000 		ldrb	r0, [r6, #32]	@ zero_extendqisi2
 1809 004c FFF7FEFF 		bl	RTC_ByteToBcd2
 1810              	.LVL118:
1041:Drivers/STM32F4xx_HAL_Driver/Src/stm32f4xx_hal_rtc.c ****               ((uint32_t)RTC_ByteToBcd2(sAlarm->AlarmDateWeekDay)  << RTC_ALRMAR_DU_Pos)  | \
 1811              		.loc 1 1041 91 view .LVU626
 1812 0050 45EA0065 		orr	r5, r5, r0, lsl #24
1043:Drivers/STM32F4xx_HAL_Driver/Src/stm32f4xx_hal_rtc.c ****               ((uint32_t)sAlarm->AlarmMask));
 1813              		.loc 1 1043 32 view .LVU627
 1814 0054 F369     		ldr	r3, [r6, #28]
1042:Drivers/STM32F4xx_HAL_Driver/Src/stm32f4xx_hal_rtc.c ****               ((uint32_t)sAlarm->AlarmDateWeekDaySel)                                     | \
 1815              		.loc 1 1042 91 view .LVU628
 1816 0056 1D43     		orrs	r5, r5, r3
1044:Drivers/STM32F4xx_HAL_Driver/Src/stm32f4xx_hal_rtc.c ****   }
 1817              		.loc 1 1044 32 view .LVU629
 1818 0058 7369     		ldr	r3, [r6, #20]
1038:Drivers/STM32F4xx_HAL_Driver/Src/stm32f4xx_hal_rtc.c ****               ((uint32_t)RTC_ByteToBcd2(sAlarm->AlarmTime.Minutes) << RTC_ALRMAR_MNU_Pos) | \
 1819              		.loc 1 1038 12 view .LVU630
 1820 005a 1D43     		orrs	r5, r5, r3
 1821              	.LVL119:
 1822              	.L111:
1081:Drivers/STM32F4xx_HAL_Driver/Src/stm32f4xx_hal_rtc.c ****                                (uint32_t)(sAlarm->AlarmSubSecondMask));
 1823              		.loc 1 1081 3 is_stmt 1 view .LVU631
1081:Drivers/STM32F4xx_HAL_Driver/Src/stm32f4xx_hal_rtc.c ****                                (uint32_t)(sAlarm->AlarmSubSecondMask));
 1824              		.loc 1 1081 60 is_stmt 0 view .LVU632
 1825 005c 7768     		ldr	r7, [r6, #4]
1082:Drivers/STM32F4xx_HAL_Driver/Src/stm32f4xx_hal_rtc.c **** 
 1826              		.loc 1 1082 49 view .LVU633
 1827 005e B369     		ldr	r3, [r6, #24]
1081:Drivers/STM32F4xx_HAL_Driver/Src/stm32f4xx_hal_rtc.c ****                                (uint32_t)(sAlarm->AlarmSubSecondMask));
 1828              		.loc 1 1081 19 view .LVU634
 1829 0060 1F43     		orrs	r7, r7, r3
 1830              	.LVL120:
1085:Drivers/STM32F4xx_HAL_Driver/Src/stm32f4xx_hal_rtc.c **** 
ARM GAS  /tmp/ccXZyIjC.s 			page 73


 1831              		.loc 1 1085 3 is_stmt 1 view .LVU635
1085:Drivers/STM32F4xx_HAL_Driver/Src/stm32f4xx_hal_rtc.c **** 
 1832              		.loc 1 1085 3 view .LVU636
 1833 0062 2368     		ldr	r3, [r4]
 1834 0064 CA22     		movs	r2, #202
 1835 0066 5A62     		str	r2, [r3, #36]
1085:Drivers/STM32F4xx_HAL_Driver/Src/stm32f4xx_hal_rtc.c **** 
 1836              		.loc 1 1085 3 view .LVU637
 1837 0068 2368     		ldr	r3, [r4]
 1838 006a 5322     		movs	r2, #83
 1839 006c 5A62     		str	r2, [r3, #36]
1085:Drivers/STM32F4xx_HAL_Driver/Src/stm32f4xx_hal_rtc.c **** 
 1840              		.loc 1 1085 3 view .LVU638
1088:Drivers/STM32F4xx_HAL_Driver/Src/stm32f4xx_hal_rtc.c ****   {
 1841              		.loc 1 1088 3 view .LVU639
1088:Drivers/STM32F4xx_HAL_Driver/Src/stm32f4xx_hal_rtc.c ****   {
 1842              		.loc 1 1088 13 is_stmt 0 view .LVU640
 1843 006e 736A     		ldr	r3, [r6, #36]
1088:Drivers/STM32F4xx_HAL_Driver/Src/stm32f4xx_hal_rtc.c ****   {
 1844              		.loc 1 1088 6 view .LVU641
 1845 0070 B3F5807F 		cmp	r3, #256
 1846 0074 3FD0     		beq	.L121
1128:Drivers/STM32F4xx_HAL_Driver/Src/stm32f4xx_hal_rtc.c **** 
 1847              		.loc 1 1128 5 is_stmt 1 view .LVU642
 1848 0076 2268     		ldr	r2, [r4]
 1849 0078 9368     		ldr	r3, [r2, #8]
 1850 007a 23F40073 		bic	r3, r3, #512
 1851 007e 9360     		str	r3, [r2, #8]
1131:Drivers/STM32F4xx_HAL_Driver/Src/stm32f4xx_hal_rtc.c **** 
 1852              		.loc 1 1131 5 view .LVU643
 1853 0080 2268     		ldr	r2, [r4]
 1854 0082 9368     		ldr	r3, [r2, #8]
 1855 0084 23F40053 		bic	r3, r3, #8192
 1856 0088 9360     		str	r3, [r2, #8]
1134:Drivers/STM32F4xx_HAL_Driver/Src/stm32f4xx_hal_rtc.c **** 
 1857              		.loc 1 1134 5 view .LVU644
 1858 008a 2268     		ldr	r2, [r4]
 1859 008c D368     		ldr	r3, [r2, #12]
 1860 008e DBB2     		uxtb	r3, r3
 1861 0090 63F42073 		orn	r3, r3, #640
 1862 0094 D360     		str	r3, [r2, #12]
1137:Drivers/STM32F4xx_HAL_Driver/Src/stm32f4xx_hal_rtc.c **** 
 1863              		.loc 1 1137 5 view .LVU645
1137:Drivers/STM32F4xx_HAL_Driver/Src/stm32f4xx_hal_rtc.c **** 
 1864              		.loc 1 1137 17 is_stmt 0 view .LVU646
 1865 0096 FFF7FEFF 		bl	HAL_GetTick
 1866              	.LVL121:
 1867 009a 0646     		mov	r6, r0
 1868              	.LVL122:
1140:Drivers/STM32F4xx_HAL_Driver/Src/stm32f4xx_hal_rtc.c ****     {
 1869              		.loc 1 1140 5 is_stmt 1 view .LVU647
 1870              	.L117:
1140:Drivers/STM32F4xx_HAL_Driver/Src/stm32f4xx_hal_rtc.c ****     {
 1871              		.loc 1 1140 60 view .LVU648
1140:Drivers/STM32F4xx_HAL_Driver/Src/stm32f4xx_hal_rtc.c ****     {
 1872              		.loc 1 1140 12 is_stmt 0 view .LVU649
 1873 009c 2368     		ldr	r3, [r4]
ARM GAS  /tmp/ccXZyIjC.s 			page 74


 1874 009e DA68     		ldr	r2, [r3, #12]
1140:Drivers/STM32F4xx_HAL_Driver/Src/stm32f4xx_hal_rtc.c ****     {
 1875              		.loc 1 1140 60 view .LVU650
 1876 00a0 12F0020F 		tst	r2, #2
 1877 00a4 56D1     		bne	.L122
1142:Drivers/STM32F4xx_HAL_Driver/Src/stm32f4xx_hal_rtc.c ****       {
 1878              		.loc 1 1142 7 is_stmt 1 view .LVU651
1142:Drivers/STM32F4xx_HAL_Driver/Src/stm32f4xx_hal_rtc.c ****       {
 1879              		.loc 1 1142 12 is_stmt 0 view .LVU652
 1880 00a6 FFF7FEFF 		bl	HAL_GetTick
 1881              	.LVL123:
1142:Drivers/STM32F4xx_HAL_Driver/Src/stm32f4xx_hal_rtc.c ****       {
 1882              		.loc 1 1142 26 discriminator 1 view .LVU653
 1883 00aa 801B     		subs	r0, r0, r6
1142:Drivers/STM32F4xx_HAL_Driver/Src/stm32f4xx_hal_rtc.c ****       {
 1884              		.loc 1 1142 10 discriminator 1 view .LVU654
 1885 00ac B0F57A7F 		cmp	r0, #1000
 1886 00b0 F4D9     		bls	.L117
1145:Drivers/STM32F4xx_HAL_Driver/Src/stm32f4xx_hal_rtc.c **** 
 1887              		.loc 1 1145 9 is_stmt 1 view .LVU655
1145:Drivers/STM32F4xx_HAL_Driver/Src/stm32f4xx_hal_rtc.c **** 
 1888              		.loc 1 1145 9 view .LVU656
 1889 00b2 2368     		ldr	r3, [r4]
 1890 00b4 FF22     		movs	r2, #255
 1891 00b6 5A62     		str	r2, [r3, #36]
1145:Drivers/STM32F4xx_HAL_Driver/Src/stm32f4xx_hal_rtc.c **** 
 1892              		.loc 1 1145 9 view .LVU657
1147:Drivers/STM32F4xx_HAL_Driver/Src/stm32f4xx_hal_rtc.c **** 
 1893              		.loc 1 1147 9 view .LVU658
1147:Drivers/STM32F4xx_HAL_Driver/Src/stm32f4xx_hal_rtc.c **** 
 1894              		.loc 1 1147 21 is_stmt 0 view .LVU659
 1895 00b8 0320     		movs	r0, #3
 1896 00ba 6077     		strb	r0, [r4, #29]
1150:Drivers/STM32F4xx_HAL_Driver/Src/stm32f4xx_hal_rtc.c **** 
 1897              		.loc 1 1150 9 is_stmt 1 view .LVU660
1150:Drivers/STM32F4xx_HAL_Driver/Src/stm32f4xx_hal_rtc.c **** 
 1898              		.loc 1 1150 9 view .LVU661
 1899 00bc 0023     		movs	r3, #0
 1900 00be 2377     		strb	r3, [r4, #28]
1150:Drivers/STM32F4xx_HAL_Driver/Src/stm32f4xx_hal_rtc.c **** 
 1901              		.loc 1 1150 9 view .LVU662
1152:Drivers/STM32F4xx_HAL_Driver/Src/stm32f4xx_hal_rtc.c ****       }
 1902              		.loc 1 1152 9 view .LVU663
1152:Drivers/STM32F4xx_HAL_Driver/Src/stm32f4xx_hal_rtc.c ****       }
 1903              		.loc 1 1152 16 is_stmt 0 view .LVU664
 1904 00c0 57E0     		b	.L108
 1905              	.LVL124:
 1906              	.L109:
1048:Drivers/STM32F4xx_HAL_Driver/Src/stm32f4xx_hal_rtc.c ****     {
 1907              		.loc 1 1048 5 is_stmt 1 view .LVU665
1048:Drivers/STM32F4xx_HAL_Driver/Src/stm32f4xx_hal_rtc.c ****     {
 1908              		.loc 1 1048 14 is_stmt 0 view .LVU666
 1909 00c2 0368     		ldr	r3, [r0]
1048:Drivers/STM32F4xx_HAL_Driver/Src/stm32f4xx_hal_rtc.c ****     {
 1910              		.loc 1 1048 24 view .LVU667
 1911 00c4 9B68     		ldr	r3, [r3, #8]
1048:Drivers/STM32F4xx_HAL_Driver/Src/stm32f4xx_hal_rtc.c ****     {
ARM GAS  /tmp/ccXZyIjC.s 			page 75


 1912              		.loc 1 1048 8 view .LVU668
 1913 00c6 13F0400F 		tst	r3, #64
 1914 00ca 01D1     		bne	.L112
1055:Drivers/STM32F4xx_HAL_Driver/Src/stm32f4xx_hal_rtc.c ****       assert_param(IS_RTC_HOUR24(RTC_Bcd2ToByte(sAlarm->AlarmTime.Hours)));
 1915              		.loc 1 1055 7 is_stmt 1 view .LVU669
1055:Drivers/STM32F4xx_HAL_Driver/Src/stm32f4xx_hal_rtc.c ****       assert_param(IS_RTC_HOUR24(RTC_Bcd2ToByte(sAlarm->AlarmTime.Hours)));
 1916              		.loc 1 1055 36 is_stmt 0 view .LVU670
 1917 00cc 0023     		movs	r3, #0
 1918 00ce CB70     		strb	r3, [r1, #3]
 1919              	.L112:
1056:Drivers/STM32F4xx_HAL_Driver/Src/stm32f4xx_hal_rtc.c ****     }
 1920              		.loc 1 1056 7 is_stmt 1 view .LVU671
1059:Drivers/STM32F4xx_HAL_Driver/Src/stm32f4xx_hal_rtc.c ****     assert_param(IS_RTC_SECONDS(RTC_Bcd2ToByte(sAlarm->AlarmTime.Seconds)));
 1921              		.loc 1 1059 5 view .LVU672
1060:Drivers/STM32F4xx_HAL_Driver/Src/stm32f4xx_hal_rtc.c **** 
 1922              		.loc 1 1060 5 view .LVU673
1062:Drivers/STM32F4xx_HAL_Driver/Src/stm32f4xx_hal_rtc.c ****     {
 1923              		.loc 1 1062 5 view .LVU674
1064:Drivers/STM32F4xx_HAL_Driver/Src/stm32f4xx_hal_rtc.c ****     }
 1924              		.loc 1 1064 7 view .LVU675
1068:Drivers/STM32F4xx_HAL_Driver/Src/stm32f4xx_hal_rtc.c ****     }
 1925              		.loc 1 1068 7 view .LVU676
1071:Drivers/STM32F4xx_HAL_Driver/Src/stm32f4xx_hal_rtc.c ****               ((uint32_t)(sAlarm->AlarmTime.Minutes)    << RTC_ALRMAR_MNU_Pos) | \
 1926              		.loc 1 1071 5 view .LVU677
1071:Drivers/STM32F4xx_HAL_Driver/Src/stm32f4xx_hal_rtc.c ****               ((uint32_t)(sAlarm->AlarmTime.Minutes)    << RTC_ALRMAR_MNU_Pos) | \
 1927              		.loc 1 1071 44 is_stmt 0 view .LVU678
 1928 00d0 3378     		ldrb	r3, [r6]	@ zero_extendqisi2
1072:Drivers/STM32F4xx_HAL_Driver/Src/stm32f4xx_hal_rtc.c ****               ((uint32_t) sAlarm->AlarmTime.Seconds)                           | \
 1929              		.loc 1 1072 44 view .LVU679
 1930 00d2 7578     		ldrb	r5, [r6, #1]	@ zero_extendqisi2
1072:Drivers/STM32F4xx_HAL_Driver/Src/stm32f4xx_hal_rtc.c ****               ((uint32_t) sAlarm->AlarmTime.Seconds)                           | \
 1931              		.loc 1 1072 57 view .LVU680
 1932 00d4 2D02     		lsls	r5, r5, #8
1071:Drivers/STM32F4xx_HAL_Driver/Src/stm32f4xx_hal_rtc.c ****               ((uint32_t)(sAlarm->AlarmTime.Minutes)    << RTC_ALRMAR_MNU_Pos) | \
 1933              		.loc 1 1071 80 view .LVU681
 1934 00d6 45EA0345 		orr	r5, r5, r3, lsl #16
1073:Drivers/STM32F4xx_HAL_Driver/Src/stm32f4xx_hal_rtc.c ****               ((uint32_t)(sAlarm->AlarmTime.TimeFormat) << RTC_TR_PM_Pos)      | \
 1935              		.loc 1 1073 44 view .LVU682
 1936 00da B378     		ldrb	r3, [r6, #2]	@ zero_extendqisi2
1072:Drivers/STM32F4xx_HAL_Driver/Src/stm32f4xx_hal_rtc.c ****               ((uint32_t) sAlarm->AlarmTime.Seconds)                           | \
 1937              		.loc 1 1072 80 view .LVU683
 1938 00dc 1D43     		orrs	r5, r5, r3
1074:Drivers/STM32F4xx_HAL_Driver/Src/stm32f4xx_hal_rtc.c ****               ((uint32_t)(sAlarm->AlarmDateWeekDay)     << RTC_ALRMAR_DU_Pos)  | \
 1939              		.loc 1 1074 44 view .LVU684
 1940 00de F378     		ldrb	r3, [r6, #3]	@ zero_extendqisi2
1073:Drivers/STM32F4xx_HAL_Driver/Src/stm32f4xx_hal_rtc.c ****               ((uint32_t)(sAlarm->AlarmTime.TimeFormat) << RTC_TR_PM_Pos)      | \
 1941              		.loc 1 1073 80 view .LVU685
 1942 00e0 45EA8355 		orr	r5, r5, r3, lsl #22
1075:Drivers/STM32F4xx_HAL_Driver/Src/stm32f4xx_hal_rtc.c ****               ((uint32_t) sAlarm->AlarmDateWeekDaySel)                         | \
 1943              		.loc 1 1075 33 view .LVU686
 1944 00e4 96F82030 		ldrb	r3, [r6, #32]	@ zero_extendqisi2
1074:Drivers/STM32F4xx_HAL_Driver/Src/stm32f4xx_hal_rtc.c ****               ((uint32_t)(sAlarm->AlarmDateWeekDay)     << RTC_ALRMAR_DU_Pos)  | \
 1945              		.loc 1 1074 80 view .LVU687
 1946 00e8 45EA0365 		orr	r5, r5, r3, lsl #24
1076:Drivers/STM32F4xx_HAL_Driver/Src/stm32f4xx_hal_rtc.c ****               ((uint32_t) sAlarm->AlarmMask));
 1947              		.loc 1 1076 33 view .LVU688
 1948 00ec F369     		ldr	r3, [r6, #28]
ARM GAS  /tmp/ccXZyIjC.s 			page 76


1075:Drivers/STM32F4xx_HAL_Driver/Src/stm32f4xx_hal_rtc.c ****               ((uint32_t) sAlarm->AlarmDateWeekDaySel)                         | \
 1949              		.loc 1 1075 80 view .LVU689
 1950 00ee 1D43     		orrs	r5, r5, r3
1077:Drivers/STM32F4xx_HAL_Driver/Src/stm32f4xx_hal_rtc.c ****   }
 1951              		.loc 1 1077 33 view .LVU690
 1952 00f0 7369     		ldr	r3, [r6, #20]
1071:Drivers/STM32F4xx_HAL_Driver/Src/stm32f4xx_hal_rtc.c ****               ((uint32_t)(sAlarm->AlarmTime.Minutes)    << RTC_ALRMAR_MNU_Pos) | \
 1953              		.loc 1 1071 12 view .LVU691
 1954 00f2 1D43     		orrs	r5, r5, r3
 1955 00f4 B2E7     		b	.L111
 1956              	.LVL125:
 1957              	.L121:
1091:Drivers/STM32F4xx_HAL_Driver/Src/stm32f4xx_hal_rtc.c **** 
 1958              		.loc 1 1091 5 is_stmt 1 view .LVU692
 1959 00f6 2268     		ldr	r2, [r4]
 1960 00f8 9368     		ldr	r3, [r2, #8]
 1961 00fa 23F48073 		bic	r3, r3, #256
 1962 00fe 9360     		str	r3, [r2, #8]
1094:Drivers/STM32F4xx_HAL_Driver/Src/stm32f4xx_hal_rtc.c **** 
 1963              		.loc 1 1094 5 view .LVU693
 1964 0100 2268     		ldr	r2, [r4]
 1965 0102 9368     		ldr	r3, [r2, #8]
 1966 0104 23F48053 		bic	r3, r3, #4096
 1967 0108 9360     		str	r3, [r2, #8]
1097:Drivers/STM32F4xx_HAL_Driver/Src/stm32f4xx_hal_rtc.c **** 
 1968              		.loc 1 1097 5 view .LVU694
 1969 010a 2268     		ldr	r2, [r4]
 1970 010c D368     		ldr	r3, [r2, #12]
 1971 010e DBB2     		uxtb	r3, r3
 1972 0110 63F4C073 		orn	r3, r3, #384
 1973 0114 D360     		str	r3, [r2, #12]
1100:Drivers/STM32F4xx_HAL_Driver/Src/stm32f4xx_hal_rtc.c **** 
 1974              		.loc 1 1100 5 view .LVU695
1100:Drivers/STM32F4xx_HAL_Driver/Src/stm32f4xx_hal_rtc.c **** 
 1975              		.loc 1 1100 17 is_stmt 0 view .LVU696
 1976 0116 FFF7FEFF 		bl	HAL_GetTick
 1977              	.LVL126:
 1978 011a 0646     		mov	r6, r0
 1979              	.LVL127:
1103:Drivers/STM32F4xx_HAL_Driver/Src/stm32f4xx_hal_rtc.c ****     {
 1980              		.loc 1 1103 5 is_stmt 1 view .LVU697
 1981              	.L114:
1103:Drivers/STM32F4xx_HAL_Driver/Src/stm32f4xx_hal_rtc.c ****     {
 1982              		.loc 1 1103 60 view .LVU698
1103:Drivers/STM32F4xx_HAL_Driver/Src/stm32f4xx_hal_rtc.c ****     {
 1983              		.loc 1 1103 12 is_stmt 0 view .LVU699
 1984 011c 2368     		ldr	r3, [r4]
 1985 011e DA68     		ldr	r2, [r3, #12]
1103:Drivers/STM32F4xx_HAL_Driver/Src/stm32f4xx_hal_rtc.c ****     {
 1986              		.loc 1 1103 60 view .LVU700
 1987 0120 12F0010F 		tst	r2, #1
 1988 0124 0DD1     		bne	.L123
1105:Drivers/STM32F4xx_HAL_Driver/Src/stm32f4xx_hal_rtc.c ****       {
 1989              		.loc 1 1105 7 is_stmt 1 view .LVU701
1105:Drivers/STM32F4xx_HAL_Driver/Src/stm32f4xx_hal_rtc.c ****       {
 1990              		.loc 1 1105 12 is_stmt 0 view .LVU702
 1991 0126 FFF7FEFF 		bl	HAL_GetTick
ARM GAS  /tmp/ccXZyIjC.s 			page 77


 1992              	.LVL128:
1105:Drivers/STM32F4xx_HAL_Driver/Src/stm32f4xx_hal_rtc.c ****       {
 1993              		.loc 1 1105 26 discriminator 1 view .LVU703
 1994 012a 801B     		subs	r0, r0, r6
1105:Drivers/STM32F4xx_HAL_Driver/Src/stm32f4xx_hal_rtc.c ****       {
 1995              		.loc 1 1105 10 discriminator 1 view .LVU704
 1996 012c B0F57A7F 		cmp	r0, #1000
 1997 0130 F4D9     		bls	.L114
1108:Drivers/STM32F4xx_HAL_Driver/Src/stm32f4xx_hal_rtc.c **** 
 1998              		.loc 1 1108 9 is_stmt 1 view .LVU705
1108:Drivers/STM32F4xx_HAL_Driver/Src/stm32f4xx_hal_rtc.c **** 
 1999              		.loc 1 1108 9 view .LVU706
 2000 0132 2368     		ldr	r3, [r4]
 2001 0134 FF22     		movs	r2, #255
 2002 0136 5A62     		str	r2, [r3, #36]
1108:Drivers/STM32F4xx_HAL_Driver/Src/stm32f4xx_hal_rtc.c **** 
 2003              		.loc 1 1108 9 view .LVU707
1110:Drivers/STM32F4xx_HAL_Driver/Src/stm32f4xx_hal_rtc.c **** 
 2004              		.loc 1 1110 9 view .LVU708
1110:Drivers/STM32F4xx_HAL_Driver/Src/stm32f4xx_hal_rtc.c **** 
 2005              		.loc 1 1110 21 is_stmt 0 view .LVU709
 2006 0138 0320     		movs	r0, #3
 2007 013a 6077     		strb	r0, [r4, #29]
1113:Drivers/STM32F4xx_HAL_Driver/Src/stm32f4xx_hal_rtc.c **** 
 2008              		.loc 1 1113 9 is_stmt 1 view .LVU710
1113:Drivers/STM32F4xx_HAL_Driver/Src/stm32f4xx_hal_rtc.c **** 
 2009              		.loc 1 1113 9 view .LVU711
 2010 013c 0023     		movs	r3, #0
 2011 013e 2377     		strb	r3, [r4, #28]
1113:Drivers/STM32F4xx_HAL_Driver/Src/stm32f4xx_hal_rtc.c **** 
 2012              		.loc 1 1113 9 view .LVU712
1115:Drivers/STM32F4xx_HAL_Driver/Src/stm32f4xx_hal_rtc.c ****       }
 2013              		.loc 1 1115 9 view .LVU713
1115:Drivers/STM32F4xx_HAL_Driver/Src/stm32f4xx_hal_rtc.c ****       }
 2014              		.loc 1 1115 16 is_stmt 0 view .LVU714
 2015 0140 17E0     		b	.L108
 2016              	.L123:
1119:Drivers/STM32F4xx_HAL_Driver/Src/stm32f4xx_hal_rtc.c ****     /* Configure the Alarm A Subseconds register */
 2017              		.loc 1 1119 5 is_stmt 1 view .LVU715
1119:Drivers/STM32F4xx_HAL_Driver/Src/stm32f4xx_hal_rtc.c ****     /* Configure the Alarm A Subseconds register */
 2018              		.loc 1 1119 28 is_stmt 0 view .LVU716
 2019 0142 DD61     		str	r5, [r3, #28]
1121:Drivers/STM32F4xx_HAL_Driver/Src/stm32f4xx_hal_rtc.c ****     /* Configure the Alarm state: Enable Alarm */
 2020              		.loc 1 1121 5 is_stmt 1 view .LVU717
1121:Drivers/STM32F4xx_HAL_Driver/Src/stm32f4xx_hal_rtc.c ****     /* Configure the Alarm state: Enable Alarm */
 2021              		.loc 1 1121 9 is_stmt 0 view .LVU718
 2022 0144 2368     		ldr	r3, [r4]
1121:Drivers/STM32F4xx_HAL_Driver/Src/stm32f4xx_hal_rtc.c ****     /* Configure the Alarm state: Enable Alarm */
 2023              		.loc 1 1121 30 view .LVU719
 2024 0146 5F64     		str	r7, [r3, #68]
1123:Drivers/STM32F4xx_HAL_Driver/Src/stm32f4xx_hal_rtc.c ****   }
 2025              		.loc 1 1123 5 is_stmt 1 view .LVU720
 2026 0148 2268     		ldr	r2, [r4]
 2027 014a 9368     		ldr	r3, [r2, #8]
 2028 014c 43F48073 		orr	r3, r3, #256
 2029 0150 9360     		str	r3, [r2, #8]
 2030 0152 07E0     		b	.L116
ARM GAS  /tmp/ccXZyIjC.s 			page 78


 2031              	.L122:
1156:Drivers/STM32F4xx_HAL_Driver/Src/stm32f4xx_hal_rtc.c ****     /* Configure the Alarm B Subseconds register */
 2032              		.loc 1 1156 5 view .LVU721
1156:Drivers/STM32F4xx_HAL_Driver/Src/stm32f4xx_hal_rtc.c ****     /* Configure the Alarm B Subseconds register */
 2033              		.loc 1 1156 28 is_stmt 0 view .LVU722
 2034 0154 1D62     		str	r5, [r3, #32]
1158:Drivers/STM32F4xx_HAL_Driver/Src/stm32f4xx_hal_rtc.c ****     /* Configure the Alarm state: Enable Alarm */
 2035              		.loc 1 1158 5 is_stmt 1 view .LVU723
1158:Drivers/STM32F4xx_HAL_Driver/Src/stm32f4xx_hal_rtc.c ****     /* Configure the Alarm state: Enable Alarm */
 2036              		.loc 1 1158 9 is_stmt 0 view .LVU724
 2037 0156 2368     		ldr	r3, [r4]
1158:Drivers/STM32F4xx_HAL_Driver/Src/stm32f4xx_hal_rtc.c ****     /* Configure the Alarm state: Enable Alarm */
 2038              		.loc 1 1158 30 view .LVU725
 2039 0158 9F64     		str	r7, [r3, #72]
1160:Drivers/STM32F4xx_HAL_Driver/Src/stm32f4xx_hal_rtc.c ****   }
 2040              		.loc 1 1160 5 is_stmt 1 view .LVU726
 2041 015a 2268     		ldr	r2, [r4]
 2042 015c 9368     		ldr	r3, [r2, #8]
 2043 015e 43F40073 		orr	r3, r3, #512
 2044 0162 9360     		str	r3, [r2, #8]
 2045              	.L116:
1164:Drivers/STM32F4xx_HAL_Driver/Src/stm32f4xx_hal_rtc.c **** 
 2046              		.loc 1 1164 3 view .LVU727
1164:Drivers/STM32F4xx_HAL_Driver/Src/stm32f4xx_hal_rtc.c **** 
 2047              		.loc 1 1164 3 view .LVU728
 2048 0164 2368     		ldr	r3, [r4]
 2049 0166 FF22     		movs	r2, #255
 2050 0168 5A62     		str	r2, [r3, #36]
1164:Drivers/STM32F4xx_HAL_Driver/Src/stm32f4xx_hal_rtc.c **** 
 2051              		.loc 1 1164 3 view .LVU729
1167:Drivers/STM32F4xx_HAL_Driver/Src/stm32f4xx_hal_rtc.c **** 
 2052              		.loc 1 1167 3 view .LVU730
1167:Drivers/STM32F4xx_HAL_Driver/Src/stm32f4xx_hal_rtc.c **** 
 2053              		.loc 1 1167 15 is_stmt 0 view .LVU731
 2054 016a 0123     		movs	r3, #1
 2055 016c 6377     		strb	r3, [r4, #29]
1170:Drivers/STM32F4xx_HAL_Driver/Src/stm32f4xx_hal_rtc.c **** 
 2056              		.loc 1 1170 3 is_stmt 1 view .LVU732
1170:Drivers/STM32F4xx_HAL_Driver/Src/stm32f4xx_hal_rtc.c **** 
 2057              		.loc 1 1170 3 view .LVU733
 2058 016e 0020     		movs	r0, #0
 2059 0170 2077     		strb	r0, [r4, #28]
1170:Drivers/STM32F4xx_HAL_Driver/Src/stm32f4xx_hal_rtc.c **** 
 2060              		.loc 1 1170 3 view .LVU734
1172:Drivers/STM32F4xx_HAL_Driver/Src/stm32f4xx_hal_rtc.c **** }
 2061              		.loc 1 1172 3 view .LVU735
 2062              	.LVL129:
 2063              	.L108:
1173:Drivers/STM32F4xx_HAL_Driver/Src/stm32f4xx_hal_rtc.c **** 
 2064              		.loc 1 1173 1 is_stmt 0 view .LVU736
 2065 0172 F8BD     		pop	{r3, r4, r5, r6, r7, pc}
 2066              	.LVL130:
 2067              	.L119:
1007:Drivers/STM32F4xx_HAL_Driver/Src/stm32f4xx_hal_rtc.c **** 
 2068              		.loc 1 1007 3 discriminator 1 view .LVU737
 2069 0174 0220     		movs	r0, #2
 2070              	.LVL131:
ARM GAS  /tmp/ccXZyIjC.s 			page 79


1007:Drivers/STM32F4xx_HAL_Driver/Src/stm32f4xx_hal_rtc.c **** 
 2071              		.loc 1 1007 3 discriminator 1 view .LVU738
 2072 0176 FCE7     		b	.L108
 2073              		.cfi_endproc
 2074              	.LFE138:
 2076              		.section	.text.HAL_RTC_SetAlarm_IT,"ax",%progbits
 2077              		.align	1
 2078              		.global	HAL_RTC_SetAlarm_IT
 2079              		.syntax unified
 2080              		.thumb
 2081              		.thumb_func
 2083              	HAL_RTC_SetAlarm_IT:
 2084              	.LVL132:
 2085              	.LFB139:
1190:Drivers/STM32F4xx_HAL_Driver/Src/stm32f4xx_hal_rtc.c ****   __IO uint32_t count  = RTC_TIMEOUT_VALUE * (SystemCoreClock / 32U / 1000U);
 2086              		.loc 1 1190 1 is_stmt 1 view -0
 2087              		.cfi_startproc
 2088              		@ args = 0, pretend = 0, frame = 8
 2089              		@ frame_needed = 0, uses_anonymous_args = 0
1190:Drivers/STM32F4xx_HAL_Driver/Src/stm32f4xx_hal_rtc.c ****   __IO uint32_t count  = RTC_TIMEOUT_VALUE * (SystemCoreClock / 32U / 1000U);
 2090              		.loc 1 1190 1 is_stmt 0 view .LVU740
 2091 0000 70B5     		push	{r4, r5, r6, lr}
 2092              	.LCFI14:
 2093              		.cfi_def_cfa_offset 16
 2094              		.cfi_offset 4, -16
 2095              		.cfi_offset 5, -12
 2096              		.cfi_offset 6, -8
 2097              		.cfi_offset 14, -4
 2098 0002 82B0     		sub	sp, sp, #8
 2099              	.LCFI15:
 2100              		.cfi_def_cfa_offset 24
 2101 0004 0D46     		mov	r5, r1
1191:Drivers/STM32F4xx_HAL_Driver/Src/stm32f4xx_hal_rtc.c ****        uint32_t tmpreg = 0U;
 2102              		.loc 1 1191 3 is_stmt 1 view .LVU741
1191:Drivers/STM32F4xx_HAL_Driver/Src/stm32f4xx_hal_rtc.c ****        uint32_t tmpreg = 0U;
 2103              		.loc 1 1191 69 is_stmt 0 view .LVU742
 2104 0006 684B     		ldr	r3, .L141
 2105 0008 1B68     		ldr	r3, [r3]
 2106 000a 6849     		ldr	r1, .L141+4
 2107              	.LVL133:
1191:Drivers/STM32F4xx_HAL_Driver/Src/stm32f4xx_hal_rtc.c ****        uint32_t tmpreg = 0U;
 2108              		.loc 1 1191 69 view .LVU743
 2109 000c A1FB0313 		umull	r1, r3, r1, r3
 2110 0010 DB0A     		lsrs	r3, r3, #11
1191:Drivers/STM32F4xx_HAL_Driver/Src/stm32f4xx_hal_rtc.c ****        uint32_t tmpreg = 0U;
 2111              		.loc 1 1191 44 view .LVU744
 2112 0012 4FF47A71 		mov	r1, #1000
 2113 0016 01FB03F3 		mul	r3, r1, r3
1191:Drivers/STM32F4xx_HAL_Driver/Src/stm32f4xx_hal_rtc.c ****        uint32_t tmpreg = 0U;
 2114              		.loc 1 1191 17 view .LVU745
 2115 001a 0193     		str	r3, [sp, #4]
1192:Drivers/STM32F4xx_HAL_Driver/Src/stm32f4xx_hal_rtc.c ****        uint32_t subsecondtmpreg = 0U;
 2116              		.loc 1 1192 8 is_stmt 1 view .LVU746
 2117              	.LVL134:
1193:Drivers/STM32F4xx_HAL_Driver/Src/stm32f4xx_hal_rtc.c **** 
 2118              		.loc 1 1193 8 view .LVU747
1196:Drivers/STM32F4xx_HAL_Driver/Src/stm32f4xx_hal_rtc.c ****   assert_param(IS_RTC_ALARM(sAlarm->Alarm));
ARM GAS  /tmp/ccXZyIjC.s 			page 80


 2119              		.loc 1 1196 3 view .LVU748
1197:Drivers/STM32F4xx_HAL_Driver/Src/stm32f4xx_hal_rtc.c ****   assert_param(IS_RTC_ALARM_MASK(sAlarm->AlarmMask));
 2120              		.loc 1 1197 3 view .LVU749
1198:Drivers/STM32F4xx_HAL_Driver/Src/stm32f4xx_hal_rtc.c ****   assert_param(IS_RTC_ALARM_DATE_WEEKDAY_SEL(sAlarm->AlarmDateWeekDaySel));
 2121              		.loc 1 1198 3 view .LVU750
1199:Drivers/STM32F4xx_HAL_Driver/Src/stm32f4xx_hal_rtc.c ****   assert_param(IS_RTC_ALARM_SUB_SECOND_VALUE(sAlarm->AlarmTime.SubSeconds));
 2122              		.loc 1 1199 3 view .LVU751
1200:Drivers/STM32F4xx_HAL_Driver/Src/stm32f4xx_hal_rtc.c ****   assert_param(IS_RTC_ALARM_SUB_SECOND_MASK(sAlarm->AlarmSubSecondMask));
 2123              		.loc 1 1200 3 view .LVU752
1201:Drivers/STM32F4xx_HAL_Driver/Src/stm32f4xx_hal_rtc.c **** 
 2124              		.loc 1 1201 3 view .LVU753
1204:Drivers/STM32F4xx_HAL_Driver/Src/stm32f4xx_hal_rtc.c **** 
 2125              		.loc 1 1204 3 view .LVU754
1204:Drivers/STM32F4xx_HAL_Driver/Src/stm32f4xx_hal_rtc.c **** 
 2126              		.loc 1 1204 3 view .LVU755
 2127 001c 037F     		ldrb	r3, [r0, #28]	@ zero_extendqisi2
 2128 001e 012B     		cmp	r3, #1
 2129 0020 00F0C080 		beq	.L136
 2130 0024 0446     		mov	r4, r0
1204:Drivers/STM32F4xx_HAL_Driver/Src/stm32f4xx_hal_rtc.c **** 
 2131              		.loc 1 1204 3 discriminator 2 view .LVU756
 2132 0026 0123     		movs	r3, #1
 2133 0028 0377     		strb	r3, [r0, #28]
1204:Drivers/STM32F4xx_HAL_Driver/Src/stm32f4xx_hal_rtc.c **** 
 2134              		.loc 1 1204 3 view .LVU757
1207:Drivers/STM32F4xx_HAL_Driver/Src/stm32f4xx_hal_rtc.c **** 
 2135              		.loc 1 1207 3 view .LVU758
1207:Drivers/STM32F4xx_HAL_Driver/Src/stm32f4xx_hal_rtc.c **** 
 2136              		.loc 1 1207 15 is_stmt 0 view .LVU759
 2137 002a 0223     		movs	r3, #2
 2138 002c 4377     		strb	r3, [r0, #29]
1211:Drivers/STM32F4xx_HAL_Driver/Src/stm32f4xx_hal_rtc.c ****   {
 2139              		.loc 1 1211 3 is_stmt 1 view .LVU760
1211:Drivers/STM32F4xx_HAL_Driver/Src/stm32f4xx_hal_rtc.c ****   {
 2140              		.loc 1 1211 6 is_stmt 0 view .LVU761
 2141 002e 002A     		cmp	r2, #0
 2142 0030 6CD1     		bne	.L126
1213:Drivers/STM32F4xx_HAL_Driver/Src/stm32f4xx_hal_rtc.c ****     {
 2143              		.loc 1 1213 5 is_stmt 1 view .LVU762
1213:Drivers/STM32F4xx_HAL_Driver/Src/stm32f4xx_hal_rtc.c ****     {
 2144              		.loc 1 1213 14 is_stmt 0 view .LVU763
 2145 0032 0368     		ldr	r3, [r0]
1213:Drivers/STM32F4xx_HAL_Driver/Src/stm32f4xx_hal_rtc.c ****     {
 2146              		.loc 1 1213 24 view .LVU764
 2147 0034 9B68     		ldr	r3, [r3, #8]
1213:Drivers/STM32F4xx_HAL_Driver/Src/stm32f4xx_hal_rtc.c ****     {
 2148              		.loc 1 1213 8 view .LVU765
 2149 0036 13F0400F 		tst	r3, #64
 2150 003a 01D1     		bne	.L127
1220:Drivers/STM32F4xx_HAL_Driver/Src/stm32f4xx_hal_rtc.c ****       assert_param(IS_RTC_HOUR24(sAlarm->AlarmTime.Hours));
 2151              		.loc 1 1220 7 is_stmt 1 view .LVU766
1220:Drivers/STM32F4xx_HAL_Driver/Src/stm32f4xx_hal_rtc.c ****       assert_param(IS_RTC_HOUR24(sAlarm->AlarmTime.Hours));
 2152              		.loc 1 1220 36 is_stmt 0 view .LVU767
 2153 003c 0023     		movs	r3, #0
 2154 003e EB70     		strb	r3, [r5, #3]
 2155              	.L127:
1221:Drivers/STM32F4xx_HAL_Driver/Src/stm32f4xx_hal_rtc.c ****     }
ARM GAS  /tmp/ccXZyIjC.s 			page 81


 2156              		.loc 1 1221 7 is_stmt 1 view .LVU768
1223:Drivers/STM32F4xx_HAL_Driver/Src/stm32f4xx_hal_rtc.c ****     assert_param(IS_RTC_SECONDS(sAlarm->AlarmTime.Seconds));
 2157              		.loc 1 1223 5 view .LVU769
1224:Drivers/STM32F4xx_HAL_Driver/Src/stm32f4xx_hal_rtc.c **** 
 2158              		.loc 1 1224 5 view .LVU770
1226:Drivers/STM32F4xx_HAL_Driver/Src/stm32f4xx_hal_rtc.c ****     {
 2159              		.loc 1 1226 5 view .LVU771
1228:Drivers/STM32F4xx_HAL_Driver/Src/stm32f4xx_hal_rtc.c ****     }
 2160              		.loc 1 1228 7 view .LVU772
1232:Drivers/STM32F4xx_HAL_Driver/Src/stm32f4xx_hal_rtc.c ****     }
 2161              		.loc 1 1232 7 view .LVU773
1235:Drivers/STM32F4xx_HAL_Driver/Src/stm32f4xx_hal_rtc.c ****               ((uint32_t)RTC_ByteToBcd2(sAlarm->AlarmTime.Minutes) << RTC_ALRMAR_MNU_Pos) | \
 2162              		.loc 1 1235 5 view .LVU774
1235:Drivers/STM32F4xx_HAL_Driver/Src/stm32f4xx_hal_rtc.c ****               ((uint32_t)RTC_ByteToBcd2(sAlarm->AlarmTime.Minutes) << RTC_ALRMAR_MNU_Pos) | \
 2163              		.loc 1 1235 26 is_stmt 0 view .LVU775
 2164 0040 2878     		ldrb	r0, [r5]	@ zero_extendqisi2
 2165              	.LVL135:
1235:Drivers/STM32F4xx_HAL_Driver/Src/stm32f4xx_hal_rtc.c ****               ((uint32_t)RTC_ByteToBcd2(sAlarm->AlarmTime.Minutes) << RTC_ALRMAR_MNU_Pos) | \
 2166              		.loc 1 1235 26 view .LVU776
 2167 0042 FFF7FEFF 		bl	RTC_ByteToBcd2
 2168              	.LVL136:
1235:Drivers/STM32F4xx_HAL_Driver/Src/stm32f4xx_hal_rtc.c ****               ((uint32_t)RTC_ByteToBcd2(sAlarm->AlarmTime.Minutes) << RTC_ALRMAR_MNU_Pos) | \
 2169              		.loc 1 1235 68 discriminator 1 view .LVU777
 2170 0046 0604     		lsls	r6, r0, #16
1236:Drivers/STM32F4xx_HAL_Driver/Src/stm32f4xx_hal_rtc.c ****               ((uint32_t)RTC_ByteToBcd2(sAlarm->AlarmTime.Seconds))                       | \
 2171              		.loc 1 1236 26 view .LVU778
 2172 0048 6878     		ldrb	r0, [r5, #1]	@ zero_extendqisi2
 2173 004a FFF7FEFF 		bl	RTC_ByteToBcd2
 2174              	.LVL137:
1235:Drivers/STM32F4xx_HAL_Driver/Src/stm32f4xx_hal_rtc.c ****               ((uint32_t)RTC_ByteToBcd2(sAlarm->AlarmTime.Minutes) << RTC_ALRMAR_MNU_Pos) | \
 2175              		.loc 1 1235 91 view .LVU779
 2176 004e 46EA0026 		orr	r6, r6, r0, lsl #8
1237:Drivers/STM32F4xx_HAL_Driver/Src/stm32f4xx_hal_rtc.c ****               ((uint32_t)(sAlarm->AlarmTime.TimeFormat)            << RTC_TR_PM_Pos)      | \
 2177              		.loc 1 1237 26 view .LVU780
 2178 0052 A878     		ldrb	r0, [r5, #2]	@ zero_extendqisi2
 2179 0054 FFF7FEFF 		bl	RTC_ByteToBcd2
 2180              	.LVL138:
1236:Drivers/STM32F4xx_HAL_Driver/Src/stm32f4xx_hal_rtc.c ****               ((uint32_t)RTC_ByteToBcd2(sAlarm->AlarmTime.Seconds))                       | \
 2181              		.loc 1 1236 91 view .LVU781
 2182 0058 0643     		orrs	r6, r6, r0
1238:Drivers/STM32F4xx_HAL_Driver/Src/stm32f4xx_hal_rtc.c ****               ((uint32_t)RTC_ByteToBcd2(sAlarm->AlarmDateWeekDay)  << RTC_ALRMAR_DU_Pos)  | \
 2183              		.loc 1 1238 44 view .LVU782
 2184 005a EB78     		ldrb	r3, [r5, #3]	@ zero_extendqisi2
1237:Drivers/STM32F4xx_HAL_Driver/Src/stm32f4xx_hal_rtc.c ****               ((uint32_t)(sAlarm->AlarmTime.TimeFormat)            << RTC_TR_PM_Pos)      | \
 2185              		.loc 1 1237 91 view .LVU783
 2186 005c 46EA8356 		orr	r6, r6, r3, lsl #22
1239:Drivers/STM32F4xx_HAL_Driver/Src/stm32f4xx_hal_rtc.c ****               ((uint32_t)sAlarm->AlarmDateWeekDaySel)                                     | \
 2187              		.loc 1 1239 26 view .LVU784
 2188 0060 95F82000 		ldrb	r0, [r5, #32]	@ zero_extendqisi2
 2189 0064 FFF7FEFF 		bl	RTC_ByteToBcd2
 2190              	.LVL139:
1238:Drivers/STM32F4xx_HAL_Driver/Src/stm32f4xx_hal_rtc.c ****               ((uint32_t)RTC_ByteToBcd2(sAlarm->AlarmDateWeekDay)  << RTC_ALRMAR_DU_Pos)  | \
 2191              		.loc 1 1238 91 view .LVU785
 2192 0068 46EA0062 		orr	r2, r6, r0, lsl #24
1240:Drivers/STM32F4xx_HAL_Driver/Src/stm32f4xx_hal_rtc.c ****               ((uint32_t)sAlarm->AlarmMask));
 2193              		.loc 1 1240 32 view .LVU786
 2194 006c EB69     		ldr	r3, [r5, #28]
ARM GAS  /tmp/ccXZyIjC.s 			page 82


1239:Drivers/STM32F4xx_HAL_Driver/Src/stm32f4xx_hal_rtc.c ****               ((uint32_t)sAlarm->AlarmDateWeekDaySel)                                     | \
 2195              		.loc 1 1239 91 view .LVU787
 2196 006e 1A43     		orrs	r2, r2, r3
1241:Drivers/STM32F4xx_HAL_Driver/Src/stm32f4xx_hal_rtc.c ****   }
 2197              		.loc 1 1241 32 view .LVU788
 2198 0070 6B69     		ldr	r3, [r5, #20]
1235:Drivers/STM32F4xx_HAL_Driver/Src/stm32f4xx_hal_rtc.c ****               ((uint32_t)RTC_ByteToBcd2(sAlarm->AlarmTime.Minutes) << RTC_ALRMAR_MNU_Pos) | \
 2199              		.loc 1 1235 12 view .LVU789
 2200 0072 1A43     		orrs	r2, r2, r3
 2201              	.LVL140:
 2202              	.L128:
1278:Drivers/STM32F4xx_HAL_Driver/Src/stm32f4xx_hal_rtc.c ****                                (uint32_t)(sAlarm->AlarmSubSecondMask));
 2203              		.loc 1 1278 3 is_stmt 1 view .LVU790
1278:Drivers/STM32F4xx_HAL_Driver/Src/stm32f4xx_hal_rtc.c ****                                (uint32_t)(sAlarm->AlarmSubSecondMask));
 2204              		.loc 1 1278 60 is_stmt 0 view .LVU791
 2205 0074 6868     		ldr	r0, [r5, #4]
1279:Drivers/STM32F4xx_HAL_Driver/Src/stm32f4xx_hal_rtc.c **** 
 2206              		.loc 1 1279 49 view .LVU792
 2207 0076 AB69     		ldr	r3, [r5, #24]
1278:Drivers/STM32F4xx_HAL_Driver/Src/stm32f4xx_hal_rtc.c ****                                (uint32_t)(sAlarm->AlarmSubSecondMask));
 2208              		.loc 1 1278 19 view .LVU793
 2209 0078 1843     		orrs	r0, r0, r3
 2210              	.LVL141:
1282:Drivers/STM32F4xx_HAL_Driver/Src/stm32f4xx_hal_rtc.c **** 
 2211              		.loc 1 1282 3 is_stmt 1 view .LVU794
1282:Drivers/STM32F4xx_HAL_Driver/Src/stm32f4xx_hal_rtc.c **** 
 2212              		.loc 1 1282 3 view .LVU795
 2213 007a 2368     		ldr	r3, [r4]
 2214 007c CA21     		movs	r1, #202
 2215 007e 5962     		str	r1, [r3, #36]
1282:Drivers/STM32F4xx_HAL_Driver/Src/stm32f4xx_hal_rtc.c **** 
 2216              		.loc 1 1282 3 view .LVU796
 2217 0080 2368     		ldr	r3, [r4]
 2218 0082 5321     		movs	r1, #83
 2219 0084 5962     		str	r1, [r3, #36]
1282:Drivers/STM32F4xx_HAL_Driver/Src/stm32f4xx_hal_rtc.c **** 
 2220              		.loc 1 1282 3 view .LVU797
1285:Drivers/STM32F4xx_HAL_Driver/Src/stm32f4xx_hal_rtc.c ****   {
 2221              		.loc 1 1285 3 view .LVU798
1285:Drivers/STM32F4xx_HAL_Driver/Src/stm32f4xx_hal_rtc.c ****   {
 2222              		.loc 1 1285 13 is_stmt 0 view .LVU799
 2223 0086 6B6A     		ldr	r3, [r5, #36]
1285:Drivers/STM32F4xx_HAL_Driver/Src/stm32f4xx_hal_rtc.c ****   {
 2224              		.loc 1 1285 6 view .LVU800
 2225 0088 B3F5807F 		cmp	r3, #256
 2226 008c 58D0     		beq	.L138
1321:Drivers/STM32F4xx_HAL_Driver/Src/stm32f4xx_hal_rtc.c **** 
 2227              		.loc 1 1321 5 is_stmt 1 view .LVU801
 2228 008e 2168     		ldr	r1, [r4]
 2229 0090 8B68     		ldr	r3, [r1, #8]
 2230 0092 23F40073 		bic	r3, r3, #512
 2231 0096 8B60     		str	r3, [r1, #8]
1324:Drivers/STM32F4xx_HAL_Driver/Src/stm32f4xx_hal_rtc.c **** 
 2232              		.loc 1 1324 5 view .LVU802
 2233 0098 2168     		ldr	r1, [r4]
 2234 009a CB68     		ldr	r3, [r1, #12]
 2235 009c DBB2     		uxtb	r3, r3
ARM GAS  /tmp/ccXZyIjC.s 			page 83


 2236 009e 63F42073 		orn	r3, r3, #640
 2237 00a2 CB60     		str	r3, [r1, #12]
1327:Drivers/STM32F4xx_HAL_Driver/Src/stm32f4xx_hal_rtc.c **** 
 2238              		.loc 1 1327 5 view .LVU803
1327:Drivers/STM32F4xx_HAL_Driver/Src/stm32f4xx_hal_rtc.c **** 
 2239              		.loc 1 1327 56 is_stmt 0 view .LVU804
 2240 00a4 404B     		ldr	r3, .L141
 2241 00a6 1B68     		ldr	r3, [r3]
 2242 00a8 4049     		ldr	r1, .L141+4
 2243 00aa A1FB0313 		umull	r1, r3, r1, r3
 2244 00ae DB0A     		lsrs	r3, r3, #11
1327:Drivers/STM32F4xx_HAL_Driver/Src/stm32f4xx_hal_rtc.c **** 
 2245              		.loc 1 1327 31 view .LVU805
 2246 00b0 4FF47A71 		mov	r1, #1000
 2247 00b4 01FB03F3 		mul	r3, r1, r3
1327:Drivers/STM32F4xx_HAL_Driver/Src/stm32f4xx_hal_rtc.c **** 
 2248              		.loc 1 1327 11 view .LVU806
 2249 00b8 0193     		str	r3, [sp, #4]
 2250              	.L135:
1330:Drivers/STM32F4xx_HAL_Driver/Src/stm32f4xx_hal_rtc.c ****     {
 2251              		.loc 1 1330 5 is_stmt 1 view .LVU807
1332:Drivers/STM32F4xx_HAL_Driver/Src/stm32f4xx_hal_rtc.c ****       {
 2252              		.loc 1 1332 7 view .LVU808
1332:Drivers/STM32F4xx_HAL_Driver/Src/stm32f4xx_hal_rtc.c ****       {
 2253              		.loc 1 1332 16 is_stmt 0 view .LVU809
 2254 00ba 019B     		ldr	r3, [sp, #4]
 2255 00bc 591E     		subs	r1, r3, #1
 2256 00be 0191     		str	r1, [sp, #4]
1332:Drivers/STM32F4xx_HAL_Driver/Src/stm32f4xx_hal_rtc.c ****       {
 2257              		.loc 1 1332 10 view .LVU810
 2258 00c0 002B     		cmp	r3, #0
 2259 00c2 67D0     		beq	.L139
1344:Drivers/STM32F4xx_HAL_Driver/Src/stm32f4xx_hal_rtc.c **** 
 2260              		.loc 1 1344 62 is_stmt 1 view .LVU811
1344:Drivers/STM32F4xx_HAL_Driver/Src/stm32f4xx_hal_rtc.c **** 
 2261              		.loc 1 1344 14 is_stmt 0 view .LVU812
 2262 00c4 2368     		ldr	r3, [r4]
 2263 00c6 D968     		ldr	r1, [r3, #12]
1344:Drivers/STM32F4xx_HAL_Driver/Src/stm32f4xx_hal_rtc.c **** 
 2264              		.loc 1 1344 62 view .LVU813
 2265 00c8 11F0020F 		tst	r1, #2
 2266 00cc F5D0     		beq	.L135
1346:Drivers/STM32F4xx_HAL_Driver/Src/stm32f4xx_hal_rtc.c ****     /* Configure the Alarm B Subseconds register */
 2267              		.loc 1 1346 5 is_stmt 1 view .LVU814
1346:Drivers/STM32F4xx_HAL_Driver/Src/stm32f4xx_hal_rtc.c ****     /* Configure the Alarm B Subseconds register */
 2268              		.loc 1 1346 28 is_stmt 0 view .LVU815
 2269 00ce 1A62     		str	r2, [r3, #32]
1348:Drivers/STM32F4xx_HAL_Driver/Src/stm32f4xx_hal_rtc.c ****     /* Configure the Alarm state: Enable Alarm */
 2270              		.loc 1 1348 5 is_stmt 1 view .LVU816
1348:Drivers/STM32F4xx_HAL_Driver/Src/stm32f4xx_hal_rtc.c ****     /* Configure the Alarm state: Enable Alarm */
 2271              		.loc 1 1348 9 is_stmt 0 view .LVU817
 2272 00d0 2368     		ldr	r3, [r4]
1348:Drivers/STM32F4xx_HAL_Driver/Src/stm32f4xx_hal_rtc.c ****     /* Configure the Alarm state: Enable Alarm */
 2273              		.loc 1 1348 30 view .LVU818
 2274 00d2 9864     		str	r0, [r3, #72]
1350:Drivers/STM32F4xx_HAL_Driver/Src/stm32f4xx_hal_rtc.c ****     /* Configure the Alarm interrupt */
 2275              		.loc 1 1350 5 is_stmt 1 view .LVU819
ARM GAS  /tmp/ccXZyIjC.s 			page 84


 2276 00d4 2268     		ldr	r2, [r4]
 2277              	.LVL142:
1350:Drivers/STM32F4xx_HAL_Driver/Src/stm32f4xx_hal_rtc.c ****     /* Configure the Alarm interrupt */
 2278              		.loc 1 1350 5 is_stmt 0 view .LVU820
 2279 00d6 9368     		ldr	r3, [r2, #8]
 2280 00d8 43F40073 		orr	r3, r3, #512
 2281 00dc 9360     		str	r3, [r2, #8]
1352:Drivers/STM32F4xx_HAL_Driver/Src/stm32f4xx_hal_rtc.c ****   }
 2282              		.loc 1 1352 5 is_stmt 1 view .LVU821
 2283 00de 2268     		ldr	r2, [r4]
 2284 00e0 9368     		ldr	r3, [r2, #8]
 2285 00e2 43F40053 		orr	r3, r3, #8192
 2286 00e6 9360     		str	r3, [r2, #8]
 2287              	.L133:
1356:Drivers/STM32F4xx_HAL_Driver/Src/stm32f4xx_hal_rtc.c ****   __HAL_RTC_ALARM_EXTI_ENABLE_RISING_EDGE();
 2288              		.loc 1 1356 3 view .LVU822
 2289 00e8 314B     		ldr	r3, .L141+8
 2290 00ea 1A68     		ldr	r2, [r3]
 2291 00ec 42F40032 		orr	r2, r2, #131072
 2292 00f0 1A60     		str	r2, [r3]
1357:Drivers/STM32F4xx_HAL_Driver/Src/stm32f4xx_hal_rtc.c **** 
 2293              		.loc 1 1357 3 view .LVU823
 2294 00f2 9A68     		ldr	r2, [r3, #8]
 2295 00f4 42F40032 		orr	r2, r2, #131072
 2296 00f8 9A60     		str	r2, [r3, #8]
1360:Drivers/STM32F4xx_HAL_Driver/Src/stm32f4xx_hal_rtc.c **** 
 2297              		.loc 1 1360 3 view .LVU824
1360:Drivers/STM32F4xx_HAL_Driver/Src/stm32f4xx_hal_rtc.c **** 
 2298              		.loc 1 1360 3 view .LVU825
 2299 00fa 2368     		ldr	r3, [r4]
 2300 00fc FF22     		movs	r2, #255
 2301 00fe 5A62     		str	r2, [r3, #36]
1360:Drivers/STM32F4xx_HAL_Driver/Src/stm32f4xx_hal_rtc.c **** 
 2302              		.loc 1 1360 3 view .LVU826
1363:Drivers/STM32F4xx_HAL_Driver/Src/stm32f4xx_hal_rtc.c **** 
 2303              		.loc 1 1363 3 view .LVU827
1363:Drivers/STM32F4xx_HAL_Driver/Src/stm32f4xx_hal_rtc.c **** 
 2304              		.loc 1 1363 15 is_stmt 0 view .LVU828
 2305 0100 0123     		movs	r3, #1
 2306 0102 6377     		strb	r3, [r4, #29]
1366:Drivers/STM32F4xx_HAL_Driver/Src/stm32f4xx_hal_rtc.c **** 
 2307              		.loc 1 1366 3 is_stmt 1 view .LVU829
1366:Drivers/STM32F4xx_HAL_Driver/Src/stm32f4xx_hal_rtc.c **** 
 2308              		.loc 1 1366 3 view .LVU830
 2309 0104 0020     		movs	r0, #0
 2310              	.LVL143:
1366:Drivers/STM32F4xx_HAL_Driver/Src/stm32f4xx_hal_rtc.c **** 
 2311              		.loc 1 1366 3 is_stmt 0 view .LVU831
 2312 0106 2077     		strb	r0, [r4, #28]
1366:Drivers/STM32F4xx_HAL_Driver/Src/stm32f4xx_hal_rtc.c **** 
 2313              		.loc 1 1366 3 is_stmt 1 view .LVU832
1368:Drivers/STM32F4xx_HAL_Driver/Src/stm32f4xx_hal_rtc.c **** }
 2314              		.loc 1 1368 3 view .LVU833
 2315              	.LVL144:
 2316              	.L125:
1369:Drivers/STM32F4xx_HAL_Driver/Src/stm32f4xx_hal_rtc.c **** 
 2317              		.loc 1 1369 1 is_stmt 0 view .LVU834
ARM GAS  /tmp/ccXZyIjC.s 			page 85


 2318 0108 02B0     		add	sp, sp, #8
 2319              	.LCFI16:
 2320              		.cfi_remember_state
 2321              		.cfi_def_cfa_offset 16
 2322              		@ sp needed
 2323 010a 70BD     		pop	{r4, r5, r6, pc}
 2324              	.LVL145:
 2325              	.L126:
 2326              	.LCFI17:
 2327              		.cfi_restore_state
1245:Drivers/STM32F4xx_HAL_Driver/Src/stm32f4xx_hal_rtc.c ****     {
 2328              		.loc 1 1245 5 is_stmt 1 view .LVU835
1245:Drivers/STM32F4xx_HAL_Driver/Src/stm32f4xx_hal_rtc.c ****     {
 2329              		.loc 1 1245 14 is_stmt 0 view .LVU836
 2330 010c 0368     		ldr	r3, [r0]
1245:Drivers/STM32F4xx_HAL_Driver/Src/stm32f4xx_hal_rtc.c ****     {
 2331              		.loc 1 1245 24 view .LVU837
 2332 010e 9B68     		ldr	r3, [r3, #8]
1245:Drivers/STM32F4xx_HAL_Driver/Src/stm32f4xx_hal_rtc.c ****     {
 2333              		.loc 1 1245 8 view .LVU838
 2334 0110 13F0400F 		tst	r3, #64
 2335 0114 01D1     		bne	.L129
1252:Drivers/STM32F4xx_HAL_Driver/Src/stm32f4xx_hal_rtc.c ****       assert_param(IS_RTC_HOUR24(RTC_Bcd2ToByte(sAlarm->AlarmTime.Hours)));
 2336              		.loc 1 1252 7 is_stmt 1 view .LVU839
1252:Drivers/STM32F4xx_HAL_Driver/Src/stm32f4xx_hal_rtc.c ****       assert_param(IS_RTC_HOUR24(RTC_Bcd2ToByte(sAlarm->AlarmTime.Hours)));
 2337              		.loc 1 1252 36 is_stmt 0 view .LVU840
 2338 0116 0023     		movs	r3, #0
 2339 0118 EB70     		strb	r3, [r5, #3]
 2340              	.L129:
1253:Drivers/STM32F4xx_HAL_Driver/Src/stm32f4xx_hal_rtc.c ****     }
 2341              		.loc 1 1253 7 is_stmt 1 view .LVU841
1256:Drivers/STM32F4xx_HAL_Driver/Src/stm32f4xx_hal_rtc.c ****     assert_param(IS_RTC_SECONDS(RTC_Bcd2ToByte(sAlarm->AlarmTime.Seconds)));
 2342              		.loc 1 1256 5 view .LVU842
1257:Drivers/STM32F4xx_HAL_Driver/Src/stm32f4xx_hal_rtc.c **** 
 2343              		.loc 1 1257 5 view .LVU843
1259:Drivers/STM32F4xx_HAL_Driver/Src/stm32f4xx_hal_rtc.c ****     {
 2344              		.loc 1 1259 5 view .LVU844
1261:Drivers/STM32F4xx_HAL_Driver/Src/stm32f4xx_hal_rtc.c ****     }
 2345              		.loc 1 1261 7 view .LVU845
1265:Drivers/STM32F4xx_HAL_Driver/Src/stm32f4xx_hal_rtc.c ****     }
 2346              		.loc 1 1265 7 view .LVU846
1268:Drivers/STM32F4xx_HAL_Driver/Src/stm32f4xx_hal_rtc.c ****               ((uint32_t)(sAlarm->AlarmTime.Minutes)    << RTC_ALRMAR_MNU_Pos) | \
 2347              		.loc 1 1268 5 view .LVU847
1268:Drivers/STM32F4xx_HAL_Driver/Src/stm32f4xx_hal_rtc.c ****               ((uint32_t)(sAlarm->AlarmTime.Minutes)    << RTC_ALRMAR_MNU_Pos) | \
 2348              		.loc 1 1268 44 is_stmt 0 view .LVU848
 2349 011a 2B78     		ldrb	r3, [r5]	@ zero_extendqisi2
1269:Drivers/STM32F4xx_HAL_Driver/Src/stm32f4xx_hal_rtc.c ****               ((uint32_t) sAlarm->AlarmTime.Seconds)                           | \
 2350              		.loc 1 1269 44 view .LVU849
 2351 011c 6A78     		ldrb	r2, [r5, #1]	@ zero_extendqisi2
 2352              	.LVL146:
1269:Drivers/STM32F4xx_HAL_Driver/Src/stm32f4xx_hal_rtc.c ****               ((uint32_t) sAlarm->AlarmTime.Seconds)                           | \
 2353              		.loc 1 1269 57 view .LVU850
 2354 011e 1202     		lsls	r2, r2, #8
1268:Drivers/STM32F4xx_HAL_Driver/Src/stm32f4xx_hal_rtc.c ****               ((uint32_t)(sAlarm->AlarmTime.Minutes)    << RTC_ALRMAR_MNU_Pos) | \
 2355              		.loc 1 1268 80 view .LVU851
 2356 0120 42EA0342 		orr	r2, r2, r3, lsl #16
1270:Drivers/STM32F4xx_HAL_Driver/Src/stm32f4xx_hal_rtc.c ****               ((uint32_t)(sAlarm->AlarmTime.TimeFormat) << RTC_TR_PM_Pos)      | \
ARM GAS  /tmp/ccXZyIjC.s 			page 86


 2357              		.loc 1 1270 44 view .LVU852
 2358 0124 AB78     		ldrb	r3, [r5, #2]	@ zero_extendqisi2
1269:Drivers/STM32F4xx_HAL_Driver/Src/stm32f4xx_hal_rtc.c ****               ((uint32_t) sAlarm->AlarmTime.Seconds)                           | \
 2359              		.loc 1 1269 80 view .LVU853
 2360 0126 1A43     		orrs	r2, r2, r3
1271:Drivers/STM32F4xx_HAL_Driver/Src/stm32f4xx_hal_rtc.c ****               ((uint32_t)(sAlarm->AlarmDateWeekDay)     << RTC_ALRMAR_DU_Pos)  | \
 2361              		.loc 1 1271 44 view .LVU854
 2362 0128 EB78     		ldrb	r3, [r5, #3]	@ zero_extendqisi2
1270:Drivers/STM32F4xx_HAL_Driver/Src/stm32f4xx_hal_rtc.c ****               ((uint32_t)(sAlarm->AlarmTime.TimeFormat) << RTC_TR_PM_Pos)      | \
 2363              		.loc 1 1270 80 view .LVU855
 2364 012a 42EA8352 		orr	r2, r2, r3, lsl #22
1272:Drivers/STM32F4xx_HAL_Driver/Src/stm32f4xx_hal_rtc.c ****               ((uint32_t) sAlarm->AlarmDateWeekDaySel)                         | \
 2365              		.loc 1 1272 33 view .LVU856
 2366 012e 95F82030 		ldrb	r3, [r5, #32]	@ zero_extendqisi2
1271:Drivers/STM32F4xx_HAL_Driver/Src/stm32f4xx_hal_rtc.c ****               ((uint32_t)(sAlarm->AlarmDateWeekDay)     << RTC_ALRMAR_DU_Pos)  | \
 2367              		.loc 1 1271 80 view .LVU857
 2368 0132 42EA0362 		orr	r2, r2, r3, lsl #24
1273:Drivers/STM32F4xx_HAL_Driver/Src/stm32f4xx_hal_rtc.c ****               ((uint32_t) sAlarm->AlarmMask));
 2369              		.loc 1 1273 33 view .LVU858
 2370 0136 EB69     		ldr	r3, [r5, #28]
1272:Drivers/STM32F4xx_HAL_Driver/Src/stm32f4xx_hal_rtc.c ****               ((uint32_t) sAlarm->AlarmDateWeekDaySel)                         | \
 2371              		.loc 1 1272 80 view .LVU859
 2372 0138 1A43     		orrs	r2, r2, r3
1274:Drivers/STM32F4xx_HAL_Driver/Src/stm32f4xx_hal_rtc.c ****   }
 2373              		.loc 1 1274 33 view .LVU860
 2374 013a 6B69     		ldr	r3, [r5, #20]
1268:Drivers/STM32F4xx_HAL_Driver/Src/stm32f4xx_hal_rtc.c ****               ((uint32_t)(sAlarm->AlarmTime.Minutes)    << RTC_ALRMAR_MNU_Pos) | \
 2375              		.loc 1 1268 12 view .LVU861
 2376 013c 1A43     		orrs	r2, r2, r3
 2377 013e 99E7     		b	.L128
 2378              	.LVL147:
 2379              	.L138:
1288:Drivers/STM32F4xx_HAL_Driver/Src/stm32f4xx_hal_rtc.c **** 
 2380              		.loc 1 1288 5 is_stmt 1 view .LVU862
 2381 0140 2168     		ldr	r1, [r4]
 2382 0142 8B68     		ldr	r3, [r1, #8]
 2383 0144 23F48073 		bic	r3, r3, #256
 2384 0148 8B60     		str	r3, [r1, #8]
1291:Drivers/STM32F4xx_HAL_Driver/Src/stm32f4xx_hal_rtc.c **** 
 2385              		.loc 1 1291 5 view .LVU863
 2386 014a 2168     		ldr	r1, [r4]
 2387 014c CB68     		ldr	r3, [r1, #12]
 2388 014e DBB2     		uxtb	r3, r3
 2389 0150 63F4C073 		orn	r3, r3, #384
 2390 0154 CB60     		str	r3, [r1, #12]
 2391              	.L132:
1294:Drivers/STM32F4xx_HAL_Driver/Src/stm32f4xx_hal_rtc.c ****     {
 2392              		.loc 1 1294 5 view .LVU864
1296:Drivers/STM32F4xx_HAL_Driver/Src/stm32f4xx_hal_rtc.c ****       {
 2393              		.loc 1 1296 7 view .LVU865
1296:Drivers/STM32F4xx_HAL_Driver/Src/stm32f4xx_hal_rtc.c ****       {
 2394              		.loc 1 1296 16 is_stmt 0 view .LVU866
 2395 0156 019B     		ldr	r3, [sp, #4]
 2396 0158 591E     		subs	r1, r3, #1
 2397 015a 0191     		str	r1, [sp, #4]
1296:Drivers/STM32F4xx_HAL_Driver/Src/stm32f4xx_hal_rtc.c ****       {
 2398              		.loc 1 1296 10 view .LVU867
ARM GAS  /tmp/ccXZyIjC.s 			page 87


 2399 015c 93B1     		cbz	r3, .L140
1308:Drivers/STM32F4xx_HAL_Driver/Src/stm32f4xx_hal_rtc.c **** 
 2400              		.loc 1 1308 62 is_stmt 1 view .LVU868
1308:Drivers/STM32F4xx_HAL_Driver/Src/stm32f4xx_hal_rtc.c **** 
 2401              		.loc 1 1308 14 is_stmt 0 view .LVU869
 2402 015e 2368     		ldr	r3, [r4]
 2403 0160 D968     		ldr	r1, [r3, #12]
1308:Drivers/STM32F4xx_HAL_Driver/Src/stm32f4xx_hal_rtc.c **** 
 2404              		.loc 1 1308 62 view .LVU870
 2405 0162 11F0010F 		tst	r1, #1
 2406 0166 F6D0     		beq	.L132
1310:Drivers/STM32F4xx_HAL_Driver/Src/stm32f4xx_hal_rtc.c ****     /* Configure the Alarm A Subseconds register */
 2407              		.loc 1 1310 5 is_stmt 1 view .LVU871
1310:Drivers/STM32F4xx_HAL_Driver/Src/stm32f4xx_hal_rtc.c ****     /* Configure the Alarm A Subseconds register */
 2408              		.loc 1 1310 28 is_stmt 0 view .LVU872
 2409 0168 DA61     		str	r2, [r3, #28]
1312:Drivers/STM32F4xx_HAL_Driver/Src/stm32f4xx_hal_rtc.c ****     /* Configure the Alarm state: Enable Alarm */
 2410              		.loc 1 1312 5 is_stmt 1 view .LVU873
1312:Drivers/STM32F4xx_HAL_Driver/Src/stm32f4xx_hal_rtc.c ****     /* Configure the Alarm state: Enable Alarm */
 2411              		.loc 1 1312 9 is_stmt 0 view .LVU874
 2412 016a 2368     		ldr	r3, [r4]
1312:Drivers/STM32F4xx_HAL_Driver/Src/stm32f4xx_hal_rtc.c ****     /* Configure the Alarm state: Enable Alarm */
 2413              		.loc 1 1312 30 view .LVU875
 2414 016c 5864     		str	r0, [r3, #68]
1314:Drivers/STM32F4xx_HAL_Driver/Src/stm32f4xx_hal_rtc.c ****     /* Configure the Alarm interrupt */
 2415              		.loc 1 1314 5 is_stmt 1 view .LVU876
 2416 016e 2268     		ldr	r2, [r4]
 2417              	.LVL148:
1314:Drivers/STM32F4xx_HAL_Driver/Src/stm32f4xx_hal_rtc.c ****     /* Configure the Alarm interrupt */
 2418              		.loc 1 1314 5 is_stmt 0 view .LVU877
 2419 0170 9368     		ldr	r3, [r2, #8]
 2420 0172 43F48073 		orr	r3, r3, #256
 2421 0176 9360     		str	r3, [r2, #8]
1316:Drivers/STM32F4xx_HAL_Driver/Src/stm32f4xx_hal_rtc.c ****   }
 2422              		.loc 1 1316 5 is_stmt 1 view .LVU878
 2423 0178 2268     		ldr	r2, [r4]
 2424 017a 9368     		ldr	r3, [r2, #8]
 2425 017c 43F48053 		orr	r3, r3, #4096
 2426 0180 9360     		str	r3, [r2, #8]
 2427 0182 B1E7     		b	.L133
 2428              	.LVL149:
 2429              	.L140:
1299:Drivers/STM32F4xx_HAL_Driver/Src/stm32f4xx_hal_rtc.c **** 
 2430              		.loc 1 1299 9 view .LVU879
1299:Drivers/STM32F4xx_HAL_Driver/Src/stm32f4xx_hal_rtc.c **** 
 2431              		.loc 1 1299 9 view .LVU880
 2432 0184 2368     		ldr	r3, [r4]
 2433 0186 FF22     		movs	r2, #255
 2434              	.LVL150:
1299:Drivers/STM32F4xx_HAL_Driver/Src/stm32f4xx_hal_rtc.c **** 
 2435              		.loc 1 1299 9 is_stmt 0 view .LVU881
 2436 0188 5A62     		str	r2, [r3, #36]
1299:Drivers/STM32F4xx_HAL_Driver/Src/stm32f4xx_hal_rtc.c **** 
 2437              		.loc 1 1299 9 is_stmt 1 view .LVU882
1301:Drivers/STM32F4xx_HAL_Driver/Src/stm32f4xx_hal_rtc.c **** 
 2438              		.loc 1 1301 9 view .LVU883
1301:Drivers/STM32F4xx_HAL_Driver/Src/stm32f4xx_hal_rtc.c **** 
ARM GAS  /tmp/ccXZyIjC.s 			page 88


 2439              		.loc 1 1301 21 is_stmt 0 view .LVU884
 2440 018a 0320     		movs	r0, #3
 2441              	.LVL151:
1301:Drivers/STM32F4xx_HAL_Driver/Src/stm32f4xx_hal_rtc.c **** 
 2442              		.loc 1 1301 21 view .LVU885
 2443 018c 6077     		strb	r0, [r4, #29]
1304:Drivers/STM32F4xx_HAL_Driver/Src/stm32f4xx_hal_rtc.c **** 
 2444              		.loc 1 1304 9 is_stmt 1 view .LVU886
1304:Drivers/STM32F4xx_HAL_Driver/Src/stm32f4xx_hal_rtc.c **** 
 2445              		.loc 1 1304 9 view .LVU887
 2446 018e 0023     		movs	r3, #0
 2447 0190 2377     		strb	r3, [r4, #28]
1304:Drivers/STM32F4xx_HAL_Driver/Src/stm32f4xx_hal_rtc.c **** 
 2448              		.loc 1 1304 9 view .LVU888
1306:Drivers/STM32F4xx_HAL_Driver/Src/stm32f4xx_hal_rtc.c ****       }
 2449              		.loc 1 1306 9 view .LVU889
1306:Drivers/STM32F4xx_HAL_Driver/Src/stm32f4xx_hal_rtc.c ****       }
 2450              		.loc 1 1306 16 is_stmt 0 view .LVU890
 2451 0192 B9E7     		b	.L125
 2452              	.LVL152:
 2453              	.L139:
1335:Drivers/STM32F4xx_HAL_Driver/Src/stm32f4xx_hal_rtc.c **** 
 2454              		.loc 1 1335 9 is_stmt 1 view .LVU891
1335:Drivers/STM32F4xx_HAL_Driver/Src/stm32f4xx_hal_rtc.c **** 
 2455              		.loc 1 1335 9 view .LVU892
 2456 0194 2368     		ldr	r3, [r4]
 2457 0196 FF22     		movs	r2, #255
 2458              	.LVL153:
1335:Drivers/STM32F4xx_HAL_Driver/Src/stm32f4xx_hal_rtc.c **** 
 2459              		.loc 1 1335 9 is_stmt 0 view .LVU893
 2460 0198 5A62     		str	r2, [r3, #36]
1335:Drivers/STM32F4xx_HAL_Driver/Src/stm32f4xx_hal_rtc.c **** 
 2461              		.loc 1 1335 9 is_stmt 1 view .LVU894
1337:Drivers/STM32F4xx_HAL_Driver/Src/stm32f4xx_hal_rtc.c **** 
 2462              		.loc 1 1337 9 view .LVU895
1337:Drivers/STM32F4xx_HAL_Driver/Src/stm32f4xx_hal_rtc.c **** 
 2463              		.loc 1 1337 21 is_stmt 0 view .LVU896
 2464 019a 0320     		movs	r0, #3
 2465              	.LVL154:
1337:Drivers/STM32F4xx_HAL_Driver/Src/stm32f4xx_hal_rtc.c **** 
 2466              		.loc 1 1337 21 view .LVU897
 2467 019c 6077     		strb	r0, [r4, #29]
1340:Drivers/STM32F4xx_HAL_Driver/Src/stm32f4xx_hal_rtc.c **** 
 2468              		.loc 1 1340 9 is_stmt 1 view .LVU898
1340:Drivers/STM32F4xx_HAL_Driver/Src/stm32f4xx_hal_rtc.c **** 
 2469              		.loc 1 1340 9 view .LVU899
 2470 019e 0023     		movs	r3, #0
 2471 01a0 2377     		strb	r3, [r4, #28]
1340:Drivers/STM32F4xx_HAL_Driver/Src/stm32f4xx_hal_rtc.c **** 
 2472              		.loc 1 1340 9 view .LVU900
1342:Drivers/STM32F4xx_HAL_Driver/Src/stm32f4xx_hal_rtc.c ****       }
 2473              		.loc 1 1342 9 view .LVU901
1342:Drivers/STM32F4xx_HAL_Driver/Src/stm32f4xx_hal_rtc.c ****       }
 2474              		.loc 1 1342 16 is_stmt 0 view .LVU902
 2475 01a2 B1E7     		b	.L125
 2476              	.LVL155:
 2477              	.L136:
ARM GAS  /tmp/ccXZyIjC.s 			page 89


1204:Drivers/STM32F4xx_HAL_Driver/Src/stm32f4xx_hal_rtc.c **** 
 2478              		.loc 1 1204 3 discriminator 1 view .LVU903
 2479 01a4 0220     		movs	r0, #2
 2480              	.LVL156:
1204:Drivers/STM32F4xx_HAL_Driver/Src/stm32f4xx_hal_rtc.c **** 
 2481              		.loc 1 1204 3 discriminator 1 view .LVU904
 2482 01a6 AFE7     		b	.L125
 2483              	.L142:
 2484              		.align	2
 2485              	.L141:
 2486 01a8 00000000 		.word	SystemCoreClock
 2487 01ac D34D6210 		.word	274877907
 2488 01b0 003C0140 		.word	1073822720
 2489              		.cfi_endproc
 2490              	.LFE139:
 2492              		.section	.text.RTC_Bcd2ToByte,"ax",%progbits
 2493              		.align	1
 2494              		.global	RTC_Bcd2ToByte
 2495              		.syntax unified
 2496              		.thumb
 2497              		.thumb_func
 2499              	RTC_Bcd2ToByte:
 2500              	.LVL157:
 2501              	.LFB155:
1872:Drivers/STM32F4xx_HAL_Driver/Src/stm32f4xx_hal_rtc.c **** 
1873:Drivers/STM32F4xx_HAL_Driver/Src/stm32f4xx_hal_rtc.c **** /**
1874:Drivers/STM32F4xx_HAL_Driver/Src/stm32f4xx_hal_rtc.c ****   * @brief  Converts a 2-digit number from BCD to decimal format.
1875:Drivers/STM32F4xx_HAL_Driver/Src/stm32f4xx_hal_rtc.c ****   * @param  number BCD-formatted number (from 00 to 99) to be converted
1876:Drivers/STM32F4xx_HAL_Driver/Src/stm32f4xx_hal_rtc.c ****   * @retval Converted word
1877:Drivers/STM32F4xx_HAL_Driver/Src/stm32f4xx_hal_rtc.c ****   */
1878:Drivers/STM32F4xx_HAL_Driver/Src/stm32f4xx_hal_rtc.c **** uint8_t RTC_Bcd2ToByte(uint8_t number)
1879:Drivers/STM32F4xx_HAL_Driver/Src/stm32f4xx_hal_rtc.c **** {
 2502              		.loc 1 1879 1 is_stmt 1 view -0
 2503              		.cfi_startproc
 2504              		@ args = 0, pretend = 0, frame = 0
 2505              		@ frame_needed = 0, uses_anonymous_args = 0
 2506              		@ link register save eliminated.
1880:Drivers/STM32F4xx_HAL_Driver/Src/stm32f4xx_hal_rtc.c ****   uint8_t tmp = 0U;
 2507              		.loc 1 1880 3 view .LVU906
1881:Drivers/STM32F4xx_HAL_Driver/Src/stm32f4xx_hal_rtc.c ****   tmp = ((uint8_t)(number & (uint8_t)0xF0) >> (uint8_t)0x4) * 10;
 2508              		.loc 1 1881 3 view .LVU907
 2509              		.loc 1 1881 44 is_stmt 0 view .LVU908
 2510 0000 0309     		lsrs	r3, r0, #4
 2511              		.loc 1 1881 7 view .LVU909
 2512 0002 03EB8303 		add	r3, r3, r3, lsl #2
 2513              	.LVL158:
1882:Drivers/STM32F4xx_HAL_Driver/Src/stm32f4xx_hal_rtc.c ****   return (tmp + (number & (uint8_t)0x0F));
 2514              		.loc 1 1882 3 is_stmt 1 view .LVU910
 2515              		.loc 1 1882 25 is_stmt 0 view .LVU911
 2516 0006 00F00F00 		and	r0, r0, #15
 2517              	.LVL159:
 2518              		.loc 1 1882 15 view .LVU912
 2519 000a 00EB4300 		add	r0, r0, r3, lsl #1
1883:Drivers/STM32F4xx_HAL_Driver/Src/stm32f4xx_hal_rtc.c **** }
 2520              		.loc 1 1883 1 view .LVU913
 2521 000e C0B2     		uxtb	r0, r0
 2522 0010 7047     		bx	lr
ARM GAS  /tmp/ccXZyIjC.s 			page 90


 2523              		.cfi_endproc
 2524              	.LFE155:
 2526              		.section	.text.HAL_RTC_GetTime,"ax",%progbits
 2527              		.align	1
 2528              		.global	HAL_RTC_GetTime
 2529              		.syntax unified
 2530              		.thumb
 2531              		.thumb_func
 2533              	HAL_RTC_GetTime:
 2534              	.LVL160:
 2535              	.LFB135:
 801:Drivers/STM32F4xx_HAL_Driver/Src/stm32f4xx_hal_rtc.c ****   uint32_t tmpreg = 0U;
 2536              		.loc 1 801 1 is_stmt 1 view -0
 2537              		.cfi_startproc
 2538              		@ args = 0, pretend = 0, frame = 0
 2539              		@ frame_needed = 0, uses_anonymous_args = 0
 801:Drivers/STM32F4xx_HAL_Driver/Src/stm32f4xx_hal_rtc.c ****   uint32_t tmpreg = 0U;
 2540              		.loc 1 801 1 is_stmt 0 view .LVU915
 2541 0000 70B5     		push	{r4, r5, r6, lr}
 2542              	.LCFI18:
 2543              		.cfi_def_cfa_offset 16
 2544              		.cfi_offset 4, -16
 2545              		.cfi_offset 5, -12
 2546              		.cfi_offset 6, -8
 2547              		.cfi_offset 14, -4
 802:Drivers/STM32F4xx_HAL_Driver/Src/stm32f4xx_hal_rtc.c **** 
 2548              		.loc 1 802 3 is_stmt 1 view .LVU916
 2549              	.LVL161:
 805:Drivers/STM32F4xx_HAL_Driver/Src/stm32f4xx_hal_rtc.c **** 
 2550              		.loc 1 805 3 view .LVU917
 808:Drivers/STM32F4xx_HAL_Driver/Src/stm32f4xx_hal_rtc.c **** 
 2551              		.loc 1 808 3 view .LVU918
 808:Drivers/STM32F4xx_HAL_Driver/Src/stm32f4xx_hal_rtc.c **** 
 2552              		.loc 1 808 38 is_stmt 0 view .LVU919
 2553 0002 0368     		ldr	r3, [r0]
 808:Drivers/STM32F4xx_HAL_Driver/Src/stm32f4xx_hal_rtc.c **** 
 2554              		.loc 1 808 48 view .LVU920
 2555 0004 9B6A     		ldr	r3, [r3, #40]
 808:Drivers/STM32F4xx_HAL_Driver/Src/stm32f4xx_hal_rtc.c **** 
 2556              		.loc 1 808 21 view .LVU921
 2557 0006 4B60     		str	r3, [r1, #4]
 811:Drivers/STM32F4xx_HAL_Driver/Src/stm32f4xx_hal_rtc.c **** 
 2558              		.loc 1 811 3 is_stmt 1 view .LVU922
 811:Drivers/STM32F4xx_HAL_Driver/Src/stm32f4xx_hal_rtc.c **** 
 2559              		.loc 1 811 42 is_stmt 0 view .LVU923
 2560 0008 0368     		ldr	r3, [r0]
 811:Drivers/STM32F4xx_HAL_Driver/Src/stm32f4xx_hal_rtc.c **** 
 2561              		.loc 1 811 52 view .LVU924
 2562 000a 1B69     		ldr	r3, [r3, #16]
 811:Drivers/STM32F4xx_HAL_Driver/Src/stm32f4xx_hal_rtc.c **** 
 2563              		.loc 1 811 27 view .LVU925
 2564 000c C3F30E03 		ubfx	r3, r3, #0, #15
 811:Drivers/STM32F4xx_HAL_Driver/Src/stm32f4xx_hal_rtc.c **** 
 2565              		.loc 1 811 25 view .LVU926
 2566 0010 8B60     		str	r3, [r1, #8]
 814:Drivers/STM32F4xx_HAL_Driver/Src/stm32f4xx_hal_rtc.c **** 
 2567              		.loc 1 814 3 is_stmt 1 view .LVU927
ARM GAS  /tmp/ccXZyIjC.s 			page 91


 814:Drivers/STM32F4xx_HAL_Driver/Src/stm32f4xx_hal_rtc.c **** 
 2568              		.loc 1 814 27 is_stmt 0 view .LVU928
 2569 0012 0368     		ldr	r3, [r0]
 814:Drivers/STM32F4xx_HAL_Driver/Src/stm32f4xx_hal_rtc.c **** 
 2570              		.loc 1 814 37 view .LVU929
 2571 0014 1B68     		ldr	r3, [r3]
 2572              	.LVL162:
 817:Drivers/STM32F4xx_HAL_Driver/Src/stm32f4xx_hal_rtc.c ****   sTime->Minutes    = (uint8_t)((tmpreg & (RTC_TR_MNT | RTC_TR_MNU)) >> RTC_TR_MNU_Pos);
 2573              		.loc 1 817 3 is_stmt 1 view .LVU930
 817:Drivers/STM32F4xx_HAL_Driver/Src/stm32f4xx_hal_rtc.c ****   sTime->Minutes    = (uint8_t)((tmpreg & (RTC_TR_MNT | RTC_TR_MNU)) >> RTC_TR_MNU_Pos);
 2574              		.loc 1 817 23 is_stmt 0 view .LVU931
 2575 0016 C3F30540 		ubfx	r0, r3, #16, #6
 2576              	.LVL163:
 817:Drivers/STM32F4xx_HAL_Driver/Src/stm32f4xx_hal_rtc.c ****   sTime->Minutes    = (uint8_t)((tmpreg & (RTC_TR_MNT | RTC_TR_MNU)) >> RTC_TR_MNU_Pos);
 2577              		.loc 1 817 21 view .LVU932
 2578 001a 0870     		strb	r0, [r1]
 818:Drivers/STM32F4xx_HAL_Driver/Src/stm32f4xx_hal_rtc.c ****   sTime->Seconds    = (uint8_t)( tmpreg & (RTC_TR_ST  | RTC_TR_SU));
 2579              		.loc 1 818 3 is_stmt 1 view .LVU933
 818:Drivers/STM32F4xx_HAL_Driver/Src/stm32f4xx_hal_rtc.c ****   sTime->Seconds    = (uint8_t)( tmpreg & (RTC_TR_ST  | RTC_TR_SU));
 2580              		.loc 1 818 23 is_stmt 0 view .LVU934
 2581 001c C3F30626 		ubfx	r6, r3, #8, #7
 818:Drivers/STM32F4xx_HAL_Driver/Src/stm32f4xx_hal_rtc.c ****   sTime->Seconds    = (uint8_t)( tmpreg & (RTC_TR_ST  | RTC_TR_SU));
 2582              		.loc 1 818 21 view .LVU935
 2583 0020 4E70     		strb	r6, [r1, #1]
 819:Drivers/STM32F4xx_HAL_Driver/Src/stm32f4xx_hal_rtc.c ****   sTime->TimeFormat = (uint8_t)((tmpreg & (RTC_TR_PM))               >> RTC_TR_PM_Pos);
 2584              		.loc 1 819 3 is_stmt 1 view .LVU936
 819:Drivers/STM32F4xx_HAL_Driver/Src/stm32f4xx_hal_rtc.c ****   sTime->TimeFormat = (uint8_t)((tmpreg & (RTC_TR_PM))               >> RTC_TR_PM_Pos);
 2585              		.loc 1 819 23 is_stmt 0 view .LVU937
 2586 0022 03F07F05 		and	r5, r3, #127
 819:Drivers/STM32F4xx_HAL_Driver/Src/stm32f4xx_hal_rtc.c ****   sTime->TimeFormat = (uint8_t)((tmpreg & (RTC_TR_PM))               >> RTC_TR_PM_Pos);
 2587              		.loc 1 819 21 view .LVU938
 2588 0026 8D70     		strb	r5, [r1, #2]
 820:Drivers/STM32F4xx_HAL_Driver/Src/stm32f4xx_hal_rtc.c **** 
 2589              		.loc 1 820 3 is_stmt 1 view .LVU939
 820:Drivers/STM32F4xx_HAL_Driver/Src/stm32f4xx_hal_rtc.c **** 
 2590              		.loc 1 820 23 is_stmt 0 view .LVU940
 2591 0028 C3F38053 		ubfx	r3, r3, #22, #1
 2592              	.LVL164:
 820:Drivers/STM32F4xx_HAL_Driver/Src/stm32f4xx_hal_rtc.c **** 
 2593              		.loc 1 820 21 view .LVU941
 2594 002c CB70     		strb	r3, [r1, #3]
 823:Drivers/STM32F4xx_HAL_Driver/Src/stm32f4xx_hal_rtc.c ****   {
 2595              		.loc 1 823 3 is_stmt 1 view .LVU942
 823:Drivers/STM32F4xx_HAL_Driver/Src/stm32f4xx_hal_rtc.c ****   {
 2596              		.loc 1 823 6 is_stmt 0 view .LVU943
 2597 002e 5AB9     		cbnz	r2, .L145
 2598 0030 0C46     		mov	r4, r1
 826:Drivers/STM32F4xx_HAL_Driver/Src/stm32f4xx_hal_rtc.c ****     sTime->Minutes = (uint8_t)RTC_Bcd2ToByte(sTime->Minutes);
 2599              		.loc 1 826 5 is_stmt 1 view .LVU944
 826:Drivers/STM32F4xx_HAL_Driver/Src/stm32f4xx_hal_rtc.c ****     sTime->Minutes = (uint8_t)RTC_Bcd2ToByte(sTime->Minutes);
 2600              		.loc 1 826 29 is_stmt 0 view .LVU945
 2601 0032 FFF7FEFF 		bl	RTC_Bcd2ToByte
 2602              	.LVL165:
 826:Drivers/STM32F4xx_HAL_Driver/Src/stm32f4xx_hal_rtc.c ****     sTime->Minutes = (uint8_t)RTC_Bcd2ToByte(sTime->Minutes);
 2603              		.loc 1 826 18 discriminator 1 view .LVU946
 2604 0036 2070     		strb	r0, [r4]
 827:Drivers/STM32F4xx_HAL_Driver/Src/stm32f4xx_hal_rtc.c ****     sTime->Seconds = (uint8_t)RTC_Bcd2ToByte(sTime->Seconds);
ARM GAS  /tmp/ccXZyIjC.s 			page 92


 2605              		.loc 1 827 5 is_stmt 1 view .LVU947
 827:Drivers/STM32F4xx_HAL_Driver/Src/stm32f4xx_hal_rtc.c ****     sTime->Seconds = (uint8_t)RTC_Bcd2ToByte(sTime->Seconds);
 2606              		.loc 1 827 31 is_stmt 0 view .LVU948
 2607 0038 3046     		mov	r0, r6
 2608 003a FFF7FEFF 		bl	RTC_Bcd2ToByte
 2609              	.LVL166:
 827:Drivers/STM32F4xx_HAL_Driver/Src/stm32f4xx_hal_rtc.c ****     sTime->Seconds = (uint8_t)RTC_Bcd2ToByte(sTime->Seconds);
 2610              		.loc 1 827 20 discriminator 1 view .LVU949
 2611 003e 6070     		strb	r0, [r4, #1]
 828:Drivers/STM32F4xx_HAL_Driver/Src/stm32f4xx_hal_rtc.c ****   }
 2612              		.loc 1 828 5 is_stmt 1 view .LVU950
 828:Drivers/STM32F4xx_HAL_Driver/Src/stm32f4xx_hal_rtc.c ****   }
 2613              		.loc 1 828 31 is_stmt 0 view .LVU951
 2614 0040 2846     		mov	r0, r5
 2615 0042 FFF7FEFF 		bl	RTC_Bcd2ToByte
 2616              	.LVL167:
 828:Drivers/STM32F4xx_HAL_Driver/Src/stm32f4xx_hal_rtc.c ****   }
 2617              		.loc 1 828 20 discriminator 1 view .LVU952
 2618 0046 A070     		strb	r0, [r4, #2]
 2619              	.LVL168:
 2620              	.L145:
 831:Drivers/STM32F4xx_HAL_Driver/Src/stm32f4xx_hal_rtc.c **** }
 2621              		.loc 1 831 3 is_stmt 1 view .LVU953
 832:Drivers/STM32F4xx_HAL_Driver/Src/stm32f4xx_hal_rtc.c **** 
 2622              		.loc 1 832 1 is_stmt 0 view .LVU954
 2623 0048 0020     		movs	r0, #0
 2624 004a 70BD     		pop	{r4, r5, r6, pc}
 2625              		.cfi_endproc
 2626              	.LFE135:
 2628              		.section	.text.HAL_RTC_GetDate,"ax",%progbits
 2629              		.align	1
 2630              		.global	HAL_RTC_GetDate
 2631              		.syntax unified
 2632              		.thumb
 2633              		.thumb_func
 2635              	HAL_RTC_GetDate:
 2636              	.LVL169:
 2637              	.LFB137:
 935:Drivers/STM32F4xx_HAL_Driver/Src/stm32f4xx_hal_rtc.c ****   uint32_t datetmpreg = 0U;
 2638              		.loc 1 935 1 is_stmt 1 view -0
 2639              		.cfi_startproc
 2640              		@ args = 0, pretend = 0, frame = 0
 2641              		@ frame_needed = 0, uses_anonymous_args = 0
 935:Drivers/STM32F4xx_HAL_Driver/Src/stm32f4xx_hal_rtc.c ****   uint32_t datetmpreg = 0U;
 2642              		.loc 1 935 1 is_stmt 0 view .LVU956
 2643 0000 70B5     		push	{r4, r5, r6, lr}
 2644              	.LCFI19:
 2645              		.cfi_def_cfa_offset 16
 2646              		.cfi_offset 4, -16
 2647              		.cfi_offset 5, -12
 2648              		.cfi_offset 6, -8
 2649              		.cfi_offset 14, -4
 936:Drivers/STM32F4xx_HAL_Driver/Src/stm32f4xx_hal_rtc.c **** 
 2650              		.loc 1 936 3 is_stmt 1 view .LVU957
 2651              	.LVL170:
 939:Drivers/STM32F4xx_HAL_Driver/Src/stm32f4xx_hal_rtc.c **** 
 2652              		.loc 1 939 3 view .LVU958
ARM GAS  /tmp/ccXZyIjC.s 			page 93


 942:Drivers/STM32F4xx_HAL_Driver/Src/stm32f4xx_hal_rtc.c **** 
 2653              		.loc 1 942 3 view .LVU959
 942:Drivers/STM32F4xx_HAL_Driver/Src/stm32f4xx_hal_rtc.c **** 
 2654              		.loc 1 942 31 is_stmt 0 view .LVU960
 2655 0002 0368     		ldr	r3, [r0]
 942:Drivers/STM32F4xx_HAL_Driver/Src/stm32f4xx_hal_rtc.c **** 
 2656              		.loc 1 942 41 view .LVU961
 2657 0004 5B68     		ldr	r3, [r3, #4]
 2658              	.LVL171:
 945:Drivers/STM32F4xx_HAL_Driver/Src/stm32f4xx_hal_rtc.c ****   sDate->Month   = (uint8_t)((datetmpreg & (RTC_DR_MT | RTC_DR_MU)) >> RTC_DR_MU_Pos);
 2659              		.loc 1 945 3 is_stmt 1 view .LVU962
 945:Drivers/STM32F4xx_HAL_Driver/Src/stm32f4xx_hal_rtc.c ****   sDate->Month   = (uint8_t)((datetmpreg & (RTC_DR_MT | RTC_DR_MU)) >> RTC_DR_MU_Pos);
 2660              		.loc 1 945 20 is_stmt 0 view .LVU963
 2661 0006 C3F30740 		ubfx	r0, r3, #16, #8
 2662              	.LVL172:
 945:Drivers/STM32F4xx_HAL_Driver/Src/stm32f4xx_hal_rtc.c ****   sDate->Month   = (uint8_t)((datetmpreg & (RTC_DR_MT | RTC_DR_MU)) >> RTC_DR_MU_Pos);
 2663              		.loc 1 945 18 view .LVU964
 2664 000a C870     		strb	r0, [r1, #3]
 946:Drivers/STM32F4xx_HAL_Driver/Src/stm32f4xx_hal_rtc.c ****   sDate->Date    = (uint8_t) (datetmpreg & (RTC_DR_DT | RTC_DR_DU));
 2665              		.loc 1 946 3 is_stmt 1 view .LVU965
 946:Drivers/STM32F4xx_HAL_Driver/Src/stm32f4xx_hal_rtc.c ****   sDate->Date    = (uint8_t) (datetmpreg & (RTC_DR_DT | RTC_DR_DU));
 2666              		.loc 1 946 20 is_stmt 0 view .LVU966
 2667 000c C3F30426 		ubfx	r6, r3, #8, #5
 946:Drivers/STM32F4xx_HAL_Driver/Src/stm32f4xx_hal_rtc.c ****   sDate->Date    = (uint8_t) (datetmpreg & (RTC_DR_DT | RTC_DR_DU));
 2668              		.loc 1 946 18 view .LVU967
 2669 0010 4E70     		strb	r6, [r1, #1]
 947:Drivers/STM32F4xx_HAL_Driver/Src/stm32f4xx_hal_rtc.c ****   sDate->WeekDay = (uint8_t)((datetmpreg & (RTC_DR_WDU))            >> RTC_DR_WDU_Pos);
 2670              		.loc 1 947 3 is_stmt 1 view .LVU968
 947:Drivers/STM32F4xx_HAL_Driver/Src/stm32f4xx_hal_rtc.c ****   sDate->WeekDay = (uint8_t)((datetmpreg & (RTC_DR_WDU))            >> RTC_DR_WDU_Pos);
 2671              		.loc 1 947 20 is_stmt 0 view .LVU969
 2672 0012 03F03F05 		and	r5, r3, #63
 947:Drivers/STM32F4xx_HAL_Driver/Src/stm32f4xx_hal_rtc.c ****   sDate->WeekDay = (uint8_t)((datetmpreg & (RTC_DR_WDU))            >> RTC_DR_WDU_Pos);
 2673              		.loc 1 947 18 view .LVU970
 2674 0016 8D70     		strb	r5, [r1, #2]
 948:Drivers/STM32F4xx_HAL_Driver/Src/stm32f4xx_hal_rtc.c **** 
 2675              		.loc 1 948 3 is_stmt 1 view .LVU971
 948:Drivers/STM32F4xx_HAL_Driver/Src/stm32f4xx_hal_rtc.c **** 
 2676              		.loc 1 948 20 is_stmt 0 view .LVU972
 2677 0018 C3F34233 		ubfx	r3, r3, #13, #3
 2678              	.LVL173:
 948:Drivers/STM32F4xx_HAL_Driver/Src/stm32f4xx_hal_rtc.c **** 
 2679              		.loc 1 948 18 view .LVU973
 2680 001c 0B70     		strb	r3, [r1]
 951:Drivers/STM32F4xx_HAL_Driver/Src/stm32f4xx_hal_rtc.c ****   {
 2681              		.loc 1 951 3 is_stmt 1 view .LVU974
 951:Drivers/STM32F4xx_HAL_Driver/Src/stm32f4xx_hal_rtc.c ****   {
 2682              		.loc 1 951 6 is_stmt 0 view .LVU975
 2683 001e 5AB9     		cbnz	r2, .L148
 2684 0020 0C46     		mov	r4, r1
 954:Drivers/STM32F4xx_HAL_Driver/Src/stm32f4xx_hal_rtc.c ****     sDate->Month = (uint8_t)RTC_Bcd2ToByte(sDate->Month);
 2685              		.loc 1 954 5 is_stmt 1 view .LVU976
 954:Drivers/STM32F4xx_HAL_Driver/Src/stm32f4xx_hal_rtc.c ****     sDate->Month = (uint8_t)RTC_Bcd2ToByte(sDate->Month);
 2686              		.loc 1 954 29 is_stmt 0 view .LVU977
 2687 0022 FFF7FEFF 		bl	RTC_Bcd2ToByte
 2688              	.LVL174:
 954:Drivers/STM32F4xx_HAL_Driver/Src/stm32f4xx_hal_rtc.c ****     sDate->Month = (uint8_t)RTC_Bcd2ToByte(sDate->Month);
 2689              		.loc 1 954 18 discriminator 1 view .LVU978
ARM GAS  /tmp/ccXZyIjC.s 			page 94


 2690 0026 E070     		strb	r0, [r4, #3]
 955:Drivers/STM32F4xx_HAL_Driver/Src/stm32f4xx_hal_rtc.c ****     sDate->Date  = (uint8_t)RTC_Bcd2ToByte(sDate->Date);
 2691              		.loc 1 955 5 is_stmt 1 view .LVU979
 955:Drivers/STM32F4xx_HAL_Driver/Src/stm32f4xx_hal_rtc.c ****     sDate->Date  = (uint8_t)RTC_Bcd2ToByte(sDate->Date);
 2692              		.loc 1 955 29 is_stmt 0 view .LVU980
 2693 0028 3046     		mov	r0, r6
 2694 002a FFF7FEFF 		bl	RTC_Bcd2ToByte
 2695              	.LVL175:
 955:Drivers/STM32F4xx_HAL_Driver/Src/stm32f4xx_hal_rtc.c ****     sDate->Date  = (uint8_t)RTC_Bcd2ToByte(sDate->Date);
 2696              		.loc 1 955 18 discriminator 1 view .LVU981
 2697 002e 6070     		strb	r0, [r4, #1]
 956:Drivers/STM32F4xx_HAL_Driver/Src/stm32f4xx_hal_rtc.c ****   }
 2698              		.loc 1 956 5 is_stmt 1 view .LVU982
 956:Drivers/STM32F4xx_HAL_Driver/Src/stm32f4xx_hal_rtc.c ****   }
 2699              		.loc 1 956 29 is_stmt 0 view .LVU983
 2700 0030 2846     		mov	r0, r5
 2701 0032 FFF7FEFF 		bl	RTC_Bcd2ToByte
 2702              	.LVL176:
 956:Drivers/STM32F4xx_HAL_Driver/Src/stm32f4xx_hal_rtc.c ****   }
 2703              		.loc 1 956 18 discriminator 1 view .LVU984
 2704 0036 A070     		strb	r0, [r4, #2]
 2705              	.LVL177:
 2706              	.L148:
 958:Drivers/STM32F4xx_HAL_Driver/Src/stm32f4xx_hal_rtc.c **** }
 2707              		.loc 1 958 3 is_stmt 1 view .LVU985
 959:Drivers/STM32F4xx_HAL_Driver/Src/stm32f4xx_hal_rtc.c **** 
 2708              		.loc 1 959 1 is_stmt 0 view .LVU986
 2709 0038 0020     		movs	r0, #0
 2710 003a 70BD     		pop	{r4, r5, r6, pc}
 2711              		.cfi_endproc
 2712              	.LFE137:
 2714              		.section	.text.HAL_RTC_GetAlarm,"ax",%progbits
 2715              		.align	1
 2716              		.global	HAL_RTC_GetAlarm
 2717              		.syntax unified
 2718              		.thumb
 2719              		.thumb_func
 2721              	HAL_RTC_GetAlarm:
 2722              	.LVL178:
 2723              	.LFB141:
1480:Drivers/STM32F4xx_HAL_Driver/Src/stm32f4xx_hal_rtc.c ****   uint32_t tmpreg = 0U;
 2724              		.loc 1 1480 1 is_stmt 1 view -0
 2725              		.cfi_startproc
 2726              		@ args = 0, pretend = 0, frame = 0
 2727              		@ frame_needed = 0, uses_anonymous_args = 0
1480:Drivers/STM32F4xx_HAL_Driver/Src/stm32f4xx_hal_rtc.c ****   uint32_t tmpreg = 0U;
 2728              		.loc 1 1480 1 is_stmt 0 view .LVU988
 2729 0000 F8B5     		push	{r3, r4, r5, r6, r7, lr}
 2730              	.LCFI20:
 2731              		.cfi_def_cfa_offset 24
 2732              		.cfi_offset 3, -24
 2733              		.cfi_offset 4, -20
 2734              		.cfi_offset 5, -16
 2735              		.cfi_offset 6, -12
 2736              		.cfi_offset 7, -8
 2737              		.cfi_offset 14, -4
 2738 0002 0C46     		mov	r4, r1
ARM GAS  /tmp/ccXZyIjC.s 			page 95


1481:Drivers/STM32F4xx_HAL_Driver/Src/stm32f4xx_hal_rtc.c ****   uint32_t subsecondtmpreg = 0U;
 2739              		.loc 1 1481 3 is_stmt 1 view .LVU989
 2740              	.LVL179:
1482:Drivers/STM32F4xx_HAL_Driver/Src/stm32f4xx_hal_rtc.c **** 
 2741              		.loc 1 1482 3 view .LVU990
1485:Drivers/STM32F4xx_HAL_Driver/Src/stm32f4xx_hal_rtc.c ****   assert_param(IS_RTC_ALARM(Alarm));
 2742              		.loc 1 1485 3 view .LVU991
1486:Drivers/STM32F4xx_HAL_Driver/Src/stm32f4xx_hal_rtc.c **** 
 2743              		.loc 1 1486 3 view .LVU992
1488:Drivers/STM32F4xx_HAL_Driver/Src/stm32f4xx_hal_rtc.c ****   {
 2744              		.loc 1 1488 3 view .LVU993
1488:Drivers/STM32F4xx_HAL_Driver/Src/stm32f4xx_hal_rtc.c ****   {
 2745              		.loc 1 1488 6 is_stmt 0 view .LVU994
 2746 0004 B2F5807F 		cmp	r2, #256
 2747 0008 31D0     		beq	.L155
1497:Drivers/STM32F4xx_HAL_Driver/Src/stm32f4xx_hal_rtc.c **** 
 2748              		.loc 1 1497 5 is_stmt 1 view .LVU995
1497:Drivers/STM32F4xx_HAL_Driver/Src/stm32f4xx_hal_rtc.c **** 
 2749              		.loc 1 1497 19 is_stmt 0 view .LVU996
 2750 000a 4FF40072 		mov	r2, #512
 2751              	.LVL180:
1497:Drivers/STM32F4xx_HAL_Driver/Src/stm32f4xx_hal_rtc.c **** 
 2752              		.loc 1 1497 19 view .LVU997
 2753 000e 4A62     		str	r2, [r1, #36]
1499:Drivers/STM32F4xx_HAL_Driver/Src/stm32f4xx_hal_rtc.c ****     subsecondtmpreg = (uint32_t)((hrtc->Instance->ALRMBSSR) & RTC_ALRMBSSR_SS);
 2754              		.loc 1 1499 5 is_stmt 1 view .LVU998
1499:Drivers/STM32F4xx_HAL_Driver/Src/stm32f4xx_hal_rtc.c ****     subsecondtmpreg = (uint32_t)((hrtc->Instance->ALRMBSSR) & RTC_ALRMBSSR_SS);
 2755              		.loc 1 1499 29 is_stmt 0 view .LVU999
 2756 0010 0168     		ldr	r1, [r0]
 2757              	.LVL181:
1499:Drivers/STM32F4xx_HAL_Driver/Src/stm32f4xx_hal_rtc.c ****     subsecondtmpreg = (uint32_t)((hrtc->Instance->ALRMBSSR) & RTC_ALRMBSSR_SS);
 2758              		.loc 1 1499 12 view .LVU1000
 2759 0012 0A6A     		ldr	r2, [r1, #32]
 2760              	.LVL182:
1500:Drivers/STM32F4xx_HAL_Driver/Src/stm32f4xx_hal_rtc.c ****   }
 2761              		.loc 1 1500 5 is_stmt 1 view .LVU1001
1500:Drivers/STM32F4xx_HAL_Driver/Src/stm32f4xx_hal_rtc.c ****   }
 2762              		.loc 1 1500 49 is_stmt 0 view .LVU1002
 2763 0014 896C     		ldr	r1, [r1, #72]
1500:Drivers/STM32F4xx_HAL_Driver/Src/stm32f4xx_hal_rtc.c ****   }
 2764              		.loc 1 1500 21 view .LVU1003
 2765 0016 C1F30E01 		ubfx	r1, r1, #0, #15
 2766              	.LVL183:
 2767              	.L152:
1504:Drivers/STM32F4xx_HAL_Driver/Src/stm32f4xx_hal_rtc.c ****   sAlarm->AlarmTime.Minutes    = (uint8_t) ((tmpreg & (RTC_ALRMAR_MNT | RTC_ALRMAR_MNU)) >> RTC_ALR
 2768              		.loc 1 1504 3 is_stmt 1 view .LVU1004
1504:Drivers/STM32F4xx_HAL_Driver/Src/stm32f4xx_hal_rtc.c ****   sAlarm->AlarmTime.Minutes    = (uint8_t) ((tmpreg & (RTC_ALRMAR_MNT | RTC_ALRMAR_MNU)) >> RTC_ALR
 2769              		.loc 1 1504 34 is_stmt 0 view .LVU1005
 2770 001a C2F30540 		ubfx	r0, r2, #16, #6
 2771              	.LVL184:
1504:Drivers/STM32F4xx_HAL_Driver/Src/stm32f4xx_hal_rtc.c ****   sAlarm->AlarmTime.Minutes    = (uint8_t) ((tmpreg & (RTC_ALRMAR_MNT | RTC_ALRMAR_MNU)) >> RTC_ALR
 2772              		.loc 1 1504 32 view .LVU1006
 2773 001e 2070     		strb	r0, [r4]
1505:Drivers/STM32F4xx_HAL_Driver/Src/stm32f4xx_hal_rtc.c ****   sAlarm->AlarmTime.Seconds    = (uint8_t) ( tmpreg & (RTC_ALRMAR_ST  | RTC_ALRMAR_SU));
 2774              		.loc 1 1505 3 is_stmt 1 view .LVU1007
1505:Drivers/STM32F4xx_HAL_Driver/Src/stm32f4xx_hal_rtc.c ****   sAlarm->AlarmTime.Seconds    = (uint8_t) ( tmpreg & (RTC_ALRMAR_ST  | RTC_ALRMAR_SU));
 2775              		.loc 1 1505 34 is_stmt 0 view .LVU1008
ARM GAS  /tmp/ccXZyIjC.s 			page 96


 2776 0020 C2F30627 		ubfx	r7, r2, #8, #7
1505:Drivers/STM32F4xx_HAL_Driver/Src/stm32f4xx_hal_rtc.c ****   sAlarm->AlarmTime.Seconds    = (uint8_t) ( tmpreg & (RTC_ALRMAR_ST  | RTC_ALRMAR_SU));
 2777              		.loc 1 1505 32 view .LVU1009
 2778 0024 6770     		strb	r7, [r4, #1]
1506:Drivers/STM32F4xx_HAL_Driver/Src/stm32f4xx_hal_rtc.c ****   sAlarm->AlarmTime.TimeFormat = (uint8_t) ((tmpreg & RTC_ALRMAR_PM)                     >> RTC_TR_
 2779              		.loc 1 1506 3 is_stmt 1 view .LVU1010
1506:Drivers/STM32F4xx_HAL_Driver/Src/stm32f4xx_hal_rtc.c ****   sAlarm->AlarmTime.TimeFormat = (uint8_t) ((tmpreg & RTC_ALRMAR_PM)                     >> RTC_TR_
 2780              		.loc 1 1506 34 is_stmt 0 view .LVU1011
 2781 0026 02F07F06 		and	r6, r2, #127
1506:Drivers/STM32F4xx_HAL_Driver/Src/stm32f4xx_hal_rtc.c ****   sAlarm->AlarmTime.TimeFormat = (uint8_t) ((tmpreg & RTC_ALRMAR_PM)                     >> RTC_TR_
 2782              		.loc 1 1506 32 view .LVU1012
 2783 002a A670     		strb	r6, [r4, #2]
1507:Drivers/STM32F4xx_HAL_Driver/Src/stm32f4xx_hal_rtc.c ****   sAlarm->AlarmTime.SubSeconds = (uint32_t) subsecondtmpreg;
 2784              		.loc 1 1507 3 is_stmt 1 view .LVU1013
1507:Drivers/STM32F4xx_HAL_Driver/Src/stm32f4xx_hal_rtc.c ****   sAlarm->AlarmTime.SubSeconds = (uint32_t) subsecondtmpreg;
 2785              		.loc 1 1507 34 is_stmt 0 view .LVU1014
 2786 002c C2F38055 		ubfx	r5, r2, #22, #1
1507:Drivers/STM32F4xx_HAL_Driver/Src/stm32f4xx_hal_rtc.c ****   sAlarm->AlarmTime.SubSeconds = (uint32_t) subsecondtmpreg;
 2787              		.loc 1 1507 32 view .LVU1015
 2788 0030 E570     		strb	r5, [r4, #3]
1508:Drivers/STM32F4xx_HAL_Driver/Src/stm32f4xx_hal_rtc.c ****   sAlarm->AlarmDateWeekDay     = (uint8_t) ((tmpreg & (RTC_ALRMAR_DT  | RTC_ALRMAR_DU))  >> RTC_ALR
 2789              		.loc 1 1508 3 is_stmt 1 view .LVU1016
1508:Drivers/STM32F4xx_HAL_Driver/Src/stm32f4xx_hal_rtc.c ****   sAlarm->AlarmDateWeekDay     = (uint8_t) ((tmpreg & (RTC_ALRMAR_DT  | RTC_ALRMAR_DU))  >> RTC_ALR
 2790              		.loc 1 1508 32 is_stmt 0 view .LVU1017
 2791 0032 6160     		str	r1, [r4, #4]
1509:Drivers/STM32F4xx_HAL_Driver/Src/stm32f4xx_hal_rtc.c ****   sAlarm->AlarmDateWeekDaySel  = (uint32_t) (tmpreg & RTC_ALRMAR_WDSEL);
 2792              		.loc 1 1509 3 is_stmt 1 view .LVU1018
1509:Drivers/STM32F4xx_HAL_Driver/Src/stm32f4xx_hal_rtc.c ****   sAlarm->AlarmDateWeekDaySel  = (uint32_t) (tmpreg & RTC_ALRMAR_WDSEL);
 2793              		.loc 1 1509 34 is_stmt 0 view .LVU1019
 2794 0034 C2F30565 		ubfx	r5, r2, #24, #6
1509:Drivers/STM32F4xx_HAL_Driver/Src/stm32f4xx_hal_rtc.c ****   sAlarm->AlarmDateWeekDaySel  = (uint32_t) (tmpreg & RTC_ALRMAR_WDSEL);
 2795              		.loc 1 1509 32 view .LVU1020
 2796 0038 84F82050 		strb	r5, [r4, #32]
1510:Drivers/STM32F4xx_HAL_Driver/Src/stm32f4xx_hal_rtc.c ****   sAlarm->AlarmMask            = (uint32_t) (tmpreg & RTC_ALARMMASK_ALL);
 2797              		.loc 1 1510 3 is_stmt 1 view .LVU1021
1510:Drivers/STM32F4xx_HAL_Driver/Src/stm32f4xx_hal_rtc.c ****   sAlarm->AlarmMask            = (uint32_t) (tmpreg & RTC_ALARMMASK_ALL);
 2798              		.loc 1 1510 34 is_stmt 0 view .LVU1022
 2799 003c 02F08041 		and	r1, r2, #1073741824
 2800              	.LVL185:
1510:Drivers/STM32F4xx_HAL_Driver/Src/stm32f4xx_hal_rtc.c ****   sAlarm->AlarmMask            = (uint32_t) (tmpreg & RTC_ALARMMASK_ALL);
 2801              		.loc 1 1510 32 view .LVU1023
 2802 0040 E161     		str	r1, [r4, #28]
1511:Drivers/STM32F4xx_HAL_Driver/Src/stm32f4xx_hal_rtc.c **** 
 2803              		.loc 1 1511 3 is_stmt 1 view .LVU1024
1511:Drivers/STM32F4xx_HAL_Driver/Src/stm32f4xx_hal_rtc.c **** 
 2804              		.loc 1 1511 34 is_stmt 0 view .LVU1025
 2805 0042 02F08032 		and	r2, r2, #-2139062144
 2806              	.LVL186:
1511:Drivers/STM32F4xx_HAL_Driver/Src/stm32f4xx_hal_rtc.c **** 
 2807              		.loc 1 1511 32 view .LVU1026
 2808 0046 6261     		str	r2, [r4, #20]
1513:Drivers/STM32F4xx_HAL_Driver/Src/stm32f4xx_hal_rtc.c ****   {
 2809              		.loc 1 1513 3 is_stmt 1 view .LVU1027
1513:Drivers/STM32F4xx_HAL_Driver/Src/stm32f4xx_hal_rtc.c ****   {
 2810              		.loc 1 1513 6 is_stmt 0 view .LVU1028
 2811 0048 7BB9     		cbnz	r3, .L153
1515:Drivers/STM32F4xx_HAL_Driver/Src/stm32f4xx_hal_rtc.c ****     sAlarm->AlarmTime.Minutes = RTC_Bcd2ToByte(sAlarm->AlarmTime.Minutes);
ARM GAS  /tmp/ccXZyIjC.s 			page 97


 2812              		.loc 1 1515 5 is_stmt 1 view .LVU1029
1515:Drivers/STM32F4xx_HAL_Driver/Src/stm32f4xx_hal_rtc.c ****     sAlarm->AlarmTime.Minutes = RTC_Bcd2ToByte(sAlarm->AlarmTime.Minutes);
 2813              		.loc 1 1515 33 is_stmt 0 view .LVU1030
 2814 004a FFF7FEFF 		bl	RTC_Bcd2ToByte
 2815              	.LVL187:
1515:Drivers/STM32F4xx_HAL_Driver/Src/stm32f4xx_hal_rtc.c ****     sAlarm->AlarmTime.Minutes = RTC_Bcd2ToByte(sAlarm->AlarmTime.Minutes);
 2816              		.loc 1 1515 31 discriminator 1 view .LVU1031
 2817 004e 2070     		strb	r0, [r4]
1516:Drivers/STM32F4xx_HAL_Driver/Src/stm32f4xx_hal_rtc.c ****     sAlarm->AlarmTime.Seconds = RTC_Bcd2ToByte(sAlarm->AlarmTime.Seconds);
 2818              		.loc 1 1516 5 is_stmt 1 view .LVU1032
1516:Drivers/STM32F4xx_HAL_Driver/Src/stm32f4xx_hal_rtc.c ****     sAlarm->AlarmTime.Seconds = RTC_Bcd2ToByte(sAlarm->AlarmTime.Seconds);
 2819              		.loc 1 1516 33 is_stmt 0 view .LVU1033
 2820 0050 3846     		mov	r0, r7
 2821 0052 FFF7FEFF 		bl	RTC_Bcd2ToByte
 2822              	.LVL188:
1516:Drivers/STM32F4xx_HAL_Driver/Src/stm32f4xx_hal_rtc.c ****     sAlarm->AlarmTime.Seconds = RTC_Bcd2ToByte(sAlarm->AlarmTime.Seconds);
 2823              		.loc 1 1516 31 discriminator 1 view .LVU1034
 2824 0056 6070     		strb	r0, [r4, #1]
1517:Drivers/STM32F4xx_HAL_Driver/Src/stm32f4xx_hal_rtc.c ****     sAlarm->AlarmDateWeekDay  = RTC_Bcd2ToByte(sAlarm->AlarmDateWeekDay);
 2825              		.loc 1 1517 5 is_stmt 1 view .LVU1035
1517:Drivers/STM32F4xx_HAL_Driver/Src/stm32f4xx_hal_rtc.c ****     sAlarm->AlarmDateWeekDay  = RTC_Bcd2ToByte(sAlarm->AlarmDateWeekDay);
 2826              		.loc 1 1517 33 is_stmt 0 view .LVU1036
 2827 0058 3046     		mov	r0, r6
 2828 005a FFF7FEFF 		bl	RTC_Bcd2ToByte
 2829              	.LVL189:
1517:Drivers/STM32F4xx_HAL_Driver/Src/stm32f4xx_hal_rtc.c ****     sAlarm->AlarmDateWeekDay  = RTC_Bcd2ToByte(sAlarm->AlarmDateWeekDay);
 2830              		.loc 1 1517 31 discriminator 1 view .LVU1037
 2831 005e A070     		strb	r0, [r4, #2]
1518:Drivers/STM32F4xx_HAL_Driver/Src/stm32f4xx_hal_rtc.c ****   }
 2832              		.loc 1 1518 5 is_stmt 1 view .LVU1038
1518:Drivers/STM32F4xx_HAL_Driver/Src/stm32f4xx_hal_rtc.c ****   }
 2833              		.loc 1 1518 33 is_stmt 0 view .LVU1039
 2834 0060 2846     		mov	r0, r5
 2835 0062 FFF7FEFF 		bl	RTC_Bcd2ToByte
 2836              	.LVL190:
1518:Drivers/STM32F4xx_HAL_Driver/Src/stm32f4xx_hal_rtc.c ****   }
 2837              		.loc 1 1518 31 discriminator 1 view .LVU1040
 2838 0066 84F82000 		strb	r0, [r4, #32]
 2839              	.L153:
1521:Drivers/STM32F4xx_HAL_Driver/Src/stm32f4xx_hal_rtc.c **** }
 2840              		.loc 1 1521 3 is_stmt 1 view .LVU1041
1522:Drivers/STM32F4xx_HAL_Driver/Src/stm32f4xx_hal_rtc.c **** 
 2841              		.loc 1 1522 1 is_stmt 0 view .LVU1042
 2842 006a 0020     		movs	r0, #0
 2843 006c F8BD     		pop	{r3, r4, r5, r6, r7, pc}
 2844              	.LVL191:
 2845              	.L155:
1490:Drivers/STM32F4xx_HAL_Driver/Src/stm32f4xx_hal_rtc.c **** 
 2846              		.loc 1 1490 5 is_stmt 1 view .LVU1043
1490:Drivers/STM32F4xx_HAL_Driver/Src/stm32f4xx_hal_rtc.c **** 
 2847              		.loc 1 1490 19 is_stmt 0 view .LVU1044
 2848 006e 4A62     		str	r2, [r1, #36]
1492:Drivers/STM32F4xx_HAL_Driver/Src/stm32f4xx_hal_rtc.c ****     subsecondtmpreg = (uint32_t)((hrtc->Instance->ALRMASSR) & RTC_ALRMASSR_SS);
 2849              		.loc 1 1492 5 is_stmt 1 view .LVU1045
1492:Drivers/STM32F4xx_HAL_Driver/Src/stm32f4xx_hal_rtc.c ****     subsecondtmpreg = (uint32_t)((hrtc->Instance->ALRMASSR) & RTC_ALRMASSR_SS);
 2850              		.loc 1 1492 29 is_stmt 0 view .LVU1046
 2851 0070 0168     		ldr	r1, [r0]
ARM GAS  /tmp/ccXZyIjC.s 			page 98


 2852              	.LVL192:
1492:Drivers/STM32F4xx_HAL_Driver/Src/stm32f4xx_hal_rtc.c ****     subsecondtmpreg = (uint32_t)((hrtc->Instance->ALRMASSR) & RTC_ALRMASSR_SS);
 2853              		.loc 1 1492 12 view .LVU1047
 2854 0072 CA69     		ldr	r2, [r1, #28]
 2855              	.LVL193:
1493:Drivers/STM32F4xx_HAL_Driver/Src/stm32f4xx_hal_rtc.c ****   }
 2856              		.loc 1 1493 5 is_stmt 1 view .LVU1048
1493:Drivers/STM32F4xx_HAL_Driver/Src/stm32f4xx_hal_rtc.c ****   }
 2857              		.loc 1 1493 49 is_stmt 0 view .LVU1049
 2858 0074 496C     		ldr	r1, [r1, #68]
1493:Drivers/STM32F4xx_HAL_Driver/Src/stm32f4xx_hal_rtc.c ****   }
 2859              		.loc 1 1493 21 view .LVU1050
 2860 0076 C1F30E01 		ubfx	r1, r1, #0, #15
 2861              	.LVL194:
1493:Drivers/STM32F4xx_HAL_Driver/Src/stm32f4xx_hal_rtc.c ****   }
 2862              		.loc 1 1493 21 view .LVU1051
 2863 007a CEE7     		b	.L152
 2864              		.cfi_endproc
 2865              	.LFE141:
 2867              		.text
 2868              	.Letext0:
 2869              		.file 2 "/usr/lib/gcc/arm-none-eabi/14.2.1/include/stdint.h"
 2870              		.file 3 "Drivers/CMSIS/Device/ST/STM32F4xx/Include/stm32f407xx.h"
 2871              		.file 4 "Drivers/STM32F4xx_HAL_Driver/Inc/stm32f4xx_hal_def.h"
 2872              		.file 5 "Drivers/STM32F4xx_HAL_Driver/Inc/stm32f4xx_hal_rtc.h"
 2873              		.file 6 "Drivers/CMSIS/Device/ST/STM32F4xx/Include/system_stm32f4xx.h"
 2874              		.file 7 "Drivers/STM32F4xx_HAL_Driver/Inc/stm32f4xx_hal_rtc_ex.h"
 2875              		.file 8 "Drivers/STM32F4xx_HAL_Driver/Inc/stm32f4xx_hal.h"
ARM GAS  /tmp/ccXZyIjC.s 			page 99


DEFINED SYMBOLS
                            *ABS*:00000000 stm32f4xx_hal_rtc.c
     /tmp/ccXZyIjC.s:21     .text.HAL_RTC_MspInit:00000000 $t
     /tmp/ccXZyIjC.s:27     .text.HAL_RTC_MspInit:00000000 HAL_RTC_MspInit
     /tmp/ccXZyIjC.s:42     .text.HAL_RTC_MspDeInit:00000000 $t
     /tmp/ccXZyIjC.s:48     .text.HAL_RTC_MspDeInit:00000000 HAL_RTC_MspDeInit
     /tmp/ccXZyIjC.s:63     .text.HAL_RTC_DeactivateAlarm:00000000 $t
     /tmp/ccXZyIjC.s:69     .text.HAL_RTC_DeactivateAlarm:00000000 HAL_RTC_DeactivateAlarm
     /tmp/ccXZyIjC.s:255    .text.HAL_RTC_AlarmAEventCallback:00000000 $t
     /tmp/ccXZyIjC.s:261    .text.HAL_RTC_AlarmAEventCallback:00000000 HAL_RTC_AlarmAEventCallback
     /tmp/ccXZyIjC.s:276    .text.HAL_RTC_AlarmIRQHandler:00000000 $t
     /tmp/ccXZyIjC.s:282    .text.HAL_RTC_AlarmIRQHandler:00000000 HAL_RTC_AlarmIRQHandler
     /tmp/ccXZyIjC.s:362    .text.HAL_RTC_AlarmIRQHandler:0000005c $d
     /tmp/ccXZyIjC.s:367    .text.HAL_RTC_PollForAlarmAEvent:00000000 $t
     /tmp/ccXZyIjC.s:373    .text.HAL_RTC_PollForAlarmAEvent:00000000 HAL_RTC_PollForAlarmAEvent
     /tmp/ccXZyIjC.s:452    .text.HAL_RTC_WaitForSynchro:00000000 $t
     /tmp/ccXZyIjC.s:458    .text.HAL_RTC_WaitForSynchro:00000000 HAL_RTC_WaitForSynchro
     /tmp/ccXZyIjC.s:524    .text.HAL_RTC_DST_Add1Hour:00000000 $t
     /tmp/ccXZyIjC.s:530    .text.HAL_RTC_DST_Add1Hour:00000000 HAL_RTC_DST_Add1Hour
     /tmp/ccXZyIjC.s:565    .text.HAL_RTC_DST_Sub1Hour:00000000 $t
     /tmp/ccXZyIjC.s:571    .text.HAL_RTC_DST_Sub1Hour:00000000 HAL_RTC_DST_Sub1Hour
     /tmp/ccXZyIjC.s:606    .text.HAL_RTC_DST_SetStoreOperation:00000000 $t
     /tmp/ccXZyIjC.s:612    .text.HAL_RTC_DST_SetStoreOperation:00000000 HAL_RTC_DST_SetStoreOperation
     /tmp/ccXZyIjC.s:647    .text.HAL_RTC_DST_ClearStoreOperation:00000000 $t
     /tmp/ccXZyIjC.s:653    .text.HAL_RTC_DST_ClearStoreOperation:00000000 HAL_RTC_DST_ClearStoreOperation
     /tmp/ccXZyIjC.s:688    .text.HAL_RTC_DST_ReadStoreOperation:00000000 $t
     /tmp/ccXZyIjC.s:694    .text.HAL_RTC_DST_ReadStoreOperation:00000000 HAL_RTC_DST_ReadStoreOperation
     /tmp/ccXZyIjC.s:714    .text.HAL_RTC_GetState:00000000 $t
     /tmp/ccXZyIjC.s:720    .text.HAL_RTC_GetState:00000000 HAL_RTC_GetState
     /tmp/ccXZyIjC.s:738    .text.RTC_EnterInitMode:00000000 $t
     /tmp/ccXZyIjC.s:744    .text.RTC_EnterInitMode:00000000 RTC_EnterInitMode
     /tmp/ccXZyIjC.s:829    .text.RTC_ExitInitMode:00000000 $t
     /tmp/ccXZyIjC.s:835    .text.RTC_ExitInitMode:00000000 RTC_ExitInitMode
     /tmp/ccXZyIjC.s:894    .text.HAL_RTC_Init:00000000 $t
     /tmp/ccXZyIjC.s:900    .text.HAL_RTC_Init:00000000 HAL_RTC_Init
     /tmp/ccXZyIjC.s:1070   .text.HAL_RTC_DeInit:00000000 $t
     /tmp/ccXZyIjC.s:1076   .text.HAL_RTC_DeInit:00000000 HAL_RTC_DeInit
     /tmp/ccXZyIjC.s:1237   .text.HAL_RTC_DeInit:00000088 $d
     /tmp/ccXZyIjC.s:1242   .text.RTC_ByteToBcd2:00000000 $t
     /tmp/ccXZyIjC.s:1248   .text.RTC_ByteToBcd2:00000000 RTC_ByteToBcd2
     /tmp/ccXZyIjC.s:1297   .text.HAL_RTC_SetTime:00000000 $t
     /tmp/ccXZyIjC.s:1303   .text.HAL_RTC_SetTime:00000000 HAL_RTC_SetTime
     /tmp/ccXZyIjC.s:1520   .text.HAL_RTC_SetDate:00000000 $t
     /tmp/ccXZyIjC.s:1526   .text.HAL_RTC_SetDate:00000000 HAL_RTC_SetDate
     /tmp/ccXZyIjC.s:1711   .text.HAL_RTC_SetAlarm:00000000 $t
     /tmp/ccXZyIjC.s:1717   .text.HAL_RTC_SetAlarm:00000000 HAL_RTC_SetAlarm
     /tmp/ccXZyIjC.s:2077   .text.HAL_RTC_SetAlarm_IT:00000000 $t
     /tmp/ccXZyIjC.s:2083   .text.HAL_RTC_SetAlarm_IT:00000000 HAL_RTC_SetAlarm_IT
     /tmp/ccXZyIjC.s:2486   .text.HAL_RTC_SetAlarm_IT:000001a8 $d
     /tmp/ccXZyIjC.s:2493   .text.RTC_Bcd2ToByte:00000000 $t
     /tmp/ccXZyIjC.s:2499   .text.RTC_Bcd2ToByte:00000000 RTC_Bcd2ToByte
     /tmp/ccXZyIjC.s:2527   .text.HAL_RTC_GetTime:00000000 $t
     /tmp/ccXZyIjC.s:2533   .text.HAL_RTC_GetTime:00000000 HAL_RTC_GetTime
     /tmp/ccXZyIjC.s:2629   .text.HAL_RTC_GetDate:00000000 $t
     /tmp/ccXZyIjC.s:2635   .text.HAL_RTC_GetDate:00000000 HAL_RTC_GetDate
     /tmp/ccXZyIjC.s:2715   .text.HAL_RTC_GetAlarm:00000000 $t
     /tmp/ccXZyIjC.s:2721   .text.HAL_RTC_GetAlarm:00000000 HAL_RTC_GetAlarm
ARM GAS  /tmp/ccXZyIjC.s 			page 100



UNDEFINED SYMBOLS
HAL_GetTick
HAL_RTCEx_AlarmBEventCallback
SystemCoreClock
