ARM GAS  /tmp/ccN9yVzV.s 			page 1


   1              		.cpu cortex-m4
   2              		.arch armv7e-m
   3              		.fpu fpv4-sp-d16
   4              		.eabi_attribute 27, 1
   5              		.eabi_attribute 28, 1
   6              		.eabi_attribute 20, 1
   7              		.eabi_attribute 21, 1
   8              		.eabi_attribute 23, 3
   9              		.eabi_attribute 24, 1
  10              		.eabi_attribute 25, 1
  11              		.eabi_attribute 26, 1
  12              		.eabi_attribute 30, 1
  13              		.eabi_attribute 34, 1
  14              		.eabi_attribute 18, 4
  15              		.file	"tcp.c"
  16              		.text
  17              	.Ltext0:
  18              		.cfi_sections	.debug_frame
  19              		.file 1 "Middlewares/Third_Party/LwIP/src/core/tcp.c"
  20              		.section	.text.tcp_new_port,"ax",%progbits
  21              		.align	1
  22              		.syntax unified
  23              		.thumb
  24              		.thumb_func
  26              	tcp_new_port:
  27              	.LFB175:
   1:Middlewares/Third_Party/LwIP/src/core/tcp.c **** /**
   2:Middlewares/Third_Party/LwIP/src/core/tcp.c ****  * @file
   3:Middlewares/Third_Party/LwIP/src/core/tcp.c ****  * Transmission Control Protocol for IP
   4:Middlewares/Third_Party/LwIP/src/core/tcp.c ****  * See also @ref tcp_raw
   5:Middlewares/Third_Party/LwIP/src/core/tcp.c ****  *
   6:Middlewares/Third_Party/LwIP/src/core/tcp.c ****  * @defgroup tcp_raw TCP
   7:Middlewares/Third_Party/LwIP/src/core/tcp.c ****  * @ingroup callbackstyle_api
   8:Middlewares/Third_Party/LwIP/src/core/tcp.c ****  * Transmission Control Protocol for IP\n
   9:Middlewares/Third_Party/LwIP/src/core/tcp.c ****  * @see @ref api
  10:Middlewares/Third_Party/LwIP/src/core/tcp.c ****  *
  11:Middlewares/Third_Party/LwIP/src/core/tcp.c ****  * Common functions for the TCP implementation, such as functions
  12:Middlewares/Third_Party/LwIP/src/core/tcp.c ****  * for manipulating the data structures and the TCP timer functions. TCP functions
  13:Middlewares/Third_Party/LwIP/src/core/tcp.c ****  * related to input and output is found in tcp_in.c and tcp_out.c respectively.\n
  14:Middlewares/Third_Party/LwIP/src/core/tcp.c ****  * 
  15:Middlewares/Third_Party/LwIP/src/core/tcp.c ****  * TCP connection setup
  16:Middlewares/Third_Party/LwIP/src/core/tcp.c ****  * --------------------
  17:Middlewares/Third_Party/LwIP/src/core/tcp.c ****  * The functions used for setting up connections is similar to that of
  18:Middlewares/Third_Party/LwIP/src/core/tcp.c ****  * the sequential API and of the BSD socket API. A new TCP connection
  19:Middlewares/Third_Party/LwIP/src/core/tcp.c ****  * identifier (i.e., a protocol control block - PCB) is created with the
  20:Middlewares/Third_Party/LwIP/src/core/tcp.c ****  * tcp_new() function. This PCB can then be either set to listen for new
  21:Middlewares/Third_Party/LwIP/src/core/tcp.c ****  * incoming connections or be explicitly connected to another host.
  22:Middlewares/Third_Party/LwIP/src/core/tcp.c ****  * - tcp_new()
  23:Middlewares/Third_Party/LwIP/src/core/tcp.c ****  * - tcp_bind()
  24:Middlewares/Third_Party/LwIP/src/core/tcp.c ****  * - tcp_listen() and tcp_listen_with_backlog()
  25:Middlewares/Third_Party/LwIP/src/core/tcp.c ****  * - tcp_accept()
  26:Middlewares/Third_Party/LwIP/src/core/tcp.c ****  * - tcp_connect()
  27:Middlewares/Third_Party/LwIP/src/core/tcp.c ****  * 
  28:Middlewares/Third_Party/LwIP/src/core/tcp.c ****  * Sending TCP data
  29:Middlewares/Third_Party/LwIP/src/core/tcp.c ****  * ----------------
  30:Middlewares/Third_Party/LwIP/src/core/tcp.c ****  * TCP data is sent by enqueueing the data with a call to tcp_write() and
  31:Middlewares/Third_Party/LwIP/src/core/tcp.c ****  * triggering to send by calling tcp_output(). When the data is successfully
ARM GAS  /tmp/ccN9yVzV.s 			page 2


  32:Middlewares/Third_Party/LwIP/src/core/tcp.c ****  * transmitted to the remote host, the application will be notified with a
  33:Middlewares/Third_Party/LwIP/src/core/tcp.c ****  * call to a specified callback function.
  34:Middlewares/Third_Party/LwIP/src/core/tcp.c ****  * - tcp_write()
  35:Middlewares/Third_Party/LwIP/src/core/tcp.c ****  * - tcp_output()
  36:Middlewares/Third_Party/LwIP/src/core/tcp.c ****  * - tcp_sent()
  37:Middlewares/Third_Party/LwIP/src/core/tcp.c ****  * 
  38:Middlewares/Third_Party/LwIP/src/core/tcp.c ****  * Receiving TCP data
  39:Middlewares/Third_Party/LwIP/src/core/tcp.c ****  * ------------------
  40:Middlewares/Third_Party/LwIP/src/core/tcp.c ****  * TCP data reception is callback based - an application specified
  41:Middlewares/Third_Party/LwIP/src/core/tcp.c ****  * callback function is called when new data arrives. When the
  42:Middlewares/Third_Party/LwIP/src/core/tcp.c ****  * application has taken the data, it has to call the tcp_recved()
  43:Middlewares/Third_Party/LwIP/src/core/tcp.c ****  * function to indicate that TCP can advertise increase the receive
  44:Middlewares/Third_Party/LwIP/src/core/tcp.c ****  * window.
  45:Middlewares/Third_Party/LwIP/src/core/tcp.c ****  * - tcp_recv()
  46:Middlewares/Third_Party/LwIP/src/core/tcp.c ****  * - tcp_recved()
  47:Middlewares/Third_Party/LwIP/src/core/tcp.c ****  * 
  48:Middlewares/Third_Party/LwIP/src/core/tcp.c ****  * Application polling
  49:Middlewares/Third_Party/LwIP/src/core/tcp.c ****  * -------------------
  50:Middlewares/Third_Party/LwIP/src/core/tcp.c ****  * When a connection is idle (i.e., no data is either transmitted or
  51:Middlewares/Third_Party/LwIP/src/core/tcp.c ****  * received), lwIP will repeatedly poll the application by calling a
  52:Middlewares/Third_Party/LwIP/src/core/tcp.c ****  * specified callback function. This can be used either as a watchdog
  53:Middlewares/Third_Party/LwIP/src/core/tcp.c ****  * timer for killing connections that have stayed idle for too long, or
  54:Middlewares/Third_Party/LwIP/src/core/tcp.c ****  * as a method of waiting for memory to become available. For instance,
  55:Middlewares/Third_Party/LwIP/src/core/tcp.c ****  * if a call to tcp_write() has failed because memory wasn't available,
  56:Middlewares/Third_Party/LwIP/src/core/tcp.c ****  * the application may use the polling functionality to call tcp_write()
  57:Middlewares/Third_Party/LwIP/src/core/tcp.c ****  * again when the connection has been idle for a while.
  58:Middlewares/Third_Party/LwIP/src/core/tcp.c ****  * - tcp_poll()
  59:Middlewares/Third_Party/LwIP/src/core/tcp.c ****  *
  60:Middlewares/Third_Party/LwIP/src/core/tcp.c ****  * Closing and aborting connections
  61:Middlewares/Third_Party/LwIP/src/core/tcp.c ****  * --------------------------------
  62:Middlewares/Third_Party/LwIP/src/core/tcp.c ****  * - tcp_close()
  63:Middlewares/Third_Party/LwIP/src/core/tcp.c ****  * - tcp_abort()
  64:Middlewares/Third_Party/LwIP/src/core/tcp.c ****  * - tcp_err()
  65:Middlewares/Third_Party/LwIP/src/core/tcp.c ****  * 
  66:Middlewares/Third_Party/LwIP/src/core/tcp.c ****  */
  67:Middlewares/Third_Party/LwIP/src/core/tcp.c **** 
  68:Middlewares/Third_Party/LwIP/src/core/tcp.c **** /*
  69:Middlewares/Third_Party/LwIP/src/core/tcp.c ****  * Copyright (c) 2001-2004 Swedish Institute of Computer Science.
  70:Middlewares/Third_Party/LwIP/src/core/tcp.c ****  * All rights reserved.
  71:Middlewares/Third_Party/LwIP/src/core/tcp.c ****  *
  72:Middlewares/Third_Party/LwIP/src/core/tcp.c ****  * Redistribution and use in source and binary forms, with or without modification,
  73:Middlewares/Third_Party/LwIP/src/core/tcp.c ****  * are permitted provided that the following conditions are met:
  74:Middlewares/Third_Party/LwIP/src/core/tcp.c ****  *
  75:Middlewares/Third_Party/LwIP/src/core/tcp.c ****  * 1. Redistributions of source code must retain the above copyright notice,
  76:Middlewares/Third_Party/LwIP/src/core/tcp.c ****  *    this list of conditions and the following disclaimer.
  77:Middlewares/Third_Party/LwIP/src/core/tcp.c ****  * 2. Redistributions in binary form must reproduce the above copyright notice,
  78:Middlewares/Third_Party/LwIP/src/core/tcp.c ****  *    this list of conditions and the following disclaimer in the documentation
  79:Middlewares/Third_Party/LwIP/src/core/tcp.c ****  *    and/or other materials provided with the distribution.
  80:Middlewares/Third_Party/LwIP/src/core/tcp.c ****  * 3. The name of the author may not be used to endorse or promote products
  81:Middlewares/Third_Party/LwIP/src/core/tcp.c ****  *    derived from this software without specific prior written permission.
  82:Middlewares/Third_Party/LwIP/src/core/tcp.c ****  *
  83:Middlewares/Third_Party/LwIP/src/core/tcp.c ****  * THIS SOFTWARE IS PROVIDED BY THE AUTHOR ``AS IS'' AND ANY EXPRESS OR IMPLIED
  84:Middlewares/Third_Party/LwIP/src/core/tcp.c ****  * WARRANTIES, INCLUDING, BUT NOT LIMITED TO, THE IMPLIED WARRANTIES OF
  85:Middlewares/Third_Party/LwIP/src/core/tcp.c ****  * MERCHANTABILITY AND FITNESS FOR A PARTICULAR PURPOSE ARE DISCLAIMED. IN NO EVENT
  86:Middlewares/Third_Party/LwIP/src/core/tcp.c ****  * SHALL THE AUTHOR BE LIABLE FOR ANY DIRECT, INDIRECT, INCIDENTAL, SPECIAL,
  87:Middlewares/Third_Party/LwIP/src/core/tcp.c ****  * EXEMPLARY, OR CONSEQUENTIAL DAMAGES (INCLUDING, BUT NOT LIMITED TO, PROCUREMENT
  88:Middlewares/Third_Party/LwIP/src/core/tcp.c ****  * OF SUBSTITUTE GOODS OR SERVICES; LOSS OF USE, DATA, OR PROFITS; OR BUSINESS
ARM GAS  /tmp/ccN9yVzV.s 			page 3


  89:Middlewares/Third_Party/LwIP/src/core/tcp.c ****  * INTERRUPTION) HOWEVER CAUSED AND ON ANY THEORY OF LIABILITY, WHETHER IN
  90:Middlewares/Third_Party/LwIP/src/core/tcp.c ****  * CONTRACT, STRICT LIABILITY, OR TORT (INCLUDING NEGLIGENCE OR OTHERWISE) ARISING
  91:Middlewares/Third_Party/LwIP/src/core/tcp.c ****  * IN ANY WAY OUT OF THE USE OF THIS SOFTWARE, EVEN IF ADVISED OF THE POSSIBILITY
  92:Middlewares/Third_Party/LwIP/src/core/tcp.c ****  * OF SUCH DAMAGE.
  93:Middlewares/Third_Party/LwIP/src/core/tcp.c ****  *
  94:Middlewares/Third_Party/LwIP/src/core/tcp.c ****  * This file is part of the lwIP TCP/IP stack.
  95:Middlewares/Third_Party/LwIP/src/core/tcp.c ****  *
  96:Middlewares/Third_Party/LwIP/src/core/tcp.c ****  * Author: Adam Dunkels <adam@sics.se>
  97:Middlewares/Third_Party/LwIP/src/core/tcp.c ****  *
  98:Middlewares/Third_Party/LwIP/src/core/tcp.c ****  */
  99:Middlewares/Third_Party/LwIP/src/core/tcp.c **** 
 100:Middlewares/Third_Party/LwIP/src/core/tcp.c **** #include "lwip/opt.h"
 101:Middlewares/Third_Party/LwIP/src/core/tcp.c **** 
 102:Middlewares/Third_Party/LwIP/src/core/tcp.c **** #if LWIP_TCP /* don't build if not configured for use in lwipopts.h */
 103:Middlewares/Third_Party/LwIP/src/core/tcp.c **** 
 104:Middlewares/Third_Party/LwIP/src/core/tcp.c **** #include "lwip/def.h"
 105:Middlewares/Third_Party/LwIP/src/core/tcp.c **** #include "lwip/mem.h"
 106:Middlewares/Third_Party/LwIP/src/core/tcp.c **** #include "lwip/memp.h"
 107:Middlewares/Third_Party/LwIP/src/core/tcp.c **** #include "lwip/tcp.h"
 108:Middlewares/Third_Party/LwIP/src/core/tcp.c **** #include "lwip/priv/tcp_priv.h"
 109:Middlewares/Third_Party/LwIP/src/core/tcp.c **** #include "lwip/debug.h"
 110:Middlewares/Third_Party/LwIP/src/core/tcp.c **** #include "lwip/stats.h"
 111:Middlewares/Third_Party/LwIP/src/core/tcp.c **** #include "lwip/ip6.h"
 112:Middlewares/Third_Party/LwIP/src/core/tcp.c **** #include "lwip/ip6_addr.h"
 113:Middlewares/Third_Party/LwIP/src/core/tcp.c **** #include "lwip/nd6.h"
 114:Middlewares/Third_Party/LwIP/src/core/tcp.c **** 
 115:Middlewares/Third_Party/LwIP/src/core/tcp.c **** #include <string.h>
 116:Middlewares/Third_Party/LwIP/src/core/tcp.c **** 
 117:Middlewares/Third_Party/LwIP/src/core/tcp.c **** #ifdef LWIP_HOOK_FILENAME
 118:Middlewares/Third_Party/LwIP/src/core/tcp.c **** #include LWIP_HOOK_FILENAME
 119:Middlewares/Third_Party/LwIP/src/core/tcp.c **** #endif
 120:Middlewares/Third_Party/LwIP/src/core/tcp.c **** 
 121:Middlewares/Third_Party/LwIP/src/core/tcp.c **** #ifndef TCP_LOCAL_PORT_RANGE_START
 122:Middlewares/Third_Party/LwIP/src/core/tcp.c **** /* From http://www.iana.org/assignments/port-numbers:
 123:Middlewares/Third_Party/LwIP/src/core/tcp.c ****    "The Dynamic and/or Private Ports are those from 49152 through 65535" */
 124:Middlewares/Third_Party/LwIP/src/core/tcp.c **** #define TCP_LOCAL_PORT_RANGE_START        0xc000
 125:Middlewares/Third_Party/LwIP/src/core/tcp.c **** #define TCP_LOCAL_PORT_RANGE_END          0xffff
 126:Middlewares/Third_Party/LwIP/src/core/tcp.c **** #define TCP_ENSURE_LOCAL_PORT_RANGE(port) ((u16_t)(((port) & (u16_t)~TCP_LOCAL_PORT_RANGE_START) + 
 127:Middlewares/Third_Party/LwIP/src/core/tcp.c **** #endif
 128:Middlewares/Third_Party/LwIP/src/core/tcp.c **** 
 129:Middlewares/Third_Party/LwIP/src/core/tcp.c **** #if LWIP_TCP_KEEPALIVE
 130:Middlewares/Third_Party/LwIP/src/core/tcp.c **** #define TCP_KEEP_DUR(pcb)   ((pcb)->keep_cnt * (pcb)->keep_intvl)
 131:Middlewares/Third_Party/LwIP/src/core/tcp.c **** #define TCP_KEEP_INTVL(pcb) ((pcb)->keep_intvl)
 132:Middlewares/Third_Party/LwIP/src/core/tcp.c **** #else /* LWIP_TCP_KEEPALIVE */
 133:Middlewares/Third_Party/LwIP/src/core/tcp.c **** #define TCP_KEEP_DUR(pcb)   TCP_MAXIDLE
 134:Middlewares/Third_Party/LwIP/src/core/tcp.c **** #define TCP_KEEP_INTVL(pcb) TCP_KEEPINTVL_DEFAULT
 135:Middlewares/Third_Party/LwIP/src/core/tcp.c **** #endif /* LWIP_TCP_KEEPALIVE */
 136:Middlewares/Third_Party/LwIP/src/core/tcp.c **** 
 137:Middlewares/Third_Party/LwIP/src/core/tcp.c **** /* As initial send MSS, we use TCP_MSS but limit it to 536. */
 138:Middlewares/Third_Party/LwIP/src/core/tcp.c **** #if TCP_MSS > 536
 139:Middlewares/Third_Party/LwIP/src/core/tcp.c **** #define INITIAL_MSS 536
 140:Middlewares/Third_Party/LwIP/src/core/tcp.c **** #else
 141:Middlewares/Third_Party/LwIP/src/core/tcp.c **** #define INITIAL_MSS TCP_MSS
 142:Middlewares/Third_Party/LwIP/src/core/tcp.c **** #endif
 143:Middlewares/Third_Party/LwIP/src/core/tcp.c **** 
 144:Middlewares/Third_Party/LwIP/src/core/tcp.c **** static const char *const tcp_state_str[] = {
 145:Middlewares/Third_Party/LwIP/src/core/tcp.c ****   "CLOSED",
ARM GAS  /tmp/ccN9yVzV.s 			page 4


 146:Middlewares/Third_Party/LwIP/src/core/tcp.c ****   "LISTEN",
 147:Middlewares/Third_Party/LwIP/src/core/tcp.c ****   "SYN_SENT",
 148:Middlewares/Third_Party/LwIP/src/core/tcp.c ****   "SYN_RCVD",
 149:Middlewares/Third_Party/LwIP/src/core/tcp.c ****   "ESTABLISHED",
 150:Middlewares/Third_Party/LwIP/src/core/tcp.c ****   "FIN_WAIT_1",
 151:Middlewares/Third_Party/LwIP/src/core/tcp.c ****   "FIN_WAIT_2",
 152:Middlewares/Third_Party/LwIP/src/core/tcp.c ****   "CLOSE_WAIT",
 153:Middlewares/Third_Party/LwIP/src/core/tcp.c ****   "CLOSING",
 154:Middlewares/Third_Party/LwIP/src/core/tcp.c ****   "LAST_ACK",
 155:Middlewares/Third_Party/LwIP/src/core/tcp.c ****   "TIME_WAIT"
 156:Middlewares/Third_Party/LwIP/src/core/tcp.c **** };
 157:Middlewares/Third_Party/LwIP/src/core/tcp.c **** 
 158:Middlewares/Third_Party/LwIP/src/core/tcp.c **** /* last local TCP port */
 159:Middlewares/Third_Party/LwIP/src/core/tcp.c **** static u16_t tcp_port = TCP_LOCAL_PORT_RANGE_START;
 160:Middlewares/Third_Party/LwIP/src/core/tcp.c **** 
 161:Middlewares/Third_Party/LwIP/src/core/tcp.c **** /* Incremented every coarse grained timer shot (typically every 500 ms). */
 162:Middlewares/Third_Party/LwIP/src/core/tcp.c **** u32_t tcp_ticks;
 163:Middlewares/Third_Party/LwIP/src/core/tcp.c **** static const u8_t tcp_backoff[13] =
 164:Middlewares/Third_Party/LwIP/src/core/tcp.c **** { 1, 2, 3, 4, 5, 6, 7, 7, 7, 7, 7, 7, 7};
 165:Middlewares/Third_Party/LwIP/src/core/tcp.c **** /* Times per slowtmr hits */
 166:Middlewares/Third_Party/LwIP/src/core/tcp.c **** static const u8_t tcp_persist_backoff[7] = { 3, 6, 12, 24, 48, 96, 120 };
 167:Middlewares/Third_Party/LwIP/src/core/tcp.c **** 
 168:Middlewares/Third_Party/LwIP/src/core/tcp.c **** /* The TCP PCB lists. */
 169:Middlewares/Third_Party/LwIP/src/core/tcp.c **** 
 170:Middlewares/Third_Party/LwIP/src/core/tcp.c **** /** List of all TCP PCBs bound but not yet (connected || listening) */
 171:Middlewares/Third_Party/LwIP/src/core/tcp.c **** struct tcp_pcb *tcp_bound_pcbs;
 172:Middlewares/Third_Party/LwIP/src/core/tcp.c **** /** List of all TCP PCBs in LISTEN state */
 173:Middlewares/Third_Party/LwIP/src/core/tcp.c **** union tcp_listen_pcbs_t tcp_listen_pcbs;
 174:Middlewares/Third_Party/LwIP/src/core/tcp.c **** /** List of all TCP PCBs that are in a state in which
 175:Middlewares/Third_Party/LwIP/src/core/tcp.c ****  * they accept or send data. */
 176:Middlewares/Third_Party/LwIP/src/core/tcp.c **** struct tcp_pcb *tcp_active_pcbs;
 177:Middlewares/Third_Party/LwIP/src/core/tcp.c **** /** List of all TCP PCBs in TIME-WAIT state */
 178:Middlewares/Third_Party/LwIP/src/core/tcp.c **** struct tcp_pcb *tcp_tw_pcbs;
 179:Middlewares/Third_Party/LwIP/src/core/tcp.c **** 
 180:Middlewares/Third_Party/LwIP/src/core/tcp.c **** /** An array with all (non-temporary) PCB lists, mainly used for smaller code size */
 181:Middlewares/Third_Party/LwIP/src/core/tcp.c **** struct tcp_pcb **const tcp_pcb_lists[] = {&tcp_listen_pcbs.pcbs, &tcp_bound_pcbs,
 182:Middlewares/Third_Party/LwIP/src/core/tcp.c ****          &tcp_active_pcbs, &tcp_tw_pcbs
 183:Middlewares/Third_Party/LwIP/src/core/tcp.c **** };
 184:Middlewares/Third_Party/LwIP/src/core/tcp.c **** 
 185:Middlewares/Third_Party/LwIP/src/core/tcp.c **** u8_t tcp_active_pcbs_changed;
 186:Middlewares/Third_Party/LwIP/src/core/tcp.c **** 
 187:Middlewares/Third_Party/LwIP/src/core/tcp.c **** /** Timer counter to handle calling slow-timer from tcp_tmr() */
 188:Middlewares/Third_Party/LwIP/src/core/tcp.c **** static u8_t tcp_timer;
 189:Middlewares/Third_Party/LwIP/src/core/tcp.c **** static u8_t tcp_timer_ctr;
 190:Middlewares/Third_Party/LwIP/src/core/tcp.c **** static u16_t tcp_new_port(void);
 191:Middlewares/Third_Party/LwIP/src/core/tcp.c **** 
 192:Middlewares/Third_Party/LwIP/src/core/tcp.c **** static err_t tcp_close_shutdown_fin(struct tcp_pcb *pcb);
 193:Middlewares/Third_Party/LwIP/src/core/tcp.c **** #if LWIP_TCP_PCB_NUM_EXT_ARGS
 194:Middlewares/Third_Party/LwIP/src/core/tcp.c **** static void tcp_ext_arg_invoke_callbacks_destroyed(struct tcp_pcb_ext_args *ext_args);
 195:Middlewares/Third_Party/LwIP/src/core/tcp.c **** #endif
 196:Middlewares/Third_Party/LwIP/src/core/tcp.c **** 
 197:Middlewares/Third_Party/LwIP/src/core/tcp.c **** /**
 198:Middlewares/Third_Party/LwIP/src/core/tcp.c ****  * Initialize this module.
 199:Middlewares/Third_Party/LwIP/src/core/tcp.c ****  */
 200:Middlewares/Third_Party/LwIP/src/core/tcp.c **** void
 201:Middlewares/Third_Party/LwIP/src/core/tcp.c **** tcp_init(void)
 202:Middlewares/Third_Party/LwIP/src/core/tcp.c **** {
ARM GAS  /tmp/ccN9yVzV.s 			page 5


 203:Middlewares/Third_Party/LwIP/src/core/tcp.c **** #ifdef LWIP_RAND
 204:Middlewares/Third_Party/LwIP/src/core/tcp.c ****   tcp_port = TCP_ENSURE_LOCAL_PORT_RANGE(LWIP_RAND());
 205:Middlewares/Third_Party/LwIP/src/core/tcp.c **** #endif /* LWIP_RAND */
 206:Middlewares/Third_Party/LwIP/src/core/tcp.c **** }
 207:Middlewares/Third_Party/LwIP/src/core/tcp.c **** 
 208:Middlewares/Third_Party/LwIP/src/core/tcp.c **** /** Free a tcp pcb */
 209:Middlewares/Third_Party/LwIP/src/core/tcp.c **** void
 210:Middlewares/Third_Party/LwIP/src/core/tcp.c **** tcp_free(struct tcp_pcb *pcb)
 211:Middlewares/Third_Party/LwIP/src/core/tcp.c **** {
 212:Middlewares/Third_Party/LwIP/src/core/tcp.c ****   LWIP_ASSERT("tcp_free: LISTEN", pcb->state != LISTEN);
 213:Middlewares/Third_Party/LwIP/src/core/tcp.c **** #if LWIP_TCP_PCB_NUM_EXT_ARGS
 214:Middlewares/Third_Party/LwIP/src/core/tcp.c ****   tcp_ext_arg_invoke_callbacks_destroyed(pcb->ext_args);
 215:Middlewares/Third_Party/LwIP/src/core/tcp.c **** #endif
 216:Middlewares/Third_Party/LwIP/src/core/tcp.c ****   memp_free(MEMP_TCP_PCB, pcb);
 217:Middlewares/Third_Party/LwIP/src/core/tcp.c **** }
 218:Middlewares/Third_Party/LwIP/src/core/tcp.c **** 
 219:Middlewares/Third_Party/LwIP/src/core/tcp.c **** /** Free a tcp listen pcb */
 220:Middlewares/Third_Party/LwIP/src/core/tcp.c **** static void
 221:Middlewares/Third_Party/LwIP/src/core/tcp.c **** tcp_free_listen(struct tcp_pcb *pcb)
 222:Middlewares/Third_Party/LwIP/src/core/tcp.c **** {
 223:Middlewares/Third_Party/LwIP/src/core/tcp.c ****   LWIP_ASSERT("tcp_free_listen: !LISTEN", pcb->state != LISTEN);
 224:Middlewares/Third_Party/LwIP/src/core/tcp.c **** #if LWIP_TCP_PCB_NUM_EXT_ARGS
 225:Middlewares/Third_Party/LwIP/src/core/tcp.c ****   tcp_ext_arg_invoke_callbacks_destroyed(pcb->ext_args);
 226:Middlewares/Third_Party/LwIP/src/core/tcp.c **** #endif
 227:Middlewares/Third_Party/LwIP/src/core/tcp.c ****   memp_free(MEMP_TCP_PCB_LISTEN, pcb);
 228:Middlewares/Third_Party/LwIP/src/core/tcp.c **** }
 229:Middlewares/Third_Party/LwIP/src/core/tcp.c **** 
 230:Middlewares/Third_Party/LwIP/src/core/tcp.c **** /**
 231:Middlewares/Third_Party/LwIP/src/core/tcp.c ****  * Called periodically to dispatch TCP timers.
 232:Middlewares/Third_Party/LwIP/src/core/tcp.c ****  */
 233:Middlewares/Third_Party/LwIP/src/core/tcp.c **** void
 234:Middlewares/Third_Party/LwIP/src/core/tcp.c **** tcp_tmr(void)
 235:Middlewares/Third_Party/LwIP/src/core/tcp.c **** {
 236:Middlewares/Third_Party/LwIP/src/core/tcp.c ****   /* Call tcp_fasttmr() every 250 ms */
 237:Middlewares/Third_Party/LwIP/src/core/tcp.c ****   tcp_fasttmr();
 238:Middlewares/Third_Party/LwIP/src/core/tcp.c **** 
 239:Middlewares/Third_Party/LwIP/src/core/tcp.c ****   if (++tcp_timer & 1) {
 240:Middlewares/Third_Party/LwIP/src/core/tcp.c ****     /* Call tcp_slowtmr() every 500 ms, i.e., every other timer
 241:Middlewares/Third_Party/LwIP/src/core/tcp.c ****        tcp_tmr() is called. */
 242:Middlewares/Third_Party/LwIP/src/core/tcp.c ****     tcp_slowtmr();
 243:Middlewares/Third_Party/LwIP/src/core/tcp.c ****   }
 244:Middlewares/Third_Party/LwIP/src/core/tcp.c **** }
 245:Middlewares/Third_Party/LwIP/src/core/tcp.c **** 
 246:Middlewares/Third_Party/LwIP/src/core/tcp.c **** #if LWIP_CALLBACK_API || TCP_LISTEN_BACKLOG
 247:Middlewares/Third_Party/LwIP/src/core/tcp.c **** /** Called when a listen pcb is closed. Iterates one pcb list and removes the
 248:Middlewares/Third_Party/LwIP/src/core/tcp.c ****  * closed listener pcb from pcb->listener if matching.
 249:Middlewares/Third_Party/LwIP/src/core/tcp.c ****  */
 250:Middlewares/Third_Party/LwIP/src/core/tcp.c **** static void
 251:Middlewares/Third_Party/LwIP/src/core/tcp.c **** tcp_remove_listener(struct tcp_pcb *list, struct tcp_pcb_listen *lpcb)
 252:Middlewares/Third_Party/LwIP/src/core/tcp.c **** {
 253:Middlewares/Third_Party/LwIP/src/core/tcp.c ****   struct tcp_pcb *pcb;
 254:Middlewares/Third_Party/LwIP/src/core/tcp.c **** 
 255:Middlewares/Third_Party/LwIP/src/core/tcp.c ****   LWIP_ASSERT("tcp_remove_listener: invalid listener", lpcb != NULL);
 256:Middlewares/Third_Party/LwIP/src/core/tcp.c **** 
 257:Middlewares/Third_Party/LwIP/src/core/tcp.c ****   for (pcb = list; pcb != NULL; pcb = pcb->next) {
 258:Middlewares/Third_Party/LwIP/src/core/tcp.c ****     if (pcb->listener == lpcb) {
 259:Middlewares/Third_Party/LwIP/src/core/tcp.c ****       pcb->listener = NULL;
ARM GAS  /tmp/ccN9yVzV.s 			page 6


 260:Middlewares/Third_Party/LwIP/src/core/tcp.c ****     }
 261:Middlewares/Third_Party/LwIP/src/core/tcp.c ****   }
 262:Middlewares/Third_Party/LwIP/src/core/tcp.c **** }
 263:Middlewares/Third_Party/LwIP/src/core/tcp.c **** #endif
 264:Middlewares/Third_Party/LwIP/src/core/tcp.c **** 
 265:Middlewares/Third_Party/LwIP/src/core/tcp.c **** /** Called when a listen pcb is closed. Iterates all pcb lists and removes the
 266:Middlewares/Third_Party/LwIP/src/core/tcp.c ****  * closed listener pcb from pcb->listener if matching.
 267:Middlewares/Third_Party/LwIP/src/core/tcp.c ****  */
 268:Middlewares/Third_Party/LwIP/src/core/tcp.c **** static void
 269:Middlewares/Third_Party/LwIP/src/core/tcp.c **** tcp_listen_closed(struct tcp_pcb *pcb)
 270:Middlewares/Third_Party/LwIP/src/core/tcp.c **** {
 271:Middlewares/Third_Party/LwIP/src/core/tcp.c **** #if LWIP_CALLBACK_API || TCP_LISTEN_BACKLOG
 272:Middlewares/Third_Party/LwIP/src/core/tcp.c ****   size_t i;
 273:Middlewares/Third_Party/LwIP/src/core/tcp.c ****   LWIP_ASSERT("pcb != NULL", pcb != NULL);
 274:Middlewares/Third_Party/LwIP/src/core/tcp.c ****   LWIP_ASSERT("pcb->state == LISTEN", pcb->state == LISTEN);
 275:Middlewares/Third_Party/LwIP/src/core/tcp.c ****   for (i = 1; i < LWIP_ARRAYSIZE(tcp_pcb_lists); i++) {
 276:Middlewares/Third_Party/LwIP/src/core/tcp.c ****     tcp_remove_listener(*tcp_pcb_lists[i], (struct tcp_pcb_listen *)pcb);
 277:Middlewares/Third_Party/LwIP/src/core/tcp.c ****   }
 278:Middlewares/Third_Party/LwIP/src/core/tcp.c **** #endif
 279:Middlewares/Third_Party/LwIP/src/core/tcp.c ****   LWIP_UNUSED_ARG(pcb);
 280:Middlewares/Third_Party/LwIP/src/core/tcp.c **** }
 281:Middlewares/Third_Party/LwIP/src/core/tcp.c **** 
 282:Middlewares/Third_Party/LwIP/src/core/tcp.c **** #if TCP_LISTEN_BACKLOG
 283:Middlewares/Third_Party/LwIP/src/core/tcp.c **** /** @ingroup tcp_raw
 284:Middlewares/Third_Party/LwIP/src/core/tcp.c ****  * Delay accepting a connection in respect to the listen backlog:
 285:Middlewares/Third_Party/LwIP/src/core/tcp.c ****  * the number of outstanding connections is increased until
 286:Middlewares/Third_Party/LwIP/src/core/tcp.c ****  * tcp_backlog_accepted() is called.
 287:Middlewares/Third_Party/LwIP/src/core/tcp.c ****  *
 288:Middlewares/Third_Party/LwIP/src/core/tcp.c ****  * ATTENTION: the caller is responsible for calling tcp_backlog_accepted()
 289:Middlewares/Third_Party/LwIP/src/core/tcp.c ****  * or else the backlog feature will get out of sync!
 290:Middlewares/Third_Party/LwIP/src/core/tcp.c ****  *
 291:Middlewares/Third_Party/LwIP/src/core/tcp.c ****  * @param pcb the connection pcb which is not fully accepted yet
 292:Middlewares/Third_Party/LwIP/src/core/tcp.c ****  */
 293:Middlewares/Third_Party/LwIP/src/core/tcp.c **** void
 294:Middlewares/Third_Party/LwIP/src/core/tcp.c **** tcp_backlog_delayed(struct tcp_pcb *pcb)
 295:Middlewares/Third_Party/LwIP/src/core/tcp.c **** {
 296:Middlewares/Third_Party/LwIP/src/core/tcp.c ****   LWIP_ASSERT("pcb != NULL", pcb != NULL);
 297:Middlewares/Third_Party/LwIP/src/core/tcp.c ****   LWIP_ASSERT_CORE_LOCKED();
 298:Middlewares/Third_Party/LwIP/src/core/tcp.c ****   if ((pcb->flags & TF_BACKLOGPEND) == 0) {
 299:Middlewares/Third_Party/LwIP/src/core/tcp.c ****     if (pcb->listener != NULL) {
 300:Middlewares/Third_Party/LwIP/src/core/tcp.c ****       pcb->listener->accepts_pending++;
 301:Middlewares/Third_Party/LwIP/src/core/tcp.c ****       LWIP_ASSERT("accepts_pending != 0", pcb->listener->accepts_pending != 0);
 302:Middlewares/Third_Party/LwIP/src/core/tcp.c ****       tcp_set_flags(pcb, TF_BACKLOGPEND);
 303:Middlewares/Third_Party/LwIP/src/core/tcp.c ****     }
 304:Middlewares/Third_Party/LwIP/src/core/tcp.c ****   }
 305:Middlewares/Third_Party/LwIP/src/core/tcp.c **** }
 306:Middlewares/Third_Party/LwIP/src/core/tcp.c **** 
 307:Middlewares/Third_Party/LwIP/src/core/tcp.c **** /** @ingroup tcp_raw
 308:Middlewares/Third_Party/LwIP/src/core/tcp.c ****  * A delayed-accept a connection is accepted (or closed/aborted): decreases
 309:Middlewares/Third_Party/LwIP/src/core/tcp.c ****  * the number of outstanding connections after calling tcp_backlog_delayed().
 310:Middlewares/Third_Party/LwIP/src/core/tcp.c ****  *
 311:Middlewares/Third_Party/LwIP/src/core/tcp.c ****  * ATTENTION: the caller is responsible for calling tcp_backlog_accepted()
 312:Middlewares/Third_Party/LwIP/src/core/tcp.c ****  * or else the backlog feature will get out of sync!
 313:Middlewares/Third_Party/LwIP/src/core/tcp.c ****  *
 314:Middlewares/Third_Party/LwIP/src/core/tcp.c ****  * @param pcb the connection pcb which is now fully accepted (or closed/aborted)
 315:Middlewares/Third_Party/LwIP/src/core/tcp.c ****  */
 316:Middlewares/Third_Party/LwIP/src/core/tcp.c **** void
ARM GAS  /tmp/ccN9yVzV.s 			page 7


 317:Middlewares/Third_Party/LwIP/src/core/tcp.c **** tcp_backlog_accepted(struct tcp_pcb *pcb)
 318:Middlewares/Third_Party/LwIP/src/core/tcp.c **** {
 319:Middlewares/Third_Party/LwIP/src/core/tcp.c ****   LWIP_ASSERT("pcb != NULL", pcb != NULL);
 320:Middlewares/Third_Party/LwIP/src/core/tcp.c ****   LWIP_ASSERT_CORE_LOCKED();
 321:Middlewares/Third_Party/LwIP/src/core/tcp.c ****   if ((pcb->flags & TF_BACKLOGPEND) != 0) {
 322:Middlewares/Third_Party/LwIP/src/core/tcp.c ****     if (pcb->listener != NULL) {
 323:Middlewares/Third_Party/LwIP/src/core/tcp.c ****       LWIP_ASSERT("accepts_pending != 0", pcb->listener->accepts_pending != 0);
 324:Middlewares/Third_Party/LwIP/src/core/tcp.c ****       pcb->listener->accepts_pending--;
 325:Middlewares/Third_Party/LwIP/src/core/tcp.c ****       tcp_clear_flags(pcb, TF_BACKLOGPEND);
 326:Middlewares/Third_Party/LwIP/src/core/tcp.c ****     }
 327:Middlewares/Third_Party/LwIP/src/core/tcp.c ****   }
 328:Middlewares/Third_Party/LwIP/src/core/tcp.c **** }
 329:Middlewares/Third_Party/LwIP/src/core/tcp.c **** #endif /* TCP_LISTEN_BACKLOG */
 330:Middlewares/Third_Party/LwIP/src/core/tcp.c **** 
 331:Middlewares/Third_Party/LwIP/src/core/tcp.c **** /**
 332:Middlewares/Third_Party/LwIP/src/core/tcp.c ****  * Closes the TX side of a connection held by the PCB.
 333:Middlewares/Third_Party/LwIP/src/core/tcp.c ****  * For tcp_close(), a RST is sent if the application didn't receive all data
 334:Middlewares/Third_Party/LwIP/src/core/tcp.c ****  * (tcp_recved() not called for all data passed to recv callback).
 335:Middlewares/Third_Party/LwIP/src/core/tcp.c ****  *
 336:Middlewares/Third_Party/LwIP/src/core/tcp.c ****  * Listening pcbs are freed and may not be referenced any more.
 337:Middlewares/Third_Party/LwIP/src/core/tcp.c ****  * Connection pcbs are freed if not yet connected and may not be referenced
 338:Middlewares/Third_Party/LwIP/src/core/tcp.c ****  * any more. If a connection is established (at least SYN received or in
 339:Middlewares/Third_Party/LwIP/src/core/tcp.c ****  * a closing state), the connection is closed, and put in a closing state.
 340:Middlewares/Third_Party/LwIP/src/core/tcp.c ****  * The pcb is then automatically freed in tcp_slowtmr(). It is therefore
 341:Middlewares/Third_Party/LwIP/src/core/tcp.c ****  * unsafe to reference it.
 342:Middlewares/Third_Party/LwIP/src/core/tcp.c ****  *
 343:Middlewares/Third_Party/LwIP/src/core/tcp.c ****  * @param pcb the tcp_pcb to close
 344:Middlewares/Third_Party/LwIP/src/core/tcp.c ****  * @return ERR_OK if connection has been closed
 345:Middlewares/Third_Party/LwIP/src/core/tcp.c ****  *         another err_t if closing failed and pcb is not freed
 346:Middlewares/Third_Party/LwIP/src/core/tcp.c ****  */
 347:Middlewares/Third_Party/LwIP/src/core/tcp.c **** static err_t
 348:Middlewares/Third_Party/LwIP/src/core/tcp.c **** tcp_close_shutdown(struct tcp_pcb *pcb, u8_t rst_on_unacked_data)
 349:Middlewares/Third_Party/LwIP/src/core/tcp.c **** {
 350:Middlewares/Third_Party/LwIP/src/core/tcp.c ****   LWIP_ASSERT("tcp_close_shutdown: invalid pcb", pcb != NULL);
 351:Middlewares/Third_Party/LwIP/src/core/tcp.c **** 
 352:Middlewares/Third_Party/LwIP/src/core/tcp.c ****   if (rst_on_unacked_data && ((pcb->state == ESTABLISHED) || (pcb->state == CLOSE_WAIT))) {
 353:Middlewares/Third_Party/LwIP/src/core/tcp.c ****     if ((pcb->refused_data != NULL) || (pcb->rcv_wnd != TCP_WND_MAX(pcb))) {
 354:Middlewares/Third_Party/LwIP/src/core/tcp.c ****       /* Not all data received by application, send RST to tell the remote
 355:Middlewares/Third_Party/LwIP/src/core/tcp.c ****          side about this. */
 356:Middlewares/Third_Party/LwIP/src/core/tcp.c ****       LWIP_ASSERT("pcb->flags & TF_RXCLOSED", pcb->flags & TF_RXCLOSED);
 357:Middlewares/Third_Party/LwIP/src/core/tcp.c **** 
 358:Middlewares/Third_Party/LwIP/src/core/tcp.c ****       /* don't call tcp_abort here: we must not deallocate the pcb since
 359:Middlewares/Third_Party/LwIP/src/core/tcp.c ****          that might not be expected when calling tcp_close */
 360:Middlewares/Third_Party/LwIP/src/core/tcp.c ****       tcp_rst(pcb, pcb->snd_nxt, pcb->rcv_nxt, &pcb->local_ip, &pcb->remote_ip,
 361:Middlewares/Third_Party/LwIP/src/core/tcp.c ****               pcb->local_port, pcb->remote_port);
 362:Middlewares/Third_Party/LwIP/src/core/tcp.c **** 
 363:Middlewares/Third_Party/LwIP/src/core/tcp.c ****       tcp_pcb_purge(pcb);
 364:Middlewares/Third_Party/LwIP/src/core/tcp.c ****       TCP_RMV_ACTIVE(pcb);
 365:Middlewares/Third_Party/LwIP/src/core/tcp.c ****       /* Deallocate the pcb since we already sent a RST for it */
 366:Middlewares/Third_Party/LwIP/src/core/tcp.c ****       if (tcp_input_pcb == pcb) {
 367:Middlewares/Third_Party/LwIP/src/core/tcp.c ****         /* prevent using a deallocated pcb: free it from tcp_input later */
 368:Middlewares/Third_Party/LwIP/src/core/tcp.c ****         tcp_trigger_input_pcb_close();
 369:Middlewares/Third_Party/LwIP/src/core/tcp.c ****       } else {
 370:Middlewares/Third_Party/LwIP/src/core/tcp.c ****         tcp_free(pcb);
 371:Middlewares/Third_Party/LwIP/src/core/tcp.c ****       }
 372:Middlewares/Third_Party/LwIP/src/core/tcp.c ****       return ERR_OK;
 373:Middlewares/Third_Party/LwIP/src/core/tcp.c ****     }
ARM GAS  /tmp/ccN9yVzV.s 			page 8


 374:Middlewares/Third_Party/LwIP/src/core/tcp.c ****   }
 375:Middlewares/Third_Party/LwIP/src/core/tcp.c **** 
 376:Middlewares/Third_Party/LwIP/src/core/tcp.c ****   /* - states which free the pcb are handled here,
 377:Middlewares/Third_Party/LwIP/src/core/tcp.c ****      - states which send FIN and change state are handled in tcp_close_shutdown_fin() */
 378:Middlewares/Third_Party/LwIP/src/core/tcp.c ****   switch (pcb->state) {
 379:Middlewares/Third_Party/LwIP/src/core/tcp.c ****     case CLOSED:
 380:Middlewares/Third_Party/LwIP/src/core/tcp.c ****       /* Closing a pcb in the CLOSED state might seem erroneous,
 381:Middlewares/Third_Party/LwIP/src/core/tcp.c ****        * however, it is in this state once allocated and as yet unused
 382:Middlewares/Third_Party/LwIP/src/core/tcp.c ****        * and the user needs some way to free it should the need arise.
 383:Middlewares/Third_Party/LwIP/src/core/tcp.c ****        * Calling tcp_close() with a pcb that has already been closed, (i.e. twice)
 384:Middlewares/Third_Party/LwIP/src/core/tcp.c ****        * or for a pcb that has been used and then entered the CLOSED state
 385:Middlewares/Third_Party/LwIP/src/core/tcp.c ****        * is erroneous, but this should never happen as the pcb has in those cases
 386:Middlewares/Third_Party/LwIP/src/core/tcp.c ****        * been freed, and so any remaining handles are bogus. */
 387:Middlewares/Third_Party/LwIP/src/core/tcp.c ****       if (pcb->local_port != 0) {
 388:Middlewares/Third_Party/LwIP/src/core/tcp.c ****         TCP_RMV(&tcp_bound_pcbs, pcb);
 389:Middlewares/Third_Party/LwIP/src/core/tcp.c ****       }
 390:Middlewares/Third_Party/LwIP/src/core/tcp.c ****       tcp_free(pcb);
 391:Middlewares/Third_Party/LwIP/src/core/tcp.c ****       break;
 392:Middlewares/Third_Party/LwIP/src/core/tcp.c ****     case LISTEN:
 393:Middlewares/Third_Party/LwIP/src/core/tcp.c ****       tcp_listen_closed(pcb);
 394:Middlewares/Third_Party/LwIP/src/core/tcp.c ****       tcp_pcb_remove(&tcp_listen_pcbs.pcbs, pcb);
 395:Middlewares/Third_Party/LwIP/src/core/tcp.c ****       tcp_free_listen(pcb);
 396:Middlewares/Third_Party/LwIP/src/core/tcp.c ****       break;
 397:Middlewares/Third_Party/LwIP/src/core/tcp.c ****     case SYN_SENT:
 398:Middlewares/Third_Party/LwIP/src/core/tcp.c ****       TCP_PCB_REMOVE_ACTIVE(pcb);
 399:Middlewares/Third_Party/LwIP/src/core/tcp.c ****       tcp_free(pcb);
 400:Middlewares/Third_Party/LwIP/src/core/tcp.c ****       MIB2_STATS_INC(mib2.tcpattemptfails);
 401:Middlewares/Third_Party/LwIP/src/core/tcp.c ****       break;
 402:Middlewares/Third_Party/LwIP/src/core/tcp.c ****     default:
 403:Middlewares/Third_Party/LwIP/src/core/tcp.c ****       return tcp_close_shutdown_fin(pcb);
 404:Middlewares/Third_Party/LwIP/src/core/tcp.c ****   }
 405:Middlewares/Third_Party/LwIP/src/core/tcp.c ****   return ERR_OK;
 406:Middlewares/Third_Party/LwIP/src/core/tcp.c **** }
 407:Middlewares/Third_Party/LwIP/src/core/tcp.c **** 
 408:Middlewares/Third_Party/LwIP/src/core/tcp.c **** static err_t
 409:Middlewares/Third_Party/LwIP/src/core/tcp.c **** tcp_close_shutdown_fin(struct tcp_pcb *pcb)
 410:Middlewares/Third_Party/LwIP/src/core/tcp.c **** {
 411:Middlewares/Third_Party/LwIP/src/core/tcp.c ****   err_t err;
 412:Middlewares/Third_Party/LwIP/src/core/tcp.c ****   LWIP_ASSERT("pcb != NULL", pcb != NULL);
 413:Middlewares/Third_Party/LwIP/src/core/tcp.c **** 
 414:Middlewares/Third_Party/LwIP/src/core/tcp.c ****   switch (pcb->state) {
 415:Middlewares/Third_Party/LwIP/src/core/tcp.c ****     case SYN_RCVD:
 416:Middlewares/Third_Party/LwIP/src/core/tcp.c ****       err = tcp_send_fin(pcb);
 417:Middlewares/Third_Party/LwIP/src/core/tcp.c ****       if (err == ERR_OK) {
 418:Middlewares/Third_Party/LwIP/src/core/tcp.c ****         tcp_backlog_accepted(pcb);
 419:Middlewares/Third_Party/LwIP/src/core/tcp.c ****         MIB2_STATS_INC(mib2.tcpattemptfails);
 420:Middlewares/Third_Party/LwIP/src/core/tcp.c ****         pcb->state = FIN_WAIT_1;
 421:Middlewares/Third_Party/LwIP/src/core/tcp.c ****       }
 422:Middlewares/Third_Party/LwIP/src/core/tcp.c ****       break;
 423:Middlewares/Third_Party/LwIP/src/core/tcp.c ****     case ESTABLISHED:
 424:Middlewares/Third_Party/LwIP/src/core/tcp.c ****       err = tcp_send_fin(pcb);
 425:Middlewares/Third_Party/LwIP/src/core/tcp.c ****       if (err == ERR_OK) {
 426:Middlewares/Third_Party/LwIP/src/core/tcp.c ****         MIB2_STATS_INC(mib2.tcpestabresets);
 427:Middlewares/Third_Party/LwIP/src/core/tcp.c ****         pcb->state = FIN_WAIT_1;
 428:Middlewares/Third_Party/LwIP/src/core/tcp.c ****       }
 429:Middlewares/Third_Party/LwIP/src/core/tcp.c ****       break;
 430:Middlewares/Third_Party/LwIP/src/core/tcp.c ****     case CLOSE_WAIT:
ARM GAS  /tmp/ccN9yVzV.s 			page 9


 431:Middlewares/Third_Party/LwIP/src/core/tcp.c ****       err = tcp_send_fin(pcb);
 432:Middlewares/Third_Party/LwIP/src/core/tcp.c ****       if (err == ERR_OK) {
 433:Middlewares/Third_Party/LwIP/src/core/tcp.c ****         MIB2_STATS_INC(mib2.tcpestabresets);
 434:Middlewares/Third_Party/LwIP/src/core/tcp.c ****         pcb->state = LAST_ACK;
 435:Middlewares/Third_Party/LwIP/src/core/tcp.c ****       }
 436:Middlewares/Third_Party/LwIP/src/core/tcp.c ****       break;
 437:Middlewares/Third_Party/LwIP/src/core/tcp.c ****     default:
 438:Middlewares/Third_Party/LwIP/src/core/tcp.c ****       /* Has already been closed, do nothing. */
 439:Middlewares/Third_Party/LwIP/src/core/tcp.c ****       return ERR_OK;
 440:Middlewares/Third_Party/LwIP/src/core/tcp.c ****   }
 441:Middlewares/Third_Party/LwIP/src/core/tcp.c **** 
 442:Middlewares/Third_Party/LwIP/src/core/tcp.c ****   if (err == ERR_OK) {
 443:Middlewares/Third_Party/LwIP/src/core/tcp.c ****     /* To ensure all data has been sent when tcp_close returns, we have
 444:Middlewares/Third_Party/LwIP/src/core/tcp.c ****        to make sure tcp_output doesn't fail.
 445:Middlewares/Third_Party/LwIP/src/core/tcp.c ****        Since we don't really have to ensure all data has been sent when tcp_close
 446:Middlewares/Third_Party/LwIP/src/core/tcp.c ****        returns (unsent data is sent from tcp timer functions, also), we don't care
 447:Middlewares/Third_Party/LwIP/src/core/tcp.c ****        for the return value of tcp_output for now. */
 448:Middlewares/Third_Party/LwIP/src/core/tcp.c ****     tcp_output(pcb);
 449:Middlewares/Third_Party/LwIP/src/core/tcp.c ****   } else if (err == ERR_MEM) {
 450:Middlewares/Third_Party/LwIP/src/core/tcp.c ****     /* Mark this pcb for closing. Closing is retried from tcp_tmr. */
 451:Middlewares/Third_Party/LwIP/src/core/tcp.c ****     tcp_set_flags(pcb, TF_CLOSEPEND);
 452:Middlewares/Third_Party/LwIP/src/core/tcp.c ****     /* We have to return ERR_OK from here to indicate to the callers that this
 453:Middlewares/Third_Party/LwIP/src/core/tcp.c ****        pcb should not be used any more as it will be freed soon via tcp_tmr.
 454:Middlewares/Third_Party/LwIP/src/core/tcp.c ****        This is OK here since sending FIN does not guarantee a time frime for
 455:Middlewares/Third_Party/LwIP/src/core/tcp.c ****        actually freeing the pcb, either (it is left in closure states for
 456:Middlewares/Third_Party/LwIP/src/core/tcp.c ****        remote ACK or timeout) */
 457:Middlewares/Third_Party/LwIP/src/core/tcp.c ****     return ERR_OK;
 458:Middlewares/Third_Party/LwIP/src/core/tcp.c ****   }
 459:Middlewares/Third_Party/LwIP/src/core/tcp.c ****   return err;
 460:Middlewares/Third_Party/LwIP/src/core/tcp.c **** }
 461:Middlewares/Third_Party/LwIP/src/core/tcp.c **** 
 462:Middlewares/Third_Party/LwIP/src/core/tcp.c **** /**
 463:Middlewares/Third_Party/LwIP/src/core/tcp.c ****  * @ingroup tcp_raw
 464:Middlewares/Third_Party/LwIP/src/core/tcp.c ****  * Closes the connection held by the PCB.
 465:Middlewares/Third_Party/LwIP/src/core/tcp.c ****  *
 466:Middlewares/Third_Party/LwIP/src/core/tcp.c ****  * Listening pcbs are freed and may not be referenced any more.
 467:Middlewares/Third_Party/LwIP/src/core/tcp.c ****  * Connection pcbs are freed if not yet connected and may not be referenced
 468:Middlewares/Third_Party/LwIP/src/core/tcp.c ****  * any more. If a connection is established (at least SYN received or in
 469:Middlewares/Third_Party/LwIP/src/core/tcp.c ****  * a closing state), the connection is closed, and put in a closing state.
 470:Middlewares/Third_Party/LwIP/src/core/tcp.c ****  * The pcb is then automatically freed in tcp_slowtmr(). It is therefore
 471:Middlewares/Third_Party/LwIP/src/core/tcp.c ****  * unsafe to reference it (unless an error is returned).
 472:Middlewares/Third_Party/LwIP/src/core/tcp.c ****  * 
 473:Middlewares/Third_Party/LwIP/src/core/tcp.c ****  * The function may return ERR_MEM if no memory
 474:Middlewares/Third_Party/LwIP/src/core/tcp.c ****  * was available for closing the connection. If so, the application
 475:Middlewares/Third_Party/LwIP/src/core/tcp.c ****  * should wait and try again either by using the acknowledgment
 476:Middlewares/Third_Party/LwIP/src/core/tcp.c ****  * callback or the polling functionality. If the close succeeds, the
 477:Middlewares/Third_Party/LwIP/src/core/tcp.c ****  * function returns ERR_OK.
 478:Middlewares/Third_Party/LwIP/src/core/tcp.c ****  *
 479:Middlewares/Third_Party/LwIP/src/core/tcp.c ****  * @param pcb the tcp_pcb to close
 480:Middlewares/Third_Party/LwIP/src/core/tcp.c ****  * @return ERR_OK if connection has been closed
 481:Middlewares/Third_Party/LwIP/src/core/tcp.c ****  *         another err_t if closing failed and pcb is not freed
 482:Middlewares/Third_Party/LwIP/src/core/tcp.c ****  */
 483:Middlewares/Third_Party/LwIP/src/core/tcp.c **** err_t
 484:Middlewares/Third_Party/LwIP/src/core/tcp.c **** tcp_close(struct tcp_pcb *pcb)
 485:Middlewares/Third_Party/LwIP/src/core/tcp.c **** {
 486:Middlewares/Third_Party/LwIP/src/core/tcp.c ****   LWIP_ASSERT_CORE_LOCKED();
 487:Middlewares/Third_Party/LwIP/src/core/tcp.c **** 
ARM GAS  /tmp/ccN9yVzV.s 			page 10


 488:Middlewares/Third_Party/LwIP/src/core/tcp.c ****   LWIP_ERROR("tcp_close: invalid pcb", pcb != NULL, return ERR_ARG);
 489:Middlewares/Third_Party/LwIP/src/core/tcp.c ****   LWIP_DEBUGF(TCP_DEBUG, ("tcp_close: closing in "));
 490:Middlewares/Third_Party/LwIP/src/core/tcp.c **** 
 491:Middlewares/Third_Party/LwIP/src/core/tcp.c ****   tcp_debug_print_state(pcb->state);
 492:Middlewares/Third_Party/LwIP/src/core/tcp.c **** 
 493:Middlewares/Third_Party/LwIP/src/core/tcp.c ****   if (pcb->state != LISTEN) {
 494:Middlewares/Third_Party/LwIP/src/core/tcp.c ****     /* Set a flag not to receive any more data... */
 495:Middlewares/Third_Party/LwIP/src/core/tcp.c ****     tcp_set_flags(pcb, TF_RXCLOSED);
 496:Middlewares/Third_Party/LwIP/src/core/tcp.c ****   }
 497:Middlewares/Third_Party/LwIP/src/core/tcp.c ****   /* ... and close */
 498:Middlewares/Third_Party/LwIP/src/core/tcp.c ****   return tcp_close_shutdown(pcb, 1);
 499:Middlewares/Third_Party/LwIP/src/core/tcp.c **** }
 500:Middlewares/Third_Party/LwIP/src/core/tcp.c **** 
 501:Middlewares/Third_Party/LwIP/src/core/tcp.c **** /**
 502:Middlewares/Third_Party/LwIP/src/core/tcp.c ****  * @ingroup tcp_raw
 503:Middlewares/Third_Party/LwIP/src/core/tcp.c ****  * Causes all or part of a full-duplex connection of this PCB to be shut down.
 504:Middlewares/Third_Party/LwIP/src/core/tcp.c ****  * This doesn't deallocate the PCB unless shutting down both sides!
 505:Middlewares/Third_Party/LwIP/src/core/tcp.c ****  * Shutting down both sides is the same as calling tcp_close, so if it succeds
 506:Middlewares/Third_Party/LwIP/src/core/tcp.c ****  * (i.e. returns ER_OK), the PCB must not be referenced any more!
 507:Middlewares/Third_Party/LwIP/src/core/tcp.c ****  *
 508:Middlewares/Third_Party/LwIP/src/core/tcp.c ****  * @param pcb PCB to shutdown
 509:Middlewares/Third_Party/LwIP/src/core/tcp.c ****  * @param shut_rx shut down receive side if this is != 0
 510:Middlewares/Third_Party/LwIP/src/core/tcp.c ****  * @param shut_tx shut down send side if this is != 0
 511:Middlewares/Third_Party/LwIP/src/core/tcp.c ****  * @return ERR_OK if shutdown succeeded (or the PCB has already been shut down)
 512:Middlewares/Third_Party/LwIP/src/core/tcp.c ****  *         another err_t on error.
 513:Middlewares/Third_Party/LwIP/src/core/tcp.c ****  */
 514:Middlewares/Third_Party/LwIP/src/core/tcp.c **** err_t
 515:Middlewares/Third_Party/LwIP/src/core/tcp.c **** tcp_shutdown(struct tcp_pcb *pcb, int shut_rx, int shut_tx)
 516:Middlewares/Third_Party/LwIP/src/core/tcp.c **** {
 517:Middlewares/Third_Party/LwIP/src/core/tcp.c ****   LWIP_ASSERT_CORE_LOCKED();
 518:Middlewares/Third_Party/LwIP/src/core/tcp.c **** 
 519:Middlewares/Third_Party/LwIP/src/core/tcp.c ****   LWIP_ERROR("tcp_shutdown: invalid pcb", pcb != NULL, return ERR_ARG);
 520:Middlewares/Third_Party/LwIP/src/core/tcp.c **** 
 521:Middlewares/Third_Party/LwIP/src/core/tcp.c ****   if (pcb->state == LISTEN) {
 522:Middlewares/Third_Party/LwIP/src/core/tcp.c ****     return ERR_CONN;
 523:Middlewares/Third_Party/LwIP/src/core/tcp.c ****   }
 524:Middlewares/Third_Party/LwIP/src/core/tcp.c ****   if (shut_rx) {
 525:Middlewares/Third_Party/LwIP/src/core/tcp.c ****     /* shut down the receive side: set a flag not to receive any more data... */
 526:Middlewares/Third_Party/LwIP/src/core/tcp.c ****     tcp_set_flags(pcb, TF_RXCLOSED);
 527:Middlewares/Third_Party/LwIP/src/core/tcp.c ****     if (shut_tx) {
 528:Middlewares/Third_Party/LwIP/src/core/tcp.c ****       /* shutting down the tx AND rx side is the same as closing for the raw API */
 529:Middlewares/Third_Party/LwIP/src/core/tcp.c ****       return tcp_close_shutdown(pcb, 1);
 530:Middlewares/Third_Party/LwIP/src/core/tcp.c ****     }
 531:Middlewares/Third_Party/LwIP/src/core/tcp.c ****     /* ... and free buffered data */
 532:Middlewares/Third_Party/LwIP/src/core/tcp.c ****     if (pcb->refused_data != NULL) {
 533:Middlewares/Third_Party/LwIP/src/core/tcp.c ****       pbuf_free(pcb->refused_data);
 534:Middlewares/Third_Party/LwIP/src/core/tcp.c ****       pcb->refused_data = NULL;
 535:Middlewares/Third_Party/LwIP/src/core/tcp.c ****     }
 536:Middlewares/Third_Party/LwIP/src/core/tcp.c ****   }
 537:Middlewares/Third_Party/LwIP/src/core/tcp.c ****   if (shut_tx) {
 538:Middlewares/Third_Party/LwIP/src/core/tcp.c ****     /* This can't happen twice since if it succeeds, the pcb's state is changed.
 539:Middlewares/Third_Party/LwIP/src/core/tcp.c ****        Only close in these states as the others directly deallocate the PCB */
 540:Middlewares/Third_Party/LwIP/src/core/tcp.c ****     switch (pcb->state) {
 541:Middlewares/Third_Party/LwIP/src/core/tcp.c ****       case SYN_RCVD:
 542:Middlewares/Third_Party/LwIP/src/core/tcp.c ****       case ESTABLISHED:
 543:Middlewares/Third_Party/LwIP/src/core/tcp.c ****       case CLOSE_WAIT:
 544:Middlewares/Third_Party/LwIP/src/core/tcp.c ****         return tcp_close_shutdown(pcb, (u8_t)shut_rx);
ARM GAS  /tmp/ccN9yVzV.s 			page 11


 545:Middlewares/Third_Party/LwIP/src/core/tcp.c ****       default:
 546:Middlewares/Third_Party/LwIP/src/core/tcp.c ****         /* Not (yet?) connected, cannot shutdown the TX side as that would bring us
 547:Middlewares/Third_Party/LwIP/src/core/tcp.c ****           into CLOSED state, where the PCB is deallocated. */
 548:Middlewares/Third_Party/LwIP/src/core/tcp.c ****         return ERR_CONN;
 549:Middlewares/Third_Party/LwIP/src/core/tcp.c ****     }
 550:Middlewares/Third_Party/LwIP/src/core/tcp.c ****   }
 551:Middlewares/Third_Party/LwIP/src/core/tcp.c ****   return ERR_OK;
 552:Middlewares/Third_Party/LwIP/src/core/tcp.c **** }
 553:Middlewares/Third_Party/LwIP/src/core/tcp.c **** 
 554:Middlewares/Third_Party/LwIP/src/core/tcp.c **** /**
 555:Middlewares/Third_Party/LwIP/src/core/tcp.c ****  * Abandons a connection and optionally sends a RST to the remote
 556:Middlewares/Third_Party/LwIP/src/core/tcp.c ****  * host.  Deletes the local protocol control block. This is done when
 557:Middlewares/Third_Party/LwIP/src/core/tcp.c ****  * a connection is killed because of shortage of memory.
 558:Middlewares/Third_Party/LwIP/src/core/tcp.c ****  *
 559:Middlewares/Third_Party/LwIP/src/core/tcp.c ****  * @param pcb the tcp_pcb to abort
 560:Middlewares/Third_Party/LwIP/src/core/tcp.c ****  * @param reset boolean to indicate whether a reset should be sent
 561:Middlewares/Third_Party/LwIP/src/core/tcp.c ****  */
 562:Middlewares/Third_Party/LwIP/src/core/tcp.c **** void
 563:Middlewares/Third_Party/LwIP/src/core/tcp.c **** tcp_abandon(struct tcp_pcb *pcb, int reset)
 564:Middlewares/Third_Party/LwIP/src/core/tcp.c **** {
 565:Middlewares/Third_Party/LwIP/src/core/tcp.c ****   u32_t seqno, ackno;
 566:Middlewares/Third_Party/LwIP/src/core/tcp.c **** #if LWIP_CALLBACK_API
 567:Middlewares/Third_Party/LwIP/src/core/tcp.c ****   tcp_err_fn errf;
 568:Middlewares/Third_Party/LwIP/src/core/tcp.c **** #endif /* LWIP_CALLBACK_API */
 569:Middlewares/Third_Party/LwIP/src/core/tcp.c ****   void *errf_arg;
 570:Middlewares/Third_Party/LwIP/src/core/tcp.c **** 
 571:Middlewares/Third_Party/LwIP/src/core/tcp.c ****   LWIP_ASSERT_CORE_LOCKED();
 572:Middlewares/Third_Party/LwIP/src/core/tcp.c **** 
 573:Middlewares/Third_Party/LwIP/src/core/tcp.c ****   LWIP_ERROR("tcp_abandon: invalid pcb", pcb != NULL, return);
 574:Middlewares/Third_Party/LwIP/src/core/tcp.c **** 
 575:Middlewares/Third_Party/LwIP/src/core/tcp.c ****   /* pcb->state LISTEN not allowed here */
 576:Middlewares/Third_Party/LwIP/src/core/tcp.c ****   LWIP_ASSERT("don't call tcp_abort/tcp_abandon for listen-pcbs",
 577:Middlewares/Third_Party/LwIP/src/core/tcp.c ****               pcb->state != LISTEN);
 578:Middlewares/Third_Party/LwIP/src/core/tcp.c ****   /* Figure out on which TCP PCB list we are, and remove us. If we
 579:Middlewares/Third_Party/LwIP/src/core/tcp.c ****      are in an active state, call the receive function associated with
 580:Middlewares/Third_Party/LwIP/src/core/tcp.c ****      the PCB with a NULL argument, and send an RST to the remote end. */
 581:Middlewares/Third_Party/LwIP/src/core/tcp.c ****   if (pcb->state == TIME_WAIT) {
 582:Middlewares/Third_Party/LwIP/src/core/tcp.c ****     tcp_pcb_remove(&tcp_tw_pcbs, pcb);
 583:Middlewares/Third_Party/LwIP/src/core/tcp.c ****     tcp_free(pcb);
 584:Middlewares/Third_Party/LwIP/src/core/tcp.c ****   } else {
 585:Middlewares/Third_Party/LwIP/src/core/tcp.c ****     int send_rst = 0;
 586:Middlewares/Third_Party/LwIP/src/core/tcp.c ****     u16_t local_port = 0;
 587:Middlewares/Third_Party/LwIP/src/core/tcp.c ****     enum tcp_state last_state;
 588:Middlewares/Third_Party/LwIP/src/core/tcp.c ****     seqno = pcb->snd_nxt;
 589:Middlewares/Third_Party/LwIP/src/core/tcp.c ****     ackno = pcb->rcv_nxt;
 590:Middlewares/Third_Party/LwIP/src/core/tcp.c **** #if LWIP_CALLBACK_API
 591:Middlewares/Third_Party/LwIP/src/core/tcp.c ****     errf = pcb->errf;
 592:Middlewares/Third_Party/LwIP/src/core/tcp.c **** #endif /* LWIP_CALLBACK_API */
 593:Middlewares/Third_Party/LwIP/src/core/tcp.c ****     errf_arg = pcb->callback_arg;
 594:Middlewares/Third_Party/LwIP/src/core/tcp.c ****     if (pcb->state == CLOSED) {
 595:Middlewares/Third_Party/LwIP/src/core/tcp.c ****       if (pcb->local_port != 0) {
 596:Middlewares/Third_Party/LwIP/src/core/tcp.c ****         /* bound, not yet opened */
 597:Middlewares/Third_Party/LwIP/src/core/tcp.c ****         TCP_RMV(&tcp_bound_pcbs, pcb);
 598:Middlewares/Third_Party/LwIP/src/core/tcp.c ****       }
 599:Middlewares/Third_Party/LwIP/src/core/tcp.c ****     } else {
 600:Middlewares/Third_Party/LwIP/src/core/tcp.c ****       send_rst = reset;
 601:Middlewares/Third_Party/LwIP/src/core/tcp.c ****       local_port = pcb->local_port;
ARM GAS  /tmp/ccN9yVzV.s 			page 12


 602:Middlewares/Third_Party/LwIP/src/core/tcp.c ****       TCP_PCB_REMOVE_ACTIVE(pcb);
 603:Middlewares/Third_Party/LwIP/src/core/tcp.c ****     }
 604:Middlewares/Third_Party/LwIP/src/core/tcp.c ****     if (pcb->unacked != NULL) {
 605:Middlewares/Third_Party/LwIP/src/core/tcp.c ****       tcp_segs_free(pcb->unacked);
 606:Middlewares/Third_Party/LwIP/src/core/tcp.c ****     }
 607:Middlewares/Third_Party/LwIP/src/core/tcp.c ****     if (pcb->unsent != NULL) {
 608:Middlewares/Third_Party/LwIP/src/core/tcp.c ****       tcp_segs_free(pcb->unsent);
 609:Middlewares/Third_Party/LwIP/src/core/tcp.c ****     }
 610:Middlewares/Third_Party/LwIP/src/core/tcp.c **** #if TCP_QUEUE_OOSEQ
 611:Middlewares/Third_Party/LwIP/src/core/tcp.c ****     if (pcb->ooseq != NULL) {
 612:Middlewares/Third_Party/LwIP/src/core/tcp.c ****       tcp_segs_free(pcb->ooseq);
 613:Middlewares/Third_Party/LwIP/src/core/tcp.c ****     }
 614:Middlewares/Third_Party/LwIP/src/core/tcp.c **** #endif /* TCP_QUEUE_OOSEQ */
 615:Middlewares/Third_Party/LwIP/src/core/tcp.c ****     tcp_backlog_accepted(pcb);
 616:Middlewares/Third_Party/LwIP/src/core/tcp.c ****     if (send_rst) {
 617:Middlewares/Third_Party/LwIP/src/core/tcp.c ****       LWIP_DEBUGF(TCP_RST_DEBUG, ("tcp_abandon: sending RST\n"));
 618:Middlewares/Third_Party/LwIP/src/core/tcp.c ****       tcp_rst(pcb, seqno, ackno, &pcb->local_ip, &pcb->remote_ip, local_port, pcb->remote_port);
 619:Middlewares/Third_Party/LwIP/src/core/tcp.c ****     }
 620:Middlewares/Third_Party/LwIP/src/core/tcp.c ****     last_state = pcb->state;
 621:Middlewares/Third_Party/LwIP/src/core/tcp.c ****     tcp_free(pcb);
 622:Middlewares/Third_Party/LwIP/src/core/tcp.c ****     TCP_EVENT_ERR(last_state, errf, errf_arg, ERR_ABRT);
 623:Middlewares/Third_Party/LwIP/src/core/tcp.c ****   }
 624:Middlewares/Third_Party/LwIP/src/core/tcp.c **** }
 625:Middlewares/Third_Party/LwIP/src/core/tcp.c **** 
 626:Middlewares/Third_Party/LwIP/src/core/tcp.c **** /**
 627:Middlewares/Third_Party/LwIP/src/core/tcp.c ****  * @ingroup tcp_raw
 628:Middlewares/Third_Party/LwIP/src/core/tcp.c ****  * Aborts the connection by sending a RST (reset) segment to the remote
 629:Middlewares/Third_Party/LwIP/src/core/tcp.c ****  * host. The pcb is deallocated. This function never fails.
 630:Middlewares/Third_Party/LwIP/src/core/tcp.c ****  *
 631:Middlewares/Third_Party/LwIP/src/core/tcp.c ****  * ATTENTION: When calling this from one of the TCP callbacks, make
 632:Middlewares/Third_Party/LwIP/src/core/tcp.c ****  * sure you always return ERR_ABRT (and never return ERR_ABRT otherwise
 633:Middlewares/Third_Party/LwIP/src/core/tcp.c ****  * or you will risk accessing deallocated memory or memory leaks!
 634:Middlewares/Third_Party/LwIP/src/core/tcp.c ****  *
 635:Middlewares/Third_Party/LwIP/src/core/tcp.c ****  * @param pcb the tcp pcb to abort
 636:Middlewares/Third_Party/LwIP/src/core/tcp.c ****  */
 637:Middlewares/Third_Party/LwIP/src/core/tcp.c **** void
 638:Middlewares/Third_Party/LwIP/src/core/tcp.c **** tcp_abort(struct tcp_pcb *pcb)
 639:Middlewares/Third_Party/LwIP/src/core/tcp.c **** {
 640:Middlewares/Third_Party/LwIP/src/core/tcp.c ****   tcp_abandon(pcb, 1);
 641:Middlewares/Third_Party/LwIP/src/core/tcp.c **** }
 642:Middlewares/Third_Party/LwIP/src/core/tcp.c **** 
 643:Middlewares/Third_Party/LwIP/src/core/tcp.c **** /**
 644:Middlewares/Third_Party/LwIP/src/core/tcp.c ****  * @ingroup tcp_raw
 645:Middlewares/Third_Party/LwIP/src/core/tcp.c ****  * Binds the connection to a local port number and IP address. If the
 646:Middlewares/Third_Party/LwIP/src/core/tcp.c ****  * IP address is not given (i.e., ipaddr == IP_ANY_TYPE), the connection is
 647:Middlewares/Third_Party/LwIP/src/core/tcp.c ****  * bound to all local IP addresses.
 648:Middlewares/Third_Party/LwIP/src/core/tcp.c ****  * If another connection is bound to the same port, the function will
 649:Middlewares/Third_Party/LwIP/src/core/tcp.c ****  * return ERR_USE, otherwise ERR_OK is returned.
 650:Middlewares/Third_Party/LwIP/src/core/tcp.c ****  *
 651:Middlewares/Third_Party/LwIP/src/core/tcp.c ****  * @param pcb the tcp_pcb to bind (no check is done whether this pcb is
 652:Middlewares/Third_Party/LwIP/src/core/tcp.c ****  *        already bound!)
 653:Middlewares/Third_Party/LwIP/src/core/tcp.c ****  * @param ipaddr the local ip address to bind to (use IPx_ADDR_ANY to bind
 654:Middlewares/Third_Party/LwIP/src/core/tcp.c ****  *        to any local address
 655:Middlewares/Third_Party/LwIP/src/core/tcp.c ****  * @param port the local port to bind to
 656:Middlewares/Third_Party/LwIP/src/core/tcp.c ****  * @return ERR_USE if the port is already in use
 657:Middlewares/Third_Party/LwIP/src/core/tcp.c ****  *         ERR_VAL if bind failed because the PCB is not in a valid state
 658:Middlewares/Third_Party/LwIP/src/core/tcp.c ****  *         ERR_OK if bound
ARM GAS  /tmp/ccN9yVzV.s 			page 13


 659:Middlewares/Third_Party/LwIP/src/core/tcp.c ****  */
 660:Middlewares/Third_Party/LwIP/src/core/tcp.c **** err_t
 661:Middlewares/Third_Party/LwIP/src/core/tcp.c **** tcp_bind(struct tcp_pcb *pcb, const ip_addr_t *ipaddr, u16_t port)
 662:Middlewares/Third_Party/LwIP/src/core/tcp.c **** {
 663:Middlewares/Third_Party/LwIP/src/core/tcp.c ****   int i;
 664:Middlewares/Third_Party/LwIP/src/core/tcp.c ****   int max_pcb_list = NUM_TCP_PCB_LISTS;
 665:Middlewares/Third_Party/LwIP/src/core/tcp.c ****   struct tcp_pcb *cpcb;
 666:Middlewares/Third_Party/LwIP/src/core/tcp.c **** #if LWIP_IPV6 && LWIP_IPV6_SCOPES
 667:Middlewares/Third_Party/LwIP/src/core/tcp.c ****   ip_addr_t zoned_ipaddr;
 668:Middlewares/Third_Party/LwIP/src/core/tcp.c **** #endif /* LWIP_IPV6 && LWIP_IPV6_SCOPES */
 669:Middlewares/Third_Party/LwIP/src/core/tcp.c **** 
 670:Middlewares/Third_Party/LwIP/src/core/tcp.c ****   LWIP_ASSERT_CORE_LOCKED();
 671:Middlewares/Third_Party/LwIP/src/core/tcp.c **** 
 672:Middlewares/Third_Party/LwIP/src/core/tcp.c **** #if LWIP_IPV4
 673:Middlewares/Third_Party/LwIP/src/core/tcp.c ****   /* Don't propagate NULL pointer (IPv4 ANY) to subsequent functions */
 674:Middlewares/Third_Party/LwIP/src/core/tcp.c ****   if (ipaddr == NULL) {
 675:Middlewares/Third_Party/LwIP/src/core/tcp.c ****     ipaddr = IP4_ADDR_ANY;
 676:Middlewares/Third_Party/LwIP/src/core/tcp.c ****   }
 677:Middlewares/Third_Party/LwIP/src/core/tcp.c **** #else /* LWIP_IPV4 */
 678:Middlewares/Third_Party/LwIP/src/core/tcp.c ****   LWIP_ERROR("tcp_bind: invalid ipaddr", ipaddr != NULL, return ERR_ARG);
 679:Middlewares/Third_Party/LwIP/src/core/tcp.c **** #endif /* LWIP_IPV4 */
 680:Middlewares/Third_Party/LwIP/src/core/tcp.c **** 
 681:Middlewares/Third_Party/LwIP/src/core/tcp.c ****   LWIP_ERROR("tcp_bind: invalid pcb", pcb != NULL, return ERR_ARG);
 682:Middlewares/Third_Party/LwIP/src/core/tcp.c **** 
 683:Middlewares/Third_Party/LwIP/src/core/tcp.c ****   LWIP_ERROR("tcp_bind: can only bind in state CLOSED", pcb->state == CLOSED, return ERR_VAL);
 684:Middlewares/Third_Party/LwIP/src/core/tcp.c **** 
 685:Middlewares/Third_Party/LwIP/src/core/tcp.c **** #if SO_REUSE
 686:Middlewares/Third_Party/LwIP/src/core/tcp.c ****   /* Unless the REUSEADDR flag is set,
 687:Middlewares/Third_Party/LwIP/src/core/tcp.c ****      we have to check the pcbs in TIME-WAIT state, also.
 688:Middlewares/Third_Party/LwIP/src/core/tcp.c ****      We do not dump TIME_WAIT pcb's; they can still be matched by incoming
 689:Middlewares/Third_Party/LwIP/src/core/tcp.c ****      packets using both local and remote IP addresses and ports to distinguish.
 690:Middlewares/Third_Party/LwIP/src/core/tcp.c ****    */
 691:Middlewares/Third_Party/LwIP/src/core/tcp.c ****   if (ip_get_option(pcb, SOF_REUSEADDR)) {
 692:Middlewares/Third_Party/LwIP/src/core/tcp.c ****     max_pcb_list = NUM_TCP_PCB_LISTS_NO_TIME_WAIT;
 693:Middlewares/Third_Party/LwIP/src/core/tcp.c ****   }
 694:Middlewares/Third_Party/LwIP/src/core/tcp.c **** #endif /* SO_REUSE */
 695:Middlewares/Third_Party/LwIP/src/core/tcp.c **** 
 696:Middlewares/Third_Party/LwIP/src/core/tcp.c **** #if LWIP_IPV6 && LWIP_IPV6_SCOPES
 697:Middlewares/Third_Party/LwIP/src/core/tcp.c ****   /* If the given IP address should have a zone but doesn't, assign one now.
 698:Middlewares/Third_Party/LwIP/src/core/tcp.c ****    * This is legacy support: scope-aware callers should always provide properly
 699:Middlewares/Third_Party/LwIP/src/core/tcp.c ****    * zoned source addresses. Do the zone selection before the address-in-use
 700:Middlewares/Third_Party/LwIP/src/core/tcp.c ****    * check below; as such we have to make a temporary copy of the address. */
 701:Middlewares/Third_Party/LwIP/src/core/tcp.c ****   if (IP_IS_V6(ipaddr) && ip6_addr_lacks_zone(ip_2_ip6(ipaddr), IP6_UNICAST)) {
 702:Middlewares/Third_Party/LwIP/src/core/tcp.c ****     ip_addr_copy(zoned_ipaddr, *ipaddr);
 703:Middlewares/Third_Party/LwIP/src/core/tcp.c ****     ip6_addr_select_zone(ip_2_ip6(&zoned_ipaddr), ip_2_ip6(&zoned_ipaddr));
 704:Middlewares/Third_Party/LwIP/src/core/tcp.c ****     ipaddr = &zoned_ipaddr;
 705:Middlewares/Third_Party/LwIP/src/core/tcp.c ****   }
 706:Middlewares/Third_Party/LwIP/src/core/tcp.c **** #endif /* LWIP_IPV6 && LWIP_IPV6_SCOPES */
 707:Middlewares/Third_Party/LwIP/src/core/tcp.c **** 
 708:Middlewares/Third_Party/LwIP/src/core/tcp.c ****   if (port == 0) {
 709:Middlewares/Third_Party/LwIP/src/core/tcp.c ****     port = tcp_new_port();
 710:Middlewares/Third_Party/LwIP/src/core/tcp.c ****     if (port == 0) {
 711:Middlewares/Third_Party/LwIP/src/core/tcp.c ****       return ERR_BUF;
 712:Middlewares/Third_Party/LwIP/src/core/tcp.c ****     }
 713:Middlewares/Third_Party/LwIP/src/core/tcp.c ****   } else {
 714:Middlewares/Third_Party/LwIP/src/core/tcp.c ****     /* Check if the address already is in use (on all lists) */
 715:Middlewares/Third_Party/LwIP/src/core/tcp.c ****     for (i = 0; i < max_pcb_list; i++) {
ARM GAS  /tmp/ccN9yVzV.s 			page 14


 716:Middlewares/Third_Party/LwIP/src/core/tcp.c ****       for (cpcb = *tcp_pcb_lists[i]; cpcb != NULL; cpcb = cpcb->next) {
 717:Middlewares/Third_Party/LwIP/src/core/tcp.c ****         if (cpcb->local_port == port) {
 718:Middlewares/Third_Party/LwIP/src/core/tcp.c **** #if SO_REUSE
 719:Middlewares/Third_Party/LwIP/src/core/tcp.c ****           /* Omit checking for the same port if both pcbs have REUSEADDR set.
 720:Middlewares/Third_Party/LwIP/src/core/tcp.c ****              For SO_REUSEADDR, the duplicate-check for a 5-tuple is done in
 721:Middlewares/Third_Party/LwIP/src/core/tcp.c ****              tcp_connect. */
 722:Middlewares/Third_Party/LwIP/src/core/tcp.c ****           if (!ip_get_option(pcb, SOF_REUSEADDR) ||
 723:Middlewares/Third_Party/LwIP/src/core/tcp.c ****               !ip_get_option(cpcb, SOF_REUSEADDR))
 724:Middlewares/Third_Party/LwIP/src/core/tcp.c **** #endif /* SO_REUSE */
 725:Middlewares/Third_Party/LwIP/src/core/tcp.c ****           {
 726:Middlewares/Third_Party/LwIP/src/core/tcp.c ****             /* @todo: check accept_any_ip_version */
 727:Middlewares/Third_Party/LwIP/src/core/tcp.c ****             if ((IP_IS_V6(ipaddr) == IP_IS_V6_VAL(cpcb->local_ip)) &&
 728:Middlewares/Third_Party/LwIP/src/core/tcp.c ****                 (ip_addr_isany(&cpcb->local_ip) ||
 729:Middlewares/Third_Party/LwIP/src/core/tcp.c ****                  ip_addr_isany(ipaddr) ||
 730:Middlewares/Third_Party/LwIP/src/core/tcp.c ****                  ip_addr_cmp(&cpcb->local_ip, ipaddr))) {
 731:Middlewares/Third_Party/LwIP/src/core/tcp.c ****               return ERR_USE;
 732:Middlewares/Third_Party/LwIP/src/core/tcp.c ****             }
 733:Middlewares/Third_Party/LwIP/src/core/tcp.c ****           }
 734:Middlewares/Third_Party/LwIP/src/core/tcp.c ****         }
 735:Middlewares/Third_Party/LwIP/src/core/tcp.c ****       }
 736:Middlewares/Third_Party/LwIP/src/core/tcp.c ****     }
 737:Middlewares/Third_Party/LwIP/src/core/tcp.c ****   }
 738:Middlewares/Third_Party/LwIP/src/core/tcp.c **** 
 739:Middlewares/Third_Party/LwIP/src/core/tcp.c ****   if (!ip_addr_isany(ipaddr)
 740:Middlewares/Third_Party/LwIP/src/core/tcp.c **** #if LWIP_IPV4 && LWIP_IPV6
 741:Middlewares/Third_Party/LwIP/src/core/tcp.c ****       || (IP_GET_TYPE(ipaddr) != IP_GET_TYPE(&pcb->local_ip))
 742:Middlewares/Third_Party/LwIP/src/core/tcp.c **** #endif /* LWIP_IPV4 && LWIP_IPV6 */
 743:Middlewares/Third_Party/LwIP/src/core/tcp.c ****      ) {
 744:Middlewares/Third_Party/LwIP/src/core/tcp.c ****     ip_addr_set(&pcb->local_ip, ipaddr);
 745:Middlewares/Third_Party/LwIP/src/core/tcp.c ****   }
 746:Middlewares/Third_Party/LwIP/src/core/tcp.c ****   pcb->local_port = port;
 747:Middlewares/Third_Party/LwIP/src/core/tcp.c ****   TCP_REG(&tcp_bound_pcbs, pcb);
 748:Middlewares/Third_Party/LwIP/src/core/tcp.c ****   LWIP_DEBUGF(TCP_DEBUG, ("tcp_bind: bind to port %"U16_F"\n", port));
 749:Middlewares/Third_Party/LwIP/src/core/tcp.c ****   return ERR_OK;
 750:Middlewares/Third_Party/LwIP/src/core/tcp.c **** }
 751:Middlewares/Third_Party/LwIP/src/core/tcp.c **** 
 752:Middlewares/Third_Party/LwIP/src/core/tcp.c **** /**
 753:Middlewares/Third_Party/LwIP/src/core/tcp.c ****  * @ingroup tcp_raw
 754:Middlewares/Third_Party/LwIP/src/core/tcp.c ****  * Binds the connection to a netif and IP address.
 755:Middlewares/Third_Party/LwIP/src/core/tcp.c ****  * After calling this function, all packets received via this PCB
 756:Middlewares/Third_Party/LwIP/src/core/tcp.c ****  * are guaranteed to have come in via the specified netif, and all
 757:Middlewares/Third_Party/LwIP/src/core/tcp.c ****  * outgoing packets will go out via the specified netif.
 758:Middlewares/Third_Party/LwIP/src/core/tcp.c ****  *
 759:Middlewares/Third_Party/LwIP/src/core/tcp.c ****  * @param pcb the tcp_pcb to bind.
 760:Middlewares/Third_Party/LwIP/src/core/tcp.c ****  * @param netif the netif to bind to. Can be NULL.
 761:Middlewares/Third_Party/LwIP/src/core/tcp.c ****  */
 762:Middlewares/Third_Party/LwIP/src/core/tcp.c **** void
 763:Middlewares/Third_Party/LwIP/src/core/tcp.c **** tcp_bind_netif(struct tcp_pcb *pcb, const struct netif *netif)
 764:Middlewares/Third_Party/LwIP/src/core/tcp.c **** {
 765:Middlewares/Third_Party/LwIP/src/core/tcp.c ****   LWIP_ASSERT_CORE_LOCKED();
 766:Middlewares/Third_Party/LwIP/src/core/tcp.c ****   if (netif != NULL) {
 767:Middlewares/Third_Party/LwIP/src/core/tcp.c ****     pcb->netif_idx = netif_get_index(netif);
 768:Middlewares/Third_Party/LwIP/src/core/tcp.c ****   } else {
 769:Middlewares/Third_Party/LwIP/src/core/tcp.c ****     pcb->netif_idx = NETIF_NO_INDEX;
 770:Middlewares/Third_Party/LwIP/src/core/tcp.c ****   }
 771:Middlewares/Third_Party/LwIP/src/core/tcp.c **** }
 772:Middlewares/Third_Party/LwIP/src/core/tcp.c **** 
ARM GAS  /tmp/ccN9yVzV.s 			page 15


 773:Middlewares/Third_Party/LwIP/src/core/tcp.c **** #if LWIP_CALLBACK_API
 774:Middlewares/Third_Party/LwIP/src/core/tcp.c **** /**
 775:Middlewares/Third_Party/LwIP/src/core/tcp.c ****  * Default accept callback if no accept callback is specified by the user.
 776:Middlewares/Third_Party/LwIP/src/core/tcp.c ****  */
 777:Middlewares/Third_Party/LwIP/src/core/tcp.c **** static err_t
 778:Middlewares/Third_Party/LwIP/src/core/tcp.c **** tcp_accept_null(void *arg, struct tcp_pcb *pcb, err_t err)
 779:Middlewares/Third_Party/LwIP/src/core/tcp.c **** {
 780:Middlewares/Third_Party/LwIP/src/core/tcp.c ****   LWIP_UNUSED_ARG(arg);
 781:Middlewares/Third_Party/LwIP/src/core/tcp.c ****   LWIP_UNUSED_ARG(err);
 782:Middlewares/Third_Party/LwIP/src/core/tcp.c **** 
 783:Middlewares/Third_Party/LwIP/src/core/tcp.c ****   LWIP_ASSERT("tcp_accept_null: invalid pcb", pcb != NULL);
 784:Middlewares/Third_Party/LwIP/src/core/tcp.c **** 
 785:Middlewares/Third_Party/LwIP/src/core/tcp.c ****   tcp_abort(pcb);
 786:Middlewares/Third_Party/LwIP/src/core/tcp.c **** 
 787:Middlewares/Third_Party/LwIP/src/core/tcp.c ****   return ERR_ABRT;
 788:Middlewares/Third_Party/LwIP/src/core/tcp.c **** }
 789:Middlewares/Third_Party/LwIP/src/core/tcp.c **** #endif /* LWIP_CALLBACK_API */
 790:Middlewares/Third_Party/LwIP/src/core/tcp.c **** 
 791:Middlewares/Third_Party/LwIP/src/core/tcp.c **** /**
 792:Middlewares/Third_Party/LwIP/src/core/tcp.c ****  * @ingroup tcp_raw
 793:Middlewares/Third_Party/LwIP/src/core/tcp.c ****  * Set the state of the connection to be LISTEN, which means that it
 794:Middlewares/Third_Party/LwIP/src/core/tcp.c ****  * is able to accept incoming connections. The protocol control block
 795:Middlewares/Third_Party/LwIP/src/core/tcp.c ****  * is reallocated in order to consume less memory. Setting the
 796:Middlewares/Third_Party/LwIP/src/core/tcp.c ****  * connection to LISTEN is an irreversible process.
 797:Middlewares/Third_Party/LwIP/src/core/tcp.c ****  * When an incoming connection is accepted, the function specified with
 798:Middlewares/Third_Party/LwIP/src/core/tcp.c ****  * the tcp_accept() function will be called. The pcb has to be bound
 799:Middlewares/Third_Party/LwIP/src/core/tcp.c ****  * to a local port with the tcp_bind() function.
 800:Middlewares/Third_Party/LwIP/src/core/tcp.c ****  * 
 801:Middlewares/Third_Party/LwIP/src/core/tcp.c ****  * The tcp_listen() function returns a new connection identifier, and
 802:Middlewares/Third_Party/LwIP/src/core/tcp.c ****  * the one passed as an argument to the function will be
 803:Middlewares/Third_Party/LwIP/src/core/tcp.c ****  * deallocated. The reason for this behavior is that less memory is
 804:Middlewares/Third_Party/LwIP/src/core/tcp.c ****  * needed for a connection that is listening, so tcp_listen() will
 805:Middlewares/Third_Party/LwIP/src/core/tcp.c ****  * reclaim the memory needed for the original connection and allocate a
 806:Middlewares/Third_Party/LwIP/src/core/tcp.c ****  * new smaller memory block for the listening connection.
 807:Middlewares/Third_Party/LwIP/src/core/tcp.c ****  *
 808:Middlewares/Third_Party/LwIP/src/core/tcp.c ****  * tcp_listen() may return NULL if no memory was available for the
 809:Middlewares/Third_Party/LwIP/src/core/tcp.c ****  * listening connection. If so, the memory associated with the pcb
 810:Middlewares/Third_Party/LwIP/src/core/tcp.c ****  * passed as an argument to tcp_listen() will not be deallocated.
 811:Middlewares/Third_Party/LwIP/src/core/tcp.c ****  *
 812:Middlewares/Third_Party/LwIP/src/core/tcp.c ****  * The backlog limits the number of outstanding connections
 813:Middlewares/Third_Party/LwIP/src/core/tcp.c ****  * in the listen queue to the value specified by the backlog argument.
 814:Middlewares/Third_Party/LwIP/src/core/tcp.c ****  * To use it, your need to set TCP_LISTEN_BACKLOG=1 in your lwipopts.h.
 815:Middlewares/Third_Party/LwIP/src/core/tcp.c ****  * 
 816:Middlewares/Third_Party/LwIP/src/core/tcp.c ****  * @param pcb the original tcp_pcb
 817:Middlewares/Third_Party/LwIP/src/core/tcp.c ****  * @param backlog the incoming connections queue limit
 818:Middlewares/Third_Party/LwIP/src/core/tcp.c ****  * @return tcp_pcb used for listening, consumes less memory.
 819:Middlewares/Third_Party/LwIP/src/core/tcp.c ****  *
 820:Middlewares/Third_Party/LwIP/src/core/tcp.c ****  * @note The original tcp_pcb is freed. This function therefore has to be
 821:Middlewares/Third_Party/LwIP/src/core/tcp.c ****  *       called like this:
 822:Middlewares/Third_Party/LwIP/src/core/tcp.c ****  *             tpcb = tcp_listen_with_backlog(tpcb, backlog);
 823:Middlewares/Third_Party/LwIP/src/core/tcp.c ****  */
 824:Middlewares/Third_Party/LwIP/src/core/tcp.c **** struct tcp_pcb *
 825:Middlewares/Third_Party/LwIP/src/core/tcp.c **** tcp_listen_with_backlog(struct tcp_pcb *pcb, u8_t backlog)
 826:Middlewares/Third_Party/LwIP/src/core/tcp.c **** {
 827:Middlewares/Third_Party/LwIP/src/core/tcp.c ****   LWIP_ASSERT_CORE_LOCKED();
 828:Middlewares/Third_Party/LwIP/src/core/tcp.c ****   return tcp_listen_with_backlog_and_err(pcb, backlog, NULL);
 829:Middlewares/Third_Party/LwIP/src/core/tcp.c **** }
ARM GAS  /tmp/ccN9yVzV.s 			page 16


 830:Middlewares/Third_Party/LwIP/src/core/tcp.c **** 
 831:Middlewares/Third_Party/LwIP/src/core/tcp.c **** /**
 832:Middlewares/Third_Party/LwIP/src/core/tcp.c ****  * @ingroup tcp_raw
 833:Middlewares/Third_Party/LwIP/src/core/tcp.c ****  * Set the state of the connection to be LISTEN, which means that it
 834:Middlewares/Third_Party/LwIP/src/core/tcp.c ****  * is able to accept incoming connections. The protocol control block
 835:Middlewares/Third_Party/LwIP/src/core/tcp.c ****  * is reallocated in order to consume less memory. Setting the
 836:Middlewares/Third_Party/LwIP/src/core/tcp.c ****  * connection to LISTEN is an irreversible process.
 837:Middlewares/Third_Party/LwIP/src/core/tcp.c ****  *
 838:Middlewares/Third_Party/LwIP/src/core/tcp.c ****  * @param pcb the original tcp_pcb
 839:Middlewares/Third_Party/LwIP/src/core/tcp.c ****  * @param backlog the incoming connections queue limit
 840:Middlewares/Third_Party/LwIP/src/core/tcp.c ****  * @param err when NULL is returned, this contains the error reason
 841:Middlewares/Third_Party/LwIP/src/core/tcp.c ****  * @return tcp_pcb used for listening, consumes less memory.
 842:Middlewares/Third_Party/LwIP/src/core/tcp.c ****  *
 843:Middlewares/Third_Party/LwIP/src/core/tcp.c ****  * @note The original tcp_pcb is freed. This function therefore has to be
 844:Middlewares/Third_Party/LwIP/src/core/tcp.c ****  *       called like this:
 845:Middlewares/Third_Party/LwIP/src/core/tcp.c ****  *             tpcb = tcp_listen_with_backlog_and_err(tpcb, backlog, &err);
 846:Middlewares/Third_Party/LwIP/src/core/tcp.c ****  */
 847:Middlewares/Third_Party/LwIP/src/core/tcp.c **** struct tcp_pcb *
 848:Middlewares/Third_Party/LwIP/src/core/tcp.c **** tcp_listen_with_backlog_and_err(struct tcp_pcb *pcb, u8_t backlog, err_t *err)
 849:Middlewares/Third_Party/LwIP/src/core/tcp.c **** {
 850:Middlewares/Third_Party/LwIP/src/core/tcp.c ****   struct tcp_pcb_listen *lpcb = NULL;
 851:Middlewares/Third_Party/LwIP/src/core/tcp.c ****   err_t res;
 852:Middlewares/Third_Party/LwIP/src/core/tcp.c **** 
 853:Middlewares/Third_Party/LwIP/src/core/tcp.c ****   LWIP_UNUSED_ARG(backlog);
 854:Middlewares/Third_Party/LwIP/src/core/tcp.c **** 
 855:Middlewares/Third_Party/LwIP/src/core/tcp.c ****   LWIP_ASSERT_CORE_LOCKED();
 856:Middlewares/Third_Party/LwIP/src/core/tcp.c **** 
 857:Middlewares/Third_Party/LwIP/src/core/tcp.c ****   LWIP_ERROR("tcp_listen_with_backlog_and_err: invalid pcb", pcb != NULL, res = ERR_ARG; goto done)
 858:Middlewares/Third_Party/LwIP/src/core/tcp.c ****   LWIP_ERROR("tcp_listen_with_backlog_and_err: pcb already connected", pcb->state == CLOSED, res = 
 859:Middlewares/Third_Party/LwIP/src/core/tcp.c **** 
 860:Middlewares/Third_Party/LwIP/src/core/tcp.c ****   /* already listening? */
 861:Middlewares/Third_Party/LwIP/src/core/tcp.c ****   if (pcb->state == LISTEN) {
 862:Middlewares/Third_Party/LwIP/src/core/tcp.c ****     lpcb = (struct tcp_pcb_listen *)pcb;
 863:Middlewares/Third_Party/LwIP/src/core/tcp.c ****     res = ERR_ALREADY;
 864:Middlewares/Third_Party/LwIP/src/core/tcp.c ****     goto done;
 865:Middlewares/Third_Party/LwIP/src/core/tcp.c ****   }
 866:Middlewares/Third_Party/LwIP/src/core/tcp.c **** #if SO_REUSE
 867:Middlewares/Third_Party/LwIP/src/core/tcp.c ****   if (ip_get_option(pcb, SOF_REUSEADDR)) {
 868:Middlewares/Third_Party/LwIP/src/core/tcp.c ****     /* Since SOF_REUSEADDR allows reusing a local address before the pcb's usage
 869:Middlewares/Third_Party/LwIP/src/core/tcp.c ****        is declared (listen-/connection-pcb), we have to make sure now that
 870:Middlewares/Third_Party/LwIP/src/core/tcp.c ****        this port is only used once for every local IP. */
 871:Middlewares/Third_Party/LwIP/src/core/tcp.c ****     for (lpcb = tcp_listen_pcbs.listen_pcbs; lpcb != NULL; lpcb = lpcb->next) {
 872:Middlewares/Third_Party/LwIP/src/core/tcp.c ****       if ((lpcb->local_port == pcb->local_port) &&
 873:Middlewares/Third_Party/LwIP/src/core/tcp.c ****           ip_addr_cmp(&lpcb->local_ip, &pcb->local_ip)) {
 874:Middlewares/Third_Party/LwIP/src/core/tcp.c ****         /* this address/port is already used */
 875:Middlewares/Third_Party/LwIP/src/core/tcp.c ****         lpcb = NULL;
 876:Middlewares/Third_Party/LwIP/src/core/tcp.c ****         res = ERR_USE;
 877:Middlewares/Third_Party/LwIP/src/core/tcp.c ****         goto done;
 878:Middlewares/Third_Party/LwIP/src/core/tcp.c ****       }
 879:Middlewares/Third_Party/LwIP/src/core/tcp.c ****     }
 880:Middlewares/Third_Party/LwIP/src/core/tcp.c ****   }
 881:Middlewares/Third_Party/LwIP/src/core/tcp.c **** #endif /* SO_REUSE */
 882:Middlewares/Third_Party/LwIP/src/core/tcp.c ****   lpcb = (struct tcp_pcb_listen *)memp_malloc(MEMP_TCP_PCB_LISTEN);
 883:Middlewares/Third_Party/LwIP/src/core/tcp.c ****   if (lpcb == NULL) {
 884:Middlewares/Third_Party/LwIP/src/core/tcp.c ****     res = ERR_MEM;
 885:Middlewares/Third_Party/LwIP/src/core/tcp.c ****     goto done;
 886:Middlewares/Third_Party/LwIP/src/core/tcp.c ****   }
ARM GAS  /tmp/ccN9yVzV.s 			page 17


 887:Middlewares/Third_Party/LwIP/src/core/tcp.c ****   lpcb->callback_arg = pcb->callback_arg;
 888:Middlewares/Third_Party/LwIP/src/core/tcp.c ****   lpcb->local_port = pcb->local_port;
 889:Middlewares/Third_Party/LwIP/src/core/tcp.c ****   lpcb->state = LISTEN;
 890:Middlewares/Third_Party/LwIP/src/core/tcp.c ****   lpcb->prio = pcb->prio;
 891:Middlewares/Third_Party/LwIP/src/core/tcp.c ****   lpcb->so_options = pcb->so_options;
 892:Middlewares/Third_Party/LwIP/src/core/tcp.c ****   lpcb->netif_idx = NETIF_NO_INDEX;
 893:Middlewares/Third_Party/LwIP/src/core/tcp.c ****   lpcb->ttl = pcb->ttl;
 894:Middlewares/Third_Party/LwIP/src/core/tcp.c ****   lpcb->tos = pcb->tos;
 895:Middlewares/Third_Party/LwIP/src/core/tcp.c **** #if LWIP_IPV4 && LWIP_IPV6
 896:Middlewares/Third_Party/LwIP/src/core/tcp.c ****   IP_SET_TYPE_VAL(lpcb->remote_ip, pcb->local_ip.type);
 897:Middlewares/Third_Party/LwIP/src/core/tcp.c **** #endif /* LWIP_IPV4 && LWIP_IPV6 */
 898:Middlewares/Third_Party/LwIP/src/core/tcp.c ****   ip_addr_copy(lpcb->local_ip, pcb->local_ip);
 899:Middlewares/Third_Party/LwIP/src/core/tcp.c ****   if (pcb->local_port != 0) {
 900:Middlewares/Third_Party/LwIP/src/core/tcp.c ****     TCP_RMV(&tcp_bound_pcbs, pcb);
 901:Middlewares/Third_Party/LwIP/src/core/tcp.c ****   }
 902:Middlewares/Third_Party/LwIP/src/core/tcp.c **** #if LWIP_TCP_PCB_NUM_EXT_ARGS
 903:Middlewares/Third_Party/LwIP/src/core/tcp.c ****   /* copy over ext_args to listening pcb  */
 904:Middlewares/Third_Party/LwIP/src/core/tcp.c ****   memcpy(&lpcb->ext_args, &pcb->ext_args, sizeof(pcb->ext_args));
 905:Middlewares/Third_Party/LwIP/src/core/tcp.c **** #endif
 906:Middlewares/Third_Party/LwIP/src/core/tcp.c ****   tcp_free(pcb);
 907:Middlewares/Third_Party/LwIP/src/core/tcp.c **** #if LWIP_CALLBACK_API
 908:Middlewares/Third_Party/LwIP/src/core/tcp.c ****   lpcb->accept = tcp_accept_null;
 909:Middlewares/Third_Party/LwIP/src/core/tcp.c **** #endif /* LWIP_CALLBACK_API */
 910:Middlewares/Third_Party/LwIP/src/core/tcp.c **** #if TCP_LISTEN_BACKLOG
 911:Middlewares/Third_Party/LwIP/src/core/tcp.c ****   lpcb->accepts_pending = 0;
 912:Middlewares/Third_Party/LwIP/src/core/tcp.c ****   tcp_backlog_set(lpcb, backlog);
 913:Middlewares/Third_Party/LwIP/src/core/tcp.c **** #endif /* TCP_LISTEN_BACKLOG */
 914:Middlewares/Third_Party/LwIP/src/core/tcp.c ****   TCP_REG(&tcp_listen_pcbs.pcbs, (struct tcp_pcb *)lpcb);
 915:Middlewares/Third_Party/LwIP/src/core/tcp.c ****   res = ERR_OK;
 916:Middlewares/Third_Party/LwIP/src/core/tcp.c **** done:
 917:Middlewares/Third_Party/LwIP/src/core/tcp.c ****   if (err != NULL) {
 918:Middlewares/Third_Party/LwIP/src/core/tcp.c ****     *err = res;
 919:Middlewares/Third_Party/LwIP/src/core/tcp.c ****   }
 920:Middlewares/Third_Party/LwIP/src/core/tcp.c ****   return (struct tcp_pcb *)lpcb;
 921:Middlewares/Third_Party/LwIP/src/core/tcp.c **** }
 922:Middlewares/Third_Party/LwIP/src/core/tcp.c **** 
 923:Middlewares/Third_Party/LwIP/src/core/tcp.c **** /**
 924:Middlewares/Third_Party/LwIP/src/core/tcp.c ****  * Update the state that tracks the available window space to advertise.
 925:Middlewares/Third_Party/LwIP/src/core/tcp.c ****  *
 926:Middlewares/Third_Party/LwIP/src/core/tcp.c ****  * Returns how much extra window would be advertised if we sent an
 927:Middlewares/Third_Party/LwIP/src/core/tcp.c ****  * update now.
 928:Middlewares/Third_Party/LwIP/src/core/tcp.c ****  */
 929:Middlewares/Third_Party/LwIP/src/core/tcp.c **** u32_t
 930:Middlewares/Third_Party/LwIP/src/core/tcp.c **** tcp_update_rcv_ann_wnd(struct tcp_pcb *pcb)
 931:Middlewares/Third_Party/LwIP/src/core/tcp.c **** {
 932:Middlewares/Third_Party/LwIP/src/core/tcp.c ****   u32_t new_right_edge;
 933:Middlewares/Third_Party/LwIP/src/core/tcp.c **** 
 934:Middlewares/Third_Party/LwIP/src/core/tcp.c ****   LWIP_ASSERT("tcp_update_rcv_ann_wnd: invalid pcb", pcb != NULL);
 935:Middlewares/Third_Party/LwIP/src/core/tcp.c ****   new_right_edge = pcb->rcv_nxt + pcb->rcv_wnd;
 936:Middlewares/Third_Party/LwIP/src/core/tcp.c **** 
 937:Middlewares/Third_Party/LwIP/src/core/tcp.c ****   if (TCP_SEQ_GEQ(new_right_edge, pcb->rcv_ann_right_edge + LWIP_MIN((TCP_WND / 2), pcb->mss))) {
 938:Middlewares/Third_Party/LwIP/src/core/tcp.c ****     /* we can advertise more window */
 939:Middlewares/Third_Party/LwIP/src/core/tcp.c ****     pcb->rcv_ann_wnd = pcb->rcv_wnd;
 940:Middlewares/Third_Party/LwIP/src/core/tcp.c ****     return new_right_edge - pcb->rcv_ann_right_edge;
 941:Middlewares/Third_Party/LwIP/src/core/tcp.c ****   } else {
 942:Middlewares/Third_Party/LwIP/src/core/tcp.c ****     if (TCP_SEQ_GT(pcb->rcv_nxt, pcb->rcv_ann_right_edge)) {
 943:Middlewares/Third_Party/LwIP/src/core/tcp.c ****       /* Can happen due to other end sending out of advertised window,
ARM GAS  /tmp/ccN9yVzV.s 			page 18


 944:Middlewares/Third_Party/LwIP/src/core/tcp.c ****        * but within actual available (but not yet advertised) window */
 945:Middlewares/Third_Party/LwIP/src/core/tcp.c ****       pcb->rcv_ann_wnd = 0;
 946:Middlewares/Third_Party/LwIP/src/core/tcp.c ****     } else {
 947:Middlewares/Third_Party/LwIP/src/core/tcp.c ****       /* keep the right edge of window constant */
 948:Middlewares/Third_Party/LwIP/src/core/tcp.c ****       u32_t new_rcv_ann_wnd = pcb->rcv_ann_right_edge - pcb->rcv_nxt;
 949:Middlewares/Third_Party/LwIP/src/core/tcp.c **** #if !LWIP_WND_SCALE
 950:Middlewares/Third_Party/LwIP/src/core/tcp.c ****       LWIP_ASSERT("new_rcv_ann_wnd <= 0xffff", new_rcv_ann_wnd <= 0xffff);
 951:Middlewares/Third_Party/LwIP/src/core/tcp.c **** #endif
 952:Middlewares/Third_Party/LwIP/src/core/tcp.c ****       pcb->rcv_ann_wnd = (tcpwnd_size_t)new_rcv_ann_wnd;
 953:Middlewares/Third_Party/LwIP/src/core/tcp.c ****     }
 954:Middlewares/Third_Party/LwIP/src/core/tcp.c ****     return 0;
 955:Middlewares/Third_Party/LwIP/src/core/tcp.c ****   }
 956:Middlewares/Third_Party/LwIP/src/core/tcp.c **** }
 957:Middlewares/Third_Party/LwIP/src/core/tcp.c **** 
 958:Middlewares/Third_Party/LwIP/src/core/tcp.c **** /**
 959:Middlewares/Third_Party/LwIP/src/core/tcp.c ****  * @ingroup tcp_raw
 960:Middlewares/Third_Party/LwIP/src/core/tcp.c ****  * This function should be called by the application when it has
 961:Middlewares/Third_Party/LwIP/src/core/tcp.c ****  * processed the data. The purpose is to advertise a larger window
 962:Middlewares/Third_Party/LwIP/src/core/tcp.c ****  * when the data has been processed.
 963:Middlewares/Third_Party/LwIP/src/core/tcp.c ****  *
 964:Middlewares/Third_Party/LwIP/src/core/tcp.c ****  * @param pcb the tcp_pcb for which data is read
 965:Middlewares/Third_Party/LwIP/src/core/tcp.c ****  * @param len the amount of bytes that have been read by the application
 966:Middlewares/Third_Party/LwIP/src/core/tcp.c ****  */
 967:Middlewares/Third_Party/LwIP/src/core/tcp.c **** void
 968:Middlewares/Third_Party/LwIP/src/core/tcp.c **** tcp_recved(struct tcp_pcb *pcb, u16_t len)
 969:Middlewares/Third_Party/LwIP/src/core/tcp.c **** {
 970:Middlewares/Third_Party/LwIP/src/core/tcp.c ****   u32_t wnd_inflation;
 971:Middlewares/Third_Party/LwIP/src/core/tcp.c ****   tcpwnd_size_t rcv_wnd;
 972:Middlewares/Third_Party/LwIP/src/core/tcp.c **** 
 973:Middlewares/Third_Party/LwIP/src/core/tcp.c ****   LWIP_ASSERT_CORE_LOCKED();
 974:Middlewares/Third_Party/LwIP/src/core/tcp.c **** 
 975:Middlewares/Third_Party/LwIP/src/core/tcp.c ****   LWIP_ERROR("tcp_recved: invalid pcb", pcb != NULL, return);
 976:Middlewares/Third_Party/LwIP/src/core/tcp.c **** 
 977:Middlewares/Third_Party/LwIP/src/core/tcp.c ****   /* pcb->state LISTEN not allowed here */
 978:Middlewares/Third_Party/LwIP/src/core/tcp.c ****   LWIP_ASSERT("don't call tcp_recved for listen-pcbs",
 979:Middlewares/Third_Party/LwIP/src/core/tcp.c ****               pcb->state != LISTEN);
 980:Middlewares/Third_Party/LwIP/src/core/tcp.c **** 
 981:Middlewares/Third_Party/LwIP/src/core/tcp.c ****   rcv_wnd = (tcpwnd_size_t)(pcb->rcv_wnd + len);
 982:Middlewares/Third_Party/LwIP/src/core/tcp.c ****   if ((rcv_wnd > TCP_WND_MAX(pcb)) || (rcv_wnd < pcb->rcv_wnd)) {
 983:Middlewares/Third_Party/LwIP/src/core/tcp.c ****     /* window got too big or tcpwnd_size_t overflow */
 984:Middlewares/Third_Party/LwIP/src/core/tcp.c ****     LWIP_DEBUGF(TCP_DEBUG, ("tcp_recved: window got too big or tcpwnd_size_t overflow\n"));
 985:Middlewares/Third_Party/LwIP/src/core/tcp.c ****     pcb->rcv_wnd = TCP_WND_MAX(pcb);
 986:Middlewares/Third_Party/LwIP/src/core/tcp.c ****   } else  {
 987:Middlewares/Third_Party/LwIP/src/core/tcp.c ****     pcb->rcv_wnd = rcv_wnd;
 988:Middlewares/Third_Party/LwIP/src/core/tcp.c ****   }
 989:Middlewares/Third_Party/LwIP/src/core/tcp.c **** 
 990:Middlewares/Third_Party/LwIP/src/core/tcp.c ****   wnd_inflation = tcp_update_rcv_ann_wnd(pcb);
 991:Middlewares/Third_Party/LwIP/src/core/tcp.c **** 
 992:Middlewares/Third_Party/LwIP/src/core/tcp.c ****   /* If the change in the right edge of window is significant (default
 993:Middlewares/Third_Party/LwIP/src/core/tcp.c ****    * watermark is TCP_WND/4), then send an explicit update now.
 994:Middlewares/Third_Party/LwIP/src/core/tcp.c ****    * Otherwise wait for a packet to be sent in the normal course of
 995:Middlewares/Third_Party/LwIP/src/core/tcp.c ****    * events (or more window to be available later) */
 996:Middlewares/Third_Party/LwIP/src/core/tcp.c ****   if (wnd_inflation >= TCP_WND_UPDATE_THRESHOLD) {
 997:Middlewares/Third_Party/LwIP/src/core/tcp.c ****     tcp_ack_now(pcb);
 998:Middlewares/Third_Party/LwIP/src/core/tcp.c ****     tcp_output(pcb);
 999:Middlewares/Third_Party/LwIP/src/core/tcp.c ****   }
1000:Middlewares/Third_Party/LwIP/src/core/tcp.c **** 
ARM GAS  /tmp/ccN9yVzV.s 			page 19


1001:Middlewares/Third_Party/LwIP/src/core/tcp.c ****   LWIP_DEBUGF(TCP_DEBUG, ("tcp_recved: received %"U16_F" bytes, wnd %"TCPWNDSIZE_F" (%"TCPWNDSIZE_F
1002:Middlewares/Third_Party/LwIP/src/core/tcp.c ****                           len, pcb->rcv_wnd, (u16_t)(TCP_WND_MAX(pcb) - pcb->rcv_wnd)));
1003:Middlewares/Third_Party/LwIP/src/core/tcp.c **** }
1004:Middlewares/Third_Party/LwIP/src/core/tcp.c **** 
1005:Middlewares/Third_Party/LwIP/src/core/tcp.c **** /**
1006:Middlewares/Third_Party/LwIP/src/core/tcp.c ****  * Allocate a new local TCP port.
1007:Middlewares/Third_Party/LwIP/src/core/tcp.c ****  *
1008:Middlewares/Third_Party/LwIP/src/core/tcp.c ****  * @return a new (free) local TCP port number
1009:Middlewares/Third_Party/LwIP/src/core/tcp.c ****  */
1010:Middlewares/Third_Party/LwIP/src/core/tcp.c **** static u16_t
1011:Middlewares/Third_Party/LwIP/src/core/tcp.c **** tcp_new_port(void)
1012:Middlewares/Third_Party/LwIP/src/core/tcp.c **** {
  28              		.loc 1 1012 1 view -0
  29              		.cfi_startproc
  30              		@ args = 0, pretend = 0, frame = 0
  31              		@ frame_needed = 0, uses_anonymous_args = 0
  32              		@ link register save eliminated.
1013:Middlewares/Third_Party/LwIP/src/core/tcp.c ****   u8_t i;
  33              		.loc 1 1013 3 view .LVU1
1014:Middlewares/Third_Party/LwIP/src/core/tcp.c ****   u16_t n = 0;
  34              		.loc 1 1014 3 view .LVU2
  35              	.LVL0:
  36              		.loc 1 1014 9 is_stmt 0 view .LVU3
  37 0000 4FF0000C 		mov	ip, #0
  38 0004 0BE0     		b	.L2
  39              	.LVL1:
  40              	.L12:
1015:Middlewares/Third_Party/LwIP/src/core/tcp.c ****   struct tcp_pcb *pcb;
1016:Middlewares/Third_Party/LwIP/src/core/tcp.c **** 
1017:Middlewares/Third_Party/LwIP/src/core/tcp.c **** again:
1018:Middlewares/Third_Party/LwIP/src/core/tcp.c ****   tcp_port++;
1019:Middlewares/Third_Party/LwIP/src/core/tcp.c ****   if (tcp_port == TCP_LOCAL_PORT_RANGE_END) {
1020:Middlewares/Third_Party/LwIP/src/core/tcp.c ****     tcp_port = TCP_LOCAL_PORT_RANGE_START;
  41              		.loc 1 1020 5 is_stmt 1 view .LVU4
  42              		.loc 1 1020 14 is_stmt 0 view .LVU5
  43 0006 164B     		ldr	r3, .L16
  44 0008 4FF44042 		mov	r2, #49152
  45 000c 1A80     		strh	r2, [r3]	@ movhi
  46 000e 0FE0     		b	.L3
  47              	.LVL2:
  48              	.L15:
1021:Middlewares/Third_Party/LwIP/src/core/tcp.c ****   }
1022:Middlewares/Third_Party/LwIP/src/core/tcp.c ****   /* Check all PCB lists. */
1023:Middlewares/Third_Party/LwIP/src/core/tcp.c ****   for (i = 0; i < NUM_TCP_PCB_LISTS; i++) {
1024:Middlewares/Third_Party/LwIP/src/core/tcp.c ****     for (pcb = *tcp_pcb_lists[i]; pcb != NULL; pcb = pcb->next) {
1025:Middlewares/Third_Party/LwIP/src/core/tcp.c ****       if (pcb->local_port == tcp_port) {
1026:Middlewares/Third_Party/LwIP/src/core/tcp.c ****         n++;
  49              		.loc 1 1026 9 is_stmt 1 view .LVU6
  50              		.loc 1 1026 10 is_stmt 0 view .LVU7
  51 0010 0CF1010C 		add	ip, ip, #1
  52              	.LVL3:
  53              		.loc 1 1026 10 view .LVU8
  54 0014 1FFA8CFC 		uxth	ip, ip
  55              	.LVL4:
1027:Middlewares/Third_Party/LwIP/src/core/tcp.c ****         if (n > (TCP_LOCAL_PORT_RANGE_END - TCP_LOCAL_PORT_RANGE_START)) {
  56              		.loc 1 1027 9 is_stmt 1 view .LVU9
  57              		.loc 1 1027 12 is_stmt 0 view .LVU10
ARM GAS  /tmp/ccN9yVzV.s 			page 20


  58 0018 BCF5804F 		cmp	ip, #16384
  59 001c 1DD2     		bcs	.L11
  60              	.LVL5:
  61              	.L2:
1015:Middlewares/Third_Party/LwIP/src/core/tcp.c ****   struct tcp_pcb *pcb;
  62              		.loc 1 1015 3 is_stmt 1 view .LVU11
1018:Middlewares/Third_Party/LwIP/src/core/tcp.c ****   if (tcp_port == TCP_LOCAL_PORT_RANGE_END) {
  63              		.loc 1 1018 3 view .LVU12
1018:Middlewares/Third_Party/LwIP/src/core/tcp.c ****   if (tcp_port == TCP_LOCAL_PORT_RANGE_END) {
  64              		.loc 1 1018 11 is_stmt 0 view .LVU13
  65 001e 104A     		ldr	r2, .L16
  66 0020 1388     		ldrh	r3, [r2]
  67 0022 0133     		adds	r3, r3, #1
  68 0024 9BB2     		uxth	r3, r3
  69 0026 1380     		strh	r3, [r2]	@ movhi
1019:Middlewares/Third_Party/LwIP/src/core/tcp.c ****     tcp_port = TCP_LOCAL_PORT_RANGE_START;
  70              		.loc 1 1019 3 is_stmt 1 view .LVU14
1019:Middlewares/Third_Party/LwIP/src/core/tcp.c ****     tcp_port = TCP_LOCAL_PORT_RANGE_START;
  71              		.loc 1 1019 6 is_stmt 0 view .LVU15
  72 0028 4FF6FF72 		movw	r2, #65535
  73 002c 9342     		cmp	r3, r2
  74 002e EAD0     		beq	.L12
  75              	.L3:
1023:Middlewares/Third_Party/LwIP/src/core/tcp.c ****     for (pcb = *tcp_pcb_lists[i]; pcb != NULL; pcb = pcb->next) {
  76              		.loc 1 1023 3 is_stmt 1 view .LVU16
  77              	.LVL6:
1023:Middlewares/Third_Party/LwIP/src/core/tcp.c ****     for (pcb = *tcp_pcb_lists[i]; pcb != NULL; pcb = pcb->next) {
  78              		.loc 1 1023 10 is_stmt 0 view .LVU17
  79 0030 0020     		movs	r0, #0
  80              	.LVL7:
  81              	.L4:
1023:Middlewares/Third_Party/LwIP/src/core/tcp.c ****     for (pcb = *tcp_pcb_lists[i]; pcb != NULL; pcb = pcb->next) {
  82              		.loc 1 1023 17 is_stmt 1 discriminator 1 view .LVU18
  83 0032 0328     		cmp	r0, #3
  84 0034 0ED8     		bhi	.L13
1024:Middlewares/Third_Party/LwIP/src/core/tcp.c ****       if (pcb->local_port == tcp_port) {
  85              		.loc 1 1024 5 view .LVU19
1024:Middlewares/Third_Party/LwIP/src/core/tcp.c ****       if (pcb->local_port == tcp_port) {
  86              		.loc 1 1024 30 is_stmt 0 view .LVU20
  87 0036 0B4B     		ldr	r3, .L16+4
  88 0038 53F82030 		ldr	r3, [r3, r0, lsl #2]
1024:Middlewares/Third_Party/LwIP/src/core/tcp.c ****       if (pcb->local_port == tcp_port) {
  89              		.loc 1 1024 14 view .LVU21
  90 003c 1B68     		ldr	r3, [r3]
  91              	.LVL8:
  92              	.L5:
1024:Middlewares/Third_Party/LwIP/src/core/tcp.c ****       if (pcb->local_port == tcp_port) {
  93              		.loc 1 1024 39 is_stmt 1 discriminator 1 view .LVU22
  94 003e 33B1     		cbz	r3, .L14
1025:Middlewares/Third_Party/LwIP/src/core/tcp.c ****         n++;
  95              		.loc 1 1025 7 view .LVU23
1025:Middlewares/Third_Party/LwIP/src/core/tcp.c ****         n++;
  96              		.loc 1 1025 14 is_stmt 0 view .LVU24
  97 0040 D98A     		ldrh	r1, [r3, #22]
1025:Middlewares/Third_Party/LwIP/src/core/tcp.c ****         n++;
  98              		.loc 1 1025 27 view .LVU25
  99 0042 074A     		ldr	r2, .L16
ARM GAS  /tmp/ccN9yVzV.s 			page 21


 100 0044 1288     		ldrh	r2, [r2]
1025:Middlewares/Third_Party/LwIP/src/core/tcp.c ****         n++;
 101              		.loc 1 1025 10 view .LVU26
 102 0046 9142     		cmp	r1, r2
 103 0048 E2D0     		beq	.L15
1024:Middlewares/Third_Party/LwIP/src/core/tcp.c ****       if (pcb->local_port == tcp_port) {
 104              		.loc 1 1024 52 is_stmt 1 discriminator 2 view .LVU27
 105 004a DB68     		ldr	r3, [r3, #12]
 106              	.LVL9:
1024:Middlewares/Third_Party/LwIP/src/core/tcp.c ****       if (pcb->local_port == tcp_port) {
 107              		.loc 1 1024 52 is_stmt 0 discriminator 2 view .LVU28
 108 004c F7E7     		b	.L5
 109              	.LVL10:
 110              	.L14:
1023:Middlewares/Third_Party/LwIP/src/core/tcp.c ****     for (pcb = *tcp_pcb_lists[i]; pcb != NULL; pcb = pcb->next) {
 111              		.loc 1 1023 39 is_stmt 1 discriminator 2 view .LVU29
 112 004e 0130     		adds	r0, r0, #1
 113              	.LVL11:
1023:Middlewares/Third_Party/LwIP/src/core/tcp.c ****     for (pcb = *tcp_pcb_lists[i]; pcb != NULL; pcb = pcb->next) {
 114              		.loc 1 1023 39 is_stmt 0 discriminator 2 view .LVU30
 115 0050 C0B2     		uxtb	r0, r0
 116              	.LVL12:
1023:Middlewares/Third_Party/LwIP/src/core/tcp.c ****     for (pcb = *tcp_pcb_lists[i]; pcb != NULL; pcb = pcb->next) {
 117              		.loc 1 1023 39 discriminator 2 view .LVU31
 118 0052 EEE7     		b	.L4
 119              	.LVL13:
 120              	.L13:
1028:Middlewares/Third_Party/LwIP/src/core/tcp.c ****           return 0;
1029:Middlewares/Third_Party/LwIP/src/core/tcp.c ****         }
1030:Middlewares/Third_Party/LwIP/src/core/tcp.c ****         goto again;
1031:Middlewares/Third_Party/LwIP/src/core/tcp.c ****       }
1032:Middlewares/Third_Party/LwIP/src/core/tcp.c ****     }
1033:Middlewares/Third_Party/LwIP/src/core/tcp.c ****   }
1034:Middlewares/Third_Party/LwIP/src/core/tcp.c ****   return tcp_port;
 121              		.loc 1 1034 3 is_stmt 1 view .LVU32
 122              		.loc 1 1034 10 is_stmt 0 view .LVU33
 123 0054 024B     		ldr	r3, .L16
 124 0056 1888     		ldrh	r0, [r3]
 125              	.LVL14:
 126              		.loc 1 1034 10 view .LVU34
 127 0058 7047     		bx	lr
 128              	.LVL15:
 129              	.L11:
1028:Middlewares/Third_Party/LwIP/src/core/tcp.c ****           return 0;
 130              		.loc 1 1028 18 view .LVU35
 131 005a 0020     		movs	r0, #0
 132              	.LVL16:
1035:Middlewares/Third_Party/LwIP/src/core/tcp.c **** }
 133              		.loc 1 1035 1 view .LVU36
 134 005c 7047     		bx	lr
 135              	.L17:
 136 005e 00BF     		.align	2
 137              	.L16:
 138 0060 00000000 		.word	tcp_port
 139 0064 00000000 		.word	tcp_pcb_lists
 140              		.cfi_endproc
 141              	.LFE175:
ARM GAS  /tmp/ccN9yVzV.s 			page 22


 143              		.section	.rodata.tcp_remove_listener.str1.4,"aMS",%progbits,1
 144              		.align	2
 145              	.LC0:
 146 0000 4D696464 		.ascii	"Middlewares/Third_Party/LwIP/src/core/tcp.c\000"
 146      6C657761 
 146      7265732F 
 146      54686972 
 146      645F5061 
 147              		.align	2
 148              	.LC1:
 149 002c 7463705F 		.ascii	"tcp_remove_listener: invalid listener\000"
 149      72656D6F 
 149      76655F6C 
 149      69737465 
 149      6E65723A 
 150 0052 0000     		.align	2
 151              	.LC2:
 152 0054 41737365 		.ascii	"Assertion \"%s\" failed at line %d in %s\012\000"
 152      7274696F 
 152      6E202225 
 152      73222066 
 152      61696C65 
 153              		.section	.text.tcp_remove_listener,"ax",%progbits
 154              		.align	1
 155              		.syntax unified
 156              		.thumb
 157              		.thumb_func
 159              	tcp_remove_listener:
 160              	.LVL17:
 161              	.LFB160:
 252:Middlewares/Third_Party/LwIP/src/core/tcp.c ****   struct tcp_pcb *pcb;
 162              		.loc 1 252 1 is_stmt 1 view -0
 163              		.cfi_startproc
 164              		@ args = 0, pretend = 0, frame = 0
 165              		@ frame_needed = 0, uses_anonymous_args = 0
 252:Middlewares/Third_Party/LwIP/src/core/tcp.c ****   struct tcp_pcb *pcb;
 166              		.loc 1 252 1 is_stmt 0 view .LVU38
 167 0000 38B5     		push	{r3, r4, r5, lr}
 168              	.LCFI0:
 169              		.cfi_def_cfa_offset 16
 170              		.cfi_offset 3, -16
 171              		.cfi_offset 4, -12
 172              		.cfi_offset 5, -8
 173              		.cfi_offset 14, -4
 174 0002 0446     		mov	r4, r0
 253:Middlewares/Third_Party/LwIP/src/core/tcp.c **** 
 175              		.loc 1 253 3 is_stmt 1 view .LVU39
 255:Middlewares/Third_Party/LwIP/src/core/tcp.c **** 
 176              		.loc 1 255 3 view .LVU40
 255:Middlewares/Third_Party/LwIP/src/core/tcp.c **** 
 177              		.loc 1 255 3 view .LVU41
 178 0004 0D46     		mov	r5, r1
 179 0006 49B9     		cbnz	r1, .L21
 255:Middlewares/Third_Party/LwIP/src/core/tcp.c **** 
 180              		.loc 1 255 3 discriminator 1 view .LVU42
 255:Middlewares/Third_Party/LwIP/src/core/tcp.c **** 
 181              		.loc 1 255 3 discriminator 1 view .LVU43
ARM GAS  /tmp/ccN9yVzV.s 			page 23


 182 0008 074B     		ldr	r3, .L26
 183 000a FF22     		movs	r2, #255
 184 000c 0749     		ldr	r1, .L26+4
 185              	.LVL18:
 255:Middlewares/Third_Party/LwIP/src/core/tcp.c **** 
 186              		.loc 1 255 3 is_stmt 0 discriminator 1 view .LVU44
 187 000e 0848     		ldr	r0, .L26+8
 188              	.LVL19:
 255:Middlewares/Third_Party/LwIP/src/core/tcp.c **** 
 189              		.loc 1 255 3 discriminator 1 view .LVU45
 190 0010 FFF7FEFF 		bl	printf
 191              	.LVL20:
 192 0014 02E0     		b	.L21
 193              	.LVL21:
 194              	.L25:
 259:Middlewares/Third_Party/LwIP/src/core/tcp.c ****     }
 195              		.loc 1 259 7 is_stmt 1 view .LVU46
 259:Middlewares/Third_Party/LwIP/src/core/tcp.c ****     }
 196              		.loc 1 259 21 is_stmt 0 view .LVU47
 197 0016 0023     		movs	r3, #0
 198 0018 E367     		str	r3, [r4, #124]
 199              	.L20:
 257:Middlewares/Third_Party/LwIP/src/core/tcp.c ****     if (pcb->listener == lpcb) {
 200              		.loc 1 257 37 is_stmt 1 discriminator 2 view .LVU48
 201 001a E468     		ldr	r4, [r4, #12]
 202              	.LVL22:
 203              	.L21:
 257:Middlewares/Third_Party/LwIP/src/core/tcp.c ****     if (pcb->listener == lpcb) {
 204              		.loc 1 257 24 discriminator 1 view .LVU49
 205 001c 1CB1     		cbz	r4, .L24
 258:Middlewares/Third_Party/LwIP/src/core/tcp.c ****       pcb->listener = NULL;
 206              		.loc 1 258 5 view .LVU50
 258:Middlewares/Third_Party/LwIP/src/core/tcp.c ****       pcb->listener = NULL;
 207              		.loc 1 258 12 is_stmt 0 view .LVU51
 208 001e E36F     		ldr	r3, [r4, #124]
 258:Middlewares/Third_Party/LwIP/src/core/tcp.c ****       pcb->listener = NULL;
 209              		.loc 1 258 8 view .LVU52
 210 0020 AB42     		cmp	r3, r5
 211 0022 FAD1     		bne	.L20
 212 0024 F7E7     		b	.L25
 213              	.L24:
 262:Middlewares/Third_Party/LwIP/src/core/tcp.c **** #endif
 214              		.loc 1 262 1 view .LVU53
 215 0026 38BD     		pop	{r3, r4, r5, pc}
 216              	.LVL23:
 217              	.L27:
 262:Middlewares/Third_Party/LwIP/src/core/tcp.c **** #endif
 218              		.loc 1 262 1 view .LVU54
 219              		.align	2
 220              	.L26:
 221 0028 00000000 		.word	.LC0
 222 002c 2C000000 		.word	.LC1
 223 0030 54000000 		.word	.LC2
 224              		.cfi_endproc
 225              	.LFE160:
 227              		.section	.rodata.tcp_listen_closed.str1.4,"aMS",%progbits,1
 228              		.align	2
ARM GAS  /tmp/ccN9yVzV.s 			page 24


 229              	.LC3:
 230 0000 70636220 		.ascii	"pcb != NULL\000"
 230      213D204E 
 230      554C4C00 
 231              		.align	2
 232              	.LC4:
 233 000c 7063622D 		.ascii	"pcb->state == LISTEN\000"
 233      3E737461 
 233      7465203D 
 233      3D204C49 
 233      5354454E 
 234              		.section	.text.tcp_listen_closed,"ax",%progbits
 235              		.align	1
 236              		.syntax unified
 237              		.thumb
 238              		.thumb_func
 240              	tcp_listen_closed:
 241              	.LVL24:
 242              	.LFB161:
 270:Middlewares/Third_Party/LwIP/src/core/tcp.c **** #if LWIP_CALLBACK_API || TCP_LISTEN_BACKLOG
 243              		.loc 1 270 1 is_stmt 1 view -0
 244              		.cfi_startproc
 245              		@ args = 0, pretend = 0, frame = 0
 246              		@ frame_needed = 0, uses_anonymous_args = 0
 270:Middlewares/Third_Party/LwIP/src/core/tcp.c **** #if LWIP_CALLBACK_API || TCP_LISTEN_BACKLOG
 247              		.loc 1 270 1 is_stmt 0 view .LVU56
 248 0000 38B5     		push	{r3, r4, r5, lr}
 249              	.LCFI1:
 250              		.cfi_def_cfa_offset 16
 251              		.cfi_offset 3, -16
 252              		.cfi_offset 4, -12
 253              		.cfi_offset 5, -8
 254              		.cfi_offset 14, -4
 272:Middlewares/Third_Party/LwIP/src/core/tcp.c ****   LWIP_ASSERT("pcb != NULL", pcb != NULL);
 255              		.loc 1 272 3 is_stmt 1 view .LVU57
 273:Middlewares/Third_Party/LwIP/src/core/tcp.c ****   LWIP_ASSERT("pcb->state == LISTEN", pcb->state == LISTEN);
 256              		.loc 1 273 3 view .LVU58
 273:Middlewares/Third_Party/LwIP/src/core/tcp.c ****   LWIP_ASSERT("pcb->state == LISTEN", pcb->state == LISTEN);
 257              		.loc 1 273 3 view .LVU59
 258 0002 0546     		mov	r5, r0
 259 0004 20B1     		cbz	r0, .L34
 260              	.LVL25:
 261              	.L29:
 273:Middlewares/Third_Party/LwIP/src/core/tcp.c ****   LWIP_ASSERT("pcb->state == LISTEN", pcb->state == LISTEN);
 262              		.loc 1 273 3 discriminator 3 view .LVU60
 273:Middlewares/Third_Party/LwIP/src/core/tcp.c ****   LWIP_ASSERT("pcb->state == LISTEN", pcb->state == LISTEN);
 263              		.loc 1 273 3 discriminator 3 view .LVU61
 274:Middlewares/Third_Party/LwIP/src/core/tcp.c ****   for (i = 1; i < LWIP_ARRAYSIZE(tcp_pcb_lists); i++) {
 264              		.loc 1 274 3 view .LVU62
 274:Middlewares/Third_Party/LwIP/src/core/tcp.c ****   for (i = 1; i < LWIP_ARRAYSIZE(tcp_pcb_lists); i++) {
 265              		.loc 1 274 3 view .LVU63
 266 0006 2B7D     		ldrb	r3, [r5, #20]	@ zero_extendqisi2
 267 0008 012B     		cmp	r3, #1
 268 000a 09D1     		bne	.L35
 269              	.L30:
 270:Middlewares/Third_Party/LwIP/src/core/tcp.c **** #if LWIP_CALLBACK_API || TCP_LISTEN_BACKLOG
 270              		.loc 1 270 1 is_stmt 0 view .LVU64
ARM GAS  /tmp/ccN9yVzV.s 			page 25


 271 000c 0124     		movs	r4, #1
 272 000e 17E0     		b	.L31
 273              	.LVL26:
 274              	.L34:
 273:Middlewares/Third_Party/LwIP/src/core/tcp.c ****   LWIP_ASSERT("pcb->state == LISTEN", pcb->state == LISTEN);
 275              		.loc 1 273 3 is_stmt 1 discriminator 1 view .LVU65
 273:Middlewares/Third_Party/LwIP/src/core/tcp.c ****   LWIP_ASSERT("pcb->state == LISTEN", pcb->state == LISTEN);
 276              		.loc 1 273 3 discriminator 1 view .LVU66
 277 0010 0D4B     		ldr	r3, .L36
 278 0012 40F21112 		movw	r2, #273
 279 0016 0D49     		ldr	r1, .L36+4
 280 0018 0D48     		ldr	r0, .L36+8
 281              	.LVL27:
 273:Middlewares/Third_Party/LwIP/src/core/tcp.c ****   LWIP_ASSERT("pcb->state == LISTEN", pcb->state == LISTEN);
 282              		.loc 1 273 3 is_stmt 0 discriminator 1 view .LVU67
 283 001a FFF7FEFF 		bl	printf
 284              	.LVL28:
 285 001e F2E7     		b	.L29
 286              	.L35:
 274:Middlewares/Third_Party/LwIP/src/core/tcp.c ****   for (i = 1; i < LWIP_ARRAYSIZE(tcp_pcb_lists); i++) {
 287              		.loc 1 274 3 is_stmt 1 discriminator 1 view .LVU68
 274:Middlewares/Third_Party/LwIP/src/core/tcp.c ****   for (i = 1; i < LWIP_ARRAYSIZE(tcp_pcb_lists); i++) {
 288              		.loc 1 274 3 discriminator 1 view .LVU69
 289 0020 094B     		ldr	r3, .L36
 290 0022 4FF48972 		mov	r2, #274
 291 0026 0B49     		ldr	r1, .L36+12
 292 0028 0948     		ldr	r0, .L36+8
 293 002a FFF7FEFF 		bl	printf
 294              	.LVL29:
 295 002e EDE7     		b	.L30
 296              	.LVL30:
 297              	.L32:
 276:Middlewares/Third_Party/LwIP/src/core/tcp.c ****   }
 298              		.loc 1 276 5 view .LVU70
 276:Middlewares/Third_Party/LwIP/src/core/tcp.c ****   }
 299              		.loc 1 276 39 is_stmt 0 view .LVU71
 300 0030 094B     		ldr	r3, .L36+16
 301 0032 53F82430 		ldr	r3, [r3, r4, lsl #2]
 276:Middlewares/Third_Party/LwIP/src/core/tcp.c ****   }
 302              		.loc 1 276 5 view .LVU72
 303 0036 2946     		mov	r1, r5
 304 0038 1868     		ldr	r0, [r3]
 305 003a FFF7FEFF 		bl	tcp_remove_listener
 306              	.LVL31:
 275:Middlewares/Third_Party/LwIP/src/core/tcp.c ****     tcp_remove_listener(*tcp_pcb_lists[i], (struct tcp_pcb_listen *)pcb);
 307              		.loc 1 275 51 is_stmt 1 discriminator 3 view .LVU73
 308 003e 0134     		adds	r4, r4, #1
 309              	.LVL32:
 310              	.L31:
 275:Middlewares/Third_Party/LwIP/src/core/tcp.c ****     tcp_remove_listener(*tcp_pcb_lists[i], (struct tcp_pcb_listen *)pcb);
 311              		.loc 1 275 17 discriminator 1 view .LVU74
 312 0040 032C     		cmp	r4, #3
 313 0042 F5D9     		bls	.L32
 280:Middlewares/Third_Party/LwIP/src/core/tcp.c **** 
 314              		.loc 1 280 1 is_stmt 0 view .LVU75
 315 0044 38BD     		pop	{r3, r4, r5, pc}
 316              	.LVL33:
ARM GAS  /tmp/ccN9yVzV.s 			page 26


 317              	.L37:
 280:Middlewares/Third_Party/LwIP/src/core/tcp.c **** 
 318              		.loc 1 280 1 view .LVU76
 319 0046 00BF     		.align	2
 320              	.L36:
 321 0048 00000000 		.word	.LC0
 322 004c 00000000 		.word	.LC3
 323 0050 54000000 		.word	.LC2
 324 0054 0C000000 		.word	.LC4
 325 0058 00000000 		.word	tcp_pcb_lists
 326              		.cfi_endproc
 327              	.LFE161:
 329              		.section	.rodata.tcp_free_listen.str1.4,"aMS",%progbits,1
 330              		.align	2
 331              	.LC5:
 332 0000 7463705F 		.ascii	"tcp_free_listen: !LISTEN\000"
 332      66726565 
 332      5F6C6973 
 332      74656E3A 
 332      20214C49 
 333              		.section	.text.tcp_free_listen,"ax",%progbits
 334              		.align	1
 335              		.syntax unified
 336              		.thumb
 337              		.thumb_func
 339              	tcp_free_listen:
 340              	.LVL34:
 341              	.LFB158:
 222:Middlewares/Third_Party/LwIP/src/core/tcp.c ****   LWIP_ASSERT("tcp_free_listen: !LISTEN", pcb->state != LISTEN);
 342              		.loc 1 222 1 is_stmt 1 view -0
 343              		.cfi_startproc
 344              		@ args = 0, pretend = 0, frame = 0
 345              		@ frame_needed = 0, uses_anonymous_args = 0
 222:Middlewares/Third_Party/LwIP/src/core/tcp.c ****   LWIP_ASSERT("tcp_free_listen: !LISTEN", pcb->state != LISTEN);
 346              		.loc 1 222 1 is_stmt 0 view .LVU78
 347 0000 10B5     		push	{r4, lr}
 348              	.LCFI2:
 349              		.cfi_def_cfa_offset 8
 350              		.cfi_offset 4, -8
 351              		.cfi_offset 14, -4
 352 0002 0446     		mov	r4, r0
 223:Middlewares/Third_Party/LwIP/src/core/tcp.c **** #if LWIP_TCP_PCB_NUM_EXT_ARGS
 353              		.loc 1 223 3 is_stmt 1 view .LVU79
 223:Middlewares/Third_Party/LwIP/src/core/tcp.c **** #if LWIP_TCP_PCB_NUM_EXT_ARGS
 354              		.loc 1 223 3 view .LVU80
 355 0004 037D     		ldrb	r3, [r0, #20]	@ zero_extendqisi2
 356 0006 012B     		cmp	r3, #1
 357 0008 04D0     		beq	.L41
 358              	.LVL35:
 359              	.L39:
 223:Middlewares/Third_Party/LwIP/src/core/tcp.c **** #if LWIP_TCP_PCB_NUM_EXT_ARGS
 360              		.loc 1 223 3 discriminator 3 view .LVU81
 223:Middlewares/Third_Party/LwIP/src/core/tcp.c **** #if LWIP_TCP_PCB_NUM_EXT_ARGS
 361              		.loc 1 223 3 discriminator 3 view .LVU82
 227:Middlewares/Third_Party/LwIP/src/core/tcp.c **** }
 362              		.loc 1 227 3 view .LVU83
 363 000a 2146     		mov	r1, r4
ARM GAS  /tmp/ccN9yVzV.s 			page 27


 364 000c 0220     		movs	r0, #2
 365 000e FFF7FEFF 		bl	memp_free
 366              	.LVL36:
 228:Middlewares/Third_Party/LwIP/src/core/tcp.c **** 
 367              		.loc 1 228 1 is_stmt 0 view .LVU84
 368 0012 10BD     		pop	{r4, pc}
 369              	.LVL37:
 370              	.L41:
 223:Middlewares/Third_Party/LwIP/src/core/tcp.c **** #if LWIP_TCP_PCB_NUM_EXT_ARGS
 371              		.loc 1 223 3 is_stmt 1 discriminator 1 view .LVU85
 223:Middlewares/Third_Party/LwIP/src/core/tcp.c **** #if LWIP_TCP_PCB_NUM_EXT_ARGS
 372              		.loc 1 223 3 discriminator 1 view .LVU86
 373 0014 034B     		ldr	r3, .L42
 374 0016 DF22     		movs	r2, #223
 375 0018 0349     		ldr	r1, .L42+4
 376 001a 0448     		ldr	r0, .L42+8
 377              	.LVL38:
 223:Middlewares/Third_Party/LwIP/src/core/tcp.c **** #if LWIP_TCP_PCB_NUM_EXT_ARGS
 378              		.loc 1 223 3 is_stmt 0 discriminator 1 view .LVU87
 379 001c FFF7FEFF 		bl	printf
 380              	.LVL39:
 381 0020 F3E7     		b	.L39
 382              	.L43:
 383 0022 00BF     		.align	2
 384              	.L42:
 385 0024 00000000 		.word	.LC0
 386 0028 00000000 		.word	.LC5
 387 002c 54000000 		.word	.LC2
 388              		.cfi_endproc
 389              	.LFE158:
 391              		.section	.text.tcp_close_shutdown_fin,"ax",%progbits
 392              		.align	1
 393              		.syntax unified
 394              		.thumb
 395              		.thumb_func
 397              	tcp_close_shutdown_fin:
 398              	.LVL40:
 399              	.LFB163:
 410:Middlewares/Third_Party/LwIP/src/core/tcp.c ****   err_t err;
 400              		.loc 1 410 1 is_stmt 1 view -0
 401              		.cfi_startproc
 402              		@ args = 0, pretend = 0, frame = 0
 403              		@ frame_needed = 0, uses_anonymous_args = 0
 410:Middlewares/Third_Party/LwIP/src/core/tcp.c ****   err_t err;
 404              		.loc 1 410 1 is_stmt 0 view .LVU89
 405 0000 38B5     		push	{r3, r4, r5, lr}
 406              	.LCFI3:
 407              		.cfi_def_cfa_offset 16
 408              		.cfi_offset 3, -16
 409              		.cfi_offset 4, -12
 410              		.cfi_offset 5, -8
 411              		.cfi_offset 14, -4
 411:Middlewares/Third_Party/LwIP/src/core/tcp.c ****   LWIP_ASSERT("pcb != NULL", pcb != NULL);
 412              		.loc 1 411 3 is_stmt 1 view .LVU90
 412:Middlewares/Third_Party/LwIP/src/core/tcp.c **** 
 413              		.loc 1 412 3 view .LVU91
 412:Middlewares/Third_Party/LwIP/src/core/tcp.c **** 
ARM GAS  /tmp/ccN9yVzV.s 			page 28


 414              		.loc 1 412 3 view .LVU92
 415 0002 0446     		mov	r4, r0
 416 0004 90B1     		cbz	r0, .L53
 417              	.LVL41:
 418              	.L45:
 412:Middlewares/Third_Party/LwIP/src/core/tcp.c **** 
 419              		.loc 1 412 3 discriminator 3 view .LVU93
 412:Middlewares/Third_Party/LwIP/src/core/tcp.c **** 
 420              		.loc 1 412 3 discriminator 3 view .LVU94
 414:Middlewares/Third_Party/LwIP/src/core/tcp.c ****     case SYN_RCVD:
 421              		.loc 1 414 3 view .LVU95
 414:Middlewares/Third_Party/LwIP/src/core/tcp.c ****     case SYN_RCVD:
 422              		.loc 1 414 14 is_stmt 0 view .LVU96
 423 0006 237D     		ldrb	r3, [r4, #20]	@ zero_extendqisi2
 414:Middlewares/Third_Party/LwIP/src/core/tcp.c ****     case SYN_RCVD:
 424              		.loc 1 414 3 view .LVU97
 425 0008 042B     		cmp	r3, #4
 426 000a 17D0     		beq	.L46
 427 000c 072B     		cmp	r3, #7
 428 000e 1DD0     		beq	.L47
 429 0010 032B     		cmp	r3, #3
 430 0012 2CD1     		bne	.L51
 416:Middlewares/Third_Party/LwIP/src/core/tcp.c ****       if (err == ERR_OK) {
 431              		.loc 1 416 7 is_stmt 1 view .LVU98
 416:Middlewares/Third_Party/LwIP/src/core/tcp.c ****       if (err == ERR_OK) {
 432              		.loc 1 416 13 is_stmt 0 view .LVU99
 433 0014 2046     		mov	r0, r4
 434 0016 FFF7FEFF 		bl	tcp_send_fin
 435              	.LVL42:
 417:Middlewares/Third_Party/LwIP/src/core/tcp.c ****         tcp_backlog_accepted(pcb);
 436              		.loc 1 417 7 is_stmt 1 view .LVU100
 417:Middlewares/Third_Party/LwIP/src/core/tcp.c ****         tcp_backlog_accepted(pcb);
 437              		.loc 1 417 10 is_stmt 0 view .LVU101
 438 001a 0546     		mov	r5, r0
 439 001c F0B9     		cbnz	r0, .L49
 418:Middlewares/Third_Party/LwIP/src/core/tcp.c ****         MIB2_STATS_INC(mib2.tcpattemptfails);
 440              		.loc 1 418 34 is_stmt 1 view .LVU102
 419:Middlewares/Third_Party/LwIP/src/core/tcp.c ****         pcb->state = FIN_WAIT_1;
 441              		.loc 1 419 45 view .LVU103
 420:Middlewares/Third_Party/LwIP/src/core/tcp.c ****       }
 442              		.loc 1 420 9 view .LVU104
 420:Middlewares/Third_Party/LwIP/src/core/tcp.c ****       }
 443              		.loc 1 420 20 is_stmt 0 view .LVU105
 444 001e 0523     		movs	r3, #5
 445 0020 2375     		strb	r3, [r4, #20]
 446              	.LVL43:
 442:Middlewares/Third_Party/LwIP/src/core/tcp.c ****     /* To ensure all data has been sent when tcp_close returns, we have
 447              		.loc 1 442 3 is_stmt 1 view .LVU106
 448              	.L50:
 448:Middlewares/Third_Party/LwIP/src/core/tcp.c ****   } else if (err == ERR_MEM) {
 449              		.loc 1 448 5 view .LVU107
 450 0022 2046     		mov	r0, r4
 451 0024 FFF7FEFF 		bl	tcp_output
 452              	.LVL44:
 453              	.L48:
 460:Middlewares/Third_Party/LwIP/src/core/tcp.c **** 
 454              		.loc 1 460 1 is_stmt 0 view .LVU108
ARM GAS  /tmp/ccN9yVzV.s 			page 29


 455 0028 2846     		mov	r0, r5
 456 002a 38BD     		pop	{r3, r4, r5, pc}
 457              	.LVL45:
 458              	.L53:
 412:Middlewares/Third_Party/LwIP/src/core/tcp.c **** 
 459              		.loc 1 412 3 is_stmt 1 discriminator 1 view .LVU109
 412:Middlewares/Third_Party/LwIP/src/core/tcp.c **** 
 460              		.loc 1 412 3 discriminator 1 view .LVU110
 461 002c 114B     		ldr	r3, .L54
 462 002e 4FF4CE72 		mov	r2, #412
 463 0032 1149     		ldr	r1, .L54+4
 464 0034 1148     		ldr	r0, .L54+8
 465              	.LVL46:
 412:Middlewares/Third_Party/LwIP/src/core/tcp.c **** 
 466              		.loc 1 412 3 is_stmt 0 discriminator 1 view .LVU111
 467 0036 FFF7FEFF 		bl	printf
 468              	.LVL47:
 469 003a E4E7     		b	.L45
 470              	.L46:
 424:Middlewares/Third_Party/LwIP/src/core/tcp.c ****       if (err == ERR_OK) {
 471              		.loc 1 424 7 is_stmt 1 view .LVU112
 424:Middlewares/Third_Party/LwIP/src/core/tcp.c ****       if (err == ERR_OK) {
 472              		.loc 1 424 13 is_stmt 0 view .LVU113
 473 003c 2046     		mov	r0, r4
 474 003e FFF7FEFF 		bl	tcp_send_fin
 475              	.LVL48:
 425:Middlewares/Third_Party/LwIP/src/core/tcp.c ****         MIB2_STATS_INC(mib2.tcpestabresets);
 476              		.loc 1 425 7 is_stmt 1 view .LVU114
 425:Middlewares/Third_Party/LwIP/src/core/tcp.c ****         MIB2_STATS_INC(mib2.tcpestabresets);
 477              		.loc 1 425 10 is_stmt 0 view .LVU115
 478 0042 0546     		mov	r5, r0
 479 0044 50B9     		cbnz	r0, .L49
 426:Middlewares/Third_Party/LwIP/src/core/tcp.c ****         pcb->state = FIN_WAIT_1;
 480              		.loc 1 426 44 is_stmt 1 view .LVU116
 427:Middlewares/Third_Party/LwIP/src/core/tcp.c ****       }
 481              		.loc 1 427 9 view .LVU117
 427:Middlewares/Third_Party/LwIP/src/core/tcp.c ****       }
 482              		.loc 1 427 20 is_stmt 0 view .LVU118
 483 0046 0523     		movs	r3, #5
 484 0048 2375     		strb	r3, [r4, #20]
 485              	.LVL49:
 442:Middlewares/Third_Party/LwIP/src/core/tcp.c ****     /* To ensure all data has been sent when tcp_close returns, we have
 486              		.loc 1 442 3 is_stmt 1 view .LVU119
 487 004a EAE7     		b	.L50
 488              	.LVL50:
 489              	.L47:
 431:Middlewares/Third_Party/LwIP/src/core/tcp.c ****       if (err == ERR_OK) {
 490              		.loc 1 431 7 view .LVU120
 431:Middlewares/Third_Party/LwIP/src/core/tcp.c ****       if (err == ERR_OK) {
 491              		.loc 1 431 13 is_stmt 0 view .LVU121
 492 004c 2046     		mov	r0, r4
 493 004e FFF7FEFF 		bl	tcp_send_fin
 494              	.LVL51:
 432:Middlewares/Third_Party/LwIP/src/core/tcp.c ****         MIB2_STATS_INC(mib2.tcpestabresets);
 495              		.loc 1 432 7 is_stmt 1 view .LVU122
 432:Middlewares/Third_Party/LwIP/src/core/tcp.c ****         MIB2_STATS_INC(mib2.tcpestabresets);
 496              		.loc 1 432 10 is_stmt 0 view .LVU123
ARM GAS  /tmp/ccN9yVzV.s 			page 30


 497 0052 0546     		mov	r5, r0
 498 0054 10B9     		cbnz	r0, .L49
 433:Middlewares/Third_Party/LwIP/src/core/tcp.c ****         pcb->state = LAST_ACK;
 499              		.loc 1 433 44 is_stmt 1 view .LVU124
 434:Middlewares/Third_Party/LwIP/src/core/tcp.c ****       }
 500              		.loc 1 434 9 view .LVU125
 434:Middlewares/Third_Party/LwIP/src/core/tcp.c ****       }
 501              		.loc 1 434 20 is_stmt 0 view .LVU126
 502 0056 0923     		movs	r3, #9
 503 0058 2375     		strb	r3, [r4, #20]
 504              	.LVL52:
 442:Middlewares/Third_Party/LwIP/src/core/tcp.c ****     /* To ensure all data has been sent when tcp_close returns, we have
 505              		.loc 1 442 3 is_stmt 1 view .LVU127
 506 005a E2E7     		b	.L50
 507              	.LVL53:
 508              	.L49:
 449:Middlewares/Third_Party/LwIP/src/core/tcp.c ****     /* Mark this pcb for closing. Closing is retried from tcp_tmr. */
 509              		.loc 1 449 10 view .LVU128
 449:Middlewares/Third_Party/LwIP/src/core/tcp.c ****     /* Mark this pcb for closing. Closing is retried from tcp_tmr. */
 510              		.loc 1 449 13 is_stmt 0 view .LVU129
 511 005c B5F1FF3F 		cmp	r5, #-1
 512 0060 E2D1     		bne	.L48
 451:Middlewares/Third_Party/LwIP/src/core/tcp.c ****     /* We have to return ERR_OK from here to indicate to the callers that this
 513              		.loc 1 451 5 is_stmt 1 view .LVU130
 451:Middlewares/Third_Party/LwIP/src/core/tcp.c ****     /* We have to return ERR_OK from here to indicate to the callers that this
 514              		.loc 1 451 5 view .LVU131
 515 0062 638B     		ldrh	r3, [r4, #26]
 516 0064 43F00803 		orr	r3, r3, #8
 517 0068 6383     		strh	r3, [r4, #26]	@ movhi
 451:Middlewares/Third_Party/LwIP/src/core/tcp.c ****     /* We have to return ERR_OK from here to indicate to the callers that this
 518              		.loc 1 451 5 view .LVU132
 457:Middlewares/Third_Party/LwIP/src/core/tcp.c ****   }
 519              		.loc 1 457 5 view .LVU133
 457:Middlewares/Third_Party/LwIP/src/core/tcp.c ****   }
 520              		.loc 1 457 12 is_stmt 0 view .LVU134
 521 006a 0025     		movs	r5, #0
 522 006c DCE7     		b	.L48
 523              	.L51:
 414:Middlewares/Third_Party/LwIP/src/core/tcp.c ****     case SYN_RCVD:
 524              		.loc 1 414 3 view .LVU135
 525 006e 0025     		movs	r5, #0
 526 0070 DAE7     		b	.L48
 527              	.L55:
 528 0072 00BF     		.align	2
 529              	.L54:
 530 0074 00000000 		.word	.LC0
 531 0078 00000000 		.word	.LC3
 532 007c 54000000 		.word	.LC2
 533              		.cfi_endproc
 534              	.LFE163:
 536              		.section	.text.tcp_handle_closepend,"ax",%progbits
 537              		.align	1
 538              		.syntax unified
 539              		.thumb
 540              		.thumb_func
 542              	tcp_handle_closepend:
 543              	.LFB189:
ARM GAS  /tmp/ccN9yVzV.s 			page 31


1036:Middlewares/Third_Party/LwIP/src/core/tcp.c **** 
1037:Middlewares/Third_Party/LwIP/src/core/tcp.c **** /**
1038:Middlewares/Third_Party/LwIP/src/core/tcp.c ****  * @ingroup tcp_raw
1039:Middlewares/Third_Party/LwIP/src/core/tcp.c ****  * Connects to another host. The function given as the "connected"
1040:Middlewares/Third_Party/LwIP/src/core/tcp.c ****  * argument will be called when the connection has been established.
1041:Middlewares/Third_Party/LwIP/src/core/tcp.c ****  *  Sets up the pcb to connect to the remote host and sends the
1042:Middlewares/Third_Party/LwIP/src/core/tcp.c ****  * initial SYN segment which opens the connection. 
1043:Middlewares/Third_Party/LwIP/src/core/tcp.c ****  *
1044:Middlewares/Third_Party/LwIP/src/core/tcp.c ****  * The tcp_connect() function returns immediately; it does not wait for
1045:Middlewares/Third_Party/LwIP/src/core/tcp.c ****  * the connection to be properly setup. Instead, it will call the
1046:Middlewares/Third_Party/LwIP/src/core/tcp.c ****  * function specified as the fourth argument (the "connected" argument)
1047:Middlewares/Third_Party/LwIP/src/core/tcp.c ****  * when the connection is established. If the connection could not be
1048:Middlewares/Third_Party/LwIP/src/core/tcp.c ****  * properly established, either because the other host refused the
1049:Middlewares/Third_Party/LwIP/src/core/tcp.c ****  * connection or because the other host didn't answer, the "err"
1050:Middlewares/Third_Party/LwIP/src/core/tcp.c ****  * callback function of this pcb (registered with tcp_err, see below)
1051:Middlewares/Third_Party/LwIP/src/core/tcp.c ****  * will be called.
1052:Middlewares/Third_Party/LwIP/src/core/tcp.c ****  *
1053:Middlewares/Third_Party/LwIP/src/core/tcp.c ****  * The tcp_connect() function can return ERR_MEM if no memory is
1054:Middlewares/Third_Party/LwIP/src/core/tcp.c ****  * available for enqueueing the SYN segment. If the SYN indeed was
1055:Middlewares/Third_Party/LwIP/src/core/tcp.c ****  * enqueued successfully, the tcp_connect() function returns ERR_OK.
1056:Middlewares/Third_Party/LwIP/src/core/tcp.c ****  *
1057:Middlewares/Third_Party/LwIP/src/core/tcp.c ****  * @param pcb the tcp_pcb used to establish the connection
1058:Middlewares/Third_Party/LwIP/src/core/tcp.c ****  * @param ipaddr the remote ip address to connect to
1059:Middlewares/Third_Party/LwIP/src/core/tcp.c ****  * @param port the remote tcp port to connect to
1060:Middlewares/Third_Party/LwIP/src/core/tcp.c ****  * @param connected callback function to call when connected (on error,
1061:Middlewares/Third_Party/LwIP/src/core/tcp.c ****                     the err calback will be called)
1062:Middlewares/Third_Party/LwIP/src/core/tcp.c ****  * @return ERR_VAL if invalid arguments are given
1063:Middlewares/Third_Party/LwIP/src/core/tcp.c ****  *         ERR_OK if connect request has been sent
1064:Middlewares/Third_Party/LwIP/src/core/tcp.c ****  *         other err_t values if connect request couldn't be sent
1065:Middlewares/Third_Party/LwIP/src/core/tcp.c ****  */
1066:Middlewares/Third_Party/LwIP/src/core/tcp.c **** err_t
1067:Middlewares/Third_Party/LwIP/src/core/tcp.c **** tcp_connect(struct tcp_pcb *pcb, const ip_addr_t *ipaddr, u16_t port,
1068:Middlewares/Third_Party/LwIP/src/core/tcp.c ****             tcp_connected_fn connected)
1069:Middlewares/Third_Party/LwIP/src/core/tcp.c **** {
1070:Middlewares/Third_Party/LwIP/src/core/tcp.c ****   struct netif *netif = NULL;
1071:Middlewares/Third_Party/LwIP/src/core/tcp.c ****   err_t ret;
1072:Middlewares/Third_Party/LwIP/src/core/tcp.c ****   u32_t iss;
1073:Middlewares/Third_Party/LwIP/src/core/tcp.c ****   u16_t old_local_port;
1074:Middlewares/Third_Party/LwIP/src/core/tcp.c **** 
1075:Middlewares/Third_Party/LwIP/src/core/tcp.c ****   LWIP_ASSERT_CORE_LOCKED();
1076:Middlewares/Third_Party/LwIP/src/core/tcp.c **** 
1077:Middlewares/Third_Party/LwIP/src/core/tcp.c ****   LWIP_ERROR("tcp_connect: invalid pcb", pcb != NULL, return ERR_ARG);
1078:Middlewares/Third_Party/LwIP/src/core/tcp.c ****   LWIP_ERROR("tcp_connect: invalid ipaddr", ipaddr != NULL, return ERR_ARG);
1079:Middlewares/Third_Party/LwIP/src/core/tcp.c **** 
1080:Middlewares/Third_Party/LwIP/src/core/tcp.c ****   LWIP_ERROR("tcp_connect: can only connect from state CLOSED", pcb->state == CLOSED, return ERR_IS
1081:Middlewares/Third_Party/LwIP/src/core/tcp.c **** 
1082:Middlewares/Third_Party/LwIP/src/core/tcp.c ****   LWIP_DEBUGF(TCP_DEBUG, ("tcp_connect to port %"U16_F"\n", port));
1083:Middlewares/Third_Party/LwIP/src/core/tcp.c ****   ip_addr_set(&pcb->remote_ip, ipaddr);
1084:Middlewares/Third_Party/LwIP/src/core/tcp.c ****   pcb->remote_port = port;
1085:Middlewares/Third_Party/LwIP/src/core/tcp.c **** 
1086:Middlewares/Third_Party/LwIP/src/core/tcp.c ****   if (pcb->netif_idx != NETIF_NO_INDEX) {
1087:Middlewares/Third_Party/LwIP/src/core/tcp.c ****     netif = netif_get_by_index(pcb->netif_idx);
1088:Middlewares/Third_Party/LwIP/src/core/tcp.c ****   } else {
1089:Middlewares/Third_Party/LwIP/src/core/tcp.c ****     /* check if we have a route to the remote host */
1090:Middlewares/Third_Party/LwIP/src/core/tcp.c ****     netif = ip_route(&pcb->local_ip, &pcb->remote_ip);
1091:Middlewares/Third_Party/LwIP/src/core/tcp.c ****   }
1092:Middlewares/Third_Party/LwIP/src/core/tcp.c ****   if (netif == NULL) {
ARM GAS  /tmp/ccN9yVzV.s 			page 32


1093:Middlewares/Third_Party/LwIP/src/core/tcp.c ****     /* Don't even try to send a SYN packet if we have no route since that will fail. */
1094:Middlewares/Third_Party/LwIP/src/core/tcp.c ****     return ERR_RTE;
1095:Middlewares/Third_Party/LwIP/src/core/tcp.c ****   }
1096:Middlewares/Third_Party/LwIP/src/core/tcp.c **** 
1097:Middlewares/Third_Party/LwIP/src/core/tcp.c ****   /* check if local IP has been assigned to pcb, if not, get one */
1098:Middlewares/Third_Party/LwIP/src/core/tcp.c ****   if (ip_addr_isany(&pcb->local_ip)) {
1099:Middlewares/Third_Party/LwIP/src/core/tcp.c ****     const ip_addr_t *local_ip = ip_netif_get_local_ip(netif, ipaddr);
1100:Middlewares/Third_Party/LwIP/src/core/tcp.c ****     if (local_ip == NULL) {
1101:Middlewares/Third_Party/LwIP/src/core/tcp.c ****       return ERR_RTE;
1102:Middlewares/Third_Party/LwIP/src/core/tcp.c ****     }
1103:Middlewares/Third_Party/LwIP/src/core/tcp.c ****     ip_addr_copy(pcb->local_ip, *local_ip);
1104:Middlewares/Third_Party/LwIP/src/core/tcp.c ****   }
1105:Middlewares/Third_Party/LwIP/src/core/tcp.c **** 
1106:Middlewares/Third_Party/LwIP/src/core/tcp.c **** #if LWIP_IPV6 && LWIP_IPV6_SCOPES
1107:Middlewares/Third_Party/LwIP/src/core/tcp.c ****   /* If the given IP address should have a zone but doesn't, assign one now.
1108:Middlewares/Third_Party/LwIP/src/core/tcp.c ****    * Given that we already have the target netif, this is easy and cheap. */
1109:Middlewares/Third_Party/LwIP/src/core/tcp.c ****   if (IP_IS_V6(&pcb->remote_ip) &&
1110:Middlewares/Third_Party/LwIP/src/core/tcp.c ****       ip6_addr_lacks_zone(ip_2_ip6(&pcb->remote_ip), IP6_UNICAST)) {
1111:Middlewares/Third_Party/LwIP/src/core/tcp.c ****     ip6_addr_assign_zone(ip_2_ip6(&pcb->remote_ip), IP6_UNICAST, netif);
1112:Middlewares/Third_Party/LwIP/src/core/tcp.c ****   }
1113:Middlewares/Third_Party/LwIP/src/core/tcp.c **** #endif /* LWIP_IPV6 && LWIP_IPV6_SCOPES */
1114:Middlewares/Third_Party/LwIP/src/core/tcp.c **** 
1115:Middlewares/Third_Party/LwIP/src/core/tcp.c ****   old_local_port = pcb->local_port;
1116:Middlewares/Third_Party/LwIP/src/core/tcp.c ****   if (pcb->local_port == 0) {
1117:Middlewares/Third_Party/LwIP/src/core/tcp.c ****     pcb->local_port = tcp_new_port();
1118:Middlewares/Third_Party/LwIP/src/core/tcp.c ****     if (pcb->local_port == 0) {
1119:Middlewares/Third_Party/LwIP/src/core/tcp.c ****       return ERR_BUF;
1120:Middlewares/Third_Party/LwIP/src/core/tcp.c ****     }
1121:Middlewares/Third_Party/LwIP/src/core/tcp.c ****   } else {
1122:Middlewares/Third_Party/LwIP/src/core/tcp.c **** #if SO_REUSE
1123:Middlewares/Third_Party/LwIP/src/core/tcp.c ****     if (ip_get_option(pcb, SOF_REUSEADDR)) {
1124:Middlewares/Third_Party/LwIP/src/core/tcp.c ****       /* Since SOF_REUSEADDR allows reusing a local address, we have to make sure
1125:Middlewares/Third_Party/LwIP/src/core/tcp.c ****          now that the 5-tuple is unique. */
1126:Middlewares/Third_Party/LwIP/src/core/tcp.c ****       struct tcp_pcb *cpcb;
1127:Middlewares/Third_Party/LwIP/src/core/tcp.c ****       int i;
1128:Middlewares/Third_Party/LwIP/src/core/tcp.c ****       /* Don't check listen- and bound-PCBs, check active- and TIME-WAIT PCBs. */
1129:Middlewares/Third_Party/LwIP/src/core/tcp.c ****       for (i = 2; i < NUM_TCP_PCB_LISTS; i++) {
1130:Middlewares/Third_Party/LwIP/src/core/tcp.c ****         for (cpcb = *tcp_pcb_lists[i]; cpcb != NULL; cpcb = cpcb->next) {
1131:Middlewares/Third_Party/LwIP/src/core/tcp.c ****           if ((cpcb->local_port == pcb->local_port) &&
1132:Middlewares/Third_Party/LwIP/src/core/tcp.c ****               (cpcb->remote_port == port) &&
1133:Middlewares/Third_Party/LwIP/src/core/tcp.c ****               ip_addr_cmp(&cpcb->local_ip, &pcb->local_ip) &&
1134:Middlewares/Third_Party/LwIP/src/core/tcp.c ****               ip_addr_cmp(&cpcb->remote_ip, ipaddr)) {
1135:Middlewares/Third_Party/LwIP/src/core/tcp.c ****             /* linux returns EISCONN here, but ERR_USE should be OK for us */
1136:Middlewares/Third_Party/LwIP/src/core/tcp.c ****             return ERR_USE;
1137:Middlewares/Third_Party/LwIP/src/core/tcp.c ****           }
1138:Middlewares/Third_Party/LwIP/src/core/tcp.c ****         }
1139:Middlewares/Third_Party/LwIP/src/core/tcp.c ****       }
1140:Middlewares/Third_Party/LwIP/src/core/tcp.c ****     }
1141:Middlewares/Third_Party/LwIP/src/core/tcp.c **** #endif /* SO_REUSE */
1142:Middlewares/Third_Party/LwIP/src/core/tcp.c ****   }
1143:Middlewares/Third_Party/LwIP/src/core/tcp.c **** 
1144:Middlewares/Third_Party/LwIP/src/core/tcp.c ****   iss = tcp_next_iss(pcb);
1145:Middlewares/Third_Party/LwIP/src/core/tcp.c ****   pcb->rcv_nxt = 0;
1146:Middlewares/Third_Party/LwIP/src/core/tcp.c ****   pcb->snd_nxt = iss;
1147:Middlewares/Third_Party/LwIP/src/core/tcp.c ****   pcb->lastack = iss - 1;
1148:Middlewares/Third_Party/LwIP/src/core/tcp.c ****   pcb->snd_wl2 = iss - 1;
1149:Middlewares/Third_Party/LwIP/src/core/tcp.c ****   pcb->snd_lbb = iss - 1;
ARM GAS  /tmp/ccN9yVzV.s 			page 33


1150:Middlewares/Third_Party/LwIP/src/core/tcp.c ****   /* Start with a window that does not need scaling. When window scaling is
1151:Middlewares/Third_Party/LwIP/src/core/tcp.c ****      enabled and used, the window is enlarged when both sides agree on scaling. */
1152:Middlewares/Third_Party/LwIP/src/core/tcp.c ****   pcb->rcv_wnd = pcb->rcv_ann_wnd = TCPWND_MIN16(TCP_WND);
1153:Middlewares/Third_Party/LwIP/src/core/tcp.c ****   pcb->rcv_ann_right_edge = pcb->rcv_nxt;
1154:Middlewares/Third_Party/LwIP/src/core/tcp.c ****   pcb->snd_wnd = TCP_WND;
1155:Middlewares/Third_Party/LwIP/src/core/tcp.c ****   /* As initial send MSS, we use TCP_MSS but limit it to 536.
1156:Middlewares/Third_Party/LwIP/src/core/tcp.c ****      The send MSS is updated when an MSS option is received. */
1157:Middlewares/Third_Party/LwIP/src/core/tcp.c ****   pcb->mss = INITIAL_MSS;
1158:Middlewares/Third_Party/LwIP/src/core/tcp.c **** #if TCP_CALCULATE_EFF_SEND_MSS
1159:Middlewares/Third_Party/LwIP/src/core/tcp.c ****   pcb->mss = tcp_eff_send_mss_netif(pcb->mss, netif, &pcb->remote_ip);
1160:Middlewares/Third_Party/LwIP/src/core/tcp.c **** #endif /* TCP_CALCULATE_EFF_SEND_MSS */
1161:Middlewares/Third_Party/LwIP/src/core/tcp.c ****   pcb->cwnd = 1;
1162:Middlewares/Third_Party/LwIP/src/core/tcp.c **** #if LWIP_CALLBACK_API
1163:Middlewares/Third_Party/LwIP/src/core/tcp.c ****   pcb->connected = connected;
1164:Middlewares/Third_Party/LwIP/src/core/tcp.c **** #else /* LWIP_CALLBACK_API */
1165:Middlewares/Third_Party/LwIP/src/core/tcp.c ****   LWIP_UNUSED_ARG(connected);
1166:Middlewares/Third_Party/LwIP/src/core/tcp.c **** #endif /* LWIP_CALLBACK_API */
1167:Middlewares/Third_Party/LwIP/src/core/tcp.c **** 
1168:Middlewares/Third_Party/LwIP/src/core/tcp.c ****   /* Send a SYN together with the MSS option. */
1169:Middlewares/Third_Party/LwIP/src/core/tcp.c ****   ret = tcp_enqueue_flags(pcb, TCP_SYN);
1170:Middlewares/Third_Party/LwIP/src/core/tcp.c ****   if (ret == ERR_OK) {
1171:Middlewares/Third_Party/LwIP/src/core/tcp.c ****     /* SYN segment was enqueued, changed the pcbs state now */
1172:Middlewares/Third_Party/LwIP/src/core/tcp.c ****     pcb->state = SYN_SENT;
1173:Middlewares/Third_Party/LwIP/src/core/tcp.c ****     if (old_local_port != 0) {
1174:Middlewares/Third_Party/LwIP/src/core/tcp.c ****       TCP_RMV(&tcp_bound_pcbs, pcb);
1175:Middlewares/Third_Party/LwIP/src/core/tcp.c ****     }
1176:Middlewares/Third_Party/LwIP/src/core/tcp.c ****     TCP_REG_ACTIVE(pcb);
1177:Middlewares/Third_Party/LwIP/src/core/tcp.c ****     MIB2_STATS_INC(mib2.tcpactiveopens);
1178:Middlewares/Third_Party/LwIP/src/core/tcp.c **** 
1179:Middlewares/Third_Party/LwIP/src/core/tcp.c ****     tcp_output(pcb);
1180:Middlewares/Third_Party/LwIP/src/core/tcp.c ****   }
1181:Middlewares/Third_Party/LwIP/src/core/tcp.c ****   return ret;
1182:Middlewares/Third_Party/LwIP/src/core/tcp.c **** }
1183:Middlewares/Third_Party/LwIP/src/core/tcp.c **** 
1184:Middlewares/Third_Party/LwIP/src/core/tcp.c **** /**
1185:Middlewares/Third_Party/LwIP/src/core/tcp.c ****  * Called every 500 ms and implements the retransmission timer and the timer that
1186:Middlewares/Third_Party/LwIP/src/core/tcp.c ****  * removes PCBs that have been in TIME-WAIT for enough time. It also increments
1187:Middlewares/Third_Party/LwIP/src/core/tcp.c ****  * various timers such as the inactivity timer in each PCB.
1188:Middlewares/Third_Party/LwIP/src/core/tcp.c ****  *
1189:Middlewares/Third_Party/LwIP/src/core/tcp.c ****  * Automatically called from tcp_tmr().
1190:Middlewares/Third_Party/LwIP/src/core/tcp.c ****  */
1191:Middlewares/Third_Party/LwIP/src/core/tcp.c **** void
1192:Middlewares/Third_Party/LwIP/src/core/tcp.c **** tcp_slowtmr(void)
1193:Middlewares/Third_Party/LwIP/src/core/tcp.c **** {
1194:Middlewares/Third_Party/LwIP/src/core/tcp.c ****   struct tcp_pcb *pcb, *prev;
1195:Middlewares/Third_Party/LwIP/src/core/tcp.c ****   tcpwnd_size_t eff_wnd;
1196:Middlewares/Third_Party/LwIP/src/core/tcp.c ****   u8_t pcb_remove;      /* flag if a PCB should be removed */
1197:Middlewares/Third_Party/LwIP/src/core/tcp.c ****   u8_t pcb_reset;       /* flag if a RST should be sent when removing */
1198:Middlewares/Third_Party/LwIP/src/core/tcp.c ****   err_t err;
1199:Middlewares/Third_Party/LwIP/src/core/tcp.c **** 
1200:Middlewares/Third_Party/LwIP/src/core/tcp.c ****   err = ERR_OK;
1201:Middlewares/Third_Party/LwIP/src/core/tcp.c **** 
1202:Middlewares/Third_Party/LwIP/src/core/tcp.c ****   ++tcp_ticks;
1203:Middlewares/Third_Party/LwIP/src/core/tcp.c ****   ++tcp_timer_ctr;
1204:Middlewares/Third_Party/LwIP/src/core/tcp.c **** 
1205:Middlewares/Third_Party/LwIP/src/core/tcp.c **** tcp_slowtmr_start:
1206:Middlewares/Third_Party/LwIP/src/core/tcp.c ****   /* Steps through all of the active PCBs. */
ARM GAS  /tmp/ccN9yVzV.s 			page 34


1207:Middlewares/Third_Party/LwIP/src/core/tcp.c ****   prev = NULL;
1208:Middlewares/Third_Party/LwIP/src/core/tcp.c ****   pcb = tcp_active_pcbs;
1209:Middlewares/Third_Party/LwIP/src/core/tcp.c ****   if (pcb == NULL) {
1210:Middlewares/Third_Party/LwIP/src/core/tcp.c ****     LWIP_DEBUGF(TCP_DEBUG, ("tcp_slowtmr: no active pcbs\n"));
1211:Middlewares/Third_Party/LwIP/src/core/tcp.c ****   }
1212:Middlewares/Third_Party/LwIP/src/core/tcp.c ****   while (pcb != NULL) {
1213:Middlewares/Third_Party/LwIP/src/core/tcp.c ****     LWIP_DEBUGF(TCP_DEBUG, ("tcp_slowtmr: processing active pcb\n"));
1214:Middlewares/Third_Party/LwIP/src/core/tcp.c ****     LWIP_ASSERT("tcp_slowtmr: active pcb->state != CLOSED\n", pcb->state != CLOSED);
1215:Middlewares/Third_Party/LwIP/src/core/tcp.c ****     LWIP_ASSERT("tcp_slowtmr: active pcb->state != LISTEN\n", pcb->state != LISTEN);
1216:Middlewares/Third_Party/LwIP/src/core/tcp.c ****     LWIP_ASSERT("tcp_slowtmr: active pcb->state != TIME-WAIT\n", pcb->state != TIME_WAIT);
1217:Middlewares/Third_Party/LwIP/src/core/tcp.c ****     if (pcb->last_timer == tcp_timer_ctr) {
1218:Middlewares/Third_Party/LwIP/src/core/tcp.c ****       /* skip this pcb, we have already processed it */
1219:Middlewares/Third_Party/LwIP/src/core/tcp.c ****       prev = pcb;
1220:Middlewares/Third_Party/LwIP/src/core/tcp.c ****       pcb = pcb->next;
1221:Middlewares/Third_Party/LwIP/src/core/tcp.c ****       continue;
1222:Middlewares/Third_Party/LwIP/src/core/tcp.c ****     }
1223:Middlewares/Third_Party/LwIP/src/core/tcp.c ****     pcb->last_timer = tcp_timer_ctr;
1224:Middlewares/Third_Party/LwIP/src/core/tcp.c **** 
1225:Middlewares/Third_Party/LwIP/src/core/tcp.c ****     pcb_remove = 0;
1226:Middlewares/Third_Party/LwIP/src/core/tcp.c ****     pcb_reset = 0;
1227:Middlewares/Third_Party/LwIP/src/core/tcp.c **** 
1228:Middlewares/Third_Party/LwIP/src/core/tcp.c ****     if (pcb->state == SYN_SENT && pcb->nrtx >= TCP_SYNMAXRTX) {
1229:Middlewares/Third_Party/LwIP/src/core/tcp.c ****       ++pcb_remove;
1230:Middlewares/Third_Party/LwIP/src/core/tcp.c ****       LWIP_DEBUGF(TCP_DEBUG, ("tcp_slowtmr: max SYN retries reached\n"));
1231:Middlewares/Third_Party/LwIP/src/core/tcp.c ****     } else if (pcb->nrtx >= TCP_MAXRTX) {
1232:Middlewares/Third_Party/LwIP/src/core/tcp.c ****       ++pcb_remove;
1233:Middlewares/Third_Party/LwIP/src/core/tcp.c ****       LWIP_DEBUGF(TCP_DEBUG, ("tcp_slowtmr: max DATA retries reached\n"));
1234:Middlewares/Third_Party/LwIP/src/core/tcp.c ****     } else {
1235:Middlewares/Third_Party/LwIP/src/core/tcp.c ****       if (pcb->persist_backoff > 0) {
1236:Middlewares/Third_Party/LwIP/src/core/tcp.c ****         LWIP_ASSERT("tcp_slowtimr: persist ticking with in-flight data", pcb->unacked == NULL);
1237:Middlewares/Third_Party/LwIP/src/core/tcp.c ****         LWIP_ASSERT("tcp_slowtimr: persist ticking with empty send buffer", pcb->unsent != NULL);
1238:Middlewares/Third_Party/LwIP/src/core/tcp.c ****         if (pcb->persist_probe >= TCP_MAXRTX) {
1239:Middlewares/Third_Party/LwIP/src/core/tcp.c ****           ++pcb_remove; /* max probes reached */
1240:Middlewares/Third_Party/LwIP/src/core/tcp.c ****         } else {
1241:Middlewares/Third_Party/LwIP/src/core/tcp.c ****           u8_t backoff_cnt = tcp_persist_backoff[pcb->persist_backoff - 1];
1242:Middlewares/Third_Party/LwIP/src/core/tcp.c ****           if (pcb->persist_cnt < backoff_cnt) {
1243:Middlewares/Third_Party/LwIP/src/core/tcp.c ****             pcb->persist_cnt++;
1244:Middlewares/Third_Party/LwIP/src/core/tcp.c ****           }
1245:Middlewares/Third_Party/LwIP/src/core/tcp.c ****           if (pcb->persist_cnt >= backoff_cnt) {
1246:Middlewares/Third_Party/LwIP/src/core/tcp.c ****             int next_slot = 1; /* increment timer to next slot */
1247:Middlewares/Third_Party/LwIP/src/core/tcp.c ****             /* If snd_wnd is zero, send 1 byte probes */
1248:Middlewares/Third_Party/LwIP/src/core/tcp.c ****             if (pcb->snd_wnd == 0) {
1249:Middlewares/Third_Party/LwIP/src/core/tcp.c ****               if (tcp_zero_window_probe(pcb) != ERR_OK) {
1250:Middlewares/Third_Party/LwIP/src/core/tcp.c ****                 next_slot = 0; /* try probe again with current slot */
1251:Middlewares/Third_Party/LwIP/src/core/tcp.c ****               }
1252:Middlewares/Third_Party/LwIP/src/core/tcp.c ****               /* snd_wnd not fully closed, split unsent head and fill window */
1253:Middlewares/Third_Party/LwIP/src/core/tcp.c ****             } else {
1254:Middlewares/Third_Party/LwIP/src/core/tcp.c ****               if (tcp_split_unsent_seg(pcb, (u16_t)pcb->snd_wnd) == ERR_OK) {
1255:Middlewares/Third_Party/LwIP/src/core/tcp.c ****                 if (tcp_output(pcb) == ERR_OK) {
1256:Middlewares/Third_Party/LwIP/src/core/tcp.c ****                   /* sending will cancel persist timer, else retry with current slot */
1257:Middlewares/Third_Party/LwIP/src/core/tcp.c ****                   next_slot = 0;
1258:Middlewares/Third_Party/LwIP/src/core/tcp.c ****                 }
1259:Middlewares/Third_Party/LwIP/src/core/tcp.c ****               }
1260:Middlewares/Third_Party/LwIP/src/core/tcp.c ****             }
1261:Middlewares/Third_Party/LwIP/src/core/tcp.c ****             if (next_slot) {
1262:Middlewares/Third_Party/LwIP/src/core/tcp.c ****               pcb->persist_cnt = 0;
1263:Middlewares/Third_Party/LwIP/src/core/tcp.c ****               if (pcb->persist_backoff < sizeof(tcp_persist_backoff)) {
ARM GAS  /tmp/ccN9yVzV.s 			page 35


1264:Middlewares/Third_Party/LwIP/src/core/tcp.c ****                 pcb->persist_backoff++;
1265:Middlewares/Third_Party/LwIP/src/core/tcp.c ****               }
1266:Middlewares/Third_Party/LwIP/src/core/tcp.c ****             }
1267:Middlewares/Third_Party/LwIP/src/core/tcp.c ****           }
1268:Middlewares/Third_Party/LwIP/src/core/tcp.c ****         }
1269:Middlewares/Third_Party/LwIP/src/core/tcp.c ****       } else {
1270:Middlewares/Third_Party/LwIP/src/core/tcp.c ****         /* Increase the retransmission timer if it is running */
1271:Middlewares/Third_Party/LwIP/src/core/tcp.c ****         if ((pcb->rtime >= 0) && (pcb->rtime < 0x7FFF)) {
1272:Middlewares/Third_Party/LwIP/src/core/tcp.c ****           ++pcb->rtime;
1273:Middlewares/Third_Party/LwIP/src/core/tcp.c ****         }
1274:Middlewares/Third_Party/LwIP/src/core/tcp.c **** 
1275:Middlewares/Third_Party/LwIP/src/core/tcp.c ****         if (pcb->rtime >= pcb->rto) {
1276:Middlewares/Third_Party/LwIP/src/core/tcp.c ****           /* Time for a retransmission. */
1277:Middlewares/Third_Party/LwIP/src/core/tcp.c ****           LWIP_DEBUGF(TCP_RTO_DEBUG, ("tcp_slowtmr: rtime %"S16_F
1278:Middlewares/Third_Party/LwIP/src/core/tcp.c ****                                       " pcb->rto %"S16_F"\n",
1279:Middlewares/Third_Party/LwIP/src/core/tcp.c ****                                       pcb->rtime, pcb->rto));
1280:Middlewares/Third_Party/LwIP/src/core/tcp.c ****           /* If prepare phase fails but we have unsent data but no unacked data,
1281:Middlewares/Third_Party/LwIP/src/core/tcp.c ****              still execute the backoff calculations below, as this means we somehow
1282:Middlewares/Third_Party/LwIP/src/core/tcp.c ****              failed to send segment. */
1283:Middlewares/Third_Party/LwIP/src/core/tcp.c ****           if ((tcp_rexmit_rto_prepare(pcb) == ERR_OK) || ((pcb->unacked == NULL) && (pcb->unsent !=
1284:Middlewares/Third_Party/LwIP/src/core/tcp.c ****             /* Double retransmission time-out unless we are trying to
1285:Middlewares/Third_Party/LwIP/src/core/tcp.c ****              * connect to somebody (i.e., we are in SYN_SENT). */
1286:Middlewares/Third_Party/LwIP/src/core/tcp.c ****             if (pcb->state != SYN_SENT) {
1287:Middlewares/Third_Party/LwIP/src/core/tcp.c ****               u8_t backoff_idx = LWIP_MIN(pcb->nrtx, sizeof(tcp_backoff) - 1);
1288:Middlewares/Third_Party/LwIP/src/core/tcp.c ****               int calc_rto = ((pcb->sa >> 3) + pcb->sv) << tcp_backoff[backoff_idx];
1289:Middlewares/Third_Party/LwIP/src/core/tcp.c ****               pcb->rto = (s16_t)LWIP_MIN(calc_rto, 0x7FFF);
1290:Middlewares/Third_Party/LwIP/src/core/tcp.c ****             }
1291:Middlewares/Third_Party/LwIP/src/core/tcp.c **** 
1292:Middlewares/Third_Party/LwIP/src/core/tcp.c ****             /* Reset the retransmission timer. */
1293:Middlewares/Third_Party/LwIP/src/core/tcp.c ****             pcb->rtime = 0;
1294:Middlewares/Third_Party/LwIP/src/core/tcp.c **** 
1295:Middlewares/Third_Party/LwIP/src/core/tcp.c ****             /* Reduce congestion window and ssthresh. */
1296:Middlewares/Third_Party/LwIP/src/core/tcp.c ****             eff_wnd = LWIP_MIN(pcb->cwnd, pcb->snd_wnd);
1297:Middlewares/Third_Party/LwIP/src/core/tcp.c ****             pcb->ssthresh = eff_wnd >> 1;
1298:Middlewares/Third_Party/LwIP/src/core/tcp.c ****             if (pcb->ssthresh < (tcpwnd_size_t)(pcb->mss << 1)) {
1299:Middlewares/Third_Party/LwIP/src/core/tcp.c ****               pcb->ssthresh = (tcpwnd_size_t)(pcb->mss << 1);
1300:Middlewares/Third_Party/LwIP/src/core/tcp.c ****             }
1301:Middlewares/Third_Party/LwIP/src/core/tcp.c ****             pcb->cwnd = pcb->mss;
1302:Middlewares/Third_Party/LwIP/src/core/tcp.c ****             LWIP_DEBUGF(TCP_CWND_DEBUG, ("tcp_slowtmr: cwnd %"TCPWNDSIZE_F
1303:Middlewares/Third_Party/LwIP/src/core/tcp.c ****                                          " ssthresh %"TCPWNDSIZE_F"\n",
1304:Middlewares/Third_Party/LwIP/src/core/tcp.c ****                                          pcb->cwnd, pcb->ssthresh));
1305:Middlewares/Third_Party/LwIP/src/core/tcp.c ****             pcb->bytes_acked = 0;
1306:Middlewares/Third_Party/LwIP/src/core/tcp.c **** 
1307:Middlewares/Third_Party/LwIP/src/core/tcp.c ****             /* The following needs to be called AFTER cwnd is set to one
1308:Middlewares/Third_Party/LwIP/src/core/tcp.c ****                mss - STJ */
1309:Middlewares/Third_Party/LwIP/src/core/tcp.c ****             tcp_rexmit_rto_commit(pcb);
1310:Middlewares/Third_Party/LwIP/src/core/tcp.c ****           }
1311:Middlewares/Third_Party/LwIP/src/core/tcp.c ****         }
1312:Middlewares/Third_Party/LwIP/src/core/tcp.c ****       }
1313:Middlewares/Third_Party/LwIP/src/core/tcp.c ****     }
1314:Middlewares/Third_Party/LwIP/src/core/tcp.c ****     /* Check if this PCB has stayed too long in FIN-WAIT-2 */
1315:Middlewares/Third_Party/LwIP/src/core/tcp.c ****     if (pcb->state == FIN_WAIT_2) {
1316:Middlewares/Third_Party/LwIP/src/core/tcp.c ****       /* If this PCB is in FIN_WAIT_2 because of SHUT_WR don't let it time out. */
1317:Middlewares/Third_Party/LwIP/src/core/tcp.c ****       if (pcb->flags & TF_RXCLOSED) {
1318:Middlewares/Third_Party/LwIP/src/core/tcp.c ****         /* PCB was fully closed (either through close() or SHUT_RDWR):
1319:Middlewares/Third_Party/LwIP/src/core/tcp.c ****            normal FIN-WAIT timeout handling. */
1320:Middlewares/Third_Party/LwIP/src/core/tcp.c ****         if ((u32_t)(tcp_ticks - pcb->tmr) >
ARM GAS  /tmp/ccN9yVzV.s 			page 36


1321:Middlewares/Third_Party/LwIP/src/core/tcp.c ****             TCP_FIN_WAIT_TIMEOUT / TCP_SLOW_INTERVAL) {
1322:Middlewares/Third_Party/LwIP/src/core/tcp.c ****           ++pcb_remove;
1323:Middlewares/Third_Party/LwIP/src/core/tcp.c ****           LWIP_DEBUGF(TCP_DEBUG, ("tcp_slowtmr: removing pcb stuck in FIN-WAIT-2\n"));
1324:Middlewares/Third_Party/LwIP/src/core/tcp.c ****         }
1325:Middlewares/Third_Party/LwIP/src/core/tcp.c ****       }
1326:Middlewares/Third_Party/LwIP/src/core/tcp.c ****     }
1327:Middlewares/Third_Party/LwIP/src/core/tcp.c **** 
1328:Middlewares/Third_Party/LwIP/src/core/tcp.c ****     /* Check if KEEPALIVE should be sent */
1329:Middlewares/Third_Party/LwIP/src/core/tcp.c ****     if (ip_get_option(pcb, SOF_KEEPALIVE) &&
1330:Middlewares/Third_Party/LwIP/src/core/tcp.c ****         ((pcb->state == ESTABLISHED) ||
1331:Middlewares/Third_Party/LwIP/src/core/tcp.c ****          (pcb->state == CLOSE_WAIT))) {
1332:Middlewares/Third_Party/LwIP/src/core/tcp.c ****       if ((u32_t)(tcp_ticks - pcb->tmr) >
1333:Middlewares/Third_Party/LwIP/src/core/tcp.c ****           (pcb->keep_idle + TCP_KEEP_DUR(pcb)) / TCP_SLOW_INTERVAL) {
1334:Middlewares/Third_Party/LwIP/src/core/tcp.c ****         LWIP_DEBUGF(TCP_DEBUG, ("tcp_slowtmr: KEEPALIVE timeout. Aborting connection to "));
1335:Middlewares/Third_Party/LwIP/src/core/tcp.c ****         ip_addr_debug_print_val(TCP_DEBUG, pcb->remote_ip);
1336:Middlewares/Third_Party/LwIP/src/core/tcp.c ****         LWIP_DEBUGF(TCP_DEBUG, ("\n"));
1337:Middlewares/Third_Party/LwIP/src/core/tcp.c **** 
1338:Middlewares/Third_Party/LwIP/src/core/tcp.c ****         ++pcb_remove;
1339:Middlewares/Third_Party/LwIP/src/core/tcp.c ****         ++pcb_reset;
1340:Middlewares/Third_Party/LwIP/src/core/tcp.c ****       } else if ((u32_t)(tcp_ticks - pcb->tmr) >
1341:Middlewares/Third_Party/LwIP/src/core/tcp.c ****                  (pcb->keep_idle + pcb->keep_cnt_sent * TCP_KEEP_INTVL(pcb))
1342:Middlewares/Third_Party/LwIP/src/core/tcp.c ****                  / TCP_SLOW_INTERVAL) {
1343:Middlewares/Third_Party/LwIP/src/core/tcp.c ****         err = tcp_keepalive(pcb);
1344:Middlewares/Third_Party/LwIP/src/core/tcp.c ****         if (err == ERR_OK) {
1345:Middlewares/Third_Party/LwIP/src/core/tcp.c ****           pcb->keep_cnt_sent++;
1346:Middlewares/Third_Party/LwIP/src/core/tcp.c ****         }
1347:Middlewares/Third_Party/LwIP/src/core/tcp.c ****       }
1348:Middlewares/Third_Party/LwIP/src/core/tcp.c ****     }
1349:Middlewares/Third_Party/LwIP/src/core/tcp.c **** 
1350:Middlewares/Third_Party/LwIP/src/core/tcp.c ****     /* If this PCB has queued out of sequence data, but has been
1351:Middlewares/Third_Party/LwIP/src/core/tcp.c ****        inactive for too long, will drop the data (it will eventually
1352:Middlewares/Third_Party/LwIP/src/core/tcp.c ****        be retransmitted). */
1353:Middlewares/Third_Party/LwIP/src/core/tcp.c **** #if TCP_QUEUE_OOSEQ
1354:Middlewares/Third_Party/LwIP/src/core/tcp.c ****     if (pcb->ooseq != NULL &&
1355:Middlewares/Third_Party/LwIP/src/core/tcp.c ****         (tcp_ticks - pcb->tmr >= (u32_t)pcb->rto * TCP_OOSEQ_TIMEOUT)) {
1356:Middlewares/Third_Party/LwIP/src/core/tcp.c ****       LWIP_DEBUGF(TCP_CWND_DEBUG, ("tcp_slowtmr: dropping OOSEQ queued data\n"));
1357:Middlewares/Third_Party/LwIP/src/core/tcp.c ****       tcp_free_ooseq(pcb);
1358:Middlewares/Third_Party/LwIP/src/core/tcp.c ****     }
1359:Middlewares/Third_Party/LwIP/src/core/tcp.c **** #endif /* TCP_QUEUE_OOSEQ */
1360:Middlewares/Third_Party/LwIP/src/core/tcp.c **** 
1361:Middlewares/Third_Party/LwIP/src/core/tcp.c ****     /* Check if this PCB has stayed too long in SYN-RCVD */
1362:Middlewares/Third_Party/LwIP/src/core/tcp.c ****     if (pcb->state == SYN_RCVD) {
1363:Middlewares/Third_Party/LwIP/src/core/tcp.c ****       if ((u32_t)(tcp_ticks - pcb->tmr) >
1364:Middlewares/Third_Party/LwIP/src/core/tcp.c ****           TCP_SYN_RCVD_TIMEOUT / TCP_SLOW_INTERVAL) {
1365:Middlewares/Third_Party/LwIP/src/core/tcp.c ****         ++pcb_remove;
1366:Middlewares/Third_Party/LwIP/src/core/tcp.c ****         LWIP_DEBUGF(TCP_DEBUG, ("tcp_slowtmr: removing pcb stuck in SYN-RCVD\n"));
1367:Middlewares/Third_Party/LwIP/src/core/tcp.c ****       }
1368:Middlewares/Third_Party/LwIP/src/core/tcp.c ****     }
1369:Middlewares/Third_Party/LwIP/src/core/tcp.c **** 
1370:Middlewares/Third_Party/LwIP/src/core/tcp.c ****     /* Check if this PCB has stayed too long in LAST-ACK */
1371:Middlewares/Third_Party/LwIP/src/core/tcp.c ****     if (pcb->state == LAST_ACK) {
1372:Middlewares/Third_Party/LwIP/src/core/tcp.c ****       if ((u32_t)(tcp_ticks - pcb->tmr) > 2 * TCP_MSL / TCP_SLOW_INTERVAL) {
1373:Middlewares/Third_Party/LwIP/src/core/tcp.c ****         ++pcb_remove;
1374:Middlewares/Third_Party/LwIP/src/core/tcp.c ****         LWIP_DEBUGF(TCP_DEBUG, ("tcp_slowtmr: removing pcb stuck in LAST-ACK\n"));
1375:Middlewares/Third_Party/LwIP/src/core/tcp.c ****       }
1376:Middlewares/Third_Party/LwIP/src/core/tcp.c ****     }
1377:Middlewares/Third_Party/LwIP/src/core/tcp.c **** 
ARM GAS  /tmp/ccN9yVzV.s 			page 37


1378:Middlewares/Third_Party/LwIP/src/core/tcp.c ****     /* If the PCB should be removed, do it. */
1379:Middlewares/Third_Party/LwIP/src/core/tcp.c ****     if (pcb_remove) {
1380:Middlewares/Third_Party/LwIP/src/core/tcp.c ****       struct tcp_pcb *pcb2;
1381:Middlewares/Third_Party/LwIP/src/core/tcp.c **** #if LWIP_CALLBACK_API
1382:Middlewares/Third_Party/LwIP/src/core/tcp.c ****       tcp_err_fn err_fn = pcb->errf;
1383:Middlewares/Third_Party/LwIP/src/core/tcp.c **** #endif /* LWIP_CALLBACK_API */
1384:Middlewares/Third_Party/LwIP/src/core/tcp.c ****       void *err_arg;
1385:Middlewares/Third_Party/LwIP/src/core/tcp.c ****       enum tcp_state last_state;
1386:Middlewares/Third_Party/LwIP/src/core/tcp.c ****       tcp_pcb_purge(pcb);
1387:Middlewares/Third_Party/LwIP/src/core/tcp.c ****       /* Remove PCB from tcp_active_pcbs list. */
1388:Middlewares/Third_Party/LwIP/src/core/tcp.c ****       if (prev != NULL) {
1389:Middlewares/Third_Party/LwIP/src/core/tcp.c ****         LWIP_ASSERT("tcp_slowtmr: middle tcp != tcp_active_pcbs", pcb != tcp_active_pcbs);
1390:Middlewares/Third_Party/LwIP/src/core/tcp.c ****         prev->next = pcb->next;
1391:Middlewares/Third_Party/LwIP/src/core/tcp.c ****       } else {
1392:Middlewares/Third_Party/LwIP/src/core/tcp.c ****         /* This PCB was the first. */
1393:Middlewares/Third_Party/LwIP/src/core/tcp.c ****         LWIP_ASSERT("tcp_slowtmr: first pcb == tcp_active_pcbs", tcp_active_pcbs == pcb);
1394:Middlewares/Third_Party/LwIP/src/core/tcp.c ****         tcp_active_pcbs = pcb->next;
1395:Middlewares/Third_Party/LwIP/src/core/tcp.c ****       }
1396:Middlewares/Third_Party/LwIP/src/core/tcp.c **** 
1397:Middlewares/Third_Party/LwIP/src/core/tcp.c ****       if (pcb_reset) {
1398:Middlewares/Third_Party/LwIP/src/core/tcp.c ****         tcp_rst(pcb, pcb->snd_nxt, pcb->rcv_nxt, &pcb->local_ip, &pcb->remote_ip,
1399:Middlewares/Third_Party/LwIP/src/core/tcp.c ****                 pcb->local_port, pcb->remote_port);
1400:Middlewares/Third_Party/LwIP/src/core/tcp.c ****       }
1401:Middlewares/Third_Party/LwIP/src/core/tcp.c **** 
1402:Middlewares/Third_Party/LwIP/src/core/tcp.c ****       err_arg = pcb->callback_arg;
1403:Middlewares/Third_Party/LwIP/src/core/tcp.c ****       last_state = pcb->state;
1404:Middlewares/Third_Party/LwIP/src/core/tcp.c ****       pcb2 = pcb;
1405:Middlewares/Third_Party/LwIP/src/core/tcp.c ****       pcb = pcb->next;
1406:Middlewares/Third_Party/LwIP/src/core/tcp.c ****       tcp_free(pcb2);
1407:Middlewares/Third_Party/LwIP/src/core/tcp.c **** 
1408:Middlewares/Third_Party/LwIP/src/core/tcp.c ****       tcp_active_pcbs_changed = 0;
1409:Middlewares/Third_Party/LwIP/src/core/tcp.c ****       TCP_EVENT_ERR(last_state, err_fn, err_arg, ERR_ABRT);
1410:Middlewares/Third_Party/LwIP/src/core/tcp.c ****       if (tcp_active_pcbs_changed) {
1411:Middlewares/Third_Party/LwIP/src/core/tcp.c ****         goto tcp_slowtmr_start;
1412:Middlewares/Third_Party/LwIP/src/core/tcp.c ****       }
1413:Middlewares/Third_Party/LwIP/src/core/tcp.c ****     } else {
1414:Middlewares/Third_Party/LwIP/src/core/tcp.c ****       /* get the 'next' element now and work with 'prev' below (in case of abort) */
1415:Middlewares/Third_Party/LwIP/src/core/tcp.c ****       prev = pcb;
1416:Middlewares/Third_Party/LwIP/src/core/tcp.c ****       pcb = pcb->next;
1417:Middlewares/Third_Party/LwIP/src/core/tcp.c **** 
1418:Middlewares/Third_Party/LwIP/src/core/tcp.c ****       /* We check if we should poll the connection. */
1419:Middlewares/Third_Party/LwIP/src/core/tcp.c ****       ++prev->polltmr;
1420:Middlewares/Third_Party/LwIP/src/core/tcp.c ****       if (prev->polltmr >= prev->pollinterval) {
1421:Middlewares/Third_Party/LwIP/src/core/tcp.c ****         prev->polltmr = 0;
1422:Middlewares/Third_Party/LwIP/src/core/tcp.c ****         LWIP_DEBUGF(TCP_DEBUG, ("tcp_slowtmr: polling application\n"));
1423:Middlewares/Third_Party/LwIP/src/core/tcp.c ****         tcp_active_pcbs_changed = 0;
1424:Middlewares/Third_Party/LwIP/src/core/tcp.c ****         TCP_EVENT_POLL(prev, err);
1425:Middlewares/Third_Party/LwIP/src/core/tcp.c ****         if (tcp_active_pcbs_changed) {
1426:Middlewares/Third_Party/LwIP/src/core/tcp.c ****           goto tcp_slowtmr_start;
1427:Middlewares/Third_Party/LwIP/src/core/tcp.c ****         }
1428:Middlewares/Third_Party/LwIP/src/core/tcp.c ****         /* if err == ERR_ABRT, 'prev' is already deallocated */
1429:Middlewares/Third_Party/LwIP/src/core/tcp.c ****         if (err == ERR_OK) {
1430:Middlewares/Third_Party/LwIP/src/core/tcp.c ****           tcp_output(prev);
1431:Middlewares/Third_Party/LwIP/src/core/tcp.c ****         }
1432:Middlewares/Third_Party/LwIP/src/core/tcp.c ****       }
1433:Middlewares/Third_Party/LwIP/src/core/tcp.c ****     }
1434:Middlewares/Third_Party/LwIP/src/core/tcp.c ****   }
ARM GAS  /tmp/ccN9yVzV.s 			page 38


1435:Middlewares/Third_Party/LwIP/src/core/tcp.c **** 
1436:Middlewares/Third_Party/LwIP/src/core/tcp.c **** 
1437:Middlewares/Third_Party/LwIP/src/core/tcp.c ****   /* Steps through all of the TIME-WAIT PCBs. */
1438:Middlewares/Third_Party/LwIP/src/core/tcp.c ****   prev = NULL;
1439:Middlewares/Third_Party/LwIP/src/core/tcp.c ****   pcb = tcp_tw_pcbs;
1440:Middlewares/Third_Party/LwIP/src/core/tcp.c ****   while (pcb != NULL) {
1441:Middlewares/Third_Party/LwIP/src/core/tcp.c ****     LWIP_ASSERT("tcp_slowtmr: TIME-WAIT pcb->state == TIME-WAIT", pcb->state == TIME_WAIT);
1442:Middlewares/Third_Party/LwIP/src/core/tcp.c ****     pcb_remove = 0;
1443:Middlewares/Third_Party/LwIP/src/core/tcp.c **** 
1444:Middlewares/Third_Party/LwIP/src/core/tcp.c ****     /* Check if this PCB has stayed long enough in TIME-WAIT */
1445:Middlewares/Third_Party/LwIP/src/core/tcp.c ****     if ((u32_t)(tcp_ticks - pcb->tmr) > 2 * TCP_MSL / TCP_SLOW_INTERVAL) {
1446:Middlewares/Third_Party/LwIP/src/core/tcp.c ****       ++pcb_remove;
1447:Middlewares/Third_Party/LwIP/src/core/tcp.c ****     }
1448:Middlewares/Third_Party/LwIP/src/core/tcp.c **** 
1449:Middlewares/Third_Party/LwIP/src/core/tcp.c ****     /* If the PCB should be removed, do it. */
1450:Middlewares/Third_Party/LwIP/src/core/tcp.c ****     if (pcb_remove) {
1451:Middlewares/Third_Party/LwIP/src/core/tcp.c ****       struct tcp_pcb *pcb2;
1452:Middlewares/Third_Party/LwIP/src/core/tcp.c ****       tcp_pcb_purge(pcb);
1453:Middlewares/Third_Party/LwIP/src/core/tcp.c ****       /* Remove PCB from tcp_tw_pcbs list. */
1454:Middlewares/Third_Party/LwIP/src/core/tcp.c ****       if (prev != NULL) {
1455:Middlewares/Third_Party/LwIP/src/core/tcp.c ****         LWIP_ASSERT("tcp_slowtmr: middle tcp != tcp_tw_pcbs", pcb != tcp_tw_pcbs);
1456:Middlewares/Third_Party/LwIP/src/core/tcp.c ****         prev->next = pcb->next;
1457:Middlewares/Third_Party/LwIP/src/core/tcp.c ****       } else {
1458:Middlewares/Third_Party/LwIP/src/core/tcp.c ****         /* This PCB was the first. */
1459:Middlewares/Third_Party/LwIP/src/core/tcp.c ****         LWIP_ASSERT("tcp_slowtmr: first pcb == tcp_tw_pcbs", tcp_tw_pcbs == pcb);
1460:Middlewares/Third_Party/LwIP/src/core/tcp.c ****         tcp_tw_pcbs = pcb->next;
1461:Middlewares/Third_Party/LwIP/src/core/tcp.c ****       }
1462:Middlewares/Third_Party/LwIP/src/core/tcp.c ****       pcb2 = pcb;
1463:Middlewares/Third_Party/LwIP/src/core/tcp.c ****       pcb = pcb->next;
1464:Middlewares/Third_Party/LwIP/src/core/tcp.c ****       tcp_free(pcb2);
1465:Middlewares/Third_Party/LwIP/src/core/tcp.c ****     } else {
1466:Middlewares/Third_Party/LwIP/src/core/tcp.c ****       prev = pcb;
1467:Middlewares/Third_Party/LwIP/src/core/tcp.c ****       pcb = pcb->next;
1468:Middlewares/Third_Party/LwIP/src/core/tcp.c ****     }
1469:Middlewares/Third_Party/LwIP/src/core/tcp.c ****   }
1470:Middlewares/Third_Party/LwIP/src/core/tcp.c **** }
1471:Middlewares/Third_Party/LwIP/src/core/tcp.c **** 
1472:Middlewares/Third_Party/LwIP/src/core/tcp.c **** /**
1473:Middlewares/Third_Party/LwIP/src/core/tcp.c ****  * Is called every TCP_FAST_INTERVAL (250 ms) and process data previously
1474:Middlewares/Third_Party/LwIP/src/core/tcp.c ****  * "refused" by upper layer (application) and sends delayed ACKs or pending FINs.
1475:Middlewares/Third_Party/LwIP/src/core/tcp.c ****  *
1476:Middlewares/Third_Party/LwIP/src/core/tcp.c ****  * Automatically called from tcp_tmr().
1477:Middlewares/Third_Party/LwIP/src/core/tcp.c ****  */
1478:Middlewares/Third_Party/LwIP/src/core/tcp.c **** void
1479:Middlewares/Third_Party/LwIP/src/core/tcp.c **** tcp_fasttmr(void)
1480:Middlewares/Third_Party/LwIP/src/core/tcp.c **** {
1481:Middlewares/Third_Party/LwIP/src/core/tcp.c ****   struct tcp_pcb *pcb;
1482:Middlewares/Third_Party/LwIP/src/core/tcp.c **** 
1483:Middlewares/Third_Party/LwIP/src/core/tcp.c ****   ++tcp_timer_ctr;
1484:Middlewares/Third_Party/LwIP/src/core/tcp.c **** 
1485:Middlewares/Third_Party/LwIP/src/core/tcp.c **** tcp_fasttmr_start:
1486:Middlewares/Third_Party/LwIP/src/core/tcp.c ****   pcb = tcp_active_pcbs;
1487:Middlewares/Third_Party/LwIP/src/core/tcp.c **** 
1488:Middlewares/Third_Party/LwIP/src/core/tcp.c ****   while (pcb != NULL) {
1489:Middlewares/Third_Party/LwIP/src/core/tcp.c ****     if (pcb->last_timer != tcp_timer_ctr) {
1490:Middlewares/Third_Party/LwIP/src/core/tcp.c ****       struct tcp_pcb *next;
1491:Middlewares/Third_Party/LwIP/src/core/tcp.c ****       pcb->last_timer = tcp_timer_ctr;
ARM GAS  /tmp/ccN9yVzV.s 			page 39


1492:Middlewares/Third_Party/LwIP/src/core/tcp.c ****       /* send delayed ACKs */
1493:Middlewares/Third_Party/LwIP/src/core/tcp.c ****       if (pcb->flags & TF_ACK_DELAY) {
1494:Middlewares/Third_Party/LwIP/src/core/tcp.c ****         LWIP_DEBUGF(TCP_DEBUG, ("tcp_fasttmr: delayed ACK\n"));
1495:Middlewares/Third_Party/LwIP/src/core/tcp.c ****         tcp_ack_now(pcb);
1496:Middlewares/Third_Party/LwIP/src/core/tcp.c ****         tcp_output(pcb);
1497:Middlewares/Third_Party/LwIP/src/core/tcp.c ****         tcp_clear_flags(pcb, TF_ACK_DELAY | TF_ACK_NOW);
1498:Middlewares/Third_Party/LwIP/src/core/tcp.c ****       }
1499:Middlewares/Third_Party/LwIP/src/core/tcp.c ****       /* send pending FIN */
1500:Middlewares/Third_Party/LwIP/src/core/tcp.c ****       if (pcb->flags & TF_CLOSEPEND) {
1501:Middlewares/Third_Party/LwIP/src/core/tcp.c ****         LWIP_DEBUGF(TCP_DEBUG, ("tcp_fasttmr: pending FIN\n"));
1502:Middlewares/Third_Party/LwIP/src/core/tcp.c ****         tcp_clear_flags(pcb, TF_CLOSEPEND);
1503:Middlewares/Third_Party/LwIP/src/core/tcp.c ****         tcp_close_shutdown_fin(pcb);
1504:Middlewares/Third_Party/LwIP/src/core/tcp.c ****       }
1505:Middlewares/Third_Party/LwIP/src/core/tcp.c **** 
1506:Middlewares/Third_Party/LwIP/src/core/tcp.c ****       next = pcb->next;
1507:Middlewares/Third_Party/LwIP/src/core/tcp.c **** 
1508:Middlewares/Third_Party/LwIP/src/core/tcp.c ****       /* If there is data which was previously "refused" by upper layer */
1509:Middlewares/Third_Party/LwIP/src/core/tcp.c ****       if (pcb->refused_data != NULL) {
1510:Middlewares/Third_Party/LwIP/src/core/tcp.c ****         tcp_active_pcbs_changed = 0;
1511:Middlewares/Third_Party/LwIP/src/core/tcp.c ****         tcp_process_refused_data(pcb);
1512:Middlewares/Third_Party/LwIP/src/core/tcp.c ****         if (tcp_active_pcbs_changed) {
1513:Middlewares/Third_Party/LwIP/src/core/tcp.c ****           /* application callback has changed the pcb list: restart the loop */
1514:Middlewares/Third_Party/LwIP/src/core/tcp.c ****           goto tcp_fasttmr_start;
1515:Middlewares/Third_Party/LwIP/src/core/tcp.c ****         }
1516:Middlewares/Third_Party/LwIP/src/core/tcp.c ****       }
1517:Middlewares/Third_Party/LwIP/src/core/tcp.c ****       pcb = next;
1518:Middlewares/Third_Party/LwIP/src/core/tcp.c ****     } else {
1519:Middlewares/Third_Party/LwIP/src/core/tcp.c ****       pcb = pcb->next;
1520:Middlewares/Third_Party/LwIP/src/core/tcp.c ****     }
1521:Middlewares/Third_Party/LwIP/src/core/tcp.c ****   }
1522:Middlewares/Third_Party/LwIP/src/core/tcp.c **** }
1523:Middlewares/Third_Party/LwIP/src/core/tcp.c **** 
1524:Middlewares/Third_Party/LwIP/src/core/tcp.c **** /** Call tcp_output for all active pcbs that have TF_NAGLEMEMERR set */
1525:Middlewares/Third_Party/LwIP/src/core/tcp.c **** void
1526:Middlewares/Third_Party/LwIP/src/core/tcp.c **** tcp_txnow(void)
1527:Middlewares/Third_Party/LwIP/src/core/tcp.c **** {
1528:Middlewares/Third_Party/LwIP/src/core/tcp.c ****   struct tcp_pcb *pcb;
1529:Middlewares/Third_Party/LwIP/src/core/tcp.c **** 
1530:Middlewares/Third_Party/LwIP/src/core/tcp.c ****   for (pcb = tcp_active_pcbs; pcb != NULL; pcb = pcb->next) {
1531:Middlewares/Third_Party/LwIP/src/core/tcp.c ****     if (pcb->flags & TF_NAGLEMEMERR) {
1532:Middlewares/Third_Party/LwIP/src/core/tcp.c ****       tcp_output(pcb);
1533:Middlewares/Third_Party/LwIP/src/core/tcp.c ****     }
1534:Middlewares/Third_Party/LwIP/src/core/tcp.c ****   }
1535:Middlewares/Third_Party/LwIP/src/core/tcp.c **** }
1536:Middlewares/Third_Party/LwIP/src/core/tcp.c **** 
1537:Middlewares/Third_Party/LwIP/src/core/tcp.c **** /** Pass pcb->refused_data to the recv callback */
1538:Middlewares/Third_Party/LwIP/src/core/tcp.c **** err_t
1539:Middlewares/Third_Party/LwIP/src/core/tcp.c **** tcp_process_refused_data(struct tcp_pcb *pcb)
1540:Middlewares/Third_Party/LwIP/src/core/tcp.c **** {
1541:Middlewares/Third_Party/LwIP/src/core/tcp.c **** #if TCP_QUEUE_OOSEQ && LWIP_WND_SCALE
1542:Middlewares/Third_Party/LwIP/src/core/tcp.c ****   struct pbuf *rest;
1543:Middlewares/Third_Party/LwIP/src/core/tcp.c **** #endif /* TCP_QUEUE_OOSEQ && LWIP_WND_SCALE */
1544:Middlewares/Third_Party/LwIP/src/core/tcp.c **** 
1545:Middlewares/Third_Party/LwIP/src/core/tcp.c ****   LWIP_ERROR("tcp_process_refused_data: invalid pcb", pcb != NULL, return ERR_ARG);
1546:Middlewares/Third_Party/LwIP/src/core/tcp.c **** 
1547:Middlewares/Third_Party/LwIP/src/core/tcp.c **** #if TCP_QUEUE_OOSEQ && LWIP_WND_SCALE
1548:Middlewares/Third_Party/LwIP/src/core/tcp.c ****   while (pcb->refused_data != NULL)
ARM GAS  /tmp/ccN9yVzV.s 			page 40


1549:Middlewares/Third_Party/LwIP/src/core/tcp.c **** #endif /* TCP_QUEUE_OOSEQ && LWIP_WND_SCALE */
1550:Middlewares/Third_Party/LwIP/src/core/tcp.c ****   {
1551:Middlewares/Third_Party/LwIP/src/core/tcp.c ****     err_t err;
1552:Middlewares/Third_Party/LwIP/src/core/tcp.c ****     u8_t refused_flags = pcb->refused_data->flags;
1553:Middlewares/Third_Party/LwIP/src/core/tcp.c ****     /* set pcb->refused_data to NULL in case the callback frees it and then
1554:Middlewares/Third_Party/LwIP/src/core/tcp.c ****        closes the pcb */
1555:Middlewares/Third_Party/LwIP/src/core/tcp.c ****     struct pbuf *refused_data = pcb->refused_data;
1556:Middlewares/Third_Party/LwIP/src/core/tcp.c **** #if TCP_QUEUE_OOSEQ && LWIP_WND_SCALE
1557:Middlewares/Third_Party/LwIP/src/core/tcp.c ****     pbuf_split_64k(refused_data, &rest);
1558:Middlewares/Third_Party/LwIP/src/core/tcp.c ****     pcb->refused_data = rest;
1559:Middlewares/Third_Party/LwIP/src/core/tcp.c **** #else /* TCP_QUEUE_OOSEQ && LWIP_WND_SCALE */
1560:Middlewares/Third_Party/LwIP/src/core/tcp.c ****     pcb->refused_data = NULL;
1561:Middlewares/Third_Party/LwIP/src/core/tcp.c **** #endif /* TCP_QUEUE_OOSEQ && LWIP_WND_SCALE */
1562:Middlewares/Third_Party/LwIP/src/core/tcp.c ****     /* Notify again application with data previously received. */
1563:Middlewares/Third_Party/LwIP/src/core/tcp.c ****     LWIP_DEBUGF(TCP_INPUT_DEBUG, ("tcp_input: notify kept packet\n"));
1564:Middlewares/Third_Party/LwIP/src/core/tcp.c ****     TCP_EVENT_RECV(pcb, refused_data, ERR_OK, err);
1565:Middlewares/Third_Party/LwIP/src/core/tcp.c ****     if (err == ERR_OK) {
1566:Middlewares/Third_Party/LwIP/src/core/tcp.c ****       /* did refused_data include a FIN? */
1567:Middlewares/Third_Party/LwIP/src/core/tcp.c ****       if ((refused_flags & PBUF_FLAG_TCP_FIN)
1568:Middlewares/Third_Party/LwIP/src/core/tcp.c **** #if TCP_QUEUE_OOSEQ && LWIP_WND_SCALE
1569:Middlewares/Third_Party/LwIP/src/core/tcp.c ****           && (rest == NULL)
1570:Middlewares/Third_Party/LwIP/src/core/tcp.c **** #endif /* TCP_QUEUE_OOSEQ && LWIP_WND_SCALE */
1571:Middlewares/Third_Party/LwIP/src/core/tcp.c ****          ) {
1572:Middlewares/Third_Party/LwIP/src/core/tcp.c ****         /* correct rcv_wnd as the application won't call tcp_recved()
1573:Middlewares/Third_Party/LwIP/src/core/tcp.c ****            for the FIN's seqno */
1574:Middlewares/Third_Party/LwIP/src/core/tcp.c ****         if (pcb->rcv_wnd != TCP_WND_MAX(pcb)) {
1575:Middlewares/Third_Party/LwIP/src/core/tcp.c ****           pcb->rcv_wnd++;
1576:Middlewares/Third_Party/LwIP/src/core/tcp.c ****         }
1577:Middlewares/Third_Party/LwIP/src/core/tcp.c ****         TCP_EVENT_CLOSED(pcb, err);
1578:Middlewares/Third_Party/LwIP/src/core/tcp.c ****         if (err == ERR_ABRT) {
1579:Middlewares/Third_Party/LwIP/src/core/tcp.c ****           return ERR_ABRT;
1580:Middlewares/Third_Party/LwIP/src/core/tcp.c ****         }
1581:Middlewares/Third_Party/LwIP/src/core/tcp.c ****       }
1582:Middlewares/Third_Party/LwIP/src/core/tcp.c ****     } else if (err == ERR_ABRT) {
1583:Middlewares/Third_Party/LwIP/src/core/tcp.c ****       /* if err == ERR_ABRT, 'pcb' is already deallocated */
1584:Middlewares/Third_Party/LwIP/src/core/tcp.c ****       /* Drop incoming packets because pcb is "full" (only if the incoming
1585:Middlewares/Third_Party/LwIP/src/core/tcp.c ****          segment contains data). */
1586:Middlewares/Third_Party/LwIP/src/core/tcp.c ****       LWIP_DEBUGF(TCP_INPUT_DEBUG, ("tcp_input: drop incoming packets, because pcb is \"full\"\n"))
1587:Middlewares/Third_Party/LwIP/src/core/tcp.c ****       return ERR_ABRT;
1588:Middlewares/Third_Party/LwIP/src/core/tcp.c ****     } else {
1589:Middlewares/Third_Party/LwIP/src/core/tcp.c ****       /* data is still refused, pbuf is still valid (go on for ACK-only packets) */
1590:Middlewares/Third_Party/LwIP/src/core/tcp.c **** #if TCP_QUEUE_OOSEQ && LWIP_WND_SCALE
1591:Middlewares/Third_Party/LwIP/src/core/tcp.c ****       if (rest != NULL) {
1592:Middlewares/Third_Party/LwIP/src/core/tcp.c ****         pbuf_cat(refused_data, rest);
1593:Middlewares/Third_Party/LwIP/src/core/tcp.c ****       }
1594:Middlewares/Third_Party/LwIP/src/core/tcp.c **** #endif /* TCP_QUEUE_OOSEQ && LWIP_WND_SCALE */
1595:Middlewares/Third_Party/LwIP/src/core/tcp.c ****       pcb->refused_data = refused_data;
1596:Middlewares/Third_Party/LwIP/src/core/tcp.c ****       return ERR_INPROGRESS;
1597:Middlewares/Third_Party/LwIP/src/core/tcp.c ****     }
1598:Middlewares/Third_Party/LwIP/src/core/tcp.c ****   }
1599:Middlewares/Third_Party/LwIP/src/core/tcp.c ****   return ERR_OK;
1600:Middlewares/Third_Party/LwIP/src/core/tcp.c **** }
1601:Middlewares/Third_Party/LwIP/src/core/tcp.c **** 
1602:Middlewares/Third_Party/LwIP/src/core/tcp.c **** /**
1603:Middlewares/Third_Party/LwIP/src/core/tcp.c ****  * Deallocates a list of TCP segments (tcp_seg structures).
1604:Middlewares/Third_Party/LwIP/src/core/tcp.c ****  *
1605:Middlewares/Third_Party/LwIP/src/core/tcp.c ****  * @param seg tcp_seg list of TCP segments to free
ARM GAS  /tmp/ccN9yVzV.s 			page 41


1606:Middlewares/Third_Party/LwIP/src/core/tcp.c ****  */
1607:Middlewares/Third_Party/LwIP/src/core/tcp.c **** void
1608:Middlewares/Third_Party/LwIP/src/core/tcp.c **** tcp_segs_free(struct tcp_seg *seg)
1609:Middlewares/Third_Party/LwIP/src/core/tcp.c **** {
1610:Middlewares/Third_Party/LwIP/src/core/tcp.c ****   while (seg != NULL) {
1611:Middlewares/Third_Party/LwIP/src/core/tcp.c ****     struct tcp_seg *next = seg->next;
1612:Middlewares/Third_Party/LwIP/src/core/tcp.c ****     tcp_seg_free(seg);
1613:Middlewares/Third_Party/LwIP/src/core/tcp.c ****     seg = next;
1614:Middlewares/Third_Party/LwIP/src/core/tcp.c ****   }
1615:Middlewares/Third_Party/LwIP/src/core/tcp.c **** }
1616:Middlewares/Third_Party/LwIP/src/core/tcp.c **** 
1617:Middlewares/Third_Party/LwIP/src/core/tcp.c **** /**
1618:Middlewares/Third_Party/LwIP/src/core/tcp.c ****  * Frees a TCP segment (tcp_seg structure).
1619:Middlewares/Third_Party/LwIP/src/core/tcp.c ****  *
1620:Middlewares/Third_Party/LwIP/src/core/tcp.c ****  * @param seg single tcp_seg to free
1621:Middlewares/Third_Party/LwIP/src/core/tcp.c ****  */
1622:Middlewares/Third_Party/LwIP/src/core/tcp.c **** void
1623:Middlewares/Third_Party/LwIP/src/core/tcp.c **** tcp_seg_free(struct tcp_seg *seg)
1624:Middlewares/Third_Party/LwIP/src/core/tcp.c **** {
1625:Middlewares/Third_Party/LwIP/src/core/tcp.c ****   if (seg != NULL) {
1626:Middlewares/Third_Party/LwIP/src/core/tcp.c ****     if (seg->p != NULL) {
1627:Middlewares/Third_Party/LwIP/src/core/tcp.c ****       pbuf_free(seg->p);
1628:Middlewares/Third_Party/LwIP/src/core/tcp.c **** #if TCP_DEBUG
1629:Middlewares/Third_Party/LwIP/src/core/tcp.c ****       seg->p = NULL;
1630:Middlewares/Third_Party/LwIP/src/core/tcp.c **** #endif /* TCP_DEBUG */
1631:Middlewares/Third_Party/LwIP/src/core/tcp.c ****     }
1632:Middlewares/Third_Party/LwIP/src/core/tcp.c ****     memp_free(MEMP_TCP_SEG, seg);
1633:Middlewares/Third_Party/LwIP/src/core/tcp.c ****   }
1634:Middlewares/Third_Party/LwIP/src/core/tcp.c **** }
1635:Middlewares/Third_Party/LwIP/src/core/tcp.c **** 
1636:Middlewares/Third_Party/LwIP/src/core/tcp.c **** /**
1637:Middlewares/Third_Party/LwIP/src/core/tcp.c ****  * @ingroup tcp
1638:Middlewares/Third_Party/LwIP/src/core/tcp.c ****  * Sets the priority of a connection.
1639:Middlewares/Third_Party/LwIP/src/core/tcp.c ****  *
1640:Middlewares/Third_Party/LwIP/src/core/tcp.c ****  * @param pcb the tcp_pcb to manipulate
1641:Middlewares/Third_Party/LwIP/src/core/tcp.c ****  * @param prio new priority
1642:Middlewares/Third_Party/LwIP/src/core/tcp.c ****  */
1643:Middlewares/Third_Party/LwIP/src/core/tcp.c **** void
1644:Middlewares/Third_Party/LwIP/src/core/tcp.c **** tcp_setprio(struct tcp_pcb *pcb, u8_t prio)
1645:Middlewares/Third_Party/LwIP/src/core/tcp.c **** {
1646:Middlewares/Third_Party/LwIP/src/core/tcp.c ****   LWIP_ASSERT_CORE_LOCKED();
1647:Middlewares/Third_Party/LwIP/src/core/tcp.c **** 
1648:Middlewares/Third_Party/LwIP/src/core/tcp.c ****   LWIP_ERROR("tcp_setprio: invalid pcb", pcb != NULL, return);
1649:Middlewares/Third_Party/LwIP/src/core/tcp.c **** 
1650:Middlewares/Third_Party/LwIP/src/core/tcp.c ****   pcb->prio = prio;
1651:Middlewares/Third_Party/LwIP/src/core/tcp.c **** }
1652:Middlewares/Third_Party/LwIP/src/core/tcp.c **** 
1653:Middlewares/Third_Party/LwIP/src/core/tcp.c **** #if TCP_QUEUE_OOSEQ
1654:Middlewares/Third_Party/LwIP/src/core/tcp.c **** /**
1655:Middlewares/Third_Party/LwIP/src/core/tcp.c ****  * Returns a copy of the given TCP segment.
1656:Middlewares/Third_Party/LwIP/src/core/tcp.c ****  * The pbuf and data are not copied, only the pointers
1657:Middlewares/Third_Party/LwIP/src/core/tcp.c ****  *
1658:Middlewares/Third_Party/LwIP/src/core/tcp.c ****  * @param seg the old tcp_seg
1659:Middlewares/Third_Party/LwIP/src/core/tcp.c ****  * @return a copy of seg
1660:Middlewares/Third_Party/LwIP/src/core/tcp.c ****  */
1661:Middlewares/Third_Party/LwIP/src/core/tcp.c **** struct tcp_seg *
1662:Middlewares/Third_Party/LwIP/src/core/tcp.c **** tcp_seg_copy(struct tcp_seg *seg)
ARM GAS  /tmp/ccN9yVzV.s 			page 42


1663:Middlewares/Third_Party/LwIP/src/core/tcp.c **** {
1664:Middlewares/Third_Party/LwIP/src/core/tcp.c ****   struct tcp_seg *cseg;
1665:Middlewares/Third_Party/LwIP/src/core/tcp.c **** 
1666:Middlewares/Third_Party/LwIP/src/core/tcp.c ****   LWIP_ASSERT("tcp_seg_copy: invalid seg", seg != NULL);
1667:Middlewares/Third_Party/LwIP/src/core/tcp.c **** 
1668:Middlewares/Third_Party/LwIP/src/core/tcp.c ****   cseg = (struct tcp_seg *)memp_malloc(MEMP_TCP_SEG);
1669:Middlewares/Third_Party/LwIP/src/core/tcp.c ****   if (cseg == NULL) {
1670:Middlewares/Third_Party/LwIP/src/core/tcp.c ****     return NULL;
1671:Middlewares/Third_Party/LwIP/src/core/tcp.c ****   }
1672:Middlewares/Third_Party/LwIP/src/core/tcp.c ****   SMEMCPY((u8_t *)cseg, (const u8_t *)seg, sizeof(struct tcp_seg));
1673:Middlewares/Third_Party/LwIP/src/core/tcp.c ****   pbuf_ref(cseg->p);
1674:Middlewares/Third_Party/LwIP/src/core/tcp.c ****   return cseg;
1675:Middlewares/Third_Party/LwIP/src/core/tcp.c **** }
1676:Middlewares/Third_Party/LwIP/src/core/tcp.c **** #endif /* TCP_QUEUE_OOSEQ */
1677:Middlewares/Third_Party/LwIP/src/core/tcp.c **** 
1678:Middlewares/Third_Party/LwIP/src/core/tcp.c **** #if LWIP_CALLBACK_API
1679:Middlewares/Third_Party/LwIP/src/core/tcp.c **** /**
1680:Middlewares/Third_Party/LwIP/src/core/tcp.c ****  * Default receive callback that is called if the user didn't register
1681:Middlewares/Third_Party/LwIP/src/core/tcp.c ****  * a recv callback for the pcb.
1682:Middlewares/Third_Party/LwIP/src/core/tcp.c ****  */
1683:Middlewares/Third_Party/LwIP/src/core/tcp.c **** err_t
1684:Middlewares/Third_Party/LwIP/src/core/tcp.c **** tcp_recv_null(void *arg, struct tcp_pcb *pcb, struct pbuf *p, err_t err)
1685:Middlewares/Third_Party/LwIP/src/core/tcp.c **** {
1686:Middlewares/Third_Party/LwIP/src/core/tcp.c ****   LWIP_UNUSED_ARG(arg);
1687:Middlewares/Third_Party/LwIP/src/core/tcp.c **** 
1688:Middlewares/Third_Party/LwIP/src/core/tcp.c ****   LWIP_ERROR("tcp_recv_null: invalid pcb", pcb != NULL, return ERR_ARG);
1689:Middlewares/Third_Party/LwIP/src/core/tcp.c **** 
1690:Middlewares/Third_Party/LwIP/src/core/tcp.c ****   if (p != NULL) {
1691:Middlewares/Third_Party/LwIP/src/core/tcp.c ****     tcp_recved(pcb, p->tot_len);
1692:Middlewares/Third_Party/LwIP/src/core/tcp.c ****     pbuf_free(p);
1693:Middlewares/Third_Party/LwIP/src/core/tcp.c ****   } else if (err == ERR_OK) {
1694:Middlewares/Third_Party/LwIP/src/core/tcp.c ****     return tcp_close(pcb);
1695:Middlewares/Third_Party/LwIP/src/core/tcp.c ****   }
1696:Middlewares/Third_Party/LwIP/src/core/tcp.c ****   return ERR_OK;
1697:Middlewares/Third_Party/LwIP/src/core/tcp.c **** }
1698:Middlewares/Third_Party/LwIP/src/core/tcp.c **** #endif /* LWIP_CALLBACK_API */
1699:Middlewares/Third_Party/LwIP/src/core/tcp.c **** 
1700:Middlewares/Third_Party/LwIP/src/core/tcp.c **** /**
1701:Middlewares/Third_Party/LwIP/src/core/tcp.c ****  * Kills the oldest active connection that has a lower priority than 'prio'.
1702:Middlewares/Third_Party/LwIP/src/core/tcp.c ****  *
1703:Middlewares/Third_Party/LwIP/src/core/tcp.c ****  * @param prio minimum priority
1704:Middlewares/Third_Party/LwIP/src/core/tcp.c ****  */
1705:Middlewares/Third_Party/LwIP/src/core/tcp.c **** static void
1706:Middlewares/Third_Party/LwIP/src/core/tcp.c **** tcp_kill_prio(u8_t prio)
1707:Middlewares/Third_Party/LwIP/src/core/tcp.c **** {
1708:Middlewares/Third_Party/LwIP/src/core/tcp.c ****   struct tcp_pcb *pcb, *inactive;
1709:Middlewares/Third_Party/LwIP/src/core/tcp.c ****   u32_t inactivity;
1710:Middlewares/Third_Party/LwIP/src/core/tcp.c ****   u8_t mprio;
1711:Middlewares/Third_Party/LwIP/src/core/tcp.c **** 
1712:Middlewares/Third_Party/LwIP/src/core/tcp.c ****   mprio = LWIP_MIN(TCP_PRIO_MAX, prio);
1713:Middlewares/Third_Party/LwIP/src/core/tcp.c **** 
1714:Middlewares/Third_Party/LwIP/src/core/tcp.c ****   /* We want to kill connections with a lower prio, so bail out if 
1715:Middlewares/Third_Party/LwIP/src/core/tcp.c ****    * supplied prio is 0 - there can never be a lower prio
1716:Middlewares/Third_Party/LwIP/src/core/tcp.c ****    */
1717:Middlewares/Third_Party/LwIP/src/core/tcp.c ****   if (mprio == 0) {
1718:Middlewares/Third_Party/LwIP/src/core/tcp.c ****     return;
1719:Middlewares/Third_Party/LwIP/src/core/tcp.c ****   }
ARM GAS  /tmp/ccN9yVzV.s 			page 43


1720:Middlewares/Third_Party/LwIP/src/core/tcp.c **** 
1721:Middlewares/Third_Party/LwIP/src/core/tcp.c ****   /* We only want kill connections with a lower prio, so decrement prio by one 
1722:Middlewares/Third_Party/LwIP/src/core/tcp.c ****    * and start searching for oldest connection with same or lower priority than mprio.
1723:Middlewares/Third_Party/LwIP/src/core/tcp.c ****    * We want to find the connections with the lowest possible prio, and among
1724:Middlewares/Third_Party/LwIP/src/core/tcp.c ****    * these the one with the longest inactivity time.
1725:Middlewares/Third_Party/LwIP/src/core/tcp.c ****    */
1726:Middlewares/Third_Party/LwIP/src/core/tcp.c ****   mprio--;
1727:Middlewares/Third_Party/LwIP/src/core/tcp.c **** 
1728:Middlewares/Third_Party/LwIP/src/core/tcp.c ****   inactivity = 0;
1729:Middlewares/Third_Party/LwIP/src/core/tcp.c ****   inactive = NULL;
1730:Middlewares/Third_Party/LwIP/src/core/tcp.c ****   for (pcb = tcp_active_pcbs; pcb != NULL; pcb = pcb->next) {
1731:Middlewares/Third_Party/LwIP/src/core/tcp.c ****         /* lower prio is always a kill candidate */
1732:Middlewares/Third_Party/LwIP/src/core/tcp.c ****     if ((pcb->prio < mprio) ||
1733:Middlewares/Third_Party/LwIP/src/core/tcp.c ****         /* longer inactivity is also a kill candidate */
1734:Middlewares/Third_Party/LwIP/src/core/tcp.c ****         ((pcb->prio == mprio) && ((u32_t)(tcp_ticks - pcb->tmr) >= inactivity))) {
1735:Middlewares/Third_Party/LwIP/src/core/tcp.c ****       inactivity = tcp_ticks - pcb->tmr;
1736:Middlewares/Third_Party/LwIP/src/core/tcp.c ****       inactive   = pcb;
1737:Middlewares/Third_Party/LwIP/src/core/tcp.c ****       mprio      = pcb->prio;
1738:Middlewares/Third_Party/LwIP/src/core/tcp.c ****     }
1739:Middlewares/Third_Party/LwIP/src/core/tcp.c ****   }
1740:Middlewares/Third_Party/LwIP/src/core/tcp.c ****   if (inactive != NULL) {
1741:Middlewares/Third_Party/LwIP/src/core/tcp.c ****     LWIP_DEBUGF(TCP_DEBUG, ("tcp_kill_prio: killing oldest PCB %p (%"S32_F")\n",
1742:Middlewares/Third_Party/LwIP/src/core/tcp.c ****                             (void *)inactive, inactivity));
1743:Middlewares/Third_Party/LwIP/src/core/tcp.c ****     tcp_abort(inactive);
1744:Middlewares/Third_Party/LwIP/src/core/tcp.c ****   }
1745:Middlewares/Third_Party/LwIP/src/core/tcp.c **** }
1746:Middlewares/Third_Party/LwIP/src/core/tcp.c **** 
1747:Middlewares/Third_Party/LwIP/src/core/tcp.c **** /**
1748:Middlewares/Third_Party/LwIP/src/core/tcp.c ****  * Kills the oldest connection that is in specific state.
1749:Middlewares/Third_Party/LwIP/src/core/tcp.c ****  * Called from tcp_alloc() for LAST_ACK and CLOSING if no more connections are available.
1750:Middlewares/Third_Party/LwIP/src/core/tcp.c ****  */
1751:Middlewares/Third_Party/LwIP/src/core/tcp.c **** static void
1752:Middlewares/Third_Party/LwIP/src/core/tcp.c **** tcp_kill_state(enum tcp_state state)
1753:Middlewares/Third_Party/LwIP/src/core/tcp.c **** {
1754:Middlewares/Third_Party/LwIP/src/core/tcp.c ****   struct tcp_pcb *pcb, *inactive;
1755:Middlewares/Third_Party/LwIP/src/core/tcp.c ****   u32_t inactivity;
1756:Middlewares/Third_Party/LwIP/src/core/tcp.c **** 
1757:Middlewares/Third_Party/LwIP/src/core/tcp.c ****   LWIP_ASSERT("invalid state", (state == CLOSING) || (state == LAST_ACK));
1758:Middlewares/Third_Party/LwIP/src/core/tcp.c **** 
1759:Middlewares/Third_Party/LwIP/src/core/tcp.c ****   inactivity = 0;
1760:Middlewares/Third_Party/LwIP/src/core/tcp.c ****   inactive = NULL;
1761:Middlewares/Third_Party/LwIP/src/core/tcp.c ****   /* Go through the list of active pcbs and get the oldest pcb that is in state
1762:Middlewares/Third_Party/LwIP/src/core/tcp.c ****      CLOSING/LAST_ACK. */
1763:Middlewares/Third_Party/LwIP/src/core/tcp.c ****   for (pcb = tcp_active_pcbs; pcb != NULL; pcb = pcb->next) {
1764:Middlewares/Third_Party/LwIP/src/core/tcp.c ****     if (pcb->state == state) {
1765:Middlewares/Third_Party/LwIP/src/core/tcp.c ****       if ((u32_t)(tcp_ticks - pcb->tmr) >= inactivity) {
1766:Middlewares/Third_Party/LwIP/src/core/tcp.c ****         inactivity = tcp_ticks - pcb->tmr;
1767:Middlewares/Third_Party/LwIP/src/core/tcp.c ****         inactive = pcb;
1768:Middlewares/Third_Party/LwIP/src/core/tcp.c ****       }
1769:Middlewares/Third_Party/LwIP/src/core/tcp.c ****     }
1770:Middlewares/Third_Party/LwIP/src/core/tcp.c ****   }
1771:Middlewares/Third_Party/LwIP/src/core/tcp.c ****   if (inactive != NULL) {
1772:Middlewares/Third_Party/LwIP/src/core/tcp.c ****     LWIP_DEBUGF(TCP_DEBUG, ("tcp_kill_closing: killing oldest %s PCB %p (%"S32_F")\n",
1773:Middlewares/Third_Party/LwIP/src/core/tcp.c ****                             tcp_state_str[state], (void *)inactive, inactivity));
1774:Middlewares/Third_Party/LwIP/src/core/tcp.c ****     /* Don't send a RST, since no data is lost. */
1775:Middlewares/Third_Party/LwIP/src/core/tcp.c ****     tcp_abandon(inactive, 0);
1776:Middlewares/Third_Party/LwIP/src/core/tcp.c ****   }
ARM GAS  /tmp/ccN9yVzV.s 			page 44


1777:Middlewares/Third_Party/LwIP/src/core/tcp.c **** }
1778:Middlewares/Third_Party/LwIP/src/core/tcp.c **** 
1779:Middlewares/Third_Party/LwIP/src/core/tcp.c **** /**
1780:Middlewares/Third_Party/LwIP/src/core/tcp.c ****  * Kills the oldest connection that is in TIME_WAIT state.
1781:Middlewares/Third_Party/LwIP/src/core/tcp.c ****  * Called from tcp_alloc() if no more connections are available.
1782:Middlewares/Third_Party/LwIP/src/core/tcp.c ****  */
1783:Middlewares/Third_Party/LwIP/src/core/tcp.c **** static void
1784:Middlewares/Third_Party/LwIP/src/core/tcp.c **** tcp_kill_timewait(void)
1785:Middlewares/Third_Party/LwIP/src/core/tcp.c **** {
1786:Middlewares/Third_Party/LwIP/src/core/tcp.c ****   struct tcp_pcb *pcb, *inactive;
1787:Middlewares/Third_Party/LwIP/src/core/tcp.c ****   u32_t inactivity;
1788:Middlewares/Third_Party/LwIP/src/core/tcp.c **** 
1789:Middlewares/Third_Party/LwIP/src/core/tcp.c ****   inactivity = 0;
1790:Middlewares/Third_Party/LwIP/src/core/tcp.c ****   inactive = NULL;
1791:Middlewares/Third_Party/LwIP/src/core/tcp.c ****   /* Go through the list of TIME_WAIT pcbs and get the oldest pcb. */
1792:Middlewares/Third_Party/LwIP/src/core/tcp.c ****   for (pcb = tcp_tw_pcbs; pcb != NULL; pcb = pcb->next) {
1793:Middlewares/Third_Party/LwIP/src/core/tcp.c ****     if ((u32_t)(tcp_ticks - pcb->tmr) >= inactivity) {
1794:Middlewares/Third_Party/LwIP/src/core/tcp.c ****       inactivity = tcp_ticks - pcb->tmr;
1795:Middlewares/Third_Party/LwIP/src/core/tcp.c ****       inactive = pcb;
1796:Middlewares/Third_Party/LwIP/src/core/tcp.c ****     }
1797:Middlewares/Third_Party/LwIP/src/core/tcp.c ****   }
1798:Middlewares/Third_Party/LwIP/src/core/tcp.c ****   if (inactive != NULL) {
1799:Middlewares/Third_Party/LwIP/src/core/tcp.c ****     LWIP_DEBUGF(TCP_DEBUG, ("tcp_kill_timewait: killing oldest TIME-WAIT PCB %p (%"S32_F")\n",
1800:Middlewares/Third_Party/LwIP/src/core/tcp.c ****                             (void *)inactive, inactivity));
1801:Middlewares/Third_Party/LwIP/src/core/tcp.c ****     tcp_abort(inactive);
1802:Middlewares/Third_Party/LwIP/src/core/tcp.c ****   }
1803:Middlewares/Third_Party/LwIP/src/core/tcp.c **** }
1804:Middlewares/Third_Party/LwIP/src/core/tcp.c **** 
1805:Middlewares/Third_Party/LwIP/src/core/tcp.c **** /* Called when allocating a pcb fails.
1806:Middlewares/Third_Party/LwIP/src/core/tcp.c ****  * In this case, we want to handle all pcbs that want to close first: if we can
1807:Middlewares/Third_Party/LwIP/src/core/tcp.c ****  * now send the FIN (which failed before), the pcb might be in a state that is
1808:Middlewares/Third_Party/LwIP/src/core/tcp.c ****  * OK for us to now free it.
1809:Middlewares/Third_Party/LwIP/src/core/tcp.c ****  */
1810:Middlewares/Third_Party/LwIP/src/core/tcp.c **** static void
1811:Middlewares/Third_Party/LwIP/src/core/tcp.c **** tcp_handle_closepend(void)
1812:Middlewares/Third_Party/LwIP/src/core/tcp.c **** {
 544              		.loc 1 1812 1 is_stmt 1 view -0
 545              		.cfi_startproc
 546              		@ args = 0, pretend = 0, frame = 0
 547              		@ frame_needed = 0, uses_anonymous_args = 0
1813:Middlewares/Third_Party/LwIP/src/core/tcp.c ****   struct tcp_pcb *pcb = tcp_active_pcbs;
 548              		.loc 1 1813 3 view .LVU137
 549              		.loc 1 1813 19 is_stmt 0 view .LVU138
 550 0000 094B     		ldr	r3, .L65
 551 0002 1868     		ldr	r0, [r3]
 552              	.LVL54:
1814:Middlewares/Third_Party/LwIP/src/core/tcp.c **** 
1815:Middlewares/Third_Party/LwIP/src/core/tcp.c ****   while (pcb != NULL) {
 553              		.loc 1 1815 3 is_stmt 1 view .LVU139
 554              		.loc 1 1815 14 view .LVU140
 555 0004 78B1     		cbz	r0, .L63
1812:Middlewares/Third_Party/LwIP/src/core/tcp.c ****   struct tcp_pcb *pcb = tcp_active_pcbs;
 556              		.loc 1 1812 1 is_stmt 0 view .LVU141
 557 0006 10B5     		push	{r4, lr}
 558              	.LCFI4:
 559              		.cfi_def_cfa_offset 8
 560              		.cfi_offset 4, -8
ARM GAS  /tmp/ccN9yVzV.s 			page 45


 561              		.cfi_offset 14, -4
 562 0008 01E0     		b	.L59
 563              	.LVL55:
 564              	.L58:
1812:Middlewares/Third_Party/LwIP/src/core/tcp.c ****   struct tcp_pcb *pcb = tcp_active_pcbs;
 565              		.loc 1 1812 1 view .LVU142
 566 000a 2046     		mov	r0, r4
 567              	.LVL56:
 568              		.loc 1 1815 14 is_stmt 1 view .LVU143
 569 000c 54B1     		cbz	r4, .L64
 570              	.LVL57:
 571              	.L59:
 572              	.LBB2:
1816:Middlewares/Third_Party/LwIP/src/core/tcp.c ****     struct tcp_pcb *next = pcb->next;
 573              		.loc 1 1816 5 view .LVU144
 574              		.loc 1 1816 21 is_stmt 0 view .LVU145
 575 000e C468     		ldr	r4, [r0, #12]
 576              	.LVL58:
1817:Middlewares/Third_Party/LwIP/src/core/tcp.c ****     /* send pending FIN */
1818:Middlewares/Third_Party/LwIP/src/core/tcp.c ****     if (pcb->flags & TF_CLOSEPEND) {
 577              		.loc 1 1818 5 is_stmt 1 view .LVU146
 578              		.loc 1 1818 12 is_stmt 0 view .LVU147
 579 0010 438B     		ldrh	r3, [r0, #26]
 580              		.loc 1 1818 8 view .LVU148
 581 0012 13F0080F 		tst	r3, #8
 582 0016 F8D0     		beq	.L58
1819:Middlewares/Third_Party/LwIP/src/core/tcp.c ****       LWIP_DEBUGF(TCP_DEBUG, ("tcp_handle_closepend: pending FIN\n"));
 583              		.loc 1 1819 7 is_stmt 1 view .LVU149
 584              		.loc 1 1819 7 view .LVU150
 585              		.loc 1 1819 7 discriminator 4 view .LVU151
1820:Middlewares/Third_Party/LwIP/src/core/tcp.c ****       tcp_clear_flags(pcb, TF_CLOSEPEND);
 586              		.loc 1 1820 7 view .LVU152
 587              		.loc 1 1820 7 view .LVU153
 588 0018 23F00803 		bic	r3, r3, #8
 589 001c 4383     		strh	r3, [r0, #26]	@ movhi
 590              		.loc 1 1820 7 view .LVU154
1821:Middlewares/Third_Party/LwIP/src/core/tcp.c ****       tcp_close_shutdown_fin(pcb);
 591              		.loc 1 1821 7 view .LVU155
 592 001e FFF7FEFF 		bl	tcp_close_shutdown_fin
 593              	.LVL59:
 594              		.loc 1 1821 7 is_stmt 0 view .LVU156
 595 0022 F2E7     		b	.L58
 596              	.LVL60:
 597              	.L64:
 598              		.loc 1 1821 7 view .LVU157
 599              	.LBE2:
1822:Middlewares/Third_Party/LwIP/src/core/tcp.c ****     }
1823:Middlewares/Third_Party/LwIP/src/core/tcp.c ****     pcb = next;
1824:Middlewares/Third_Party/LwIP/src/core/tcp.c ****   }
1825:Middlewares/Third_Party/LwIP/src/core/tcp.c **** }
 600              		.loc 1 1825 1 view .LVU158
 601 0024 10BD     		pop	{r4, pc}
 602              	.LVL61:
 603              	.L63:
 604              	.LCFI5:
 605              		.cfi_def_cfa_offset 0
 606              		.cfi_restore 4
ARM GAS  /tmp/ccN9yVzV.s 			page 46


 607              		.cfi_restore 14
 608              		.loc 1 1825 1 view .LVU159
 609 0026 7047     		bx	lr
 610              	.L66:
 611              		.align	2
 612              	.L65:
 613 0028 00000000 		.word	tcp_active_pcbs
 614              		.cfi_endproc
 615              	.LFE189:
 617              		.section	.text.tcp_init,"ax",%progbits
 618              		.align	1
 619              		.global	tcp_init
 620              		.syntax unified
 621              		.thumb
 622              		.thumb_func
 624              	tcp_init:
 625              	.LFB156:
 202:Middlewares/Third_Party/LwIP/src/core/tcp.c **** #ifdef LWIP_RAND
 626              		.loc 1 202 1 is_stmt 1 view -0
 627              		.cfi_startproc
 628              		@ args = 0, pretend = 0, frame = 0
 629              		@ frame_needed = 0, uses_anonymous_args = 0
 630 0000 08B5     		push	{r3, lr}
 631              	.LCFI6:
 632              		.cfi_def_cfa_offset 8
 633              		.cfi_offset 3, -8
 634              		.cfi_offset 14, -4
 204:Middlewares/Third_Party/LwIP/src/core/tcp.c **** #endif /* LWIP_RAND */
 635              		.loc 1 204 3 view .LVU161
 204:Middlewares/Third_Party/LwIP/src/core/tcp.c **** #endif /* LWIP_RAND */
 636              		.loc 1 204 14 is_stmt 0 view .LVU162
 637 0002 FFF7FEFF 		bl	rand
 638              	.LVL62:
 204:Middlewares/Third_Party/LwIP/src/core/tcp.c **** #endif /* LWIP_RAND */
 639              		.loc 1 204 14 discriminator 1 view .LVU163
 640 0006 6FEA8040 		mvn	r0, r0, lsl #18
 641 000a 6FEA9040 		mvn	r0, r0, lsr #18
 204:Middlewares/Third_Party/LwIP/src/core/tcp.c **** #endif /* LWIP_RAND */
 642              		.loc 1 204 12 discriminator 1 view .LVU164
 643 000e 014B     		ldr	r3, .L69
 644 0010 1880     		strh	r0, [r3]	@ movhi
 206:Middlewares/Third_Party/LwIP/src/core/tcp.c **** 
 645              		.loc 1 206 1 view .LVU165
 646 0012 08BD     		pop	{r3, pc}
 647              	.L70:
 648              		.align	2
 649              	.L69:
 650 0014 00000000 		.word	tcp_port
 651              		.cfi_endproc
 652              	.LFE156:
 654              		.section	.rodata.tcp_free.str1.4,"aMS",%progbits,1
 655              		.align	2
 656              	.LC6:
 657 0000 7463705F 		.ascii	"tcp_free: LISTEN\000"
 657      66726565 
 657      3A204C49 
 657      5354454E 
ARM GAS  /tmp/ccN9yVzV.s 			page 47


 657      00
 658              		.section	.text.tcp_free,"ax",%progbits
 659              		.align	1
 660              		.global	tcp_free
 661              		.syntax unified
 662              		.thumb
 663              		.thumb_func
 665              	tcp_free:
 666              	.LVL63:
 667              	.LFB157:
 211:Middlewares/Third_Party/LwIP/src/core/tcp.c ****   LWIP_ASSERT("tcp_free: LISTEN", pcb->state != LISTEN);
 668              		.loc 1 211 1 is_stmt 1 view -0
 669              		.cfi_startproc
 670              		@ args = 0, pretend = 0, frame = 0
 671              		@ frame_needed = 0, uses_anonymous_args = 0
 211:Middlewares/Third_Party/LwIP/src/core/tcp.c ****   LWIP_ASSERT("tcp_free: LISTEN", pcb->state != LISTEN);
 672              		.loc 1 211 1 is_stmt 0 view .LVU167
 673 0000 10B5     		push	{r4, lr}
 674              	.LCFI7:
 675              		.cfi_def_cfa_offset 8
 676              		.cfi_offset 4, -8
 677              		.cfi_offset 14, -4
 678 0002 0446     		mov	r4, r0
 212:Middlewares/Third_Party/LwIP/src/core/tcp.c **** #if LWIP_TCP_PCB_NUM_EXT_ARGS
 679              		.loc 1 212 3 is_stmt 1 view .LVU168
 212:Middlewares/Third_Party/LwIP/src/core/tcp.c **** #if LWIP_TCP_PCB_NUM_EXT_ARGS
 680              		.loc 1 212 3 view .LVU169
 681 0004 037D     		ldrb	r3, [r0, #20]	@ zero_extendqisi2
 682 0006 012B     		cmp	r3, #1
 683 0008 04D0     		beq	.L74
 684              	.LVL64:
 685              	.L72:
 212:Middlewares/Third_Party/LwIP/src/core/tcp.c **** #if LWIP_TCP_PCB_NUM_EXT_ARGS
 686              		.loc 1 212 3 discriminator 3 view .LVU170
 212:Middlewares/Third_Party/LwIP/src/core/tcp.c **** #if LWIP_TCP_PCB_NUM_EXT_ARGS
 687              		.loc 1 212 3 discriminator 3 view .LVU171
 216:Middlewares/Third_Party/LwIP/src/core/tcp.c **** }
 688              		.loc 1 216 3 view .LVU172
 689 000a 2146     		mov	r1, r4
 690 000c 0120     		movs	r0, #1
 691 000e FFF7FEFF 		bl	memp_free
 692              	.LVL65:
 217:Middlewares/Third_Party/LwIP/src/core/tcp.c **** 
 693              		.loc 1 217 1 is_stmt 0 view .LVU173
 694 0012 10BD     		pop	{r4, pc}
 695              	.LVL66:
 696              	.L74:
 212:Middlewares/Third_Party/LwIP/src/core/tcp.c **** #if LWIP_TCP_PCB_NUM_EXT_ARGS
 697              		.loc 1 212 3 is_stmt 1 discriminator 1 view .LVU174
 212:Middlewares/Third_Party/LwIP/src/core/tcp.c **** #if LWIP_TCP_PCB_NUM_EXT_ARGS
 698              		.loc 1 212 3 discriminator 1 view .LVU175
 699 0014 034B     		ldr	r3, .L75
 700 0016 D422     		movs	r2, #212
 701 0018 0349     		ldr	r1, .L75+4
 702 001a 0448     		ldr	r0, .L75+8
 703              	.LVL67:
 212:Middlewares/Third_Party/LwIP/src/core/tcp.c **** #if LWIP_TCP_PCB_NUM_EXT_ARGS
ARM GAS  /tmp/ccN9yVzV.s 			page 48


 704              		.loc 1 212 3 is_stmt 0 discriminator 1 view .LVU176
 705 001c FFF7FEFF 		bl	printf
 706              	.LVL68:
 707 0020 F3E7     		b	.L72
 708              	.L76:
 709 0022 00BF     		.align	2
 710              	.L75:
 711 0024 00000000 		.word	.LC0
 712 0028 00000000 		.word	.LC6
 713 002c 54000000 		.word	.LC2
 714              		.cfi_endproc
 715              	.LFE157:
 717              		.section	.rodata.tcp_bind.str1.4,"aMS",%progbits,1
 718              		.align	2
 719              	.LC7:
 720 0000 7463705F 		.ascii	"tcp_bind: invalid pcb\000"
 720      62696E64 
 720      3A20696E 
 720      76616C69 
 720      64207063 
 721 0016 0000     		.align	2
 722              	.LC8:
 723 0018 7463705F 		.ascii	"tcp_bind: can only bind in state CLOSED\000"
 723      62696E64 
 723      3A206361 
 723      6E206F6E 
 723      6C792062 
 724              		.section	.text.tcp_bind,"ax",%progbits
 725              		.align	1
 726              		.global	tcp_bind
 727              		.syntax unified
 728              		.thumb
 729              		.thumb_func
 731              	tcp_bind:
 732              	.LVL69:
 733              	.LFB168:
 662:Middlewares/Third_Party/LwIP/src/core/tcp.c ****   int i;
 734              		.loc 1 662 1 is_stmt 1 view -0
 735              		.cfi_startproc
 736              		@ args = 0, pretend = 0, frame = 0
 737              		@ frame_needed = 0, uses_anonymous_args = 0
 662:Middlewares/Third_Party/LwIP/src/core/tcp.c ****   int i;
 738              		.loc 1 662 1 is_stmt 0 view .LVU178
 739 0000 70B5     		push	{r4, r5, r6, lr}
 740              	.LCFI8:
 741              		.cfi_def_cfa_offset 16
 742              		.cfi_offset 4, -16
 743              		.cfi_offset 5, -12
 744              		.cfi_offset 6, -8
 745              		.cfi_offset 14, -4
 746 0002 0646     		mov	r6, r0
 663:Middlewares/Third_Party/LwIP/src/core/tcp.c ****   int max_pcb_list = NUM_TCP_PCB_LISTS;
 747              		.loc 1 663 3 is_stmt 1 view .LVU179
 664:Middlewares/Third_Party/LwIP/src/core/tcp.c ****   struct tcp_pcb *cpcb;
 748              		.loc 1 664 3 view .LVU180
 749              	.LVL70:
 665:Middlewares/Third_Party/LwIP/src/core/tcp.c **** #if LWIP_IPV6 && LWIP_IPV6_SCOPES
ARM GAS  /tmp/ccN9yVzV.s 			page 49


 750              		.loc 1 665 3 view .LVU181
 670:Middlewares/Third_Party/LwIP/src/core/tcp.c **** 
 751              		.loc 1 670 28 view .LVU182
 674:Middlewares/Third_Party/LwIP/src/core/tcp.c ****     ipaddr = IP4_ADDR_ANY;
 752              		.loc 1 674 3 view .LVU183
 674:Middlewares/Third_Party/LwIP/src/core/tcp.c ****     ipaddr = IP4_ADDR_ANY;
 753              		.loc 1 674 6 is_stmt 0 view .LVU184
 754 0004 0D46     		mov	r5, r1
 755 0006 59B1     		cbz	r1, .L97
 756              	.L78:
 757              	.LVL71:
 681:Middlewares/Third_Party/LwIP/src/core/tcp.c **** 
 758              		.loc 1 681 3 is_stmt 1 view .LVU185
 681:Middlewares/Third_Party/LwIP/src/core/tcp.c **** 
 759              		.loc 1 681 3 view .LVU186
 760 0008 66B1     		cbz	r6, .L98
 681:Middlewares/Third_Party/LwIP/src/core/tcp.c **** 
 761              		.loc 1 681 3 discriminator 2 view .LVU187
 683:Middlewares/Third_Party/LwIP/src/core/tcp.c **** 
 762              		.loc 1 683 3 view .LVU188
 683:Middlewares/Third_Party/LwIP/src/core/tcp.c **** 
 763              		.loc 1 683 3 view .LVU189
 764 000a 337D     		ldrb	r3, [r6, #20]	@ zero_extendqisi2
 765 000c A3B9     		cbnz	r3, .L99
 683:Middlewares/Third_Party/LwIP/src/core/tcp.c **** 
 766              		.loc 1 683 3 discriminator 2 view .LVU190
 708:Middlewares/Third_Party/LwIP/src/core/tcp.c ****     port = tcp_new_port();
 767              		.loc 1 708 3 view .LVU191
 708:Middlewares/Third_Party/LwIP/src/core/tcp.c ****     port = tcp_new_port();
 768              		.loc 1 708 6 is_stmt 0 view .LVU192
 769 000e EAB1     		cbz	r2, .L100
 715:Middlewares/Third_Party/LwIP/src/core/tcp.c ****       for (cpcb = *tcp_pcb_lists[i]; cpcb != NULL; cpcb = cpcb->next) {
 770              		.loc 1 715 12 view .LVU193
 771 0010 0020     		movs	r0, #0
 772              	.LVL72:
 773              	.L82:
 715:Middlewares/Third_Party/LwIP/src/core/tcp.c ****       for (cpcb = *tcp_pcb_lists[i]; cpcb != NULL; cpcb = cpcb->next) {
 774              		.loc 1 715 19 is_stmt 1 discriminator 1 view .LVU194
 775 0012 0328     		cmp	r0, #3
 776 0014 1EDC     		bgt	.L83
 716:Middlewares/Third_Party/LwIP/src/core/tcp.c ****         if (cpcb->local_port == port) {
 777              		.loc 1 716 7 view .LVU195
 716:Middlewares/Third_Party/LwIP/src/core/tcp.c ****         if (cpcb->local_port == port) {
 778              		.loc 1 716 33 is_stmt 0 view .LVU196
 779 0016 244B     		ldr	r3, .L103
 780 0018 53F82030 		ldr	r3, [r3, r0, lsl #2]
 716:Middlewares/Third_Party/LwIP/src/core/tcp.c ****         if (cpcb->local_port == port) {
 781              		.loc 1 716 17 view .LVU197
 782 001c 1B68     		ldr	r3, [r3]
 783              	.LVL73:
 716:Middlewares/Third_Party/LwIP/src/core/tcp.c ****         if (cpcb->local_port == port) {
 784              		.loc 1 716 7 view .LVU198
 785 001e 27E0     		b	.L84
 786              	.LVL74:
 787              	.L97:
 675:Middlewares/Third_Party/LwIP/src/core/tcp.c ****   }
 788              		.loc 1 675 12 view .LVU199
ARM GAS  /tmp/ccN9yVzV.s 			page 50


 789 0020 224D     		ldr	r5, .L103+4
 790 0022 F1E7     		b	.L78
 791              	.LVL75:
 792              	.L98:
 681:Middlewares/Third_Party/LwIP/src/core/tcp.c **** 
 793              		.loc 1 681 3 is_stmt 1 discriminator 1 view .LVU200
 681:Middlewares/Third_Party/LwIP/src/core/tcp.c **** 
 794              		.loc 1 681 3 discriminator 1 view .LVU201
 795 0024 224B     		ldr	r3, .L103+8
 796 0026 40F2A922 		movw	r2, #681
 797              	.LVL76:
 681:Middlewares/Third_Party/LwIP/src/core/tcp.c **** 
 798              		.loc 1 681 3 is_stmt 0 discriminator 1 view .LVU202
 799 002a 2249     		ldr	r1, .L103+12
 800 002c 2248     		ldr	r0, .L103+16
 801              	.LVL77:
 681:Middlewares/Third_Party/LwIP/src/core/tcp.c **** 
 802              		.loc 1 681 3 discriminator 1 view .LVU203
 803 002e FFF7FEFF 		bl	printf
 804              	.LVL78:
 681:Middlewares/Third_Party/LwIP/src/core/tcp.c **** 
 805              		.loc 1 681 3 is_stmt 1 discriminator 1 view .LVU204
 681:Middlewares/Third_Party/LwIP/src/core/tcp.c **** 
 806              		.loc 1 681 3 discriminator 1 view .LVU205
 807 0032 6FF00F00 		mvn	r0, #15
 681:Middlewares/Third_Party/LwIP/src/core/tcp.c **** 
 808              		.loc 1 681 3 is_stmt 0 view .LVU206
 809 0036 19E0     		b	.L80
 810              	.LVL79:
 811              	.L99:
 683:Middlewares/Third_Party/LwIP/src/core/tcp.c **** 
 812              		.loc 1 683 3 is_stmt 1 discriminator 1 view .LVU207
 683:Middlewares/Third_Party/LwIP/src/core/tcp.c **** 
 813              		.loc 1 683 3 discriminator 1 view .LVU208
 814 0038 1D4B     		ldr	r3, .L103+8
 815 003a 40F2AB22 		movw	r2, #683
 816              	.LVL80:
 683:Middlewares/Third_Party/LwIP/src/core/tcp.c **** 
 817              		.loc 1 683 3 is_stmt 0 discriminator 1 view .LVU209
 818 003e 1F49     		ldr	r1, .L103+20
 819 0040 1D48     		ldr	r0, .L103+16
 820              	.LVL81:
 683:Middlewares/Third_Party/LwIP/src/core/tcp.c **** 
 821              		.loc 1 683 3 discriminator 1 view .LVU210
 822 0042 FFF7FEFF 		bl	printf
 823              	.LVL82:
 683:Middlewares/Third_Party/LwIP/src/core/tcp.c **** 
 824              		.loc 1 683 3 is_stmt 1 discriminator 1 view .LVU211
 683:Middlewares/Third_Party/LwIP/src/core/tcp.c **** 
 825              		.loc 1 683 3 discriminator 1 view .LVU212
 826 0046 6FF00500 		mvn	r0, #5
 683:Middlewares/Third_Party/LwIP/src/core/tcp.c **** 
 827              		.loc 1 683 3 is_stmt 0 view .LVU213
 828 004a 0FE0     		b	.L80
 829              	.LVL83:
 830              	.L100:
 709:Middlewares/Third_Party/LwIP/src/core/tcp.c ****     if (port == 0) {
ARM GAS  /tmp/ccN9yVzV.s 			page 51


 831              		.loc 1 709 5 is_stmt 1 view .LVU214
 709:Middlewares/Third_Party/LwIP/src/core/tcp.c ****     if (port == 0) {
 832              		.loc 1 709 12 is_stmt 0 view .LVU215
 833 004c FFF7FEFF 		bl	tcp_new_port
 834              	.LVL84:
 710:Middlewares/Third_Party/LwIP/src/core/tcp.c ****       return ERR_BUF;
 835              		.loc 1 710 5 is_stmt 1 view .LVU216
 710:Middlewares/Third_Party/LwIP/src/core/tcp.c ****       return ERR_BUF;
 836              		.loc 1 710 8 is_stmt 0 view .LVU217
 837 0050 0246     		mov	r2, r0
 838 0052 E8B1     		cbz	r0, .L101
 839              	.LVL85:
 840              	.L83:
 739:Middlewares/Third_Party/LwIP/src/core/tcp.c **** #if LWIP_IPV4 && LWIP_IPV6
 841              		.loc 1 739 3 is_stmt 1 view .LVU218
 739:Middlewares/Third_Party/LwIP/src/core/tcp.c **** #if LWIP_IPV4 && LWIP_IPV6
 842              		.loc 1 739 6 is_stmt 0 view .LVU219
 843 0054 15B1     		cbz	r5, .L88
 739:Middlewares/Third_Party/LwIP/src/core/tcp.c **** #if LWIP_IPV4 && LWIP_IPV6
 844              		.loc 1 739 8 discriminator 1 view .LVU220
 845 0056 2B68     		ldr	r3, [r5]
 739:Middlewares/Third_Party/LwIP/src/core/tcp.c **** #if LWIP_IPV4 && LWIP_IPV6
 846              		.loc 1 739 7 discriminator 1 view .LVU221
 847 0058 03B1     		cbz	r3, .L88
 744:Middlewares/Third_Party/LwIP/src/core/tcp.c ****   }
 848              		.loc 1 744 5 is_stmt 1 view .LVU222
 744:Middlewares/Third_Party/LwIP/src/core/tcp.c ****   }
 849              		.loc 1 744 5 is_stmt 0 discriminator 4 view .LVU223
 850 005a 3360     		str	r3, [r6]
 851              	.L88:
 746:Middlewares/Third_Party/LwIP/src/core/tcp.c ****   TCP_REG(&tcp_bound_pcbs, pcb);
 852              		.loc 1 746 3 is_stmt 1 view .LVU224
 746:Middlewares/Third_Party/LwIP/src/core/tcp.c ****   TCP_REG(&tcp_bound_pcbs, pcb);
 853              		.loc 1 746 19 is_stmt 0 view .LVU225
 854 005c F282     		strh	r2, [r6, #22]	@ movhi
 747:Middlewares/Third_Party/LwIP/src/core/tcp.c ****   LWIP_DEBUGF(TCP_DEBUG, ("tcp_bind: bind to port %"U16_F"\n", port));
 855              		.loc 1 747 3 is_stmt 1 view .LVU226
 747:Middlewares/Third_Party/LwIP/src/core/tcp.c ****   LWIP_DEBUGF(TCP_DEBUG, ("tcp_bind: bind to port %"U16_F"\n", port));
 856              		.loc 1 747 3 view .LVU227
 857 005e 184B     		ldr	r3, .L103+24
 858 0060 1A68     		ldr	r2, [r3]
 859              	.LVL86:
 747:Middlewares/Third_Party/LwIP/src/core/tcp.c ****   LWIP_DEBUGF(TCP_DEBUG, ("tcp_bind: bind to port %"U16_F"\n", port));
 860              		.loc 1 747 3 is_stmt 0 view .LVU228
 861 0062 F260     		str	r2, [r6, #12]
 747:Middlewares/Third_Party/LwIP/src/core/tcp.c ****   LWIP_DEBUGF(TCP_DEBUG, ("tcp_bind: bind to port %"U16_F"\n", port));
 862              		.loc 1 747 3 is_stmt 1 view .LVU229
 863 0064 1E60     		str	r6, [r3]
 747:Middlewares/Third_Party/LwIP/src/core/tcp.c ****   LWIP_DEBUGF(TCP_DEBUG, ("tcp_bind: bind to port %"U16_F"\n", port));
 864              		.loc 1 747 3 view .LVU230
 865 0066 FFF7FEFF 		bl	tcp_timer_needed
 866              	.LVL87:
 747:Middlewares/Third_Party/LwIP/src/core/tcp.c ****   LWIP_DEBUGF(TCP_DEBUG, ("tcp_bind: bind to port %"U16_F"\n", port));
 867              		.loc 1 747 3 discriminator 1 view .LVU231
 748:Middlewares/Third_Party/LwIP/src/core/tcp.c ****   return ERR_OK;
 868              		.loc 1 748 3 view .LVU232
 748:Middlewares/Third_Party/LwIP/src/core/tcp.c ****   return ERR_OK;
ARM GAS  /tmp/ccN9yVzV.s 			page 52


 869              		.loc 1 748 3 view .LVU233
 748:Middlewares/Third_Party/LwIP/src/core/tcp.c ****   return ERR_OK;
 870              		.loc 1 748 3 discriminator 4 view .LVU234
 749:Middlewares/Third_Party/LwIP/src/core/tcp.c **** }
 871              		.loc 1 749 3 view .LVU235
 749:Middlewares/Third_Party/LwIP/src/core/tcp.c **** }
 872              		.loc 1 749 10 is_stmt 0 view .LVU236
 873 006a 0020     		movs	r0, #0
 874              	.LVL88:
 875              	.L80:
 750:Middlewares/Third_Party/LwIP/src/core/tcp.c **** 
 876              		.loc 1 750 1 view .LVU237
 877 006c 70BD     		pop	{r4, r5, r6, pc}
 878              	.LVL89:
 879              	.L85:
 716:Middlewares/Third_Party/LwIP/src/core/tcp.c ****         if (cpcb->local_port == port) {
 880              		.loc 1 716 57 is_stmt 1 discriminator 2 view .LVU238
 881 006e DB68     		ldr	r3, [r3, #12]
 882              	.LVL90:
 883              	.L84:
 716:Middlewares/Third_Party/LwIP/src/core/tcp.c ****         if (cpcb->local_port == port) {
 884              		.loc 1 716 43 discriminator 1 view .LVU239
 885 0070 63B1     		cbz	r3, .L102
 717:Middlewares/Third_Party/LwIP/src/core/tcp.c **** #if SO_REUSE
 886              		.loc 1 717 9 view .LVU240
 717:Middlewares/Third_Party/LwIP/src/core/tcp.c **** #if SO_REUSE
 887              		.loc 1 717 17 is_stmt 0 view .LVU241
 888 0072 D98A     		ldrh	r1, [r3, #22]
 717:Middlewares/Third_Party/LwIP/src/core/tcp.c **** #if SO_REUSE
 889              		.loc 1 717 12 view .LVU242
 890 0074 9142     		cmp	r1, r2
 891 0076 FAD1     		bne	.L85
 727:Middlewares/Third_Party/LwIP/src/core/tcp.c ****                 (ip_addr_isany(&cpcb->local_ip) ||
 892              		.loc 1 727 13 is_stmt 1 view .LVU243
 728:Middlewares/Third_Party/LwIP/src/core/tcp.c ****                  ip_addr_isany(ipaddr) ||
 893              		.loc 1 728 18 is_stmt 0 view .LVU244
 894 0078 1968     		ldr	r1, [r3]
 895 007a 61B1     		cbz	r1, .L92
 728:Middlewares/Third_Party/LwIP/src/core/tcp.c ****                  ip_addr_isany(ipaddr) ||
 896              		.loc 1 728 49 discriminator 1 view .LVU245
 897 007c 75B1     		cbz	r5, .L93
 729:Middlewares/Third_Party/LwIP/src/core/tcp.c ****                  ip_addr_cmp(&cpcb->local_ip, ipaddr))) {
 898              		.loc 1 729 18 view .LVU246
 899 007e 2C68     		ldr	r4, [r5]
 900 0080 7CB1     		cbz	r4, .L94
 727:Middlewares/Third_Party/LwIP/src/core/tcp.c ****                 (ip_addr_isany(&cpcb->local_ip) ||
 901              		.loc 1 727 68 view .LVU247
 902 0082 A142     		cmp	r1, r4
 903 0084 F3D1     		bne	.L85
 731:Middlewares/Third_Party/LwIP/src/core/tcp.c ****             }
 904              		.loc 1 731 22 view .LVU248
 905 0086 6FF00700 		mvn	r0, #7
 906              	.LVL91:
 731:Middlewares/Third_Party/LwIP/src/core/tcp.c ****             }
 907              		.loc 1 731 22 view .LVU249
 908 008a EFE7     		b	.L80
 909              	.LVL92:
ARM GAS  /tmp/ccN9yVzV.s 			page 53


 910              	.L102:
 715:Middlewares/Third_Party/LwIP/src/core/tcp.c ****       for (cpcb = *tcp_pcb_lists[i]; cpcb != NULL; cpcb = cpcb->next) {
 911              		.loc 1 715 36 is_stmt 1 discriminator 2 view .LVU250
 912 008c 0130     		adds	r0, r0, #1
 913              	.LVL93:
 715:Middlewares/Third_Party/LwIP/src/core/tcp.c ****       for (cpcb = *tcp_pcb_lists[i]; cpcb != NULL; cpcb = cpcb->next) {
 914              		.loc 1 715 36 is_stmt 0 discriminator 2 view .LVU251
 915 008e C0E7     		b	.L82
 916              	.LVL94:
 917              	.L101:
 711:Middlewares/Third_Party/LwIP/src/core/tcp.c ****     }
 918              		.loc 1 711 14 view .LVU252
 919 0090 6FF00100 		mvn	r0, #1
 920              	.LVL95:
 711:Middlewares/Third_Party/LwIP/src/core/tcp.c ****     }
 921              		.loc 1 711 14 view .LVU253
 922 0094 EAE7     		b	.L80
 923              	.LVL96:
 924              	.L92:
 731:Middlewares/Third_Party/LwIP/src/core/tcp.c ****             }
 925              		.loc 1 731 22 view .LVU254
 926 0096 6FF00700 		mvn	r0, #7
 927              	.LVL97:
 731:Middlewares/Third_Party/LwIP/src/core/tcp.c ****             }
 928              		.loc 1 731 22 view .LVU255
 929 009a E7E7     		b	.L80
 930              	.LVL98:
 931              	.L93:
 731:Middlewares/Third_Party/LwIP/src/core/tcp.c ****             }
 932              		.loc 1 731 22 view .LVU256
 933 009c 6FF00700 		mvn	r0, #7
 934              	.LVL99:
 731:Middlewares/Third_Party/LwIP/src/core/tcp.c ****             }
 935              		.loc 1 731 22 view .LVU257
 936 00a0 E4E7     		b	.L80
 937              	.LVL100:
 938              	.L94:
 731:Middlewares/Third_Party/LwIP/src/core/tcp.c ****             }
 939              		.loc 1 731 22 view .LVU258
 940 00a2 6FF00700 		mvn	r0, #7
 941              	.LVL101:
 731:Middlewares/Third_Party/LwIP/src/core/tcp.c ****             }
 942              		.loc 1 731 22 view .LVU259
 943 00a6 E1E7     		b	.L80
 944              	.L104:
 945              		.align	2
 946              	.L103:
 947 00a8 00000000 		.word	tcp_pcb_lists
 948 00ac 00000000 		.word	ip_addr_any
 949 00b0 00000000 		.word	.LC0
 950 00b4 00000000 		.word	.LC7
 951 00b8 54000000 		.word	.LC2
 952 00bc 18000000 		.word	.LC8
 953 00c0 00000000 		.word	tcp_bound_pcbs
 954              		.cfi_endproc
 955              	.LFE168:
 957              		.section	.text.tcp_bind_netif,"ax",%progbits
ARM GAS  /tmp/ccN9yVzV.s 			page 54


 958              		.align	1
 959              		.global	tcp_bind_netif
 960              		.syntax unified
 961              		.thumb
 962              		.thumb_func
 964              	tcp_bind_netif:
 965              	.LVL102:
 966              	.LFB169:
 764:Middlewares/Third_Party/LwIP/src/core/tcp.c ****   LWIP_ASSERT_CORE_LOCKED();
 967              		.loc 1 764 1 is_stmt 1 view -0
 968              		.cfi_startproc
 969              		@ args = 0, pretend = 0, frame = 0
 970              		@ frame_needed = 0, uses_anonymous_args = 0
 971              		@ link register save eliminated.
 765:Middlewares/Third_Party/LwIP/src/core/tcp.c ****   if (netif != NULL) {
 972              		.loc 1 765 28 view .LVU261
 766:Middlewares/Third_Party/LwIP/src/core/tcp.c ****     pcb->netif_idx = netif_get_index(netif);
 973              		.loc 1 766 3 view .LVU262
 766:Middlewares/Third_Party/LwIP/src/core/tcp.c ****     pcb->netif_idx = netif_get_index(netif);
 974              		.loc 1 766 6 is_stmt 0 view .LVU263
 975 0000 21B1     		cbz	r1, .L106
 767:Middlewares/Third_Party/LwIP/src/core/tcp.c ****   } else {
 976              		.loc 1 767 5 is_stmt 1 view .LVU264
 767:Middlewares/Third_Party/LwIP/src/core/tcp.c ****   } else {
 977              		.loc 1 767 22 is_stmt 0 view .LVU265
 978 0002 91F83830 		ldrb	r3, [r1, #56]	@ zero_extendqisi2
 979 0006 0133     		adds	r3, r3, #1
 767:Middlewares/Third_Party/LwIP/src/core/tcp.c ****   } else {
 980              		.loc 1 767 20 view .LVU266
 981 0008 0372     		strb	r3, [r0, #8]
 982 000a 7047     		bx	lr
 983              	.L106:
 769:Middlewares/Third_Party/LwIP/src/core/tcp.c ****   }
 984              		.loc 1 769 5 is_stmt 1 view .LVU267
 769:Middlewares/Third_Party/LwIP/src/core/tcp.c ****   }
 985              		.loc 1 769 20 is_stmt 0 view .LVU268
 986 000c 0023     		movs	r3, #0
 987 000e 0372     		strb	r3, [r0, #8]
 771:Middlewares/Third_Party/LwIP/src/core/tcp.c **** 
 988              		.loc 1 771 1 view .LVU269
 989 0010 7047     		bx	lr
 990              		.cfi_endproc
 991              	.LFE169:
 993              		.section	.rodata.tcp_listen_with_backlog_and_err.str1.4,"aMS",%progbits,1
 994              		.align	2
 995              	.LC9:
 996 0000 7463705F 		.ascii	"tcp_listen_with_backlog_and_err: invalid pcb\000"
 996      6C697374 
 996      656E5F77 
 996      6974685F 
 996      6261636B 
 997 002d 000000   		.align	2
 998              	.LC10:
 999 0030 7463705F 		.ascii	"tcp_listen_with_backlog_and_err: pcb already connec"
 999      6C697374 
 999      656E5F77 
 999      6974685F 
ARM GAS  /tmp/ccN9yVzV.s 			page 55


 999      6261636B 
 1000 0063 74656400 		.ascii	"ted\000"
 1001              		.section	.text.tcp_listen_with_backlog_and_err,"ax",%progbits
 1002              		.align	1
 1003              		.global	tcp_listen_with_backlog_and_err
 1004              		.syntax unified
 1005              		.thumb
 1006              		.thumb_func
 1008              	tcp_listen_with_backlog_and_err:
 1009              	.LVL103:
 1010              	.LFB172:
 849:Middlewares/Third_Party/LwIP/src/core/tcp.c ****   struct tcp_pcb_listen *lpcb = NULL;
 1011              		.loc 1 849 1 is_stmt 1 view -0
 1012              		.cfi_startproc
 1013              		@ args = 0, pretend = 0, frame = 0
 1014              		@ frame_needed = 0, uses_anonymous_args = 0
 849:Middlewares/Third_Party/LwIP/src/core/tcp.c ****   struct tcp_pcb_listen *lpcb = NULL;
 1015              		.loc 1 849 1 is_stmt 0 view .LVU271
 1016 0000 70B5     		push	{r4, r5, r6, lr}
 1017              	.LCFI9:
 1018              		.cfi_def_cfa_offset 16
 1019              		.cfi_offset 4, -16
 1020              		.cfi_offset 5, -12
 1021              		.cfi_offset 6, -8
 1022              		.cfi_offset 14, -4
 1023 0002 1646     		mov	r6, r2
 850:Middlewares/Third_Party/LwIP/src/core/tcp.c ****   err_t res;
 1024              		.loc 1 850 3 is_stmt 1 view .LVU272
 1025              	.LVL104:
 851:Middlewares/Third_Party/LwIP/src/core/tcp.c **** 
 1026              		.loc 1 851 3 view .LVU273
 853:Middlewares/Third_Party/LwIP/src/core/tcp.c **** 
 1027              		.loc 1 853 3 view .LVU274
 855:Middlewares/Third_Party/LwIP/src/core/tcp.c **** 
 1028              		.loc 1 855 28 view .LVU275
 857:Middlewares/Third_Party/LwIP/src/core/tcp.c ****   LWIP_ERROR("tcp_listen_with_backlog_and_err: pcb already connected", pcb->state == CLOSED, res = 
 1029              		.loc 1 857 3 view .LVU276
 857:Middlewares/Third_Party/LwIP/src/core/tcp.c ****   LWIP_ERROR("tcp_listen_with_backlog_and_err: pcb already connected", pcb->state == CLOSED, res = 
 1030              		.loc 1 857 3 view .LVU277
 1031 0004 0446     		mov	r4, r0
 1032 0006 40B3     		cbz	r0, .L121
 857:Middlewares/Third_Party/LwIP/src/core/tcp.c ****   LWIP_ERROR("tcp_listen_with_backlog_and_err: pcb already connected", pcb->state == CLOSED, res = 
 1033              		.loc 1 857 3 discriminator 2 view .LVU278
 858:Middlewares/Third_Party/LwIP/src/core/tcp.c **** 
 1034              		.loc 1 858 3 view .LVU279
 858:Middlewares/Third_Party/LwIP/src/core/tcp.c **** 
 1035              		.loc 1 858 3 view .LVU280
 1036 0008 037D     		ldrb	r3, [r0, #20]	@ zero_extendqisi2
 1037 000a 002B     		cmp	r3, #0
 1038 000c 30D1     		bne	.L122
 858:Middlewares/Third_Party/LwIP/src/core/tcp.c **** 
 1039              		.loc 1 858 3 discriminator 2 view .LVU281
 861:Middlewares/Third_Party/LwIP/src/core/tcp.c ****     lpcb = (struct tcp_pcb_listen *)pcb;
 1040              		.loc 1 861 3 view .LVU282
 861:Middlewares/Third_Party/LwIP/src/core/tcp.c ****     lpcb = (struct tcp_pcb_listen *)pcb;
 1041              		.loc 1 861 6 is_stmt 0 view .LVU283
 1042 000e 012B     		cmp	r3, #1
ARM GAS  /tmp/ccN9yVzV.s 			page 56


 1043 0010 51D0     		beq	.L117
 882:Middlewares/Third_Party/LwIP/src/core/tcp.c ****   if (lpcb == NULL) {
 1044              		.loc 1 882 3 is_stmt 1 view .LVU284
 882:Middlewares/Third_Party/LwIP/src/core/tcp.c ****   if (lpcb == NULL) {
 1045              		.loc 1 882 35 is_stmt 0 view .LVU285
 1046 0012 0220     		movs	r0, #2
 1047              	.LVL105:
 882:Middlewares/Third_Party/LwIP/src/core/tcp.c ****   if (lpcb == NULL) {
 1048              		.loc 1 882 35 view .LVU286
 1049 0014 FFF7FEFF 		bl	memp_malloc
 1050              	.LVL106:
 883:Middlewares/Third_Party/LwIP/src/core/tcp.c ****     res = ERR_MEM;
 1051              		.loc 1 883 3 is_stmt 1 view .LVU287
 883:Middlewares/Third_Party/LwIP/src/core/tcp.c ****     res = ERR_MEM;
 1052              		.loc 1 883 6 is_stmt 0 view .LVU288
 1053 0018 0546     		mov	r5, r0
 1054 001a 0028     		cmp	r0, #0
 1055 001c 4FD0     		beq	.L118
 887:Middlewares/Third_Party/LwIP/src/core/tcp.c ****   lpcb->local_port = pcb->local_port;
 1056              		.loc 1 887 3 is_stmt 1 view .LVU289
 887:Middlewares/Third_Party/LwIP/src/core/tcp.c ****   lpcb->local_port = pcb->local_port;
 1057              		.loc 1 887 27 is_stmt 0 view .LVU290
 1058 001e 2369     		ldr	r3, [r4, #16]
 887:Middlewares/Third_Party/LwIP/src/core/tcp.c ****   lpcb->local_port = pcb->local_port;
 1059              		.loc 1 887 22 view .LVU291
 1060 0020 0361     		str	r3, [r0, #16]
 888:Middlewares/Third_Party/LwIP/src/core/tcp.c ****   lpcb->state = LISTEN;
 1061              		.loc 1 888 3 is_stmt 1 view .LVU292
 888:Middlewares/Third_Party/LwIP/src/core/tcp.c ****   lpcb->state = LISTEN;
 1062              		.loc 1 888 25 is_stmt 0 view .LVU293
 1063 0022 E38A     		ldrh	r3, [r4, #22]
 888:Middlewares/Third_Party/LwIP/src/core/tcp.c ****   lpcb->state = LISTEN;
 1064              		.loc 1 888 20 view .LVU294
 1065 0024 C382     		strh	r3, [r0, #22]	@ movhi
 889:Middlewares/Third_Party/LwIP/src/core/tcp.c ****   lpcb->prio = pcb->prio;
 1066              		.loc 1 889 3 is_stmt 1 view .LVU295
 889:Middlewares/Third_Party/LwIP/src/core/tcp.c ****   lpcb->prio = pcb->prio;
 1067              		.loc 1 889 15 is_stmt 0 view .LVU296
 1068 0026 0123     		movs	r3, #1
 1069 0028 0375     		strb	r3, [r0, #20]
 890:Middlewares/Third_Party/LwIP/src/core/tcp.c ****   lpcb->so_options = pcb->so_options;
 1070              		.loc 1 890 3 is_stmt 1 view .LVU297
 890:Middlewares/Third_Party/LwIP/src/core/tcp.c ****   lpcb->so_options = pcb->so_options;
 1071              		.loc 1 890 19 is_stmt 0 view .LVU298
 1072 002a 637D     		ldrb	r3, [r4, #21]	@ zero_extendqisi2
 890:Middlewares/Third_Party/LwIP/src/core/tcp.c ****   lpcb->so_options = pcb->so_options;
 1073              		.loc 1 890 14 view .LVU299
 1074 002c 4375     		strb	r3, [r0, #21]
 891:Middlewares/Third_Party/LwIP/src/core/tcp.c ****   lpcb->netif_idx = NETIF_NO_INDEX;
 1075              		.loc 1 891 3 is_stmt 1 view .LVU300
 891:Middlewares/Third_Party/LwIP/src/core/tcp.c ****   lpcb->netif_idx = NETIF_NO_INDEX;
 1076              		.loc 1 891 25 is_stmt 0 view .LVU301
 1077 002e 637A     		ldrb	r3, [r4, #9]	@ zero_extendqisi2
 891:Middlewares/Third_Party/LwIP/src/core/tcp.c ****   lpcb->netif_idx = NETIF_NO_INDEX;
 1078              		.loc 1 891 20 view .LVU302
 1079 0030 4372     		strb	r3, [r0, #9]
 892:Middlewares/Third_Party/LwIP/src/core/tcp.c ****   lpcb->ttl = pcb->ttl;
ARM GAS  /tmp/ccN9yVzV.s 			page 57


 1080              		.loc 1 892 3 is_stmt 1 view .LVU303
 892:Middlewares/Third_Party/LwIP/src/core/tcp.c ****   lpcb->ttl = pcb->ttl;
 1081              		.loc 1 892 19 is_stmt 0 view .LVU304
 1082 0032 0023     		movs	r3, #0
 1083 0034 0372     		strb	r3, [r0, #8]
 893:Middlewares/Third_Party/LwIP/src/core/tcp.c ****   lpcb->tos = pcb->tos;
 1084              		.loc 1 893 3 is_stmt 1 view .LVU305
 893:Middlewares/Third_Party/LwIP/src/core/tcp.c ****   lpcb->tos = pcb->tos;
 1085              		.loc 1 893 18 is_stmt 0 view .LVU306
 1086 0036 E37A     		ldrb	r3, [r4, #11]	@ zero_extendqisi2
 893:Middlewares/Third_Party/LwIP/src/core/tcp.c ****   lpcb->tos = pcb->tos;
 1087              		.loc 1 893 13 view .LVU307
 1088 0038 C372     		strb	r3, [r0, #11]
 894:Middlewares/Third_Party/LwIP/src/core/tcp.c **** #if LWIP_IPV4 && LWIP_IPV6
 1089              		.loc 1 894 3 is_stmt 1 view .LVU308
 894:Middlewares/Third_Party/LwIP/src/core/tcp.c **** #if LWIP_IPV4 && LWIP_IPV6
 1090              		.loc 1 894 18 is_stmt 0 view .LVU309
 1091 003a A37A     		ldrb	r3, [r4, #10]	@ zero_extendqisi2
 894:Middlewares/Third_Party/LwIP/src/core/tcp.c **** #if LWIP_IPV4 && LWIP_IPV6
 1092              		.loc 1 894 13 view .LVU310
 1093 003c 8372     		strb	r3, [r0, #10]
 898:Middlewares/Third_Party/LwIP/src/core/tcp.c ****   if (pcb->local_port != 0) {
 1094              		.loc 1 898 3 is_stmt 1 view .LVU311
 1095 003e 2368     		ldr	r3, [r4]
 1096 0040 0360     		str	r3, [r0]
 899:Middlewares/Third_Party/LwIP/src/core/tcp.c ****     TCP_RMV(&tcp_bound_pcbs, pcb);
 1097              		.loc 1 899 3 view .LVU312
 899:Middlewares/Third_Party/LwIP/src/core/tcp.c ****     TCP_RMV(&tcp_bound_pcbs, pcb);
 1098              		.loc 1 899 10 is_stmt 0 view .LVU313
 1099 0042 E38A     		ldrh	r3, [r4, #22]
 899:Middlewares/Third_Party/LwIP/src/core/tcp.c ****     TCP_RMV(&tcp_bound_pcbs, pcb);
 1100              		.loc 1 899 6 view .LVU314
 1101 0044 3BB3     		cbz	r3, .L112
 900:Middlewares/Third_Party/LwIP/src/core/tcp.c ****   }
 1102              		.loc 1 900 5 is_stmt 1 view .LVU315
 900:Middlewares/Third_Party/LwIP/src/core/tcp.c ****   }
 1103              		.loc 1 900 5 view .LVU316
 1104 0046 1F4B     		ldr	r3, .L125
 1105 0048 1B68     		ldr	r3, [r3]
 1106 004a A342     		cmp	r3, r4
 1107 004c 1BD0     		beq	.L123
 1108              	.L113:
 1109              	.LVL107:
 1110              	.LBB3:
 900:Middlewares/Third_Party/LwIP/src/core/tcp.c ****   }
 1111              		.loc 1 900 5 discriminator 8 view .LVU317
 1112 004e 03B3     		cbz	r3, .L114
 900:Middlewares/Third_Party/LwIP/src/core/tcp.c ****   }
 1113              		.loc 1 900 5 discriminator 9 view .LVU318
 1114 0050 DA68     		ldr	r2, [r3, #12]
 1115 0052 A242     		cmp	r2, r4
 1116 0054 1BD0     		beq	.L124
 900:Middlewares/Third_Party/LwIP/src/core/tcp.c ****   }
 1117              		.loc 1 900 5 is_stmt 0 discriminator 6 view .LVU319
 1118 0056 1346     		mov	r3, r2
 1119              	.LVL108:
 900:Middlewares/Third_Party/LwIP/src/core/tcp.c ****   }
ARM GAS  /tmp/ccN9yVzV.s 			page 58


 1120              		.loc 1 900 5 discriminator 6 view .LVU320
 1121 0058 F9E7     		b	.L113
 1122              	.LVL109:
 1123              	.L121:
 900:Middlewares/Third_Party/LwIP/src/core/tcp.c ****   }
 1124              		.loc 1 900 5 discriminator 6 view .LVU321
 1125              	.LBE3:
 857:Middlewares/Third_Party/LwIP/src/core/tcp.c ****   LWIP_ERROR("tcp_listen_with_backlog_and_err: pcb already connected", pcb->state == CLOSED, res = 
 1126              		.loc 1 857 3 is_stmt 1 discriminator 1 view .LVU322
 857:Middlewares/Third_Party/LwIP/src/core/tcp.c ****   LWIP_ERROR("tcp_listen_with_backlog_and_err: pcb already connected", pcb->state == CLOSED, res = 
 1127              		.loc 1 857 3 discriminator 1 view .LVU323
 1128 005a 1B4B     		ldr	r3, .L125+4
 1129 005c 40F25932 		movw	r2, #857
 1130              	.LVL110:
 857:Middlewares/Third_Party/LwIP/src/core/tcp.c ****   LWIP_ERROR("tcp_listen_with_backlog_and_err: pcb already connected", pcb->state == CLOSED, res = 
 1131              		.loc 1 857 3 is_stmt 0 discriminator 1 view .LVU324
 1132 0060 1A49     		ldr	r1, .L125+8
 1133              	.LVL111:
 857:Middlewares/Third_Party/LwIP/src/core/tcp.c ****   LWIP_ERROR("tcp_listen_with_backlog_and_err: pcb already connected", pcb->state == CLOSED, res = 
 1134              		.loc 1 857 3 discriminator 1 view .LVU325
 1135 0062 1B48     		ldr	r0, .L125+12
 1136              	.LVL112:
 857:Middlewares/Third_Party/LwIP/src/core/tcp.c ****   LWIP_ERROR("tcp_listen_with_backlog_and_err: pcb already connected", pcb->state == CLOSED, res = 
 1137              		.loc 1 857 3 discriminator 1 view .LVU326
 1138 0064 FFF7FEFF 		bl	printf
 1139              	.LVL113:
 857:Middlewares/Third_Party/LwIP/src/core/tcp.c ****   LWIP_ERROR("tcp_listen_with_backlog_and_err: pcb already connected", pcb->state == CLOSED, res = 
 1140              		.loc 1 857 3 is_stmt 1 discriminator 1 view .LVU327
 857:Middlewares/Third_Party/LwIP/src/core/tcp.c ****   LWIP_ERROR("tcp_listen_with_backlog_and_err: pcb already connected", pcb->state == CLOSED, res = 
 1141              		.loc 1 857 3 discriminator 1 view .LVU328
 857:Middlewares/Third_Party/LwIP/src/core/tcp.c ****   LWIP_ERROR("tcp_listen_with_backlog_and_err: pcb already connected", pcb->state == CLOSED, res = 
 1142              		.loc 1 857 3 discriminator 1 view .LVU329
 850:Middlewares/Third_Party/LwIP/src/core/tcp.c ****   err_t res;
 1143              		.loc 1 850 26 is_stmt 0 view .LVU330
 1144 0068 2546     		mov	r5, r4
 857:Middlewares/Third_Party/LwIP/src/core/tcp.c ****   LWIP_ERROR("tcp_listen_with_backlog_and_err: pcb already connected", pcb->state == CLOSED, res = 
 1145              		.loc 1 857 3 discriminator 1 view .LVU331
 1146 006a 6FF00F03 		mvn	r3, #15
 857:Middlewares/Third_Party/LwIP/src/core/tcp.c ****   LWIP_ERROR("tcp_listen_with_backlog_and_err: pcb already connected", pcb->state == CLOSED, res = 
 1147              		.loc 1 857 3 view .LVU332
 1148 006e 1EE0     		b	.L110
 1149              	.LVL114:
 1150              	.L122:
 858:Middlewares/Third_Party/LwIP/src/core/tcp.c **** 
 1151              		.loc 1 858 3 is_stmt 1 discriminator 1 view .LVU333
 858:Middlewares/Third_Party/LwIP/src/core/tcp.c **** 
 1152              		.loc 1 858 3 discriminator 1 view .LVU334
 1153 0070 154B     		ldr	r3, .L125+4
 1154 0072 40F25A32 		movw	r2, #858
 1155              	.LVL115:
 858:Middlewares/Third_Party/LwIP/src/core/tcp.c **** 
 1156              		.loc 1 858 3 is_stmt 0 discriminator 1 view .LVU335
 1157 0076 1749     		ldr	r1, .L125+16
 1158              	.LVL116:
 858:Middlewares/Third_Party/LwIP/src/core/tcp.c **** 
 1159              		.loc 1 858 3 discriminator 1 view .LVU336
 1160 0078 1548     		ldr	r0, .L125+12
ARM GAS  /tmp/ccN9yVzV.s 			page 59


 1161              	.LVL117:
 858:Middlewares/Third_Party/LwIP/src/core/tcp.c **** 
 1162              		.loc 1 858 3 discriminator 1 view .LVU337
 1163 007a FFF7FEFF 		bl	printf
 1164              	.LVL118:
 858:Middlewares/Third_Party/LwIP/src/core/tcp.c **** 
 1165              		.loc 1 858 3 is_stmt 1 discriminator 1 view .LVU338
 858:Middlewares/Third_Party/LwIP/src/core/tcp.c **** 
 1166              		.loc 1 858 3 discriminator 1 view .LVU339
 858:Middlewares/Third_Party/LwIP/src/core/tcp.c **** 
 1167              		.loc 1 858 3 discriminator 1 view .LVU340
 1168 007e 6FF00E03 		mvn	r3, #14
 850:Middlewares/Third_Party/LwIP/src/core/tcp.c ****   err_t res;
 1169              		.loc 1 850 26 is_stmt 0 view .LVU341
 1170 0082 0025     		movs	r5, #0
 858:Middlewares/Third_Party/LwIP/src/core/tcp.c **** 
 1171              		.loc 1 858 3 view .LVU342
 1172 0084 13E0     		b	.L110
 1173              	.LVL119:
 1174              	.L123:
 900:Middlewares/Third_Party/LwIP/src/core/tcp.c ****   }
 1175              		.loc 1 900 5 is_stmt 1 discriminator 1 view .LVU343
 1176 0086 DA68     		ldr	r2, [r3, #12]
 1177 0088 0E4B     		ldr	r3, .L125
 1178 008a 1A60     		str	r2, [r3]
 1179 008c 01E0     		b	.L114
 1180              	.LVL120:
 1181              	.L124:
 1182              	.LBB4:
 900:Middlewares/Third_Party/LwIP/src/core/tcp.c ****   }
 1183              		.loc 1 900 5 discriminator 5 view .LVU344
 1184 008e E268     		ldr	r2, [r4, #12]
 1185 0090 DA60     		str	r2, [r3, #12]
 900:Middlewares/Third_Party/LwIP/src/core/tcp.c ****   }
 1186              		.loc 1 900 5 view .LVU345
 1187              	.LVL121:
 1188              	.L114:
 900:Middlewares/Third_Party/LwIP/src/core/tcp.c ****   }
 1189              		.loc 1 900 5 is_stmt 0 view .LVU346
 1190              	.LBE4:
 900:Middlewares/Third_Party/LwIP/src/core/tcp.c ****   }
 1191              		.loc 1 900 5 is_stmt 1 discriminator 10 view .LVU347
 1192 0092 0023     		movs	r3, #0
 1193 0094 E360     		str	r3, [r4, #12]
 1194              	.L112:
 900:Middlewares/Third_Party/LwIP/src/core/tcp.c ****   }
 1195              		.loc 1 900 5 discriminator 11 view .LVU348
 906:Middlewares/Third_Party/LwIP/src/core/tcp.c **** #if LWIP_CALLBACK_API
 1196              		.loc 1 906 3 view .LVU349
 1197 0096 2046     		mov	r0, r4
 1198              	.LVL122:
 906:Middlewares/Third_Party/LwIP/src/core/tcp.c **** #if LWIP_CALLBACK_API
 1199              		.loc 1 906 3 is_stmt 0 view .LVU350
 1200 0098 FFF7FEFF 		bl	tcp_free
 1201              	.LVL123:
 908:Middlewares/Third_Party/LwIP/src/core/tcp.c **** #endif /* LWIP_CALLBACK_API */
 1202              		.loc 1 908 3 is_stmt 1 view .LVU351
ARM GAS  /tmp/ccN9yVzV.s 			page 60


 908:Middlewares/Third_Party/LwIP/src/core/tcp.c **** #endif /* LWIP_CALLBACK_API */
 1203              		.loc 1 908 16 is_stmt 0 view .LVU352
 1204 009c 0E4B     		ldr	r3, .L125+20
 1205 009e AB61     		str	r3, [r5, #24]
 914:Middlewares/Third_Party/LwIP/src/core/tcp.c ****   res = ERR_OK;
 1206              		.loc 1 914 3 is_stmt 1 view .LVU353
 914:Middlewares/Third_Party/LwIP/src/core/tcp.c ****   res = ERR_OK;
 1207              		.loc 1 914 3 view .LVU354
 1208 00a0 0E4B     		ldr	r3, .L125+24
 1209 00a2 1A68     		ldr	r2, [r3]
 1210 00a4 EA60     		str	r2, [r5, #12]
 914:Middlewares/Third_Party/LwIP/src/core/tcp.c ****   res = ERR_OK;
 1211              		.loc 1 914 3 view .LVU355
 1212 00a6 1D60     		str	r5, [r3]
 914:Middlewares/Third_Party/LwIP/src/core/tcp.c ****   res = ERR_OK;
 1213              		.loc 1 914 3 view .LVU356
 1214 00a8 FFF7FEFF 		bl	tcp_timer_needed
 1215              	.LVL124:
 914:Middlewares/Third_Party/LwIP/src/core/tcp.c ****   res = ERR_OK;
 1216              		.loc 1 914 3 discriminator 1 view .LVU357
 915:Middlewares/Third_Party/LwIP/src/core/tcp.c **** done:
 1217              		.loc 1 915 3 view .LVU358
 915:Middlewares/Third_Party/LwIP/src/core/tcp.c **** done:
 1218              		.loc 1 915 7 is_stmt 0 view .LVU359
 1219 00ac 0023     		movs	r3, #0
 1220              	.LVL125:
 1221              	.L110:
 917:Middlewares/Third_Party/LwIP/src/core/tcp.c ****     *err = res;
 1222              		.loc 1 917 3 is_stmt 1 view .LVU360
 917:Middlewares/Third_Party/LwIP/src/core/tcp.c ****     *err = res;
 1223              		.loc 1 917 6 is_stmt 0 view .LVU361
 1224 00ae 06B1     		cbz	r6, .L108
 918:Middlewares/Third_Party/LwIP/src/core/tcp.c ****   }
 1225              		.loc 1 918 5 is_stmt 1 view .LVU362
 918:Middlewares/Third_Party/LwIP/src/core/tcp.c ****   }
 1226              		.loc 1 918 10 is_stmt 0 view .LVU363
 1227 00b0 3370     		strb	r3, [r6]
 920:Middlewares/Third_Party/LwIP/src/core/tcp.c **** }
 1228              		.loc 1 920 3 is_stmt 1 view .LVU364
 1229              	.L108:
 921:Middlewares/Third_Party/LwIP/src/core/tcp.c **** 
 1230              		.loc 1 921 1 is_stmt 0 view .LVU365
 1231 00b2 2846     		mov	r0, r5
 1232 00b4 70BD     		pop	{r4, r5, r6, pc}
 1233              	.LVL126:
 1234              	.L117:
 862:Middlewares/Third_Party/LwIP/src/core/tcp.c ****     res = ERR_ALREADY;
 1235              		.loc 1 862 10 view .LVU366
 1236 00b6 0546     		mov	r5, r0
 863:Middlewares/Third_Party/LwIP/src/core/tcp.c ****     goto done;
 1237              		.loc 1 863 9 view .LVU367
 1238 00b8 6FF00803 		mvn	r3, #8
 1239 00bc F7E7     		b	.L110
 1240              	.LVL127:
 1241              	.L118:
 884:Middlewares/Third_Party/LwIP/src/core/tcp.c ****     goto done;
 1242              		.loc 1 884 9 view .LVU368
ARM GAS  /tmp/ccN9yVzV.s 			page 61


 1243 00be 4FF0FF33 		mov	r3, #-1
 1244 00c2 F4E7     		b	.L110
 1245              	.L126:
 1246              		.align	2
 1247              	.L125:
 1248 00c4 00000000 		.word	tcp_bound_pcbs
 1249 00c8 00000000 		.word	.LC0
 1250 00cc 00000000 		.word	.LC9
 1251 00d0 54000000 		.word	.LC2
 1252 00d4 30000000 		.word	.LC10
 1253 00d8 00000000 		.word	tcp_accept_null
 1254 00dc 00000000 		.word	tcp_listen_pcbs
 1255              		.cfi_endproc
 1256              	.LFE172:
 1258              		.section	.text.tcp_listen_with_backlog,"ax",%progbits
 1259              		.align	1
 1260              		.global	tcp_listen_with_backlog
 1261              		.syntax unified
 1262              		.thumb
 1263              		.thumb_func
 1265              	tcp_listen_with_backlog:
 1266              	.LVL128:
 1267              	.LFB171:
 826:Middlewares/Third_Party/LwIP/src/core/tcp.c ****   LWIP_ASSERT_CORE_LOCKED();
 1268              		.loc 1 826 1 is_stmt 1 view -0
 1269              		.cfi_startproc
 1270              		@ args = 0, pretend = 0, frame = 0
 1271              		@ frame_needed = 0, uses_anonymous_args = 0
 826:Middlewares/Third_Party/LwIP/src/core/tcp.c ****   LWIP_ASSERT_CORE_LOCKED();
 1272              		.loc 1 826 1 is_stmt 0 view .LVU370
 1273 0000 08B5     		push	{r3, lr}
 1274              	.LCFI10:
 1275              		.cfi_def_cfa_offset 8
 1276              		.cfi_offset 3, -8
 1277              		.cfi_offset 14, -4
 827:Middlewares/Third_Party/LwIP/src/core/tcp.c ****   return tcp_listen_with_backlog_and_err(pcb, backlog, NULL);
 1278              		.loc 1 827 28 is_stmt 1 view .LVU371
 828:Middlewares/Third_Party/LwIP/src/core/tcp.c **** }
 1279              		.loc 1 828 3 view .LVU372
 828:Middlewares/Third_Party/LwIP/src/core/tcp.c **** }
 1280              		.loc 1 828 10 is_stmt 0 view .LVU373
 1281 0002 0022     		movs	r2, #0
 1282 0004 FFF7FEFF 		bl	tcp_listen_with_backlog_and_err
 1283              	.LVL129:
 829:Middlewares/Third_Party/LwIP/src/core/tcp.c **** 
 1284              		.loc 1 829 1 view .LVU374
 1285 0008 08BD     		pop	{r3, pc}
 1286              		.cfi_endproc
 1287              	.LFE171:
 1289              		.section	.rodata.tcp_update_rcv_ann_wnd.str1.4,"aMS",%progbits,1
 1290              		.align	2
 1291              	.LC11:
 1292 0000 7463705F 		.ascii	"tcp_update_rcv_ann_wnd: invalid pcb\000"
 1292      75706461 
 1292      74655F72 
 1292      63765F61 
 1292      6E6E5F77 
ARM GAS  /tmp/ccN9yVzV.s 			page 62


 1293              		.align	2
 1294              	.LC12:
 1295 0024 6E65775F 		.ascii	"new_rcv_ann_wnd <= 0xffff\000"
 1295      7263765F 
 1295      616E6E5F 
 1295      776E6420 
 1295      3C3D2030 
 1296              		.section	.text.tcp_update_rcv_ann_wnd,"ax",%progbits
 1297              		.align	1
 1298              		.global	tcp_update_rcv_ann_wnd
 1299              		.syntax unified
 1300              		.thumb
 1301              		.thumb_func
 1303              	tcp_update_rcv_ann_wnd:
 1304              	.LVL130:
 1305              	.LFB173:
 931:Middlewares/Third_Party/LwIP/src/core/tcp.c ****   u32_t new_right_edge;
 1306              		.loc 1 931 1 is_stmt 1 view -0
 1307              		.cfi_startproc
 1308              		@ args = 0, pretend = 0, frame = 0
 1309              		@ frame_needed = 0, uses_anonymous_args = 0
 931:Middlewares/Third_Party/LwIP/src/core/tcp.c ****   u32_t new_right_edge;
 1310              		.loc 1 931 1 is_stmt 0 view .LVU376
 1311 0000 38B5     		push	{r3, r4, r5, lr}
 1312              	.LCFI11:
 1313              		.cfi_def_cfa_offset 16
 1314              		.cfi_offset 3, -16
 1315              		.cfi_offset 4, -12
 1316              		.cfi_offset 5, -8
 1317              		.cfi_offset 14, -4
 932:Middlewares/Third_Party/LwIP/src/core/tcp.c **** 
 1318              		.loc 1 932 3 is_stmt 1 view .LVU377
 934:Middlewares/Third_Party/LwIP/src/core/tcp.c ****   new_right_edge = pcb->rcv_nxt + pcb->rcv_wnd;
 1319              		.loc 1 934 3 view .LVU378
 934:Middlewares/Third_Party/LwIP/src/core/tcp.c ****   new_right_edge = pcb->rcv_nxt + pcb->rcv_wnd;
 1320              		.loc 1 934 3 view .LVU379
 1321 0002 0446     		mov	r4, r0
 1322 0004 90B1     		cbz	r0, .L137
 1323              	.LVL131:
 1324              	.L130:
 934:Middlewares/Third_Party/LwIP/src/core/tcp.c ****   new_right_edge = pcb->rcv_nxt + pcb->rcv_wnd;
 1325              		.loc 1 934 3 discriminator 3 view .LVU380
 934:Middlewares/Third_Party/LwIP/src/core/tcp.c ****   new_right_edge = pcb->rcv_nxt + pcb->rcv_wnd;
 1326              		.loc 1 934 3 discriminator 3 view .LVU381
 935:Middlewares/Third_Party/LwIP/src/core/tcp.c **** 
 1327              		.loc 1 935 3 view .LVU382
 935:Middlewares/Third_Party/LwIP/src/core/tcp.c **** 
 1328              		.loc 1 935 23 is_stmt 0 view .LVU383
 1329 0006 656A     		ldr	r5, [r4, #36]
 935:Middlewares/Third_Party/LwIP/src/core/tcp.c **** 
 1330              		.loc 1 935 38 view .LVU384
 1331 0008 218D     		ldrh	r1, [r4, #40]
 935:Middlewares/Third_Party/LwIP/src/core/tcp.c **** 
 1332              		.loc 1 935 18 view .LVU385
 1333 000a 6818     		adds	r0, r5, r1
 1334              	.LVL132:
 937:Middlewares/Third_Party/LwIP/src/core/tcp.c ****     /* we can advertise more window */
ARM GAS  /tmp/ccN9yVzV.s 			page 63


 1335              		.loc 1 937 3 is_stmt 1 view .LVU386
 937:Middlewares/Third_Party/LwIP/src/core/tcp.c ****     /* we can advertise more window */
 1336              		.loc 1 937 7 is_stmt 0 view .LVU387
 1337 000c E26A     		ldr	r2, [r4, #44]
 1338 000e B4F832C0 		ldrh	ip, [r4, #50]
 1339 0012 BCF5866F 		cmp	ip, #1072
 1340 0016 94BF     		ite	ls
 1341 0018 02EB0C03 		addls	r3, r2, ip
 1342 001c 02F58663 		addhi	r3, r2, #1072
 1343 0020 C31A     		subs	r3, r0, r3
 937:Middlewares/Third_Party/LwIP/src/core/tcp.c ****     /* we can advertise more window */
 1344              		.loc 1 937 6 view .LVU388
 1345 0022 002B     		cmp	r3, #0
 1346 0024 0ADB     		blt	.L131
 939:Middlewares/Third_Party/LwIP/src/core/tcp.c ****     return new_right_edge - pcb->rcv_ann_right_edge;
 1347              		.loc 1 939 5 is_stmt 1 view .LVU389
 939:Middlewares/Third_Party/LwIP/src/core/tcp.c ****     return new_right_edge - pcb->rcv_ann_right_edge;
 1348              		.loc 1 939 22 is_stmt 0 view .LVU390
 1349 0026 6185     		strh	r1, [r4, #42]	@ movhi
 940:Middlewares/Third_Party/LwIP/src/core/tcp.c ****   } else {
 1350              		.loc 1 940 5 is_stmt 1 view .LVU391
 940:Middlewares/Third_Party/LwIP/src/core/tcp.c ****   } else {
 1351              		.loc 1 940 27 is_stmt 0 view .LVU392
 1352 0028 801A     		subs	r0, r0, r2
 1353              	.LVL133:
 1354              	.L129:
 956:Middlewares/Third_Party/LwIP/src/core/tcp.c **** 
 1355              		.loc 1 956 1 view .LVU393
 1356 002a 38BD     		pop	{r3, r4, r5, pc}
 1357              	.LVL134:
 1358              	.L137:
 934:Middlewares/Third_Party/LwIP/src/core/tcp.c ****   new_right_edge = pcb->rcv_nxt + pcb->rcv_wnd;
 1359              		.loc 1 934 3 is_stmt 1 discriminator 1 view .LVU394
 934:Middlewares/Third_Party/LwIP/src/core/tcp.c ****   new_right_edge = pcb->rcv_nxt + pcb->rcv_wnd;
 1360              		.loc 1 934 3 discriminator 1 view .LVU395
 1361 002c 0E4B     		ldr	r3, .L139
 1362 002e 40F2A632 		movw	r2, #934
 1363 0032 0E49     		ldr	r1, .L139+4
 1364 0034 0E48     		ldr	r0, .L139+8
 1365              	.LVL135:
 934:Middlewares/Third_Party/LwIP/src/core/tcp.c ****   new_right_edge = pcb->rcv_nxt + pcb->rcv_wnd;
 1366              		.loc 1 934 3 is_stmt 0 discriminator 1 view .LVU396
 1367 0036 FFF7FEFF 		bl	printf
 1368              	.LVL136:
 1369 003a E4E7     		b	.L130
 1370              	.LVL137:
 1371              	.L131:
 942:Middlewares/Third_Party/LwIP/src/core/tcp.c ****       /* Can happen due to other end sending out of advertised window,
 1372              		.loc 1 942 5 is_stmt 1 view .LVU397
 942:Middlewares/Third_Party/LwIP/src/core/tcp.c ****       /* Can happen due to other end sending out of advertised window,
 1373              		.loc 1 942 9 is_stmt 0 view .LVU398
 1374 003c AB1A     		subs	r3, r5, r2
 942:Middlewares/Third_Party/LwIP/src/core/tcp.c ****       /* Can happen due to other end sending out of advertised window,
 1375              		.loc 1 942 8 view .LVU399
 1376 003e 002B     		cmp	r3, #0
 1377 0040 03DD     		ble	.L133
 945:Middlewares/Third_Party/LwIP/src/core/tcp.c ****     } else {
ARM GAS  /tmp/ccN9yVzV.s 			page 64


 1378              		.loc 1 945 7 is_stmt 1 view .LVU400
 945:Middlewares/Third_Party/LwIP/src/core/tcp.c ****     } else {
 1379              		.loc 1 945 24 is_stmt 0 view .LVU401
 1380 0042 0023     		movs	r3, #0
 1381 0044 6385     		strh	r3, [r4, #42]	@ movhi
 1382              	.LVL138:
 1383              	.L134:
 954:Middlewares/Third_Party/LwIP/src/core/tcp.c ****   }
 1384              		.loc 1 954 5 is_stmt 1 view .LVU402
 954:Middlewares/Third_Party/LwIP/src/core/tcp.c ****   }
 1385              		.loc 1 954 12 is_stmt 0 view .LVU403
 1386 0046 0020     		movs	r0, #0
 1387 0048 EFE7     		b	.L129
 1388              	.LVL139:
 1389              	.L133:
 1390              	.LBB5:
 948:Middlewares/Third_Party/LwIP/src/core/tcp.c **** #if !LWIP_WND_SCALE
 1391              		.loc 1 948 7 is_stmt 1 view .LVU404
 948:Middlewares/Third_Party/LwIP/src/core/tcp.c **** #if !LWIP_WND_SCALE
 1392              		.loc 1 948 13 is_stmt 0 view .LVU405
 1393 004a 551B     		subs	r5, r2, r5
 1394              	.LVL140:
 950:Middlewares/Third_Party/LwIP/src/core/tcp.c **** #endif
 1395              		.loc 1 950 7 is_stmt 1 view .LVU406
 950:Middlewares/Third_Party/LwIP/src/core/tcp.c **** #endif
 1396              		.loc 1 950 7 view .LVU407
 1397 004c B5F5803F 		cmp	r5, #65536
 1398 0050 01D2     		bcs	.L138
 1399              	.LVL141:
 1400              	.L135:
 950:Middlewares/Third_Party/LwIP/src/core/tcp.c **** #endif
 1401              		.loc 1 950 7 discriminator 3 view .LVU408
 950:Middlewares/Third_Party/LwIP/src/core/tcp.c **** #endif
 1402              		.loc 1 950 7 discriminator 3 view .LVU409
 952:Middlewares/Third_Party/LwIP/src/core/tcp.c ****     }
 1403              		.loc 1 952 7 view .LVU410
 952:Middlewares/Third_Party/LwIP/src/core/tcp.c ****     }
 1404              		.loc 1 952 24 is_stmt 0 view .LVU411
 1405 0052 6585     		strh	r5, [r4, #42]	@ movhi
 1406 0054 F7E7     		b	.L134
 1407              	.LVL142:
 1408              	.L138:
 950:Middlewares/Third_Party/LwIP/src/core/tcp.c **** #endif
 1409              		.loc 1 950 7 is_stmt 1 discriminator 1 view .LVU412
 950:Middlewares/Third_Party/LwIP/src/core/tcp.c **** #endif
 1410              		.loc 1 950 7 discriminator 1 view .LVU413
 1411 0056 044B     		ldr	r3, .L139
 1412 0058 40F2B632 		movw	r2, #950
 1413 005c 0549     		ldr	r1, .L139+12
 1414 005e 0448     		ldr	r0, .L139+8
 1415              	.LVL143:
 950:Middlewares/Third_Party/LwIP/src/core/tcp.c **** #endif
 1416              		.loc 1 950 7 is_stmt 0 discriminator 1 view .LVU414
 1417 0060 FFF7FEFF 		bl	printf
 1418              	.LVL144:
 950:Middlewares/Third_Party/LwIP/src/core/tcp.c **** #endif
 1419              		.loc 1 950 7 discriminator 1 view .LVU415
ARM GAS  /tmp/ccN9yVzV.s 			page 65


 1420 0064 F5E7     		b	.L135
 1421              	.L140:
 1422 0066 00BF     		.align	2
 1423              	.L139:
 1424 0068 00000000 		.word	.LC0
 1425 006c 00000000 		.word	.LC11
 1426 0070 54000000 		.word	.LC2
 1427 0074 24000000 		.word	.LC12
 1428              	.LBE5:
 1429              		.cfi_endproc
 1430              	.LFE173:
 1432              		.section	.rodata.tcp_recved.str1.4,"aMS",%progbits,1
 1433              		.align	2
 1434              	.LC13:
 1435 0000 7463705F 		.ascii	"tcp_recved: invalid pcb\000"
 1435      72656376 
 1435      65643A20 
 1435      696E7661 
 1435      6C696420 
 1436              		.align	2
 1437              	.LC14:
 1438 0018 646F6E27 		.ascii	"don't call tcp_recved for listen-pcbs\000"
 1438      74206361 
 1438      6C6C2074 
 1438      63705F72 
 1438      65637665 
 1439              		.section	.text.tcp_recved,"ax",%progbits
 1440              		.align	1
 1441              		.global	tcp_recved
 1442              		.syntax unified
 1443              		.thumb
 1444              		.thumb_func
 1446              	tcp_recved:
 1447              	.LVL145:
 1448              	.LFB174:
 969:Middlewares/Third_Party/LwIP/src/core/tcp.c ****   u32_t wnd_inflation;
 1449              		.loc 1 969 1 is_stmt 1 view -0
 1450              		.cfi_startproc
 1451              		@ args = 0, pretend = 0, frame = 0
 1452              		@ frame_needed = 0, uses_anonymous_args = 0
 969:Middlewares/Third_Party/LwIP/src/core/tcp.c ****   u32_t wnd_inflation;
 1453              		.loc 1 969 1 is_stmt 0 view .LVU417
 1454 0000 38B5     		push	{r3, r4, r5, lr}
 1455              	.LCFI12:
 1456              		.cfi_def_cfa_offset 16
 1457              		.cfi_offset 3, -16
 1458              		.cfi_offset 4, -12
 1459              		.cfi_offset 5, -8
 1460              		.cfi_offset 14, -4
 970:Middlewares/Third_Party/LwIP/src/core/tcp.c ****   tcpwnd_size_t rcv_wnd;
 1461              		.loc 1 970 3 is_stmt 1 view .LVU418
 971:Middlewares/Third_Party/LwIP/src/core/tcp.c **** 
 1462              		.loc 1 971 3 view .LVU419
 973:Middlewares/Third_Party/LwIP/src/core/tcp.c **** 
 1463              		.loc 1 973 28 view .LVU420
 975:Middlewares/Third_Party/LwIP/src/core/tcp.c **** 
 1464              		.loc 1 975 3 view .LVU421
ARM GAS  /tmp/ccN9yVzV.s 			page 66


 975:Middlewares/Third_Party/LwIP/src/core/tcp.c **** 
 1465              		.loc 1 975 3 view .LVU422
 1466 0002 B0B1     		cbz	r0, .L149
 1467 0004 0C46     		mov	r4, r1
 1468 0006 0546     		mov	r5, r0
 975:Middlewares/Third_Party/LwIP/src/core/tcp.c **** 
 1469              		.loc 1 975 3 discriminator 2 view .LVU423
 978:Middlewares/Third_Party/LwIP/src/core/tcp.c ****               pcb->state != LISTEN);
 1470              		.loc 1 978 3 view .LVU424
 978:Middlewares/Third_Party/LwIP/src/core/tcp.c ****               pcb->state != LISTEN);
 1471              		.loc 1 978 3 view .LVU425
 1472 0008 037D     		ldrb	r3, [r0, #20]	@ zero_extendqisi2
 1473 000a 012B     		cmp	r3, #1
 1474 000c 19D0     		beq	.L150
 1475              	.LVL146:
 1476              	.L144:
 978:Middlewares/Third_Party/LwIP/src/core/tcp.c ****               pcb->state != LISTEN);
 1477              		.loc 1 978 3 discriminator 3 view .LVU426
 978:Middlewares/Third_Party/LwIP/src/core/tcp.c ****               pcb->state != LISTEN);
 1478              		.loc 1 978 3 discriminator 3 view .LVU427
 981:Middlewares/Third_Party/LwIP/src/core/tcp.c ****   if ((rcv_wnd > TCP_WND_MAX(pcb)) || (rcv_wnd < pcb->rcv_wnd)) {
 1479              		.loc 1 981 3 view .LVU428
 981:Middlewares/Third_Party/LwIP/src/core/tcp.c ****   if ((rcv_wnd > TCP_WND_MAX(pcb)) || (rcv_wnd < pcb->rcv_wnd)) {
 1480              		.loc 1 981 32 is_stmt 0 view .LVU429
 1481 000e 2B8D     		ldrh	r3, [r5, #40]
 981:Middlewares/Third_Party/LwIP/src/core/tcp.c ****   if ((rcv_wnd > TCP_WND_MAX(pcb)) || (rcv_wnd < pcb->rcv_wnd)) {
 1482              		.loc 1 981 11 view .LVU430
 1483 0010 1919     		adds	r1, r3, r4
 1484 0012 89B2     		uxth	r1, r1
 1485              	.LVL147:
 982:Middlewares/Third_Party/LwIP/src/core/tcp.c ****     /* window got too big or tcpwnd_size_t overflow */
 1486              		.loc 1 982 3 is_stmt 1 view .LVU431
 982:Middlewares/Third_Party/LwIP/src/core/tcp.c ****     /* window got too big or tcpwnd_size_t overflow */
 1487              		.loc 1 982 6 is_stmt 0 view .LVU432
 1488 0014 B1F5066F 		cmp	r1, #2144
 1489 0018 01D8     		bhi	.L145
 982:Middlewares/Third_Party/LwIP/src/core/tcp.c ****     /* window got too big or tcpwnd_size_t overflow */
 1490              		.loc 1 982 36 discriminator 1 view .LVU433
 1491 001a 8B42     		cmp	r3, r1
 1492 001c 19D9     		bls	.L146
 1493              	.L145:
 984:Middlewares/Third_Party/LwIP/src/core/tcp.c ****     pcb->rcv_wnd = TCP_WND_MAX(pcb);
 1494              		.loc 1 984 5 is_stmt 1 view .LVU434
 984:Middlewares/Third_Party/LwIP/src/core/tcp.c ****     pcb->rcv_wnd = TCP_WND_MAX(pcb);
 1495              		.loc 1 984 5 view .LVU435
 984:Middlewares/Third_Party/LwIP/src/core/tcp.c ****     pcb->rcv_wnd = TCP_WND_MAX(pcb);
 1496              		.loc 1 984 5 discriminator 4 view .LVU436
 985:Middlewares/Third_Party/LwIP/src/core/tcp.c ****   } else  {
 1497              		.loc 1 985 5 view .LVU437
 985:Middlewares/Third_Party/LwIP/src/core/tcp.c ****   } else  {
 1498              		.loc 1 985 18 is_stmt 0 view .LVU438
 1499 001e 4FF40663 		mov	r3, #2144
 1500 0022 2B85     		strh	r3, [r5, #40]	@ movhi
 1501              	.L147:
 990:Middlewares/Third_Party/LwIP/src/core/tcp.c **** 
 1502              		.loc 1 990 3 is_stmt 1 view .LVU439
 990:Middlewares/Third_Party/LwIP/src/core/tcp.c **** 
ARM GAS  /tmp/ccN9yVzV.s 			page 67


 1503              		.loc 1 990 19 is_stmt 0 view .LVU440
 1504 0024 2846     		mov	r0, r5
 1505 0026 FFF7FEFF 		bl	tcp_update_rcv_ann_wnd
 1506              	.LVL148:
 996:Middlewares/Third_Party/LwIP/src/core/tcp.c ****     tcp_ack_now(pcb);
 1507              		.loc 1 996 3 is_stmt 1 view .LVU441
 996:Middlewares/Third_Party/LwIP/src/core/tcp.c ****     tcp_ack_now(pcb);
 1508              		.loc 1 996 6 is_stmt 0 view .LVU442
 1509 002a B0F5067F 		cmp	r0, #536
 1510 002e 12D2     		bcs	.L151
 1511              	.LVL149:
 1512              	.L141:
1003:Middlewares/Third_Party/LwIP/src/core/tcp.c **** 
 1513              		.loc 1 1003 1 view .LVU443
 1514 0030 38BD     		pop	{r3, r4, r5, pc}
 1515              	.LVL150:
 1516              	.L149:
 975:Middlewares/Third_Party/LwIP/src/core/tcp.c **** 
 1517              		.loc 1 975 3 is_stmt 1 discriminator 1 view .LVU444
 975:Middlewares/Third_Party/LwIP/src/core/tcp.c **** 
 1518              		.loc 1 975 3 discriminator 1 view .LVU445
 1519 0032 0D4B     		ldr	r3, .L152
 1520 0034 40F2CF32 		movw	r2, #975
 1521 0038 0C49     		ldr	r1, .L152+4
 1522              	.LVL151:
 975:Middlewares/Third_Party/LwIP/src/core/tcp.c **** 
 1523              		.loc 1 975 3 is_stmt 0 discriminator 1 view .LVU446
 1524 003a 0D48     		ldr	r0, .L152+8
 1525              	.LVL152:
 975:Middlewares/Third_Party/LwIP/src/core/tcp.c **** 
 1526              		.loc 1 975 3 discriminator 1 view .LVU447
 1527 003c FFF7FEFF 		bl	printf
 1528              	.LVL153:
 975:Middlewares/Third_Party/LwIP/src/core/tcp.c **** 
 1529              		.loc 1 975 3 is_stmt 1 discriminator 1 view .LVU448
 975:Middlewares/Third_Party/LwIP/src/core/tcp.c **** 
 1530              		.loc 1 975 3 discriminator 1 view .LVU449
 975:Middlewares/Third_Party/LwIP/src/core/tcp.c **** 
 1531              		.loc 1 975 3 is_stmt 0 view .LVU450
 1532 0040 F6E7     		b	.L141
 1533              	.LVL154:
 1534              	.L150:
 978:Middlewares/Third_Party/LwIP/src/core/tcp.c ****               pcb->state != LISTEN);
 1535              		.loc 1 978 3 is_stmt 1 discriminator 1 view .LVU451
 978:Middlewares/Third_Party/LwIP/src/core/tcp.c ****               pcb->state != LISTEN);
 1536              		.loc 1 978 3 discriminator 1 view .LVU452
 1537 0042 094B     		ldr	r3, .L152
 1538 0044 40F2D232 		movw	r2, #978
 1539 0048 0A49     		ldr	r1, .L152+12
 1540              	.LVL155:
 978:Middlewares/Third_Party/LwIP/src/core/tcp.c ****               pcb->state != LISTEN);
 1541              		.loc 1 978 3 is_stmt 0 discriminator 1 view .LVU453
 1542 004a 0948     		ldr	r0, .L152+8
 1543              	.LVL156:
 978:Middlewares/Third_Party/LwIP/src/core/tcp.c ****               pcb->state != LISTEN);
 1544              		.loc 1 978 3 discriminator 1 view .LVU454
 1545 004c FFF7FEFF 		bl	printf
ARM GAS  /tmp/ccN9yVzV.s 			page 68


 1546              	.LVL157:
 1547 0050 DDE7     		b	.L144
 1548              	.LVL158:
 1549              	.L146:
 987:Middlewares/Third_Party/LwIP/src/core/tcp.c ****   }
 1550              		.loc 1 987 5 is_stmt 1 view .LVU455
 987:Middlewares/Third_Party/LwIP/src/core/tcp.c ****   }
 1551              		.loc 1 987 18 is_stmt 0 view .LVU456
 1552 0052 2985     		strh	r1, [r5, #40]	@ movhi
 1553 0054 E6E7     		b	.L147
 1554              	.LVL159:
 1555              	.L151:
 997:Middlewares/Third_Party/LwIP/src/core/tcp.c ****     tcp_output(pcb);
 1556              		.loc 1 997 5 is_stmt 1 view .LVU457
 997:Middlewares/Third_Party/LwIP/src/core/tcp.c ****     tcp_output(pcb);
 1557              		.loc 1 997 5 view .LVU458
 1558 0056 6B8B     		ldrh	r3, [r5, #26]
 1559 0058 43F00203 		orr	r3, r3, #2
 1560 005c 6B83     		strh	r3, [r5, #26]	@ movhi
 997:Middlewares/Third_Party/LwIP/src/core/tcp.c ****     tcp_output(pcb);
 1561              		.loc 1 997 5 view .LVU459
 998:Middlewares/Third_Party/LwIP/src/core/tcp.c ****   }
 1562              		.loc 1 998 5 view .LVU460
 1563 005e 2846     		mov	r0, r5
 1564              	.LVL160:
 998:Middlewares/Third_Party/LwIP/src/core/tcp.c ****   }
 1565              		.loc 1 998 5 is_stmt 0 view .LVU461
 1566 0060 FFF7FEFF 		bl	tcp_output
 1567              	.LVL161:
1001:Middlewares/Third_Party/LwIP/src/core/tcp.c ****                           len, pcb->rcv_wnd, (u16_t)(TCP_WND_MAX(pcb) - pcb->rcv_wnd)));
 1568              		.loc 1 1001 3 is_stmt 1 discriminator 4 view .LVU462
 1569 0064 E4E7     		b	.L141
 1570              	.L153:
 1571 0066 00BF     		.align	2
 1572              	.L152:
 1573 0068 00000000 		.word	.LC0
 1574 006c 00000000 		.word	.LC13
 1575 0070 54000000 		.word	.LC2
 1576 0074 18000000 		.word	.LC14
 1577              		.cfi_endproc
 1578              	.LFE174:
 1580              		.section	.text.tcp_txnow,"ax",%progbits
 1581              		.align	1
 1582              		.global	tcp_txnow
 1583              		.syntax unified
 1584              		.thumb
 1585              		.thumb_func
 1587              	tcp_txnow:
 1588              	.LFB179:
1527:Middlewares/Third_Party/LwIP/src/core/tcp.c ****   struct tcp_pcb *pcb;
 1589              		.loc 1 1527 1 view -0
 1590              		.cfi_startproc
 1591              		@ args = 0, pretend = 0, frame = 0
 1592              		@ frame_needed = 0, uses_anonymous_args = 0
 1593 0000 10B5     		push	{r4, lr}
 1594              	.LCFI13:
 1595              		.cfi_def_cfa_offset 8
ARM GAS  /tmp/ccN9yVzV.s 			page 69


 1596              		.cfi_offset 4, -8
 1597              		.cfi_offset 14, -4
1528:Middlewares/Third_Party/LwIP/src/core/tcp.c **** 
 1598              		.loc 1 1528 3 view .LVU464
1530:Middlewares/Third_Party/LwIP/src/core/tcp.c ****     if (pcb->flags & TF_NAGLEMEMERR) {
 1599              		.loc 1 1530 3 view .LVU465
1530:Middlewares/Third_Party/LwIP/src/core/tcp.c ****     if (pcb->flags & TF_NAGLEMEMERR) {
 1600              		.loc 1 1530 12 is_stmt 0 view .LVU466
 1601 0002 074B     		ldr	r3, .L160
 1602 0004 1C68     		ldr	r4, [r3]
 1603              	.LVL162:
1530:Middlewares/Third_Party/LwIP/src/core/tcp.c ****     if (pcb->flags & TF_NAGLEMEMERR) {
 1604              		.loc 1 1530 3 view .LVU467
 1605 0006 00E0     		b	.L155
 1606              	.L156:
1530:Middlewares/Third_Party/LwIP/src/core/tcp.c ****     if (pcb->flags & TF_NAGLEMEMERR) {
 1607              		.loc 1 1530 48 is_stmt 1 discriminator 2 view .LVU468
 1608 0008 E468     		ldr	r4, [r4, #12]
 1609              	.LVL163:
 1610              	.L155:
1530:Middlewares/Third_Party/LwIP/src/core/tcp.c ****     if (pcb->flags & TF_NAGLEMEMERR) {
 1611              		.loc 1 1530 35 discriminator 1 view .LVU469
 1612 000a 3CB1     		cbz	r4, .L159
1531:Middlewares/Third_Party/LwIP/src/core/tcp.c ****       tcp_output(pcb);
 1613              		.loc 1 1531 5 view .LVU470
1531:Middlewares/Third_Party/LwIP/src/core/tcp.c ****       tcp_output(pcb);
 1614              		.loc 1 1531 12 is_stmt 0 view .LVU471
 1615 000c 638B     		ldrh	r3, [r4, #26]
1531:Middlewares/Third_Party/LwIP/src/core/tcp.c ****       tcp_output(pcb);
 1616              		.loc 1 1531 8 view .LVU472
 1617 000e 13F0800F 		tst	r3, #128
 1618 0012 F9D0     		beq	.L156
1532:Middlewares/Third_Party/LwIP/src/core/tcp.c ****     }
 1619              		.loc 1 1532 7 is_stmt 1 view .LVU473
 1620 0014 2046     		mov	r0, r4
 1621 0016 FFF7FEFF 		bl	tcp_output
 1622              	.LVL164:
 1623 001a F5E7     		b	.L156
 1624              	.L159:
1535:Middlewares/Third_Party/LwIP/src/core/tcp.c **** 
 1625              		.loc 1 1535 1 is_stmt 0 view .LVU474
 1626 001c 10BD     		pop	{r4, pc}
 1627              	.LVL165:
 1628              	.L161:
1535:Middlewares/Third_Party/LwIP/src/core/tcp.c **** 
 1629              		.loc 1 1535 1 view .LVU475
 1630 001e 00BF     		.align	2
 1631              	.L160:
 1632 0020 00000000 		.word	tcp_active_pcbs
 1633              		.cfi_endproc
 1634              	.LFE179:
 1636              		.section	.text.tcp_seg_free,"ax",%progbits
 1637              		.align	1
 1638              		.global	tcp_seg_free
 1639              		.syntax unified
 1640              		.thumb
 1641              		.thumb_func
ARM GAS  /tmp/ccN9yVzV.s 			page 70


 1643              	tcp_seg_free:
 1644              	.LVL166:
 1645              	.LFB182:
1624:Middlewares/Third_Party/LwIP/src/core/tcp.c ****   if (seg != NULL) {
 1646              		.loc 1 1624 1 is_stmt 1 view -0
 1647              		.cfi_startproc
 1648              		@ args = 0, pretend = 0, frame = 0
 1649              		@ frame_needed = 0, uses_anonymous_args = 0
1625:Middlewares/Third_Party/LwIP/src/core/tcp.c ****     if (seg->p != NULL) {
 1650              		.loc 1 1625 3 view .LVU477
1625:Middlewares/Third_Party/LwIP/src/core/tcp.c ****     if (seg->p != NULL) {
 1651              		.loc 1 1625 6 is_stmt 0 view .LVU478
 1652 0000 50B1     		cbz	r0, .L166
1624:Middlewares/Third_Party/LwIP/src/core/tcp.c ****   if (seg != NULL) {
 1653              		.loc 1 1624 1 view .LVU479
 1654 0002 10B5     		push	{r4, lr}
 1655              	.LCFI14:
 1656              		.cfi_def_cfa_offset 8
 1657              		.cfi_offset 4, -8
 1658              		.cfi_offset 14, -4
 1659 0004 0446     		mov	r4, r0
1626:Middlewares/Third_Party/LwIP/src/core/tcp.c ****       pbuf_free(seg->p);
 1660              		.loc 1 1626 5 is_stmt 1 view .LVU480
1626:Middlewares/Third_Party/LwIP/src/core/tcp.c ****       pbuf_free(seg->p);
 1661              		.loc 1 1626 12 is_stmt 0 view .LVU481
 1662 0006 4068     		ldr	r0, [r0, #4]
 1663              	.LVL167:
1626:Middlewares/Third_Party/LwIP/src/core/tcp.c ****       pbuf_free(seg->p);
 1664              		.loc 1 1626 8 view .LVU482
 1665 0008 08B1     		cbz	r0, .L164
1627:Middlewares/Third_Party/LwIP/src/core/tcp.c **** #if TCP_DEBUG
 1666              		.loc 1 1627 7 is_stmt 1 view .LVU483
 1667 000a FFF7FEFF 		bl	pbuf_free
 1668              	.LVL168:
 1669              	.L164:
1632:Middlewares/Third_Party/LwIP/src/core/tcp.c ****   }
 1670              		.loc 1 1632 5 view .LVU484
 1671 000e 2146     		mov	r1, r4
 1672 0010 0320     		movs	r0, #3
 1673 0012 FFF7FEFF 		bl	memp_free
 1674              	.LVL169:
1634:Middlewares/Third_Party/LwIP/src/core/tcp.c **** 
 1675              		.loc 1 1634 1 is_stmt 0 view .LVU485
 1676 0016 10BD     		pop	{r4, pc}
 1677              	.LVL170:
 1678              	.L166:
 1679              	.LCFI15:
 1680              		.cfi_def_cfa_offset 0
 1681              		.cfi_restore 4
 1682              		.cfi_restore 14
1634:Middlewares/Third_Party/LwIP/src/core/tcp.c **** 
 1683              		.loc 1 1634 1 view .LVU486
 1684 0018 7047     		bx	lr
 1685              		.cfi_endproc
 1686              	.LFE182:
 1688              		.section	.text.tcp_segs_free,"ax",%progbits
 1689              		.align	1
ARM GAS  /tmp/ccN9yVzV.s 			page 71


 1690              		.global	tcp_segs_free
 1691              		.syntax unified
 1692              		.thumb
 1693              		.thumb_func
 1695              	tcp_segs_free:
 1696              	.LVL171:
 1697              	.LFB181:
1609:Middlewares/Third_Party/LwIP/src/core/tcp.c ****   while (seg != NULL) {
 1698              		.loc 1 1609 1 is_stmt 1 view -0
 1699              		.cfi_startproc
 1700              		@ args = 0, pretend = 0, frame = 0
 1701              		@ frame_needed = 0, uses_anonymous_args = 0
1610:Middlewares/Third_Party/LwIP/src/core/tcp.c ****     struct tcp_seg *next = seg->next;
 1702              		.loc 1 1610 3 view .LVU488
1610:Middlewares/Third_Party/LwIP/src/core/tcp.c ****     struct tcp_seg *next = seg->next;
 1703              		.loc 1 1610 14 view .LVU489
 1704 0000 38B1     		cbz	r0, .L175
1609:Middlewares/Third_Party/LwIP/src/core/tcp.c ****   while (seg != NULL) {
 1705              		.loc 1 1609 1 is_stmt 0 view .LVU490
 1706 0002 10B5     		push	{r4, lr}
 1707              	.LCFI16:
 1708              		.cfi_def_cfa_offset 8
 1709              		.cfi_offset 4, -8
 1710              		.cfi_offset 14, -4
 1711              	.L171:
 1712              	.LBB6:
1611:Middlewares/Third_Party/LwIP/src/core/tcp.c ****     tcp_seg_free(seg);
 1713              		.loc 1 1611 5 is_stmt 1 view .LVU491
1611:Middlewares/Third_Party/LwIP/src/core/tcp.c ****     tcp_seg_free(seg);
 1714              		.loc 1 1611 21 is_stmt 0 view .LVU492
 1715 0004 0468     		ldr	r4, [r0]
 1716              	.LVL172:
1612:Middlewares/Third_Party/LwIP/src/core/tcp.c ****     seg = next;
 1717              		.loc 1 1612 5 is_stmt 1 view .LVU493
 1718 0006 FFF7FEFF 		bl	tcp_seg_free
 1719              	.LVL173:
1613:Middlewares/Third_Party/LwIP/src/core/tcp.c ****   }
 1720              		.loc 1 1613 5 view .LVU494
1613:Middlewares/Third_Party/LwIP/src/core/tcp.c ****   }
 1721              		.loc 1 1613 9 is_stmt 0 view .LVU495
 1722 000a 2046     		mov	r0, r4
1613:Middlewares/Third_Party/LwIP/src/core/tcp.c ****   }
 1723              		.loc 1 1613 9 view .LVU496
 1724              	.LBE6:
1610:Middlewares/Third_Party/LwIP/src/core/tcp.c ****     struct tcp_seg *next = seg->next;
 1725              		.loc 1 1610 14 is_stmt 1 view .LVU497
 1726 000c 002C     		cmp	r4, #0
 1727 000e F9D1     		bne	.L171
1615:Middlewares/Third_Party/LwIP/src/core/tcp.c **** 
 1728              		.loc 1 1615 1 is_stmt 0 view .LVU498
 1729 0010 10BD     		pop	{r4, pc}
 1730              	.LVL174:
 1731              	.L175:
 1732              	.LCFI17:
 1733              		.cfi_def_cfa_offset 0
 1734              		.cfi_restore 4
 1735              		.cfi_restore 14
ARM GAS  /tmp/ccN9yVzV.s 			page 72


1615:Middlewares/Third_Party/LwIP/src/core/tcp.c **** 
 1736              		.loc 1 1615 1 view .LVU499
 1737 0012 7047     		bx	lr
 1738              		.cfi_endproc
 1739              	.LFE181:
 1741              		.section	.rodata.tcp_setprio.str1.4,"aMS",%progbits,1
 1742              		.align	2
 1743              	.LC15:
 1744 0000 7463705F 		.ascii	"tcp_setprio: invalid pcb\000"
 1744      73657470 
 1744      72696F3A 
 1744      20696E76 
 1744      616C6964 
 1745              		.section	.text.tcp_setprio,"ax",%progbits
 1746              		.align	1
 1747              		.global	tcp_setprio
 1748              		.syntax unified
 1749              		.thumb
 1750              		.thumb_func
 1752              	tcp_setprio:
 1753              	.LVL175:
 1754              	.LFB183:
1645:Middlewares/Third_Party/LwIP/src/core/tcp.c ****   LWIP_ASSERT_CORE_LOCKED();
 1755              		.loc 1 1645 1 is_stmt 1 view -0
 1756              		.cfi_startproc
 1757              		@ args = 0, pretend = 0, frame = 0
 1758              		@ frame_needed = 0, uses_anonymous_args = 0
1645:Middlewares/Third_Party/LwIP/src/core/tcp.c ****   LWIP_ASSERT_CORE_LOCKED();
 1759              		.loc 1 1645 1 is_stmt 0 view .LVU501
 1760 0000 08B5     		push	{r3, lr}
 1761              	.LCFI18:
 1762              		.cfi_def_cfa_offset 8
 1763              		.cfi_offset 3, -8
 1764              		.cfi_offset 14, -4
1646:Middlewares/Third_Party/LwIP/src/core/tcp.c **** 
 1765              		.loc 1 1646 28 is_stmt 1 view .LVU502
1648:Middlewares/Third_Party/LwIP/src/core/tcp.c **** 
 1766              		.loc 1 1648 3 view .LVU503
1648:Middlewares/Third_Party/LwIP/src/core/tcp.c **** 
 1767              		.loc 1 1648 3 view .LVU504
 1768 0002 08B1     		cbz	r0, .L180
1648:Middlewares/Third_Party/LwIP/src/core/tcp.c **** 
 1769              		.loc 1 1648 3 discriminator 2 view .LVU505
1650:Middlewares/Third_Party/LwIP/src/core/tcp.c **** }
 1770              		.loc 1 1650 3 view .LVU506
1650:Middlewares/Third_Party/LwIP/src/core/tcp.c **** }
 1771              		.loc 1 1650 13 is_stmt 0 view .LVU507
 1772 0004 4175     		strb	r1, [r0, #21]
 1773              	.LVL176:
 1774              	.L176:
1651:Middlewares/Third_Party/LwIP/src/core/tcp.c **** 
 1775              		.loc 1 1651 1 view .LVU508
 1776 0006 08BD     		pop	{r3, pc}
 1777              	.LVL177:
 1778              	.L180:
1648:Middlewares/Third_Party/LwIP/src/core/tcp.c **** 
 1779              		.loc 1 1648 3 is_stmt 1 discriminator 1 view .LVU509
ARM GAS  /tmp/ccN9yVzV.s 			page 73


1648:Middlewares/Third_Party/LwIP/src/core/tcp.c **** 
 1780              		.loc 1 1648 3 discriminator 1 view .LVU510
 1781 0008 034B     		ldr	r3, .L181
 1782 000a 4FF4CE62 		mov	r2, #1648
 1783 000e 0349     		ldr	r1, .L181+4
 1784              	.LVL178:
1648:Middlewares/Third_Party/LwIP/src/core/tcp.c **** 
 1785              		.loc 1 1648 3 is_stmt 0 discriminator 1 view .LVU511
 1786 0010 0348     		ldr	r0, .L181+8
 1787              	.LVL179:
1648:Middlewares/Third_Party/LwIP/src/core/tcp.c **** 
 1788              		.loc 1 1648 3 discriminator 1 view .LVU512
 1789 0012 FFF7FEFF 		bl	printf
 1790              	.LVL180:
1648:Middlewares/Third_Party/LwIP/src/core/tcp.c **** 
 1791              		.loc 1 1648 3 is_stmt 1 discriminator 1 view .LVU513
1648:Middlewares/Third_Party/LwIP/src/core/tcp.c **** 
 1792              		.loc 1 1648 3 discriminator 1 view .LVU514
1648:Middlewares/Third_Party/LwIP/src/core/tcp.c **** 
 1793              		.loc 1 1648 3 is_stmt 0 view .LVU515
 1794 0016 F6E7     		b	.L176
 1795              	.L182:
 1796              		.align	2
 1797              	.L181:
 1798 0018 00000000 		.word	.LC0
 1799 001c 00000000 		.word	.LC15
 1800 0020 54000000 		.word	.LC2
 1801              		.cfi_endproc
 1802              	.LFE183:
 1804              		.section	.rodata.tcp_seg_copy.str1.4,"aMS",%progbits,1
 1805              		.align	2
 1806              	.LC16:
 1807 0000 7463705F 		.ascii	"tcp_seg_copy: invalid seg\000"
 1807      7365675F 
 1807      636F7079 
 1807      3A20696E 
 1807      76616C69 
 1808              		.section	.text.tcp_seg_copy,"ax",%progbits
 1809              		.align	1
 1810              		.global	tcp_seg_copy
 1811              		.syntax unified
 1812              		.thumb
 1813              		.thumb_func
 1815              	tcp_seg_copy:
 1816              	.LVL181:
 1817              	.LFB184:
1663:Middlewares/Third_Party/LwIP/src/core/tcp.c ****   struct tcp_seg *cseg;
 1818              		.loc 1 1663 1 is_stmt 1 view -0
 1819              		.cfi_startproc
 1820              		@ args = 0, pretend = 0, frame = 0
 1821              		@ frame_needed = 0, uses_anonymous_args = 0
1663:Middlewares/Third_Party/LwIP/src/core/tcp.c ****   struct tcp_seg *cseg;
 1822              		.loc 1 1663 1 is_stmt 0 view .LVU517
 1823 0000 38B5     		push	{r3, r4, r5, lr}
 1824              	.LCFI19:
 1825              		.cfi_def_cfa_offset 16
 1826              		.cfi_offset 3, -16
ARM GAS  /tmp/ccN9yVzV.s 			page 74


 1827              		.cfi_offset 4, -12
 1828              		.cfi_offset 5, -8
 1829              		.cfi_offset 14, -4
1664:Middlewares/Third_Party/LwIP/src/core/tcp.c **** 
 1830              		.loc 1 1664 3 is_stmt 1 view .LVU518
1666:Middlewares/Third_Party/LwIP/src/core/tcp.c **** 
 1831              		.loc 1 1666 3 view .LVU519
1666:Middlewares/Third_Party/LwIP/src/core/tcp.c **** 
 1832              		.loc 1 1666 3 view .LVU520
 1833 0002 0546     		mov	r5, r0
 1834 0004 98B1     		cbz	r0, .L187
 1835              	.LVL182:
 1836              	.L184:
1666:Middlewares/Third_Party/LwIP/src/core/tcp.c **** 
 1837              		.loc 1 1666 3 discriminator 3 view .LVU521
1666:Middlewares/Third_Party/LwIP/src/core/tcp.c **** 
 1838              		.loc 1 1666 3 discriminator 3 view .LVU522
1668:Middlewares/Third_Party/LwIP/src/core/tcp.c ****   if (cseg == NULL) {
 1839              		.loc 1 1668 3 view .LVU523
1668:Middlewares/Third_Party/LwIP/src/core/tcp.c ****   if (cseg == NULL) {
 1840              		.loc 1 1668 28 is_stmt 0 view .LVU524
 1841 0006 0320     		movs	r0, #3
 1842 0008 FFF7FEFF 		bl	memp_malloc
 1843              	.LVL183:
1669:Middlewares/Third_Party/LwIP/src/core/tcp.c ****     return NULL;
 1844              		.loc 1 1669 3 is_stmt 1 view .LVU525
1669:Middlewares/Third_Party/LwIP/src/core/tcp.c ****     return NULL;
 1845              		.loc 1 1669 6 is_stmt 0 view .LVU526
 1846 000c 0446     		mov	r4, r0
 1847 000e 60B1     		cbz	r0, .L183
1672:Middlewares/Third_Party/LwIP/src/core/tcp.c ****   pbuf_ref(cseg->p);
 1848              		.loc 1 1672 3 is_stmt 1 view .LVU527
 1849 0010 2B68     		ldr	r3, [r5]	@ unaligned
 1850 0012 6868     		ldr	r0, [r5, #4]	@ unaligned
 1851              	.LVL184:
1672:Middlewares/Third_Party/LwIP/src/core/tcp.c ****   pbuf_ref(cseg->p);
 1852              		.loc 1 1672 3 is_stmt 0 view .LVU528
 1853 0014 A968     		ldr	r1, [r5, #8]	@ unaligned
 1854 0016 EA68     		ldr	r2, [r5, #12]	@ unaligned
 1855 0018 2360     		str	r3, [r4]	@ unaligned
 1856 001a 6060     		str	r0, [r4, #4]	@ unaligned
 1857 001c A160     		str	r1, [r4, #8]	@ unaligned
 1858 001e E260     		str	r2, [r4, #12]	@ unaligned
 1859 0020 2B69     		ldr	r3, [r5, #16]	@ unaligned
 1860 0022 2361     		str	r3, [r4, #16]	@ unaligned
1673:Middlewares/Third_Party/LwIP/src/core/tcp.c ****   return cseg;
 1861              		.loc 1 1673 3 is_stmt 1 view .LVU529
 1862 0024 6068     		ldr	r0, [r4, #4]
 1863 0026 FFF7FEFF 		bl	pbuf_ref
 1864              	.LVL185:
1674:Middlewares/Third_Party/LwIP/src/core/tcp.c **** }
 1865              		.loc 1 1674 3 view .LVU530
 1866              	.L183:
1675:Middlewares/Third_Party/LwIP/src/core/tcp.c **** #endif /* TCP_QUEUE_OOSEQ */
 1867              		.loc 1 1675 1 is_stmt 0 view .LVU531
 1868 002a 2046     		mov	r0, r4
 1869 002c 38BD     		pop	{r3, r4, r5, pc}
ARM GAS  /tmp/ccN9yVzV.s 			page 75


 1870              	.LVL186:
 1871              	.L187:
1666:Middlewares/Third_Party/LwIP/src/core/tcp.c **** 
 1872              		.loc 1 1666 3 is_stmt 1 discriminator 1 view .LVU532
1666:Middlewares/Third_Party/LwIP/src/core/tcp.c **** 
 1873              		.loc 1 1666 3 discriminator 1 view .LVU533
 1874 002e 044B     		ldr	r3, .L188
 1875 0030 40F28262 		movw	r2, #1666
 1876 0034 0349     		ldr	r1, .L188+4
 1877 0036 0448     		ldr	r0, .L188+8
 1878              	.LVL187:
1666:Middlewares/Third_Party/LwIP/src/core/tcp.c **** 
 1879              		.loc 1 1666 3 is_stmt 0 discriminator 1 view .LVU534
 1880 0038 FFF7FEFF 		bl	printf
 1881              	.LVL188:
 1882 003c E3E7     		b	.L184
 1883              	.L189:
 1884 003e 00BF     		.align	2
 1885              	.L188:
 1886 0040 00000000 		.word	.LC0
 1887 0044 00000000 		.word	.LC16
 1888 0048 54000000 		.word	.LC2
 1889              		.cfi_endproc
 1890              	.LFE184:
 1892              		.section	.text.tcp_arg,"ax",%progbits
 1893              		.align	1
 1894              		.global	tcp_arg
 1895              		.syntax unified
 1896              		.thumb
 1897              		.thumb_func
 1899              	tcp_arg:
 1900              	.LVL189:
 1901              	.LFB193:
1826:Middlewares/Third_Party/LwIP/src/core/tcp.c **** 
1827:Middlewares/Third_Party/LwIP/src/core/tcp.c **** /**
1828:Middlewares/Third_Party/LwIP/src/core/tcp.c ****  * Allocate a new tcp_pcb structure.
1829:Middlewares/Third_Party/LwIP/src/core/tcp.c ****  *
1830:Middlewares/Third_Party/LwIP/src/core/tcp.c ****  * @param prio priority for the new pcb
1831:Middlewares/Third_Party/LwIP/src/core/tcp.c ****  * @return a new tcp_pcb that initially is in state CLOSED
1832:Middlewares/Third_Party/LwIP/src/core/tcp.c ****  */
1833:Middlewares/Third_Party/LwIP/src/core/tcp.c **** struct tcp_pcb *
1834:Middlewares/Third_Party/LwIP/src/core/tcp.c **** tcp_alloc(u8_t prio)
1835:Middlewares/Third_Party/LwIP/src/core/tcp.c **** {
1836:Middlewares/Third_Party/LwIP/src/core/tcp.c ****   struct tcp_pcb *pcb;
1837:Middlewares/Third_Party/LwIP/src/core/tcp.c **** 
1838:Middlewares/Third_Party/LwIP/src/core/tcp.c ****   LWIP_ASSERT_CORE_LOCKED();
1839:Middlewares/Third_Party/LwIP/src/core/tcp.c **** 
1840:Middlewares/Third_Party/LwIP/src/core/tcp.c ****   pcb = (struct tcp_pcb *)memp_malloc(MEMP_TCP_PCB);
1841:Middlewares/Third_Party/LwIP/src/core/tcp.c ****   if (pcb == NULL) {
1842:Middlewares/Third_Party/LwIP/src/core/tcp.c ****     /* Try to send FIN for all pcbs stuck in TF_CLOSEPEND first */
1843:Middlewares/Third_Party/LwIP/src/core/tcp.c ****     tcp_handle_closepend();
1844:Middlewares/Third_Party/LwIP/src/core/tcp.c **** 
1845:Middlewares/Third_Party/LwIP/src/core/tcp.c ****     /* Try killing oldest connection in TIME-WAIT. */
1846:Middlewares/Third_Party/LwIP/src/core/tcp.c ****     LWIP_DEBUGF(TCP_DEBUG, ("tcp_alloc: killing off oldest TIME-WAIT connection\n"));
1847:Middlewares/Third_Party/LwIP/src/core/tcp.c ****     tcp_kill_timewait();
1848:Middlewares/Third_Party/LwIP/src/core/tcp.c ****     /* Try to allocate a tcp_pcb again. */
1849:Middlewares/Third_Party/LwIP/src/core/tcp.c ****     pcb = (struct tcp_pcb *)memp_malloc(MEMP_TCP_PCB);
ARM GAS  /tmp/ccN9yVzV.s 			page 76


1850:Middlewares/Third_Party/LwIP/src/core/tcp.c ****     if (pcb == NULL) {
1851:Middlewares/Third_Party/LwIP/src/core/tcp.c ****       /* Try killing oldest connection in LAST-ACK (these wouldn't go to TIME-WAIT). */
1852:Middlewares/Third_Party/LwIP/src/core/tcp.c ****       LWIP_DEBUGF(TCP_DEBUG, ("tcp_alloc: killing off oldest LAST-ACK connection\n"));
1853:Middlewares/Third_Party/LwIP/src/core/tcp.c ****       tcp_kill_state(LAST_ACK);
1854:Middlewares/Third_Party/LwIP/src/core/tcp.c ****       /* Try to allocate a tcp_pcb again. */
1855:Middlewares/Third_Party/LwIP/src/core/tcp.c ****       pcb = (struct tcp_pcb *)memp_malloc(MEMP_TCP_PCB);
1856:Middlewares/Third_Party/LwIP/src/core/tcp.c ****       if (pcb == NULL) {
1857:Middlewares/Third_Party/LwIP/src/core/tcp.c ****         /* Try killing oldest connection in CLOSING. */
1858:Middlewares/Third_Party/LwIP/src/core/tcp.c ****         LWIP_DEBUGF(TCP_DEBUG, ("tcp_alloc: killing off oldest CLOSING connection\n"));
1859:Middlewares/Third_Party/LwIP/src/core/tcp.c ****         tcp_kill_state(CLOSING);
1860:Middlewares/Third_Party/LwIP/src/core/tcp.c ****         /* Try to allocate a tcp_pcb again. */
1861:Middlewares/Third_Party/LwIP/src/core/tcp.c ****         pcb = (struct tcp_pcb *)memp_malloc(MEMP_TCP_PCB);
1862:Middlewares/Third_Party/LwIP/src/core/tcp.c ****         if (pcb == NULL) {
1863:Middlewares/Third_Party/LwIP/src/core/tcp.c ****           /* Try killing oldest active connection with lower priority than the new one. */
1864:Middlewares/Third_Party/LwIP/src/core/tcp.c ****           LWIP_DEBUGF(TCP_DEBUG, ("tcp_alloc: killing oldest connection with prio lower than %d\n",
1865:Middlewares/Third_Party/LwIP/src/core/tcp.c ****           tcp_kill_prio(prio);
1866:Middlewares/Third_Party/LwIP/src/core/tcp.c ****           /* Try to allocate a tcp_pcb again. */
1867:Middlewares/Third_Party/LwIP/src/core/tcp.c ****           pcb = (struct tcp_pcb *)memp_malloc(MEMP_TCP_PCB);
1868:Middlewares/Third_Party/LwIP/src/core/tcp.c ****           if (pcb != NULL) {
1869:Middlewares/Third_Party/LwIP/src/core/tcp.c ****             /* adjust err stats: memp_malloc failed multiple times before */
1870:Middlewares/Third_Party/LwIP/src/core/tcp.c ****             MEMP_STATS_DEC(err, MEMP_TCP_PCB);
1871:Middlewares/Third_Party/LwIP/src/core/tcp.c ****           }
1872:Middlewares/Third_Party/LwIP/src/core/tcp.c ****         }
1873:Middlewares/Third_Party/LwIP/src/core/tcp.c ****         if (pcb != NULL) {
1874:Middlewares/Third_Party/LwIP/src/core/tcp.c ****           /* adjust err stats: memp_malloc failed multiple times before */
1875:Middlewares/Third_Party/LwIP/src/core/tcp.c ****           MEMP_STATS_DEC(err, MEMP_TCP_PCB);
1876:Middlewares/Third_Party/LwIP/src/core/tcp.c ****         }
1877:Middlewares/Third_Party/LwIP/src/core/tcp.c ****       }
1878:Middlewares/Third_Party/LwIP/src/core/tcp.c ****       if (pcb != NULL) {
1879:Middlewares/Third_Party/LwIP/src/core/tcp.c ****         /* adjust err stats: memp_malloc failed multiple times before */
1880:Middlewares/Third_Party/LwIP/src/core/tcp.c ****         MEMP_STATS_DEC(err, MEMP_TCP_PCB);
1881:Middlewares/Third_Party/LwIP/src/core/tcp.c ****       }
1882:Middlewares/Third_Party/LwIP/src/core/tcp.c ****     }
1883:Middlewares/Third_Party/LwIP/src/core/tcp.c ****     if (pcb != NULL) {
1884:Middlewares/Third_Party/LwIP/src/core/tcp.c ****       /* adjust err stats: memp_malloc failed above */
1885:Middlewares/Third_Party/LwIP/src/core/tcp.c ****       MEMP_STATS_DEC(err, MEMP_TCP_PCB);
1886:Middlewares/Third_Party/LwIP/src/core/tcp.c ****     }
1887:Middlewares/Third_Party/LwIP/src/core/tcp.c ****   }
1888:Middlewares/Third_Party/LwIP/src/core/tcp.c ****   if (pcb != NULL) {
1889:Middlewares/Third_Party/LwIP/src/core/tcp.c ****     /* zero out the whole pcb, so there is no need to initialize members to zero */
1890:Middlewares/Third_Party/LwIP/src/core/tcp.c ****     memset(pcb, 0, sizeof(struct tcp_pcb));
1891:Middlewares/Third_Party/LwIP/src/core/tcp.c ****     pcb->prio = prio;
1892:Middlewares/Third_Party/LwIP/src/core/tcp.c ****     pcb->snd_buf = TCP_SND_BUF;
1893:Middlewares/Third_Party/LwIP/src/core/tcp.c ****     /* Start with a window that does not need scaling. When window scaling is
1894:Middlewares/Third_Party/LwIP/src/core/tcp.c ****        enabled and used, the window is enlarged when both sides agree on scaling. */
1895:Middlewares/Third_Party/LwIP/src/core/tcp.c ****     pcb->rcv_wnd = pcb->rcv_ann_wnd = TCPWND_MIN16(TCP_WND);
1896:Middlewares/Third_Party/LwIP/src/core/tcp.c ****     pcb->ttl = TCP_TTL;
1897:Middlewares/Third_Party/LwIP/src/core/tcp.c ****     /* As initial send MSS, we use TCP_MSS but limit it to 536.
1898:Middlewares/Third_Party/LwIP/src/core/tcp.c ****        The send MSS is updated when an MSS option is received. */
1899:Middlewares/Third_Party/LwIP/src/core/tcp.c ****     pcb->mss = INITIAL_MSS;
1900:Middlewares/Third_Party/LwIP/src/core/tcp.c ****     pcb->rto = 3000 / TCP_SLOW_INTERVAL;
1901:Middlewares/Third_Party/LwIP/src/core/tcp.c ****     pcb->sv = 3000 / TCP_SLOW_INTERVAL;
1902:Middlewares/Third_Party/LwIP/src/core/tcp.c ****     pcb->rtime = -1;
1903:Middlewares/Third_Party/LwIP/src/core/tcp.c ****     pcb->cwnd = 1;
1904:Middlewares/Third_Party/LwIP/src/core/tcp.c ****     pcb->tmr = tcp_ticks;
1905:Middlewares/Third_Party/LwIP/src/core/tcp.c ****     pcb->last_timer = tcp_timer_ctr;
1906:Middlewares/Third_Party/LwIP/src/core/tcp.c **** 
ARM GAS  /tmp/ccN9yVzV.s 			page 77


1907:Middlewares/Third_Party/LwIP/src/core/tcp.c ****     /* RFC 5681 recommends setting ssthresh abritrarily high and gives an example
1908:Middlewares/Third_Party/LwIP/src/core/tcp.c ****     of using the largest advertised receive window.  We've seen complications with
1909:Middlewares/Third_Party/LwIP/src/core/tcp.c ****     receiving TCPs that use window scaling and/or window auto-tuning where the
1910:Middlewares/Third_Party/LwIP/src/core/tcp.c ****     initial advertised window is very small and then grows rapidly once the
1911:Middlewares/Third_Party/LwIP/src/core/tcp.c ****     connection is established. To avoid these complications, we set ssthresh to the
1912:Middlewares/Third_Party/LwIP/src/core/tcp.c ****     largest effective cwnd (amount of in-flight data) that the sender can have. */
1913:Middlewares/Third_Party/LwIP/src/core/tcp.c ****     pcb->ssthresh = TCP_SND_BUF;
1914:Middlewares/Third_Party/LwIP/src/core/tcp.c **** 
1915:Middlewares/Third_Party/LwIP/src/core/tcp.c **** #if LWIP_CALLBACK_API
1916:Middlewares/Third_Party/LwIP/src/core/tcp.c ****     pcb->recv = tcp_recv_null;
1917:Middlewares/Third_Party/LwIP/src/core/tcp.c **** #endif /* LWIP_CALLBACK_API */
1918:Middlewares/Third_Party/LwIP/src/core/tcp.c **** 
1919:Middlewares/Third_Party/LwIP/src/core/tcp.c ****     /* Init KEEPALIVE timer */
1920:Middlewares/Third_Party/LwIP/src/core/tcp.c ****     pcb->keep_idle  = TCP_KEEPIDLE_DEFAULT;
1921:Middlewares/Third_Party/LwIP/src/core/tcp.c **** 
1922:Middlewares/Third_Party/LwIP/src/core/tcp.c **** #if LWIP_TCP_KEEPALIVE
1923:Middlewares/Third_Party/LwIP/src/core/tcp.c ****     pcb->keep_intvl = TCP_KEEPINTVL_DEFAULT;
1924:Middlewares/Third_Party/LwIP/src/core/tcp.c ****     pcb->keep_cnt   = TCP_KEEPCNT_DEFAULT;
1925:Middlewares/Third_Party/LwIP/src/core/tcp.c **** #endif /* LWIP_TCP_KEEPALIVE */
1926:Middlewares/Third_Party/LwIP/src/core/tcp.c ****   }
1927:Middlewares/Third_Party/LwIP/src/core/tcp.c ****   return pcb;
1928:Middlewares/Third_Party/LwIP/src/core/tcp.c **** }
1929:Middlewares/Third_Party/LwIP/src/core/tcp.c **** 
1930:Middlewares/Third_Party/LwIP/src/core/tcp.c **** /**
1931:Middlewares/Third_Party/LwIP/src/core/tcp.c ****  * @ingroup tcp_raw
1932:Middlewares/Third_Party/LwIP/src/core/tcp.c ****  * Creates a new TCP protocol control block but doesn't place it on
1933:Middlewares/Third_Party/LwIP/src/core/tcp.c ****  * any of the TCP PCB lists.
1934:Middlewares/Third_Party/LwIP/src/core/tcp.c ****  * The pcb is not put on any list until binding using tcp_bind().
1935:Middlewares/Third_Party/LwIP/src/core/tcp.c ****  * If memory is not available for creating the new pcb, NULL is returned.
1936:Middlewares/Third_Party/LwIP/src/core/tcp.c ****  *
1937:Middlewares/Third_Party/LwIP/src/core/tcp.c ****  * @internal: Maybe there should be a idle TCP PCB list where these
1938:Middlewares/Third_Party/LwIP/src/core/tcp.c ****  * PCBs are put on. Port reservation using tcp_bind() is implemented but
1939:Middlewares/Third_Party/LwIP/src/core/tcp.c ****  * allocated pcbs that are not bound can't be killed automatically if wanting
1940:Middlewares/Third_Party/LwIP/src/core/tcp.c ****  * to allocate a pcb with higher prio (@see tcp_kill_prio())
1941:Middlewares/Third_Party/LwIP/src/core/tcp.c ****  *
1942:Middlewares/Third_Party/LwIP/src/core/tcp.c ****  * @return a new tcp_pcb that initially is in state CLOSED
1943:Middlewares/Third_Party/LwIP/src/core/tcp.c ****  */
1944:Middlewares/Third_Party/LwIP/src/core/tcp.c **** struct tcp_pcb *
1945:Middlewares/Third_Party/LwIP/src/core/tcp.c **** tcp_new(void)
1946:Middlewares/Third_Party/LwIP/src/core/tcp.c **** {
1947:Middlewares/Third_Party/LwIP/src/core/tcp.c ****   return tcp_alloc(TCP_PRIO_NORMAL);
1948:Middlewares/Third_Party/LwIP/src/core/tcp.c **** }
1949:Middlewares/Third_Party/LwIP/src/core/tcp.c **** 
1950:Middlewares/Third_Party/LwIP/src/core/tcp.c **** /**
1951:Middlewares/Third_Party/LwIP/src/core/tcp.c ****  * @ingroup tcp_raw
1952:Middlewares/Third_Party/LwIP/src/core/tcp.c ****  * Creates a new TCP protocol control block but doesn't
1953:Middlewares/Third_Party/LwIP/src/core/tcp.c ****  * place it on any of the TCP PCB lists.
1954:Middlewares/Third_Party/LwIP/src/core/tcp.c ****  * The pcb is not put on any list until binding using tcp_bind().
1955:Middlewares/Third_Party/LwIP/src/core/tcp.c ****  *
1956:Middlewares/Third_Party/LwIP/src/core/tcp.c ****  * @param type IP address type, see @ref lwip_ip_addr_type definitions.
1957:Middlewares/Third_Party/LwIP/src/core/tcp.c ****  * If you want to listen to IPv4 and IPv6 (dual-stack) connections,
1958:Middlewares/Third_Party/LwIP/src/core/tcp.c ****  * supply @ref IPADDR_TYPE_ANY as argument and bind to @ref IP_ANY_TYPE.
1959:Middlewares/Third_Party/LwIP/src/core/tcp.c ****  * @return a new tcp_pcb that initially is in state CLOSED
1960:Middlewares/Third_Party/LwIP/src/core/tcp.c ****  */
1961:Middlewares/Third_Party/LwIP/src/core/tcp.c **** struct tcp_pcb *
1962:Middlewares/Third_Party/LwIP/src/core/tcp.c **** tcp_new_ip_type(u8_t type)
1963:Middlewares/Third_Party/LwIP/src/core/tcp.c **** {
ARM GAS  /tmp/ccN9yVzV.s 			page 78


1964:Middlewares/Third_Party/LwIP/src/core/tcp.c ****   struct tcp_pcb *pcb;
1965:Middlewares/Third_Party/LwIP/src/core/tcp.c ****   pcb = tcp_alloc(TCP_PRIO_NORMAL);
1966:Middlewares/Third_Party/LwIP/src/core/tcp.c **** #if LWIP_IPV4 && LWIP_IPV6
1967:Middlewares/Third_Party/LwIP/src/core/tcp.c ****   if (pcb != NULL) {
1968:Middlewares/Third_Party/LwIP/src/core/tcp.c ****     IP_SET_TYPE_VAL(pcb->local_ip, type);
1969:Middlewares/Third_Party/LwIP/src/core/tcp.c ****     IP_SET_TYPE_VAL(pcb->remote_ip, type);
1970:Middlewares/Third_Party/LwIP/src/core/tcp.c ****   }
1971:Middlewares/Third_Party/LwIP/src/core/tcp.c **** #else
1972:Middlewares/Third_Party/LwIP/src/core/tcp.c ****   LWIP_UNUSED_ARG(type);
1973:Middlewares/Third_Party/LwIP/src/core/tcp.c **** #endif /* LWIP_IPV4 && LWIP_IPV6 */
1974:Middlewares/Third_Party/LwIP/src/core/tcp.c ****   return pcb;
1975:Middlewares/Third_Party/LwIP/src/core/tcp.c **** }
1976:Middlewares/Third_Party/LwIP/src/core/tcp.c **** 
1977:Middlewares/Third_Party/LwIP/src/core/tcp.c **** /**
1978:Middlewares/Third_Party/LwIP/src/core/tcp.c ****  * @ingroup tcp_raw
1979:Middlewares/Third_Party/LwIP/src/core/tcp.c ****  * Specifies the program specific state that should be passed to all
1980:Middlewares/Third_Party/LwIP/src/core/tcp.c ****  * other callback functions. The "pcb" argument is the current TCP
1981:Middlewares/Third_Party/LwIP/src/core/tcp.c ****  * connection control block, and the "arg" argument is the argument
1982:Middlewares/Third_Party/LwIP/src/core/tcp.c ****  * that will be passed to the callbacks.
1983:Middlewares/Third_Party/LwIP/src/core/tcp.c ****  *
1984:Middlewares/Third_Party/LwIP/src/core/tcp.c ****  * @param pcb tcp_pcb to set the callback argument
1985:Middlewares/Third_Party/LwIP/src/core/tcp.c ****  * @param arg void pointer argument to pass to callback functions
1986:Middlewares/Third_Party/LwIP/src/core/tcp.c ****  */
1987:Middlewares/Third_Party/LwIP/src/core/tcp.c **** void
1988:Middlewares/Third_Party/LwIP/src/core/tcp.c **** tcp_arg(struct tcp_pcb *pcb, void *arg)
1989:Middlewares/Third_Party/LwIP/src/core/tcp.c **** {
 1902              		.loc 1 1989 1 is_stmt 1 view -0
 1903              		.cfi_startproc
 1904              		@ args = 0, pretend = 0, frame = 0
 1905              		@ frame_needed = 0, uses_anonymous_args = 0
 1906              		@ link register save eliminated.
1990:Middlewares/Third_Party/LwIP/src/core/tcp.c ****   LWIP_ASSERT_CORE_LOCKED();
 1907              		.loc 1 1990 28 view .LVU536
1991:Middlewares/Third_Party/LwIP/src/core/tcp.c ****   /* This function is allowed to be called for both listen pcbs and
1992:Middlewares/Third_Party/LwIP/src/core/tcp.c ****      connection pcbs. */
1993:Middlewares/Third_Party/LwIP/src/core/tcp.c ****   if (pcb != NULL) {
 1908              		.loc 1 1993 3 view .LVU537
 1909              		.loc 1 1993 6 is_stmt 0 view .LVU538
 1910 0000 00B1     		cbz	r0, .L190
1994:Middlewares/Third_Party/LwIP/src/core/tcp.c ****     pcb->callback_arg = arg;
 1911              		.loc 1 1994 5 is_stmt 1 view .LVU539
 1912              		.loc 1 1994 23 is_stmt 0 view .LVU540
 1913 0002 0161     		str	r1, [r0, #16]
 1914              	.L190:
1995:Middlewares/Third_Party/LwIP/src/core/tcp.c ****   }
1996:Middlewares/Third_Party/LwIP/src/core/tcp.c **** }
 1915              		.loc 1 1996 1 view .LVU541
 1916 0004 7047     		bx	lr
 1917              		.cfi_endproc
 1918              	.LFE193:
 1920              		.section	.rodata.tcp_recv.str1.4,"aMS",%progbits,1
 1921              		.align	2
 1922              	.LC17:
 1923 0000 696E7661 		.ascii	"invalid socket state for recv callback\000"
 1923      6C696420 
 1923      736F636B 
 1923      65742073 
ARM GAS  /tmp/ccN9yVzV.s 			page 79


 1923      74617465 
 1924              		.section	.text.tcp_recv,"ax",%progbits
 1925              		.align	1
 1926              		.global	tcp_recv
 1927              		.syntax unified
 1928              		.thumb
 1929              		.thumb_func
 1931              	tcp_recv:
 1932              	.LVL190:
 1933              	.LFB194:
1997:Middlewares/Third_Party/LwIP/src/core/tcp.c **** #if LWIP_CALLBACK_API
1998:Middlewares/Third_Party/LwIP/src/core/tcp.c **** 
1999:Middlewares/Third_Party/LwIP/src/core/tcp.c **** /**
2000:Middlewares/Third_Party/LwIP/src/core/tcp.c ****  * @ingroup tcp_raw
2001:Middlewares/Third_Party/LwIP/src/core/tcp.c ****  * Sets the callback function that will be called when new data
2002:Middlewares/Third_Party/LwIP/src/core/tcp.c ****  * arrives. The callback function will be passed a NULL pbuf to
2003:Middlewares/Third_Party/LwIP/src/core/tcp.c ****  * indicate that the remote host has closed the connection. If the
2004:Middlewares/Third_Party/LwIP/src/core/tcp.c ****  * callback function returns ERR_OK or ERR_ABRT it must have
2005:Middlewares/Third_Party/LwIP/src/core/tcp.c ****  * freed the pbuf, otherwise it must not have freed it.
2006:Middlewares/Third_Party/LwIP/src/core/tcp.c ****  *
2007:Middlewares/Third_Party/LwIP/src/core/tcp.c ****  * @param pcb tcp_pcb to set the recv callback
2008:Middlewares/Third_Party/LwIP/src/core/tcp.c ****  * @param recv callback function to call for this pcb when data is received
2009:Middlewares/Third_Party/LwIP/src/core/tcp.c ****  */
2010:Middlewares/Third_Party/LwIP/src/core/tcp.c **** void
2011:Middlewares/Third_Party/LwIP/src/core/tcp.c **** tcp_recv(struct tcp_pcb *pcb, tcp_recv_fn recv)
2012:Middlewares/Third_Party/LwIP/src/core/tcp.c **** {
 1934              		.loc 1 2012 1 is_stmt 1 view -0
 1935              		.cfi_startproc
 1936              		@ args = 0, pretend = 0, frame = 0
 1937              		@ frame_needed = 0, uses_anonymous_args = 0
2013:Middlewares/Third_Party/LwIP/src/core/tcp.c ****   LWIP_ASSERT_CORE_LOCKED();
 1938              		.loc 1 2013 28 view .LVU543
2014:Middlewares/Third_Party/LwIP/src/core/tcp.c ****   if (pcb != NULL) {
 1939              		.loc 1 2014 3 view .LVU544
 1940              		.loc 1 2014 6 is_stmt 0 view .LVU545
 1941 0000 80B1     		cbz	r0, .L196
2012:Middlewares/Third_Party/LwIP/src/core/tcp.c ****   LWIP_ASSERT_CORE_LOCKED();
 1942              		.loc 1 2012 1 view .LVU546
 1943 0002 38B5     		push	{r3, r4, r5, lr}
 1944              	.LCFI20:
 1945              		.cfi_def_cfa_offset 16
 1946              		.cfi_offset 3, -16
 1947              		.cfi_offset 4, -12
 1948              		.cfi_offset 5, -8
 1949              		.cfi_offset 14, -4
 1950 0004 0C46     		mov	r4, r1
 1951 0006 0546     		mov	r5, r0
2015:Middlewares/Third_Party/LwIP/src/core/tcp.c ****     LWIP_ASSERT("invalid socket state for recv callback", pcb->state != LISTEN);
 1952              		.loc 1 2015 5 is_stmt 1 view .LVU547
 1953              		.loc 1 2015 5 view .LVU548
 1954 0008 037D     		ldrb	r3, [r0, #20]	@ zero_extendqisi2
 1955 000a 012B     		cmp	r3, #1
 1956 000c 02D0     		beq	.L199
 1957              	.LVL191:
 1958              	.L194:
 1959              		.loc 1 2015 5 discriminator 3 view .LVU549
 1960              		.loc 1 2015 5 discriminator 3 view .LVU550
ARM GAS  /tmp/ccN9yVzV.s 			page 80


2016:Middlewares/Third_Party/LwIP/src/core/tcp.c ****     pcb->recv = recv;
 1961              		.loc 1 2016 5 view .LVU551
 1962              		.loc 1 2016 15 is_stmt 0 view .LVU552
 1963 000e C5F88440 		str	r4, [r5, #132]
2017:Middlewares/Third_Party/LwIP/src/core/tcp.c ****   }
2018:Middlewares/Third_Party/LwIP/src/core/tcp.c **** }
 1964              		.loc 1 2018 1 view .LVU553
 1965 0012 38BD     		pop	{r3, r4, r5, pc}
 1966              	.LVL192:
 1967              	.L199:
2015:Middlewares/Third_Party/LwIP/src/core/tcp.c ****     pcb->recv = recv;
 1968              		.loc 1 2015 5 is_stmt 1 discriminator 1 view .LVU554
2015:Middlewares/Third_Party/LwIP/src/core/tcp.c ****     pcb->recv = recv;
 1969              		.loc 1 2015 5 discriminator 1 view .LVU555
 1970 0014 044B     		ldr	r3, .L200
 1971 0016 40F2DF72 		movw	r2, #2015
 1972 001a 0449     		ldr	r1, .L200+4
 1973              	.LVL193:
2015:Middlewares/Third_Party/LwIP/src/core/tcp.c ****     pcb->recv = recv;
 1974              		.loc 1 2015 5 is_stmt 0 discriminator 1 view .LVU556
 1975 001c 0448     		ldr	r0, .L200+8
 1976              	.LVL194:
2015:Middlewares/Third_Party/LwIP/src/core/tcp.c ****     pcb->recv = recv;
 1977              		.loc 1 2015 5 discriminator 1 view .LVU557
 1978 001e FFF7FEFF 		bl	printf
 1979              	.LVL195:
 1980 0022 F4E7     		b	.L194
 1981              	.LVL196:
 1982              	.L196:
 1983              	.LCFI21:
 1984              		.cfi_def_cfa_offset 0
 1985              		.cfi_restore 3
 1986              		.cfi_restore 4
 1987              		.cfi_restore 5
 1988              		.cfi_restore 14
2015:Middlewares/Third_Party/LwIP/src/core/tcp.c ****     pcb->recv = recv;
 1989              		.loc 1 2015 5 discriminator 1 view .LVU558
 1990 0024 7047     		bx	lr
 1991              	.L201:
 1992 0026 00BF     		.align	2
 1993              	.L200:
 1994 0028 00000000 		.word	.LC0
 1995 002c 00000000 		.word	.LC17
 1996 0030 54000000 		.word	.LC2
 1997              		.cfi_endproc
 1998              	.LFE194:
 2000              		.section	.rodata.tcp_sent.str1.4,"aMS",%progbits,1
 2001              		.align	2
 2002              	.LC18:
 2003 0000 696E7661 		.ascii	"invalid socket state for sent callback\000"
 2003      6C696420 
 2003      736F636B 
 2003      65742073 
 2003      74617465 
 2004              		.section	.text.tcp_sent,"ax",%progbits
 2005              		.align	1
 2006              		.global	tcp_sent
ARM GAS  /tmp/ccN9yVzV.s 			page 81


 2007              		.syntax unified
 2008              		.thumb
 2009              		.thumb_func
 2011              	tcp_sent:
 2012              	.LVL197:
 2013              	.LFB195:
2019:Middlewares/Third_Party/LwIP/src/core/tcp.c **** 
2020:Middlewares/Third_Party/LwIP/src/core/tcp.c **** /**
2021:Middlewares/Third_Party/LwIP/src/core/tcp.c ****  * @ingroup tcp_raw
2022:Middlewares/Third_Party/LwIP/src/core/tcp.c ****  * Specifies the callback function that should be called when data has
2023:Middlewares/Third_Party/LwIP/src/core/tcp.c ****  * successfully been received (i.e., acknowledged) by the remote
2024:Middlewares/Third_Party/LwIP/src/core/tcp.c ****  * host. The len argument passed to the callback function gives the
2025:Middlewares/Third_Party/LwIP/src/core/tcp.c ****  * amount bytes that was acknowledged by the last acknowledgment.
2026:Middlewares/Third_Party/LwIP/src/core/tcp.c ****  *
2027:Middlewares/Third_Party/LwIP/src/core/tcp.c ****  * @param pcb tcp_pcb to set the sent callback
2028:Middlewares/Third_Party/LwIP/src/core/tcp.c ****  * @param sent callback function to call for this pcb when data is successfully sent
2029:Middlewares/Third_Party/LwIP/src/core/tcp.c ****  */
2030:Middlewares/Third_Party/LwIP/src/core/tcp.c **** void
2031:Middlewares/Third_Party/LwIP/src/core/tcp.c **** tcp_sent(struct tcp_pcb *pcb, tcp_sent_fn sent)
2032:Middlewares/Third_Party/LwIP/src/core/tcp.c **** {
 2014              		.loc 1 2032 1 is_stmt 1 view -0
 2015              		.cfi_startproc
 2016              		@ args = 0, pretend = 0, frame = 0
 2017              		@ frame_needed = 0, uses_anonymous_args = 0
2033:Middlewares/Third_Party/LwIP/src/core/tcp.c ****   LWIP_ASSERT_CORE_LOCKED();
 2018              		.loc 1 2033 28 view .LVU560
2034:Middlewares/Third_Party/LwIP/src/core/tcp.c ****   if (pcb != NULL) {
 2019              		.loc 1 2034 3 view .LVU561
 2020              		.loc 1 2034 6 is_stmt 0 view .LVU562
 2021 0000 80B1     		cbz	r0, .L206
2032:Middlewares/Third_Party/LwIP/src/core/tcp.c ****   LWIP_ASSERT_CORE_LOCKED();
 2022              		.loc 1 2032 1 view .LVU563
 2023 0002 38B5     		push	{r3, r4, r5, lr}
 2024              	.LCFI22:
 2025              		.cfi_def_cfa_offset 16
 2026              		.cfi_offset 3, -16
 2027              		.cfi_offset 4, -12
 2028              		.cfi_offset 5, -8
 2029              		.cfi_offset 14, -4
 2030 0004 0C46     		mov	r4, r1
 2031 0006 0546     		mov	r5, r0
2035:Middlewares/Third_Party/LwIP/src/core/tcp.c ****     LWIP_ASSERT("invalid socket state for sent callback", pcb->state != LISTEN);
 2032              		.loc 1 2035 5 is_stmt 1 view .LVU564
 2033              		.loc 1 2035 5 view .LVU565
 2034 0008 037D     		ldrb	r3, [r0, #20]	@ zero_extendqisi2
 2035 000a 012B     		cmp	r3, #1
 2036 000c 02D0     		beq	.L209
 2037              	.LVL198:
 2038              	.L204:
 2039              		.loc 1 2035 5 discriminator 3 view .LVU566
 2040              		.loc 1 2035 5 discriminator 3 view .LVU567
2036:Middlewares/Third_Party/LwIP/src/core/tcp.c ****     pcb->sent = sent;
 2041              		.loc 1 2036 5 view .LVU568
 2042              		.loc 1 2036 15 is_stmt 0 view .LVU569
 2043 000e C5F88040 		str	r4, [r5, #128]
2037:Middlewares/Third_Party/LwIP/src/core/tcp.c ****   }
2038:Middlewares/Third_Party/LwIP/src/core/tcp.c **** }
ARM GAS  /tmp/ccN9yVzV.s 			page 82


 2044              		.loc 1 2038 1 view .LVU570
 2045 0012 38BD     		pop	{r3, r4, r5, pc}
 2046              	.LVL199:
 2047              	.L209:
2035:Middlewares/Third_Party/LwIP/src/core/tcp.c ****     pcb->sent = sent;
 2048              		.loc 1 2035 5 is_stmt 1 discriminator 1 view .LVU571
2035:Middlewares/Third_Party/LwIP/src/core/tcp.c ****     pcb->sent = sent;
 2049              		.loc 1 2035 5 discriminator 1 view .LVU572
 2050 0014 044B     		ldr	r3, .L210
 2051 0016 40F2F372 		movw	r2, #2035
 2052 001a 0449     		ldr	r1, .L210+4
 2053              	.LVL200:
2035:Middlewares/Third_Party/LwIP/src/core/tcp.c ****     pcb->sent = sent;
 2054              		.loc 1 2035 5 is_stmt 0 discriminator 1 view .LVU573
 2055 001c 0448     		ldr	r0, .L210+8
 2056              	.LVL201:
2035:Middlewares/Third_Party/LwIP/src/core/tcp.c ****     pcb->sent = sent;
 2057              		.loc 1 2035 5 discriminator 1 view .LVU574
 2058 001e FFF7FEFF 		bl	printf
 2059              	.LVL202:
 2060 0022 F4E7     		b	.L204
 2061              	.LVL203:
 2062              	.L206:
 2063              	.LCFI23:
 2064              		.cfi_def_cfa_offset 0
 2065              		.cfi_restore 3
 2066              		.cfi_restore 4
 2067              		.cfi_restore 5
 2068              		.cfi_restore 14
2035:Middlewares/Third_Party/LwIP/src/core/tcp.c ****     pcb->sent = sent;
 2069              		.loc 1 2035 5 discriminator 1 view .LVU575
 2070 0024 7047     		bx	lr
 2071              	.L211:
 2072 0026 00BF     		.align	2
 2073              	.L210:
 2074 0028 00000000 		.word	.LC0
 2075 002c 00000000 		.word	.LC18
 2076 0030 54000000 		.word	.LC2
 2077              		.cfi_endproc
 2078              	.LFE195:
 2080              		.section	.rodata.tcp_err.str1.4,"aMS",%progbits,1
 2081              		.align	2
 2082              	.LC19:
 2083 0000 696E7661 		.ascii	"invalid socket state for err callback\000"
 2083      6C696420 
 2083      736F636B 
 2083      65742073 
 2083      74617465 
 2084              		.section	.text.tcp_err,"ax",%progbits
 2085              		.align	1
 2086              		.global	tcp_err
 2087              		.syntax unified
 2088              		.thumb
 2089              		.thumb_func
 2091              	tcp_err:
 2092              	.LVL204:
 2093              	.LFB196:
ARM GAS  /tmp/ccN9yVzV.s 			page 83


2039:Middlewares/Third_Party/LwIP/src/core/tcp.c **** 
2040:Middlewares/Third_Party/LwIP/src/core/tcp.c **** /**
2041:Middlewares/Third_Party/LwIP/src/core/tcp.c ****  * @ingroup tcp_raw
2042:Middlewares/Third_Party/LwIP/src/core/tcp.c ****  * Used to specify the function that should be called when a fatal error
2043:Middlewares/Third_Party/LwIP/src/core/tcp.c ****  * has occurred on the connection.
2044:Middlewares/Third_Party/LwIP/src/core/tcp.c ****  * 
2045:Middlewares/Third_Party/LwIP/src/core/tcp.c ****  * If a connection is aborted because of an error, the application is
2046:Middlewares/Third_Party/LwIP/src/core/tcp.c ****  * alerted of this event by the err callback. Errors that might abort a
2047:Middlewares/Third_Party/LwIP/src/core/tcp.c ****  * connection are when there is a shortage of memory. The callback
2048:Middlewares/Third_Party/LwIP/src/core/tcp.c ****  * function to be called is set using the tcp_err() function.
2049:Middlewares/Third_Party/LwIP/src/core/tcp.c ****  *
2050:Middlewares/Third_Party/LwIP/src/core/tcp.c ****  * @note The corresponding pcb is already freed when this callback is called!
2051:Middlewares/Third_Party/LwIP/src/core/tcp.c ****  *
2052:Middlewares/Third_Party/LwIP/src/core/tcp.c ****  * @param pcb tcp_pcb to set the err callback
2053:Middlewares/Third_Party/LwIP/src/core/tcp.c ****  * @param err callback function to call for this pcb when a fatal error
2054:Middlewares/Third_Party/LwIP/src/core/tcp.c ****  *        has occurred on the connection
2055:Middlewares/Third_Party/LwIP/src/core/tcp.c ****  */
2056:Middlewares/Third_Party/LwIP/src/core/tcp.c **** void
2057:Middlewares/Third_Party/LwIP/src/core/tcp.c **** tcp_err(struct tcp_pcb *pcb, tcp_err_fn err)
2058:Middlewares/Third_Party/LwIP/src/core/tcp.c **** {
 2094              		.loc 1 2058 1 is_stmt 1 view -0
 2095              		.cfi_startproc
 2096              		@ args = 0, pretend = 0, frame = 0
 2097              		@ frame_needed = 0, uses_anonymous_args = 0
2059:Middlewares/Third_Party/LwIP/src/core/tcp.c ****   LWIP_ASSERT_CORE_LOCKED();
 2098              		.loc 1 2059 28 view .LVU577
2060:Middlewares/Third_Party/LwIP/src/core/tcp.c ****   if (pcb != NULL) {
 2099              		.loc 1 2060 3 view .LVU578
 2100              		.loc 1 2060 6 is_stmt 0 view .LVU579
 2101 0000 80B1     		cbz	r0, .L216
2058:Middlewares/Third_Party/LwIP/src/core/tcp.c ****   LWIP_ASSERT_CORE_LOCKED();
 2102              		.loc 1 2058 1 view .LVU580
 2103 0002 38B5     		push	{r3, r4, r5, lr}
 2104              	.LCFI24:
 2105              		.cfi_def_cfa_offset 16
 2106              		.cfi_offset 3, -16
 2107              		.cfi_offset 4, -12
 2108              		.cfi_offset 5, -8
 2109              		.cfi_offset 14, -4
 2110 0004 0C46     		mov	r4, r1
 2111 0006 0546     		mov	r5, r0
2061:Middlewares/Third_Party/LwIP/src/core/tcp.c ****     LWIP_ASSERT("invalid socket state for err callback", pcb->state != LISTEN);
 2112              		.loc 1 2061 5 is_stmt 1 view .LVU581
 2113              		.loc 1 2061 5 view .LVU582
 2114 0008 037D     		ldrb	r3, [r0, #20]	@ zero_extendqisi2
 2115 000a 012B     		cmp	r3, #1
 2116 000c 02D0     		beq	.L219
 2117              	.LVL205:
 2118              	.L214:
 2119              		.loc 1 2061 5 discriminator 3 view .LVU583
 2120              		.loc 1 2061 5 discriminator 3 view .LVU584
2062:Middlewares/Third_Party/LwIP/src/core/tcp.c ****     pcb->errf = err;
 2121              		.loc 1 2062 5 view .LVU585
 2122              		.loc 1 2062 15 is_stmt 0 view .LVU586
 2123 000e C5F89040 		str	r4, [r5, #144]
2063:Middlewares/Third_Party/LwIP/src/core/tcp.c ****   }
2064:Middlewares/Third_Party/LwIP/src/core/tcp.c **** }
ARM GAS  /tmp/ccN9yVzV.s 			page 84


 2124              		.loc 1 2064 1 view .LVU587
 2125 0012 38BD     		pop	{r3, r4, r5, pc}
 2126              	.LVL206:
 2127              	.L219:
2061:Middlewares/Third_Party/LwIP/src/core/tcp.c ****     pcb->errf = err;
 2128              		.loc 1 2061 5 is_stmt 1 discriminator 1 view .LVU588
2061:Middlewares/Third_Party/LwIP/src/core/tcp.c ****     pcb->errf = err;
 2129              		.loc 1 2061 5 discriminator 1 view .LVU589
 2130 0014 044B     		ldr	r3, .L220
 2131 0016 40F60D02 		movw	r2, #2061
 2132 001a 0449     		ldr	r1, .L220+4
 2133              	.LVL207:
2061:Middlewares/Third_Party/LwIP/src/core/tcp.c ****     pcb->errf = err;
 2134              		.loc 1 2061 5 is_stmt 0 discriminator 1 view .LVU590
 2135 001c 0448     		ldr	r0, .L220+8
 2136              	.LVL208:
2061:Middlewares/Third_Party/LwIP/src/core/tcp.c ****     pcb->errf = err;
 2137              		.loc 1 2061 5 discriminator 1 view .LVU591
 2138 001e FFF7FEFF 		bl	printf
 2139              	.LVL209:
 2140 0022 F4E7     		b	.L214
 2141              	.LVL210:
 2142              	.L216:
 2143              	.LCFI25:
 2144              		.cfi_def_cfa_offset 0
 2145              		.cfi_restore 3
 2146              		.cfi_restore 4
 2147              		.cfi_restore 5
 2148              		.cfi_restore 14
2061:Middlewares/Third_Party/LwIP/src/core/tcp.c ****     pcb->errf = err;
 2149              		.loc 1 2061 5 discriminator 1 view .LVU592
 2150 0024 7047     		bx	lr
 2151              	.L221:
 2152 0026 00BF     		.align	2
 2153              	.L220:
 2154 0028 00000000 		.word	.LC0
 2155 002c 00000000 		.word	.LC19
 2156 0030 54000000 		.word	.LC2
 2157              		.cfi_endproc
 2158              	.LFE196:
 2160              		.section	.text.tcp_accept,"ax",%progbits
 2161              		.align	1
 2162              		.global	tcp_accept
 2163              		.syntax unified
 2164              		.thumb
 2165              		.thumb_func
 2167              	tcp_accept:
 2168              	.LVL211:
 2169              	.LFB197:
2065:Middlewares/Third_Party/LwIP/src/core/tcp.c **** 
2066:Middlewares/Third_Party/LwIP/src/core/tcp.c **** /**
2067:Middlewares/Third_Party/LwIP/src/core/tcp.c ****  * @ingroup tcp_raw
2068:Middlewares/Third_Party/LwIP/src/core/tcp.c ****  * Used for specifying the function that should be called when a
2069:Middlewares/Third_Party/LwIP/src/core/tcp.c ****  * LISTENing connection has been connected to another host.
2070:Middlewares/Third_Party/LwIP/src/core/tcp.c ****  *
2071:Middlewares/Third_Party/LwIP/src/core/tcp.c ****  * @param pcb tcp_pcb to set the accept callback
2072:Middlewares/Third_Party/LwIP/src/core/tcp.c ****  * @param accept callback function to call for this pcb when LISTENing
ARM GAS  /tmp/ccN9yVzV.s 			page 85


2073:Middlewares/Third_Party/LwIP/src/core/tcp.c ****  *        connection has been connected to another host
2074:Middlewares/Third_Party/LwIP/src/core/tcp.c ****  */
2075:Middlewares/Third_Party/LwIP/src/core/tcp.c **** void
2076:Middlewares/Third_Party/LwIP/src/core/tcp.c **** tcp_accept(struct tcp_pcb *pcb, tcp_accept_fn accept)
2077:Middlewares/Third_Party/LwIP/src/core/tcp.c **** {
 2170              		.loc 1 2077 1 is_stmt 1 view -0
 2171              		.cfi_startproc
 2172              		@ args = 0, pretend = 0, frame = 0
 2173              		@ frame_needed = 0, uses_anonymous_args = 0
 2174              		@ link register save eliminated.
2078:Middlewares/Third_Party/LwIP/src/core/tcp.c ****   LWIP_ASSERT_CORE_LOCKED();
 2175              		.loc 1 2078 28 view .LVU594
2079:Middlewares/Third_Party/LwIP/src/core/tcp.c ****   if ((pcb != NULL) && (pcb->state == LISTEN)) {
 2176              		.loc 1 2079 3 view .LVU595
 2177              		.loc 1 2079 6 is_stmt 0 view .LVU596
 2178 0000 10B1     		cbz	r0, .L222
 2179              		.loc 1 2079 28 discriminator 1 view .LVU597
 2180 0002 027D     		ldrb	r2, [r0, #20]	@ zero_extendqisi2
 2181              		.loc 1 2079 21 discriminator 1 view .LVU598
 2182 0004 012A     		cmp	r2, #1
 2183 0006 00D0     		beq	.L224
 2184              	.L222:
2080:Middlewares/Third_Party/LwIP/src/core/tcp.c ****     struct tcp_pcb_listen *lpcb = (struct tcp_pcb_listen *)pcb;
2081:Middlewares/Third_Party/LwIP/src/core/tcp.c ****     lpcb->accept = accept;
2082:Middlewares/Third_Party/LwIP/src/core/tcp.c ****   }
2083:Middlewares/Third_Party/LwIP/src/core/tcp.c **** }
 2185              		.loc 1 2083 1 view .LVU599
 2186 0008 7047     		bx	lr
 2187              	.L224:
 2188              	.LBB7:
2080:Middlewares/Third_Party/LwIP/src/core/tcp.c ****     struct tcp_pcb_listen *lpcb = (struct tcp_pcb_listen *)pcb;
 2189              		.loc 1 2080 5 is_stmt 1 view .LVU600
 2190              	.LVL212:
2081:Middlewares/Third_Party/LwIP/src/core/tcp.c ****   }
 2191              		.loc 1 2081 5 view .LVU601
2081:Middlewares/Third_Party/LwIP/src/core/tcp.c ****   }
 2192              		.loc 1 2081 18 is_stmt 0 view .LVU602
 2193 000a 8161     		str	r1, [r0, #24]
 2194              	.LBE7:
 2195              		.loc 1 2083 1 view .LVU603
 2196 000c FCE7     		b	.L222
 2197              		.cfi_endproc
 2198              	.LFE197:
 2200              		.section	.rodata.tcp_poll.str1.4,"aMS",%progbits,1
 2201              		.align	2
 2202              	.LC20:
 2203 0000 7463705F 		.ascii	"tcp_poll: invalid pcb\000"
 2203      706F6C6C 
 2203      3A20696E 
 2203      76616C69 
 2203      64207063 
 2204 0016 0000     		.align	2
 2205              	.LC21:
 2206 0018 696E7661 		.ascii	"invalid socket state for poll\000"
 2206      6C696420 
 2206      736F636B 
 2206      65742073 
ARM GAS  /tmp/ccN9yVzV.s 			page 86


 2206      74617465 
 2207              		.section	.text.tcp_poll,"ax",%progbits
 2208              		.align	1
 2209              		.global	tcp_poll
 2210              		.syntax unified
 2211              		.thumb
 2212              		.thumb_func
 2214              	tcp_poll:
 2215              	.LVL213:
 2216              	.LFB198:
2084:Middlewares/Third_Party/LwIP/src/core/tcp.c **** #endif /* LWIP_CALLBACK_API */
2085:Middlewares/Third_Party/LwIP/src/core/tcp.c **** 
2086:Middlewares/Third_Party/LwIP/src/core/tcp.c **** 
2087:Middlewares/Third_Party/LwIP/src/core/tcp.c **** /**
2088:Middlewares/Third_Party/LwIP/src/core/tcp.c ****  * @ingroup tcp_raw
2089:Middlewares/Third_Party/LwIP/src/core/tcp.c ****  * Specifies the polling interval and the callback function that should
2090:Middlewares/Third_Party/LwIP/src/core/tcp.c ****  * be called to poll the application. The interval is specified in
2091:Middlewares/Third_Party/LwIP/src/core/tcp.c ****  * number of TCP coarse grained timer shots, which typically occurs
2092:Middlewares/Third_Party/LwIP/src/core/tcp.c ****  * twice a second. An interval of 10 means that the application would
2093:Middlewares/Third_Party/LwIP/src/core/tcp.c ****  * be polled every 5 seconds.
2094:Middlewares/Third_Party/LwIP/src/core/tcp.c ****  * 
2095:Middlewares/Third_Party/LwIP/src/core/tcp.c ****  * When a connection is idle (i.e., no data is either transmitted or
2096:Middlewares/Third_Party/LwIP/src/core/tcp.c ****  * received), lwIP will repeatedly poll the application by calling a
2097:Middlewares/Third_Party/LwIP/src/core/tcp.c ****  * specified callback function. This can be used either as a watchdog
2098:Middlewares/Third_Party/LwIP/src/core/tcp.c ****  * timer for killing connections that have stayed idle for too long, or
2099:Middlewares/Third_Party/LwIP/src/core/tcp.c ****  * as a method of waiting for memory to become available. For instance,
2100:Middlewares/Third_Party/LwIP/src/core/tcp.c ****  * if a call to tcp_write() has failed because memory wasn't available,
2101:Middlewares/Third_Party/LwIP/src/core/tcp.c ****  * the application may use the polling functionality to call tcp_write()
2102:Middlewares/Third_Party/LwIP/src/core/tcp.c ****  * again when the connection has been idle for a while.
2103:Middlewares/Third_Party/LwIP/src/core/tcp.c ****  */
2104:Middlewares/Third_Party/LwIP/src/core/tcp.c **** void
2105:Middlewares/Third_Party/LwIP/src/core/tcp.c **** tcp_poll(struct tcp_pcb *pcb, tcp_poll_fn poll, u8_t interval)
2106:Middlewares/Third_Party/LwIP/src/core/tcp.c **** {
 2217              		.loc 1 2106 1 is_stmt 1 view -0
 2218              		.cfi_startproc
 2219              		@ args = 0, pretend = 0, frame = 0
 2220              		@ frame_needed = 0, uses_anonymous_args = 0
 2221              		.loc 1 2106 1 is_stmt 0 view .LVU605
 2222 0000 70B5     		push	{r4, r5, r6, lr}
 2223              	.LCFI26:
 2224              		.cfi_def_cfa_offset 16
 2225              		.cfi_offset 4, -16
 2226              		.cfi_offset 5, -12
 2227              		.cfi_offset 6, -8
 2228              		.cfi_offset 14, -4
2107:Middlewares/Third_Party/LwIP/src/core/tcp.c ****   LWIP_ASSERT_CORE_LOCKED();
 2229              		.loc 1 2107 28 is_stmt 1 view .LVU606
2108:Middlewares/Third_Party/LwIP/src/core/tcp.c **** 
2109:Middlewares/Third_Party/LwIP/src/core/tcp.c ****   LWIP_ERROR("tcp_poll: invalid pcb", pcb != NULL, return);
 2230              		.loc 1 2109 3 view .LVU607
 2231              		.loc 1 2109 3 view .LVU608
 2232 0002 48B1     		cbz	r0, .L230
 2233 0004 0D46     		mov	r5, r1
 2234 0006 1446     		mov	r4, r2
 2235 0008 0646     		mov	r6, r0
 2236              		.loc 1 2109 3 discriminator 2 view .LVU609
2110:Middlewares/Third_Party/LwIP/src/core/tcp.c ****   LWIP_ASSERT("invalid socket state for poll", pcb->state != LISTEN);
ARM GAS  /tmp/ccN9yVzV.s 			page 87


 2237              		.loc 1 2110 3 view .LVU610
 2238              		.loc 1 2110 3 view .LVU611
 2239 000a 037D     		ldrb	r3, [r0, #20]	@ zero_extendqisi2
 2240 000c 012B     		cmp	r3, #1
 2241 000e 0BD0     		beq	.L231
 2242              	.LVL214:
 2243              	.L228:
 2244              		.loc 1 2110 3 discriminator 3 view .LVU612
 2245              		.loc 1 2110 3 discriminator 3 view .LVU613
2111:Middlewares/Third_Party/LwIP/src/core/tcp.c **** 
2112:Middlewares/Third_Party/LwIP/src/core/tcp.c **** #if LWIP_CALLBACK_API
2113:Middlewares/Third_Party/LwIP/src/core/tcp.c ****   pcb->poll = poll;
 2246              		.loc 1 2113 3 view .LVU614
 2247              		.loc 1 2113 13 is_stmt 0 view .LVU615
 2248 0010 C6F88C50 		str	r5, [r6, #140]
2114:Middlewares/Third_Party/LwIP/src/core/tcp.c **** #else /* LWIP_CALLBACK_API */
2115:Middlewares/Third_Party/LwIP/src/core/tcp.c ****   LWIP_UNUSED_ARG(poll);
2116:Middlewares/Third_Party/LwIP/src/core/tcp.c **** #endif /* LWIP_CALLBACK_API */
2117:Middlewares/Third_Party/LwIP/src/core/tcp.c ****   pcb->pollinterval = interval;
 2249              		.loc 1 2117 3 is_stmt 1 view .LVU616
 2250              		.loc 1 2117 21 is_stmt 0 view .LVU617
 2251 0014 7477     		strb	r4, [r6, #29]
 2252              	.LVL215:
 2253              	.L225:
2118:Middlewares/Third_Party/LwIP/src/core/tcp.c **** }
 2254              		.loc 1 2118 1 view .LVU618
 2255 0016 70BD     		pop	{r4, r5, r6, pc}
 2256              	.LVL216:
 2257              	.L230:
2109:Middlewares/Third_Party/LwIP/src/core/tcp.c ****   LWIP_ASSERT("invalid socket state for poll", pcb->state != LISTEN);
 2258              		.loc 1 2109 3 is_stmt 1 discriminator 1 view .LVU619
2109:Middlewares/Third_Party/LwIP/src/core/tcp.c ****   LWIP_ASSERT("invalid socket state for poll", pcb->state != LISTEN);
 2259              		.loc 1 2109 3 discriminator 1 view .LVU620
 2260 0018 074B     		ldr	r3, .L232
 2261 001a 40F63D02 		movw	r2, #2109
 2262              	.LVL217:
2109:Middlewares/Third_Party/LwIP/src/core/tcp.c ****   LWIP_ASSERT("invalid socket state for poll", pcb->state != LISTEN);
 2263              		.loc 1 2109 3 is_stmt 0 discriminator 1 view .LVU621
 2264 001e 0749     		ldr	r1, .L232+4
 2265              	.LVL218:
2109:Middlewares/Third_Party/LwIP/src/core/tcp.c ****   LWIP_ASSERT("invalid socket state for poll", pcb->state != LISTEN);
 2266              		.loc 1 2109 3 discriminator 1 view .LVU622
 2267 0020 0748     		ldr	r0, .L232+8
 2268              	.LVL219:
2109:Middlewares/Third_Party/LwIP/src/core/tcp.c ****   LWIP_ASSERT("invalid socket state for poll", pcb->state != LISTEN);
 2269              		.loc 1 2109 3 discriminator 1 view .LVU623
 2270 0022 FFF7FEFF 		bl	printf
 2271              	.LVL220:
2109:Middlewares/Third_Party/LwIP/src/core/tcp.c ****   LWIP_ASSERT("invalid socket state for poll", pcb->state != LISTEN);
 2272              		.loc 1 2109 3 is_stmt 1 discriminator 1 view .LVU624
2109:Middlewares/Third_Party/LwIP/src/core/tcp.c ****   LWIP_ASSERT("invalid socket state for poll", pcb->state != LISTEN);
 2273              		.loc 1 2109 3 discriminator 1 view .LVU625
2109:Middlewares/Third_Party/LwIP/src/core/tcp.c ****   LWIP_ASSERT("invalid socket state for poll", pcb->state != LISTEN);
 2274              		.loc 1 2109 3 is_stmt 0 view .LVU626
 2275 0026 F6E7     		b	.L225
 2276              	.LVL221:
 2277              	.L231:
ARM GAS  /tmp/ccN9yVzV.s 			page 88


2110:Middlewares/Third_Party/LwIP/src/core/tcp.c **** 
 2278              		.loc 1 2110 3 is_stmt 1 discriminator 1 view .LVU627
2110:Middlewares/Third_Party/LwIP/src/core/tcp.c **** 
 2279              		.loc 1 2110 3 discriminator 1 view .LVU628
 2280 0028 034B     		ldr	r3, .L232
 2281 002a 40F63E02 		movw	r2, #2110
 2282              	.LVL222:
2110:Middlewares/Third_Party/LwIP/src/core/tcp.c **** 
 2283              		.loc 1 2110 3 is_stmt 0 discriminator 1 view .LVU629
 2284 002e 0549     		ldr	r1, .L232+12
 2285              	.LVL223:
2110:Middlewares/Third_Party/LwIP/src/core/tcp.c **** 
 2286              		.loc 1 2110 3 discriminator 1 view .LVU630
 2287 0030 0348     		ldr	r0, .L232+8
 2288              	.LVL224:
2110:Middlewares/Third_Party/LwIP/src/core/tcp.c **** 
 2289              		.loc 1 2110 3 discriminator 1 view .LVU631
 2290 0032 FFF7FEFF 		bl	printf
 2291              	.LVL225:
 2292 0036 EBE7     		b	.L228
 2293              	.L233:
 2294              		.align	2
 2295              	.L232:
 2296 0038 00000000 		.word	.LC0
 2297 003c 00000000 		.word	.LC20
 2298 0040 54000000 		.word	.LC2
 2299 0044 18000000 		.word	.LC21
 2300              		.cfi_endproc
 2301              	.LFE198:
 2303              		.section	.rodata.tcp_next_iss.str1.4,"aMS",%progbits,1
 2304              		.align	2
 2305              	.LC22:
 2306 0000 7463705F 		.ascii	"tcp_next_iss: invalid pcb\000"
 2306      6E657874 
 2306      5F697373 
 2306      3A20696E 
 2306      76616C69 
 2307              		.section	.text.tcp_next_iss,"ax",%progbits
 2308              		.align	1
 2309              		.global	tcp_next_iss
 2310              		.syntax unified
 2311              		.thumb
 2312              		.thumb_func
 2314              	tcp_next_iss:
 2315              	.LVL226:
 2316              	.LFB201:
2119:Middlewares/Third_Party/LwIP/src/core/tcp.c **** 
2120:Middlewares/Third_Party/LwIP/src/core/tcp.c **** /**
2121:Middlewares/Third_Party/LwIP/src/core/tcp.c ****  * Purges a TCP PCB. Removes any buffered data and frees the buffer memory
2122:Middlewares/Third_Party/LwIP/src/core/tcp.c ****  * (pcb->ooseq, pcb->unsent and pcb->unacked are freed).
2123:Middlewares/Third_Party/LwIP/src/core/tcp.c ****  *
2124:Middlewares/Third_Party/LwIP/src/core/tcp.c ****  * @param pcb tcp_pcb to purge. The pcb itself is not deallocated!
2125:Middlewares/Third_Party/LwIP/src/core/tcp.c ****  */
2126:Middlewares/Third_Party/LwIP/src/core/tcp.c **** void
2127:Middlewares/Third_Party/LwIP/src/core/tcp.c **** tcp_pcb_purge(struct tcp_pcb *pcb)
2128:Middlewares/Third_Party/LwIP/src/core/tcp.c **** {
2129:Middlewares/Third_Party/LwIP/src/core/tcp.c ****   LWIP_ERROR("tcp_pcb_purge: invalid pcb", pcb != NULL, return);
ARM GAS  /tmp/ccN9yVzV.s 			page 89


2130:Middlewares/Third_Party/LwIP/src/core/tcp.c **** 
2131:Middlewares/Third_Party/LwIP/src/core/tcp.c ****   if (pcb->state != CLOSED &&
2132:Middlewares/Third_Party/LwIP/src/core/tcp.c ****       pcb->state != TIME_WAIT &&
2133:Middlewares/Third_Party/LwIP/src/core/tcp.c ****       pcb->state != LISTEN) {
2134:Middlewares/Third_Party/LwIP/src/core/tcp.c **** 
2135:Middlewares/Third_Party/LwIP/src/core/tcp.c ****     LWIP_DEBUGF(TCP_DEBUG, ("tcp_pcb_purge\n"));
2136:Middlewares/Third_Party/LwIP/src/core/tcp.c **** 
2137:Middlewares/Third_Party/LwIP/src/core/tcp.c ****     tcp_backlog_accepted(pcb);
2138:Middlewares/Third_Party/LwIP/src/core/tcp.c **** 
2139:Middlewares/Third_Party/LwIP/src/core/tcp.c ****     if (pcb->refused_data != NULL) {
2140:Middlewares/Third_Party/LwIP/src/core/tcp.c ****       LWIP_DEBUGF(TCP_DEBUG, ("tcp_pcb_purge: data left on ->refused_data\n"));
2141:Middlewares/Third_Party/LwIP/src/core/tcp.c ****       pbuf_free(pcb->refused_data);
2142:Middlewares/Third_Party/LwIP/src/core/tcp.c ****       pcb->refused_data = NULL;
2143:Middlewares/Third_Party/LwIP/src/core/tcp.c ****     }
2144:Middlewares/Third_Party/LwIP/src/core/tcp.c ****     if (pcb->unsent != NULL) {
2145:Middlewares/Third_Party/LwIP/src/core/tcp.c ****       LWIP_DEBUGF(TCP_DEBUG, ("tcp_pcb_purge: not all data sent\n"));
2146:Middlewares/Third_Party/LwIP/src/core/tcp.c ****     }
2147:Middlewares/Third_Party/LwIP/src/core/tcp.c ****     if (pcb->unacked != NULL) {
2148:Middlewares/Third_Party/LwIP/src/core/tcp.c ****       LWIP_DEBUGF(TCP_DEBUG, ("tcp_pcb_purge: data left on ->unacked\n"));
2149:Middlewares/Third_Party/LwIP/src/core/tcp.c ****     }
2150:Middlewares/Third_Party/LwIP/src/core/tcp.c **** #if TCP_QUEUE_OOSEQ
2151:Middlewares/Third_Party/LwIP/src/core/tcp.c ****     if (pcb->ooseq != NULL) {
2152:Middlewares/Third_Party/LwIP/src/core/tcp.c ****       LWIP_DEBUGF(TCP_DEBUG, ("tcp_pcb_purge: data left on ->ooseq\n"));
2153:Middlewares/Third_Party/LwIP/src/core/tcp.c ****       tcp_free_ooseq(pcb);
2154:Middlewares/Third_Party/LwIP/src/core/tcp.c ****     }
2155:Middlewares/Third_Party/LwIP/src/core/tcp.c **** #endif /* TCP_QUEUE_OOSEQ */
2156:Middlewares/Third_Party/LwIP/src/core/tcp.c **** 
2157:Middlewares/Third_Party/LwIP/src/core/tcp.c ****     /* Stop the retransmission timer as it will expect data on unacked
2158:Middlewares/Third_Party/LwIP/src/core/tcp.c ****        queue if it fires */
2159:Middlewares/Third_Party/LwIP/src/core/tcp.c ****     pcb->rtime = -1;
2160:Middlewares/Third_Party/LwIP/src/core/tcp.c **** 
2161:Middlewares/Third_Party/LwIP/src/core/tcp.c ****     tcp_segs_free(pcb->unsent);
2162:Middlewares/Third_Party/LwIP/src/core/tcp.c ****     tcp_segs_free(pcb->unacked);
2163:Middlewares/Third_Party/LwIP/src/core/tcp.c ****     pcb->unacked = pcb->unsent = NULL;
2164:Middlewares/Third_Party/LwIP/src/core/tcp.c **** #if TCP_OVERSIZE
2165:Middlewares/Third_Party/LwIP/src/core/tcp.c ****     pcb->unsent_oversize = 0;
2166:Middlewares/Third_Party/LwIP/src/core/tcp.c **** #endif /* TCP_OVERSIZE */
2167:Middlewares/Third_Party/LwIP/src/core/tcp.c ****   }
2168:Middlewares/Third_Party/LwIP/src/core/tcp.c **** }
2169:Middlewares/Third_Party/LwIP/src/core/tcp.c **** 
2170:Middlewares/Third_Party/LwIP/src/core/tcp.c **** /**
2171:Middlewares/Third_Party/LwIP/src/core/tcp.c ****  * Purges the PCB and removes it from a PCB list. Any delayed ACKs are sent first.
2172:Middlewares/Third_Party/LwIP/src/core/tcp.c ****  *
2173:Middlewares/Third_Party/LwIP/src/core/tcp.c ****  * @param pcblist PCB list to purge.
2174:Middlewares/Third_Party/LwIP/src/core/tcp.c ****  * @param pcb tcp_pcb to purge. The pcb itself is NOT deallocated!
2175:Middlewares/Third_Party/LwIP/src/core/tcp.c ****  */
2176:Middlewares/Third_Party/LwIP/src/core/tcp.c **** void
2177:Middlewares/Third_Party/LwIP/src/core/tcp.c **** tcp_pcb_remove(struct tcp_pcb **pcblist, struct tcp_pcb *pcb)
2178:Middlewares/Third_Party/LwIP/src/core/tcp.c **** {
2179:Middlewares/Third_Party/LwIP/src/core/tcp.c ****   LWIP_ASSERT("tcp_pcb_remove: invalid pcb", pcb != NULL);
2180:Middlewares/Third_Party/LwIP/src/core/tcp.c ****   LWIP_ASSERT("tcp_pcb_remove: invalid pcblist", pcblist != NULL);
2181:Middlewares/Third_Party/LwIP/src/core/tcp.c **** 
2182:Middlewares/Third_Party/LwIP/src/core/tcp.c ****   TCP_RMV(pcblist, pcb);
2183:Middlewares/Third_Party/LwIP/src/core/tcp.c **** 
2184:Middlewares/Third_Party/LwIP/src/core/tcp.c ****   tcp_pcb_purge(pcb);
2185:Middlewares/Third_Party/LwIP/src/core/tcp.c **** 
2186:Middlewares/Third_Party/LwIP/src/core/tcp.c ****   /* if there is an outstanding delayed ACKs, send it */
ARM GAS  /tmp/ccN9yVzV.s 			page 90


2187:Middlewares/Third_Party/LwIP/src/core/tcp.c ****   if ((pcb->state != TIME_WAIT) &&
2188:Middlewares/Third_Party/LwIP/src/core/tcp.c ****       (pcb->state != LISTEN) &&
2189:Middlewares/Third_Party/LwIP/src/core/tcp.c ****       (pcb->flags & TF_ACK_DELAY)) {
2190:Middlewares/Third_Party/LwIP/src/core/tcp.c ****     tcp_ack_now(pcb);
2191:Middlewares/Third_Party/LwIP/src/core/tcp.c ****     tcp_output(pcb);
2192:Middlewares/Third_Party/LwIP/src/core/tcp.c ****   }
2193:Middlewares/Third_Party/LwIP/src/core/tcp.c **** 
2194:Middlewares/Third_Party/LwIP/src/core/tcp.c ****   if (pcb->state != LISTEN) {
2195:Middlewares/Third_Party/LwIP/src/core/tcp.c ****     LWIP_ASSERT("unsent segments leaking", pcb->unsent == NULL);
2196:Middlewares/Third_Party/LwIP/src/core/tcp.c ****     LWIP_ASSERT("unacked segments leaking", pcb->unacked == NULL);
2197:Middlewares/Third_Party/LwIP/src/core/tcp.c **** #if TCP_QUEUE_OOSEQ
2198:Middlewares/Third_Party/LwIP/src/core/tcp.c ****     LWIP_ASSERT("ooseq segments leaking", pcb->ooseq == NULL);
2199:Middlewares/Third_Party/LwIP/src/core/tcp.c **** #endif /* TCP_QUEUE_OOSEQ */
2200:Middlewares/Third_Party/LwIP/src/core/tcp.c ****   }
2201:Middlewares/Third_Party/LwIP/src/core/tcp.c **** 
2202:Middlewares/Third_Party/LwIP/src/core/tcp.c ****   pcb->state = CLOSED;
2203:Middlewares/Third_Party/LwIP/src/core/tcp.c ****   /* reset the local port to prevent the pcb from being 'bound' */
2204:Middlewares/Third_Party/LwIP/src/core/tcp.c ****   pcb->local_port = 0;
2205:Middlewares/Third_Party/LwIP/src/core/tcp.c **** 
2206:Middlewares/Third_Party/LwIP/src/core/tcp.c ****   LWIP_ASSERT("tcp_pcb_remove: tcp_pcbs_sane()", tcp_pcbs_sane());
2207:Middlewares/Third_Party/LwIP/src/core/tcp.c **** }
2208:Middlewares/Third_Party/LwIP/src/core/tcp.c **** 
2209:Middlewares/Third_Party/LwIP/src/core/tcp.c **** /**
2210:Middlewares/Third_Party/LwIP/src/core/tcp.c ****  * Calculates a new initial sequence number for new connections.
2211:Middlewares/Third_Party/LwIP/src/core/tcp.c ****  *
2212:Middlewares/Third_Party/LwIP/src/core/tcp.c ****  * @return u32_t pseudo random sequence number
2213:Middlewares/Third_Party/LwIP/src/core/tcp.c ****  */
2214:Middlewares/Third_Party/LwIP/src/core/tcp.c **** u32_t
2215:Middlewares/Third_Party/LwIP/src/core/tcp.c **** tcp_next_iss(struct tcp_pcb *pcb)
2216:Middlewares/Third_Party/LwIP/src/core/tcp.c **** {
 2317              		.loc 1 2216 1 is_stmt 1 view -0
 2318              		.cfi_startproc
 2319              		@ args = 0, pretend = 0, frame = 0
 2320              		@ frame_needed = 0, uses_anonymous_args = 0
 2321              		.loc 1 2216 1 is_stmt 0 view .LVU633
 2322 0000 08B5     		push	{r3, lr}
 2323              	.LCFI27:
 2324              		.cfi_def_cfa_offset 8
 2325              		.cfi_offset 3, -8
 2326              		.cfi_offset 14, -4
2217:Middlewares/Third_Party/LwIP/src/core/tcp.c **** #ifdef LWIP_HOOK_TCP_ISN
2218:Middlewares/Third_Party/LwIP/src/core/tcp.c ****   LWIP_ASSERT("tcp_next_iss: invalid pcb", pcb != NULL);
2219:Middlewares/Third_Party/LwIP/src/core/tcp.c ****   return LWIP_HOOK_TCP_ISN(&pcb->local_ip, pcb->local_port, &pcb->remote_ip, pcb->remote_port);
2220:Middlewares/Third_Party/LwIP/src/core/tcp.c **** #else /* LWIP_HOOK_TCP_ISN */
2221:Middlewares/Third_Party/LwIP/src/core/tcp.c ****   static u32_t iss = 6510;
 2327              		.loc 1 2221 3 is_stmt 1 view .LVU634
2222:Middlewares/Third_Party/LwIP/src/core/tcp.c **** 
2223:Middlewares/Third_Party/LwIP/src/core/tcp.c ****   LWIP_ASSERT("tcp_next_iss: invalid pcb", pcb != NULL);
 2328              		.loc 1 2223 3 view .LVU635
 2329              		.loc 1 2223 3 view .LVU636
 2330 0002 30B1     		cbz	r0, .L237
 2331              	.LVL227:
 2332              	.L235:
 2333              		.loc 1 2223 3 discriminator 3 view .LVU637
 2334              		.loc 1 2223 3 discriminator 3 view .LVU638
2224:Middlewares/Third_Party/LwIP/src/core/tcp.c ****   LWIP_UNUSED_ARG(pcb);
 2335              		.loc 1 2224 3 view .LVU639
ARM GAS  /tmp/ccN9yVzV.s 			page 91


2225:Middlewares/Third_Party/LwIP/src/core/tcp.c **** 
2226:Middlewares/Third_Party/LwIP/src/core/tcp.c ****   iss += tcp_ticks;       /* XXX */
 2336              		.loc 1 2226 3 view .LVU640
 2337              		.loc 1 2226 7 is_stmt 0 view .LVU641
 2338 0004 074B     		ldr	r3, .L238
 2339 0006 1868     		ldr	r0, [r3]
 2340 0008 074A     		ldr	r2, .L238+4
 2341 000a 1268     		ldr	r2, [r2]
 2342 000c 1044     		add	r0, r0, r2
 2343 000e 1860     		str	r0, [r3]
2227:Middlewares/Third_Party/LwIP/src/core/tcp.c ****   return iss;
 2344              		.loc 1 2227 3 is_stmt 1 view .LVU642
2228:Middlewares/Third_Party/LwIP/src/core/tcp.c **** #endif /* LWIP_HOOK_TCP_ISN */
2229:Middlewares/Third_Party/LwIP/src/core/tcp.c **** }
 2345              		.loc 1 2229 1 is_stmt 0 view .LVU643
 2346 0010 08BD     		pop	{r3, pc}
 2347              	.LVL228:
 2348              	.L237:
2223:Middlewares/Third_Party/LwIP/src/core/tcp.c ****   LWIP_UNUSED_ARG(pcb);
 2349              		.loc 1 2223 3 is_stmt 1 discriminator 1 view .LVU644
2223:Middlewares/Third_Party/LwIP/src/core/tcp.c ****   LWIP_UNUSED_ARG(pcb);
 2350              		.loc 1 2223 3 discriminator 1 view .LVU645
 2351 0012 064B     		ldr	r3, .L238+8
 2352 0014 40F6AF02 		movw	r2, #2223
 2353 0018 0549     		ldr	r1, .L238+12
 2354 001a 0648     		ldr	r0, .L238+16
 2355              	.LVL229:
2223:Middlewares/Third_Party/LwIP/src/core/tcp.c ****   LWIP_UNUSED_ARG(pcb);
 2356              		.loc 1 2223 3 is_stmt 0 discriminator 1 view .LVU646
 2357 001c FFF7FEFF 		bl	printf
 2358              	.LVL230:
 2359 0020 F0E7     		b	.L235
 2360              	.L239:
 2361 0022 00BF     		.align	2
 2362              	.L238:
 2363 0024 00000000 		.word	iss.0
 2364 0028 00000000 		.word	tcp_ticks
 2365 002c 00000000 		.word	.LC0
 2366 0030 00000000 		.word	.LC22
 2367 0034 54000000 		.word	.LC2
 2368              		.cfi_endproc
 2369              	.LFE201:
 2371              		.section	.rodata.tcp_eff_send_mss_netif.str1.4,"aMS",%progbits,1
 2372              		.align	2
 2373              	.LC23:
 2374 0000 7463705F 		.ascii	"tcp_eff_send_mss_netif: invalid dst_ip\000"
 2374      6566665F 
 2374      73656E64 
 2374      5F6D7373 
 2374      5F6E6574 
 2375              		.section	.text.tcp_eff_send_mss_netif,"ax",%progbits
 2376              		.align	1
 2377              		.global	tcp_eff_send_mss_netif
 2378              		.syntax unified
 2379              		.thumb
 2380              		.thumb_func
 2382              	tcp_eff_send_mss_netif:
ARM GAS  /tmp/ccN9yVzV.s 			page 92


 2383              	.LVL231:
 2384              	.LFB202:
2230:Middlewares/Third_Party/LwIP/src/core/tcp.c **** 
2231:Middlewares/Third_Party/LwIP/src/core/tcp.c **** #if TCP_CALCULATE_EFF_SEND_MSS
2232:Middlewares/Third_Party/LwIP/src/core/tcp.c **** /**
2233:Middlewares/Third_Party/LwIP/src/core/tcp.c ****  * Calculates the effective send mss that can be used for a specific IP address
2234:Middlewares/Third_Party/LwIP/src/core/tcp.c ****  * by calculating the minimum of TCP_MSS and the mtu (if set) of the target
2235:Middlewares/Third_Party/LwIP/src/core/tcp.c ****  * netif (if not NULL).
2236:Middlewares/Third_Party/LwIP/src/core/tcp.c ****  */
2237:Middlewares/Third_Party/LwIP/src/core/tcp.c **** u16_t
2238:Middlewares/Third_Party/LwIP/src/core/tcp.c **** tcp_eff_send_mss_netif(u16_t sendmss, struct netif *outif, const ip_addr_t *dest)
2239:Middlewares/Third_Party/LwIP/src/core/tcp.c **** {
 2385              		.loc 1 2239 1 is_stmt 1 view -0
 2386              		.cfi_startproc
 2387              		@ args = 0, pretend = 0, frame = 0
 2388              		@ frame_needed = 0, uses_anonymous_args = 0
 2389              		.loc 1 2239 1 is_stmt 0 view .LVU648
 2390 0000 38B5     		push	{r3, r4, r5, lr}
 2391              	.LCFI28:
 2392              		.cfi_def_cfa_offset 16
 2393              		.cfi_offset 3, -16
 2394              		.cfi_offset 4, -12
 2395              		.cfi_offset 5, -8
 2396              		.cfi_offset 14, -4
 2397 0002 0546     		mov	r5, r0
 2398 0004 0C46     		mov	r4, r1
2240:Middlewares/Third_Party/LwIP/src/core/tcp.c ****   u16_t mss_s;
 2399              		.loc 1 2240 3 is_stmt 1 view .LVU649
2241:Middlewares/Third_Party/LwIP/src/core/tcp.c ****   u16_t mtu;
 2400              		.loc 1 2241 3 view .LVU650
2242:Middlewares/Third_Party/LwIP/src/core/tcp.c **** 
2243:Middlewares/Third_Party/LwIP/src/core/tcp.c ****   LWIP_UNUSED_ARG(dest); /* in case IPv6 is disabled */
 2401              		.loc 1 2243 3 view .LVU651
2244:Middlewares/Third_Party/LwIP/src/core/tcp.c **** 
2245:Middlewares/Third_Party/LwIP/src/core/tcp.c ****   LWIP_ASSERT("tcp_eff_send_mss_netif: invalid dst_ip", dest != NULL);
 2402              		.loc 1 2245 3 view .LVU652
 2403              		.loc 1 2245 3 view .LVU653
 2404 0006 5AB1     		cbz	r2, .L246
 2405              	.LVL232:
 2406              	.L241:
 2407              		.loc 1 2245 3 discriminator 3 view .LVU654
 2408              		.loc 1 2245 3 discriminator 3 view .LVU655
2246:Middlewares/Third_Party/LwIP/src/core/tcp.c **** 
2247:Middlewares/Third_Party/LwIP/src/core/tcp.c **** #if LWIP_IPV6
2248:Middlewares/Third_Party/LwIP/src/core/tcp.c **** #if LWIP_IPV4
2249:Middlewares/Third_Party/LwIP/src/core/tcp.c ****   if (IP_IS_V6(dest))
2250:Middlewares/Third_Party/LwIP/src/core/tcp.c **** #endif /* LWIP_IPV4 */
2251:Middlewares/Third_Party/LwIP/src/core/tcp.c ****   {
2252:Middlewares/Third_Party/LwIP/src/core/tcp.c ****     /* First look in destination cache, to see if there is a Path MTU. */
2253:Middlewares/Third_Party/LwIP/src/core/tcp.c ****     mtu = nd6_get_destination_mtu(ip_2_ip6(dest), outif);
2254:Middlewares/Third_Party/LwIP/src/core/tcp.c ****   }
2255:Middlewares/Third_Party/LwIP/src/core/tcp.c **** #if LWIP_IPV4
2256:Middlewares/Third_Party/LwIP/src/core/tcp.c ****   else
2257:Middlewares/Third_Party/LwIP/src/core/tcp.c **** #endif /* LWIP_IPV4 */
2258:Middlewares/Third_Party/LwIP/src/core/tcp.c **** #endif /* LWIP_IPV6 */
2259:Middlewares/Third_Party/LwIP/src/core/tcp.c **** #if LWIP_IPV4
2260:Middlewares/Third_Party/LwIP/src/core/tcp.c ****   {
ARM GAS  /tmp/ccN9yVzV.s 			page 93


2261:Middlewares/Third_Party/LwIP/src/core/tcp.c ****     if (outif == NULL) {
 2409              		.loc 1 2261 5 view .LVU656
 2410              		.loc 1 2261 8 is_stmt 0 view .LVU657
 2411 0008 44B1     		cbz	r4, .L242
2262:Middlewares/Third_Party/LwIP/src/core/tcp.c ****       return sendmss;
2263:Middlewares/Third_Party/LwIP/src/core/tcp.c ****     }
2264:Middlewares/Third_Party/LwIP/src/core/tcp.c ****     mtu = outif->mtu;
 2412              		.loc 1 2264 5 is_stmt 1 view .LVU658
 2413              		.loc 1 2264 9 is_stmt 0 view .LVU659
 2414 000a A38D     		ldrh	r3, [r4, #44]
 2415              	.LVL233:
2265:Middlewares/Third_Party/LwIP/src/core/tcp.c ****   }
2266:Middlewares/Third_Party/LwIP/src/core/tcp.c **** #endif /* LWIP_IPV4 */
2267:Middlewares/Third_Party/LwIP/src/core/tcp.c **** 
2268:Middlewares/Third_Party/LwIP/src/core/tcp.c ****   if (mtu != 0) {
 2416              		.loc 1 2268 3 is_stmt 1 view .LVU660
 2417              		.loc 1 2268 6 is_stmt 0 view .LVU661
 2418 000c 33B1     		cbz	r3, .L242
 2419              	.LBB8:
2269:Middlewares/Third_Party/LwIP/src/core/tcp.c ****     u16_t offset;
 2420              		.loc 1 2269 5 is_stmt 1 view .LVU662
2270:Middlewares/Third_Party/LwIP/src/core/tcp.c **** #if LWIP_IPV6
2271:Middlewares/Third_Party/LwIP/src/core/tcp.c **** #if LWIP_IPV4
2272:Middlewares/Third_Party/LwIP/src/core/tcp.c ****     if (IP_IS_V6(dest))
2273:Middlewares/Third_Party/LwIP/src/core/tcp.c **** #endif /* LWIP_IPV4 */
2274:Middlewares/Third_Party/LwIP/src/core/tcp.c ****     {
2275:Middlewares/Third_Party/LwIP/src/core/tcp.c ****       offset = IP6_HLEN + TCP_HLEN;
2276:Middlewares/Third_Party/LwIP/src/core/tcp.c ****     }
2277:Middlewares/Third_Party/LwIP/src/core/tcp.c **** #if LWIP_IPV4
2278:Middlewares/Third_Party/LwIP/src/core/tcp.c ****     else
2279:Middlewares/Third_Party/LwIP/src/core/tcp.c **** #endif /* LWIP_IPV4 */
2280:Middlewares/Third_Party/LwIP/src/core/tcp.c **** #endif /* LWIP_IPV6 */
2281:Middlewares/Third_Party/LwIP/src/core/tcp.c **** #if LWIP_IPV4
2282:Middlewares/Third_Party/LwIP/src/core/tcp.c ****     {
2283:Middlewares/Third_Party/LwIP/src/core/tcp.c ****       offset = IP_HLEN + TCP_HLEN;
 2421              		.loc 1 2283 7 view .LVU663
 2422              	.LVL234:
2284:Middlewares/Third_Party/LwIP/src/core/tcp.c ****     }
2285:Middlewares/Third_Party/LwIP/src/core/tcp.c **** #endif /* LWIP_IPV4 */
2286:Middlewares/Third_Party/LwIP/src/core/tcp.c ****     mss_s = (mtu > offset) ? (u16_t)(mtu - offset) : 0;
 2423              		.loc 1 2286 5 view .LVU664
 2424              		.loc 1 2286 11 is_stmt 0 view .LVU665
 2425 000e 282B     		cmp	r3, #40
 2426 0010 0ED9     		bls	.L244
 2427              		.loc 1 2286 11 discriminator 1 view .LVU666
 2428 0012 283B     		subs	r3, r3, #40
 2429              	.LVL235:
 2430              		.loc 1 2286 11 discriminator 1 view .LVU667
 2431 0014 9BB2     		uxth	r3, r3
 2432              	.LVL236:
 2433              	.L243:
2287:Middlewares/Third_Party/LwIP/src/core/tcp.c ****     /* RFC 1122, chap 4.2.2.6:
2288:Middlewares/Third_Party/LwIP/src/core/tcp.c ****      * Eff.snd.MSS = min(SendMSS+20, MMS_S) - TCPhdrsize - IPoptionsize
2289:Middlewares/Third_Party/LwIP/src/core/tcp.c ****      * We correct for TCP options in tcp_write(), and don't support IP options.
2290:Middlewares/Third_Party/LwIP/src/core/tcp.c ****      */
2291:Middlewares/Third_Party/LwIP/src/core/tcp.c ****     sendmss = LWIP_MIN(sendmss, mss_s);
 2434              		.loc 1 2291 5 is_stmt 1 view .LVU668
ARM GAS  /tmp/ccN9yVzV.s 			page 94


 2435              		.loc 1 2291 13 is_stmt 0 view .LVU669
 2436 0016 9D42     		cmp	r5, r3
 2437 0018 28BF     		it	cs
 2438 001a 1D46     		movcs	r5, r3
 2439              	.LVL237:
 2440              	.L242:
 2441              		.loc 1 2291 13 view .LVU670
 2442              	.LBE8:
2292:Middlewares/Third_Party/LwIP/src/core/tcp.c ****   }
2293:Middlewares/Third_Party/LwIP/src/core/tcp.c ****   return sendmss;
2294:Middlewares/Third_Party/LwIP/src/core/tcp.c **** }
 2443              		.loc 1 2294 1 view .LVU671
 2444 001c 2846     		mov	r0, r5
 2445 001e 38BD     		pop	{r3, r4, r5, pc}
 2446              	.LVL238:
 2447              	.L246:
2245:Middlewares/Third_Party/LwIP/src/core/tcp.c **** 
 2448              		.loc 1 2245 3 is_stmt 1 discriminator 1 view .LVU672
2245:Middlewares/Third_Party/LwIP/src/core/tcp.c **** 
 2449              		.loc 1 2245 3 discriminator 1 view .LVU673
 2450 0020 044B     		ldr	r3, .L247
 2451 0022 40F6C502 		movw	r2, #2245
 2452              	.LVL239:
2245:Middlewares/Third_Party/LwIP/src/core/tcp.c **** 
 2453              		.loc 1 2245 3 is_stmt 0 discriminator 1 view .LVU674
 2454 0026 0449     		ldr	r1, .L247+4
 2455              	.LVL240:
2245:Middlewares/Third_Party/LwIP/src/core/tcp.c **** 
 2456              		.loc 1 2245 3 discriminator 1 view .LVU675
 2457 0028 0448     		ldr	r0, .L247+8
 2458              	.LVL241:
2245:Middlewares/Third_Party/LwIP/src/core/tcp.c **** 
 2459              		.loc 1 2245 3 discriminator 1 view .LVU676
 2460 002a FFF7FEFF 		bl	printf
 2461              	.LVL242:
 2462 002e EBE7     		b	.L241
 2463              	.LVL243:
 2464              	.L244:
 2465              	.LBB9:
2286:Middlewares/Third_Party/LwIP/src/core/tcp.c ****     /* RFC 1122, chap 4.2.2.6:
 2466              		.loc 1 2286 11 discriminator 2 view .LVU677
 2467 0030 0023     		movs	r3, #0
 2468              	.LVL244:
2286:Middlewares/Third_Party/LwIP/src/core/tcp.c ****     /* RFC 1122, chap 4.2.2.6:
 2469              		.loc 1 2286 11 discriminator 2 view .LVU678
 2470 0032 F0E7     		b	.L243
 2471              	.L248:
 2472              		.align	2
 2473              	.L247:
 2474 0034 00000000 		.word	.LC0
 2475 0038 00000000 		.word	.LC23
 2476 003c 54000000 		.word	.LC2
 2477              	.LBE9:
 2478              		.cfi_endproc
 2479              	.LFE202:
 2481              		.section	.rodata.tcp_connect.str1.4,"aMS",%progbits,1
 2482              		.align	2
ARM GAS  /tmp/ccN9yVzV.s 			page 95


 2483              	.LC24:
 2484 0000 7463705F 		.ascii	"tcp_connect: invalid pcb\000"
 2484      636F6E6E 
 2484      6563743A 
 2484      20696E76 
 2484      616C6964 
 2485 0019 000000   		.align	2
 2486              	.LC25:
 2487 001c 7463705F 		.ascii	"tcp_connect: invalid ipaddr\000"
 2487      636F6E6E 
 2487      6563743A 
 2487      20696E76 
 2487      616C6964 
 2488              		.align	2
 2489              	.LC26:
 2490 0038 7463705F 		.ascii	"tcp_connect: can only connect from state CLOSED\000"
 2490      636F6E6E 
 2490      6563743A 
 2490      2063616E 
 2490      206F6E6C 
 2491              		.section	.text.tcp_connect,"ax",%progbits
 2492              		.align	1
 2493              		.global	tcp_connect
 2494              		.syntax unified
 2495              		.thumb
 2496              		.thumb_func
 2498              	tcp_connect:
 2499              	.LVL245:
 2500              	.LFB176:
1069:Middlewares/Third_Party/LwIP/src/core/tcp.c ****   struct netif *netif = NULL;
 2501              		.loc 1 1069 1 is_stmt 1 view -0
 2502              		.cfi_startproc
 2503              		@ args = 0, pretend = 0, frame = 0
 2504              		@ frame_needed = 0, uses_anonymous_args = 0
1069:Middlewares/Third_Party/LwIP/src/core/tcp.c ****   struct netif *netif = NULL;
 2505              		.loc 1 1069 1 is_stmt 0 view .LVU680
 2506 0000 F8B5     		push	{r3, r4, r5, r6, r7, lr}
 2507              	.LCFI29:
 2508              		.cfi_def_cfa_offset 24
 2509              		.cfi_offset 3, -24
 2510              		.cfi_offset 4, -20
 2511              		.cfi_offset 5, -16
 2512              		.cfi_offset 6, -12
 2513              		.cfi_offset 7, -8
 2514              		.cfi_offset 14, -4
1070:Middlewares/Third_Party/LwIP/src/core/tcp.c ****   err_t ret;
 2515              		.loc 1 1070 3 is_stmt 1 view .LVU681
 2516              	.LVL246:
1071:Middlewares/Third_Party/LwIP/src/core/tcp.c ****   u32_t iss;
 2517              		.loc 1 1071 3 view .LVU682
1072:Middlewares/Third_Party/LwIP/src/core/tcp.c ****   u16_t old_local_port;
 2518              		.loc 1 1072 3 view .LVU683
1073:Middlewares/Third_Party/LwIP/src/core/tcp.c **** 
 2519              		.loc 1 1073 3 view .LVU684
1075:Middlewares/Third_Party/LwIP/src/core/tcp.c **** 
 2520              		.loc 1 1075 28 view .LVU685
1077:Middlewares/Third_Party/LwIP/src/core/tcp.c ****   LWIP_ERROR("tcp_connect: invalid ipaddr", ipaddr != NULL, return ERR_ARG);
ARM GAS  /tmp/ccN9yVzV.s 			page 96


 2521              		.loc 1 1077 3 view .LVU686
1077:Middlewares/Third_Party/LwIP/src/core/tcp.c ****   LWIP_ERROR("tcp_connect: invalid ipaddr", ipaddr != NULL, return ERR_ARG);
 2522              		.loc 1 1077 3 view .LVU687
 2523 0002 0028     		cmp	r0, #0
 2524 0004 50D0     		beq	.L267
 2525 0006 1E46     		mov	r6, r3
 2526 0008 0446     		mov	r4, r0
1077:Middlewares/Third_Party/LwIP/src/core/tcp.c ****   LWIP_ERROR("tcp_connect: invalid ipaddr", ipaddr != NULL, return ERR_ARG);
 2527              		.loc 1 1077 3 discriminator 2 view .LVU688
1078:Middlewares/Third_Party/LwIP/src/core/tcp.c **** 
 2528              		.loc 1 1078 3 view .LVU689
1078:Middlewares/Third_Party/LwIP/src/core/tcp.c **** 
 2529              		.loc 1 1078 3 view .LVU690
 2530 000a 0029     		cmp	r1, #0
 2531 000c 56D0     		beq	.L268
1078:Middlewares/Third_Party/LwIP/src/core/tcp.c **** 
 2532              		.loc 1 1078 3 discriminator 2 view .LVU691
1080:Middlewares/Third_Party/LwIP/src/core/tcp.c **** 
 2533              		.loc 1 1080 3 view .LVU692
1080:Middlewares/Third_Party/LwIP/src/core/tcp.c **** 
 2534              		.loc 1 1080 3 view .LVU693
 2535 000e 037D     		ldrb	r3, [r0, #20]	@ zero_extendqisi2
 2536              	.LVL247:
1080:Middlewares/Third_Party/LwIP/src/core/tcp.c **** 
 2537              		.loc 1 1080 3 is_stmt 0 view .LVU694
 2538 0010 002B     		cmp	r3, #0
 2539 0012 5DD1     		bne	.L269
1080:Middlewares/Third_Party/LwIP/src/core/tcp.c **** 
 2540              		.loc 1 1080 3 is_stmt 1 discriminator 2 view .LVU695
1082:Middlewares/Third_Party/LwIP/src/core/tcp.c ****   ip_addr_set(&pcb->remote_ip, ipaddr);
 2541              		.loc 1 1082 3 view .LVU696
1082:Middlewares/Third_Party/LwIP/src/core/tcp.c ****   ip_addr_set(&pcb->remote_ip, ipaddr);
 2542              		.loc 1 1082 3 view .LVU697
1082:Middlewares/Third_Party/LwIP/src/core/tcp.c ****   ip_addr_set(&pcb->remote_ip, ipaddr);
 2543              		.loc 1 1082 3 discriminator 4 view .LVU698
1083:Middlewares/Third_Party/LwIP/src/core/tcp.c ****   pcb->remote_port = port;
 2544              		.loc 1 1083 3 view .LVU699
1083:Middlewares/Third_Party/LwIP/src/core/tcp.c ****   pcb->remote_port = port;
 2545              		.loc 1 1083 3 is_stmt 0 discriminator 1 view .LVU700
 2546 0014 0B68     		ldr	r3, [r1]
1083:Middlewares/Third_Party/LwIP/src/core/tcp.c ****   pcb->remote_port = port;
 2547              		.loc 1 1083 3 discriminator 4 view .LVU701
 2548 0016 4360     		str	r3, [r0, #4]
1084:Middlewares/Third_Party/LwIP/src/core/tcp.c **** 
 2549              		.loc 1 1084 3 is_stmt 1 view .LVU702
1084:Middlewares/Third_Party/LwIP/src/core/tcp.c **** 
 2550              		.loc 1 1084 20 is_stmt 0 view .LVU703
 2551 0018 0283     		strh	r2, [r0, #24]	@ movhi
1086:Middlewares/Third_Party/LwIP/src/core/tcp.c ****     netif = netif_get_by_index(pcb->netif_idx);
 2552              		.loc 1 1086 3 is_stmt 1 view .LVU704
1086:Middlewares/Third_Party/LwIP/src/core/tcp.c ****     netif = netif_get_by_index(pcb->netif_idx);
 2553              		.loc 1 1086 10 is_stmt 0 view .LVU705
 2554 001a 007A     		ldrb	r0, [r0, #8]	@ zero_extendqisi2
 2555              	.LVL248:
1086:Middlewares/Third_Party/LwIP/src/core/tcp.c ****     netif = netif_get_by_index(pcb->netif_idx);
 2556              		.loc 1 1086 6 view .LVU706
 2557 001c 0028     		cmp	r0, #0
ARM GAS  /tmp/ccN9yVzV.s 			page 97


 2558 001e 61D0     		beq	.L254
1087:Middlewares/Third_Party/LwIP/src/core/tcp.c ****   } else {
 2559              		.loc 1 1087 5 is_stmt 1 view .LVU707
1087:Middlewares/Third_Party/LwIP/src/core/tcp.c ****   } else {
 2560              		.loc 1 1087 13 is_stmt 0 view .LVU708
 2561 0020 FFF7FEFF 		bl	netif_get_by_index
 2562              	.LVL249:
1087:Middlewares/Third_Party/LwIP/src/core/tcp.c ****   } else {
 2563              		.loc 1 1087 13 view .LVU709
 2564 0024 0546     		mov	r5, r0
 2565              	.LVL250:
 2566              	.L255:
1092:Middlewares/Third_Party/LwIP/src/core/tcp.c ****     /* Don't even try to send a SYN packet if we have no route since that will fail. */
 2567              		.loc 1 1092 3 is_stmt 1 view .LVU710
1092:Middlewares/Third_Party/LwIP/src/core/tcp.c ****     /* Don't even try to send a SYN packet if we have no route since that will fail. */
 2568              		.loc 1 1092 6 is_stmt 0 view .LVU711
 2569 0026 002D     		cmp	r5, #0
 2570 0028 77D0     		beq	.L263
1098:Middlewares/Third_Party/LwIP/src/core/tcp.c ****     const ip_addr_t *local_ip = ip_netif_get_local_ip(netif, ipaddr);
 2571              		.loc 1 1098 3 is_stmt 1 view .LVU712
1098:Middlewares/Third_Party/LwIP/src/core/tcp.c ****     const ip_addr_t *local_ip = ip_netif_get_local_ip(netif, ipaddr);
 2572              		.loc 1 1098 6 is_stmt 0 view .LVU713
 2573 002a 0CB1     		cbz	r4, .L256
1098:Middlewares/Third_Party/LwIP/src/core/tcp.c ****     const ip_addr_t *local_ip = ip_netif_get_local_ip(netif, ipaddr);
 2574              		.loc 1 1098 7 discriminator 1 view .LVU714
 2575 002c 2368     		ldr	r3, [r4]
 2576 002e 0BB9     		cbnz	r3, .L257
 2577              	.L256:
 2578              	.LBB10:
1099:Middlewares/Third_Party/LwIP/src/core/tcp.c ****     if (local_ip == NULL) {
 2579              		.loc 1 1099 5 is_stmt 1 view .LVU715
 2580              	.LVL251:
1100:Middlewares/Third_Party/LwIP/src/core/tcp.c ****       return ERR_RTE;
 2581              		.loc 1 1100 5 view .LVU716
1103:Middlewares/Third_Party/LwIP/src/core/tcp.c ****   }
 2582              		.loc 1 1103 5 view .LVU717
 2583 0030 6B68     		ldr	r3, [r5, #4]
 2584 0032 2360     		str	r3, [r4]
 2585              	.LVL252:
 2586              	.L257:
1103:Middlewares/Third_Party/LwIP/src/core/tcp.c ****   }
 2587              		.loc 1 1103 5 is_stmt 0 view .LVU718
 2588              	.LBE10:
1115:Middlewares/Third_Party/LwIP/src/core/tcp.c ****   if (pcb->local_port == 0) {
 2589              		.loc 1 1115 3 is_stmt 1 view .LVU719
1115:Middlewares/Third_Party/LwIP/src/core/tcp.c ****   if (pcb->local_port == 0) {
 2590              		.loc 1 1115 18 is_stmt 0 view .LVU720
 2591 0034 E78A     		ldrh	r7, [r4, #22]
 2592              	.LVL253:
1116:Middlewares/Third_Party/LwIP/src/core/tcp.c ****     pcb->local_port = tcp_new_port();
 2593              		.loc 1 1116 3 is_stmt 1 view .LVU721
1116:Middlewares/Third_Party/LwIP/src/core/tcp.c ****     pcb->local_port = tcp_new_port();
 2594              		.loc 1 1116 6 is_stmt 0 view .LVU722
 2595 0036 27B9     		cbnz	r7, .L258
1117:Middlewares/Third_Party/LwIP/src/core/tcp.c ****     if (pcb->local_port == 0) {
 2596              		.loc 1 1117 5 is_stmt 1 view .LVU723
1117:Middlewares/Third_Party/LwIP/src/core/tcp.c ****     if (pcb->local_port == 0) {
ARM GAS  /tmp/ccN9yVzV.s 			page 98


 2597              		.loc 1 1117 23 is_stmt 0 view .LVU724
 2598 0038 FFF7FEFF 		bl	tcp_new_port
 2599              	.LVL254:
1117:Middlewares/Third_Party/LwIP/src/core/tcp.c ****     if (pcb->local_port == 0) {
 2600              		.loc 1 1117 21 discriminator 1 view .LVU725
 2601 003c E082     		strh	r0, [r4, #22]	@ movhi
1118:Middlewares/Third_Party/LwIP/src/core/tcp.c ****       return ERR_BUF;
 2602              		.loc 1 1118 5 is_stmt 1 view .LVU726
1118:Middlewares/Third_Party/LwIP/src/core/tcp.c ****       return ERR_BUF;
 2603              		.loc 1 1118 8 is_stmt 0 view .LVU727
 2604 003e 0028     		cmp	r0, #0
 2605 0040 6ED0     		beq	.L264
 2606              	.L258:
1142:Middlewares/Third_Party/LwIP/src/core/tcp.c **** 
 2607              		.loc 1 1142 3 is_stmt 1 view .LVU728
1144:Middlewares/Third_Party/LwIP/src/core/tcp.c ****   pcb->rcv_nxt = 0;
 2608              		.loc 1 1144 3 view .LVU729
1144:Middlewares/Third_Party/LwIP/src/core/tcp.c ****   pcb->rcv_nxt = 0;
 2609              		.loc 1 1144 9 is_stmt 0 view .LVU730
 2610 0042 2046     		mov	r0, r4
 2611 0044 FFF7FEFF 		bl	tcp_next_iss
 2612              	.LVL255:
1145:Middlewares/Third_Party/LwIP/src/core/tcp.c ****   pcb->snd_nxt = iss;
 2613              		.loc 1 1145 3 is_stmt 1 view .LVU731
1145:Middlewares/Third_Party/LwIP/src/core/tcp.c ****   pcb->snd_nxt = iss;
 2614              		.loc 1 1145 16 is_stmt 0 view .LVU732
 2615 0048 0021     		movs	r1, #0
 2616 004a 6162     		str	r1, [r4, #36]
1146:Middlewares/Third_Party/LwIP/src/core/tcp.c ****   pcb->lastack = iss - 1;
 2617              		.loc 1 1146 3 is_stmt 1 view .LVU733
1146:Middlewares/Third_Party/LwIP/src/core/tcp.c ****   pcb->lastack = iss - 1;
 2618              		.loc 1 1146 16 is_stmt 0 view .LVU734
 2619 004c 2065     		str	r0, [r4, #80]
1147:Middlewares/Third_Party/LwIP/src/core/tcp.c ****   pcb->snd_wl2 = iss - 1;
 2620              		.loc 1 1147 3 is_stmt 1 view .LVU735
1147:Middlewares/Third_Party/LwIP/src/core/tcp.c ****   pcb->snd_wl2 = iss - 1;
 2621              		.loc 1 1147 22 is_stmt 0 view .LVU736
 2622 004e 0138     		subs	r0, r0, #1
 2623              	.LVL256:
1147:Middlewares/Third_Party/LwIP/src/core/tcp.c ****   pcb->snd_wl2 = iss - 1;
 2624              		.loc 1 1147 16 view .LVU737
 2625 0050 6064     		str	r0, [r4, #68]
1148:Middlewares/Third_Party/LwIP/src/core/tcp.c ****   pcb->snd_lbb = iss - 1;
 2626              		.loc 1 1148 3 is_stmt 1 view .LVU738
1148:Middlewares/Third_Party/LwIP/src/core/tcp.c ****   pcb->snd_lbb = iss - 1;
 2627              		.loc 1 1148 16 is_stmt 0 view .LVU739
 2628 0052 A065     		str	r0, [r4, #88]
1149:Middlewares/Third_Party/LwIP/src/core/tcp.c ****   /* Start with a window that does not need scaling. When window scaling is
 2629              		.loc 1 1149 3 is_stmt 1 view .LVU740
1149:Middlewares/Third_Party/LwIP/src/core/tcp.c ****   /* Start with a window that does not need scaling. When window scaling is
 2630              		.loc 1 1149 16 is_stmt 0 view .LVU741
 2631 0054 E065     		str	r0, [r4, #92]
1152:Middlewares/Third_Party/LwIP/src/core/tcp.c ****   pcb->rcv_ann_right_edge = pcb->rcv_nxt;
 2632              		.loc 1 1152 3 is_stmt 1 view .LVU742
1152:Middlewares/Third_Party/LwIP/src/core/tcp.c ****   pcb->rcv_ann_right_edge = pcb->rcv_nxt;
 2633              		.loc 1 1152 35 is_stmt 0 view .LVU743
 2634 0056 4FF40663 		mov	r3, #2144
ARM GAS  /tmp/ccN9yVzV.s 			page 99


 2635 005a 6385     		strh	r3, [r4, #42]	@ movhi
1152:Middlewares/Third_Party/LwIP/src/core/tcp.c ****   pcb->rcv_ann_right_edge = pcb->rcv_nxt;
 2636              		.loc 1 1152 16 view .LVU744
 2637 005c 2385     		strh	r3, [r4, #40]	@ movhi
1153:Middlewares/Third_Party/LwIP/src/core/tcp.c ****   pcb->snd_wnd = TCP_WND;
 2638              		.loc 1 1153 3 is_stmt 1 view .LVU745
1153:Middlewares/Third_Party/LwIP/src/core/tcp.c ****   pcb->snd_wnd = TCP_WND;
 2639              		.loc 1 1153 27 is_stmt 0 view .LVU746
 2640 005e E162     		str	r1, [r4, #44]
1154:Middlewares/Third_Party/LwIP/src/core/tcp.c ****   /* As initial send MSS, we use TCP_MSS but limit it to 536.
 2641              		.loc 1 1154 3 is_stmt 1 view .LVU747
1154:Middlewares/Third_Party/LwIP/src/core/tcp.c ****   /* As initial send MSS, we use TCP_MSS but limit it to 536.
 2642              		.loc 1 1154 16 is_stmt 0 view .LVU748
 2643 0060 A4F86030 		strh	r3, [r4, #96]	@ movhi
1157:Middlewares/Third_Party/LwIP/src/core/tcp.c **** #if TCP_CALCULATE_EFF_SEND_MSS
 2644              		.loc 1 1157 3 is_stmt 1 view .LVU749
1157:Middlewares/Third_Party/LwIP/src/core/tcp.c **** #if TCP_CALCULATE_EFF_SEND_MSS
 2645              		.loc 1 1157 12 is_stmt 0 view .LVU750
 2646 0064 4FF40670 		mov	r0, #536
 2647 0068 6086     		strh	r0, [r4, #50]	@ movhi
1159:Middlewares/Third_Party/LwIP/src/core/tcp.c **** #endif /* TCP_CALCULATE_EFF_SEND_MSS */
 2648              		.loc 1 1159 3 is_stmt 1 view .LVU751
1159:Middlewares/Third_Party/LwIP/src/core/tcp.c **** #endif /* TCP_CALCULATE_EFF_SEND_MSS */
 2649              		.loc 1 1159 14 is_stmt 0 view .LVU752
 2650 006a 221D     		adds	r2, r4, #4
 2651 006c 2946     		mov	r1, r5
 2652 006e FFF7FEFF 		bl	tcp_eff_send_mss_netif
 2653              	.LVL257:
1159:Middlewares/Third_Party/LwIP/src/core/tcp.c **** #endif /* TCP_CALCULATE_EFF_SEND_MSS */
 2654              		.loc 1 1159 12 discriminator 1 view .LVU753
 2655 0072 6086     		strh	r0, [r4, #50]	@ movhi
1161:Middlewares/Third_Party/LwIP/src/core/tcp.c **** #if LWIP_CALLBACK_API
 2656              		.loc 1 1161 3 is_stmt 1 view .LVU754
1161:Middlewares/Third_Party/LwIP/src/core/tcp.c **** #if LWIP_CALLBACK_API
 2657              		.loc 1 1161 13 is_stmt 0 view .LVU755
 2658 0074 0123     		movs	r3, #1
 2659 0076 A4F84830 		strh	r3, [r4, #72]	@ movhi
1163:Middlewares/Third_Party/LwIP/src/core/tcp.c **** #else /* LWIP_CALLBACK_API */
 2660              		.loc 1 1163 3 is_stmt 1 view .LVU756
1163:Middlewares/Third_Party/LwIP/src/core/tcp.c **** #else /* LWIP_CALLBACK_API */
 2661              		.loc 1 1163 18 is_stmt 0 view .LVU757
 2662 007a C4F88860 		str	r6, [r4, #136]
1169:Middlewares/Third_Party/LwIP/src/core/tcp.c ****   if (ret == ERR_OK) {
 2663              		.loc 1 1169 3 is_stmt 1 view .LVU758
1169:Middlewares/Third_Party/LwIP/src/core/tcp.c ****   if (ret == ERR_OK) {
 2664              		.loc 1 1169 9 is_stmt 0 view .LVU759
 2665 007e 0221     		movs	r1, #2
 2666 0080 2046     		mov	r0, r4
 2667 0082 FFF7FEFF 		bl	tcp_enqueue_flags
 2668              	.LVL258:
1170:Middlewares/Third_Party/LwIP/src/core/tcp.c ****     /* SYN segment was enqueued, changed the pcbs state now */
 2669              		.loc 1 1170 3 is_stmt 1 view .LVU760
1170:Middlewares/Third_Party/LwIP/src/core/tcp.c ****     /* SYN segment was enqueued, changed the pcbs state now */
 2670              		.loc 1 1170 6 is_stmt 0 view .LVU761
 2671 0086 0546     		mov	r5, r0
 2672              	.LVL259:
1170:Middlewares/Third_Party/LwIP/src/core/tcp.c ****     /* SYN segment was enqueued, changed the pcbs state now */
ARM GAS  /tmp/ccN9yVzV.s 			page 100


 2673              		.loc 1 1170 6 view .LVU762
 2674 0088 0028     		cmp	r0, #0
 2675 008a 44D1     		bne	.L251
1172:Middlewares/Third_Party/LwIP/src/core/tcp.c ****     if (old_local_port != 0) {
 2676              		.loc 1 1172 5 is_stmt 1 view .LVU763
1172:Middlewares/Third_Party/LwIP/src/core/tcp.c ****     if (old_local_port != 0) {
 2677              		.loc 1 1172 16 is_stmt 0 view .LVU764
 2678 008c 0223     		movs	r3, #2
 2679 008e 2375     		strb	r3, [r4, #20]
1173:Middlewares/Third_Party/LwIP/src/core/tcp.c ****       TCP_RMV(&tcp_bound_pcbs, pcb);
 2680              		.loc 1 1173 5 is_stmt 1 view .LVU765
1173:Middlewares/Third_Party/LwIP/src/core/tcp.c ****       TCP_RMV(&tcp_bound_pcbs, pcb);
 2681              		.loc 1 1173 8 is_stmt 0 view .LVU766
 2682 0090 002F     		cmp	r7, #0
 2683 0092 34D0     		beq	.L259
1174:Middlewares/Third_Party/LwIP/src/core/tcp.c ****     }
 2684              		.loc 1 1174 7 is_stmt 1 view .LVU767
1174:Middlewares/Third_Party/LwIP/src/core/tcp.c ****     }
 2685              		.loc 1 1174 7 view .LVU768
 2686 0094 244B     		ldr	r3, .L272
 2687 0096 1B68     		ldr	r3, [r3]
 2688 0098 A342     		cmp	r3, r4
 2689 009a 28D0     		beq	.L270
 2690              	.L260:
 2691              	.LVL260:
 2692              	.LBB11:
1174:Middlewares/Third_Party/LwIP/src/core/tcp.c ****     }
 2693              		.loc 1 1174 7 discriminator 8 view .LVU769
 2694 009c 6BB3     		cbz	r3, .L261
1174:Middlewares/Third_Party/LwIP/src/core/tcp.c ****     }
 2695              		.loc 1 1174 7 discriminator 9 view .LVU770
 2696 009e DA68     		ldr	r2, [r3, #12]
 2697 00a0 A242     		cmp	r2, r4
 2698 00a2 28D0     		beq	.L271
1174:Middlewares/Third_Party/LwIP/src/core/tcp.c ****     }
 2699              		.loc 1 1174 7 is_stmt 0 discriminator 6 view .LVU771
 2700 00a4 1346     		mov	r3, r2
 2701              	.LVL261:
1174:Middlewares/Third_Party/LwIP/src/core/tcp.c ****     }
 2702              		.loc 1 1174 7 discriminator 6 view .LVU772
 2703 00a6 F9E7     		b	.L260
 2704              	.LVL262:
 2705              	.L267:
1174:Middlewares/Third_Party/LwIP/src/core/tcp.c ****     }
 2706              		.loc 1 1174 7 discriminator 6 view .LVU773
 2707              	.LBE11:
1077:Middlewares/Third_Party/LwIP/src/core/tcp.c ****   LWIP_ERROR("tcp_connect: invalid ipaddr", ipaddr != NULL, return ERR_ARG);
 2708              		.loc 1 1077 3 is_stmt 1 discriminator 1 view .LVU774
1077:Middlewares/Third_Party/LwIP/src/core/tcp.c ****   LWIP_ERROR("tcp_connect: invalid ipaddr", ipaddr != NULL, return ERR_ARG);
 2709              		.loc 1 1077 3 discriminator 1 view .LVU775
 2710 00a8 204B     		ldr	r3, .L272+4
 2711              	.LVL263:
1077:Middlewares/Third_Party/LwIP/src/core/tcp.c ****   LWIP_ERROR("tcp_connect: invalid ipaddr", ipaddr != NULL, return ERR_ARG);
 2712              		.loc 1 1077 3 is_stmt 0 discriminator 1 view .LVU776
 2713 00aa 40F23542 		movw	r2, #1077
 2714              	.LVL264:
1077:Middlewares/Third_Party/LwIP/src/core/tcp.c ****   LWIP_ERROR("tcp_connect: invalid ipaddr", ipaddr != NULL, return ERR_ARG);
ARM GAS  /tmp/ccN9yVzV.s 			page 101


 2715              		.loc 1 1077 3 discriminator 1 view .LVU777
 2716 00ae 2049     		ldr	r1, .L272+8
 2717              	.LVL265:
1077:Middlewares/Third_Party/LwIP/src/core/tcp.c ****   LWIP_ERROR("tcp_connect: invalid ipaddr", ipaddr != NULL, return ERR_ARG);
 2718              		.loc 1 1077 3 discriminator 1 view .LVU778
 2719 00b0 2048     		ldr	r0, .L272+12
 2720              	.LVL266:
1077:Middlewares/Third_Party/LwIP/src/core/tcp.c ****   LWIP_ERROR("tcp_connect: invalid ipaddr", ipaddr != NULL, return ERR_ARG);
 2721              		.loc 1 1077 3 discriminator 1 view .LVU779
 2722 00b2 FFF7FEFF 		bl	printf
 2723              	.LVL267:
1077:Middlewares/Third_Party/LwIP/src/core/tcp.c ****   LWIP_ERROR("tcp_connect: invalid ipaddr", ipaddr != NULL, return ERR_ARG);
 2724              		.loc 1 1077 3 is_stmt 1 discriminator 1 view .LVU780
1077:Middlewares/Third_Party/LwIP/src/core/tcp.c ****   LWIP_ERROR("tcp_connect: invalid ipaddr", ipaddr != NULL, return ERR_ARG);
 2725              		.loc 1 1077 3 discriminator 1 view .LVU781
 2726 00b6 6FF00F05 		mvn	r5, #15
1077:Middlewares/Third_Party/LwIP/src/core/tcp.c ****   LWIP_ERROR("tcp_connect: invalid ipaddr", ipaddr != NULL, return ERR_ARG);
 2727              		.loc 1 1077 3 is_stmt 0 view .LVU782
 2728 00ba 2CE0     		b	.L251
 2729              	.LVL268:
 2730              	.L268:
1078:Middlewares/Third_Party/LwIP/src/core/tcp.c **** 
 2731              		.loc 1 1078 3 is_stmt 1 discriminator 1 view .LVU783
1078:Middlewares/Third_Party/LwIP/src/core/tcp.c **** 
 2732              		.loc 1 1078 3 discriminator 1 view .LVU784
 2733 00bc 1B4B     		ldr	r3, .L272+4
 2734              	.LVL269:
1078:Middlewares/Third_Party/LwIP/src/core/tcp.c **** 
 2735              		.loc 1 1078 3 is_stmt 0 discriminator 1 view .LVU785
 2736 00be 40F23642 		movw	r2, #1078
 2737              	.LVL270:
1078:Middlewares/Third_Party/LwIP/src/core/tcp.c **** 
 2738              		.loc 1 1078 3 discriminator 1 view .LVU786
 2739 00c2 1D49     		ldr	r1, .L272+16
 2740              	.LVL271:
1078:Middlewares/Third_Party/LwIP/src/core/tcp.c **** 
 2741              		.loc 1 1078 3 discriminator 1 view .LVU787
 2742 00c4 1B48     		ldr	r0, .L272+12
 2743              	.LVL272:
1078:Middlewares/Third_Party/LwIP/src/core/tcp.c **** 
 2744              		.loc 1 1078 3 discriminator 1 view .LVU788
 2745 00c6 FFF7FEFF 		bl	printf
 2746              	.LVL273:
1078:Middlewares/Third_Party/LwIP/src/core/tcp.c **** 
 2747              		.loc 1 1078 3 is_stmt 1 discriminator 1 view .LVU789
1078:Middlewares/Third_Party/LwIP/src/core/tcp.c **** 
 2748              		.loc 1 1078 3 discriminator 1 view .LVU790
 2749 00ca 6FF00F05 		mvn	r5, #15
1078:Middlewares/Third_Party/LwIP/src/core/tcp.c **** 
 2750              		.loc 1 1078 3 is_stmt 0 view .LVU791
 2751 00ce 22E0     		b	.L251
 2752              	.LVL274:
 2753              	.L269:
1080:Middlewares/Third_Party/LwIP/src/core/tcp.c **** 
 2754              		.loc 1 1080 3 is_stmt 1 discriminator 1 view .LVU792
1080:Middlewares/Third_Party/LwIP/src/core/tcp.c **** 
 2755              		.loc 1 1080 3 discriminator 1 view .LVU793
ARM GAS  /tmp/ccN9yVzV.s 			page 102


 2756 00d0 164B     		ldr	r3, .L272+4
 2757 00d2 4FF48762 		mov	r2, #1080
 2758              	.LVL275:
1080:Middlewares/Third_Party/LwIP/src/core/tcp.c **** 
 2759              		.loc 1 1080 3 is_stmt 0 discriminator 1 view .LVU794
 2760 00d6 1949     		ldr	r1, .L272+20
 2761              	.LVL276:
1080:Middlewares/Third_Party/LwIP/src/core/tcp.c **** 
 2762              		.loc 1 1080 3 discriminator 1 view .LVU795
 2763 00d8 1648     		ldr	r0, .L272+12
 2764              	.LVL277:
1080:Middlewares/Third_Party/LwIP/src/core/tcp.c **** 
 2765              		.loc 1 1080 3 discriminator 1 view .LVU796
 2766 00da FFF7FEFF 		bl	printf
 2767              	.LVL278:
1080:Middlewares/Third_Party/LwIP/src/core/tcp.c **** 
 2768              		.loc 1 1080 3 is_stmt 1 discriminator 1 view .LVU797
1080:Middlewares/Third_Party/LwIP/src/core/tcp.c **** 
 2769              		.loc 1 1080 3 discriminator 1 view .LVU798
 2770 00de 6FF00905 		mvn	r5, #9
1080:Middlewares/Third_Party/LwIP/src/core/tcp.c **** 
 2771              		.loc 1 1080 3 is_stmt 0 view .LVU799
 2772 00e2 18E0     		b	.L251
 2773              	.LVL279:
 2774              	.L254:
1090:Middlewares/Third_Party/LwIP/src/core/tcp.c ****   }
 2775              		.loc 1 1090 5 is_stmt 1 view .LVU800
1090:Middlewares/Third_Party/LwIP/src/core/tcp.c ****   }
 2776              		.loc 1 1090 13 is_stmt 0 view .LVU801
 2777 00e4 201D     		adds	r0, r4, #4
 2778 00e6 FFF7FEFF 		bl	ip4_route
 2779              	.LVL280:
1090:Middlewares/Third_Party/LwIP/src/core/tcp.c ****   }
 2780              		.loc 1 1090 13 view .LVU802
 2781 00ea 0546     		mov	r5, r0
 2782 00ec 9BE7     		b	.L255
 2783              	.LVL281:
 2784              	.L270:
1174:Middlewares/Third_Party/LwIP/src/core/tcp.c ****     }
 2785              		.loc 1 1174 7 is_stmt 1 discriminator 1 view .LVU803
 2786 00ee DA68     		ldr	r2, [r3, #12]
 2787 00f0 0D4B     		ldr	r3, .L272
 2788 00f2 1A60     		str	r2, [r3]
 2789 00f4 01E0     		b	.L261
 2790              	.LVL282:
 2791              	.L271:
 2792              	.LBB12:
1174:Middlewares/Third_Party/LwIP/src/core/tcp.c ****     }
 2793              		.loc 1 1174 7 discriminator 5 view .LVU804
 2794 00f6 E268     		ldr	r2, [r4, #12]
 2795 00f8 DA60     		str	r2, [r3, #12]
1174:Middlewares/Third_Party/LwIP/src/core/tcp.c ****     }
 2796              		.loc 1 1174 7 view .LVU805
 2797              	.LVL283:
 2798              	.L261:
1174:Middlewares/Third_Party/LwIP/src/core/tcp.c ****     }
 2799              		.loc 1 1174 7 is_stmt 0 view .LVU806
ARM GAS  /tmp/ccN9yVzV.s 			page 103


 2800              	.LBE12:
1174:Middlewares/Third_Party/LwIP/src/core/tcp.c ****     }
 2801              		.loc 1 1174 7 is_stmt 1 discriminator 10 view .LVU807
 2802 00fa 0023     		movs	r3, #0
 2803 00fc E360     		str	r3, [r4, #12]
 2804              	.L259:
1174:Middlewares/Third_Party/LwIP/src/core/tcp.c ****     }
 2805              		.loc 1 1174 7 discriminator 11 view .LVU808
1176:Middlewares/Third_Party/LwIP/src/core/tcp.c ****     MIB2_STATS_INC(mib2.tcpactiveopens);
 2806              		.loc 1 1176 5 view .LVU809
1176:Middlewares/Third_Party/LwIP/src/core/tcp.c ****     MIB2_STATS_INC(mib2.tcpactiveopens);
 2807              		.loc 1 1176 5 view .LVU810
1176:Middlewares/Third_Party/LwIP/src/core/tcp.c ****     MIB2_STATS_INC(mib2.tcpactiveopens);
 2808              		.loc 1 1176 5 view .LVU811
 2809 00fe 104B     		ldr	r3, .L272+24
 2810 0100 1A68     		ldr	r2, [r3]
 2811 0102 E260     		str	r2, [r4, #12]
1176:Middlewares/Third_Party/LwIP/src/core/tcp.c ****     MIB2_STATS_INC(mib2.tcpactiveopens);
 2812              		.loc 1 1176 5 view .LVU812
 2813 0104 1C60     		str	r4, [r3]
1176:Middlewares/Third_Party/LwIP/src/core/tcp.c ****     MIB2_STATS_INC(mib2.tcpactiveopens);
 2814              		.loc 1 1176 5 view .LVU813
 2815 0106 FFF7FEFF 		bl	tcp_timer_needed
 2816              	.LVL284:
1176:Middlewares/Third_Party/LwIP/src/core/tcp.c ****     MIB2_STATS_INC(mib2.tcpactiveopens);
 2817              		.loc 1 1176 5 discriminator 1 view .LVU814
1176:Middlewares/Third_Party/LwIP/src/core/tcp.c ****     MIB2_STATS_INC(mib2.tcpactiveopens);
 2818              		.loc 1 1176 5 discriminator 1 view .LVU815
 2819 010a 0E4B     		ldr	r3, .L272+28
 2820 010c 0122     		movs	r2, #1
 2821 010e 1A70     		strb	r2, [r3]
1176:Middlewares/Third_Party/LwIP/src/core/tcp.c ****     MIB2_STATS_INC(mib2.tcpactiveopens);
 2822              		.loc 1 1176 5 discriminator 1 view .LVU816
1177:Middlewares/Third_Party/LwIP/src/core/tcp.c **** 
 2823              		.loc 1 1177 40 view .LVU817
1179:Middlewares/Third_Party/LwIP/src/core/tcp.c ****   }
 2824              		.loc 1 1179 5 view .LVU818
 2825 0110 2046     		mov	r0, r4
 2826 0112 FFF7FEFF 		bl	tcp_output
 2827              	.LVL285:
 2828              	.L251:
1182:Middlewares/Third_Party/LwIP/src/core/tcp.c **** 
 2829              		.loc 1 1182 1 is_stmt 0 view .LVU819
 2830 0116 2846     		mov	r0, r5
 2831 0118 F8BD     		pop	{r3, r4, r5, r6, r7, pc}
 2832              	.LVL286:
 2833              	.L263:
1094:Middlewares/Third_Party/LwIP/src/core/tcp.c ****   }
 2834              		.loc 1 1094 12 view .LVU820
 2835 011a 6FF00305 		mvn	r5, #3
 2836              	.LVL287:
1094:Middlewares/Third_Party/LwIP/src/core/tcp.c ****   }
 2837              		.loc 1 1094 12 view .LVU821
 2838 011e FAE7     		b	.L251
 2839              	.LVL288:
 2840              	.L264:
1119:Middlewares/Third_Party/LwIP/src/core/tcp.c ****     }
ARM GAS  /tmp/ccN9yVzV.s 			page 104


 2841              		.loc 1 1119 14 view .LVU822
 2842 0120 6FF00105 		mvn	r5, #1
 2843              	.LVL289:
1119:Middlewares/Third_Party/LwIP/src/core/tcp.c ****     }
 2844              		.loc 1 1119 14 view .LVU823
 2845 0124 F7E7     		b	.L251
 2846              	.L273:
 2847 0126 00BF     		.align	2
 2848              	.L272:
 2849 0128 00000000 		.word	tcp_bound_pcbs
 2850 012c 00000000 		.word	.LC0
 2851 0130 00000000 		.word	.LC24
 2852 0134 54000000 		.word	.LC2
 2853 0138 1C000000 		.word	.LC25
 2854 013c 38000000 		.word	.LC26
 2855 0140 00000000 		.word	tcp_active_pcbs
 2856 0144 00000000 		.word	tcp_active_pcbs_changed
 2857              		.cfi_endproc
 2858              	.LFE176:
 2860              		.section	.text.tcp_debug_state_str,"ax",%progbits
 2861              		.align	1
 2862              		.global	tcp_debug_state_str
 2863              		.syntax unified
 2864              		.thumb
 2865              		.thumb_func
 2867              	tcp_debug_state_str:
 2868              	.LVL290:
 2869              	.LFB205:
2295:Middlewares/Third_Party/LwIP/src/core/tcp.c **** #endif /* TCP_CALCULATE_EFF_SEND_MSS */
2296:Middlewares/Third_Party/LwIP/src/core/tcp.c **** 
2297:Middlewares/Third_Party/LwIP/src/core/tcp.c **** /** Helper function for tcp_netif_ip_addr_changed() that iterates a pcb list */
2298:Middlewares/Third_Party/LwIP/src/core/tcp.c **** static void
2299:Middlewares/Third_Party/LwIP/src/core/tcp.c **** tcp_netif_ip_addr_changed_pcblist(const ip_addr_t *old_addr, struct tcp_pcb *pcb_list)
2300:Middlewares/Third_Party/LwIP/src/core/tcp.c **** {
2301:Middlewares/Third_Party/LwIP/src/core/tcp.c ****   struct tcp_pcb *pcb;
2302:Middlewares/Third_Party/LwIP/src/core/tcp.c ****   pcb = pcb_list;
2303:Middlewares/Third_Party/LwIP/src/core/tcp.c **** 
2304:Middlewares/Third_Party/LwIP/src/core/tcp.c ****   LWIP_ASSERT("tcp_netif_ip_addr_changed_pcblist: invalid old_addr", old_addr != NULL);
2305:Middlewares/Third_Party/LwIP/src/core/tcp.c **** 
2306:Middlewares/Third_Party/LwIP/src/core/tcp.c ****   while (pcb != NULL) {
2307:Middlewares/Third_Party/LwIP/src/core/tcp.c ****     /* PCB bound to current local interface address? */
2308:Middlewares/Third_Party/LwIP/src/core/tcp.c ****     if (ip_addr_cmp(&pcb->local_ip, old_addr)
2309:Middlewares/Third_Party/LwIP/src/core/tcp.c **** #if LWIP_AUTOIP
2310:Middlewares/Third_Party/LwIP/src/core/tcp.c ****         /* connections to link-local addresses must persist (RFC3927 ch. 1.9) */
2311:Middlewares/Third_Party/LwIP/src/core/tcp.c ****         && (!IP_IS_V4_VAL(pcb->local_ip) || !ip4_addr_islinklocal(ip_2_ip4(&pcb->local_ip)))
2312:Middlewares/Third_Party/LwIP/src/core/tcp.c **** #endif /* LWIP_AUTOIP */
2313:Middlewares/Third_Party/LwIP/src/core/tcp.c ****        ) {
2314:Middlewares/Third_Party/LwIP/src/core/tcp.c ****       /* this connection must be aborted */
2315:Middlewares/Third_Party/LwIP/src/core/tcp.c ****       struct tcp_pcb *next = pcb->next;
2316:Middlewares/Third_Party/LwIP/src/core/tcp.c ****       LWIP_DEBUGF(NETIF_DEBUG | LWIP_DBG_STATE, ("netif_set_ipaddr: aborting TCP pcb %p\n", (void *
2317:Middlewares/Third_Party/LwIP/src/core/tcp.c ****       tcp_abort(pcb);
2318:Middlewares/Third_Party/LwIP/src/core/tcp.c ****       pcb = next;
2319:Middlewares/Third_Party/LwIP/src/core/tcp.c ****     } else {
2320:Middlewares/Third_Party/LwIP/src/core/tcp.c ****       pcb = pcb->next;
2321:Middlewares/Third_Party/LwIP/src/core/tcp.c ****     }
2322:Middlewares/Third_Party/LwIP/src/core/tcp.c ****   }
2323:Middlewares/Third_Party/LwIP/src/core/tcp.c **** }
ARM GAS  /tmp/ccN9yVzV.s 			page 105


2324:Middlewares/Third_Party/LwIP/src/core/tcp.c **** 
2325:Middlewares/Third_Party/LwIP/src/core/tcp.c **** /** This function is called from netif.c when address is changed or netif is removed
2326:Middlewares/Third_Party/LwIP/src/core/tcp.c ****  *
2327:Middlewares/Third_Party/LwIP/src/core/tcp.c ****  * @param old_addr IP address of the netif before change
2328:Middlewares/Third_Party/LwIP/src/core/tcp.c ****  * @param new_addr IP address of the netif after change or NULL if netif has been removed
2329:Middlewares/Third_Party/LwIP/src/core/tcp.c ****  */
2330:Middlewares/Third_Party/LwIP/src/core/tcp.c **** void
2331:Middlewares/Third_Party/LwIP/src/core/tcp.c **** tcp_netif_ip_addr_changed(const ip_addr_t *old_addr, const ip_addr_t *new_addr)
2332:Middlewares/Third_Party/LwIP/src/core/tcp.c **** {
2333:Middlewares/Third_Party/LwIP/src/core/tcp.c ****   struct tcp_pcb_listen *lpcb;
2334:Middlewares/Third_Party/LwIP/src/core/tcp.c **** 
2335:Middlewares/Third_Party/LwIP/src/core/tcp.c ****   if (!ip_addr_isany(old_addr)) {
2336:Middlewares/Third_Party/LwIP/src/core/tcp.c ****     tcp_netif_ip_addr_changed_pcblist(old_addr, tcp_active_pcbs);
2337:Middlewares/Third_Party/LwIP/src/core/tcp.c ****     tcp_netif_ip_addr_changed_pcblist(old_addr, tcp_bound_pcbs);
2338:Middlewares/Third_Party/LwIP/src/core/tcp.c **** 
2339:Middlewares/Third_Party/LwIP/src/core/tcp.c ****     if (!ip_addr_isany(new_addr)) {
2340:Middlewares/Third_Party/LwIP/src/core/tcp.c ****       /* PCB bound to current local interface address? */
2341:Middlewares/Third_Party/LwIP/src/core/tcp.c ****       for (lpcb = tcp_listen_pcbs.listen_pcbs; lpcb != NULL; lpcb = lpcb->next) {
2342:Middlewares/Third_Party/LwIP/src/core/tcp.c ****         /* PCB bound to current local interface address? */
2343:Middlewares/Third_Party/LwIP/src/core/tcp.c ****         if (ip_addr_cmp(&lpcb->local_ip, old_addr)) {
2344:Middlewares/Third_Party/LwIP/src/core/tcp.c ****           /* The PCB is listening to the old ipaddr and
2345:Middlewares/Third_Party/LwIP/src/core/tcp.c ****             * is set to listen to the new one instead */
2346:Middlewares/Third_Party/LwIP/src/core/tcp.c ****           ip_addr_copy(lpcb->local_ip, *new_addr);
2347:Middlewares/Third_Party/LwIP/src/core/tcp.c ****         }
2348:Middlewares/Third_Party/LwIP/src/core/tcp.c ****       }
2349:Middlewares/Third_Party/LwIP/src/core/tcp.c ****     }
2350:Middlewares/Third_Party/LwIP/src/core/tcp.c ****   }
2351:Middlewares/Third_Party/LwIP/src/core/tcp.c **** }
2352:Middlewares/Third_Party/LwIP/src/core/tcp.c **** 
2353:Middlewares/Third_Party/LwIP/src/core/tcp.c **** const char *
2354:Middlewares/Third_Party/LwIP/src/core/tcp.c **** tcp_debug_state_str(enum tcp_state s)
2355:Middlewares/Third_Party/LwIP/src/core/tcp.c **** {
 2870              		.loc 1 2355 1 is_stmt 1 view -0
 2871              		.cfi_startproc
 2872              		@ args = 0, pretend = 0, frame = 0
 2873              		@ frame_needed = 0, uses_anonymous_args = 0
 2874              		@ link register save eliminated.
2356:Middlewares/Third_Party/LwIP/src/core/tcp.c ****   return tcp_state_str[s];
 2875              		.loc 1 2356 3 view .LVU825
2357:Middlewares/Third_Party/LwIP/src/core/tcp.c **** }
 2876              		.loc 1 2357 1 is_stmt 0 view .LVU826
 2877 0000 014B     		ldr	r3, .L275
 2878 0002 53F82000 		ldr	r0, [r3, r0, lsl #2]
 2879              	.LVL291:
 2880              		.loc 1 2357 1 view .LVU827
 2881 0006 7047     		bx	lr
 2882              	.L276:
 2883              		.align	2
 2884              	.L275:
 2885 0008 00000000 		.word	tcp_state_str
 2886              		.cfi_endproc
 2887              	.LFE205:
 2889              		.section	.text.tcp_tcp_get_tcp_addrinfo,"ax",%progbits
 2890              		.align	1
 2891              		.global	tcp_tcp_get_tcp_addrinfo
 2892              		.syntax unified
 2893              		.thumb
ARM GAS  /tmp/ccN9yVzV.s 			page 106


 2894              		.thumb_func
 2896              	tcp_tcp_get_tcp_addrinfo:
 2897              	.LVL292:
 2898              	.LFB206:
2358:Middlewares/Third_Party/LwIP/src/core/tcp.c **** 
2359:Middlewares/Third_Party/LwIP/src/core/tcp.c **** err_t
2360:Middlewares/Third_Party/LwIP/src/core/tcp.c **** tcp_tcp_get_tcp_addrinfo(struct tcp_pcb *pcb, int local, ip_addr_t *addr, u16_t *port)
2361:Middlewares/Third_Party/LwIP/src/core/tcp.c **** {
 2899              		.loc 1 2361 1 is_stmt 1 view -0
 2900              		.cfi_startproc
 2901              		@ args = 0, pretend = 0, frame = 0
 2902              		@ frame_needed = 0, uses_anonymous_args = 0
 2903              		@ link register save eliminated.
2362:Middlewares/Third_Party/LwIP/src/core/tcp.c ****   if (pcb) {
 2904              		.loc 1 2362 3 view .LVU829
 2905              		.loc 1 2362 6 is_stmt 0 view .LVU830
 2906 0000 8446     		mov	ip, r0
 2907 0002 90B1     		cbz	r0, .L283
2363:Middlewares/Third_Party/LwIP/src/core/tcp.c ****     if (local) {
 2908              		.loc 1 2363 5 is_stmt 1 view .LVU831
 2909              		.loc 1 2363 8 is_stmt 0 view .LVU832
 2910 0004 41B1     		cbz	r1, .L279
2364:Middlewares/Third_Party/LwIP/src/core/tcp.c ****       if (addr) {
 2911              		.loc 1 2364 7 is_stmt 1 view .LVU833
 2912              		.loc 1 2364 10 is_stmt 0 view .LVU834
 2913 0006 0AB1     		cbz	r2, .L280
2365:Middlewares/Third_Party/LwIP/src/core/tcp.c ****         *addr = pcb->local_ip;
 2914              		.loc 1 2365 9 is_stmt 1 view .LVU835
 2915              		.loc 1 2365 15 is_stmt 0 view .LVU836
 2916 0008 0168     		ldr	r1, [r0]
 2917              	.LVL293:
 2918              		.loc 1 2365 15 view .LVU837
 2919 000a 1160     		str	r1, [r2]
 2920              	.L280:
2366:Middlewares/Third_Party/LwIP/src/core/tcp.c ****       }
2367:Middlewares/Third_Party/LwIP/src/core/tcp.c ****       if (port) {
 2921              		.loc 1 2367 7 is_stmt 1 view .LVU838
 2922              		.loc 1 2367 10 is_stmt 0 view .LVU839
 2923 000c 13B1     		cbz	r3, .L281
2368:Middlewares/Third_Party/LwIP/src/core/tcp.c ****         *port = pcb->local_port;
 2924              		.loc 1 2368 9 is_stmt 1 view .LVU840
 2925              		.loc 1 2368 20 is_stmt 0 view .LVU841
 2926 000e BCF81620 		ldrh	r2, [ip, #22]
 2927              	.LVL294:
 2928              		.loc 1 2368 15 view .LVU842
 2929 0012 1A80     		strh	r2, [r3]	@ movhi
 2930              	.L281:
2369:Middlewares/Third_Party/LwIP/src/core/tcp.c ****       }
2370:Middlewares/Third_Party/LwIP/src/core/tcp.c ****     } else {
2371:Middlewares/Third_Party/LwIP/src/core/tcp.c ****       if (addr) {
2372:Middlewares/Third_Party/LwIP/src/core/tcp.c ****         *addr = pcb->remote_ip;
2373:Middlewares/Third_Party/LwIP/src/core/tcp.c ****       }
2374:Middlewares/Third_Party/LwIP/src/core/tcp.c ****       if (port) {
2375:Middlewares/Third_Party/LwIP/src/core/tcp.c ****         *port = pcb->remote_port;
2376:Middlewares/Third_Party/LwIP/src/core/tcp.c ****       }
2377:Middlewares/Third_Party/LwIP/src/core/tcp.c ****     }
2378:Middlewares/Third_Party/LwIP/src/core/tcp.c ****     return ERR_OK;
ARM GAS  /tmp/ccN9yVzV.s 			page 107


 2931              		.loc 1 2378 5 is_stmt 1 view .LVU843
 2932              		.loc 1 2378 12 is_stmt 0 view .LVU844
 2933 0014 0020     		movs	r0, #0
 2934              	.LVL295:
 2935              		.loc 1 2378 12 view .LVU845
 2936 0016 7047     		bx	lr
 2937              	.LVL296:
 2938              	.L279:
2371:Middlewares/Third_Party/LwIP/src/core/tcp.c ****         *addr = pcb->remote_ip;
 2939              		.loc 1 2371 7 is_stmt 1 view .LVU846
2371:Middlewares/Third_Party/LwIP/src/core/tcp.c ****         *addr = pcb->remote_ip;
 2940              		.loc 1 2371 10 is_stmt 0 view .LVU847
 2941 0018 0AB1     		cbz	r2, .L282
2372:Middlewares/Third_Party/LwIP/src/core/tcp.c ****       }
 2942              		.loc 1 2372 9 is_stmt 1 view .LVU848
2372:Middlewares/Third_Party/LwIP/src/core/tcp.c ****       }
 2943              		.loc 1 2372 15 is_stmt 0 view .LVU849
 2944 001a 4168     		ldr	r1, [r0, #4]
 2945              	.LVL297:
2372:Middlewares/Third_Party/LwIP/src/core/tcp.c ****       }
 2946              		.loc 1 2372 15 view .LVU850
 2947 001c 1160     		str	r1, [r2]
 2948              	.L282:
2374:Middlewares/Third_Party/LwIP/src/core/tcp.c ****         *port = pcb->remote_port;
 2949              		.loc 1 2374 7 is_stmt 1 view .LVU851
2374:Middlewares/Third_Party/LwIP/src/core/tcp.c ****         *port = pcb->remote_port;
 2950              		.loc 1 2374 10 is_stmt 0 view .LVU852
 2951 001e 002B     		cmp	r3, #0
 2952 0020 F8D0     		beq	.L281
2375:Middlewares/Third_Party/LwIP/src/core/tcp.c ****       }
 2953              		.loc 1 2375 9 is_stmt 1 view .LVU853
2375:Middlewares/Third_Party/LwIP/src/core/tcp.c ****       }
 2954              		.loc 1 2375 20 is_stmt 0 view .LVU854
 2955 0022 BCF81820 		ldrh	r2, [ip, #24]
 2956              	.LVL298:
2375:Middlewares/Third_Party/LwIP/src/core/tcp.c ****       }
 2957              		.loc 1 2375 15 view .LVU855
 2958 0026 1A80     		strh	r2, [r3]	@ movhi
 2959 0028 F4E7     		b	.L281
 2960              	.LVL299:
 2961              	.L283:
2379:Middlewares/Third_Party/LwIP/src/core/tcp.c ****   }
2380:Middlewares/Third_Party/LwIP/src/core/tcp.c ****   return ERR_VAL;
 2962              		.loc 1 2380 10 view .LVU856
 2963 002a 6FF00500 		mvn	r0, #5
 2964              	.LVL300:
2381:Middlewares/Third_Party/LwIP/src/core/tcp.c **** }
 2965              		.loc 1 2381 1 view .LVU857
 2966 002e 7047     		bx	lr
 2967              		.cfi_endproc
 2968              	.LFE206:
 2970              		.section	.text.tcp_free_ooseq,"ax",%progbits
 2971              		.align	1
 2972              		.global	tcp_free_ooseq
 2973              		.syntax unified
 2974              		.thumb
 2975              		.thumb_func
ARM GAS  /tmp/ccN9yVzV.s 			page 108


 2977              	tcp_free_ooseq:
 2978              	.LVL301:
 2979              	.LFB207:
2382:Middlewares/Third_Party/LwIP/src/core/tcp.c **** 
2383:Middlewares/Third_Party/LwIP/src/core/tcp.c **** #if TCP_QUEUE_OOSEQ
2384:Middlewares/Third_Party/LwIP/src/core/tcp.c **** /* Free all ooseq pbufs (and possibly reset SACK state) */
2385:Middlewares/Third_Party/LwIP/src/core/tcp.c **** void
2386:Middlewares/Third_Party/LwIP/src/core/tcp.c **** tcp_free_ooseq(struct tcp_pcb *pcb)
2387:Middlewares/Third_Party/LwIP/src/core/tcp.c **** {
 2980              		.loc 1 2387 1 is_stmt 1 view -0
 2981              		.cfi_startproc
 2982              		@ args = 0, pretend = 0, frame = 0
 2983              		@ frame_needed = 0, uses_anonymous_args = 0
 2984              		.loc 1 2387 1 is_stmt 0 view .LVU859
 2985 0000 10B5     		push	{r4, lr}
 2986              	.LCFI30:
 2987              		.cfi_def_cfa_offset 8
 2988              		.cfi_offset 4, -8
 2989              		.cfi_offset 14, -4
 2990 0002 0446     		mov	r4, r0
2388:Middlewares/Third_Party/LwIP/src/core/tcp.c ****   if (pcb->ooseq) {
 2991              		.loc 1 2388 3 is_stmt 1 view .LVU860
 2992              		.loc 1 2388 10 is_stmt 0 view .LVU861
 2993 0004 406F     		ldr	r0, [r0, #116]
 2994              	.LVL302:
 2995              		.loc 1 2388 6 view .LVU862
 2996 0006 18B1     		cbz	r0, .L284
2389:Middlewares/Third_Party/LwIP/src/core/tcp.c ****     tcp_segs_free(pcb->ooseq);
 2997              		.loc 1 2389 5 is_stmt 1 view .LVU863
 2998 0008 FFF7FEFF 		bl	tcp_segs_free
 2999              	.LVL303:
2390:Middlewares/Third_Party/LwIP/src/core/tcp.c ****     pcb->ooseq = NULL;
 3000              		.loc 1 2390 5 view .LVU864
 3001              		.loc 1 2390 16 is_stmt 0 view .LVU865
 3002 000c 0023     		movs	r3, #0
 3003 000e 6367     		str	r3, [r4, #116]
 3004              	.L284:
2391:Middlewares/Third_Party/LwIP/src/core/tcp.c **** #if LWIP_TCP_SACK_OUT
2392:Middlewares/Third_Party/LwIP/src/core/tcp.c ****     memset(pcb->rcv_sacks, 0, sizeof(pcb->rcv_sacks));
2393:Middlewares/Third_Party/LwIP/src/core/tcp.c **** #endif /* LWIP_TCP_SACK_OUT */
2394:Middlewares/Third_Party/LwIP/src/core/tcp.c ****   }
2395:Middlewares/Third_Party/LwIP/src/core/tcp.c **** }
 3005              		.loc 1 2395 1 view .LVU866
 3006 0010 10BD     		pop	{r4, pc}
 3007              		.loc 1 2395 1 view .LVU867
 3008              		.cfi_endproc
 3009              	.LFE207:
 3011              		.section	.rodata.tcp_pcb_purge.str1.4,"aMS",%progbits,1
 3012              		.align	2
 3013              	.LC27:
 3014 0000 7463705F 		.ascii	"tcp_pcb_purge: invalid pcb\000"
 3014      7063625F 
 3014      70757267 
 3014      653A2069 
 3014      6E76616C 
 3015              		.section	.text.tcp_pcb_purge,"ax",%progbits
 3016              		.align	1
ARM GAS  /tmp/ccN9yVzV.s 			page 109


 3017              		.global	tcp_pcb_purge
 3018              		.syntax unified
 3019              		.thumb
 3020              		.thumb_func
 3022              	tcp_pcb_purge:
 3023              	.LVL304:
 3024              	.LFB199:
2128:Middlewares/Third_Party/LwIP/src/core/tcp.c ****   LWIP_ERROR("tcp_pcb_purge: invalid pcb", pcb != NULL, return);
 3025              		.loc 1 2128 1 is_stmt 1 view -0
 3026              		.cfi_startproc
 3027              		@ args = 0, pretend = 0, frame = 0
 3028              		@ frame_needed = 0, uses_anonymous_args = 0
2128:Middlewares/Third_Party/LwIP/src/core/tcp.c ****   LWIP_ERROR("tcp_pcb_purge: invalid pcb", pcb != NULL, return);
 3029              		.loc 1 2128 1 is_stmt 0 view .LVU869
 3030 0000 10B5     		push	{r4, lr}
 3031              	.LCFI31:
 3032              		.cfi_def_cfa_offset 8
 3033              		.cfi_offset 4, -8
 3034              		.cfi_offset 14, -4
2129:Middlewares/Third_Party/LwIP/src/core/tcp.c **** 
 3035              		.loc 1 2129 3 is_stmt 1 view .LVU870
2129:Middlewares/Third_Party/LwIP/src/core/tcp.c **** 
 3036              		.loc 1 2129 3 view .LVU871
 3037 0002 00B3     		cbz	r0, .L293
 3038 0004 0446     		mov	r4, r0
2129:Middlewares/Third_Party/LwIP/src/core/tcp.c **** 
 3039              		.loc 1 2129 3 discriminator 2 view .LVU872
2131:Middlewares/Third_Party/LwIP/src/core/tcp.c ****       pcb->state != TIME_WAIT &&
 3040              		.loc 1 2131 3 view .LVU873
2131:Middlewares/Third_Party/LwIP/src/core/tcp.c ****       pcb->state != TIME_WAIT &&
 3041              		.loc 1 2131 10 is_stmt 0 view .LVU874
 3042 0006 037D     		ldrb	r3, [r0, #20]	@ zero_extendqisi2
2131:Middlewares/Third_Party/LwIP/src/core/tcp.c ****       pcb->state != TIME_WAIT &&
 3043              		.loc 1 2131 6 view .LVU875
 3044 0008 E3B1     		cbz	r3, .L287
2131:Middlewares/Third_Party/LwIP/src/core/tcp.c ****       pcb->state != TIME_WAIT &&
 3045              		.loc 1 2131 28 discriminator 1 view .LVU876
 3046 000a 0A2B     		cmp	r3, #10
 3047 000c 1AD0     		beq	.L287
2132:Middlewares/Third_Party/LwIP/src/core/tcp.c ****       pcb->state != LISTEN) {
 3048              		.loc 1 2132 31 view .LVU877
 3049 000e 012B     		cmp	r3, #1
 3050 0010 18D0     		beq	.L287
2135:Middlewares/Third_Party/LwIP/src/core/tcp.c **** 
 3051              		.loc 1 2135 5 is_stmt 1 view .LVU878
2135:Middlewares/Third_Party/LwIP/src/core/tcp.c **** 
 3052              		.loc 1 2135 5 view .LVU879
2135:Middlewares/Third_Party/LwIP/src/core/tcp.c **** 
 3053              		.loc 1 2135 5 discriminator 4 view .LVU880
2137:Middlewares/Third_Party/LwIP/src/core/tcp.c **** 
 3054              		.loc 1 2137 30 view .LVU881
2139:Middlewares/Third_Party/LwIP/src/core/tcp.c ****       LWIP_DEBUGF(TCP_DEBUG, ("tcp_pcb_purge: data left on ->refused_data\n"));
 3055              		.loc 1 2139 5 view .LVU882
2139:Middlewares/Third_Party/LwIP/src/core/tcp.c ****       LWIP_DEBUGF(TCP_DEBUG, ("tcp_pcb_purge: data left on ->refused_data\n"));
 3056              		.loc 1 2139 12 is_stmt 0 view .LVU883
 3057 0012 806F     		ldr	r0, [r0, #120]
 3058              	.LVL305:
ARM GAS  /tmp/ccN9yVzV.s 			page 110


2139:Middlewares/Third_Party/LwIP/src/core/tcp.c ****       LWIP_DEBUGF(TCP_DEBUG, ("tcp_pcb_purge: data left on ->refused_data\n"));
 3059              		.loc 1 2139 8 view .LVU884
 3060 0014 18B1     		cbz	r0, .L290
2140:Middlewares/Third_Party/LwIP/src/core/tcp.c ****       pbuf_free(pcb->refused_data);
 3061              		.loc 1 2140 7 is_stmt 1 view .LVU885
2140:Middlewares/Third_Party/LwIP/src/core/tcp.c ****       pbuf_free(pcb->refused_data);
 3062              		.loc 1 2140 7 view .LVU886
2140:Middlewares/Third_Party/LwIP/src/core/tcp.c ****       pbuf_free(pcb->refused_data);
 3063              		.loc 1 2140 7 discriminator 4 view .LVU887
2141:Middlewares/Third_Party/LwIP/src/core/tcp.c ****       pcb->refused_data = NULL;
 3064              		.loc 1 2141 7 view .LVU888
 3065 0016 FFF7FEFF 		bl	pbuf_free
 3066              	.LVL306:
2142:Middlewares/Third_Party/LwIP/src/core/tcp.c ****     }
 3067              		.loc 1 2142 7 view .LVU889
2142:Middlewares/Third_Party/LwIP/src/core/tcp.c ****     }
 3068              		.loc 1 2142 25 is_stmt 0 view .LVU890
 3069 001a 0023     		movs	r3, #0
 3070 001c A367     		str	r3, [r4, #120]
 3071              	.L290:
2144:Middlewares/Third_Party/LwIP/src/core/tcp.c ****       LWIP_DEBUGF(TCP_DEBUG, ("tcp_pcb_purge: not all data sent\n"));
 3072              		.loc 1 2144 5 is_stmt 1 view .LVU891
2145:Middlewares/Third_Party/LwIP/src/core/tcp.c ****     }
 3073              		.loc 1 2145 7 view .LVU892
2145:Middlewares/Third_Party/LwIP/src/core/tcp.c ****     }
 3074              		.loc 1 2145 7 view .LVU893
2145:Middlewares/Third_Party/LwIP/src/core/tcp.c ****     }
 3075              		.loc 1 2145 7 discriminator 4 view .LVU894
2147:Middlewares/Third_Party/LwIP/src/core/tcp.c ****       LWIP_DEBUGF(TCP_DEBUG, ("tcp_pcb_purge: data left on ->unacked\n"));
 3076              		.loc 1 2147 5 view .LVU895
2148:Middlewares/Third_Party/LwIP/src/core/tcp.c ****     }
 3077              		.loc 1 2148 7 view .LVU896
2148:Middlewares/Third_Party/LwIP/src/core/tcp.c ****     }
 3078              		.loc 1 2148 7 view .LVU897
2148:Middlewares/Third_Party/LwIP/src/core/tcp.c ****     }
 3079              		.loc 1 2148 7 discriminator 4 view .LVU898
2151:Middlewares/Third_Party/LwIP/src/core/tcp.c ****       LWIP_DEBUGF(TCP_DEBUG, ("tcp_pcb_purge: data left on ->ooseq\n"));
 3080              		.loc 1 2151 5 view .LVU899
2151:Middlewares/Third_Party/LwIP/src/core/tcp.c ****       LWIP_DEBUGF(TCP_DEBUG, ("tcp_pcb_purge: data left on ->ooseq\n"));
 3081              		.loc 1 2151 12 is_stmt 0 view .LVU900
 3082 001e 636F     		ldr	r3, [r4, #116]
2151:Middlewares/Third_Party/LwIP/src/core/tcp.c ****       LWIP_DEBUGF(TCP_DEBUG, ("tcp_pcb_purge: data left on ->ooseq\n"));
 3083              		.loc 1 2151 8 view .LVU901
 3084 0020 13B1     		cbz	r3, .L291
2152:Middlewares/Third_Party/LwIP/src/core/tcp.c ****       tcp_free_ooseq(pcb);
 3085              		.loc 1 2152 7 is_stmt 1 view .LVU902
2152:Middlewares/Third_Party/LwIP/src/core/tcp.c ****       tcp_free_ooseq(pcb);
 3086              		.loc 1 2152 7 view .LVU903
2152:Middlewares/Third_Party/LwIP/src/core/tcp.c ****       tcp_free_ooseq(pcb);
 3087              		.loc 1 2152 7 discriminator 4 view .LVU904
2153:Middlewares/Third_Party/LwIP/src/core/tcp.c ****     }
 3088              		.loc 1 2153 7 view .LVU905
 3089 0022 2046     		mov	r0, r4
 3090 0024 FFF7FEFF 		bl	tcp_free_ooseq
 3091              	.LVL307:
 3092              	.L291:
2159:Middlewares/Third_Party/LwIP/src/core/tcp.c **** 
ARM GAS  /tmp/ccN9yVzV.s 			page 111


 3093              		.loc 1 2159 5 view .LVU906
2159:Middlewares/Third_Party/LwIP/src/core/tcp.c **** 
 3094              		.loc 1 2159 16 is_stmt 0 view .LVU907
 3095 0028 4FF6FF73 		movw	r3, #65535
 3096 002c 2386     		strh	r3, [r4, #48]	@ movhi
2161:Middlewares/Third_Party/LwIP/src/core/tcp.c ****     tcp_segs_free(pcb->unacked);
 3097              		.loc 1 2161 5 is_stmt 1 view .LVU908
 3098 002e E06E     		ldr	r0, [r4, #108]
 3099 0030 FFF7FEFF 		bl	tcp_segs_free
 3100              	.LVL308:
2162:Middlewares/Third_Party/LwIP/src/core/tcp.c ****     pcb->unacked = pcb->unsent = NULL;
 3101              		.loc 1 2162 5 view .LVU909
 3102 0034 206F     		ldr	r0, [r4, #112]
 3103 0036 FFF7FEFF 		bl	tcp_segs_free
 3104              	.LVL309:
2163:Middlewares/Third_Party/LwIP/src/core/tcp.c **** #if TCP_OVERSIZE
 3105              		.loc 1 2163 5 view .LVU910
2163:Middlewares/Third_Party/LwIP/src/core/tcp.c **** #if TCP_OVERSIZE
 3106              		.loc 1 2163 32 is_stmt 0 view .LVU911
 3107 003a 0023     		movs	r3, #0
 3108 003c E366     		str	r3, [r4, #108]
2163:Middlewares/Third_Party/LwIP/src/core/tcp.c **** #if TCP_OVERSIZE
 3109              		.loc 1 2163 18 view .LVU912
 3110 003e 2367     		str	r3, [r4, #112]
2165:Middlewares/Third_Party/LwIP/src/core/tcp.c **** #endif /* TCP_OVERSIZE */
 3111              		.loc 1 2165 5 is_stmt 1 view .LVU913
2165:Middlewares/Third_Party/LwIP/src/core/tcp.c **** #endif /* TCP_OVERSIZE */
 3112              		.loc 1 2165 26 is_stmt 0 view .LVU914
 3113 0040 A4F86830 		strh	r3, [r4, #104]	@ movhi
 3114              	.LVL310:
 3115              	.L287:
2168:Middlewares/Third_Party/LwIP/src/core/tcp.c **** 
 3116              		.loc 1 2168 1 view .LVU915
 3117 0044 10BD     		pop	{r4, pc}
 3118              	.LVL311:
 3119              	.L293:
2129:Middlewares/Third_Party/LwIP/src/core/tcp.c **** 
 3120              		.loc 1 2129 3 is_stmt 1 discriminator 1 view .LVU916
2129:Middlewares/Third_Party/LwIP/src/core/tcp.c **** 
 3121              		.loc 1 2129 3 discriminator 1 view .LVU917
 3122 0046 044B     		ldr	r3, .L294
 3123 0048 40F65102 		movw	r2, #2129
 3124 004c 0349     		ldr	r1, .L294+4
 3125 004e 0448     		ldr	r0, .L294+8
 3126              	.LVL312:
2129:Middlewares/Third_Party/LwIP/src/core/tcp.c **** 
 3127              		.loc 1 2129 3 is_stmt 0 discriminator 1 view .LVU918
 3128 0050 FFF7FEFF 		bl	printf
 3129              	.LVL313:
2129:Middlewares/Third_Party/LwIP/src/core/tcp.c **** 
 3130              		.loc 1 2129 3 is_stmt 1 discriminator 1 view .LVU919
2129:Middlewares/Third_Party/LwIP/src/core/tcp.c **** 
 3131              		.loc 1 2129 3 discriminator 1 view .LVU920
2129:Middlewares/Third_Party/LwIP/src/core/tcp.c **** 
 3132              		.loc 1 2129 3 is_stmt 0 view .LVU921
 3133 0054 F6E7     		b	.L287
 3134              	.L295:
ARM GAS  /tmp/ccN9yVzV.s 			page 112


 3135 0056 00BF     		.align	2
 3136              	.L294:
 3137 0058 00000000 		.word	.LC0
 3138 005c 00000000 		.word	.LC27
 3139 0060 54000000 		.word	.LC2
 3140              		.cfi_endproc
 3141              	.LFE199:
 3143              		.section	.rodata.tcp_pcb_remove.str1.4,"aMS",%progbits,1
 3144              		.align	2
 3145              	.LC28:
 3146 0000 7463705F 		.ascii	"tcp_pcb_remove: invalid pcb\000"
 3146      7063625F 
 3146      72656D6F 
 3146      76653A20 
 3146      696E7661 
 3147              		.align	2
 3148              	.LC29:
 3149 001c 7463705F 		.ascii	"tcp_pcb_remove: invalid pcblist\000"
 3149      7063625F 
 3149      72656D6F 
 3149      76653A20 
 3149      696E7661 
 3150              		.align	2
 3151              	.LC30:
 3152 003c 756E7365 		.ascii	"unsent segments leaking\000"
 3152      6E742073 
 3152      65676D65 
 3152      6E747320 
 3152      6C65616B 
 3153              		.align	2
 3154              	.LC31:
 3155 0054 756E6163 		.ascii	"unacked segments leaking\000"
 3155      6B656420 
 3155      7365676D 
 3155      656E7473 
 3155      206C6561 
 3156 006d 000000   		.align	2
 3157              	.LC32:
 3158 0070 6F6F7365 		.ascii	"ooseq segments leaking\000"
 3158      71207365 
 3158      676D656E 
 3158      7473206C 
 3158      65616B69 
 3159              		.section	.text.tcp_pcb_remove,"ax",%progbits
 3160              		.align	1
 3161              		.global	tcp_pcb_remove
 3162              		.syntax unified
 3163              		.thumb
 3164              		.thumb_func
 3166              	tcp_pcb_remove:
 3167              	.LVL314:
 3168              	.LFB200:
2178:Middlewares/Third_Party/LwIP/src/core/tcp.c ****   LWIP_ASSERT("tcp_pcb_remove: invalid pcb", pcb != NULL);
 3169              		.loc 1 2178 1 is_stmt 1 view -0
 3170              		.cfi_startproc
 3171              		@ args = 0, pretend = 0, frame = 0
 3172              		@ frame_needed = 0, uses_anonymous_args = 0
ARM GAS  /tmp/ccN9yVzV.s 			page 113


2178:Middlewares/Third_Party/LwIP/src/core/tcp.c ****   LWIP_ASSERT("tcp_pcb_remove: invalid pcb", pcb != NULL);
 3173              		.loc 1 2178 1 is_stmt 0 view .LVU923
 3174 0000 38B5     		push	{r3, r4, r5, lr}
 3175              	.LCFI32:
 3176              		.cfi_def_cfa_offset 16
 3177              		.cfi_offset 3, -16
 3178              		.cfi_offset 4, -12
 3179              		.cfi_offset 5, -8
 3180              		.cfi_offset 14, -4
 3181 0002 0546     		mov	r5, r0
2179:Middlewares/Third_Party/LwIP/src/core/tcp.c ****   LWIP_ASSERT("tcp_pcb_remove: invalid pcblist", pcblist != NULL);
 3182              		.loc 1 2179 3 is_stmt 1 view .LVU924
2179:Middlewares/Third_Party/LwIP/src/core/tcp.c ****   LWIP_ASSERT("tcp_pcb_remove: invalid pcblist", pcblist != NULL);
 3183              		.loc 1 2179 3 view .LVU925
 3184 0004 0C46     		mov	r4, r1
 3185 0006 49B1     		cbz	r1, .L308
 3186              	.LVL315:
 3187              	.L297:
2179:Middlewares/Third_Party/LwIP/src/core/tcp.c ****   LWIP_ASSERT("tcp_pcb_remove: invalid pcblist", pcblist != NULL);
 3188              		.loc 1 2179 3 discriminator 3 view .LVU926
2179:Middlewares/Third_Party/LwIP/src/core/tcp.c ****   LWIP_ASSERT("tcp_pcb_remove: invalid pcblist", pcblist != NULL);
 3189              		.loc 1 2179 3 discriminator 3 view .LVU927
2180:Middlewares/Third_Party/LwIP/src/core/tcp.c **** 
 3190              		.loc 1 2180 3 view .LVU928
2180:Middlewares/Third_Party/LwIP/src/core/tcp.c **** 
 3191              		.loc 1 2180 3 view .LVU929
 3192 0008 85B1     		cbz	r5, .L309
 3193              	.L298:
2180:Middlewares/Third_Party/LwIP/src/core/tcp.c **** 
 3194              		.loc 1 2180 3 discriminator 3 view .LVU930
2180:Middlewares/Third_Party/LwIP/src/core/tcp.c **** 
 3195              		.loc 1 2180 3 discriminator 3 view .LVU931
2182:Middlewares/Third_Party/LwIP/src/core/tcp.c **** 
 3196              		.loc 1 2182 3 view .LVU932
2182:Middlewares/Third_Party/LwIP/src/core/tcp.c **** 
 3197              		.loc 1 2182 3 view .LVU933
 3198 000a 2B68     		ldr	r3, [r5]
 3199 000c A342     		cmp	r3, r4
 3200 000e 15D0     		beq	.L310
 3201              	.L299:
 3202              	.LVL316:
 3203              	.LBB13:
2182:Middlewares/Third_Party/LwIP/src/core/tcp.c **** 
 3204              		.loc 1 2182 3 discriminator 8 view .LVU934
 3205 0010 CBB1     		cbz	r3, .L300
2182:Middlewares/Third_Party/LwIP/src/core/tcp.c **** 
 3206              		.loc 1 2182 3 discriminator 9 view .LVU935
 3207 0012 DA68     		ldr	r2, [r3, #12]
 3208 0014 A242     		cmp	r2, r4
 3209 0016 14D0     		beq	.L311
2182:Middlewares/Third_Party/LwIP/src/core/tcp.c **** 
 3210              		.loc 1 2182 3 is_stmt 0 discriminator 6 view .LVU936
 3211 0018 1346     		mov	r3, r2
 3212              	.LVL317:
2182:Middlewares/Third_Party/LwIP/src/core/tcp.c **** 
 3213              		.loc 1 2182 3 discriminator 6 view .LVU937
 3214 001a F9E7     		b	.L299
ARM GAS  /tmp/ccN9yVzV.s 			page 114


 3215              	.LVL318:
 3216              	.L308:
2182:Middlewares/Third_Party/LwIP/src/core/tcp.c **** 
 3217              		.loc 1 2182 3 discriminator 6 view .LVU938
 3218              	.LBE13:
2179:Middlewares/Third_Party/LwIP/src/core/tcp.c ****   LWIP_ASSERT("tcp_pcb_remove: invalid pcblist", pcblist != NULL);
 3219              		.loc 1 2179 3 is_stmt 1 discriminator 1 view .LVU939
2179:Middlewares/Third_Party/LwIP/src/core/tcp.c ****   LWIP_ASSERT("tcp_pcb_remove: invalid pcblist", pcblist != NULL);
 3220              		.loc 1 2179 3 discriminator 1 view .LVU940
 3221 001c 254B     		ldr	r3, .L313
 3222 001e 40F68302 		movw	r2, #2179
 3223 0022 2549     		ldr	r1, .L313+4
 3224              	.LVL319:
2179:Middlewares/Third_Party/LwIP/src/core/tcp.c ****   LWIP_ASSERT("tcp_pcb_remove: invalid pcblist", pcblist != NULL);
 3225              		.loc 1 2179 3 is_stmt 0 discriminator 1 view .LVU941
 3226 0024 2548     		ldr	r0, .L313+8
 3227              	.LVL320:
2179:Middlewares/Third_Party/LwIP/src/core/tcp.c ****   LWIP_ASSERT("tcp_pcb_remove: invalid pcblist", pcblist != NULL);
 3228              		.loc 1 2179 3 discriminator 1 view .LVU942
 3229 0026 FFF7FEFF 		bl	printf
 3230              	.LVL321:
 3231 002a EDE7     		b	.L297
 3232              	.L309:
2180:Middlewares/Third_Party/LwIP/src/core/tcp.c **** 
 3233              		.loc 1 2180 3 is_stmt 1 discriminator 1 view .LVU943
2180:Middlewares/Third_Party/LwIP/src/core/tcp.c **** 
 3234              		.loc 1 2180 3 discriminator 1 view .LVU944
 3235 002c 214B     		ldr	r3, .L313
 3236 002e 40F68402 		movw	r2, #2180
 3237 0032 2349     		ldr	r1, .L313+12
 3238 0034 2148     		ldr	r0, .L313+8
 3239 0036 FFF7FEFF 		bl	printf
 3240              	.LVL322:
 3241 003a E6E7     		b	.L298
 3242              	.L310:
2182:Middlewares/Third_Party/LwIP/src/core/tcp.c **** 
 3243              		.loc 1 2182 3 discriminator 1 view .LVU945
 3244 003c DB68     		ldr	r3, [r3, #12]
 3245 003e 2B60     		str	r3, [r5]
 3246 0040 01E0     		b	.L300
 3247              	.LVL323:
 3248              	.L311:
 3249              	.LBB14:
2182:Middlewares/Third_Party/LwIP/src/core/tcp.c **** 
 3250              		.loc 1 2182 3 discriminator 5 view .LVU946
 3251 0042 E268     		ldr	r2, [r4, #12]
 3252 0044 DA60     		str	r2, [r3, #12]
2182:Middlewares/Third_Party/LwIP/src/core/tcp.c **** 
 3253              		.loc 1 2182 3 view .LVU947
 3254              	.LVL324:
 3255              	.L300:
2182:Middlewares/Third_Party/LwIP/src/core/tcp.c **** 
 3256              		.loc 1 2182 3 is_stmt 0 view .LVU948
 3257              	.LBE14:
2182:Middlewares/Third_Party/LwIP/src/core/tcp.c **** 
 3258              		.loc 1 2182 3 is_stmt 1 discriminator 10 view .LVU949
 3259 0046 0023     		movs	r3, #0
ARM GAS  /tmp/ccN9yVzV.s 			page 115


 3260 0048 E360     		str	r3, [r4, #12]
2182:Middlewares/Third_Party/LwIP/src/core/tcp.c **** 
 3261              		.loc 1 2182 3 view .LVU950
2184:Middlewares/Third_Party/LwIP/src/core/tcp.c **** 
 3262              		.loc 1 2184 3 view .LVU951
 3263 004a 2046     		mov	r0, r4
 3264 004c FFF7FEFF 		bl	tcp_pcb_purge
 3265              	.LVL325:
2187:Middlewares/Third_Party/LwIP/src/core/tcp.c ****       (pcb->state != LISTEN) &&
 3266              		.loc 1 2187 3 view .LVU952
2187:Middlewares/Third_Party/LwIP/src/core/tcp.c ****       (pcb->state != LISTEN) &&
 3267              		.loc 1 2187 11 is_stmt 0 view .LVU953
 3268 0050 237D     		ldrb	r3, [r4, #20]	@ zero_extendqisi2
2187:Middlewares/Third_Party/LwIP/src/core/tcp.c ****       (pcb->state != LISTEN) &&
 3269              		.loc 1 2187 6 view .LVU954
 3270 0052 0A2B     		cmp	r3, #10
 3271 0054 05D0     		beq	.L302
2187:Middlewares/Third_Party/LwIP/src/core/tcp.c ****       (pcb->state != LISTEN) &&
 3272              		.loc 1 2187 33 discriminator 1 view .LVU955
 3273 0056 012B     		cmp	r3, #1
 3274 0058 03D0     		beq	.L302
2189:Middlewares/Third_Party/LwIP/src/core/tcp.c ****     tcp_ack_now(pcb);
 3275              		.loc 1 2189 11 view .LVU956
 3276 005a 638B     		ldrh	r3, [r4, #26]
2188:Middlewares/Third_Party/LwIP/src/core/tcp.c ****       (pcb->flags & TF_ACK_DELAY)) {
 3277              		.loc 1 2188 30 view .LVU957
 3278 005c 13F0010F 		tst	r3, #1
 3279 0060 21D1     		bne	.L312
 3280              	.L302:
2194:Middlewares/Third_Party/LwIP/src/core/tcp.c ****     LWIP_ASSERT("unsent segments leaking", pcb->unsent == NULL);
 3281              		.loc 1 2194 3 is_stmt 1 view .LVU958
2194:Middlewares/Third_Party/LwIP/src/core/tcp.c ****     LWIP_ASSERT("unsent segments leaking", pcb->unsent == NULL);
 3282              		.loc 1 2194 10 is_stmt 0 view .LVU959
 3283 0062 237D     		ldrb	r3, [r4, #20]	@ zero_extendqisi2
2194:Middlewares/Third_Party/LwIP/src/core/tcp.c ****     LWIP_ASSERT("unsent segments leaking", pcb->unsent == NULL);
 3284              		.loc 1 2194 6 view .LVU960
 3285 0064 012B     		cmp	r3, #1
 3286 0066 1AD0     		beq	.L303
2195:Middlewares/Third_Party/LwIP/src/core/tcp.c ****     LWIP_ASSERT("unacked segments leaking", pcb->unacked == NULL);
 3287              		.loc 1 2195 5 is_stmt 1 view .LVU961
2195:Middlewares/Third_Party/LwIP/src/core/tcp.c ****     LWIP_ASSERT("unacked segments leaking", pcb->unacked == NULL);
 3288              		.loc 1 2195 5 view .LVU962
 3289 0068 E36E     		ldr	r3, [r4, #108]
 3290 006a 33B1     		cbz	r3, .L304
2195:Middlewares/Third_Party/LwIP/src/core/tcp.c ****     LWIP_ASSERT("unacked segments leaking", pcb->unacked == NULL);
 3291              		.loc 1 2195 5 discriminator 1 view .LVU963
2195:Middlewares/Third_Party/LwIP/src/core/tcp.c ****     LWIP_ASSERT("unacked segments leaking", pcb->unacked == NULL);
 3292              		.loc 1 2195 5 discriminator 1 view .LVU964
 3293 006c 114B     		ldr	r3, .L313
 3294 006e 40F69302 		movw	r2, #2195
 3295 0072 1449     		ldr	r1, .L313+16
 3296 0074 1148     		ldr	r0, .L313+8
 3297 0076 FFF7FEFF 		bl	printf
 3298              	.LVL326:
 3299              	.L304:
2195:Middlewares/Third_Party/LwIP/src/core/tcp.c ****     LWIP_ASSERT("unacked segments leaking", pcb->unacked == NULL);
 3300              		.loc 1 2195 5 discriminator 3 view .LVU965
ARM GAS  /tmp/ccN9yVzV.s 			page 116


2195:Middlewares/Third_Party/LwIP/src/core/tcp.c ****     LWIP_ASSERT("unacked segments leaking", pcb->unacked == NULL);
 3301              		.loc 1 2195 5 discriminator 3 view .LVU966
2196:Middlewares/Third_Party/LwIP/src/core/tcp.c **** #if TCP_QUEUE_OOSEQ
 3302              		.loc 1 2196 5 view .LVU967
2196:Middlewares/Third_Party/LwIP/src/core/tcp.c **** #if TCP_QUEUE_OOSEQ
 3303              		.loc 1 2196 5 view .LVU968
 3304 007a 236F     		ldr	r3, [r4, #112]
 3305 007c 33B1     		cbz	r3, .L305
2196:Middlewares/Third_Party/LwIP/src/core/tcp.c **** #if TCP_QUEUE_OOSEQ
 3306              		.loc 1 2196 5 discriminator 1 view .LVU969
2196:Middlewares/Third_Party/LwIP/src/core/tcp.c **** #if TCP_QUEUE_OOSEQ
 3307              		.loc 1 2196 5 discriminator 1 view .LVU970
 3308 007e 0D4B     		ldr	r3, .L313
 3309 0080 40F69402 		movw	r2, #2196
 3310 0084 1049     		ldr	r1, .L313+20
 3311 0086 0D48     		ldr	r0, .L313+8
 3312 0088 FFF7FEFF 		bl	printf
 3313              	.LVL327:
 3314              	.L305:
2196:Middlewares/Third_Party/LwIP/src/core/tcp.c **** #if TCP_QUEUE_OOSEQ
 3315              		.loc 1 2196 5 discriminator 3 view .LVU971
2196:Middlewares/Third_Party/LwIP/src/core/tcp.c **** #if TCP_QUEUE_OOSEQ
 3316              		.loc 1 2196 5 discriminator 3 view .LVU972
2198:Middlewares/Third_Party/LwIP/src/core/tcp.c **** #endif /* TCP_QUEUE_OOSEQ */
 3317              		.loc 1 2198 5 view .LVU973
2198:Middlewares/Third_Party/LwIP/src/core/tcp.c **** #endif /* TCP_QUEUE_OOSEQ */
 3318              		.loc 1 2198 5 view .LVU974
 3319 008c 636F     		ldr	r3, [r4, #116]
 3320 008e 33B1     		cbz	r3, .L303
2198:Middlewares/Third_Party/LwIP/src/core/tcp.c **** #endif /* TCP_QUEUE_OOSEQ */
 3321              		.loc 1 2198 5 discriminator 1 view .LVU975
2198:Middlewares/Third_Party/LwIP/src/core/tcp.c **** #endif /* TCP_QUEUE_OOSEQ */
 3322              		.loc 1 2198 5 discriminator 1 view .LVU976
 3323 0090 084B     		ldr	r3, .L313
 3324 0092 40F69602 		movw	r2, #2198
 3325 0096 0D49     		ldr	r1, .L313+24
 3326 0098 0848     		ldr	r0, .L313+8
 3327 009a FFF7FEFF 		bl	printf
 3328              	.LVL328:
 3329              	.L303:
2198:Middlewares/Third_Party/LwIP/src/core/tcp.c **** #endif /* TCP_QUEUE_OOSEQ */
 3330              		.loc 1 2198 5 discriminator 3 view .LVU977
2198:Middlewares/Third_Party/LwIP/src/core/tcp.c **** #endif /* TCP_QUEUE_OOSEQ */
 3331              		.loc 1 2198 5 discriminator 3 view .LVU978
2202:Middlewares/Third_Party/LwIP/src/core/tcp.c ****   /* reset the local port to prevent the pcb from being 'bound' */
 3332              		.loc 1 2202 3 view .LVU979
2202:Middlewares/Third_Party/LwIP/src/core/tcp.c ****   /* reset the local port to prevent the pcb from being 'bound' */
 3333              		.loc 1 2202 14 is_stmt 0 view .LVU980
 3334 009e 0023     		movs	r3, #0
 3335 00a0 2375     		strb	r3, [r4, #20]
2204:Middlewares/Third_Party/LwIP/src/core/tcp.c **** 
 3336              		.loc 1 2204 3 is_stmt 1 view .LVU981
2204:Middlewares/Third_Party/LwIP/src/core/tcp.c **** 
 3337              		.loc 1 2204 19 is_stmt 0 view .LVU982
 3338 00a2 E382     		strh	r3, [r4, #22]	@ movhi
2206:Middlewares/Third_Party/LwIP/src/core/tcp.c **** }
 3339              		.loc 1 2206 3 is_stmt 1 view .LVU983
ARM GAS  /tmp/ccN9yVzV.s 			page 117


2206:Middlewares/Third_Party/LwIP/src/core/tcp.c **** }
 3340              		.loc 1 2206 3 view .LVU984
2206:Middlewares/Third_Party/LwIP/src/core/tcp.c **** }
 3341              		.loc 1 2206 3 discriminator 3 view .LVU985
2206:Middlewares/Third_Party/LwIP/src/core/tcp.c **** }
 3342              		.loc 1 2206 3 discriminator 3 view .LVU986
2207:Middlewares/Third_Party/LwIP/src/core/tcp.c **** 
 3343              		.loc 1 2207 1 is_stmt 0 view .LVU987
 3344 00a4 38BD     		pop	{r3, r4, r5, pc}
 3345              	.LVL329:
 3346              	.L312:
2190:Middlewares/Third_Party/LwIP/src/core/tcp.c ****     tcp_output(pcb);
 3347              		.loc 1 2190 5 is_stmt 1 view .LVU988
2190:Middlewares/Third_Party/LwIP/src/core/tcp.c ****     tcp_output(pcb);
 3348              		.loc 1 2190 5 view .LVU989
 3349 00a6 43F00203 		orr	r3, r3, #2
 3350 00aa 6383     		strh	r3, [r4, #26]	@ movhi
2190:Middlewares/Third_Party/LwIP/src/core/tcp.c ****     tcp_output(pcb);
 3351              		.loc 1 2190 5 view .LVU990
2191:Middlewares/Third_Party/LwIP/src/core/tcp.c ****   }
 3352              		.loc 1 2191 5 view .LVU991
 3353 00ac 2046     		mov	r0, r4
 3354 00ae FFF7FEFF 		bl	tcp_output
 3355              	.LVL330:
 3356 00b2 D6E7     		b	.L302
 3357              	.L314:
 3358              		.align	2
 3359              	.L313:
 3360 00b4 00000000 		.word	.LC0
 3361 00b8 00000000 		.word	.LC28
 3362 00bc 54000000 		.word	.LC2
 3363 00c0 1C000000 		.word	.LC29
 3364 00c4 3C000000 		.word	.LC30
 3365 00c8 54000000 		.word	.LC31
 3366 00cc 70000000 		.word	.LC32
 3367              		.cfi_endproc
 3368              	.LFE200:
 3370              		.section	.rodata.tcp_abandon.str1.4,"aMS",%progbits,1
 3371              		.align	2
 3372              	.LC33:
 3373 0000 7463705F 		.ascii	"tcp_abandon: invalid pcb\000"
 3373      6162616E 
 3373      646F6E3A 
 3373      20696E76 
 3373      616C6964 
 3374 0019 000000   		.align	2
 3375              	.LC34:
 3376 001c 646F6E27 		.ascii	"don't call tcp_abort/tcp_abandon for listen-pcbs\000"
 3376      74206361 
 3376      6C6C2074 
 3376      63705F61 
 3376      626F7274 
 3377              		.section	.text.tcp_abandon,"ax",%progbits
 3378              		.align	1
 3379              		.global	tcp_abandon
 3380              		.syntax unified
 3381              		.thumb
ARM GAS  /tmp/ccN9yVzV.s 			page 118


 3382              		.thumb_func
 3384              	tcp_abandon:
 3385              	.LVL331:
 3386              	.LFB166:
 564:Middlewares/Third_Party/LwIP/src/core/tcp.c ****   u32_t seqno, ackno;
 3387              		.loc 1 564 1 view -0
 3388              		.cfi_startproc
 3389              		@ args = 0, pretend = 0, frame = 0
 3390              		@ frame_needed = 0, uses_anonymous_args = 0
 564:Middlewares/Third_Party/LwIP/src/core/tcp.c ****   u32_t seqno, ackno;
 3391              		.loc 1 564 1 is_stmt 0 view .LVU993
 3392 0000 2DE9F047 		push	{r4, r5, r6, r7, r8, r9, r10, lr}
 3393              	.LCFI33:
 3394              		.cfi_def_cfa_offset 32
 3395              		.cfi_offset 4, -32
 3396              		.cfi_offset 5, -28
 3397              		.cfi_offset 6, -24
 3398              		.cfi_offset 7, -20
 3399              		.cfi_offset 8, -16
 3400              		.cfi_offset 9, -12
 3401              		.cfi_offset 10, -8
 3402              		.cfi_offset 14, -4
 3403 0004 84B0     		sub	sp, sp, #16
 3404              	.LCFI34:
 3405              		.cfi_def_cfa_offset 48
 565:Middlewares/Third_Party/LwIP/src/core/tcp.c **** #if LWIP_CALLBACK_API
 3406              		.loc 1 565 3 is_stmt 1 view .LVU994
 567:Middlewares/Third_Party/LwIP/src/core/tcp.c **** #endif /* LWIP_CALLBACK_API */
 3407              		.loc 1 567 3 view .LVU995
 569:Middlewares/Third_Party/LwIP/src/core/tcp.c **** 
 3408              		.loc 1 569 3 view .LVU996
 571:Middlewares/Third_Party/LwIP/src/core/tcp.c **** 
 3409              		.loc 1 571 28 view .LVU997
 573:Middlewares/Third_Party/LwIP/src/core/tcp.c **** 
 3410              		.loc 1 573 3 view .LVU998
 573:Middlewares/Third_Party/LwIP/src/core/tcp.c **** 
 3411              		.loc 1 573 3 view .LVU999
 3412 0006 F8B1     		cbz	r0, .L332
 3413 0008 0D46     		mov	r5, r1
 3414 000a 0446     		mov	r4, r0
 573:Middlewares/Third_Party/LwIP/src/core/tcp.c **** 
 3415              		.loc 1 573 3 discriminator 2 view .LVU1000
 576:Middlewares/Third_Party/LwIP/src/core/tcp.c ****               pcb->state != LISTEN);
 3416              		.loc 1 576 3 view .LVU1001
 576:Middlewares/Third_Party/LwIP/src/core/tcp.c ****               pcb->state != LISTEN);
 3417              		.loc 1 576 3 view .LVU1002
 3418 000c 037D     		ldrb	r3, [r0, #20]	@ zero_extendqisi2
 3419 000e 012B     		cmp	r3, #1
 3420 0010 22D0     		beq	.L333
 3421              	.LVL332:
 3422              	.L318:
 576:Middlewares/Third_Party/LwIP/src/core/tcp.c ****               pcb->state != LISTEN);
 3423              		.loc 1 576 3 discriminator 3 view .LVU1003
 576:Middlewares/Third_Party/LwIP/src/core/tcp.c ****               pcb->state != LISTEN);
 3424              		.loc 1 576 3 discriminator 3 view .LVU1004
 581:Middlewares/Third_Party/LwIP/src/core/tcp.c ****     tcp_pcb_remove(&tcp_tw_pcbs, pcb);
 3425              		.loc 1 581 3 view .LVU1005
ARM GAS  /tmp/ccN9yVzV.s 			page 119


 581:Middlewares/Third_Party/LwIP/src/core/tcp.c ****     tcp_pcb_remove(&tcp_tw_pcbs, pcb);
 3426              		.loc 1 581 10 is_stmt 0 view .LVU1006
 3427 0012 237D     		ldrb	r3, [r4, #20]	@ zero_extendqisi2
 581:Middlewares/Third_Party/LwIP/src/core/tcp.c ****     tcp_pcb_remove(&tcp_tw_pcbs, pcb);
 3428              		.loc 1 581 6 view .LVU1007
 3429 0014 0A2B     		cmp	r3, #10
 3430 0016 27D0     		beq	.L334
 3431              	.LBB15:
 585:Middlewares/Third_Party/LwIP/src/core/tcp.c ****     u16_t local_port = 0;
 3432              		.loc 1 585 5 is_stmt 1 view .LVU1008
 3433              	.LVL333:
 586:Middlewares/Third_Party/LwIP/src/core/tcp.c ****     enum tcp_state last_state;
 3434              		.loc 1 586 5 view .LVU1009
 587:Middlewares/Third_Party/LwIP/src/core/tcp.c ****     seqno = pcb->snd_nxt;
 3435              		.loc 1 587 5 view .LVU1010
 588:Middlewares/Third_Party/LwIP/src/core/tcp.c ****     ackno = pcb->rcv_nxt;
 3436              		.loc 1 588 5 view .LVU1011
 588:Middlewares/Third_Party/LwIP/src/core/tcp.c ****     ackno = pcb->rcv_nxt;
 3437              		.loc 1 588 11 is_stmt 0 view .LVU1012
 3438 0018 D4F85080 		ldr	r8, [r4, #80]
 3439              	.LVL334:
 589:Middlewares/Third_Party/LwIP/src/core/tcp.c **** #if LWIP_CALLBACK_API
 3440              		.loc 1 589 5 is_stmt 1 view .LVU1013
 589:Middlewares/Third_Party/LwIP/src/core/tcp.c **** #if LWIP_CALLBACK_API
 3441              		.loc 1 589 11 is_stmt 0 view .LVU1014
 3442 001c D4F82490 		ldr	r9, [r4, #36]
 3443              	.LVL335:
 591:Middlewares/Third_Party/LwIP/src/core/tcp.c **** #endif /* LWIP_CALLBACK_API */
 3444              		.loc 1 591 5 is_stmt 1 view .LVU1015
 591:Middlewares/Third_Party/LwIP/src/core/tcp.c **** #endif /* LWIP_CALLBACK_API */
 3445              		.loc 1 591 10 is_stmt 0 view .LVU1016
 3446 0020 D4F89060 		ldr	r6, [r4, #144]
 3447              	.LVL336:
 593:Middlewares/Third_Party/LwIP/src/core/tcp.c ****     if (pcb->state == CLOSED) {
 3448              		.loc 1 593 5 is_stmt 1 view .LVU1017
 593:Middlewares/Third_Party/LwIP/src/core/tcp.c ****     if (pcb->state == CLOSED) {
 3449              		.loc 1 593 14 is_stmt 0 view .LVU1018
 3450 0024 2769     		ldr	r7, [r4, #16]
 3451              	.LVL337:
 594:Middlewares/Third_Party/LwIP/src/core/tcp.c ****       if (pcb->local_port != 0) {
 3452              		.loc 1 594 5 is_stmt 1 view .LVU1019
 594:Middlewares/Third_Party/LwIP/src/core/tcp.c ****       if (pcb->local_port != 0) {
 3453              		.loc 1 594 8 is_stmt 0 view .LVU1020
 3454 0026 002B     		cmp	r3, #0
 3455 0028 47D1     		bne	.L320
 595:Middlewares/Third_Party/LwIP/src/core/tcp.c ****         /* bound, not yet opened */
 3456              		.loc 1 595 7 is_stmt 1 view .LVU1021
 595:Middlewares/Third_Party/LwIP/src/core/tcp.c ****         /* bound, not yet opened */
 3457              		.loc 1 595 14 is_stmt 0 view .LVU1022
 3458 002a B4F816A0 		ldrh	r10, [r4, #22]
 595:Middlewares/Third_Party/LwIP/src/core/tcp.c ****         /* bound, not yet opened */
 3459              		.loc 1 595 10 view .LVU1023
 3460 002e BAF1000F 		cmp	r10, #0
 3461 0032 4CD0     		beq	.L329
 597:Middlewares/Third_Party/LwIP/src/core/tcp.c ****       }
 3462              		.loc 1 597 9 is_stmt 1 view .LVU1024
 597:Middlewares/Third_Party/LwIP/src/core/tcp.c ****       }
ARM GAS  /tmp/ccN9yVzV.s 			page 120


 3463              		.loc 1 597 9 view .LVU1025
 3464 0034 2D4B     		ldr	r3, .L338
 3465 0036 1B68     		ldr	r3, [r3]
 3466 0038 A342     		cmp	r3, r4
 3467 003a 1DD0     		beq	.L335
 3468              	.L322:
 3469              	.LVL338:
 3470              	.LBB16:
 597:Middlewares/Third_Party/LwIP/src/core/tcp.c ****       }
 3471              		.loc 1 597 9 discriminator 8 view .LVU1026
 3472 003c 13B3     		cbz	r3, .L323
 597:Middlewares/Third_Party/LwIP/src/core/tcp.c ****       }
 3473              		.loc 1 597 9 discriminator 9 view .LVU1027
 3474 003e DA68     		ldr	r2, [r3, #12]
 3475 0040 A242     		cmp	r2, r4
 3476 0042 1DD0     		beq	.L336
 597:Middlewares/Third_Party/LwIP/src/core/tcp.c ****       }
 3477              		.loc 1 597 9 is_stmt 0 discriminator 6 view .LVU1028
 3478 0044 1346     		mov	r3, r2
 3479              	.LVL339:
 597:Middlewares/Third_Party/LwIP/src/core/tcp.c ****       }
 3480              		.loc 1 597 9 discriminator 6 view .LVU1029
 3481 0046 F9E7     		b	.L322
 3482              	.LVL340:
 3483              	.L332:
 597:Middlewares/Third_Party/LwIP/src/core/tcp.c ****       }
 3484              		.loc 1 597 9 discriminator 6 view .LVU1030
 3485              	.LBE16:
 3486              	.LBE15:
 573:Middlewares/Third_Party/LwIP/src/core/tcp.c **** 
 3487              		.loc 1 573 3 is_stmt 1 discriminator 1 view .LVU1031
 573:Middlewares/Third_Party/LwIP/src/core/tcp.c **** 
 3488              		.loc 1 573 3 discriminator 1 view .LVU1032
 3489 0048 294B     		ldr	r3, .L338+4
 3490 004a 40F23D22 		movw	r2, #573
 3491 004e 2949     		ldr	r1, .L338+8
 3492              	.LVL341:
 573:Middlewares/Third_Party/LwIP/src/core/tcp.c **** 
 3493              		.loc 1 573 3 is_stmt 0 discriminator 1 view .LVU1033
 3494 0050 2948     		ldr	r0, .L338+12
 3495              	.LVL342:
 573:Middlewares/Third_Party/LwIP/src/core/tcp.c **** 
 3496              		.loc 1 573 3 discriminator 1 view .LVU1034
 3497 0052 FFF7FEFF 		bl	printf
 3498              	.LVL343:
 573:Middlewares/Third_Party/LwIP/src/core/tcp.c **** 
 3499              		.loc 1 573 3 is_stmt 1 discriminator 1 view .LVU1035
 573:Middlewares/Third_Party/LwIP/src/core/tcp.c **** 
 3500              		.loc 1 573 3 discriminator 1 view .LVU1036
 573:Middlewares/Third_Party/LwIP/src/core/tcp.c **** 
 3501              		.loc 1 573 3 is_stmt 0 view .LVU1037
 3502 0056 2DE0     		b	.L315
 3503              	.LVL344:
 3504              	.L333:
 576:Middlewares/Third_Party/LwIP/src/core/tcp.c ****               pcb->state != LISTEN);
 3505              		.loc 1 576 3 is_stmt 1 discriminator 1 view .LVU1038
 576:Middlewares/Third_Party/LwIP/src/core/tcp.c ****               pcb->state != LISTEN);
ARM GAS  /tmp/ccN9yVzV.s 			page 121


 3506              		.loc 1 576 3 discriminator 1 view .LVU1039
 3507 0058 254B     		ldr	r3, .L338+4
 3508 005a 4FF41072 		mov	r2, #576
 3509 005e 2749     		ldr	r1, .L338+16
 3510              	.LVL345:
 576:Middlewares/Third_Party/LwIP/src/core/tcp.c ****               pcb->state != LISTEN);
 3511              		.loc 1 576 3 is_stmt 0 discriminator 1 view .LVU1040
 3512 0060 2548     		ldr	r0, .L338+12
 3513              	.LVL346:
 576:Middlewares/Third_Party/LwIP/src/core/tcp.c ****               pcb->state != LISTEN);
 3514              		.loc 1 576 3 discriminator 1 view .LVU1041
 3515 0062 FFF7FEFF 		bl	printf
 3516              	.LVL347:
 3517 0066 D4E7     		b	.L318
 3518              	.L334:
 582:Middlewares/Third_Party/LwIP/src/core/tcp.c ****     tcp_free(pcb);
 3519              		.loc 1 582 5 is_stmt 1 view .LVU1042
 3520 0068 2146     		mov	r1, r4
 3521 006a 2548     		ldr	r0, .L338+20
 3522 006c FFF7FEFF 		bl	tcp_pcb_remove
 3523              	.LVL348:
 583:Middlewares/Third_Party/LwIP/src/core/tcp.c ****   } else {
 3524              		.loc 1 583 5 view .LVU1043
 3525 0070 2046     		mov	r0, r4
 3526 0072 FFF7FEFF 		bl	tcp_free
 3527              	.LVL349:
 3528 0076 1DE0     		b	.L315
 3529              	.LVL350:
 3530              	.L335:
 3531              	.LBB18:
 597:Middlewares/Third_Party/LwIP/src/core/tcp.c ****       }
 3532              		.loc 1 597 9 discriminator 1 view .LVU1044
 3533 0078 DA68     		ldr	r2, [r3, #12]
 3534 007a 1C4B     		ldr	r3, .L338
 3535 007c 1A60     		str	r2, [r3]
 3536 007e 01E0     		b	.L323
 3537              	.LVL351:
 3538              	.L336:
 3539              	.LBB17:
 597:Middlewares/Third_Party/LwIP/src/core/tcp.c ****       }
 3540              		.loc 1 597 9 discriminator 5 view .LVU1045
 3541 0080 E268     		ldr	r2, [r4, #12]
 3542 0082 DA60     		str	r2, [r3, #12]
 597:Middlewares/Third_Party/LwIP/src/core/tcp.c ****       }
 3543              		.loc 1 597 9 view .LVU1046
 3544              	.LVL352:
 3545              	.L323:
 597:Middlewares/Third_Party/LwIP/src/core/tcp.c ****       }
 3546              		.loc 1 597 9 is_stmt 0 view .LVU1047
 3547              	.LBE17:
 597:Middlewares/Third_Party/LwIP/src/core/tcp.c ****       }
 3548              		.loc 1 597 9 is_stmt 1 discriminator 10 view .LVU1048
 3549 0084 0025     		movs	r5, #0
 3550              	.LVL353:
 597:Middlewares/Third_Party/LwIP/src/core/tcp.c ****       }
 3551              		.loc 1 597 9 is_stmt 0 discriminator 10 view .LVU1049
 3552 0086 E560     		str	r5, [r4, #12]
ARM GAS  /tmp/ccN9yVzV.s 			page 122


 586:Middlewares/Third_Party/LwIP/src/core/tcp.c ****     enum tcp_state last_state;
 3553              		.loc 1 586 11 view .LVU1050
 3554 0088 AA46     		mov	r10, r5
 3555              	.LVL354:
 3556              	.L321:
 602:Middlewares/Third_Party/LwIP/src/core/tcp.c ****     }
 3557              		.loc 1 602 7 is_stmt 1 discriminator 1 view .LVU1051
 604:Middlewares/Third_Party/LwIP/src/core/tcp.c ****       tcp_segs_free(pcb->unacked);
 3558              		.loc 1 604 5 view .LVU1052
 604:Middlewares/Third_Party/LwIP/src/core/tcp.c ****       tcp_segs_free(pcb->unacked);
 3559              		.loc 1 604 12 is_stmt 0 view .LVU1053
 3560 008a 206F     		ldr	r0, [r4, #112]
 604:Middlewares/Third_Party/LwIP/src/core/tcp.c ****       tcp_segs_free(pcb->unacked);
 3561              		.loc 1 604 8 view .LVU1054
 3562 008c 08B1     		cbz	r0, .L325
 605:Middlewares/Third_Party/LwIP/src/core/tcp.c ****     }
 3563              		.loc 1 605 7 is_stmt 1 view .LVU1055
 3564 008e FFF7FEFF 		bl	tcp_segs_free
 3565              	.LVL355:
 3566              	.L325:
 607:Middlewares/Third_Party/LwIP/src/core/tcp.c ****       tcp_segs_free(pcb->unsent);
 3567              		.loc 1 607 5 view .LVU1056
 607:Middlewares/Third_Party/LwIP/src/core/tcp.c ****       tcp_segs_free(pcb->unsent);
 3568              		.loc 1 607 12 is_stmt 0 view .LVU1057
 3569 0092 E06E     		ldr	r0, [r4, #108]
 607:Middlewares/Third_Party/LwIP/src/core/tcp.c ****       tcp_segs_free(pcb->unsent);
 3570              		.loc 1 607 8 view .LVU1058
 3571 0094 08B1     		cbz	r0, .L326
 608:Middlewares/Third_Party/LwIP/src/core/tcp.c ****     }
 3572              		.loc 1 608 7 is_stmt 1 view .LVU1059
 3573 0096 FFF7FEFF 		bl	tcp_segs_free
 3574              	.LVL356:
 3575              	.L326:
 611:Middlewares/Third_Party/LwIP/src/core/tcp.c ****       tcp_segs_free(pcb->ooseq);
 3576              		.loc 1 611 5 view .LVU1060
 611:Middlewares/Third_Party/LwIP/src/core/tcp.c ****       tcp_segs_free(pcb->ooseq);
 3577              		.loc 1 611 12 is_stmt 0 view .LVU1061
 3578 009a 606F     		ldr	r0, [r4, #116]
 611:Middlewares/Third_Party/LwIP/src/core/tcp.c ****       tcp_segs_free(pcb->ooseq);
 3579              		.loc 1 611 8 view .LVU1062
 3580 009c 08B1     		cbz	r0, .L327
 612:Middlewares/Third_Party/LwIP/src/core/tcp.c ****     }
 3581              		.loc 1 612 7 is_stmt 1 view .LVU1063
 3582 009e FFF7FEFF 		bl	tcp_segs_free
 3583              	.LVL357:
 3584              	.L327:
 615:Middlewares/Third_Party/LwIP/src/core/tcp.c ****     if (send_rst) {
 3585              		.loc 1 615 30 view .LVU1064
 616:Middlewares/Third_Party/LwIP/src/core/tcp.c ****       LWIP_DEBUGF(TCP_RST_DEBUG, ("tcp_abandon: sending RST\n"));
 3586              		.loc 1 616 5 view .LVU1065
 616:Middlewares/Third_Party/LwIP/src/core/tcp.c ****       LWIP_DEBUGF(TCP_RST_DEBUG, ("tcp_abandon: sending RST\n"));
 3587              		.loc 1 616 8 is_stmt 0 view .LVU1066
 3588 00a2 B5B9     		cbnz	r5, .L337
 3589              	.L328:
 620:Middlewares/Third_Party/LwIP/src/core/tcp.c ****     tcp_free(pcb);
 3590              		.loc 1 620 5 is_stmt 1 view .LVU1067
 3591              	.LVL358:
ARM GAS  /tmp/ccN9yVzV.s 			page 123


 621:Middlewares/Third_Party/LwIP/src/core/tcp.c ****     TCP_EVENT_ERR(last_state, errf, errf_arg, ERR_ABRT);
 3592              		.loc 1 621 5 view .LVU1068
 3593 00a4 2046     		mov	r0, r4
 3594 00a6 FFF7FEFF 		bl	tcp_free
 3595              	.LVL359:
 622:Middlewares/Third_Party/LwIP/src/core/tcp.c ****   }
 3596              		.loc 1 622 5 view .LVU1069
 622:Middlewares/Third_Party/LwIP/src/core/tcp.c ****   }
 3597              		.loc 1 622 5 view .LVU1070
 622:Middlewares/Third_Party/LwIP/src/core/tcp.c ****   }
 3598              		.loc 1 622 5 view .LVU1071
 3599 00aa 1EB1     		cbz	r6, .L315
 622:Middlewares/Third_Party/LwIP/src/core/tcp.c ****   }
 3600              		.loc 1 622 5 discriminator 1 view .LVU1072
 3601 00ac 6FF00C01 		mvn	r1, #12
 3602 00b0 3846     		mov	r0, r7
 3603 00b2 B047     		blx	r6
 3604              	.LVL360:
 622:Middlewares/Third_Party/LwIP/src/core/tcp.c ****   }
 3605              		.loc 1 622 5 discriminator 3 view .LVU1073
 3606              	.L315:
 622:Middlewares/Third_Party/LwIP/src/core/tcp.c ****   }
 3607              		.loc 1 622 5 is_stmt 0 discriminator 3 view .LVU1074
 3608              	.LBE18:
 624:Middlewares/Third_Party/LwIP/src/core/tcp.c **** 
 3609              		.loc 1 624 1 view .LVU1075
 3610 00b4 04B0     		add	sp, sp, #16
 3611              	.LCFI35:
 3612              		.cfi_remember_state
 3613              		.cfi_def_cfa_offset 32
 3614              		@ sp needed
 3615 00b6 BDE8F087 		pop	{r4, r5, r6, r7, r8, r9, r10, pc}
 3616              	.LVL361:
 3617              	.L320:
 3618              	.LCFI36:
 3619              		.cfi_restore_state
 3620              	.LBB19:
 600:Middlewares/Third_Party/LwIP/src/core/tcp.c ****       local_port = pcb->local_port;
 3621              		.loc 1 600 7 is_stmt 1 view .LVU1076
 601:Middlewares/Third_Party/LwIP/src/core/tcp.c ****       TCP_PCB_REMOVE_ACTIVE(pcb);
 3622              		.loc 1 601 7 view .LVU1077
 601:Middlewares/Third_Party/LwIP/src/core/tcp.c ****       TCP_PCB_REMOVE_ACTIVE(pcb);
 3623              		.loc 1 601 18 is_stmt 0 view .LVU1078
 3624 00ba B4F816A0 		ldrh	r10, [r4, #22]
 3625              	.LVL362:
 602:Middlewares/Third_Party/LwIP/src/core/tcp.c ****     }
 3626              		.loc 1 602 7 is_stmt 1 view .LVU1079
 602:Middlewares/Third_Party/LwIP/src/core/tcp.c ****     }
 3627              		.loc 1 602 7 view .LVU1080
 3628 00be 2146     		mov	r1, r4
 3629 00c0 1048     		ldr	r0, .L338+24
 3630 00c2 FFF7FEFF 		bl	tcp_pcb_remove
 3631              	.LVL363:
 602:Middlewares/Third_Party/LwIP/src/core/tcp.c ****     }
 3632              		.loc 1 602 7 discriminator 1 view .LVU1081
 3633 00c6 104B     		ldr	r3, .L338+28
 3634 00c8 0122     		movs	r2, #1
ARM GAS  /tmp/ccN9yVzV.s 			page 124


 3635 00ca 1A70     		strb	r2, [r3]
 3636 00cc DDE7     		b	.L321
 3637              	.LVL364:
 3638              	.L329:
 585:Middlewares/Third_Party/LwIP/src/core/tcp.c ****     u16_t local_port = 0;
 3639              		.loc 1 585 9 is_stmt 0 view .LVU1082
 3640 00ce 0025     		movs	r5, #0
 3641              	.LVL365:
 585:Middlewares/Third_Party/LwIP/src/core/tcp.c ****     u16_t local_port = 0;
 3642              		.loc 1 585 9 view .LVU1083
 3643 00d0 DBE7     		b	.L321
 3644              	.LVL366:
 3645              	.L337:
 617:Middlewares/Third_Party/LwIP/src/core/tcp.c ****       tcp_rst(pcb, seqno, ackno, &pcb->local_ip, &pcb->remote_ip, local_port, pcb->remote_port);
 3646              		.loc 1 617 7 is_stmt 1 view .LVU1084
 617:Middlewares/Third_Party/LwIP/src/core/tcp.c ****       tcp_rst(pcb, seqno, ackno, &pcb->local_ip, &pcb->remote_ip, local_port, pcb->remote_port);
 3647              		.loc 1 617 7 view .LVU1085
 617:Middlewares/Third_Party/LwIP/src/core/tcp.c ****       tcp_rst(pcb, seqno, ackno, &pcb->local_ip, &pcb->remote_ip, local_port, pcb->remote_port);
 3648              		.loc 1 617 7 discriminator 4 view .LVU1086
 618:Middlewares/Third_Party/LwIP/src/core/tcp.c ****     }
 3649              		.loc 1 618 7 view .LVU1087
 618:Middlewares/Third_Party/LwIP/src/core/tcp.c ****     }
 3650              		.loc 1 618 50 is_stmt 0 view .LVU1088
 3651 00d2 231D     		adds	r3, r4, #4
 618:Middlewares/Third_Party/LwIP/src/core/tcp.c ****     }
 3652              		.loc 1 618 7 view .LVU1089
 3653 00d4 228B     		ldrh	r2, [r4, #24]
 3654 00d6 0292     		str	r2, [sp, #8]
 3655 00d8 CDF804A0 		str	r10, [sp, #4]
 3656 00dc 0093     		str	r3, [sp]
 3657 00de 2346     		mov	r3, r4
 3658 00e0 4A46     		mov	r2, r9
 3659 00e2 4146     		mov	r1, r8
 3660 00e4 2046     		mov	r0, r4
 3661 00e6 FFF7FEFF 		bl	tcp_rst
 3662              	.LVL367:
 3663 00ea DBE7     		b	.L328
 3664              	.L339:
 3665              		.align	2
 3666              	.L338:
 3667 00ec 00000000 		.word	tcp_bound_pcbs
 3668 00f0 00000000 		.word	.LC0
 3669 00f4 00000000 		.word	.LC33
 3670 00f8 54000000 		.word	.LC2
 3671 00fc 1C000000 		.word	.LC34
 3672 0100 00000000 		.word	tcp_tw_pcbs
 3673 0104 00000000 		.word	tcp_active_pcbs
 3674 0108 00000000 		.word	tcp_active_pcbs_changed
 3675              	.LBE19:
 3676              		.cfi_endproc
 3677              	.LFE166:
 3679              		.section	.text.tcp_abort,"ax",%progbits
 3680              		.align	1
 3681              		.global	tcp_abort
 3682              		.syntax unified
 3683              		.thumb
 3684              		.thumb_func
ARM GAS  /tmp/ccN9yVzV.s 			page 125


 3686              	tcp_abort:
 3687              	.LVL368:
 3688              	.LFB167:
 639:Middlewares/Third_Party/LwIP/src/core/tcp.c ****   tcp_abandon(pcb, 1);
 3689              		.loc 1 639 1 is_stmt 1 view -0
 3690              		.cfi_startproc
 3691              		@ args = 0, pretend = 0, frame = 0
 3692              		@ frame_needed = 0, uses_anonymous_args = 0
 639:Middlewares/Third_Party/LwIP/src/core/tcp.c ****   tcp_abandon(pcb, 1);
 3693              		.loc 1 639 1 is_stmt 0 view .LVU1091
 3694 0000 08B5     		push	{r3, lr}
 3695              	.LCFI37:
 3696              		.cfi_def_cfa_offset 8
 3697              		.cfi_offset 3, -8
 3698              		.cfi_offset 14, -4
 640:Middlewares/Third_Party/LwIP/src/core/tcp.c **** }
 3699              		.loc 1 640 3 is_stmt 1 view .LVU1092
 3700 0002 0121     		movs	r1, #1
 3701 0004 FFF7FEFF 		bl	tcp_abandon
 3702              	.LVL369:
 641:Middlewares/Third_Party/LwIP/src/core/tcp.c **** 
 3703              		.loc 1 641 1 is_stmt 0 view .LVU1093
 3704 0008 08BD     		pop	{r3, pc}
 3705              		.cfi_endproc
 3706              	.LFE167:
 3708              		.section	.rodata.tcp_accept_null.str1.4,"aMS",%progbits,1
 3709              		.align	2
 3710              	.LC35:
 3711 0000 7463705F 		.ascii	"tcp_accept_null: invalid pcb\000"
 3711      61636365 
 3711      70745F6E 
 3711      756C6C3A 
 3711      20696E76 
 3712              		.section	.text.tcp_accept_null,"ax",%progbits
 3713              		.align	1
 3714              		.syntax unified
 3715              		.thumb
 3716              		.thumb_func
 3718              	tcp_accept_null:
 3719              	.LVL370:
 3720              	.LFB170:
 779:Middlewares/Third_Party/LwIP/src/core/tcp.c ****   LWIP_UNUSED_ARG(arg);
 3721              		.loc 1 779 1 is_stmt 1 view -0
 3722              		.cfi_startproc
 3723              		@ args = 0, pretend = 0, frame = 0
 3724              		@ frame_needed = 0, uses_anonymous_args = 0
 779:Middlewares/Third_Party/LwIP/src/core/tcp.c ****   LWIP_UNUSED_ARG(arg);
 3725              		.loc 1 779 1 is_stmt 0 view .LVU1095
 3726 0000 10B5     		push	{r4, lr}
 3727              	.LCFI38:
 3728              		.cfi_def_cfa_offset 8
 3729              		.cfi_offset 4, -8
 3730              		.cfi_offset 14, -4
 780:Middlewares/Third_Party/LwIP/src/core/tcp.c ****   LWIP_UNUSED_ARG(err);
 3731              		.loc 1 780 3 is_stmt 1 view .LVU1096
 781:Middlewares/Third_Party/LwIP/src/core/tcp.c **** 
 3732              		.loc 1 781 3 view .LVU1097
ARM GAS  /tmp/ccN9yVzV.s 			page 126


 783:Middlewares/Third_Party/LwIP/src/core/tcp.c **** 
 3733              		.loc 1 783 3 view .LVU1098
 783:Middlewares/Third_Party/LwIP/src/core/tcp.c **** 
 3734              		.loc 1 783 3 view .LVU1099
 3735 0002 0C46     		mov	r4, r1
 3736 0004 29B1     		cbz	r1, .L345
 3737              	.LVL371:
 3738              	.L343:
 783:Middlewares/Third_Party/LwIP/src/core/tcp.c **** 
 3739              		.loc 1 783 3 discriminator 3 view .LVU1100
 783:Middlewares/Third_Party/LwIP/src/core/tcp.c **** 
 3740              		.loc 1 783 3 discriminator 3 view .LVU1101
 785:Middlewares/Third_Party/LwIP/src/core/tcp.c **** 
 3741              		.loc 1 785 3 view .LVU1102
 3742 0006 2046     		mov	r0, r4
 3743 0008 FFF7FEFF 		bl	tcp_abort
 3744              	.LVL372:
 787:Middlewares/Third_Party/LwIP/src/core/tcp.c **** }
 3745              		.loc 1 787 3 view .LVU1103
 788:Middlewares/Third_Party/LwIP/src/core/tcp.c **** #endif /* LWIP_CALLBACK_API */
 3746              		.loc 1 788 1 is_stmt 0 view .LVU1104
 3747 000c 6FF00C00 		mvn	r0, #12
 3748 0010 10BD     		pop	{r4, pc}
 3749              	.LVL373:
 3750              	.L345:
 783:Middlewares/Third_Party/LwIP/src/core/tcp.c **** 
 3751              		.loc 1 783 3 is_stmt 1 discriminator 1 view .LVU1105
 783:Middlewares/Third_Party/LwIP/src/core/tcp.c **** 
 3752              		.loc 1 783 3 discriminator 1 view .LVU1106
 3753 0012 044B     		ldr	r3, .L346
 3754 0014 40F20F32 		movw	r2, #783
 3755              	.LVL374:
 783:Middlewares/Third_Party/LwIP/src/core/tcp.c **** 
 3756              		.loc 1 783 3 is_stmt 0 discriminator 1 view .LVU1107
 3757 0018 0349     		ldr	r1, .L346+4
 3758              	.LVL375:
 783:Middlewares/Third_Party/LwIP/src/core/tcp.c **** 
 3759              		.loc 1 783 3 discriminator 1 view .LVU1108
 3760 001a 0448     		ldr	r0, .L346+8
 3761              	.LVL376:
 783:Middlewares/Third_Party/LwIP/src/core/tcp.c **** 
 3762              		.loc 1 783 3 discriminator 1 view .LVU1109
 3763 001c FFF7FEFF 		bl	printf
 3764              	.LVL377:
 3765 0020 F1E7     		b	.L343
 3766              	.L347:
 3767 0022 00BF     		.align	2
 3768              	.L346:
 3769 0024 00000000 		.word	.LC0
 3770 0028 00000000 		.word	.LC35
 3771 002c 54000000 		.word	.LC2
 3772              		.cfi_endproc
 3773              	.LFE170:
 3775              		.section	.text.tcp_kill_timewait,"ax",%progbits
 3776              		.align	1
 3777              		.syntax unified
 3778              		.thumb
ARM GAS  /tmp/ccN9yVzV.s 			page 127


 3779              		.thumb_func
 3781              	tcp_kill_timewait:
 3782              	.LFB188:
1785:Middlewares/Third_Party/LwIP/src/core/tcp.c ****   struct tcp_pcb *pcb, *inactive;
 3783              		.loc 1 1785 1 is_stmt 1 view -0
 3784              		.cfi_startproc
 3785              		@ args = 0, pretend = 0, frame = 0
 3786              		@ frame_needed = 0, uses_anonymous_args = 0
 3787 0000 08B5     		push	{r3, lr}
 3788              	.LCFI39:
 3789              		.cfi_def_cfa_offset 8
 3790              		.cfi_offset 3, -8
 3791              		.cfi_offset 14, -4
1786:Middlewares/Third_Party/LwIP/src/core/tcp.c ****   u32_t inactivity;
 3792              		.loc 1 1786 3 view .LVU1111
1787:Middlewares/Third_Party/LwIP/src/core/tcp.c **** 
 3793              		.loc 1 1787 3 view .LVU1112
1789:Middlewares/Third_Party/LwIP/src/core/tcp.c ****   inactive = NULL;
 3794              		.loc 1 1789 3 view .LVU1113
 3795              	.LVL378:
1790:Middlewares/Third_Party/LwIP/src/core/tcp.c ****   /* Go through the list of TIME_WAIT pcbs and get the oldest pcb. */
 3796              		.loc 1 1790 3 view .LVU1114
1792:Middlewares/Third_Party/LwIP/src/core/tcp.c ****     if ((u32_t)(tcp_ticks - pcb->tmr) >= inactivity) {
 3797              		.loc 1 1792 3 view .LVU1115
1792:Middlewares/Third_Party/LwIP/src/core/tcp.c ****     if ((u32_t)(tcp_ticks - pcb->tmr) >= inactivity) {
 3798              		.loc 1 1792 12 is_stmt 0 view .LVU1116
 3799 0002 0A4B     		ldr	r3, .L356
 3800 0004 1B68     		ldr	r3, [r3]
 3801              	.LVL379:
1789:Middlewares/Third_Party/LwIP/src/core/tcp.c ****   inactive = NULL;
 3802              		.loc 1 1789 14 view .LVU1117
 3803 0006 4FF0000C 		mov	ip, #0
1790:Middlewares/Third_Party/LwIP/src/core/tcp.c ****   /* Go through the list of TIME_WAIT pcbs and get the oldest pcb. */
 3804              		.loc 1 1790 12 view .LVU1118
 3805 000a 6046     		mov	r0, ip
1792:Middlewares/Third_Party/LwIP/src/core/tcp.c ****     if ((u32_t)(tcp_ticks - pcb->tmr) >= inactivity) {
 3806              		.loc 1 1792 3 view .LVU1119
 3807 000c 00E0     		b	.L349
 3808              	.LVL380:
 3809              	.L350:
1792:Middlewares/Third_Party/LwIP/src/core/tcp.c ****     if ((u32_t)(tcp_ticks - pcb->tmr) >= inactivity) {
 3810              		.loc 1 1792 44 is_stmt 1 discriminator 2 view .LVU1120
 3811 000e DB68     		ldr	r3, [r3, #12]
 3812              	.LVL381:
 3813              	.L349:
1792:Middlewares/Third_Party/LwIP/src/core/tcp.c ****     if ((u32_t)(tcp_ticks - pcb->tmr) >= inactivity) {
 3814              		.loc 1 1792 31 discriminator 1 view .LVU1121
 3815 0010 43B1     		cbz	r3, .L355
1793:Middlewares/Third_Party/LwIP/src/core/tcp.c ****       inactivity = tcp_ticks - pcb->tmr;
 3816              		.loc 1 1793 5 view .LVU1122
1793:Middlewares/Third_Party/LwIP/src/core/tcp.c ****       inactivity = tcp_ticks - pcb->tmr;
 3817              		.loc 1 1793 32 is_stmt 0 view .LVU1123
 3818 0012 196A     		ldr	r1, [r3, #32]
1793:Middlewares/Third_Party/LwIP/src/core/tcp.c ****       inactivity = tcp_ticks - pcb->tmr;
 3819              		.loc 1 1793 27 view .LVU1124
 3820 0014 064A     		ldr	r2, .L356+4
 3821 0016 1268     		ldr	r2, [r2]
ARM GAS  /tmp/ccN9yVzV.s 			page 128


 3822 0018 521A     		subs	r2, r2, r1
1793:Middlewares/Third_Party/LwIP/src/core/tcp.c ****       inactivity = tcp_ticks - pcb->tmr;
 3823              		.loc 1 1793 8 view .LVU1125
 3824 001a 6245     		cmp	r2, ip
 3825 001c F7D3     		bcc	.L350
1794:Middlewares/Third_Party/LwIP/src/core/tcp.c ****       inactive = pcb;
 3826              		.loc 1 1794 18 view .LVU1126
 3827 001e 9446     		mov	ip, r2
 3828              	.LVL382:
1795:Middlewares/Third_Party/LwIP/src/core/tcp.c ****     }
 3829              		.loc 1 1795 16 view .LVU1127
 3830 0020 1846     		mov	r0, r3
 3831              	.LVL383:
1795:Middlewares/Third_Party/LwIP/src/core/tcp.c ****     }
 3832              		.loc 1 1795 16 view .LVU1128
 3833 0022 F4E7     		b	.L350
 3834              	.LVL384:
 3835              	.L355:
1798:Middlewares/Third_Party/LwIP/src/core/tcp.c ****     LWIP_DEBUGF(TCP_DEBUG, ("tcp_kill_timewait: killing oldest TIME-WAIT PCB %p (%"S32_F")\n",
 3836              		.loc 1 1798 3 is_stmt 1 view .LVU1129
1798:Middlewares/Third_Party/LwIP/src/core/tcp.c ****     LWIP_DEBUGF(TCP_DEBUG, ("tcp_kill_timewait: killing oldest TIME-WAIT PCB %p (%"S32_F")\n",
 3837              		.loc 1 1798 6 is_stmt 0 view .LVU1130
 3838 0024 08B1     		cbz	r0, .L348
1799:Middlewares/Third_Party/LwIP/src/core/tcp.c ****                             (void *)inactive, inactivity));
 3839              		.loc 1 1799 5 is_stmt 1 view .LVU1131
1799:Middlewares/Third_Party/LwIP/src/core/tcp.c ****                             (void *)inactive, inactivity));
 3840              		.loc 1 1799 5 view .LVU1132
1799:Middlewares/Third_Party/LwIP/src/core/tcp.c ****                             (void *)inactive, inactivity));
 3841              		.loc 1 1799 5 discriminator 4 view .LVU1133
1801:Middlewares/Third_Party/LwIP/src/core/tcp.c ****   }
 3842              		.loc 1 1801 5 view .LVU1134
 3843 0026 FFF7FEFF 		bl	tcp_abort
 3844              	.LVL385:
 3845              	.L348:
1803:Middlewares/Third_Party/LwIP/src/core/tcp.c **** 
 3846              		.loc 1 1803 1 is_stmt 0 view .LVU1135
 3847 002a 08BD     		pop	{r3, pc}
 3848              	.L357:
 3849              		.align	2
 3850              	.L356:
 3851 002c 00000000 		.word	tcp_tw_pcbs
 3852 0030 00000000 		.word	tcp_ticks
 3853              		.cfi_endproc
 3854              	.LFE188:
 3856              		.section	.text.tcp_kill_prio,"ax",%progbits
 3857              		.align	1
 3858              		.syntax unified
 3859              		.thumb
 3860              		.thumb_func
 3862              	tcp_kill_prio:
 3863              	.LVL386:
 3864              	.LFB186:
1707:Middlewares/Third_Party/LwIP/src/core/tcp.c ****   struct tcp_pcb *pcb, *inactive;
 3865              		.loc 1 1707 1 is_stmt 1 view -0
 3866              		.cfi_startproc
 3867              		@ args = 0, pretend = 0, frame = 0
 3868              		@ frame_needed = 0, uses_anonymous_args = 0
ARM GAS  /tmp/ccN9yVzV.s 			page 129


1708:Middlewares/Third_Party/LwIP/src/core/tcp.c ****   u32_t inactivity;
 3869              		.loc 1 1708 3 view .LVU1137
1709:Middlewares/Third_Party/LwIP/src/core/tcp.c ****   u8_t mprio;
 3870              		.loc 1 1709 3 view .LVU1138
1710:Middlewares/Third_Party/LwIP/src/core/tcp.c **** 
 3871              		.loc 1 1710 3 view .LVU1139
1712:Middlewares/Third_Party/LwIP/src/core/tcp.c **** 
 3872              		.loc 1 1712 3 view .LVU1140
1712:Middlewares/Third_Party/LwIP/src/core/tcp.c **** 
 3873              		.loc 1 1712 9 is_stmt 0 view .LVU1141
 3874 0000 10F0800F 		tst	r0, #128
 3875 0004 01D1     		bne	.L365
 3876              	.LVL387:
1717:Middlewares/Third_Party/LwIP/src/core/tcp.c ****     return;
 3877              		.loc 1 1717 3 is_stmt 1 view .LVU1142
1717:Middlewares/Third_Party/LwIP/src/core/tcp.c ****     return;
 3878              		.loc 1 1717 6 is_stmt 0 view .LVU1143
 3879 0006 08B9     		cbnz	r0, .L359
 3880 0008 7047     		bx	lr
 3881              	.LVL388:
 3882              	.L365:
1712:Middlewares/Third_Party/LwIP/src/core/tcp.c **** 
 3883              		.loc 1 1712 9 discriminator 2 view .LVU1144
 3884 000a 7F20     		movs	r0, #127
 3885              	.LVL389:
 3886              	.L359:
1707:Middlewares/Third_Party/LwIP/src/core/tcp.c ****   struct tcp_pcb *pcb, *inactive;
 3887              		.loc 1 1707 1 view .LVU1145
 3888 000c 38B5     		push	{r3, r4, r5, lr}
 3889              	.LCFI40:
 3890              		.cfi_def_cfa_offset 16
 3891              		.cfi_offset 3, -16
 3892              		.cfi_offset 4, -12
 3893              		.cfi_offset 5, -8
 3894              		.cfi_offset 14, -4
1726:Middlewares/Third_Party/LwIP/src/core/tcp.c **** 
 3895              		.loc 1 1726 3 is_stmt 1 view .LVU1146
1726:Middlewares/Third_Party/LwIP/src/core/tcp.c **** 
 3896              		.loc 1 1726 8 is_stmt 0 view .LVU1147
 3897 000e 0138     		subs	r0, r0, #1
 3898 0010 C2B2     		uxtb	r2, r0
 3899              	.LVL390:
1728:Middlewares/Third_Party/LwIP/src/core/tcp.c ****   inactive = NULL;
 3900              		.loc 1 1728 3 is_stmt 1 view .LVU1148
1729:Middlewares/Third_Party/LwIP/src/core/tcp.c ****   for (pcb = tcp_active_pcbs; pcb != NULL; pcb = pcb->next) {
 3901              		.loc 1 1729 3 view .LVU1149
1730:Middlewares/Third_Party/LwIP/src/core/tcp.c ****         /* lower prio is always a kill candidate */
 3902              		.loc 1 1730 3 view .LVU1150
1730:Middlewares/Third_Party/LwIP/src/core/tcp.c ****         /* lower prio is always a kill candidate */
 3903              		.loc 1 1730 12 is_stmt 0 view .LVU1151
 3904 0012 0F4B     		ldr	r3, .L370
 3905 0014 1B68     		ldr	r3, [r3]
 3906              	.LVL391:
1728:Middlewares/Third_Party/LwIP/src/core/tcp.c ****   inactive = NULL;
 3907              		.loc 1 1728 14 view .LVU1152
 3908 0016 4FF0000C 		mov	ip, #0
1729:Middlewares/Third_Party/LwIP/src/core/tcp.c ****   for (pcb = tcp_active_pcbs; pcb != NULL; pcb = pcb->next) {
ARM GAS  /tmp/ccN9yVzV.s 			page 130


 3909              		.loc 1 1729 12 view .LVU1153
 3910 001a 6046     		mov	r0, ip
1730:Middlewares/Third_Party/LwIP/src/core/tcp.c ****         /* lower prio is always a kill candidate */
 3911              		.loc 1 1730 3 view .LVU1154
 3912 001c 07E0     		b	.L361
 3913              	.LVL392:
 3914              	.L362:
1735:Middlewares/Third_Party/LwIP/src/core/tcp.c ****       inactive   = pcb;
 3915              		.loc 1 1735 7 is_stmt 1 view .LVU1155
1735:Middlewares/Third_Party/LwIP/src/core/tcp.c ****       inactive   = pcb;
 3916              		.loc 1 1735 30 is_stmt 0 view .LVU1156
 3917 001e 0D4A     		ldr	r2, .L370+4
 3918              	.LVL393:
1735:Middlewares/Third_Party/LwIP/src/core/tcp.c ****       inactive   = pcb;
 3919              		.loc 1 1735 30 view .LVU1157
 3920 0020 1268     		ldr	r2, [r2]
1735:Middlewares/Third_Party/LwIP/src/core/tcp.c ****       inactive   = pcb;
 3921              		.loc 1 1735 35 view .LVU1158
 3922 0022 186A     		ldr	r0, [r3, #32]
 3923              	.LVL394:
1735:Middlewares/Third_Party/LwIP/src/core/tcp.c ****       inactive   = pcb;
 3924              		.loc 1 1735 18 view .LVU1159
 3925 0024 A2EB000C 		sub	ip, r2, r0
 3926              	.LVL395:
1736:Middlewares/Third_Party/LwIP/src/core/tcp.c ****       mprio      = pcb->prio;
 3927              		.loc 1 1736 7 is_stmt 1 view .LVU1160
1737:Middlewares/Third_Party/LwIP/src/core/tcp.c ****     }
 3928              		.loc 1 1737 7 view .LVU1161
1737:Middlewares/Third_Party/LwIP/src/core/tcp.c ****     }
 3929              		.loc 1 1737 18 is_stmt 0 view .LVU1162
 3930 0028 0A46     		mov	r2, r1
1736:Middlewares/Third_Party/LwIP/src/core/tcp.c ****       mprio      = pcb->prio;
 3931              		.loc 1 1736 18 view .LVU1163
 3932 002a 1846     		mov	r0, r3
 3933              	.LVL396:
 3934              	.L363:
1730:Middlewares/Third_Party/LwIP/src/core/tcp.c ****         /* lower prio is always a kill candidate */
 3935              		.loc 1 1730 48 is_stmt 1 discriminator 2 view .LVU1164
 3936 002c DB68     		ldr	r3, [r3, #12]
 3937              	.LVL397:
 3938              	.L361:
1730:Middlewares/Third_Party/LwIP/src/core/tcp.c ****         /* lower prio is always a kill candidate */
 3939              		.loc 1 1730 35 discriminator 1 view .LVU1165
 3940 002e 5BB1     		cbz	r3, .L369
1732:Middlewares/Third_Party/LwIP/src/core/tcp.c ****         /* longer inactivity is also a kill candidate */
 3941              		.loc 1 1732 5 view .LVU1166
1732:Middlewares/Third_Party/LwIP/src/core/tcp.c ****         /* longer inactivity is also a kill candidate */
 3942              		.loc 1 1732 13 is_stmt 0 view .LVU1167
 3943 0030 597D     		ldrb	r1, [r3, #21]	@ zero_extendqisi2
1732:Middlewares/Third_Party/LwIP/src/core/tcp.c ****         /* longer inactivity is also a kill candidate */
 3944              		.loc 1 1732 8 view .LVU1168
 3945 0032 9142     		cmp	r1, r2
 3946 0034 F3D3     		bcc	.L362
1732:Middlewares/Third_Party/LwIP/src/core/tcp.c ****         /* longer inactivity is also a kill candidate */
 3947              		.loc 1 1732 29 discriminator 1 view .LVU1169
 3948 0036 F9D1     		bne	.L363
1734:Middlewares/Third_Party/LwIP/src/core/tcp.c ****       inactivity = tcp_ticks - pcb->tmr;
ARM GAS  /tmp/ccN9yVzV.s 			page 131


 3949              		.loc 1 1734 53 view .LVU1170
 3950 0038 064C     		ldr	r4, .L370+4
 3951 003a 2468     		ldr	r4, [r4]
 3952 003c 1D6A     		ldr	r5, [r3, #32]
 3953 003e A4EB050E 		sub	lr, r4, r5
1734:Middlewares/Third_Party/LwIP/src/core/tcp.c ****       inactivity = tcp_ticks - pcb->tmr;
 3954              		.loc 1 1734 31 view .LVU1171
 3955 0042 E645     		cmp	lr, ip
 3956 0044 F2D3     		bcc	.L363
 3957 0046 EAE7     		b	.L362
 3958              	.L369:
1740:Middlewares/Third_Party/LwIP/src/core/tcp.c ****     LWIP_DEBUGF(TCP_DEBUG, ("tcp_kill_prio: killing oldest PCB %p (%"S32_F")\n",
 3959              		.loc 1 1740 3 is_stmt 1 view .LVU1172
1740:Middlewares/Third_Party/LwIP/src/core/tcp.c ****     LWIP_DEBUGF(TCP_DEBUG, ("tcp_kill_prio: killing oldest PCB %p (%"S32_F")\n",
 3960              		.loc 1 1740 6 is_stmt 0 view .LVU1173
 3961 0048 08B1     		cbz	r0, .L358
1741:Middlewares/Third_Party/LwIP/src/core/tcp.c ****                             (void *)inactive, inactivity));
 3962              		.loc 1 1741 5 is_stmt 1 view .LVU1174
1741:Middlewares/Third_Party/LwIP/src/core/tcp.c ****                             (void *)inactive, inactivity));
 3963              		.loc 1 1741 5 view .LVU1175
1741:Middlewares/Third_Party/LwIP/src/core/tcp.c ****                             (void *)inactive, inactivity));
 3964              		.loc 1 1741 5 discriminator 4 view .LVU1176
1743:Middlewares/Third_Party/LwIP/src/core/tcp.c ****   }
 3965              		.loc 1 1743 5 view .LVU1177
 3966 004a FFF7FEFF 		bl	tcp_abort
 3967              	.LVL398:
 3968              	.L358:
1745:Middlewares/Third_Party/LwIP/src/core/tcp.c **** 
 3969              		.loc 1 1745 1 is_stmt 0 view .LVU1178
 3970 004e 38BD     		pop	{r3, r4, r5, pc}
 3971              	.L371:
 3972              		.align	2
 3973              	.L370:
 3974 0050 00000000 		.word	tcp_active_pcbs
 3975 0054 00000000 		.word	tcp_ticks
 3976              		.cfi_endproc
 3977              	.LFE186:
 3979              		.section	.rodata.tcp_netif_ip_addr_changed_pcblist.str1.4,"aMS",%progbits,1
 3980              		.align	2
 3981              	.LC36:
 3982 0000 7463705F 		.ascii	"tcp_netif_ip_addr_changed_pcblist: invalid old_addr"
 3982      6E657469 
 3982      665F6970 
 3982      5F616464 
 3982      725F6368 
 3983 0033 00       		.ascii	"\000"
 3984              		.section	.text.tcp_netif_ip_addr_changed_pcblist,"ax",%progbits
 3985              		.align	1
 3986              		.syntax unified
 3987              		.thumb
 3988              		.thumb_func
 3990              	tcp_netif_ip_addr_changed_pcblist:
 3991              	.LVL399:
 3992              	.LFB203:
2300:Middlewares/Third_Party/LwIP/src/core/tcp.c ****   struct tcp_pcb *pcb;
 3993              		.loc 1 2300 1 is_stmt 1 view -0
 3994              		.cfi_startproc
ARM GAS  /tmp/ccN9yVzV.s 			page 132


 3995              		@ args = 0, pretend = 0, frame = 0
 3996              		@ frame_needed = 0, uses_anonymous_args = 0
2300:Middlewares/Third_Party/LwIP/src/core/tcp.c ****   struct tcp_pcb *pcb;
 3997              		.loc 1 2300 1 is_stmt 0 view .LVU1180
 3998 0000 70B5     		push	{r4, r5, r6, lr}
 3999              	.LCFI41:
 4000              		.cfi_def_cfa_offset 16
 4001              		.cfi_offset 4, -16
 4002              		.cfi_offset 5, -12
 4003              		.cfi_offset 6, -8
 4004              		.cfi_offset 14, -4
 4005 0002 0C46     		mov	r4, r1
2301:Middlewares/Third_Party/LwIP/src/core/tcp.c ****   pcb = pcb_list;
 4006              		.loc 1 2301 3 is_stmt 1 view .LVU1181
2302:Middlewares/Third_Party/LwIP/src/core/tcp.c **** 
 4007              		.loc 1 2302 3 view .LVU1182
 4008              	.LVL400:
2304:Middlewares/Third_Party/LwIP/src/core/tcp.c **** 
 4009              		.loc 1 2304 3 view .LVU1183
2304:Middlewares/Third_Party/LwIP/src/core/tcp.c **** 
 4010              		.loc 1 2304 3 view .LVU1184
 4011 0004 0546     		mov	r5, r0
 4012 0006 60B9     		cbnz	r0, .L376
2304:Middlewares/Third_Party/LwIP/src/core/tcp.c **** 
 4013              		.loc 1 2304 3 discriminator 1 view .LVU1185
2304:Middlewares/Third_Party/LwIP/src/core/tcp.c **** 
 4014              		.loc 1 2304 3 discriminator 1 view .LVU1186
 4015 0008 0A4B     		ldr	r3, .L381
 4016 000a 4FF41062 		mov	r2, #2304
 4017 000e 0A49     		ldr	r1, .L381+4
 4018              	.LVL401:
2304:Middlewares/Third_Party/LwIP/src/core/tcp.c **** 
 4019              		.loc 1 2304 3 is_stmt 0 discriminator 1 view .LVU1187
 4020 0010 0A48     		ldr	r0, .L381+8
 4021              	.LVL402:
2304:Middlewares/Third_Party/LwIP/src/core/tcp.c **** 
 4022              		.loc 1 2304 3 discriminator 1 view .LVU1188
 4023 0012 FFF7FEFF 		bl	printf
 4024              	.LVL403:
 4025 0016 04E0     		b	.L376
 4026              	.LVL404:
 4027              	.L380:
 4028              	.LBB20:
2315:Middlewares/Third_Party/LwIP/src/core/tcp.c ****       LWIP_DEBUGF(NETIF_DEBUG | LWIP_DBG_STATE, ("netif_set_ipaddr: aborting TCP pcb %p\n", (void *
 4029              		.loc 1 2315 7 is_stmt 1 view .LVU1189
2315:Middlewares/Third_Party/LwIP/src/core/tcp.c ****       LWIP_DEBUGF(NETIF_DEBUG | LWIP_DBG_STATE, ("netif_set_ipaddr: aborting TCP pcb %p\n", (void *
 4030              		.loc 1 2315 23 is_stmt 0 view .LVU1190
 4031 0018 E668     		ldr	r6, [r4, #12]
 4032              	.LVL405:
2316:Middlewares/Third_Party/LwIP/src/core/tcp.c ****       tcp_abort(pcb);
 4033              		.loc 1 2316 7 is_stmt 1 view .LVU1191
2316:Middlewares/Third_Party/LwIP/src/core/tcp.c ****       tcp_abort(pcb);
 4034              		.loc 1 2316 7 view .LVU1192
2316:Middlewares/Third_Party/LwIP/src/core/tcp.c ****       tcp_abort(pcb);
 4035              		.loc 1 2316 7 discriminator 4 view .LVU1193
2317:Middlewares/Third_Party/LwIP/src/core/tcp.c ****       pcb = next;
 4036              		.loc 1 2317 7 view .LVU1194
ARM GAS  /tmp/ccN9yVzV.s 			page 133


 4037 001a 2046     		mov	r0, r4
 4038 001c FFF7FEFF 		bl	tcp_abort
 4039              	.LVL406:
2318:Middlewares/Third_Party/LwIP/src/core/tcp.c ****     } else {
 4040              		.loc 1 2318 7 view .LVU1195
2318:Middlewares/Third_Party/LwIP/src/core/tcp.c ****     } else {
 4041              		.loc 1 2318 11 is_stmt 0 view .LVU1196
 4042 0020 3446     		mov	r4, r6
 4043              	.LVL407:
 4044              	.L376:
2318:Middlewares/Third_Party/LwIP/src/core/tcp.c ****     } else {
 4045              		.loc 1 2318 11 view .LVU1197
 4046              	.LBE20:
2306:Middlewares/Third_Party/LwIP/src/core/tcp.c ****     /* PCB bound to current local interface address? */
 4047              		.loc 1 2306 14 is_stmt 1 view .LVU1198
 4048 0022 2CB1     		cbz	r4, .L379
2308:Middlewares/Third_Party/LwIP/src/core/tcp.c **** #if LWIP_AUTOIP
 4049              		.loc 1 2308 5 view .LVU1199
2308:Middlewares/Third_Party/LwIP/src/core/tcp.c **** #if LWIP_AUTOIP
 4050              		.loc 1 2308 9 is_stmt 0 view .LVU1200
 4051 0024 2268     		ldr	r2, [r4]
 4052 0026 2B68     		ldr	r3, [r5]
2308:Middlewares/Third_Party/LwIP/src/core/tcp.c **** #if LWIP_AUTOIP
 4053              		.loc 1 2308 8 view .LVU1201
 4054 0028 9A42     		cmp	r2, r3
 4055 002a F5D0     		beq	.L380
2320:Middlewares/Third_Party/LwIP/src/core/tcp.c ****     }
 4056              		.loc 1 2320 7 is_stmt 1 view .LVU1202
2320:Middlewares/Third_Party/LwIP/src/core/tcp.c ****     }
 4057              		.loc 1 2320 11 is_stmt 0 view .LVU1203
 4058 002c E468     		ldr	r4, [r4, #12]
 4059              	.LVL408:
2320:Middlewares/Third_Party/LwIP/src/core/tcp.c ****     }
 4060              		.loc 1 2320 11 view .LVU1204
 4061 002e F8E7     		b	.L376
 4062              	.LVL409:
 4063              	.L379:
2323:Middlewares/Third_Party/LwIP/src/core/tcp.c **** 
 4064              		.loc 1 2323 1 view .LVU1205
 4065 0030 70BD     		pop	{r4, r5, r6, pc}
 4066              	.LVL410:
 4067              	.L382:
2323:Middlewares/Third_Party/LwIP/src/core/tcp.c **** 
 4068              		.loc 1 2323 1 view .LVU1206
 4069 0032 00BF     		.align	2
 4070              	.L381:
 4071 0034 00000000 		.word	.LC0
 4072 0038 00000000 		.word	.LC36
 4073 003c 54000000 		.word	.LC2
 4074              		.cfi_endproc
 4075              	.LFE203:
 4077              		.section	.text.tcp_netif_ip_addr_changed,"ax",%progbits
 4078              		.align	1
 4079              		.global	tcp_netif_ip_addr_changed
 4080              		.syntax unified
 4081              		.thumb
 4082              		.thumb_func
ARM GAS  /tmp/ccN9yVzV.s 			page 134


 4084              	tcp_netif_ip_addr_changed:
 4085              	.LVL411:
 4086              	.LFB204:
2332:Middlewares/Third_Party/LwIP/src/core/tcp.c ****   struct tcp_pcb_listen *lpcb;
 4087              		.loc 1 2332 1 is_stmt 1 view -0
 4088              		.cfi_startproc
 4089              		@ args = 0, pretend = 0, frame = 0
 4090              		@ frame_needed = 0, uses_anonymous_args = 0
2333:Middlewares/Third_Party/LwIP/src/core/tcp.c **** 
 4091              		.loc 1 2333 3 view .LVU1208
2335:Middlewares/Third_Party/LwIP/src/core/tcp.c ****     tcp_netif_ip_addr_changed_pcblist(old_addr, tcp_active_pcbs);
 4092              		.loc 1 2335 3 view .LVU1209
2335:Middlewares/Third_Party/LwIP/src/core/tcp.c ****     tcp_netif_ip_addr_changed_pcblist(old_addr, tcp_active_pcbs);
 4093              		.loc 1 2335 6 is_stmt 0 view .LVU1210
 4094 0000 00B3     		cbz	r0, .L389
2332:Middlewares/Third_Party/LwIP/src/core/tcp.c ****   struct tcp_pcb_listen *lpcb;
 4095              		.loc 1 2332 1 view .LVU1211
 4096 0002 38B5     		push	{r3, r4, r5, lr}
 4097              	.LCFI42:
 4098              		.cfi_def_cfa_offset 16
 4099              		.cfi_offset 3, -16
 4100              		.cfi_offset 4, -12
 4101              		.cfi_offset 5, -8
 4102              		.cfi_offset 14, -4
 4103 0004 0D46     		mov	r5, r1
 4104 0006 0446     		mov	r4, r0
2335:Middlewares/Third_Party/LwIP/src/core/tcp.c ****     tcp_netif_ip_addr_changed_pcblist(old_addr, tcp_active_pcbs);
 4105              		.loc 1 2335 8 discriminator 1 view .LVU1212
 4106 0008 0368     		ldr	r3, [r0]
2335:Middlewares/Third_Party/LwIP/src/core/tcp.c ****     tcp_netif_ip_addr_changed_pcblist(old_addr, tcp_active_pcbs);
 4107              		.loc 1 2335 7 discriminator 1 view .LVU1213
 4108 000a 03B9     		cbnz	r3, .L392
 4109              	.LVL412:
 4110              	.L383:
2351:Middlewares/Third_Party/LwIP/src/core/tcp.c **** 
 4111              		.loc 1 2351 1 view .LVU1214
 4112 000c 38BD     		pop	{r3, r4, r5, pc}
 4113              	.LVL413:
 4114              	.L392:
2336:Middlewares/Third_Party/LwIP/src/core/tcp.c ****     tcp_netif_ip_addr_changed_pcblist(old_addr, tcp_bound_pcbs);
 4115              		.loc 1 2336 5 is_stmt 1 view .LVU1215
 4116 000e 0E4B     		ldr	r3, .L393
 4117 0010 1968     		ldr	r1, [r3]
 4118              	.LVL414:
2336:Middlewares/Third_Party/LwIP/src/core/tcp.c ****     tcp_netif_ip_addr_changed_pcblist(old_addr, tcp_bound_pcbs);
 4119              		.loc 1 2336 5 is_stmt 0 view .LVU1216
 4120 0012 FFF7FEFF 		bl	tcp_netif_ip_addr_changed_pcblist
 4121              	.LVL415:
2337:Middlewares/Third_Party/LwIP/src/core/tcp.c **** 
 4122              		.loc 1 2337 5 is_stmt 1 view .LVU1217
 4123 0016 0D4B     		ldr	r3, .L393+4
 4124 0018 1968     		ldr	r1, [r3]
 4125 001a 2046     		mov	r0, r4
 4126 001c FFF7FEFF 		bl	tcp_netif_ip_addr_changed_pcblist
 4127              	.LVL416:
2339:Middlewares/Third_Party/LwIP/src/core/tcp.c ****       /* PCB bound to current local interface address? */
 4128              		.loc 1 2339 5 view .LVU1218
ARM GAS  /tmp/ccN9yVzV.s 			page 135


2339:Middlewares/Third_Party/LwIP/src/core/tcp.c ****       /* PCB bound to current local interface address? */
 4129              		.loc 1 2339 8 is_stmt 0 view .LVU1219
 4130 0020 002D     		cmp	r5, #0
 4131 0022 F3D0     		beq	.L383
2339:Middlewares/Third_Party/LwIP/src/core/tcp.c ****       /* PCB bound to current local interface address? */
 4132              		.loc 1 2339 10 discriminator 1 view .LVU1220
 4133 0024 2B68     		ldr	r3, [r5]
2339:Middlewares/Third_Party/LwIP/src/core/tcp.c ****       /* PCB bound to current local interface address? */
 4134              		.loc 1 2339 9 discriminator 1 view .LVU1221
 4135 0026 002B     		cmp	r3, #0
 4136 0028 F0D0     		beq	.L383
2341:Middlewares/Third_Party/LwIP/src/core/tcp.c ****         /* PCB bound to current local interface address? */
 4137              		.loc 1 2341 7 is_stmt 1 view .LVU1222
2341:Middlewares/Third_Party/LwIP/src/core/tcp.c ****         /* PCB bound to current local interface address? */
 4138              		.loc 1 2341 17 is_stmt 0 view .LVU1223
 4139 002a 094B     		ldr	r3, .L393+8
 4140 002c 1B68     		ldr	r3, [r3]
 4141              	.LVL417:
2341:Middlewares/Third_Party/LwIP/src/core/tcp.c ****         /* PCB bound to current local interface address? */
 4142              		.loc 1 2341 7 view .LVU1224
 4143 002e 00E0     		b	.L385
 4144              	.L386:
2341:Middlewares/Third_Party/LwIP/src/core/tcp.c ****         /* PCB bound to current local interface address? */
 4145              		.loc 1 2341 67 is_stmt 1 discriminator 2 view .LVU1225
 4146 0030 DB68     		ldr	r3, [r3, #12]
 4147              	.LVL418:
 4148              	.L385:
2341:Middlewares/Third_Party/LwIP/src/core/tcp.c ****         /* PCB bound to current local interface address? */
 4149              		.loc 1 2341 53 discriminator 1 view .LVU1226
 4150 0032 002B     		cmp	r3, #0
 4151 0034 EAD0     		beq	.L383
2343:Middlewares/Third_Party/LwIP/src/core/tcp.c ****           /* The PCB is listening to the old ipaddr and
 4152              		.loc 1 2343 9 view .LVU1227
2343:Middlewares/Third_Party/LwIP/src/core/tcp.c ****           /* The PCB is listening to the old ipaddr and
 4153              		.loc 1 2343 13 is_stmt 0 view .LVU1228
 4154 0036 1968     		ldr	r1, [r3]
 4155 0038 2268     		ldr	r2, [r4]
2343:Middlewares/Third_Party/LwIP/src/core/tcp.c ****           /* The PCB is listening to the old ipaddr and
 4156              		.loc 1 2343 12 view .LVU1229
 4157 003a 9142     		cmp	r1, r2
 4158 003c F8D1     		bne	.L386
2346:Middlewares/Third_Party/LwIP/src/core/tcp.c ****         }
 4159              		.loc 1 2346 11 is_stmt 1 view .LVU1230
 4160 003e 2A68     		ldr	r2, [r5]
 4161 0040 1A60     		str	r2, [r3]
 4162 0042 F5E7     		b	.L386
 4163              	.LVL419:
 4164              	.L389:
 4165              	.LCFI43:
 4166              		.cfi_def_cfa_offset 0
 4167              		.cfi_restore 3
 4168              		.cfi_restore 4
 4169              		.cfi_restore 5
 4170              		.cfi_restore 14
2346:Middlewares/Third_Party/LwIP/src/core/tcp.c ****         }
 4171              		.loc 1 2346 11 is_stmt 0 view .LVU1231
 4172 0044 7047     		bx	lr
ARM GAS  /tmp/ccN9yVzV.s 			page 136


 4173              	.L394:
 4174 0046 00BF     		.align	2
 4175              	.L393:
 4176 0048 00000000 		.word	tcp_active_pcbs
 4177 004c 00000000 		.word	tcp_bound_pcbs
 4178 0050 00000000 		.word	tcp_listen_pcbs
 4179              		.cfi_endproc
 4180              	.LFE204:
 4182              		.section	.rodata.tcp_kill_state.str1.4,"aMS",%progbits,1
 4183              		.align	2
 4184              	.LC37:
 4185 0000 696E7661 		.ascii	"invalid state\000"
 4185      6C696420 
 4185      73746174 
 4185      6500
 4186              		.section	.text.tcp_kill_state,"ax",%progbits
 4187              		.align	1
 4188              		.syntax unified
 4189              		.thumb
 4190              		.thumb_func
 4192              	tcp_kill_state:
 4193              	.LVL420:
 4194              	.LFB187:
1753:Middlewares/Third_Party/LwIP/src/core/tcp.c ****   struct tcp_pcb *pcb, *inactive;
 4195              		.loc 1 1753 1 is_stmt 1 view -0
 4196              		.cfi_startproc
 4197              		@ args = 0, pretend = 0, frame = 0
 4198              		@ frame_needed = 0, uses_anonymous_args = 0
1753:Middlewares/Third_Party/LwIP/src/core/tcp.c ****   struct tcp_pcb *pcb, *inactive;
 4199              		.loc 1 1753 1 is_stmt 0 view .LVU1233
 4200 0000 38B5     		push	{r3, r4, r5, lr}
 4201              	.LCFI44:
 4202              		.cfi_def_cfa_offset 16
 4203              		.cfi_offset 3, -16
 4204              		.cfi_offset 4, -12
 4205              		.cfi_offset 5, -8
 4206              		.cfi_offset 14, -4
 4207 0002 0446     		mov	r4, r0
1754:Middlewares/Third_Party/LwIP/src/core/tcp.c ****   u32_t inactivity;
 4208              		.loc 1 1754 3 is_stmt 1 view .LVU1234
1755:Middlewares/Third_Party/LwIP/src/core/tcp.c **** 
 4209              		.loc 1 1755 3 view .LVU1235
1757:Middlewares/Third_Party/LwIP/src/core/tcp.c **** 
 4210              		.loc 1 1757 3 view .LVU1236
1757:Middlewares/Third_Party/LwIP/src/core/tcp.c **** 
 4211              		.loc 1 1757 3 view .LVU1237
 4212 0004 A0F10803 		sub	r3, r0, #8
 4213 0008 DBB2     		uxtb	r3, r3
 4214 000a 012B     		cmp	r3, #1
 4215 000c 04D8     		bhi	.L403
 4216              	.LVL421:
 4217              	.L396:
1757:Middlewares/Third_Party/LwIP/src/core/tcp.c **** 
 4218              		.loc 1 1757 3 discriminator 3 view .LVU1238
1757:Middlewares/Third_Party/LwIP/src/core/tcp.c **** 
 4219              		.loc 1 1757 3 discriminator 3 view .LVU1239
1759:Middlewares/Third_Party/LwIP/src/core/tcp.c ****   inactive = NULL;
ARM GAS  /tmp/ccN9yVzV.s 			page 137


 4220              		.loc 1 1759 3 view .LVU1240
1760:Middlewares/Third_Party/LwIP/src/core/tcp.c ****   /* Go through the list of active pcbs and get the oldest pcb that is in state
 4221              		.loc 1 1760 3 view .LVU1241
1763:Middlewares/Third_Party/LwIP/src/core/tcp.c ****     if (pcb->state == state) {
 4222              		.loc 1 1763 3 view .LVU1242
1763:Middlewares/Third_Party/LwIP/src/core/tcp.c ****     if (pcb->state == state) {
 4223              		.loc 1 1763 12 is_stmt 0 view .LVU1243
 4224 000e 104B     		ldr	r3, .L405
 4225 0010 1B68     		ldr	r3, [r3]
 4226              	.LVL422:
1759:Middlewares/Third_Party/LwIP/src/core/tcp.c ****   inactive = NULL;
 4227              		.loc 1 1759 14 view .LVU1244
 4228 0012 0021     		movs	r1, #0
1760:Middlewares/Third_Party/LwIP/src/core/tcp.c ****   /* Go through the list of active pcbs and get the oldest pcb that is in state
 4229              		.loc 1 1760 12 view .LVU1245
 4230 0014 0846     		mov	r0, r1
1763:Middlewares/Third_Party/LwIP/src/core/tcp.c ****     if (pcb->state == state) {
 4231              		.loc 1 1763 3 view .LVU1246
 4232 0016 08E0     		b	.L397
 4233              	.LVL423:
 4234              	.L403:
1757:Middlewares/Third_Party/LwIP/src/core/tcp.c **** 
 4235              		.loc 1 1757 3 is_stmt 1 discriminator 1 view .LVU1247
1757:Middlewares/Third_Party/LwIP/src/core/tcp.c **** 
 4236              		.loc 1 1757 3 discriminator 1 view .LVU1248
 4237 0018 0E4B     		ldr	r3, .L405+4
 4238 001a 40F2DD62 		movw	r2, #1757
 4239 001e 0E49     		ldr	r1, .L405+8
 4240 0020 0E48     		ldr	r0, .L405+12
 4241              	.LVL424:
1757:Middlewares/Third_Party/LwIP/src/core/tcp.c **** 
 4242              		.loc 1 1757 3 is_stmt 0 discriminator 1 view .LVU1249
 4243 0022 FFF7FEFF 		bl	printf
 4244              	.LVL425:
 4245 0026 F2E7     		b	.L396
 4246              	.LVL426:
 4247              	.L398:
1763:Middlewares/Third_Party/LwIP/src/core/tcp.c ****     if (pcb->state == state) {
 4248              		.loc 1 1763 48 is_stmt 1 discriminator 2 view .LVU1250
 4249 0028 DB68     		ldr	r3, [r3, #12]
 4250              	.LVL427:
 4251              	.L397:
1763:Middlewares/Third_Party/LwIP/src/core/tcp.c ****     if (pcb->state == state) {
 4252              		.loc 1 1763 35 discriminator 1 view .LVU1251
 4253 002a 5BB1     		cbz	r3, .L404
1764:Middlewares/Third_Party/LwIP/src/core/tcp.c ****       if ((u32_t)(tcp_ticks - pcb->tmr) >= inactivity) {
 4254              		.loc 1 1764 5 view .LVU1252
1764:Middlewares/Third_Party/LwIP/src/core/tcp.c ****       if ((u32_t)(tcp_ticks - pcb->tmr) >= inactivity) {
 4255              		.loc 1 1764 12 is_stmt 0 view .LVU1253
 4256 002c 1A7D     		ldrb	r2, [r3, #20]	@ zero_extendqisi2
1764:Middlewares/Third_Party/LwIP/src/core/tcp.c ****       if ((u32_t)(tcp_ticks - pcb->tmr) >= inactivity) {
 4257              		.loc 1 1764 8 view .LVU1254
 4258 002e A242     		cmp	r2, r4
 4259 0030 FAD1     		bne	.L398
1765:Middlewares/Third_Party/LwIP/src/core/tcp.c ****         inactivity = tcp_ticks - pcb->tmr;
 4260              		.loc 1 1765 7 is_stmt 1 view .LVU1255
1765:Middlewares/Third_Party/LwIP/src/core/tcp.c ****         inactivity = tcp_ticks - pcb->tmr;
ARM GAS  /tmp/ccN9yVzV.s 			page 138


 4261              		.loc 1 1765 29 is_stmt 0 view .LVU1256
 4262 0032 0B4A     		ldr	r2, .L405+16
 4263 0034 1268     		ldr	r2, [r2]
 4264 0036 1D6A     		ldr	r5, [r3, #32]
 4265 0038 521B     		subs	r2, r2, r5
1765:Middlewares/Third_Party/LwIP/src/core/tcp.c ****         inactivity = tcp_ticks - pcb->tmr;
 4266              		.loc 1 1765 10 view .LVU1257
 4267 003a 8A42     		cmp	r2, r1
 4268 003c F4D3     		bcc	.L398
1766:Middlewares/Third_Party/LwIP/src/core/tcp.c ****         inactive = pcb;
 4269              		.loc 1 1766 20 view .LVU1258
 4270 003e 1146     		mov	r1, r2
 4271              	.LVL428:
1767:Middlewares/Third_Party/LwIP/src/core/tcp.c ****       }
 4272              		.loc 1 1767 18 view .LVU1259
 4273 0040 1846     		mov	r0, r3
 4274              	.LVL429:
1767:Middlewares/Third_Party/LwIP/src/core/tcp.c ****       }
 4275              		.loc 1 1767 18 view .LVU1260
 4276 0042 F1E7     		b	.L398
 4277              	.LVL430:
 4278              	.L404:
1771:Middlewares/Third_Party/LwIP/src/core/tcp.c ****     LWIP_DEBUGF(TCP_DEBUG, ("tcp_kill_closing: killing oldest %s PCB %p (%"S32_F")\n",
 4279              		.loc 1 1771 3 is_stmt 1 view .LVU1261
1771:Middlewares/Third_Party/LwIP/src/core/tcp.c ****     LWIP_DEBUGF(TCP_DEBUG, ("tcp_kill_closing: killing oldest %s PCB %p (%"S32_F")\n",
 4280              		.loc 1 1771 6 is_stmt 0 view .LVU1262
 4281 0044 10B1     		cbz	r0, .L395
1772:Middlewares/Third_Party/LwIP/src/core/tcp.c ****                             tcp_state_str[state], (void *)inactive, inactivity));
 4282              		.loc 1 1772 5 is_stmt 1 view .LVU1263
1772:Middlewares/Third_Party/LwIP/src/core/tcp.c ****                             tcp_state_str[state], (void *)inactive, inactivity));
 4283              		.loc 1 1772 5 view .LVU1264
1772:Middlewares/Third_Party/LwIP/src/core/tcp.c ****                             tcp_state_str[state], (void *)inactive, inactivity));
 4284              		.loc 1 1772 5 discriminator 4 view .LVU1265
1775:Middlewares/Third_Party/LwIP/src/core/tcp.c ****   }
 4285              		.loc 1 1775 5 view .LVU1266
 4286 0046 0021     		movs	r1, #0
 4287              	.LVL431:
1775:Middlewares/Third_Party/LwIP/src/core/tcp.c ****   }
 4288              		.loc 1 1775 5 is_stmt 0 view .LVU1267
 4289 0048 FFF7FEFF 		bl	tcp_abandon
 4290              	.LVL432:
 4291              	.L395:
1777:Middlewares/Third_Party/LwIP/src/core/tcp.c **** 
 4292              		.loc 1 1777 1 view .LVU1268
 4293 004c 38BD     		pop	{r3, r4, r5, pc}
 4294              	.LVL433:
 4295              	.L406:
1777:Middlewares/Third_Party/LwIP/src/core/tcp.c **** 
 4296              		.loc 1 1777 1 view .LVU1269
 4297 004e 00BF     		.align	2
 4298              	.L405:
 4299 0050 00000000 		.word	tcp_active_pcbs
 4300 0054 00000000 		.word	.LC0
 4301 0058 00000000 		.word	.LC37
 4302 005c 54000000 		.word	.LC2
 4303 0060 00000000 		.word	tcp_ticks
 4304              		.cfi_endproc
ARM GAS  /tmp/ccN9yVzV.s 			page 139


 4305              	.LFE187:
 4307              		.section	.text.tcp_alloc,"ax",%progbits
 4308              		.align	1
 4309              		.global	tcp_alloc
 4310              		.syntax unified
 4311              		.thumb
 4312              		.thumb_func
 4314              	tcp_alloc:
 4315              	.LVL434:
 4316              	.LFB190:
1835:Middlewares/Third_Party/LwIP/src/core/tcp.c ****   struct tcp_pcb *pcb;
 4317              		.loc 1 1835 1 is_stmt 1 view -0
 4318              		.cfi_startproc
 4319              		@ args = 0, pretend = 0, frame = 0
 4320              		@ frame_needed = 0, uses_anonymous_args = 0
1835:Middlewares/Third_Party/LwIP/src/core/tcp.c ****   struct tcp_pcb *pcb;
 4321              		.loc 1 1835 1 is_stmt 0 view .LVU1271
 4322 0000 38B5     		push	{r3, r4, r5, lr}
 4323              	.LCFI45:
 4324              		.cfi_def_cfa_offset 16
 4325              		.cfi_offset 3, -16
 4326              		.cfi_offset 4, -12
 4327              		.cfi_offset 5, -8
 4328              		.cfi_offset 14, -4
 4329 0002 0546     		mov	r5, r0
1836:Middlewares/Third_Party/LwIP/src/core/tcp.c **** 
 4330              		.loc 1 1836 3 is_stmt 1 view .LVU1272
1838:Middlewares/Third_Party/LwIP/src/core/tcp.c **** 
 4331              		.loc 1 1838 28 view .LVU1273
1840:Middlewares/Third_Party/LwIP/src/core/tcp.c ****   if (pcb == NULL) {
 4332              		.loc 1 1840 3 view .LVU1274
1840:Middlewares/Third_Party/LwIP/src/core/tcp.c ****   if (pcb == NULL) {
 4333              		.loc 1 1840 27 is_stmt 0 view .LVU1275
 4334 0004 0120     		movs	r0, #1
 4335              	.LVL435:
1840:Middlewares/Third_Party/LwIP/src/core/tcp.c ****   if (pcb == NULL) {
 4336              		.loc 1 1840 27 view .LVU1276
 4337 0006 FFF7FEFF 		bl	memp_malloc
 4338              	.LVL436:
1841:Middlewares/Third_Party/LwIP/src/core/tcp.c ****     /* Try to send FIN for all pcbs stuck in TF_CLOSEPEND first */
 4339              		.loc 1 1841 3 is_stmt 1 view .LVU1277
1841:Middlewares/Third_Party/LwIP/src/core/tcp.c ****     /* Try to send FIN for all pcbs stuck in TF_CLOSEPEND first */
 4340              		.loc 1 1841 6 is_stmt 0 view .LVU1278
 4341 000a 0446     		mov	r4, r0
 4342 000c 60B3     		cbz	r0, .L411
 4343              	.L408:
 4344              	.LVL437:
1890:Middlewares/Third_Party/LwIP/src/core/tcp.c ****     pcb->prio = prio;
 4345              		.loc 1 1890 5 is_stmt 1 view .LVU1279
 4346 000e 9C22     		movs	r2, #156
 4347 0010 0021     		movs	r1, #0
 4348 0012 2046     		mov	r0, r4
 4349 0014 FFF7FEFF 		bl	memset
 4350              	.LVL438:
1891:Middlewares/Third_Party/LwIP/src/core/tcp.c ****     pcb->snd_buf = TCP_SND_BUF;
 4351              		.loc 1 1891 5 view .LVU1280
1891:Middlewares/Third_Party/LwIP/src/core/tcp.c ****     pcb->snd_buf = TCP_SND_BUF;
ARM GAS  /tmp/ccN9yVzV.s 			page 140


 4352              		.loc 1 1891 15 is_stmt 0 view .LVU1281
 4353 0018 6575     		strb	r5, [r4, #21]
1892:Middlewares/Third_Party/LwIP/src/core/tcp.c ****     /* Start with a window that does not need scaling. When window scaling is
 4354              		.loc 1 1892 5 is_stmt 1 view .LVU1282
1892:Middlewares/Third_Party/LwIP/src/core/tcp.c ****     /* Start with a window that does not need scaling. When window scaling is
 4355              		.loc 1 1892 18 is_stmt 0 view .LVU1283
 4356 001a 4FF48663 		mov	r3, #1072
 4357 001e A4F86430 		strh	r3, [r4, #100]	@ movhi
1895:Middlewares/Third_Party/LwIP/src/core/tcp.c ****     pcb->ttl = TCP_TTL;
 4358              		.loc 1 1895 5 is_stmt 1 view .LVU1284
1895:Middlewares/Third_Party/LwIP/src/core/tcp.c ****     pcb->ttl = TCP_TTL;
 4359              		.loc 1 1895 37 is_stmt 0 view .LVU1285
 4360 0022 4FF40662 		mov	r2, #2144
 4361 0026 6285     		strh	r2, [r4, #42]	@ movhi
1895:Middlewares/Third_Party/LwIP/src/core/tcp.c ****     pcb->ttl = TCP_TTL;
 4362              		.loc 1 1895 18 view .LVU1286
 4363 0028 2285     		strh	r2, [r4, #40]	@ movhi
1896:Middlewares/Third_Party/LwIP/src/core/tcp.c ****     /* As initial send MSS, we use TCP_MSS but limit it to 536.
 4364              		.loc 1 1896 5 is_stmt 1 view .LVU1287
1896:Middlewares/Third_Party/LwIP/src/core/tcp.c ****     /* As initial send MSS, we use TCP_MSS but limit it to 536.
 4365              		.loc 1 1896 14 is_stmt 0 view .LVU1288
 4366 002a FF22     		movs	r2, #255
 4367 002c E272     		strb	r2, [r4, #11]
1899:Middlewares/Third_Party/LwIP/src/core/tcp.c ****     pcb->rto = 3000 / TCP_SLOW_INTERVAL;
 4368              		.loc 1 1899 5 is_stmt 1 view .LVU1289
1899:Middlewares/Third_Party/LwIP/src/core/tcp.c ****     pcb->rto = 3000 / TCP_SLOW_INTERVAL;
 4369              		.loc 1 1899 14 is_stmt 0 view .LVU1290
 4370 002e 4FF40672 		mov	r2, #536
 4371 0032 6286     		strh	r2, [r4, #50]	@ movhi
1900:Middlewares/Third_Party/LwIP/src/core/tcp.c ****     pcb->sv = 3000 / TCP_SLOW_INTERVAL;
 4372              		.loc 1 1900 5 is_stmt 1 view .LVU1291
1900:Middlewares/Third_Party/LwIP/src/core/tcp.c ****     pcb->sv = 3000 / TCP_SLOW_INTERVAL;
 4373              		.loc 1 1900 14 is_stmt 0 view .LVU1292
 4374 0034 0622     		movs	r2, #6
 4375 0036 A4F84020 		strh	r2, [r4, #64]	@ movhi
1901:Middlewares/Third_Party/LwIP/src/core/tcp.c ****     pcb->rtime = -1;
 4376              		.loc 1 1901 5 is_stmt 1 view .LVU1293
1901:Middlewares/Third_Party/LwIP/src/core/tcp.c ****     pcb->rtime = -1;
 4377              		.loc 1 1901 13 is_stmt 0 view .LVU1294
 4378 003a E287     		strh	r2, [r4, #62]	@ movhi
1902:Middlewares/Third_Party/LwIP/src/core/tcp.c ****     pcb->cwnd = 1;
 4379              		.loc 1 1902 5 is_stmt 1 view .LVU1295
1902:Middlewares/Third_Party/LwIP/src/core/tcp.c ****     pcb->cwnd = 1;
 4380              		.loc 1 1902 16 is_stmt 0 view .LVU1296
 4381 003c 4FF6FF72 		movw	r2, #65535
 4382 0040 2286     		strh	r2, [r4, #48]	@ movhi
1903:Middlewares/Third_Party/LwIP/src/core/tcp.c ****     pcb->tmr = tcp_ticks;
 4383              		.loc 1 1903 5 is_stmt 1 view .LVU1297
1903:Middlewares/Third_Party/LwIP/src/core/tcp.c ****     pcb->tmr = tcp_ticks;
 4384              		.loc 1 1903 15 is_stmt 0 view .LVU1298
 4385 0042 0122     		movs	r2, #1
 4386 0044 A4F84820 		strh	r2, [r4, #72]	@ movhi
1904:Middlewares/Third_Party/LwIP/src/core/tcp.c ****     pcb->last_timer = tcp_timer_ctr;
 4387              		.loc 1 1904 5 is_stmt 1 view .LVU1299
1904:Middlewares/Third_Party/LwIP/src/core/tcp.c ****     pcb->last_timer = tcp_timer_ctr;
 4388              		.loc 1 1904 14 is_stmt 0 view .LVU1300
 4389 0048 1A4A     		ldr	r2, .L412
ARM GAS  /tmp/ccN9yVzV.s 			page 141


 4390 004a 1268     		ldr	r2, [r2]
 4391 004c 2262     		str	r2, [r4, #32]
1905:Middlewares/Third_Party/LwIP/src/core/tcp.c **** 
 4392              		.loc 1 1905 5 is_stmt 1 view .LVU1301
1905:Middlewares/Third_Party/LwIP/src/core/tcp.c **** 
 4393              		.loc 1 1905 21 is_stmt 0 view .LVU1302
 4394 004e 1A4A     		ldr	r2, .L412+4
 4395 0050 1278     		ldrb	r2, [r2]	@ zero_extendqisi2
 4396 0052 A277     		strb	r2, [r4, #30]
1913:Middlewares/Third_Party/LwIP/src/core/tcp.c **** 
 4397              		.loc 1 1913 5 is_stmt 1 view .LVU1303
1913:Middlewares/Third_Party/LwIP/src/core/tcp.c **** 
 4398              		.loc 1 1913 19 is_stmt 0 view .LVU1304
 4399 0054 A4F84A30 		strh	r3, [r4, #74]	@ movhi
1916:Middlewares/Third_Party/LwIP/src/core/tcp.c **** #endif /* LWIP_CALLBACK_API */
 4400              		.loc 1 1916 5 is_stmt 1 view .LVU1305
1916:Middlewares/Third_Party/LwIP/src/core/tcp.c **** #endif /* LWIP_CALLBACK_API */
 4401              		.loc 1 1916 15 is_stmt 0 view .LVU1306
 4402 0058 184B     		ldr	r3, .L412+8
 4403 005a C4F88430 		str	r3, [r4, #132]
1920:Middlewares/Third_Party/LwIP/src/core/tcp.c **** 
 4404              		.loc 1 1920 5 is_stmt 1 view .LVU1307
1920:Middlewares/Third_Party/LwIP/src/core/tcp.c **** 
 4405              		.loc 1 1920 21 is_stmt 0 view .LVU1308
 4406 005e 184B     		ldr	r3, .L412+12
 4407 0060 C4F89430 		str	r3, [r4, #148]
1927:Middlewares/Third_Party/LwIP/src/core/tcp.c **** }
 4408              		.loc 1 1927 3 is_stmt 1 view .LVU1309
 4409              	.L407:
1928:Middlewares/Third_Party/LwIP/src/core/tcp.c **** 
 4410              		.loc 1 1928 1 is_stmt 0 view .LVU1310
 4411 0064 2046     		mov	r0, r4
 4412 0066 38BD     		pop	{r3, r4, r5, pc}
 4413              	.LVL439:
 4414              	.L411:
1843:Middlewares/Third_Party/LwIP/src/core/tcp.c **** 
 4415              		.loc 1 1843 5 is_stmt 1 view .LVU1311
 4416 0068 FFF7FEFF 		bl	tcp_handle_closepend
 4417              	.LVL440:
1846:Middlewares/Third_Party/LwIP/src/core/tcp.c ****     tcp_kill_timewait();
 4418              		.loc 1 1846 5 view .LVU1312
1846:Middlewares/Third_Party/LwIP/src/core/tcp.c ****     tcp_kill_timewait();
 4419              		.loc 1 1846 5 view .LVU1313
1846:Middlewares/Third_Party/LwIP/src/core/tcp.c ****     tcp_kill_timewait();
 4420              		.loc 1 1846 5 discriminator 4 view .LVU1314
1847:Middlewares/Third_Party/LwIP/src/core/tcp.c ****     /* Try to allocate a tcp_pcb again. */
 4421              		.loc 1 1847 5 view .LVU1315
 4422 006c FFF7FEFF 		bl	tcp_kill_timewait
 4423              	.LVL441:
1849:Middlewares/Third_Party/LwIP/src/core/tcp.c ****     if (pcb == NULL) {
 4424              		.loc 1 1849 5 view .LVU1316
1849:Middlewares/Third_Party/LwIP/src/core/tcp.c ****     if (pcb == NULL) {
 4425              		.loc 1 1849 29 is_stmt 0 view .LVU1317
 4426 0070 0120     		movs	r0, #1
 4427 0072 FFF7FEFF 		bl	memp_malloc
 4428              	.LVL442:
1850:Middlewares/Third_Party/LwIP/src/core/tcp.c ****       /* Try killing oldest connection in LAST-ACK (these wouldn't go to TIME-WAIT). */
ARM GAS  /tmp/ccN9yVzV.s 			page 142


 4429              		.loc 1 1850 5 is_stmt 1 view .LVU1318
1850:Middlewares/Third_Party/LwIP/src/core/tcp.c ****       /* Try killing oldest connection in LAST-ACK (these wouldn't go to TIME-WAIT). */
 4430              		.loc 1 1850 8 is_stmt 0 view .LVU1319
 4431 0076 0446     		mov	r4, r0
 4432 0078 0028     		cmp	r0, #0
 4433 007a C8D1     		bne	.L408
1852:Middlewares/Third_Party/LwIP/src/core/tcp.c ****       tcp_kill_state(LAST_ACK);
 4434              		.loc 1 1852 7 is_stmt 1 view .LVU1320
1852:Middlewares/Third_Party/LwIP/src/core/tcp.c ****       tcp_kill_state(LAST_ACK);
 4435              		.loc 1 1852 7 view .LVU1321
1852:Middlewares/Third_Party/LwIP/src/core/tcp.c ****       tcp_kill_state(LAST_ACK);
 4436              		.loc 1 1852 7 discriminator 4 view .LVU1322
1853:Middlewares/Third_Party/LwIP/src/core/tcp.c ****       /* Try to allocate a tcp_pcb again. */
 4437              		.loc 1 1853 7 view .LVU1323
 4438 007c 0920     		movs	r0, #9
 4439              	.LVL443:
1853:Middlewares/Third_Party/LwIP/src/core/tcp.c ****       /* Try to allocate a tcp_pcb again. */
 4440              		.loc 1 1853 7 is_stmt 0 view .LVU1324
 4441 007e FFF7FEFF 		bl	tcp_kill_state
 4442              	.LVL444:
1855:Middlewares/Third_Party/LwIP/src/core/tcp.c ****       if (pcb == NULL) {
 4443              		.loc 1 1855 7 is_stmt 1 view .LVU1325
1855:Middlewares/Third_Party/LwIP/src/core/tcp.c ****       if (pcb == NULL) {
 4444              		.loc 1 1855 31 is_stmt 0 view .LVU1326
 4445 0082 0120     		movs	r0, #1
 4446 0084 FFF7FEFF 		bl	memp_malloc
 4447              	.LVL445:
1856:Middlewares/Third_Party/LwIP/src/core/tcp.c ****         /* Try killing oldest connection in CLOSING. */
 4448              		.loc 1 1856 7 is_stmt 1 view .LVU1327
1856:Middlewares/Third_Party/LwIP/src/core/tcp.c ****         /* Try killing oldest connection in CLOSING. */
 4449              		.loc 1 1856 10 is_stmt 0 view .LVU1328
 4450 0088 0446     		mov	r4, r0
 4451 008a 0028     		cmp	r0, #0
 4452 008c BFD1     		bne	.L408
1858:Middlewares/Third_Party/LwIP/src/core/tcp.c ****         tcp_kill_state(CLOSING);
 4453              		.loc 1 1858 9 is_stmt 1 view .LVU1329
1858:Middlewares/Third_Party/LwIP/src/core/tcp.c ****         tcp_kill_state(CLOSING);
 4454              		.loc 1 1858 9 view .LVU1330
1858:Middlewares/Third_Party/LwIP/src/core/tcp.c ****         tcp_kill_state(CLOSING);
 4455              		.loc 1 1858 9 discriminator 4 view .LVU1331
1859:Middlewares/Third_Party/LwIP/src/core/tcp.c ****         /* Try to allocate a tcp_pcb again. */
 4456              		.loc 1 1859 9 view .LVU1332
 4457 008e 0820     		movs	r0, #8
 4458              	.LVL446:
1859:Middlewares/Third_Party/LwIP/src/core/tcp.c ****         /* Try to allocate a tcp_pcb again. */
 4459              		.loc 1 1859 9 is_stmt 0 view .LVU1333
 4460 0090 FFF7FEFF 		bl	tcp_kill_state
 4461              	.LVL447:
1861:Middlewares/Third_Party/LwIP/src/core/tcp.c ****         if (pcb == NULL) {
 4462              		.loc 1 1861 9 is_stmt 1 view .LVU1334
1861:Middlewares/Third_Party/LwIP/src/core/tcp.c ****         if (pcb == NULL) {
 4463              		.loc 1 1861 33 is_stmt 0 view .LVU1335
 4464 0094 0120     		movs	r0, #1
 4465 0096 FFF7FEFF 		bl	memp_malloc
 4466              	.LVL448:
1862:Middlewares/Third_Party/LwIP/src/core/tcp.c ****           /* Try killing oldest active connection with lower priority than the new one. */
 4467              		.loc 1 1862 9 is_stmt 1 view .LVU1336
ARM GAS  /tmp/ccN9yVzV.s 			page 143


1862:Middlewares/Third_Party/LwIP/src/core/tcp.c ****           /* Try killing oldest active connection with lower priority than the new one. */
 4468              		.loc 1 1862 12 is_stmt 0 view .LVU1337
 4469 009a 0446     		mov	r4, r0
 4470 009c 0028     		cmp	r0, #0
 4471 009e B6D1     		bne	.L408
1864:Middlewares/Third_Party/LwIP/src/core/tcp.c ****           tcp_kill_prio(prio);
 4472              		.loc 1 1864 11 is_stmt 1 view .LVU1338
1864:Middlewares/Third_Party/LwIP/src/core/tcp.c ****           tcp_kill_prio(prio);
 4473              		.loc 1 1864 11 view .LVU1339
1864:Middlewares/Third_Party/LwIP/src/core/tcp.c ****           tcp_kill_prio(prio);
 4474              		.loc 1 1864 11 discriminator 4 view .LVU1340
1865:Middlewares/Third_Party/LwIP/src/core/tcp.c ****           /* Try to allocate a tcp_pcb again. */
 4475              		.loc 1 1865 11 view .LVU1341
 4476 00a0 2846     		mov	r0, r5
 4477              	.LVL449:
1865:Middlewares/Third_Party/LwIP/src/core/tcp.c ****           /* Try to allocate a tcp_pcb again. */
 4478              		.loc 1 1865 11 is_stmt 0 view .LVU1342
 4479 00a2 FFF7FEFF 		bl	tcp_kill_prio
 4480              	.LVL450:
1867:Middlewares/Third_Party/LwIP/src/core/tcp.c ****           if (pcb != NULL) {
 4481              		.loc 1 1867 11 is_stmt 1 view .LVU1343
1867:Middlewares/Third_Party/LwIP/src/core/tcp.c ****           if (pcb != NULL) {
 4482              		.loc 1 1867 35 is_stmt 0 view .LVU1344
 4483 00a6 0120     		movs	r0, #1
 4484 00a8 FFF7FEFF 		bl	memp_malloc
 4485              	.LVL451:
1868:Middlewares/Third_Party/LwIP/src/core/tcp.c ****             /* adjust err stats: memp_malloc failed multiple times before */
 4486              		.loc 1 1868 11 is_stmt 1 view .LVU1345
1885:Middlewares/Third_Party/LwIP/src/core/tcp.c ****     }
 4487              		.loc 1 1885 40 view .LVU1346
1888:Middlewares/Third_Party/LwIP/src/core/tcp.c ****     /* zero out the whole pcb, so there is no need to initialize members to zero */
 4488              		.loc 1 1888 3 view .LVU1347
1888:Middlewares/Third_Party/LwIP/src/core/tcp.c ****     /* zero out the whole pcb, so there is no need to initialize members to zero */
 4489              		.loc 1 1888 6 is_stmt 0 view .LVU1348
 4490 00ac 0446     		mov	r4, r0
 4491 00ae 0028     		cmp	r0, #0
 4492 00b0 ADD1     		bne	.L408
 4493 00b2 D7E7     		b	.L407
 4494              	.L413:
 4495              		.align	2
 4496              	.L412:
 4497 00b4 00000000 		.word	tcp_ticks
 4498 00b8 00000000 		.word	tcp_timer_ctr
 4499 00bc 00000000 		.word	tcp_recv_null
 4500 00c0 00DD6D00 		.word	7200000
 4501              		.cfi_endproc
 4502              	.LFE190:
 4504              		.section	.text.tcp_new,"ax",%progbits
 4505              		.align	1
 4506              		.global	tcp_new
 4507              		.syntax unified
 4508              		.thumb
 4509              		.thumb_func
 4511              	tcp_new:
 4512              	.LFB191:
1946:Middlewares/Third_Party/LwIP/src/core/tcp.c ****   return tcp_alloc(TCP_PRIO_NORMAL);
 4513              		.loc 1 1946 1 is_stmt 1 view -0
ARM GAS  /tmp/ccN9yVzV.s 			page 144


 4514              		.cfi_startproc
 4515              		@ args = 0, pretend = 0, frame = 0
 4516              		@ frame_needed = 0, uses_anonymous_args = 0
 4517 0000 08B5     		push	{r3, lr}
 4518              	.LCFI46:
 4519              		.cfi_def_cfa_offset 8
 4520              		.cfi_offset 3, -8
 4521              		.cfi_offset 14, -4
1947:Middlewares/Third_Party/LwIP/src/core/tcp.c **** }
 4522              		.loc 1 1947 3 view .LVU1350
1947:Middlewares/Third_Party/LwIP/src/core/tcp.c **** }
 4523              		.loc 1 1947 10 is_stmt 0 view .LVU1351
 4524 0002 4020     		movs	r0, #64
 4525 0004 FFF7FEFF 		bl	tcp_alloc
 4526              	.LVL452:
1948:Middlewares/Third_Party/LwIP/src/core/tcp.c **** 
 4527              		.loc 1 1948 1 view .LVU1352
 4528 0008 08BD     		pop	{r3, pc}
 4529              		.cfi_endproc
 4530              	.LFE191:
 4532              		.section	.text.tcp_new_ip_type,"ax",%progbits
 4533              		.align	1
 4534              		.global	tcp_new_ip_type
 4535              		.syntax unified
 4536              		.thumb
 4537              		.thumb_func
 4539              	tcp_new_ip_type:
 4540              	.LVL453:
 4541              	.LFB192:
1963:Middlewares/Third_Party/LwIP/src/core/tcp.c ****   struct tcp_pcb *pcb;
 4542              		.loc 1 1963 1 is_stmt 1 view -0
 4543              		.cfi_startproc
 4544              		@ args = 0, pretend = 0, frame = 0
 4545              		@ frame_needed = 0, uses_anonymous_args = 0
1963:Middlewares/Third_Party/LwIP/src/core/tcp.c ****   struct tcp_pcb *pcb;
 4546              		.loc 1 1963 1 is_stmt 0 view .LVU1354
 4547 0000 08B5     		push	{r3, lr}
 4548              	.LCFI47:
 4549              		.cfi_def_cfa_offset 8
 4550              		.cfi_offset 3, -8
 4551              		.cfi_offset 14, -4
1964:Middlewares/Third_Party/LwIP/src/core/tcp.c ****   pcb = tcp_alloc(TCP_PRIO_NORMAL);
 4552              		.loc 1 1964 3 is_stmt 1 view .LVU1355
1965:Middlewares/Third_Party/LwIP/src/core/tcp.c **** #if LWIP_IPV4 && LWIP_IPV6
 4553              		.loc 1 1965 3 view .LVU1356
1965:Middlewares/Third_Party/LwIP/src/core/tcp.c **** #if LWIP_IPV4 && LWIP_IPV6
 4554              		.loc 1 1965 9 is_stmt 0 view .LVU1357
 4555 0002 4020     		movs	r0, #64
 4556              	.LVL454:
1965:Middlewares/Third_Party/LwIP/src/core/tcp.c **** #if LWIP_IPV4 && LWIP_IPV6
 4557              		.loc 1 1965 9 view .LVU1358
 4558 0004 FFF7FEFF 		bl	tcp_alloc
 4559              	.LVL455:
1972:Middlewares/Third_Party/LwIP/src/core/tcp.c **** #endif /* LWIP_IPV4 && LWIP_IPV6 */
 4560              		.loc 1 1972 3 is_stmt 1 view .LVU1359
1974:Middlewares/Third_Party/LwIP/src/core/tcp.c **** }
 4561              		.loc 1 1974 3 view .LVU1360
ARM GAS  /tmp/ccN9yVzV.s 			page 145


1975:Middlewares/Third_Party/LwIP/src/core/tcp.c **** 
 4562              		.loc 1 1975 1 is_stmt 0 view .LVU1361
 4563 0008 08BD     		pop	{r3, pc}
 4564              		.cfi_endproc
 4565              	.LFE192:
 4567              		.section	.rodata.tcp_close_shutdown.str1.4,"aMS",%progbits,1
 4568              		.align	2
 4569              	.LC38:
 4570 0000 7463705F 		.ascii	"tcp_close_shutdown: invalid pcb\000"
 4570      636C6F73 
 4570      655F7368 
 4570      7574646F 
 4570      776E3A20 
 4571              		.align	2
 4572              	.LC39:
 4573 0020 7063622D 		.ascii	"pcb->flags & TF_RXCLOSED\000"
 4573      3E666C61 
 4573      67732026 
 4573      2054465F 
 4573      5258434C 
 4574              		.section	.text.tcp_close_shutdown,"ax",%progbits
 4575              		.align	1
 4576              		.syntax unified
 4577              		.thumb
 4578              		.thumb_func
 4580              	tcp_close_shutdown:
 4581              	.LVL456:
 4582              	.LFB162:
 349:Middlewares/Third_Party/LwIP/src/core/tcp.c ****   LWIP_ASSERT("tcp_close_shutdown: invalid pcb", pcb != NULL);
 4583              		.loc 1 349 1 is_stmt 1 view -0
 4584              		.cfi_startproc
 4585              		@ args = 0, pretend = 0, frame = 0
 4586              		@ frame_needed = 0, uses_anonymous_args = 0
 349:Middlewares/Third_Party/LwIP/src/core/tcp.c ****   LWIP_ASSERT("tcp_close_shutdown: invalid pcb", pcb != NULL);
 4587              		.loc 1 349 1 is_stmt 0 view .LVU1363
 4588 0000 30B5     		push	{r4, r5, lr}
 4589              	.LCFI48:
 4590              		.cfi_def_cfa_offset 12
 4591              		.cfi_offset 4, -12
 4592              		.cfi_offset 5, -8
 4593              		.cfi_offset 14, -4
 4594 0002 85B0     		sub	sp, sp, #20
 4595              	.LCFI49:
 4596              		.cfi_def_cfa_offset 32
 4597 0004 0D46     		mov	r5, r1
 350:Middlewares/Third_Party/LwIP/src/core/tcp.c **** 
 4598              		.loc 1 350 3 is_stmt 1 view .LVU1364
 350:Middlewares/Third_Party/LwIP/src/core/tcp.c **** 
 4599              		.loc 1 350 3 view .LVU1365
 4600 0006 0446     		mov	r4, r0
 4601 0008 D0B1     		cbz	r0, .L440
 4602              	.LVL457:
 4603              	.L419:
 350:Middlewares/Third_Party/LwIP/src/core/tcp.c **** 
 4604              		.loc 1 350 3 discriminator 3 view .LVU1366
 350:Middlewares/Third_Party/LwIP/src/core/tcp.c **** 
 4605              		.loc 1 350 3 discriminator 3 view .LVU1367
ARM GAS  /tmp/ccN9yVzV.s 			page 146


 352:Middlewares/Third_Party/LwIP/src/core/tcp.c ****     if ((pcb->refused_data != NULL) || (pcb->rcv_wnd != TCP_WND_MAX(pcb))) {
 4606              		.loc 1 352 3 view .LVU1368
 352:Middlewares/Third_Party/LwIP/src/core/tcp.c ****     if ((pcb->refused_data != NULL) || (pcb->rcv_wnd != TCP_WND_MAX(pcb))) {
 4607              		.loc 1 352 6 is_stmt 0 view .LVU1369
 4608 000a 25B1     		cbz	r5, .L420
 352:Middlewares/Third_Party/LwIP/src/core/tcp.c ****     if ((pcb->refused_data != NULL) || (pcb->rcv_wnd != TCP_WND_MAX(pcb))) {
 4609              		.loc 1 352 35 discriminator 1 view .LVU1370
 4610 000c 237D     		ldrb	r3, [r4, #20]	@ zero_extendqisi2
 352:Middlewares/Third_Party/LwIP/src/core/tcp.c ****     if ((pcb->refused_data != NULL) || (pcb->rcv_wnd != TCP_WND_MAX(pcb))) {
 4611              		.loc 1 352 27 discriminator 1 view .LVU1371
 4612 000e 042B     		cmp	r3, #4
 4613 0010 1ED0     		beq	.L421
 352:Middlewares/Third_Party/LwIP/src/core/tcp.c ****     if ((pcb->refused_data != NULL) || (pcb->rcv_wnd != TCP_WND_MAX(pcb))) {
 4614              		.loc 1 352 59 discriminator 2 view .LVU1372
 4615 0012 072B     		cmp	r3, #7
 4616 0014 1CD0     		beq	.L421
 4617              	.L420:
 378:Middlewares/Third_Party/LwIP/src/core/tcp.c ****     case CLOSED:
 4618              		.loc 1 378 3 is_stmt 1 view .LVU1373
 378:Middlewares/Third_Party/LwIP/src/core/tcp.c ****     case CLOSED:
 4619              		.loc 1 378 14 is_stmt 0 view .LVU1374
 4620 0016 237D     		ldrb	r3, [r4, #20]	@ zero_extendqisi2
 378:Middlewares/Third_Party/LwIP/src/core/tcp.c ****     case CLOSED:
 4621              		.loc 1 378 3 view .LVU1375
 4622 0018 012B     		cmp	r3, #1
 4623 001a 6AD0     		beq	.L430
 4624 001c 022B     		cmp	r3, #2
 4625 001e 74D0     		beq	.L431
 4626 0020 002B     		cmp	r3, #0
 4627 0022 7ED1     		bne	.L432
 387:Middlewares/Third_Party/LwIP/src/core/tcp.c ****         TCP_RMV(&tcp_bound_pcbs, pcb);
 4628              		.loc 1 387 7 is_stmt 1 view .LVU1376
 387:Middlewares/Third_Party/LwIP/src/core/tcp.c ****         TCP_RMV(&tcp_bound_pcbs, pcb);
 4629              		.loc 1 387 14 is_stmt 0 view .LVU1377
 4630 0024 E38A     		ldrh	r3, [r4, #22]
 387:Middlewares/Third_Party/LwIP/src/core/tcp.c ****         TCP_RMV(&tcp_bound_pcbs, pcb);
 4631              		.loc 1 387 10 view .LVU1378
 4632 0026 002B     		cmp	r3, #0
 4633 0028 5ED0     		beq	.L433
 388:Middlewares/Third_Party/LwIP/src/core/tcp.c ****       }
 4634              		.loc 1 388 9 is_stmt 1 view .LVU1379
 388:Middlewares/Third_Party/LwIP/src/core/tcp.c ****       }
 4635              		.loc 1 388 9 view .LVU1380
 4636 002a 404B     		ldr	r3, .L448
 4637 002c 1B68     		ldr	r3, [r3]
 4638 002e A342     		cmp	r3, r4
 4639 0030 52D0     		beq	.L441
 4640              	.L434:
 4641              	.LVL458:
 4642              	.LBB21:
 388:Middlewares/Third_Party/LwIP/src/core/tcp.c ****       }
 4643              		.loc 1 388 9 discriminator 8 view .LVU1381
 4644 0032 002B     		cmp	r3, #0
 4645 0034 56D0     		beq	.L435
 388:Middlewares/Third_Party/LwIP/src/core/tcp.c ****       }
 4646              		.loc 1 388 9 discriminator 9 view .LVU1382
 4647 0036 DA68     		ldr	r2, [r3, #12]
ARM GAS  /tmp/ccN9yVzV.s 			page 147


 4648 0038 A242     		cmp	r2, r4
 4649 003a 51D0     		beq	.L442
 388:Middlewares/Third_Party/LwIP/src/core/tcp.c ****       }
 4650              		.loc 1 388 9 is_stmt 0 discriminator 6 view .LVU1383
 4651 003c 1346     		mov	r3, r2
 4652              	.LVL459:
 388:Middlewares/Third_Party/LwIP/src/core/tcp.c ****       }
 4653              		.loc 1 388 9 discriminator 6 view .LVU1384
 4654 003e F8E7     		b	.L434
 4655              	.LVL460:
 4656              	.L440:
 388:Middlewares/Third_Party/LwIP/src/core/tcp.c ****       }
 4657              		.loc 1 388 9 discriminator 6 view .LVU1385
 4658              	.LBE21:
 350:Middlewares/Third_Party/LwIP/src/core/tcp.c **** 
 4659              		.loc 1 350 3 is_stmt 1 discriminator 1 view .LVU1386
 350:Middlewares/Third_Party/LwIP/src/core/tcp.c **** 
 4660              		.loc 1 350 3 discriminator 1 view .LVU1387
 4661 0040 3B4B     		ldr	r3, .L448+4
 4662 0042 4FF4AF72 		mov	r2, #350
 4663 0046 3B49     		ldr	r1, .L448+8
 4664              	.LVL461:
 350:Middlewares/Third_Party/LwIP/src/core/tcp.c **** 
 4665              		.loc 1 350 3 is_stmt 0 discriminator 1 view .LVU1388
 4666 0048 3B48     		ldr	r0, .L448+12
 4667              	.LVL462:
 350:Middlewares/Third_Party/LwIP/src/core/tcp.c **** 
 4668              		.loc 1 350 3 discriminator 1 view .LVU1389
 4669 004a FFF7FEFF 		bl	printf
 4670              	.LVL463:
 4671 004e DCE7     		b	.L419
 4672              	.L421:
 353:Middlewares/Third_Party/LwIP/src/core/tcp.c ****       /* Not all data received by application, send RST to tell the remote
 4673              		.loc 1 353 5 is_stmt 1 view .LVU1390
 353:Middlewares/Third_Party/LwIP/src/core/tcp.c ****       /* Not all data received by application, send RST to tell the remote
 4674              		.loc 1 353 13 is_stmt 0 view .LVU1391
 4675 0050 A36F     		ldr	r3, [r4, #120]
 353:Middlewares/Third_Party/LwIP/src/core/tcp.c ****       /* Not all data received by application, send RST to tell the remote
 4676              		.loc 1 353 8 view .LVU1392
 4677 0052 E3B1     		cbz	r3, .L443
 4678              	.L422:
 356:Middlewares/Third_Party/LwIP/src/core/tcp.c **** 
 4679              		.loc 1 356 7 is_stmt 1 view .LVU1393
 356:Middlewares/Third_Party/LwIP/src/core/tcp.c **** 
 4680              		.loc 1 356 7 view .LVU1394
 4681 0054 638B     		ldrh	r3, [r4, #26]
 4682 0056 13F0100F 		tst	r3, #16
 4683 005a 1DD0     		beq	.L444
 4684              	.L423:
 356:Middlewares/Third_Party/LwIP/src/core/tcp.c **** 
 4685              		.loc 1 356 7 discriminator 3 view .LVU1395
 356:Middlewares/Third_Party/LwIP/src/core/tcp.c **** 
 4686              		.loc 1 356 7 discriminator 3 view .LVU1396
 360:Middlewares/Third_Party/LwIP/src/core/tcp.c ****               pcb->local_port, pcb->remote_port);
 4687              		.loc 1 360 7 view .LVU1397
 360:Middlewares/Third_Party/LwIP/src/core/tcp.c ****               pcb->local_port, pcb->remote_port);
 4688              		.loc 1 360 64 is_stmt 0 view .LVU1398
ARM GAS  /tmp/ccN9yVzV.s 			page 148


 4689 005c 231D     		adds	r3, r4, #4
 360:Middlewares/Third_Party/LwIP/src/core/tcp.c ****               pcb->local_port, pcb->remote_port);
 4690              		.loc 1 360 7 view .LVU1399
 4691 005e 228B     		ldrh	r2, [r4, #24]
 4692 0060 0292     		str	r2, [sp, #8]
 4693 0062 E28A     		ldrh	r2, [r4, #22]
 4694 0064 0192     		str	r2, [sp, #4]
 4695 0066 0093     		str	r3, [sp]
 4696 0068 2346     		mov	r3, r4
 4697 006a 626A     		ldr	r2, [r4, #36]
 4698 006c 216D     		ldr	r1, [r4, #80]
 4699 006e 2046     		mov	r0, r4
 4700 0070 FFF7FEFF 		bl	tcp_rst
 4701              	.LVL464:
 363:Middlewares/Third_Party/LwIP/src/core/tcp.c ****       TCP_RMV_ACTIVE(pcb);
 4702              		.loc 1 363 7 is_stmt 1 view .LVU1400
 4703 0074 2046     		mov	r0, r4
 4704 0076 FFF7FEFF 		bl	tcp_pcb_purge
 4705              	.LVL465:
 364:Middlewares/Third_Party/LwIP/src/core/tcp.c ****       /* Deallocate the pcb since we already sent a RST for it */
 4706              		.loc 1 364 7 view .LVU1401
 364:Middlewares/Third_Party/LwIP/src/core/tcp.c ****       /* Deallocate the pcb since we already sent a RST for it */
 4707              		.loc 1 364 7 view .LVU1402
 364:Middlewares/Third_Party/LwIP/src/core/tcp.c ****       /* Deallocate the pcb since we already sent a RST for it */
 4708              		.loc 1 364 7 view .LVU1403
 4709 007a 304B     		ldr	r3, .L448+16
 4710 007c 1B68     		ldr	r3, [r3]
 4711 007e A342     		cmp	r3, r4
 4712 0080 12D0     		beq	.L445
 4713              	.L424:
 4714              	.LVL466:
 4715              	.LBB22:
 364:Middlewares/Third_Party/LwIP/src/core/tcp.c ****       /* Deallocate the pcb since we already sent a RST for it */
 4716              		.loc 1 364 7 discriminator 8 view .LVU1404
 4717 0082 BBB1     		cbz	r3, .L425
 364:Middlewares/Third_Party/LwIP/src/core/tcp.c ****       /* Deallocate the pcb since we already sent a RST for it */
 4718              		.loc 1 364 7 discriminator 9 view .LVU1405
 4719 0084 DA68     		ldr	r2, [r3, #12]
 4720 0086 A242     		cmp	r2, r4
 4721 0088 12D0     		beq	.L446
 364:Middlewares/Third_Party/LwIP/src/core/tcp.c ****       /* Deallocate the pcb since we already sent a RST for it */
 4722              		.loc 1 364 7 is_stmt 0 discriminator 6 view .LVU1406
 4723 008a 1346     		mov	r3, r2
 4724              	.LVL467:
 364:Middlewares/Third_Party/LwIP/src/core/tcp.c ****       /* Deallocate the pcb since we already sent a RST for it */
 4725              		.loc 1 364 7 discriminator 6 view .LVU1407
 4726 008c F9E7     		b	.L424
 4727              	.LVL468:
 4728              	.L443:
 364:Middlewares/Third_Party/LwIP/src/core/tcp.c ****       /* Deallocate the pcb since we already sent a RST for it */
 4729              		.loc 1 364 7 discriminator 6 view .LVU1408
 4730              	.LBE22:
 353:Middlewares/Third_Party/LwIP/src/core/tcp.c ****       /* Not all data received by application, send RST to tell the remote
 4731              		.loc 1 353 44 discriminator 1 view .LVU1409
 4732 008e 238D     		ldrh	r3, [r4, #40]
 353:Middlewares/Third_Party/LwIP/src/core/tcp.c ****       /* Not all data received by application, send RST to tell the remote
 4733              		.loc 1 353 37 discriminator 1 view .LVU1410
ARM GAS  /tmp/ccN9yVzV.s 			page 149


 4734 0090 B3F5066F 		cmp	r3, #2144
 4735 0094 BFD0     		beq	.L420
 4736 0096 DDE7     		b	.L422
 4737              	.L444:
 356:Middlewares/Third_Party/LwIP/src/core/tcp.c **** 
 4738              		.loc 1 356 7 is_stmt 1 discriminator 1 view .LVU1411
 356:Middlewares/Third_Party/LwIP/src/core/tcp.c **** 
 4739              		.loc 1 356 7 discriminator 1 view .LVU1412
 4740 0098 254B     		ldr	r3, .L448+4
 4741 009a 4FF4B272 		mov	r2, #356
 4742 009e 2849     		ldr	r1, .L448+20
 4743 00a0 2548     		ldr	r0, .L448+12
 4744 00a2 FFF7FEFF 		bl	printf
 4745              	.LVL469:
 4746 00a6 D9E7     		b	.L423
 4747              	.L445:
 364:Middlewares/Third_Party/LwIP/src/core/tcp.c ****       /* Deallocate the pcb since we already sent a RST for it */
 4748              		.loc 1 364 7 discriminator 1 view .LVU1413
 4749 00a8 DA68     		ldr	r2, [r3, #12]
 4750 00aa 244B     		ldr	r3, .L448+16
 4751 00ac 1A60     		str	r2, [r3]
 4752 00ae 01E0     		b	.L425
 4753              	.LVL470:
 4754              	.L446:
 4755              	.LBB23:
 364:Middlewares/Third_Party/LwIP/src/core/tcp.c ****       /* Deallocate the pcb since we already sent a RST for it */
 4756              		.loc 1 364 7 discriminator 5 view .LVU1414
 4757 00b0 E268     		ldr	r2, [r4, #12]
 4758 00b2 DA60     		str	r2, [r3, #12]
 364:Middlewares/Third_Party/LwIP/src/core/tcp.c ****       /* Deallocate the pcb since we already sent a RST for it */
 4759              		.loc 1 364 7 view .LVU1415
 4760              	.LVL471:
 4761              	.L425:
 364:Middlewares/Third_Party/LwIP/src/core/tcp.c ****       /* Deallocate the pcb since we already sent a RST for it */
 4762              		.loc 1 364 7 is_stmt 0 view .LVU1416
 4763              	.LBE23:
 364:Middlewares/Third_Party/LwIP/src/core/tcp.c ****       /* Deallocate the pcb since we already sent a RST for it */
 4764              		.loc 1 364 7 is_stmt 1 discriminator 10 view .LVU1417
 4765 00b4 0023     		movs	r3, #0
 4766 00b6 E360     		str	r3, [r4, #12]
 364:Middlewares/Third_Party/LwIP/src/core/tcp.c ****       /* Deallocate the pcb since we already sent a RST for it */
 4767              		.loc 1 364 7 view .LVU1418
 364:Middlewares/Third_Party/LwIP/src/core/tcp.c ****       /* Deallocate the pcb since we already sent a RST for it */
 4768              		.loc 1 364 7 view .LVU1419
 364:Middlewares/Third_Party/LwIP/src/core/tcp.c ****       /* Deallocate the pcb since we already sent a RST for it */
 4769              		.loc 1 364 7 is_stmt 0 discriminator 10 view .LVU1420
 4770 00b8 224B     		ldr	r3, .L448+24
 4771 00ba 0122     		movs	r2, #1
 4772 00bc 1A70     		strb	r2, [r3]
 364:Middlewares/Third_Party/LwIP/src/core/tcp.c ****       /* Deallocate the pcb since we already sent a RST for it */
 4773              		.loc 1 364 7 is_stmt 1 view .LVU1421
 366:Middlewares/Third_Party/LwIP/src/core/tcp.c ****         /* prevent using a deallocated pcb: free it from tcp_input later */
 4774              		.loc 1 366 7 view .LVU1422
 366:Middlewares/Third_Party/LwIP/src/core/tcp.c ****         /* prevent using a deallocated pcb: free it from tcp_input later */
 4775              		.loc 1 366 25 is_stmt 0 view .LVU1423
 4776 00be 224B     		ldr	r3, .L448+28
 4777 00c0 1B68     		ldr	r3, [r3]
ARM GAS  /tmp/ccN9yVzV.s 			page 150


 366:Middlewares/Third_Party/LwIP/src/core/tcp.c ****         /* prevent using a deallocated pcb: free it from tcp_input later */
 4778              		.loc 1 366 10 view .LVU1424
 4779 00c2 A342     		cmp	r3, r4
 4780 00c4 05D0     		beq	.L447
 370:Middlewares/Third_Party/LwIP/src/core/tcp.c ****       }
 4781              		.loc 1 370 9 is_stmt 1 view .LVU1425
 4782 00c6 2046     		mov	r0, r4
 4783 00c8 FFF7FEFF 		bl	tcp_free
 4784              	.LVL472:
 4785              	.L428:
 372:Middlewares/Third_Party/LwIP/src/core/tcp.c ****     }
 4786              		.loc 1 372 7 view .LVU1426
 372:Middlewares/Third_Party/LwIP/src/core/tcp.c ****     }
 4787              		.loc 1 372 14 is_stmt 0 view .LVU1427
 4788 00cc 0020     		movs	r0, #0
 4789              	.L429:
 406:Middlewares/Third_Party/LwIP/src/core/tcp.c **** 
 4790              		.loc 1 406 1 view .LVU1428
 4791 00ce 05B0     		add	sp, sp, #20
 4792              	.LCFI50:
 4793              		.cfi_remember_state
 4794              		.cfi_def_cfa_offset 12
 4795              		@ sp needed
 4796 00d0 30BD     		pop	{r4, r5, pc}
 4797              	.LVL473:
 4798              	.L447:
 4799              	.LCFI51:
 4800              		.cfi_restore_state
 368:Middlewares/Third_Party/LwIP/src/core/tcp.c ****       } else {
 4801              		.loc 1 368 9 is_stmt 1 view .LVU1429
 4802 00d2 FFF7FEFF 		bl	tcp_trigger_input_pcb_close
 4803              	.LVL474:
 4804 00d6 F9E7     		b	.L428
 4805              	.L441:
 388:Middlewares/Third_Party/LwIP/src/core/tcp.c ****       }
 4806              		.loc 1 388 9 discriminator 1 view .LVU1430
 4807 00d8 DA68     		ldr	r2, [r3, #12]
 4808 00da 144B     		ldr	r3, .L448
 4809 00dc 1A60     		str	r2, [r3]
 4810 00de 01E0     		b	.L435
 4811              	.LVL475:
 4812              	.L442:
 4813              	.LBB24:
 388:Middlewares/Third_Party/LwIP/src/core/tcp.c ****       }
 4814              		.loc 1 388 9 discriminator 5 view .LVU1431
 4815 00e0 E268     		ldr	r2, [r4, #12]
 4816 00e2 DA60     		str	r2, [r3, #12]
 388:Middlewares/Third_Party/LwIP/src/core/tcp.c ****       }
 4817              		.loc 1 388 9 view .LVU1432
 4818              	.LVL476:
 4819              	.L435:
 388:Middlewares/Third_Party/LwIP/src/core/tcp.c ****       }
 4820              		.loc 1 388 9 is_stmt 0 view .LVU1433
 4821              	.LBE24:
 388:Middlewares/Third_Party/LwIP/src/core/tcp.c ****       }
 4822              		.loc 1 388 9 is_stmt 1 discriminator 10 view .LVU1434
 4823 00e4 0023     		movs	r3, #0
ARM GAS  /tmp/ccN9yVzV.s 			page 151


 4824 00e6 E360     		str	r3, [r4, #12]
 4825              	.L433:
 388:Middlewares/Third_Party/LwIP/src/core/tcp.c ****       }
 4826              		.loc 1 388 9 discriminator 11 view .LVU1435
 390:Middlewares/Third_Party/LwIP/src/core/tcp.c ****       break;
 4827              		.loc 1 390 7 view .LVU1436
 4828 00e8 2046     		mov	r0, r4
 4829 00ea FFF7FEFF 		bl	tcp_free
 4830              	.LVL477:
 391:Middlewares/Third_Party/LwIP/src/core/tcp.c ****     case LISTEN:
 4831              		.loc 1 391 7 view .LVU1437
 405:Middlewares/Third_Party/LwIP/src/core/tcp.c **** }
 4832              		.loc 1 405 10 is_stmt 0 view .LVU1438
 4833 00ee 0020     		movs	r0, #0
 391:Middlewares/Third_Party/LwIP/src/core/tcp.c ****     case LISTEN:
 4834              		.loc 1 391 7 view .LVU1439
 4835 00f0 EDE7     		b	.L429
 4836              	.L430:
 393:Middlewares/Third_Party/LwIP/src/core/tcp.c ****       tcp_pcb_remove(&tcp_listen_pcbs.pcbs, pcb);
 4837              		.loc 1 393 7 is_stmt 1 view .LVU1440
 4838 00f2 2046     		mov	r0, r4
 4839 00f4 FFF7FEFF 		bl	tcp_listen_closed
 4840              	.LVL478:
 394:Middlewares/Third_Party/LwIP/src/core/tcp.c ****       tcp_free_listen(pcb);
 4841              		.loc 1 394 7 view .LVU1441
 4842 00f8 2146     		mov	r1, r4
 4843 00fa 1448     		ldr	r0, .L448+32
 4844 00fc FFF7FEFF 		bl	tcp_pcb_remove
 4845              	.LVL479:
 395:Middlewares/Third_Party/LwIP/src/core/tcp.c ****       break;
 4846              		.loc 1 395 7 view .LVU1442
 4847 0100 2046     		mov	r0, r4
 4848 0102 FFF7FEFF 		bl	tcp_free_listen
 4849              	.LVL480:
 396:Middlewares/Third_Party/LwIP/src/core/tcp.c ****     case SYN_SENT:
 4850              		.loc 1 396 7 view .LVU1443
 405:Middlewares/Third_Party/LwIP/src/core/tcp.c **** }
 4851              		.loc 1 405 10 is_stmt 0 view .LVU1444
 4852 0106 0020     		movs	r0, #0
 396:Middlewares/Third_Party/LwIP/src/core/tcp.c ****     case SYN_SENT:
 4853              		.loc 1 396 7 view .LVU1445
 4854 0108 E1E7     		b	.L429
 4855              	.L431:
 398:Middlewares/Third_Party/LwIP/src/core/tcp.c ****       tcp_free(pcb);
 4856              		.loc 1 398 7 is_stmt 1 view .LVU1446
 398:Middlewares/Third_Party/LwIP/src/core/tcp.c ****       tcp_free(pcb);
 4857              		.loc 1 398 7 view .LVU1447
 4858 010a 2146     		mov	r1, r4
 4859 010c 0B48     		ldr	r0, .L448+16
 4860 010e FFF7FEFF 		bl	tcp_pcb_remove
 4861              	.LVL481:
 398:Middlewares/Third_Party/LwIP/src/core/tcp.c ****       tcp_free(pcb);
 4862              		.loc 1 398 7 discriminator 1 view .LVU1448
 4863 0112 0C4B     		ldr	r3, .L448+24
 4864 0114 0122     		movs	r2, #1
 4865 0116 1A70     		strb	r2, [r3]
 398:Middlewares/Third_Party/LwIP/src/core/tcp.c ****       tcp_free(pcb);
ARM GAS  /tmp/ccN9yVzV.s 			page 152


 4866              		.loc 1 398 7 discriminator 1 view .LVU1449
 399:Middlewares/Third_Party/LwIP/src/core/tcp.c ****       MIB2_STATS_INC(mib2.tcpattemptfails);
 4867              		.loc 1 399 7 view .LVU1450
 4868 0118 2046     		mov	r0, r4
 4869 011a FFF7FEFF 		bl	tcp_free
 4870              	.LVL482:
 400:Middlewares/Third_Party/LwIP/src/core/tcp.c ****       break;
 4871              		.loc 1 400 43 view .LVU1451
 401:Middlewares/Third_Party/LwIP/src/core/tcp.c ****     default:
 4872              		.loc 1 401 7 view .LVU1452
 405:Middlewares/Third_Party/LwIP/src/core/tcp.c **** }
 4873              		.loc 1 405 10 is_stmt 0 view .LVU1453
 4874 011e 0020     		movs	r0, #0
 401:Middlewares/Third_Party/LwIP/src/core/tcp.c ****     default:
 4875              		.loc 1 401 7 view .LVU1454
 4876 0120 D5E7     		b	.L429
 4877              	.L432:
 403:Middlewares/Third_Party/LwIP/src/core/tcp.c ****   }
 4878              		.loc 1 403 7 is_stmt 1 view .LVU1455
 403:Middlewares/Third_Party/LwIP/src/core/tcp.c ****   }
 4879              		.loc 1 403 14 is_stmt 0 view .LVU1456
 4880 0122 2046     		mov	r0, r4
 4881 0124 FFF7FEFF 		bl	tcp_close_shutdown_fin
 4882              	.LVL483:
 4883 0128 D1E7     		b	.L429
 4884              	.L449:
 4885 012a 00BF     		.align	2
 4886              	.L448:
 4887 012c 00000000 		.word	tcp_bound_pcbs
 4888 0130 00000000 		.word	.LC0
 4889 0134 00000000 		.word	.LC38
 4890 0138 54000000 		.word	.LC2
 4891 013c 00000000 		.word	tcp_active_pcbs
 4892 0140 20000000 		.word	.LC39
 4893 0144 00000000 		.word	tcp_active_pcbs_changed
 4894 0148 00000000 		.word	tcp_input_pcb
 4895 014c 00000000 		.word	tcp_listen_pcbs
 4896              		.cfi_endproc
 4897              	.LFE162:
 4899              		.section	.rodata.tcp_close.str1.4,"aMS",%progbits,1
 4900              		.align	2
 4901              	.LC40:
 4902 0000 7463705F 		.ascii	"tcp_close: invalid pcb\000"
 4902      636C6F73 
 4902      653A2069 
 4902      6E76616C 
 4902      69642070 
 4903              		.section	.text.tcp_close,"ax",%progbits
 4904              		.align	1
 4905              		.global	tcp_close
 4906              		.syntax unified
 4907              		.thumb
 4908              		.thumb_func
 4910              	tcp_close:
 4911              	.LVL484:
 4912              	.LFB164:
 485:Middlewares/Third_Party/LwIP/src/core/tcp.c ****   LWIP_ASSERT_CORE_LOCKED();
ARM GAS  /tmp/ccN9yVzV.s 			page 153


 4913              		.loc 1 485 1 is_stmt 1 view -0
 4914              		.cfi_startproc
 4915              		@ args = 0, pretend = 0, frame = 0
 4916              		@ frame_needed = 0, uses_anonymous_args = 0
 485:Middlewares/Third_Party/LwIP/src/core/tcp.c ****   LWIP_ASSERT_CORE_LOCKED();
 4917              		.loc 1 485 1 is_stmt 0 view .LVU1458
 4918 0000 08B5     		push	{r3, lr}
 4919              	.LCFI52:
 4920              		.cfi_def_cfa_offset 8
 4921              		.cfi_offset 3, -8
 4922              		.cfi_offset 14, -4
 486:Middlewares/Third_Party/LwIP/src/core/tcp.c **** 
 4923              		.loc 1 486 28 is_stmt 1 view .LVU1459
 488:Middlewares/Third_Party/LwIP/src/core/tcp.c ****   LWIP_DEBUGF(TCP_DEBUG, ("tcp_close: closing in "));
 4924              		.loc 1 488 3 view .LVU1460
 488:Middlewares/Third_Party/LwIP/src/core/tcp.c ****   LWIP_DEBUGF(TCP_DEBUG, ("tcp_close: closing in "));
 4925              		.loc 1 488 3 view .LVU1461
 4926 0002 60B1     		cbz	r0, .L455
 4927 0004 0346     		mov	r3, r0
 488:Middlewares/Third_Party/LwIP/src/core/tcp.c ****   LWIP_DEBUGF(TCP_DEBUG, ("tcp_close: closing in "));
 4928              		.loc 1 488 3 discriminator 2 view .LVU1462
 489:Middlewares/Third_Party/LwIP/src/core/tcp.c **** 
 4929              		.loc 1 489 3 view .LVU1463
 489:Middlewares/Third_Party/LwIP/src/core/tcp.c **** 
 4930              		.loc 1 489 3 view .LVU1464
 489:Middlewares/Third_Party/LwIP/src/core/tcp.c **** 
 4931              		.loc 1 489 3 discriminator 4 view .LVU1465
 491:Middlewares/Third_Party/LwIP/src/core/tcp.c **** 
 4932              		.loc 1 491 36 view .LVU1466
 493:Middlewares/Third_Party/LwIP/src/core/tcp.c ****     /* Set a flag not to receive any more data... */
 4933              		.loc 1 493 3 view .LVU1467
 493:Middlewares/Third_Party/LwIP/src/core/tcp.c ****     /* Set a flag not to receive any more data... */
 4934              		.loc 1 493 10 is_stmt 0 view .LVU1468
 4935 0006 027D     		ldrb	r2, [r0, #20]	@ zero_extendqisi2
 493:Middlewares/Third_Party/LwIP/src/core/tcp.c ****     /* Set a flag not to receive any more data... */
 4936              		.loc 1 493 6 view .LVU1469
 4937 0008 012A     		cmp	r2, #1
 4938 000a 03D0     		beq	.L453
 495:Middlewares/Third_Party/LwIP/src/core/tcp.c ****   }
 4939              		.loc 1 495 5 is_stmt 1 view .LVU1470
 495:Middlewares/Third_Party/LwIP/src/core/tcp.c ****   }
 4940              		.loc 1 495 5 view .LVU1471
 4941 000c 428B     		ldrh	r2, [r0, #26]
 4942 000e 42F01002 		orr	r2, r2, #16
 4943 0012 4283     		strh	r2, [r0, #26]	@ movhi
 4944              	.L453:
 495:Middlewares/Third_Party/LwIP/src/core/tcp.c ****   }
 4945              		.loc 1 495 5 discriminator 1 view .LVU1472
 498:Middlewares/Third_Party/LwIP/src/core/tcp.c **** }
 4946              		.loc 1 498 3 view .LVU1473
 498:Middlewares/Third_Party/LwIP/src/core/tcp.c **** }
 4947              		.loc 1 498 10 is_stmt 0 view .LVU1474
 4948 0014 0121     		movs	r1, #1
 4949 0016 1846     		mov	r0, r3
 4950              	.LVL485:
 498:Middlewares/Third_Party/LwIP/src/core/tcp.c **** }
 4951              		.loc 1 498 10 view .LVU1475
ARM GAS  /tmp/ccN9yVzV.s 			page 154


 4952 0018 FFF7FEFF 		bl	tcp_close_shutdown
 4953              	.LVL486:
 4954              	.L452:
 499:Middlewares/Third_Party/LwIP/src/core/tcp.c **** 
 4955              		.loc 1 499 1 view .LVU1476
 4956 001c 08BD     		pop	{r3, pc}
 4957              	.LVL487:
 4958              	.L455:
 488:Middlewares/Third_Party/LwIP/src/core/tcp.c ****   LWIP_DEBUGF(TCP_DEBUG, ("tcp_close: closing in "));
 4959              		.loc 1 488 3 is_stmt 1 discriminator 1 view .LVU1477
 488:Middlewares/Third_Party/LwIP/src/core/tcp.c ****   LWIP_DEBUGF(TCP_DEBUG, ("tcp_close: closing in "));
 4960              		.loc 1 488 3 discriminator 1 view .LVU1478
 4961 001e 054B     		ldr	r3, .L456
 4962 0020 4FF4F472 		mov	r2, #488
 4963 0024 0449     		ldr	r1, .L456+4
 4964 0026 0548     		ldr	r0, .L456+8
 4965              	.LVL488:
 488:Middlewares/Third_Party/LwIP/src/core/tcp.c ****   LWIP_DEBUGF(TCP_DEBUG, ("tcp_close: closing in "));
 4966              		.loc 1 488 3 is_stmt 0 discriminator 1 view .LVU1479
 4967 0028 FFF7FEFF 		bl	printf
 4968              	.LVL489:
 488:Middlewares/Third_Party/LwIP/src/core/tcp.c ****   LWIP_DEBUGF(TCP_DEBUG, ("tcp_close: closing in "));
 4969              		.loc 1 488 3 is_stmt 1 discriminator 1 view .LVU1480
 488:Middlewares/Third_Party/LwIP/src/core/tcp.c ****   LWIP_DEBUGF(TCP_DEBUG, ("tcp_close: closing in "));
 4970              		.loc 1 488 3 discriminator 1 view .LVU1481
 4971 002c 6FF00F00 		mvn	r0, #15
 488:Middlewares/Third_Party/LwIP/src/core/tcp.c ****   LWIP_DEBUGF(TCP_DEBUG, ("tcp_close: closing in "));
 4972              		.loc 1 488 3 is_stmt 0 view .LVU1482
 4973 0030 F4E7     		b	.L452
 4974              	.L457:
 4975 0032 00BF     		.align	2
 4976              	.L456:
 4977 0034 00000000 		.word	.LC0
 4978 0038 00000000 		.word	.LC40
 4979 003c 54000000 		.word	.LC2
 4980              		.cfi_endproc
 4981              	.LFE164:
 4983              		.section	.rodata.tcp_recv_null.str1.4,"aMS",%progbits,1
 4984              		.align	2
 4985              	.LC41:
 4986 0000 7463705F 		.ascii	"tcp_recv_null: invalid pcb\000"
 4986      72656376 
 4986      5F6E756C 
 4986      6C3A2069 
 4986      6E76616C 
 4987              		.section	.text.tcp_recv_null,"ax",%progbits
 4988              		.align	1
 4989              		.global	tcp_recv_null
 4990              		.syntax unified
 4991              		.thumb
 4992              		.thumb_func
 4994              	tcp_recv_null:
 4995              	.LVL490:
 4996              	.LFB185:
1685:Middlewares/Third_Party/LwIP/src/core/tcp.c ****   LWIP_UNUSED_ARG(arg);
 4997              		.loc 1 1685 1 is_stmt 1 view -0
 4998              		.cfi_startproc
ARM GAS  /tmp/ccN9yVzV.s 			page 155


 4999              		@ args = 0, pretend = 0, frame = 0
 5000              		@ frame_needed = 0, uses_anonymous_args = 0
1685:Middlewares/Third_Party/LwIP/src/core/tcp.c ****   LWIP_UNUSED_ARG(arg);
 5001              		.loc 1 1685 1 is_stmt 0 view .LVU1484
 5002 0000 10B5     		push	{r4, lr}
 5003              	.LCFI53:
 5004              		.cfi_def_cfa_offset 8
 5005              		.cfi_offset 4, -8
 5006              		.cfi_offset 14, -4
1686:Middlewares/Third_Party/LwIP/src/core/tcp.c **** 
 5007              		.loc 1 1686 3 is_stmt 1 view .LVU1485
1688:Middlewares/Third_Party/LwIP/src/core/tcp.c **** 
 5008              		.loc 1 1688 3 view .LVU1486
1688:Middlewares/Third_Party/LwIP/src/core/tcp.c **** 
 5009              		.loc 1 1688 3 view .LVU1487
 5010 0002 51B1     		cbz	r1, .L464
 5011 0004 1446     		mov	r4, r2
 5012 0006 0846     		mov	r0, r1
 5013              	.LVL491:
1688:Middlewares/Third_Party/LwIP/src/core/tcp.c **** 
 5014              		.loc 1 1688 3 discriminator 2 view .LVU1488
1690:Middlewares/Third_Party/LwIP/src/core/tcp.c ****     tcp_recved(pcb, p->tot_len);
 5015              		.loc 1 1690 3 view .LVU1489
1690:Middlewares/Third_Party/LwIP/src/core/tcp.c ****     tcp_recved(pcb, p->tot_len);
 5016              		.loc 1 1690 6 is_stmt 0 view .LVU1490
 5017 0008 8AB1     		cbz	r2, .L461
1691:Middlewares/Third_Party/LwIP/src/core/tcp.c ****     pbuf_free(p);
 5018              		.loc 1 1691 5 is_stmt 1 view .LVU1491
 5019 000a 1189     		ldrh	r1, [r2, #8]
 5020              	.LVL492:
1691:Middlewares/Third_Party/LwIP/src/core/tcp.c ****     pbuf_free(p);
 5021              		.loc 1 1691 5 is_stmt 0 view .LVU1492
 5022 000c FFF7FEFF 		bl	tcp_recved
 5023              	.LVL493:
1692:Middlewares/Third_Party/LwIP/src/core/tcp.c ****   } else if (err == ERR_OK) {
 5024              		.loc 1 1692 5 is_stmt 1 view .LVU1493
 5025 0010 2046     		mov	r0, r4
 5026 0012 FFF7FEFF 		bl	pbuf_free
 5027              	.LVL494:
1696:Middlewares/Third_Party/LwIP/src/core/tcp.c **** }
 5028              		.loc 1 1696 10 is_stmt 0 view .LVU1494
 5029 0016 0020     		movs	r0, #0
 5030              	.LVL495:
 5031              	.L460:
1697:Middlewares/Third_Party/LwIP/src/core/tcp.c **** #endif /* LWIP_CALLBACK_API */
 5032              		.loc 1 1697 1 view .LVU1495
 5033 0018 10BD     		pop	{r4, pc}
 5034              	.LVL496:
 5035              	.L464:
1688:Middlewares/Third_Party/LwIP/src/core/tcp.c **** 
 5036              		.loc 1 1688 3 is_stmt 1 discriminator 1 view .LVU1496
1688:Middlewares/Third_Party/LwIP/src/core/tcp.c **** 
 5037              		.loc 1 1688 3 discriminator 1 view .LVU1497
 5038 001a 084B     		ldr	r3, .L466
 5039              	.LVL497:
1688:Middlewares/Third_Party/LwIP/src/core/tcp.c **** 
 5040              		.loc 1 1688 3 is_stmt 0 discriminator 1 view .LVU1498
ARM GAS  /tmp/ccN9yVzV.s 			page 156


 5041 001c 4FF4D362 		mov	r2, #1688
 5042              	.LVL498:
1688:Middlewares/Third_Party/LwIP/src/core/tcp.c **** 
 5043              		.loc 1 1688 3 discriminator 1 view .LVU1499
 5044 0020 0749     		ldr	r1, .L466+4
 5045              	.LVL499:
1688:Middlewares/Third_Party/LwIP/src/core/tcp.c **** 
 5046              		.loc 1 1688 3 discriminator 1 view .LVU1500
 5047 0022 0848     		ldr	r0, .L466+8
 5048              	.LVL500:
1688:Middlewares/Third_Party/LwIP/src/core/tcp.c **** 
 5049              		.loc 1 1688 3 discriminator 1 view .LVU1501
 5050 0024 FFF7FEFF 		bl	printf
 5051              	.LVL501:
1688:Middlewares/Third_Party/LwIP/src/core/tcp.c **** 
 5052              		.loc 1 1688 3 is_stmt 1 discriminator 1 view .LVU1502
1688:Middlewares/Third_Party/LwIP/src/core/tcp.c **** 
 5053              		.loc 1 1688 3 discriminator 1 view .LVU1503
 5054 0028 6FF00F00 		mvn	r0, #15
1688:Middlewares/Third_Party/LwIP/src/core/tcp.c **** 
 5055              		.loc 1 1688 3 is_stmt 0 view .LVU1504
 5056 002c F4E7     		b	.L460
 5057              	.LVL502:
 5058              	.L461:
1693:Middlewares/Third_Party/LwIP/src/core/tcp.c ****     return tcp_close(pcb);
 5059              		.loc 1 1693 10 is_stmt 1 view .LVU1505
1693:Middlewares/Third_Party/LwIP/src/core/tcp.c ****     return tcp_close(pcb);
 5060              		.loc 1 1693 13 is_stmt 0 view .LVU1506
 5061 002e 0BB1     		cbz	r3, .L465
1696:Middlewares/Third_Party/LwIP/src/core/tcp.c **** }
 5062              		.loc 1 1696 10 view .LVU1507
 5063 0030 0020     		movs	r0, #0
 5064              	.LVL503:
1696:Middlewares/Third_Party/LwIP/src/core/tcp.c **** }
 5065              		.loc 1 1696 10 view .LVU1508
 5066 0032 F1E7     		b	.L460
 5067              	.LVL504:
 5068              	.L465:
1694:Middlewares/Third_Party/LwIP/src/core/tcp.c ****   }
 5069              		.loc 1 1694 5 is_stmt 1 view .LVU1509
1694:Middlewares/Third_Party/LwIP/src/core/tcp.c ****   }
 5070              		.loc 1 1694 12 is_stmt 0 view .LVU1510
 5071 0034 FFF7FEFF 		bl	tcp_close
 5072              	.LVL505:
1694:Middlewares/Third_Party/LwIP/src/core/tcp.c ****   }
 5073              		.loc 1 1694 12 view .LVU1511
 5074 0038 EEE7     		b	.L460
 5075              	.L467:
 5076 003a 00BF     		.align	2
 5077              	.L466:
 5078 003c 00000000 		.word	.LC0
 5079 0040 00000000 		.word	.LC41
 5080 0044 54000000 		.word	.LC2
 5081              		.cfi_endproc
 5082              	.LFE185:
 5084              		.section	.rodata.tcp_process_refused_data.str1.4,"aMS",%progbits,1
 5085              		.align	2
ARM GAS  /tmp/ccN9yVzV.s 			page 157


 5086              	.LC42:
 5087 0000 7463705F 		.ascii	"tcp_process_refused_data: invalid pcb\000"
 5087      70726F63 
 5087      6573735F 
 5087      72656675 
 5087      7365645F 
 5088              		.section	.text.tcp_process_refused_data,"ax",%progbits
 5089              		.align	1
 5090              		.global	tcp_process_refused_data
 5091              		.syntax unified
 5092              		.thumb
 5093              		.thumb_func
 5095              	tcp_process_refused_data:
 5096              	.LVL506:
 5097              	.LFB180:
1540:Middlewares/Third_Party/LwIP/src/core/tcp.c **** #if TCP_QUEUE_OOSEQ && LWIP_WND_SCALE
 5098              		.loc 1 1540 1 is_stmt 1 view -0
 5099              		.cfi_startproc
 5100              		@ args = 0, pretend = 0, frame = 0
 5101              		@ frame_needed = 0, uses_anonymous_args = 0
1540:Middlewares/Third_Party/LwIP/src/core/tcp.c **** #if TCP_QUEUE_OOSEQ && LWIP_WND_SCALE
 5102              		.loc 1 1540 1 is_stmt 0 view .LVU1513
 5103 0000 F8B5     		push	{r3, r4, r5, r6, r7, lr}
 5104              	.LCFI54:
 5105              		.cfi_def_cfa_offset 24
 5106              		.cfi_offset 3, -24
 5107              		.cfi_offset 4, -20
 5108              		.cfi_offset 5, -16
 5109              		.cfi_offset 6, -12
 5110              		.cfi_offset 7, -8
 5111              		.cfi_offset 14, -4
1545:Middlewares/Third_Party/LwIP/src/core/tcp.c **** 
 5112              		.loc 1 1545 3 is_stmt 1 view .LVU1514
1545:Middlewares/Third_Party/LwIP/src/core/tcp.c **** 
 5113              		.loc 1 1545 3 view .LVU1515
 5114 0002 18B3     		cbz	r0, .L477
 5115 0004 0446     		mov	r4, r0
1545:Middlewares/Third_Party/LwIP/src/core/tcp.c **** 
 5116              		.loc 1 1545 3 discriminator 2 view .LVU1516
 5117              	.LBB25:
1551:Middlewares/Third_Party/LwIP/src/core/tcp.c ****     u8_t refused_flags = pcb->refused_data->flags;
 5118              		.loc 1 1551 5 view .LVU1517
1552:Middlewares/Third_Party/LwIP/src/core/tcp.c ****     /* set pcb->refused_data to NULL in case the callback frees it and then
 5119              		.loc 1 1552 5 view .LVU1518
1552:Middlewares/Third_Party/LwIP/src/core/tcp.c ****     /* set pcb->refused_data to NULL in case the callback frees it and then
 5120              		.loc 1 1552 29 is_stmt 0 view .LVU1519
 5121 0006 866F     		ldr	r6, [r0, #120]
1552:Middlewares/Third_Party/LwIP/src/core/tcp.c ****     /* set pcb->refused_data to NULL in case the callback frees it and then
 5122              		.loc 1 1552 10 view .LVU1520
 5123 0008 777B     		ldrb	r7, [r6, #13]	@ zero_extendqisi2
 5124              	.LVL507:
1555:Middlewares/Third_Party/LwIP/src/core/tcp.c **** #if TCP_QUEUE_OOSEQ && LWIP_WND_SCALE
 5125              		.loc 1 1555 5 is_stmt 1 view .LVU1521
1560:Middlewares/Third_Party/LwIP/src/core/tcp.c **** #endif /* TCP_QUEUE_OOSEQ && LWIP_WND_SCALE */
 5126              		.loc 1 1560 5 view .LVU1522
1560:Middlewares/Third_Party/LwIP/src/core/tcp.c **** #endif /* TCP_QUEUE_OOSEQ && LWIP_WND_SCALE */
 5127              		.loc 1 1560 23 is_stmt 0 view .LVU1523
ARM GAS  /tmp/ccN9yVzV.s 			page 158


 5128 000a 0023     		movs	r3, #0
 5129 000c 8367     		str	r3, [r0, #120]
1563:Middlewares/Third_Party/LwIP/src/core/tcp.c ****     TCP_EVENT_RECV(pcb, refused_data, ERR_OK, err);
 5130              		.loc 1 1563 5 is_stmt 1 view .LVU1524
1563:Middlewares/Third_Party/LwIP/src/core/tcp.c ****     TCP_EVENT_RECV(pcb, refused_data, ERR_OK, err);
 5131              		.loc 1 1563 5 view .LVU1525
1563:Middlewares/Third_Party/LwIP/src/core/tcp.c ****     TCP_EVENT_RECV(pcb, refused_data, ERR_OK, err);
 5132              		.loc 1 1563 5 discriminator 4 view .LVU1526
1564:Middlewares/Third_Party/LwIP/src/core/tcp.c ****     if (err == ERR_OK) {
 5133              		.loc 1 1564 5 view .LVU1527
1564:Middlewares/Third_Party/LwIP/src/core/tcp.c ****     if (err == ERR_OK) {
 5134              		.loc 1 1564 5 view .LVU1528
 5135 000e D0F88450 		ldr	r5, [r0, #132]
 5136 0012 2DB3     		cbz	r5, .L471
1564:Middlewares/Third_Party/LwIP/src/core/tcp.c ****     if (err == ERR_OK) {
 5137              		.loc 1 1564 5 discriminator 1 view .LVU1529
 5138 0014 3246     		mov	r2, r6
 5139 0016 0146     		mov	r1, r0
 5140 0018 0069     		ldr	r0, [r0, #16]
 5141              	.LVL508:
1564:Middlewares/Third_Party/LwIP/src/core/tcp.c ****     if (err == ERR_OK) {
 5142              		.loc 1 1564 5 is_stmt 0 discriminator 1 view .LVU1530
 5143 001a A847     		blx	r5
 5144              	.LVL509:
1564:Middlewares/Third_Party/LwIP/src/core/tcp.c ****     if (err == ERR_OK) {
 5145              		.loc 1 1564 5 discriminator 1 view .LVU1531
 5146 001c 0546     		mov	r5, r0
 5147              	.LVL510:
 5148              	.L472:
1564:Middlewares/Third_Party/LwIP/src/core/tcp.c ****     if (err == ERR_OK) {
 5149              		.loc 1 1564 5 is_stmt 1 discriminator 4 view .LVU1532
1565:Middlewares/Third_Party/LwIP/src/core/tcp.c ****       /* did refused_data include a FIN? */
 5150              		.loc 1 1565 5 view .LVU1533
1565:Middlewares/Third_Party/LwIP/src/core/tcp.c ****       /* did refused_data include a FIN? */
 5151              		.loc 1 1565 8 is_stmt 0 view .LVU1534
 5152 001e 3DBB     		cbnz	r5, .L473
1567:Middlewares/Third_Party/LwIP/src/core/tcp.c **** #if TCP_QUEUE_OOSEQ && LWIP_WND_SCALE
 5153              		.loc 1 1567 7 is_stmt 1 view .LVU1535
1567:Middlewares/Third_Party/LwIP/src/core/tcp.c **** #if TCP_QUEUE_OOSEQ && LWIP_WND_SCALE
 5154              		.loc 1 1567 10 is_stmt 0 view .LVU1536
 5155 0020 17F0200F 		tst	r7, #32
 5156 0024 2AD0     		beq	.L470
1574:Middlewares/Third_Party/LwIP/src/core/tcp.c ****           pcb->rcv_wnd++;
 5157              		.loc 1 1574 9 is_stmt 1 view .LVU1537
1574:Middlewares/Third_Party/LwIP/src/core/tcp.c ****           pcb->rcv_wnd++;
 5158              		.loc 1 1574 16 is_stmt 0 view .LVU1538
 5159 0026 238D     		ldrh	r3, [r4, #40]
1574:Middlewares/Third_Party/LwIP/src/core/tcp.c ****           pcb->rcv_wnd++;
 5160              		.loc 1 1574 12 view .LVU1539
 5161 0028 B3F5066F 		cmp	r3, #2144
 5162 002c 01D0     		beq	.L474
1575:Middlewares/Third_Party/LwIP/src/core/tcp.c ****         }
 5163              		.loc 1 1575 11 is_stmt 1 view .LVU1540
1575:Middlewares/Third_Party/LwIP/src/core/tcp.c ****         }
 5164              		.loc 1 1575 23 is_stmt 0 view .LVU1541
 5165 002e 0133     		adds	r3, r3, #1
 5166 0030 2385     		strh	r3, [r4, #40]	@ movhi
ARM GAS  /tmp/ccN9yVzV.s 			page 159


 5167              	.L474:
1577:Middlewares/Third_Party/LwIP/src/core/tcp.c ****         if (err == ERR_ABRT) {
 5168              		.loc 1 1577 9 is_stmt 1 view .LVU1542
1577:Middlewares/Third_Party/LwIP/src/core/tcp.c ****         if (err == ERR_ABRT) {
 5169              		.loc 1 1577 9 view .LVU1543
 5170 0032 D4F88460 		ldr	r6, [r4, #132]
 5171              	.LVL511:
1577:Middlewares/Third_Party/LwIP/src/core/tcp.c ****         if (err == ERR_ABRT) {
 5172              		.loc 1 1577 9 is_stmt 0 view .LVU1544
 5173 0036 0EB3     		cbz	r6, .L470
1577:Middlewares/Third_Party/LwIP/src/core/tcp.c ****         if (err == ERR_ABRT) {
 5174              		.loc 1 1577 9 is_stmt 1 discriminator 1 view .LVU1545
 5175 0038 0023     		movs	r3, #0
 5176 003a 1A46     		mov	r2, r3
 5177 003c 2146     		mov	r1, r4
 5178 003e 2069     		ldr	r0, [r4, #16]
 5179 0040 B047     		blx	r6
 5180              	.LVL512:
1577:Middlewares/Third_Party/LwIP/src/core/tcp.c ****         if (err == ERR_ABRT) {
 5181              		.loc 1 1577 9 discriminator 4 view .LVU1546
1578:Middlewares/Third_Party/LwIP/src/core/tcp.c ****           return ERR_ABRT;
 5182              		.loc 1 1578 9 view .LVU1547
1578:Middlewares/Third_Party/LwIP/src/core/tcp.c ****           return ERR_ABRT;
 5183              		.loc 1 1578 12 is_stmt 0 view .LVU1548
 5184 0042 10F10D0F 		cmn	r0, #13
 5185 0046 19D1     		bne	.L470
1579:Middlewares/Third_Party/LwIP/src/core/tcp.c ****         }
 5186              		.loc 1 1579 18 view .LVU1549
 5187 0048 0546     		mov	r5, r0
 5188 004a 17E0     		b	.L470
 5189              	.LVL513:
 5190              	.L477:
1579:Middlewares/Third_Party/LwIP/src/core/tcp.c ****         }
 5191              		.loc 1 1579 18 view .LVU1550
 5192              	.LBE25:
1545:Middlewares/Third_Party/LwIP/src/core/tcp.c **** 
 5193              		.loc 1 1545 3 is_stmt 1 discriminator 1 view .LVU1551
1545:Middlewares/Third_Party/LwIP/src/core/tcp.c **** 
 5194              		.loc 1 1545 3 discriminator 1 view .LVU1552
 5195 004c 0C4B     		ldr	r3, .L478
 5196 004e 40F20962 		movw	r2, #1545
 5197 0052 0C49     		ldr	r1, .L478+4
 5198 0054 0C48     		ldr	r0, .L478+8
 5199              	.LVL514:
1545:Middlewares/Third_Party/LwIP/src/core/tcp.c **** 
 5200              		.loc 1 1545 3 is_stmt 0 discriminator 1 view .LVU1553
 5201 0056 FFF7FEFF 		bl	printf
 5202              	.LVL515:
1545:Middlewares/Third_Party/LwIP/src/core/tcp.c **** 
 5203              		.loc 1 1545 3 is_stmt 1 discriminator 1 view .LVU1554
1545:Middlewares/Third_Party/LwIP/src/core/tcp.c **** 
 5204              		.loc 1 1545 3 discriminator 1 view .LVU1555
 5205 005a 6FF00F05 		mvn	r5, #15
1545:Middlewares/Third_Party/LwIP/src/core/tcp.c **** 
 5206              		.loc 1 1545 3 is_stmt 0 view .LVU1556
 5207 005e 0DE0     		b	.L470
 5208              	.LVL516:
ARM GAS  /tmp/ccN9yVzV.s 			page 160


 5209              	.L471:
 5210              	.LBB26:
1564:Middlewares/Third_Party/LwIP/src/core/tcp.c ****     if (err == ERR_OK) {
 5211              		.loc 1 1564 5 is_stmt 1 discriminator 2 view .LVU1557
 5212 0060 0023     		movs	r3, #0
 5213 0062 3246     		mov	r2, r6
 5214 0064 0146     		mov	r1, r0
 5215 0066 1846     		mov	r0, r3
 5216              	.LVL517:
1564:Middlewares/Third_Party/LwIP/src/core/tcp.c ****     if (err == ERR_OK) {
 5217              		.loc 1 1564 5 is_stmt 0 discriminator 2 view .LVU1558
 5218 0068 FFF7FEFF 		bl	tcp_recv_null
 5219              	.LVL518:
 5220 006c 0546     		mov	r5, r0
 5221 006e D6E7     		b	.L472
 5222              	.LVL519:
 5223              	.L473:
1582:Middlewares/Third_Party/LwIP/src/core/tcp.c ****       /* if err == ERR_ABRT, 'pcb' is already deallocated */
 5224              		.loc 1 1582 12 is_stmt 1 view .LVU1559
1582:Middlewares/Third_Party/LwIP/src/core/tcp.c ****       /* if err == ERR_ABRT, 'pcb' is already deallocated */
 5225              		.loc 1 1582 15 is_stmt 0 view .LVU1560
 5226 0070 15F10D0F 		cmn	r5, #13
 5227 0074 02D0     		beq	.L470
1595:Middlewares/Third_Party/LwIP/src/core/tcp.c ****       return ERR_INPROGRESS;
 5228              		.loc 1 1595 7 is_stmt 1 view .LVU1561
1595:Middlewares/Third_Party/LwIP/src/core/tcp.c ****       return ERR_INPROGRESS;
 5229              		.loc 1 1595 25 is_stmt 0 view .LVU1562
 5230 0076 A667     		str	r6, [r4, #120]
1596:Middlewares/Third_Party/LwIP/src/core/tcp.c ****     }
 5231              		.loc 1 1596 7 is_stmt 1 view .LVU1563
1596:Middlewares/Third_Party/LwIP/src/core/tcp.c ****     }
 5232              		.loc 1 1596 14 is_stmt 0 view .LVU1564
 5233 0078 6FF00405 		mvn	r5, #4
 5234              	.LVL520:
 5235              	.L470:
1596:Middlewares/Third_Party/LwIP/src/core/tcp.c ****     }
 5236              		.loc 1 1596 14 view .LVU1565
 5237              	.LBE26:
1600:Middlewares/Third_Party/LwIP/src/core/tcp.c **** 
 5238              		.loc 1 1600 1 view .LVU1566
 5239 007c 2846     		mov	r0, r5
 5240 007e F8BD     		pop	{r3, r4, r5, r6, r7, pc}
 5241              	.L479:
 5242              		.align	2
 5243              	.L478:
 5244 0080 00000000 		.word	.LC0
 5245 0084 00000000 		.word	.LC42
 5246 0088 54000000 		.word	.LC2
 5247              		.cfi_endproc
 5248              	.LFE180:
 5250              		.section	.text.tcp_fasttmr,"ax",%progbits
 5251              		.align	1
 5252              		.global	tcp_fasttmr
 5253              		.syntax unified
 5254              		.thumb
 5255              		.thumb_func
 5257              	tcp_fasttmr:
ARM GAS  /tmp/ccN9yVzV.s 			page 161


 5258              	.LFB178:
1480:Middlewares/Third_Party/LwIP/src/core/tcp.c ****   struct tcp_pcb *pcb;
 5259              		.loc 1 1480 1 is_stmt 1 view -0
 5260              		.cfi_startproc
 5261              		@ args = 0, pretend = 0, frame = 0
 5262              		@ frame_needed = 0, uses_anonymous_args = 0
 5263 0000 70B5     		push	{r4, r5, r6, lr}
 5264              	.LCFI55:
 5265              		.cfi_def_cfa_offset 16
 5266              		.cfi_offset 4, -16
 5267              		.cfi_offset 5, -12
 5268              		.cfi_offset 6, -8
 5269              		.cfi_offset 14, -4
1481:Middlewares/Third_Party/LwIP/src/core/tcp.c **** 
 5270              		.loc 1 1481 3 view .LVU1568
1483:Middlewares/Third_Party/LwIP/src/core/tcp.c **** 
 5271              		.loc 1 1483 3 view .LVU1569
 5272 0002 1C4A     		ldr	r2, .L492
 5273 0004 1378     		ldrb	r3, [r2]	@ zero_extendqisi2
 5274 0006 0133     		adds	r3, r3, #1
 5275 0008 1370     		strb	r3, [r2]
 5276              	.L481:
1486:Middlewares/Third_Party/LwIP/src/core/tcp.c **** 
 5277              		.loc 1 1486 3 view .LVU1570
1486:Middlewares/Third_Party/LwIP/src/core/tcp.c **** 
 5278              		.loc 1 1486 7 is_stmt 0 view .LVU1571
 5279 000a 1B4B     		ldr	r3, .L492+4
 5280 000c 1C68     		ldr	r4, [r3]
 5281              	.LVL521:
1488:Middlewares/Third_Party/LwIP/src/core/tcp.c ****     if (pcb->last_timer != tcp_timer_ctr) {
 5282              		.loc 1 1488 3 is_stmt 1 view .LVU1572
1488:Middlewares/Third_Party/LwIP/src/core/tcp.c ****     if (pcb->last_timer != tcp_timer_ctr) {
 5283              		.loc 1 1488 9 is_stmt 0 view .LVU1573
 5284 000e 13E0     		b	.L482
 5285              	.L490:
 5286              	.LBB27:
1494:Middlewares/Third_Party/LwIP/src/core/tcp.c ****         tcp_ack_now(pcb);
 5287              		.loc 1 1494 9 is_stmt 1 view .LVU1574
1494:Middlewares/Third_Party/LwIP/src/core/tcp.c ****         tcp_ack_now(pcb);
 5288              		.loc 1 1494 9 view .LVU1575
1494:Middlewares/Third_Party/LwIP/src/core/tcp.c ****         tcp_ack_now(pcb);
 5289              		.loc 1 1494 9 discriminator 4 view .LVU1576
1495:Middlewares/Third_Party/LwIP/src/core/tcp.c ****         tcp_output(pcb);
 5290              		.loc 1 1495 9 view .LVU1577
1495:Middlewares/Third_Party/LwIP/src/core/tcp.c ****         tcp_output(pcb);
 5291              		.loc 1 1495 9 view .LVU1578
 5292 0010 43F00203 		orr	r3, r3, #2
 5293 0014 6383     		strh	r3, [r4, #26]	@ movhi
1495:Middlewares/Third_Party/LwIP/src/core/tcp.c ****         tcp_output(pcb);
 5294              		.loc 1 1495 9 view .LVU1579
1496:Middlewares/Third_Party/LwIP/src/core/tcp.c ****         tcp_clear_flags(pcb, TF_ACK_DELAY | TF_ACK_NOW);
 5295              		.loc 1 1496 9 view .LVU1580
 5296 0016 2046     		mov	r0, r4
 5297 0018 FFF7FEFF 		bl	tcp_output
 5298              	.LVL522:
1497:Middlewares/Third_Party/LwIP/src/core/tcp.c ****       }
 5299              		.loc 1 1497 9 view .LVU1581
ARM GAS  /tmp/ccN9yVzV.s 			page 162


1497:Middlewares/Third_Party/LwIP/src/core/tcp.c ****       }
 5300              		.loc 1 1497 9 view .LVU1582
 5301 001c 638B     		ldrh	r3, [r4, #26]
 5302 001e 23F00303 		bic	r3, r3, #3
 5303 0022 6383     		strh	r3, [r4, #26]	@ movhi
 5304 0024 13E0     		b	.L484
 5305              	.L491:
1501:Middlewares/Third_Party/LwIP/src/core/tcp.c ****         tcp_clear_flags(pcb, TF_CLOSEPEND);
 5306              		.loc 1 1501 9 view .LVU1583
1501:Middlewares/Third_Party/LwIP/src/core/tcp.c ****         tcp_clear_flags(pcb, TF_CLOSEPEND);
 5307              		.loc 1 1501 9 view .LVU1584
1501:Middlewares/Third_Party/LwIP/src/core/tcp.c ****         tcp_clear_flags(pcb, TF_CLOSEPEND);
 5308              		.loc 1 1501 9 discriminator 4 view .LVU1585
1502:Middlewares/Third_Party/LwIP/src/core/tcp.c ****         tcp_close_shutdown_fin(pcb);
 5309              		.loc 1 1502 9 view .LVU1586
1502:Middlewares/Third_Party/LwIP/src/core/tcp.c ****         tcp_close_shutdown_fin(pcb);
 5310              		.loc 1 1502 9 view .LVU1587
 5311 0026 23F00803 		bic	r3, r3, #8
 5312 002a 6383     		strh	r3, [r4, #26]	@ movhi
1502:Middlewares/Third_Party/LwIP/src/core/tcp.c ****         tcp_close_shutdown_fin(pcb);
 5313              		.loc 1 1502 9 view .LVU1588
1503:Middlewares/Third_Party/LwIP/src/core/tcp.c ****       }
 5314              		.loc 1 1503 9 view .LVU1589
 5315 002c 2046     		mov	r0, r4
 5316 002e FFF7FEFF 		bl	tcp_close_shutdown_fin
 5317              	.LVL523:
 5318 0032 10E0     		b	.L485
 5319              	.L483:
1503:Middlewares/Third_Party/LwIP/src/core/tcp.c ****       }
 5320              		.loc 1 1503 9 is_stmt 0 view .LVU1590
 5321              	.LBE27:
1519:Middlewares/Third_Party/LwIP/src/core/tcp.c ****     }
 5322              		.loc 1 1519 7 is_stmt 1 view .LVU1591
1519:Middlewares/Third_Party/LwIP/src/core/tcp.c ****     }
 5323              		.loc 1 1519 11 is_stmt 0 view .LVU1592
 5324 0034 E568     		ldr	r5, [r4, #12]
 5325              	.LVL524:
 5326              	.L486:
1480:Middlewares/Third_Party/LwIP/src/core/tcp.c ****   struct tcp_pcb *pcb;
 5327              		.loc 1 1480 1 view .LVU1593
 5328 0036 2C46     		mov	r4, r5
 5329              	.L482:
 5330              	.LVL525:
1488:Middlewares/Third_Party/LwIP/src/core/tcp.c ****     if (pcb->last_timer != tcp_timer_ctr) {
 5331              		.loc 1 1488 14 is_stmt 1 view .LVU1594
 5332 0038 DCB1     		cbz	r4, .L489
1489:Middlewares/Third_Party/LwIP/src/core/tcp.c ****       struct tcp_pcb *next;
 5333              		.loc 1 1489 5 view .LVU1595
1489:Middlewares/Third_Party/LwIP/src/core/tcp.c ****       struct tcp_pcb *next;
 5334              		.loc 1 1489 12 is_stmt 0 view .LVU1596
 5335 003a A27F     		ldrb	r2, [r4, #30]	@ zero_extendqisi2
1489:Middlewares/Third_Party/LwIP/src/core/tcp.c ****       struct tcp_pcb *next;
 5336              		.loc 1 1489 25 view .LVU1597
 5337 003c 0D4B     		ldr	r3, .L492
 5338 003e 1B78     		ldrb	r3, [r3]	@ zero_extendqisi2
1489:Middlewares/Third_Party/LwIP/src/core/tcp.c ****       struct tcp_pcb *next;
 5339              		.loc 1 1489 8 view .LVU1598
ARM GAS  /tmp/ccN9yVzV.s 			page 163


 5340 0040 9A42     		cmp	r2, r3
 5341 0042 F7D0     		beq	.L483
 5342              	.LBB28:
1490:Middlewares/Third_Party/LwIP/src/core/tcp.c ****       pcb->last_timer = tcp_timer_ctr;
 5343              		.loc 1 1490 7 is_stmt 1 view .LVU1599
1491:Middlewares/Third_Party/LwIP/src/core/tcp.c ****       /* send delayed ACKs */
 5344              		.loc 1 1491 7 view .LVU1600
1491:Middlewares/Third_Party/LwIP/src/core/tcp.c ****       /* send delayed ACKs */
 5345              		.loc 1 1491 23 is_stmt 0 view .LVU1601
 5346 0044 A377     		strb	r3, [r4, #30]
1493:Middlewares/Third_Party/LwIP/src/core/tcp.c ****         LWIP_DEBUGF(TCP_DEBUG, ("tcp_fasttmr: delayed ACK\n"));
 5347              		.loc 1 1493 7 is_stmt 1 view .LVU1602
1493:Middlewares/Third_Party/LwIP/src/core/tcp.c ****         LWIP_DEBUGF(TCP_DEBUG, ("tcp_fasttmr: delayed ACK\n"));
 5348              		.loc 1 1493 14 is_stmt 0 view .LVU1603
 5349 0046 638B     		ldrh	r3, [r4, #26]
1493:Middlewares/Third_Party/LwIP/src/core/tcp.c ****         LWIP_DEBUGF(TCP_DEBUG, ("tcp_fasttmr: delayed ACK\n"));
 5350              		.loc 1 1493 10 view .LVU1604
 5351 0048 13F0010F 		tst	r3, #1
 5352 004c E0D1     		bne	.L490
 5353              	.L484:
1497:Middlewares/Third_Party/LwIP/src/core/tcp.c ****       }
 5354              		.loc 1 1497 9 is_stmt 1 discriminator 1 view .LVU1605
1500:Middlewares/Third_Party/LwIP/src/core/tcp.c ****         LWIP_DEBUGF(TCP_DEBUG, ("tcp_fasttmr: pending FIN\n"));
 5355              		.loc 1 1500 7 view .LVU1606
1500:Middlewares/Third_Party/LwIP/src/core/tcp.c ****         LWIP_DEBUGF(TCP_DEBUG, ("tcp_fasttmr: pending FIN\n"));
 5356              		.loc 1 1500 14 is_stmt 0 view .LVU1607
 5357 004e 638B     		ldrh	r3, [r4, #26]
1500:Middlewares/Third_Party/LwIP/src/core/tcp.c ****         LWIP_DEBUGF(TCP_DEBUG, ("tcp_fasttmr: pending FIN\n"));
 5358              		.loc 1 1500 10 view .LVU1608
 5359 0050 13F0080F 		tst	r3, #8
 5360 0054 E7D1     		bne	.L491
 5361              	.L485:
1506:Middlewares/Third_Party/LwIP/src/core/tcp.c **** 
 5362              		.loc 1 1506 7 is_stmt 1 view .LVU1609
1506:Middlewares/Third_Party/LwIP/src/core/tcp.c **** 
 5363              		.loc 1 1506 12 is_stmt 0 view .LVU1610
 5364 0056 E568     		ldr	r5, [r4, #12]
 5365              	.LVL526:
1509:Middlewares/Third_Party/LwIP/src/core/tcp.c ****         tcp_active_pcbs_changed = 0;
 5366              		.loc 1 1509 7 is_stmt 1 view .LVU1611
1509:Middlewares/Third_Party/LwIP/src/core/tcp.c ****         tcp_active_pcbs_changed = 0;
 5367              		.loc 1 1509 14 is_stmt 0 view .LVU1612
 5368 0058 A36F     		ldr	r3, [r4, #120]
1509:Middlewares/Third_Party/LwIP/src/core/tcp.c ****         tcp_active_pcbs_changed = 0;
 5369              		.loc 1 1509 10 view .LVU1613
 5370 005a 002B     		cmp	r3, #0
 5371 005c EBD0     		beq	.L486
1510:Middlewares/Third_Party/LwIP/src/core/tcp.c ****         tcp_process_refused_data(pcb);
 5372              		.loc 1 1510 9 is_stmt 1 view .LVU1614
1510:Middlewares/Third_Party/LwIP/src/core/tcp.c ****         tcp_process_refused_data(pcb);
 5373              		.loc 1 1510 33 is_stmt 0 view .LVU1615
 5374 005e 074E     		ldr	r6, .L492+8
 5375 0060 0023     		movs	r3, #0
 5376 0062 3370     		strb	r3, [r6]
1511:Middlewares/Third_Party/LwIP/src/core/tcp.c ****         if (tcp_active_pcbs_changed) {
 5377              		.loc 1 1511 9 is_stmt 1 view .LVU1616
 5378 0064 2046     		mov	r0, r4
ARM GAS  /tmp/ccN9yVzV.s 			page 164


 5379 0066 FFF7FEFF 		bl	tcp_process_refused_data
 5380              	.LVL527:
1512:Middlewares/Third_Party/LwIP/src/core/tcp.c ****           /* application callback has changed the pcb list: restart the loop */
 5381              		.loc 1 1512 9 view .LVU1617
1512:Middlewares/Third_Party/LwIP/src/core/tcp.c ****           /* application callback has changed the pcb list: restart the loop */
 5382              		.loc 1 1512 13 is_stmt 0 view .LVU1618
 5383 006a 3378     		ldrb	r3, [r6]	@ zero_extendqisi2
1512:Middlewares/Third_Party/LwIP/src/core/tcp.c ****           /* application callback has changed the pcb list: restart the loop */
 5384              		.loc 1 1512 12 view .LVU1619
 5385 006c 002B     		cmp	r3, #0
 5386 006e E2D0     		beq	.L486
 5387 0070 CBE7     		b	.L481
 5388              	.LVL528:
 5389              	.L489:
1512:Middlewares/Third_Party/LwIP/src/core/tcp.c ****           /* application callback has changed the pcb list: restart the loop */
 5390              		.loc 1 1512 12 view .LVU1620
 5391              	.LBE28:
1522:Middlewares/Third_Party/LwIP/src/core/tcp.c **** 
 5392              		.loc 1 1522 1 view .LVU1621
 5393 0072 70BD     		pop	{r4, r5, r6, pc}
 5394              	.LVL529:
 5395              	.L493:
1522:Middlewares/Third_Party/LwIP/src/core/tcp.c **** 
 5396              		.loc 1 1522 1 view .LVU1622
 5397              		.align	2
 5398              	.L492:
 5399 0074 00000000 		.word	tcp_timer_ctr
 5400 0078 00000000 		.word	tcp_active_pcbs
 5401 007c 00000000 		.word	tcp_active_pcbs_changed
 5402              		.cfi_endproc
 5403              	.LFE178:
 5405              		.section	.rodata.tcp_shutdown.str1.4,"aMS",%progbits,1
 5406              		.align	2
 5407              	.LC43:
 5408 0000 7463705F 		.ascii	"tcp_shutdown: invalid pcb\000"
 5408      73687574 
 5408      646F776E 
 5408      3A20696E 
 5408      76616C69 
 5409              		.section	.text.tcp_shutdown,"ax",%progbits
 5410              		.align	1
 5411              		.global	tcp_shutdown
 5412              		.syntax unified
 5413              		.thumb
 5414              		.thumb_func
 5416              	tcp_shutdown:
 5417              	.LVL530:
 5418              	.LFB165:
 516:Middlewares/Third_Party/LwIP/src/core/tcp.c ****   LWIP_ASSERT_CORE_LOCKED();
 5419              		.loc 1 516 1 is_stmt 1 view -0
 5420              		.cfi_startproc
 5421              		@ args = 0, pretend = 0, frame = 0
 5422              		@ frame_needed = 0, uses_anonymous_args = 0
 516:Middlewares/Third_Party/LwIP/src/core/tcp.c ****   LWIP_ASSERT_CORE_LOCKED();
 5423              		.loc 1 516 1 is_stmt 0 view .LVU1624
 5424 0000 70B5     		push	{r4, r5, r6, lr}
 5425              	.LCFI56:
ARM GAS  /tmp/ccN9yVzV.s 			page 165


 5426              		.cfi_def_cfa_offset 16
 5427              		.cfi_offset 4, -16
 5428              		.cfi_offset 5, -12
 5429              		.cfi_offset 6, -8
 5430              		.cfi_offset 14, -4
 517:Middlewares/Third_Party/LwIP/src/core/tcp.c **** 
 5431              		.loc 1 517 28 is_stmt 1 view .LVU1625
 519:Middlewares/Third_Party/LwIP/src/core/tcp.c **** 
 5432              		.loc 1 519 3 view .LVU1626
 519:Middlewares/Third_Party/LwIP/src/core/tcp.c **** 
 5433              		.loc 1 519 3 view .LVU1627
 5434 0002 E0B1     		cbz	r0, .L505
 5435 0004 0D46     		mov	r5, r1
 5436 0006 1646     		mov	r6, r2
 5437 0008 0446     		mov	r4, r0
 519:Middlewares/Third_Party/LwIP/src/core/tcp.c **** 
 5438              		.loc 1 519 3 discriminator 2 view .LVU1628
 521:Middlewares/Third_Party/LwIP/src/core/tcp.c ****     return ERR_CONN;
 5439              		.loc 1 521 3 view .LVU1629
 521:Middlewares/Third_Party/LwIP/src/core/tcp.c ****     return ERR_CONN;
 5440              		.loc 1 521 10 is_stmt 0 view .LVU1630
 5441 000a 037D     		ldrb	r3, [r0, #20]	@ zero_extendqisi2
 521:Middlewares/Third_Party/LwIP/src/core/tcp.c ****     return ERR_CONN;
 5442              		.loc 1 521 6 view .LVU1631
 5443 000c 012B     		cmp	r3, #1
 5444 000e 2CD0     		beq	.L501
 524:Middlewares/Third_Party/LwIP/src/core/tcp.c ****     /* shut down the receive side: set a flag not to receive any more data... */
 5445              		.loc 1 524 3 is_stmt 1 view .LVU1632
 524:Middlewares/Third_Party/LwIP/src/core/tcp.c ****     /* shut down the receive side: set a flag not to receive any more data... */
 5446              		.loc 1 524 6 is_stmt 0 view .LVU1633
 5447 0010 51B1     		cbz	r1, .L497
 526:Middlewares/Third_Party/LwIP/src/core/tcp.c ****     if (shut_tx) {
 5448              		.loc 1 526 5 is_stmt 1 view .LVU1634
 526:Middlewares/Third_Party/LwIP/src/core/tcp.c ****     if (shut_tx) {
 5449              		.loc 1 526 5 view .LVU1635
 5450 0012 438B     		ldrh	r3, [r0, #26]
 5451 0014 43F01003 		orr	r3, r3, #16
 5452 0018 4383     		strh	r3, [r0, #26]	@ movhi
 526:Middlewares/Third_Party/LwIP/src/core/tcp.c ****     if (shut_tx) {
 5453              		.loc 1 526 5 view .LVU1636
 527:Middlewares/Third_Party/LwIP/src/core/tcp.c ****       /* shutting down the tx AND rx side is the same as closing for the raw API */
 5454              		.loc 1 527 5 view .LVU1637
 527:Middlewares/Third_Party/LwIP/src/core/tcp.c ****       /* shutting down the tx AND rx side is the same as closing for the raw API */
 5455              		.loc 1 527 8 is_stmt 0 view .LVU1638
 5456 001a D2B9     		cbnz	r2, .L506
 532:Middlewares/Third_Party/LwIP/src/core/tcp.c ****       pbuf_free(pcb->refused_data);
 5457              		.loc 1 532 5 is_stmt 1 view .LVU1639
 532:Middlewares/Third_Party/LwIP/src/core/tcp.c ****       pbuf_free(pcb->refused_data);
 5458              		.loc 1 532 12 is_stmt 0 view .LVU1640
 5459 001c 806F     		ldr	r0, [r0, #120]
 5460              	.LVL531:
 532:Middlewares/Third_Party/LwIP/src/core/tcp.c ****       pbuf_free(pcb->refused_data);
 5461              		.loc 1 532 8 view .LVU1641
 5462 001e 18B1     		cbz	r0, .L497
 533:Middlewares/Third_Party/LwIP/src/core/tcp.c ****       pcb->refused_data = NULL;
 5463              		.loc 1 533 7 is_stmt 1 view .LVU1642
 5464 0020 FFF7FEFF 		bl	pbuf_free
ARM GAS  /tmp/ccN9yVzV.s 			page 166


 5465              	.LVL532:
 534:Middlewares/Third_Party/LwIP/src/core/tcp.c ****     }
 5466              		.loc 1 534 7 view .LVU1643
 534:Middlewares/Third_Party/LwIP/src/core/tcp.c ****     }
 5467              		.loc 1 534 25 is_stmt 0 view .LVU1644
 5468 0024 0023     		movs	r3, #0
 5469 0026 A367     		str	r3, [r4, #120]
 5470              	.L497:
 537:Middlewares/Third_Party/LwIP/src/core/tcp.c ****     /* This can't happen twice since if it succeeds, the pcb's state is changed.
 5471              		.loc 1 537 3 is_stmt 1 view .LVU1645
 537:Middlewares/Third_Party/LwIP/src/core/tcp.c ****     /* This can't happen twice since if it succeeds, the pcb's state is changed.
 5472              		.loc 1 537 6 is_stmt 0 view .LVU1646
 5473 0028 16B3     		cbz	r6, .L502
 540:Middlewares/Third_Party/LwIP/src/core/tcp.c ****       case SYN_RCVD:
 5474              		.loc 1 540 5 is_stmt 1 view .LVU1647
 540:Middlewares/Third_Party/LwIP/src/core/tcp.c ****       case SYN_RCVD:
 5475              		.loc 1 540 16 is_stmt 0 view .LVU1648
 5476 002a 237D     		ldrb	r3, [r4, #20]	@ zero_extendqisi2
 540:Middlewares/Third_Party/LwIP/src/core/tcp.c ****       case SYN_RCVD:
 5477              		.loc 1 540 5 view .LVU1649
 5478 002c 042B     		cmp	r3, #4
 5479 002e 17D8     		bhi	.L499
 5480 0030 032B     		cmp	r3, #3
 5481 0032 12D3     		bcc	.L507
 5482              	.L500:
 544:Middlewares/Third_Party/LwIP/src/core/tcp.c ****       default:
 5483              		.loc 1 544 9 is_stmt 1 view .LVU1650
 544:Middlewares/Third_Party/LwIP/src/core/tcp.c ****       default:
 5484              		.loc 1 544 16 is_stmt 0 view .LVU1651
 5485 0034 E9B2     		uxtb	r1, r5
 5486 0036 2046     		mov	r0, r4
 5487 0038 FFF7FEFF 		bl	tcp_close_shutdown
 5488              	.LVL533:
 5489 003c 19E0     		b	.L496
 5490              	.LVL534:
 5491              	.L505:
 519:Middlewares/Third_Party/LwIP/src/core/tcp.c **** 
 5492              		.loc 1 519 3 is_stmt 1 discriminator 1 view .LVU1652
 519:Middlewares/Third_Party/LwIP/src/core/tcp.c **** 
 5493              		.loc 1 519 3 discriminator 1 view .LVU1653
 5494 003e 0D4B     		ldr	r3, .L508
 5495 0040 40F20722 		movw	r2, #519
 5496              	.LVL535:
 519:Middlewares/Third_Party/LwIP/src/core/tcp.c **** 
 5497              		.loc 1 519 3 is_stmt 0 discriminator 1 view .LVU1654
 5498 0044 0C49     		ldr	r1, .L508+4
 5499              	.LVL536:
 519:Middlewares/Third_Party/LwIP/src/core/tcp.c **** 
 5500              		.loc 1 519 3 discriminator 1 view .LVU1655
 5501 0046 0D48     		ldr	r0, .L508+8
 5502              	.LVL537:
 519:Middlewares/Third_Party/LwIP/src/core/tcp.c **** 
 5503              		.loc 1 519 3 discriminator 1 view .LVU1656
 5504 0048 FFF7FEFF 		bl	printf
 5505              	.LVL538:
 519:Middlewares/Third_Party/LwIP/src/core/tcp.c **** 
 5506              		.loc 1 519 3 is_stmt 1 discriminator 1 view .LVU1657
ARM GAS  /tmp/ccN9yVzV.s 			page 167


 519:Middlewares/Third_Party/LwIP/src/core/tcp.c **** 
 5507              		.loc 1 519 3 discriminator 1 view .LVU1658
 5508 004c 6FF00F00 		mvn	r0, #15
 519:Middlewares/Third_Party/LwIP/src/core/tcp.c **** 
 5509              		.loc 1 519 3 is_stmt 0 view .LVU1659
 5510 0050 0FE0     		b	.L496
 5511              	.LVL539:
 5512              	.L506:
 529:Middlewares/Third_Party/LwIP/src/core/tcp.c ****     }
 5513              		.loc 1 529 7 is_stmt 1 view .LVU1660
 529:Middlewares/Third_Party/LwIP/src/core/tcp.c ****     }
 5514              		.loc 1 529 14 is_stmt 0 view .LVU1661
 5515 0052 0121     		movs	r1, #1
 5516              	.LVL540:
 529:Middlewares/Third_Party/LwIP/src/core/tcp.c ****     }
 5517              		.loc 1 529 14 view .LVU1662
 5518 0054 FFF7FEFF 		bl	tcp_close_shutdown
 5519              	.LVL541:
 529:Middlewares/Third_Party/LwIP/src/core/tcp.c ****     }
 5520              		.loc 1 529 14 view .LVU1663
 5521 0058 0BE0     		b	.L496
 5522              	.L507:
 540:Middlewares/Third_Party/LwIP/src/core/tcp.c ****       case SYN_RCVD:
 5523              		.loc 1 540 5 view .LVU1664
 5524 005a 6FF00A00 		mvn	r0, #10
 5525 005e 08E0     		b	.L496
 5526              	.L499:
 5527 0060 072B     		cmp	r3, #7
 5528 0062 E7D0     		beq	.L500
 5529 0064 6FF00A00 		mvn	r0, #10
 5530 0068 03E0     		b	.L496
 5531              	.LVL542:
 5532              	.L501:
 522:Middlewares/Third_Party/LwIP/src/core/tcp.c ****   }
 5533              		.loc 1 522 12 view .LVU1665
 5534 006a 6FF00A00 		mvn	r0, #10
 5535              	.LVL543:
 522:Middlewares/Third_Party/LwIP/src/core/tcp.c ****   }
 5536              		.loc 1 522 12 view .LVU1666
 5537 006e 00E0     		b	.L496
 5538              	.LVL544:
 5539              	.L502:
 551:Middlewares/Third_Party/LwIP/src/core/tcp.c **** }
 5540              		.loc 1 551 10 view .LVU1667
 5541 0070 0020     		movs	r0, #0
 5542              	.LVL545:
 5543              	.L496:
 552:Middlewares/Third_Party/LwIP/src/core/tcp.c **** 
 5544              		.loc 1 552 1 view .LVU1668
 5545 0072 70BD     		pop	{r4, r5, r6, pc}
 5546              	.L509:
 5547              		.align	2
 5548              	.L508:
 5549 0074 00000000 		.word	.LC0
 5550 0078 00000000 		.word	.LC43
 5551 007c 54000000 		.word	.LC2
 5552              		.cfi_endproc
ARM GAS  /tmp/ccN9yVzV.s 			page 168


 5553              	.LFE165:
 5555              		.section	.rodata.tcp_slowtmr.str1.4,"aMS",%progbits,1
 5556              		.align	2
 5557              	.LC44:
 5558 0000 7463705F 		.ascii	"tcp_slowtmr: active pcb->state != CLOSED\012\000"
 5558      736C6F77 
 5558      746D723A 
 5558      20616374 
 5558      69766520 
 5559 002a 0000     		.align	2
 5560              	.LC45:
 5561 002c 7463705F 		.ascii	"tcp_slowtmr: active pcb->state != LISTEN\012\000"
 5561      736C6F77 
 5561      746D723A 
 5561      20616374 
 5561      69766520 
 5562 0056 0000     		.align	2
 5563              	.LC46:
 5564 0058 7463705F 		.ascii	"tcp_slowtmr: active pcb->state != TIME-WAIT\012\000"
 5564      736C6F77 
 5564      746D723A 
 5564      20616374 
 5564      69766520 
 5565 0085 000000   		.align	2
 5566              	.LC47:
 5567 0088 7463705F 		.ascii	"tcp_slowtimr: persist ticking with in-flight data\000"
 5567      736C6F77 
 5567      74696D72 
 5567      3A207065 
 5567      72736973 
 5568 00ba 0000     		.align	2
 5569              	.LC48:
 5570 00bc 7463705F 		.ascii	"tcp_slowtimr: persist ticking with empty send buffe"
 5570      736C6F77 
 5570      74696D72 
 5570      3A207065 
 5570      72736973 
 5571 00ef 7200     		.ascii	"r\000"
 5572 00f1 000000   		.align	2
 5573              	.LC49:
 5574 00f4 7463705F 		.ascii	"tcp_slowtmr: middle tcp != tcp_active_pcbs\000"
 5574      736C6F77 
 5574      746D723A 
 5574      206D6964 
 5574      646C6520 
 5575 011f 00       		.align	2
 5576              	.LC50:
 5577 0120 7463705F 		.ascii	"tcp_slowtmr: first pcb == tcp_active_pcbs\000"
 5577      736C6F77 
 5577      746D723A 
 5577      20666972 
 5577      73742070 
 5578 014a 0000     		.align	2
 5579              	.LC51:
 5580 014c 7463705F 		.ascii	"tcp_slowtmr: TIME-WAIT pcb->state == TIME-WAIT\000"
 5580      736C6F77 
 5580      746D723A 
ARM GAS  /tmp/ccN9yVzV.s 			page 169


 5580      2054494D 
 5580      452D5741 
 5581 017b 00       		.align	2
 5582              	.LC52:
 5583 017c 7463705F 		.ascii	"tcp_slowtmr: middle tcp != tcp_tw_pcbs\000"
 5583      736C6F77 
 5583      746D723A 
 5583      206D6964 
 5583      646C6520 
 5584 01a3 00       		.align	2
 5585              	.LC53:
 5586 01a4 7463705F 		.ascii	"tcp_slowtmr: first pcb == tcp_tw_pcbs\000"
 5586      736C6F77 
 5586      746D723A 
 5586      20666972 
 5586      73742070 
 5587              		.section	.text.tcp_slowtmr,"ax",%progbits
 5588              		.align	1
 5589              		.global	tcp_slowtmr
 5590              		.syntax unified
 5591              		.thumb
 5592              		.thumb_func
 5594              	tcp_slowtmr:
 5595              	.LFB177:
1193:Middlewares/Third_Party/LwIP/src/core/tcp.c ****   struct tcp_pcb *pcb, *prev;
 5596              		.loc 1 1193 1 is_stmt 1 view -0
 5597              		.cfi_startproc
 5598              		@ args = 0, pretend = 0, frame = 0
 5599              		@ frame_needed = 0, uses_anonymous_args = 0
 5600 0000 2DE9F041 		push	{r4, r5, r6, r7, r8, lr}
 5601              	.LCFI57:
 5602              		.cfi_def_cfa_offset 24
 5603              		.cfi_offset 4, -24
 5604              		.cfi_offset 5, -20
 5605              		.cfi_offset 6, -16
 5606              		.cfi_offset 7, -12
 5607              		.cfi_offset 8, -8
 5608              		.cfi_offset 14, -4
 5609 0004 84B0     		sub	sp, sp, #16
 5610              	.LCFI58:
 5611              		.cfi_def_cfa_offset 40
1194:Middlewares/Third_Party/LwIP/src/core/tcp.c ****   tcpwnd_size_t eff_wnd;
 5612              		.loc 1 1194 3 view .LVU1670
1195:Middlewares/Third_Party/LwIP/src/core/tcp.c ****   u8_t pcb_remove;      /* flag if a PCB should be removed */
 5613              		.loc 1 1195 3 view .LVU1671
1196:Middlewares/Third_Party/LwIP/src/core/tcp.c ****   u8_t pcb_reset;       /* flag if a RST should be sent when removing */
 5614              		.loc 1 1196 3 view .LVU1672
1197:Middlewares/Third_Party/LwIP/src/core/tcp.c ****   err_t err;
 5615              		.loc 1 1197 3 view .LVU1673
1198:Middlewares/Third_Party/LwIP/src/core/tcp.c **** 
 5616              		.loc 1 1198 3 view .LVU1674
1200:Middlewares/Third_Party/LwIP/src/core/tcp.c **** 
 5617              		.loc 1 1200 3 view .LVU1675
 5618              	.LVL546:
1202:Middlewares/Third_Party/LwIP/src/core/tcp.c ****   ++tcp_timer_ctr;
 5619              		.loc 1 1202 3 view .LVU1676
 5620 0006 9B4A     		ldr	r2, .L595
ARM GAS  /tmp/ccN9yVzV.s 			page 170


 5621 0008 1368     		ldr	r3, [r2]
 5622 000a 0133     		adds	r3, r3, #1
 5623 000c 1360     		str	r3, [r2]
1203:Middlewares/Third_Party/LwIP/src/core/tcp.c **** 
 5624              		.loc 1 1203 3 view .LVU1677
 5625 000e 9A4A     		ldr	r2, .L595+4
 5626 0010 1378     		ldrb	r3, [r2]	@ zero_extendqisi2
 5627 0012 0133     		adds	r3, r3, #1
 5628 0014 1370     		strb	r3, [r2]
 5629              	.L512:
 5630              	.LVL547:
 5631              	.L511:
1207:Middlewares/Third_Party/LwIP/src/core/tcp.c ****   pcb = tcp_active_pcbs;
 5632              		.loc 1 1207 3 view .LVU1678
1208:Middlewares/Third_Party/LwIP/src/core/tcp.c ****   if (pcb == NULL) {
 5633              		.loc 1 1208 3 view .LVU1679
1208:Middlewares/Third_Party/LwIP/src/core/tcp.c ****   if (pcb == NULL) {
 5634              		.loc 1 1208 7 is_stmt 0 view .LVU1680
 5635 0016 994B     		ldr	r3, .L595+8
 5636 0018 1C68     		ldr	r4, [r3]
 5637              	.LVL548:
1209:Middlewares/Third_Party/LwIP/src/core/tcp.c ****     LWIP_DEBUGF(TCP_DEBUG, ("tcp_slowtmr: no active pcbs\n"));
 5638              		.loc 1 1209 3 is_stmt 1 view .LVU1681
1210:Middlewares/Third_Party/LwIP/src/core/tcp.c ****   }
 5639              		.loc 1 1210 5 view .LVU1682
1210:Middlewares/Third_Party/LwIP/src/core/tcp.c ****   }
 5640              		.loc 1 1210 5 view .LVU1683
1210:Middlewares/Third_Party/LwIP/src/core/tcp.c ****   }
 5641              		.loc 1 1210 5 discriminator 4 view .LVU1684
1212:Middlewares/Third_Party/LwIP/src/core/tcp.c ****     LWIP_DEBUGF(TCP_DEBUG, ("tcp_slowtmr: processing active pcb\n"));
 5642              		.loc 1 1212 3 view .LVU1685
1207:Middlewares/Third_Party/LwIP/src/core/tcp.c ****   pcb = tcp_active_pcbs;
 5643              		.loc 1 1207 8 is_stmt 0 view .LVU1686
 5644 001a 0026     		movs	r6, #0
 5645 001c 94E1     		b	.L513
 5646              	.LVL549:
 5647              	.L585:
1214:Middlewares/Third_Party/LwIP/src/core/tcp.c ****     LWIP_ASSERT("tcp_slowtmr: active pcb->state != LISTEN\n", pcb->state != LISTEN);
 5648              		.loc 1 1214 5 is_stmt 1 discriminator 1 view .LVU1687
1214:Middlewares/Third_Party/LwIP/src/core/tcp.c ****     LWIP_ASSERT("tcp_slowtmr: active pcb->state != LISTEN\n", pcb->state != LISTEN);
 5649              		.loc 1 1214 5 discriminator 1 view .LVU1688
 5650 001e 984B     		ldr	r3, .L595+12
 5651 0020 40F2BE42 		movw	r2, #1214
 5652 0024 9749     		ldr	r1, .L595+16
 5653 0026 9848     		ldr	r0, .L595+20
 5654 0028 FFF7FEFF 		bl	printf
 5655              	.LVL550:
 5656 002c 92E1     		b	.L514
 5657              	.L586:
1215:Middlewares/Third_Party/LwIP/src/core/tcp.c ****     LWIP_ASSERT("tcp_slowtmr: active pcb->state != TIME-WAIT\n", pcb->state != TIME_WAIT);
 5658              		.loc 1 1215 5 discriminator 1 view .LVU1689
1215:Middlewares/Third_Party/LwIP/src/core/tcp.c ****     LWIP_ASSERT("tcp_slowtmr: active pcb->state != TIME-WAIT\n", pcb->state != TIME_WAIT);
 5659              		.loc 1 1215 5 discriminator 1 view .LVU1690
 5660 002e 944B     		ldr	r3, .L595+12
 5661 0030 40F2BF42 		movw	r2, #1215
 5662 0034 9549     		ldr	r1, .L595+24
 5663 0036 9448     		ldr	r0, .L595+20
ARM GAS  /tmp/ccN9yVzV.s 			page 171


 5664 0038 FFF7FEFF 		bl	printf
 5665              	.LVL551:
 5666 003c 8EE1     		b	.L515
 5667              	.L587:
1216:Middlewares/Third_Party/LwIP/src/core/tcp.c ****     if (pcb->last_timer == tcp_timer_ctr) {
 5668              		.loc 1 1216 5 discriminator 1 view .LVU1691
1216:Middlewares/Third_Party/LwIP/src/core/tcp.c ****     if (pcb->last_timer == tcp_timer_ctr) {
 5669              		.loc 1 1216 5 discriminator 1 view .LVU1692
 5670 003e 904B     		ldr	r3, .L595+12
 5671 0040 4FF49862 		mov	r2, #1216
 5672 0044 9249     		ldr	r1, .L595+28
 5673 0046 9048     		ldr	r0, .L595+20
 5674 0048 FFF7FEFF 		bl	printf
 5675              	.LVL552:
 5676 004c 8AE1     		b	.L516
 5677              	.L588:
1219:Middlewares/Third_Party/LwIP/src/core/tcp.c ****       pcb = pcb->next;
 5678              		.loc 1 1219 7 view .LVU1693
 5679              	.LVL553:
1220:Middlewares/Third_Party/LwIP/src/core/tcp.c ****       continue;
 5680              		.loc 1 1220 7 view .LVU1694
1221:Middlewares/Third_Party/LwIP/src/core/tcp.c ****     }
 5681              		.loc 1 1221 7 view .LVU1695
1219:Middlewares/Third_Party/LwIP/src/core/tcp.c ****       pcb = pcb->next;
 5682              		.loc 1 1219 12 is_stmt 0 view .LVU1696
 5683 004e 2646     		mov	r6, r4
1220:Middlewares/Third_Party/LwIP/src/core/tcp.c ****       continue;
 5684              		.loc 1 1220 11 view .LVU1697
 5685 0050 E468     		ldr	r4, [r4, #12]
 5686              	.LVL554:
1221:Middlewares/Third_Party/LwIP/src/core/tcp.c ****     }
 5687              		.loc 1 1221 7 view .LVU1698
 5688 0052 79E1     		b	.L513
 5689              	.LVL555:
 5690              	.L589:
1228:Middlewares/Third_Party/LwIP/src/core/tcp.c ****       ++pcb_remove;
 5691              		.loc 1 1228 38 discriminator 1 view .LVU1699
 5692 0054 94F84230 		ldrb	r3, [r4, #66]	@ zero_extendqisi2
1228:Middlewares/Third_Party/LwIP/src/core/tcp.c ****       ++pcb_remove;
 5693              		.loc 1 1228 32 discriminator 1 view .LVU1700
 5694 0058 052B     		cmp	r3, #5
 5695 005a 40F28E81 		bls	.L519
1229:Middlewares/Third_Party/LwIP/src/core/tcp.c ****       LWIP_DEBUGF(TCP_DEBUG, ("tcp_slowtmr: max SYN retries reached\n"));
 5696              		.loc 1 1229 7 view .LVU1701
 5697 005e 0125     		movs	r5, #1
 5698 0060 6FE0     		b	.L520
 5699              	.L590:
1237:Middlewares/Third_Party/LwIP/src/core/tcp.c ****         if (pcb->persist_probe >= TCP_MAXRTX) {
 5700              		.loc 1 1237 9 is_stmt 1 discriminator 1 view .LVU1702
1237:Middlewares/Third_Party/LwIP/src/core/tcp.c ****         if (pcb->persist_probe >= TCP_MAXRTX) {
 5701              		.loc 1 1237 9 discriminator 1 view .LVU1703
 5702 0062 874B     		ldr	r3, .L595+12
 5703 0064 40F2D542 		movw	r2, #1237
 5704 0068 8A49     		ldr	r1, .L595+32
 5705 006a 8748     		ldr	r0, .L595+20
 5706 006c FFF7FEFF 		bl	printf
 5707              	.LVL556:
ARM GAS  /tmp/ccN9yVzV.s 			page 172


 5708 0070 9AE1     		b	.L523
 5709              	.LVL557:
 5710              	.L525:
 5711              	.LBB29:
 5712              	.LBB30:
1254:Middlewares/Third_Party/LwIP/src/core/tcp.c ****                 if (tcp_output(pcb) == ERR_OK) {
 5713              		.loc 1 1254 15 view .LVU1704
1254:Middlewares/Third_Party/LwIP/src/core/tcp.c ****                 if (tcp_output(pcb) == ERR_OK) {
 5714              		.loc 1 1254 19 is_stmt 0 view .LVU1705
 5715 0072 2046     		mov	r0, r4
 5716 0074 FFF7FEFF 		bl	tcp_split_unsent_seg
 5717              	.LVL558:
1254:Middlewares/Third_Party/LwIP/src/core/tcp.c ****                 if (tcp_output(pcb) == ERR_OK) {
 5718              		.loc 1 1254 18 discriminator 1 view .LVU1706
 5719 0078 60B1     		cbz	r0, .L574
 5720              	.L526:
 5721              	.LVL559:
1262:Middlewares/Third_Party/LwIP/src/core/tcp.c ****               if (pcb->persist_backoff < sizeof(tcp_persist_backoff)) {
 5722              		.loc 1 1262 15 is_stmt 1 view .LVU1707
1262:Middlewares/Third_Party/LwIP/src/core/tcp.c ****               if (pcb->persist_backoff < sizeof(tcp_persist_backoff)) {
 5723              		.loc 1 1262 32 is_stmt 0 view .LVU1708
 5724 007a 0023     		movs	r3, #0
 5725 007c 84F89830 		strb	r3, [r4, #152]
1263:Middlewares/Third_Party/LwIP/src/core/tcp.c ****                 pcb->persist_backoff++;
 5726              		.loc 1 1263 15 is_stmt 1 view .LVU1709
1263:Middlewares/Third_Party/LwIP/src/core/tcp.c ****                 pcb->persist_backoff++;
 5727              		.loc 1 1263 22 is_stmt 0 view .LVU1710
 5728 0080 94F89930 		ldrb	r3, [r4, #153]	@ zero_extendqisi2
1263:Middlewares/Third_Party/LwIP/src/core/tcp.c ****                 pcb->persist_backoff++;
 5729              		.loc 1 1263 18 view .LVU1711
 5730 0084 062B     		cmp	r3, #6
 5731 0086 00F2A180 		bhi	.L564
1264:Middlewares/Third_Party/LwIP/src/core/tcp.c ****               }
 5732              		.loc 1 1264 17 is_stmt 1 view .LVU1712
1264:Middlewares/Third_Party/LwIP/src/core/tcp.c ****               }
 5733              		.loc 1 1264 37 is_stmt 0 view .LVU1713
 5734 008a 0133     		adds	r3, r3, #1
 5735 008c 84F89930 		strb	r3, [r4, #153]
 5736              	.LBE30:
 5737              	.LBE29:
1225:Middlewares/Third_Party/LwIP/src/core/tcp.c ****     pcb_reset = 0;
 5738              		.loc 1 1225 16 view .LVU1714
 5739 0090 0025     		movs	r5, #0
 5740 0092 56E0     		b	.L520
 5741              	.LVL560:
 5742              	.L574:
 5743              	.LBB33:
 5744              	.LBB31:
1255:Middlewares/Third_Party/LwIP/src/core/tcp.c ****                   /* sending will cancel persist timer, else retry with current slot */
 5745              		.loc 1 1255 17 is_stmt 1 view .LVU1715
1255:Middlewares/Third_Party/LwIP/src/core/tcp.c ****                   /* sending will cancel persist timer, else retry with current slot */
 5746              		.loc 1 1255 21 is_stmt 0 view .LVU1716
 5747 0094 2046     		mov	r0, r4
 5748 0096 FFF7FEFF 		bl	tcp_output
 5749              	.LVL561:
1255:Middlewares/Third_Party/LwIP/src/core/tcp.c ****                   /* sending will cancel persist timer, else retry with current slot */
 5750              		.loc 1 1255 20 discriminator 1 view .LVU1717
ARM GAS  /tmp/ccN9yVzV.s 			page 173


 5751 009a 0028     		cmp	r0, #0
 5752 009c EDD1     		bne	.L526
 5753              	.LBE31:
 5754              	.LBE33:
1225:Middlewares/Third_Party/LwIP/src/core/tcp.c ****     pcb_reset = 0;
 5755              		.loc 1 1225 16 view .LVU1718
 5756 009e 0025     		movs	r5, #0
 5757 00a0 4FE0     		b	.L520
 5758              	.LVL562:
 5759              	.L521:
1271:Middlewares/Third_Party/LwIP/src/core/tcp.c ****           ++pcb->rtime;
 5760              		.loc 1 1271 9 is_stmt 1 view .LVU1719
1271:Middlewares/Third_Party/LwIP/src/core/tcp.c ****           ++pcb->rtime;
 5761              		.loc 1 1271 17 is_stmt 0 view .LVU1720
 5762 00a2 B4F93030 		ldrsh	r3, [r4, #48]
1271:Middlewares/Third_Party/LwIP/src/core/tcp.c ****           ++pcb->rtime;
 5763              		.loc 1 1271 31 view .LVU1721
 5764 00a6 9BB2     		uxth	r3, r3
1271:Middlewares/Third_Party/LwIP/src/core/tcp.c ****           ++pcb->rtime;
 5765              		.loc 1 1271 12 view .LVU1722
 5766 00a8 47F6FE72 		movw	r2, #32766
 5767 00ac 9342     		cmp	r3, r2
 5768 00ae 01D8     		bhi	.L527
1272:Middlewares/Third_Party/LwIP/src/core/tcp.c ****         }
 5769              		.loc 1 1272 11 is_stmt 1 view .LVU1723
 5770 00b0 0133     		adds	r3, r3, #1
 5771 00b2 2386     		strh	r3, [r4, #48]	@ movhi
 5772              	.L527:
1275:Middlewares/Third_Party/LwIP/src/core/tcp.c ****           /* Time for a retransmission. */
 5773              		.loc 1 1275 9 view .LVU1724
1275:Middlewares/Third_Party/LwIP/src/core/tcp.c ****           /* Time for a retransmission. */
 5774              		.loc 1 1275 16 is_stmt 0 view .LVU1725
 5775 00b4 B4F93020 		ldrsh	r2, [r4, #48]
1275:Middlewares/Third_Party/LwIP/src/core/tcp.c ****           /* Time for a retransmission. */
 5776              		.loc 1 1275 30 view .LVU1726
 5777 00b8 B4F94030 		ldrsh	r3, [r4, #64]
1275:Middlewares/Third_Party/LwIP/src/core/tcp.c ****           /* Time for a retransmission. */
 5778              		.loc 1 1275 12 view .LVU1727
 5779 00bc 9A42     		cmp	r2, r3
 5780 00be 40DB     		blt	.L520
1277:Middlewares/Third_Party/LwIP/src/core/tcp.c ****                                       " pcb->rto %"S16_F"\n",
 5781              		.loc 1 1277 11 is_stmt 1 view .LVU1728
1277:Middlewares/Third_Party/LwIP/src/core/tcp.c ****                                       " pcb->rto %"S16_F"\n",
 5782              		.loc 1 1277 11 view .LVU1729
1277:Middlewares/Third_Party/LwIP/src/core/tcp.c ****                                       " pcb->rto %"S16_F"\n",
 5783              		.loc 1 1277 11 discriminator 4 view .LVU1730
1283:Middlewares/Third_Party/LwIP/src/core/tcp.c ****             /* Double retransmission time-out unless we are trying to
 5784              		.loc 1 1283 11 view .LVU1731
1283:Middlewares/Third_Party/LwIP/src/core/tcp.c ****             /* Double retransmission time-out unless we are trying to
 5785              		.loc 1 1283 16 is_stmt 0 view .LVU1732
 5786 00c0 2046     		mov	r0, r4
 5787 00c2 FFF7FEFF 		bl	tcp_rexmit_rto_prepare
 5788              	.LVL563:
1283:Middlewares/Third_Party/LwIP/src/core/tcp.c ****             /* Double retransmission time-out unless we are trying to
 5789              		.loc 1 1283 14 discriminator 1 view .LVU1733
 5790 00c6 20B1     		cbz	r0, .L528
1283:Middlewares/Third_Party/LwIP/src/core/tcp.c ****             /* Double retransmission time-out unless we are trying to
ARM GAS  /tmp/ccN9yVzV.s 			page 174


 5791              		.loc 1 1283 63 discriminator 1 view .LVU1734
 5792 00c8 236F     		ldr	r3, [r4, #112]
1283:Middlewares/Third_Party/LwIP/src/core/tcp.c ****             /* Double retransmission time-out unless we are trying to
 5793              		.loc 1 1283 55 discriminator 1 view .LVU1735
 5794 00ca 002B     		cmp	r3, #0
 5795 00cc 39D1     		bne	.L520
1283:Middlewares/Third_Party/LwIP/src/core/tcp.c ****             /* Double retransmission time-out unless we are trying to
 5796              		.loc 1 1283 89 discriminator 2 view .LVU1736
 5797 00ce E36E     		ldr	r3, [r4, #108]
1283:Middlewares/Third_Party/LwIP/src/core/tcp.c ****             /* Double retransmission time-out unless we are trying to
 5798              		.loc 1 1283 82 discriminator 2 view .LVU1737
 5799 00d0 BBB3     		cbz	r3, .L520
 5800              	.L528:
1286:Middlewares/Third_Party/LwIP/src/core/tcp.c ****               u8_t backoff_idx = LWIP_MIN(pcb->nrtx, sizeof(tcp_backoff) - 1);
 5801              		.loc 1 1286 13 is_stmt 1 view .LVU1738
1286:Middlewares/Third_Party/LwIP/src/core/tcp.c ****               u8_t backoff_idx = LWIP_MIN(pcb->nrtx, sizeof(tcp_backoff) - 1);
 5802              		.loc 1 1286 20 is_stmt 0 view .LVU1739
 5803 00d2 237D     		ldrb	r3, [r4, #20]	@ zero_extendqisi2
1286:Middlewares/Third_Party/LwIP/src/core/tcp.c ****               u8_t backoff_idx = LWIP_MIN(pcb->nrtx, sizeof(tcp_backoff) - 1);
 5804              		.loc 1 1286 16 view .LVU1740
 5805 00d4 022B     		cmp	r3, #2
 5806 00d6 14D0     		beq	.L529
 5807              	.LBB34:
1287:Middlewares/Third_Party/LwIP/src/core/tcp.c ****               int calc_rto = ((pcb->sa >> 3) + pcb->sv) << tcp_backoff[backoff_idx];
 5808              		.loc 1 1287 15 is_stmt 1 view .LVU1741
1287:Middlewares/Third_Party/LwIP/src/core/tcp.c ****               int calc_rto = ((pcb->sa >> 3) + pcb->sv) << tcp_backoff[backoff_idx];
 5809              		.loc 1 1287 34 is_stmt 0 view .LVU1742
 5810 00d8 94F84220 		ldrb	r2, [r4, #66]	@ zero_extendqisi2
1287:Middlewares/Third_Party/LwIP/src/core/tcp.c ****               int calc_rto = ((pcb->sa >> 3) + pcb->sv) << tcp_backoff[backoff_idx];
 5811              		.loc 1 1287 20 view .LVU1743
 5812 00dc 0C2A     		cmp	r2, #12
 5813 00de 28BF     		it	cs
 5814 00e0 0C22     		movcs	r2, #12
 5815              	.LVL564:
1288:Middlewares/Third_Party/LwIP/src/core/tcp.c ****               pcb->rto = (s16_t)LWIP_MIN(calc_rto, 0x7FFF);
 5816              		.loc 1 1288 15 is_stmt 1 view .LVU1744
1288:Middlewares/Third_Party/LwIP/src/core/tcp.c ****               pcb->rto = (s16_t)LWIP_MIN(calc_rto, 0x7FFF);
 5817              		.loc 1 1288 35 is_stmt 0 view .LVU1745
 5818 00e2 B4F93C10 		ldrsh	r1, [r4, #60]
1288:Middlewares/Third_Party/LwIP/src/core/tcp.c ****               pcb->rto = (s16_t)LWIP_MIN(calc_rto, 0x7FFF);
 5819              		.loc 1 1288 51 view .LVU1746
 5820 00e6 B4F93E30 		ldrsh	r3, [r4, #62]
1288:Middlewares/Third_Party/LwIP/src/core/tcp.c ****               pcb->rto = (s16_t)LWIP_MIN(calc_rto, 0x7FFF);
 5821              		.loc 1 1288 46 view .LVU1747
 5822 00ea 03EBE103 		add	r3, r3, r1, asr #3
1288:Middlewares/Third_Party/LwIP/src/core/tcp.c ****               pcb->rto = (s16_t)LWIP_MIN(calc_rto, 0x7FFF);
 5823              		.loc 1 1288 71 view .LVU1748
 5824 00ee 6A49     		ldr	r1, .L595+36
 5825 00f0 8A5C     		ldrb	r2, [r1, r2]	@ zero_extendqisi2
 5826              	.LVL565:
1288:Middlewares/Third_Party/LwIP/src/core/tcp.c ****               pcb->rto = (s16_t)LWIP_MIN(calc_rto, 0x7FFF);
 5827              		.loc 1 1288 19 view .LVU1749
 5828 00f2 9340     		lsls	r3, r3, r2
 5829              	.LVL566:
1289:Middlewares/Third_Party/LwIP/src/core/tcp.c ****             }
 5830              		.loc 1 1289 15 is_stmt 1 view .LVU1750
1289:Middlewares/Third_Party/LwIP/src/core/tcp.c ****             }
ARM GAS  /tmp/ccN9yVzV.s 			page 175


 5831              		.loc 1 1289 26 is_stmt 0 view .LVU1751
 5832 00f4 47F6FE72 		movw	r2, #32766
 5833 00f8 9342     		cmp	r3, r2
 5834              	.LVL567:
1289:Middlewares/Third_Party/LwIP/src/core/tcp.c ****             }
 5835              		.loc 1 1289 26 view .LVU1752
 5836 00fa 1EDC     		bgt	.L565
1289:Middlewares/Third_Party/LwIP/src/core/tcp.c ****             }
 5837              		.loc 1 1289 26 discriminator 1 view .LVU1753
 5838 00fc 1BB2     		sxth	r3, r3
 5839              	.LVL568:
 5840              	.L530:
1289:Middlewares/Third_Party/LwIP/src/core/tcp.c ****             }
 5841              		.loc 1 1289 24 discriminator 4 view .LVU1754
 5842 00fe A4F84030 		strh	r3, [r4, #64]	@ movhi
 5843              	.LVL569:
 5844              	.L529:
1289:Middlewares/Third_Party/LwIP/src/core/tcp.c ****             }
 5845              		.loc 1 1289 24 discriminator 4 view .LVU1755
 5846              	.LBE34:
1293:Middlewares/Third_Party/LwIP/src/core/tcp.c **** 
 5847              		.loc 1 1293 13 is_stmt 1 view .LVU1756
1293:Middlewares/Third_Party/LwIP/src/core/tcp.c **** 
 5848              		.loc 1 1293 24 is_stmt 0 view .LVU1757
 5849 0102 0023     		movs	r3, #0
 5850 0104 2386     		strh	r3, [r4, #48]	@ movhi
1296:Middlewares/Third_Party/LwIP/src/core/tcp.c ****             pcb->ssthresh = eff_wnd >> 1;
 5851              		.loc 1 1296 13 is_stmt 1 view .LVU1758
1296:Middlewares/Third_Party/LwIP/src/core/tcp.c ****             pcb->ssthresh = eff_wnd >> 1;
 5852              		.loc 1 1296 23 is_stmt 0 view .LVU1759
 5853 0106 B4F86030 		ldrh	r3, [r4, #96]
 5854 010a B4F84820 		ldrh	r2, [r4, #72]
1296:Middlewares/Third_Party/LwIP/src/core/tcp.c ****             pcb->ssthresh = eff_wnd >> 1;
 5855              		.loc 1 1296 21 view .LVU1760
 5856 010e 9342     		cmp	r3, r2
 5857 0110 28BF     		it	cs
 5858 0112 1346     		movcs	r3, r2
 5859              	.LVL570:
1297:Middlewares/Third_Party/LwIP/src/core/tcp.c ****             if (pcb->ssthresh < (tcpwnd_size_t)(pcb->mss << 1)) {
 5860              		.loc 1 1297 13 is_stmt 1 view .LVU1761
1297:Middlewares/Third_Party/LwIP/src/core/tcp.c ****             if (pcb->ssthresh < (tcpwnd_size_t)(pcb->mss << 1)) {
 5861              		.loc 1 1297 27 is_stmt 0 view .LVU1762
 5862 0114 5B08     		lsrs	r3, r3, #1
 5863              	.LVL571:
1297:Middlewares/Third_Party/LwIP/src/core/tcp.c ****             if (pcb->ssthresh < (tcpwnd_size_t)(pcb->mss << 1)) {
 5864              		.loc 1 1297 27 view .LVU1763
 5865 0116 A4F84A30 		strh	r3, [r4, #74]	@ movhi
1298:Middlewares/Third_Party/LwIP/src/core/tcp.c ****               pcb->ssthresh = (tcpwnd_size_t)(pcb->mss << 1);
 5866              		.loc 1 1298 13 is_stmt 1 view .LVU1764
1298:Middlewares/Third_Party/LwIP/src/core/tcp.c ****               pcb->ssthresh = (tcpwnd_size_t)(pcb->mss << 1);
 5867              		.loc 1 1298 52 is_stmt 0 view .LVU1765
 5868 011a 618E     		ldrh	r1, [r4, #50]
1298:Middlewares/Third_Party/LwIP/src/core/tcp.c ****               pcb->ssthresh = (tcpwnd_size_t)(pcb->mss << 1);
 5869              		.loc 1 1298 33 view .LVU1766
 5870 011c 4A00     		lsls	r2, r1, #1
 5871              	.LVL572:
1298:Middlewares/Third_Party/LwIP/src/core/tcp.c ****               pcb->ssthresh = (tcpwnd_size_t)(pcb->mss << 1);
ARM GAS  /tmp/ccN9yVzV.s 			page 176


 5872              		.loc 1 1298 33 view .LVU1767
 5873 011e 92B2     		uxth	r2, r2
1298:Middlewares/Third_Party/LwIP/src/core/tcp.c ****               pcb->ssthresh = (tcpwnd_size_t)(pcb->mss << 1);
 5874              		.loc 1 1298 16 view .LVU1768
 5875 0120 9342     		cmp	r3, r2
 5876              	.LVL573:
1298:Middlewares/Third_Party/LwIP/src/core/tcp.c ****               pcb->ssthresh = (tcpwnd_size_t)(pcb->mss << 1);
 5877              		.loc 1 1298 16 view .LVU1769
 5878 0122 01D2     		bcs	.L531
1299:Middlewares/Third_Party/LwIP/src/core/tcp.c ****             }
 5879              		.loc 1 1299 15 is_stmt 1 view .LVU1770
1299:Middlewares/Third_Party/LwIP/src/core/tcp.c ****             }
 5880              		.loc 1 1299 29 is_stmt 0 view .LVU1771
 5881 0124 A4F84A20 		strh	r2, [r4, #74]	@ movhi
 5882              	.L531:
1301:Middlewares/Third_Party/LwIP/src/core/tcp.c ****             LWIP_DEBUGF(TCP_CWND_DEBUG, ("tcp_slowtmr: cwnd %"TCPWNDSIZE_F
 5883              		.loc 1 1301 13 is_stmt 1 view .LVU1772
1301:Middlewares/Third_Party/LwIP/src/core/tcp.c ****             LWIP_DEBUGF(TCP_CWND_DEBUG, ("tcp_slowtmr: cwnd %"TCPWNDSIZE_F
 5884              		.loc 1 1301 23 is_stmt 0 view .LVU1773
 5885 0128 A4F84810 		strh	r1, [r4, #72]	@ movhi
 5886              	.LVL574:
1302:Middlewares/Third_Party/LwIP/src/core/tcp.c ****                                          " ssthresh %"TCPWNDSIZE_F"\n",
 5887              		.loc 1 1302 13 is_stmt 1 view .LVU1774
1302:Middlewares/Third_Party/LwIP/src/core/tcp.c ****                                          " ssthresh %"TCPWNDSIZE_F"\n",
 5888              		.loc 1 1302 13 view .LVU1775
1302:Middlewares/Third_Party/LwIP/src/core/tcp.c ****                                          " ssthresh %"TCPWNDSIZE_F"\n",
 5889              		.loc 1 1302 13 discriminator 4 view .LVU1776
1305:Middlewares/Third_Party/LwIP/src/core/tcp.c **** 
 5890              		.loc 1 1305 13 view .LVU1777
1305:Middlewares/Third_Party/LwIP/src/core/tcp.c **** 
 5891              		.loc 1 1305 30 is_stmt 0 view .LVU1778
 5892 012c 0023     		movs	r3, #0
 5893 012e A4F86A30 		strh	r3, [r4, #106]	@ movhi
1309:Middlewares/Third_Party/LwIP/src/core/tcp.c ****           }
 5894              		.loc 1 1309 13 is_stmt 1 view .LVU1779
 5895 0132 2046     		mov	r0, r4
 5896 0134 FFF7FEFF 		bl	tcp_rexmit_rto_commit
 5897              	.LVL575:
1309:Middlewares/Third_Party/LwIP/src/core/tcp.c ****           }
 5898              		.loc 1 1309 13 is_stmt 0 view .LVU1780
 5899 0138 03E0     		b	.L520
 5900              	.LVL576:
 5901              	.L565:
 5902              	.LBB35:
1289:Middlewares/Third_Party/LwIP/src/core/tcp.c ****             }
 5903              		.loc 1 1289 26 discriminator 2 view .LVU1781
 5904 013a 47F6FF73 		movw	r3, #32767
 5905              	.LVL577:
1289:Middlewares/Third_Party/LwIP/src/core/tcp.c ****             }
 5906              		.loc 1 1289 26 discriminator 2 view .LVU1782
 5907 013e DEE7     		b	.L530
 5908              	.LVL578:
 5909              	.L559:
1289:Middlewares/Third_Party/LwIP/src/core/tcp.c ****             }
 5910              		.loc 1 1289 26 discriminator 2 view .LVU1783
 5911              	.LBE35:
1232:Middlewares/Third_Party/LwIP/src/core/tcp.c ****       LWIP_DEBUGF(TCP_DEBUG, ("tcp_slowtmr: max DATA retries reached\n"));
ARM GAS  /tmp/ccN9yVzV.s 			page 177


 5912              		.loc 1 1232 7 view .LVU1784
 5913 0140 0125     		movs	r5, #1
 5914              	.L520:
 5915              	.LVL579:
1315:Middlewares/Third_Party/LwIP/src/core/tcp.c ****       /* If this PCB is in FIN_WAIT_2 because of SHUT_WR don't let it time out. */
 5916              		.loc 1 1315 5 is_stmt 1 view .LVU1785
1315:Middlewares/Third_Party/LwIP/src/core/tcp.c ****       /* If this PCB is in FIN_WAIT_2 because of SHUT_WR don't let it time out. */
 5917              		.loc 1 1315 12 is_stmt 0 view .LVU1786
 5918 0142 227D     		ldrb	r2, [r4, #20]	@ zero_extendqisi2
1315:Middlewares/Third_Party/LwIP/src/core/tcp.c ****       /* If this PCB is in FIN_WAIT_2 because of SHUT_WR don't let it time out. */
 5919              		.loc 1 1315 8 view .LVU1787
 5920 0144 062A     		cmp	r2, #6
 5921 0146 43D0     		beq	.L575
 5922              	.L532:
1323:Middlewares/Third_Party/LwIP/src/core/tcp.c ****         }
 5923              		.loc 1 1323 11 is_stmt 1 discriminator 4 view .LVU1788
1329:Middlewares/Third_Party/LwIP/src/core/tcp.c ****         ((pcb->state == ESTABLISHED) ||
 5924              		.loc 1 1329 5 view .LVU1789
1329:Middlewares/Third_Party/LwIP/src/core/tcp.c ****         ((pcb->state == ESTABLISHED) ||
 5925              		.loc 1 1329 9 is_stmt 0 view .LVU1790
 5926 0148 637A     		ldrb	r3, [r4, #9]	@ zero_extendqisi2
1329:Middlewares/Third_Party/LwIP/src/core/tcp.c ****         ((pcb->state == ESTABLISHED) ||
 5927              		.loc 1 1329 8 view .LVU1791
 5928 014a 13F00807 		ands	r7, r3, #8
 5929 014e 04D0     		beq	.L533
1329:Middlewares/Third_Party/LwIP/src/core/tcp.c ****         ((pcb->state == ESTABLISHED) ||
 5930              		.loc 1 1329 43 discriminator 1 view .LVU1792
 5931 0150 042A     		cmp	r2, #4
 5932 0152 4AD0     		beq	.L534
1330:Middlewares/Third_Party/LwIP/src/core/tcp.c ****          (pcb->state == CLOSE_WAIT))) {
 5933              		.loc 1 1330 38 view .LVU1793
 5934 0154 072A     		cmp	r2, #7
 5935 0156 48D0     		beq	.L534
1226:Middlewares/Third_Party/LwIP/src/core/tcp.c **** 
 5936              		.loc 1 1226 15 view .LVU1794
 5937 0158 0027     		movs	r7, #0
 5938              	.LVL580:
 5939              	.L533:
1354:Middlewares/Third_Party/LwIP/src/core/tcp.c ****         (tcp_ticks - pcb->tmr >= (u32_t)pcb->rto * TCP_OOSEQ_TIMEOUT)) {
 5940              		.loc 1 1354 5 is_stmt 1 view .LVU1795
1354:Middlewares/Third_Party/LwIP/src/core/tcp.c ****         (tcp_ticks - pcb->tmr >= (u32_t)pcb->rto * TCP_OOSEQ_TIMEOUT)) {
 5941              		.loc 1 1354 12 is_stmt 0 view .LVU1796
 5942 015a 636F     		ldr	r3, [r4, #116]
1354:Middlewares/Third_Party/LwIP/src/core/tcp.c ****         (tcp_ticks - pcb->tmr >= (u32_t)pcb->rto * TCP_OOSEQ_TIMEOUT)) {
 5943              		.loc 1 1354 8 view .LVU1797
 5944 015c 53B1     		cbz	r3, .L536
1355:Middlewares/Third_Party/LwIP/src/core/tcp.c ****       LWIP_DEBUGF(TCP_CWND_DEBUG, ("tcp_slowtmr: dropping OOSEQ queued data\n"));
 5945              		.loc 1 1355 25 view .LVU1798
 5946 015e 236A     		ldr	r3, [r4, #32]
1355:Middlewares/Third_Party/LwIP/src/core/tcp.c ****       LWIP_DEBUGF(TCP_CWND_DEBUG, ("tcp_slowtmr: dropping OOSEQ queued data\n"));
 5947              		.loc 1 1355 20 view .LVU1799
 5948 0160 444A     		ldr	r2, .L595
 5949 0162 1268     		ldr	r2, [r2]
 5950 0164 D21A     		subs	r2, r2, r3
1355:Middlewares/Third_Party/LwIP/src/core/tcp.c ****       LWIP_DEBUGF(TCP_CWND_DEBUG, ("tcp_slowtmr: dropping OOSEQ queued data\n"));
 5951              		.loc 1 1355 44 view .LVU1800
 5952 0166 B4F94030 		ldrsh	r3, [r4, #64]
ARM GAS  /tmp/ccN9yVzV.s 			page 178


1355:Middlewares/Third_Party/LwIP/src/core/tcp.c ****       LWIP_DEBUGF(TCP_CWND_DEBUG, ("tcp_slowtmr: dropping OOSEQ queued data\n"));
 5953              		.loc 1 1355 50 view .LVU1801
 5954 016a 03EB4303 		add	r3, r3, r3, lsl #1
1354:Middlewares/Third_Party/LwIP/src/core/tcp.c ****         (tcp_ticks - pcb->tmr >= (u32_t)pcb->rto * TCP_OOSEQ_TIMEOUT)) {
 5955              		.loc 1 1354 28 discriminator 1 view .LVU1802
 5956 016e B2EB430F 		cmp	r2, r3, lsl #1
 5957 0172 68D2     		bcs	.L576
 5958              	.L536:
1362:Middlewares/Third_Party/LwIP/src/core/tcp.c ****       if ((u32_t)(tcp_ticks - pcb->tmr) >
 5959              		.loc 1 1362 5 is_stmt 1 view .LVU1803
1362:Middlewares/Third_Party/LwIP/src/core/tcp.c ****       if ((u32_t)(tcp_ticks - pcb->tmr) >
 5960              		.loc 1 1362 12 is_stmt 0 view .LVU1804
 5961 0174 237D     		ldrb	r3, [r4, #20]	@ zero_extendqisi2
1362:Middlewares/Third_Party/LwIP/src/core/tcp.c ****       if ((u32_t)(tcp_ticks - pcb->tmr) >
 5962              		.loc 1 1362 8 view .LVU1805
 5963 0176 032B     		cmp	r3, #3
 5964 0178 69D0     		beq	.L577
 5965              	.L537:
1366:Middlewares/Third_Party/LwIP/src/core/tcp.c ****       }
 5966              		.loc 1 1366 9 is_stmt 1 discriminator 4 view .LVU1806
1371:Middlewares/Third_Party/LwIP/src/core/tcp.c ****       if ((u32_t)(tcp_ticks - pcb->tmr) > 2 * TCP_MSL / TCP_SLOW_INTERVAL) {
 5967              		.loc 1 1371 5 view .LVU1807
1371:Middlewares/Third_Party/LwIP/src/core/tcp.c ****       if ((u32_t)(tcp_ticks - pcb->tmr) > 2 * TCP_MSL / TCP_SLOW_INTERVAL) {
 5968              		.loc 1 1371 8 is_stmt 0 view .LVU1808
 5969 017a 092B     		cmp	r3, #9
 5970 017c 70D0     		beq	.L578
 5971              	.L538:
1374:Middlewares/Third_Party/LwIP/src/core/tcp.c ****       }
 5972              		.loc 1 1374 9 is_stmt 1 discriminator 4 view .LVU1809
1379:Middlewares/Third_Party/LwIP/src/core/tcp.c ****       struct tcp_pcb *pcb2;
 5973              		.loc 1 1379 5 view .LVU1810
1379:Middlewares/Third_Party/LwIP/src/core/tcp.c ****       struct tcp_pcb *pcb2;
 5974              		.loc 1 1379 8 is_stmt 0 view .LVU1811
 5975 017e 002D     		cmp	r5, #0
 5976 0180 40F09280 		bne	.L579
1415:Middlewares/Third_Party/LwIP/src/core/tcp.c ****       pcb = pcb->next;
 5977              		.loc 1 1415 7 is_stmt 1 view .LVU1812
 5978              	.LVL581:
1416:Middlewares/Third_Party/LwIP/src/core/tcp.c **** 
 5979              		.loc 1 1416 7 view .LVU1813
1416:Middlewares/Third_Party/LwIP/src/core/tcp.c **** 
 5980              		.loc 1 1416 11 is_stmt 0 view .LVU1814
 5981 0184 E568     		ldr	r5, [r4, #12]
 5982              	.LVL582:
1419:Middlewares/Third_Party/LwIP/src/core/tcp.c ****       if (prev->polltmr >= prev->pollinterval) {
 5983              		.loc 1 1419 7 is_stmt 1 view .LVU1815
1419:Middlewares/Third_Party/LwIP/src/core/tcp.c ****       if (prev->polltmr >= prev->pollinterval) {
 5984              		.loc 1 1419 13 is_stmt 0 view .LVU1816
 5985 0186 237F     		ldrb	r3, [r4, #28]	@ zero_extendqisi2
1419:Middlewares/Third_Party/LwIP/src/core/tcp.c ****       if (prev->polltmr >= prev->pollinterval) {
 5986              		.loc 1 1419 7 view .LVU1817
 5987 0188 0133     		adds	r3, r3, #1
 5988 018a DBB2     		uxtb	r3, r3
 5989 018c 2377     		strb	r3, [r4, #28]
1420:Middlewares/Third_Party/LwIP/src/core/tcp.c ****         prev->polltmr = 0;
 5990              		.loc 1 1420 7 is_stmt 1 view .LVU1818
1420:Middlewares/Third_Party/LwIP/src/core/tcp.c ****         prev->polltmr = 0;
ARM GAS  /tmp/ccN9yVzV.s 			page 179


 5991              		.loc 1 1420 32 is_stmt 0 view .LVU1819
 5992 018e 627F     		ldrb	r2, [r4, #29]	@ zero_extendqisi2
1420:Middlewares/Third_Party/LwIP/src/core/tcp.c ****         prev->polltmr = 0;
 5993              		.loc 1 1420 10 view .LVU1820
 5994 0190 9342     		cmp	r3, r2
 5995 0192 C0F0D780 		bcc	.L569
1421:Middlewares/Third_Party/LwIP/src/core/tcp.c ****         LWIP_DEBUGF(TCP_DEBUG, ("tcp_slowtmr: polling application\n"));
 5996              		.loc 1 1421 9 is_stmt 1 view .LVU1821
1421:Middlewares/Third_Party/LwIP/src/core/tcp.c ****         LWIP_DEBUGF(TCP_DEBUG, ("tcp_slowtmr: polling application\n"));
 5997              		.loc 1 1421 23 is_stmt 0 view .LVU1822
 5998 0196 0023     		movs	r3, #0
 5999 0198 2377     		strb	r3, [r4, #28]
1422:Middlewares/Third_Party/LwIP/src/core/tcp.c ****         tcp_active_pcbs_changed = 0;
 6000              		.loc 1 1422 9 is_stmt 1 view .LVU1823
1422:Middlewares/Third_Party/LwIP/src/core/tcp.c ****         tcp_active_pcbs_changed = 0;
 6001              		.loc 1 1422 9 view .LVU1824
1422:Middlewares/Third_Party/LwIP/src/core/tcp.c ****         tcp_active_pcbs_changed = 0;
 6002              		.loc 1 1422 9 discriminator 4 view .LVU1825
1423:Middlewares/Third_Party/LwIP/src/core/tcp.c ****         TCP_EVENT_POLL(prev, err);
 6003              		.loc 1 1423 9 view .LVU1826
1423:Middlewares/Third_Party/LwIP/src/core/tcp.c ****         TCP_EVENT_POLL(prev, err);
 6004              		.loc 1 1423 33 is_stmt 0 view .LVU1827
 6005 019a 404A     		ldr	r2, .L595+40
 6006 019c 1370     		strb	r3, [r2]
1424:Middlewares/Third_Party/LwIP/src/core/tcp.c ****         if (tcp_active_pcbs_changed) {
 6007              		.loc 1 1424 9 is_stmt 1 view .LVU1828
1424:Middlewares/Third_Party/LwIP/src/core/tcp.c ****         if (tcp_active_pcbs_changed) {
 6008              		.loc 1 1424 9 view .LVU1829
 6009 019e D4F88C30 		ldr	r3, [r4, #140]
 6010 01a2 002B     		cmp	r3, #0
 6011 01a4 00F0C680 		beq	.L570
1424:Middlewares/Third_Party/LwIP/src/core/tcp.c ****         if (tcp_active_pcbs_changed) {
 6012              		.loc 1 1424 9 discriminator 1 view .LVU1830
 6013 01a8 2146     		mov	r1, r4
 6014 01aa 2069     		ldr	r0, [r4, #16]
 6015 01ac 9847     		blx	r3
 6016              	.LVL583:
 6017              	.L546:
1424:Middlewares/Third_Party/LwIP/src/core/tcp.c ****         if (tcp_active_pcbs_changed) {
 6018              		.loc 1 1424 9 discriminator 4 view .LVU1831
1425:Middlewares/Third_Party/LwIP/src/core/tcp.c ****           goto tcp_slowtmr_start;
 6019              		.loc 1 1425 9 view .LVU1832
1425:Middlewares/Third_Party/LwIP/src/core/tcp.c ****           goto tcp_slowtmr_start;
 6020              		.loc 1 1425 13 is_stmt 0 view .LVU1833
 6021 01ae 3B4B     		ldr	r3, .L595+40
 6022 01b0 1B78     		ldrb	r3, [r3]	@ zero_extendqisi2
1425:Middlewares/Third_Party/LwIP/src/core/tcp.c ****           goto tcp_slowtmr_start;
 6023              		.loc 1 1425 12 view .LVU1834
 6024 01b2 002B     		cmp	r3, #0
 6025 01b4 7FF42FAF 		bne	.L511
1429:Middlewares/Third_Party/LwIP/src/core/tcp.c ****           tcp_output(prev);
 6026              		.loc 1 1429 9 is_stmt 1 view .LVU1835
1429:Middlewares/Third_Party/LwIP/src/core/tcp.c ****           tcp_output(prev);
 6027              		.loc 1 1429 12 is_stmt 0 view .LVU1836
 6028 01b8 0028     		cmp	r0, #0
 6029 01ba 00F0BD80 		beq	.L580
1415:Middlewares/Third_Party/LwIP/src/core/tcp.c ****       pcb = pcb->next;
ARM GAS  /tmp/ccN9yVzV.s 			page 180


 6030              		.loc 1 1415 12 view .LVU1837
 6031 01be 2646     		mov	r6, r4
1416:Middlewares/Third_Party/LwIP/src/core/tcp.c **** 
 6032              		.loc 1 1416 11 view .LVU1838
 6033 01c0 2C46     		mov	r4, r5
 6034              	.LVL584:
1416:Middlewares/Third_Party/LwIP/src/core/tcp.c **** 
 6035              		.loc 1 1416 11 view .LVU1839
 6036 01c2 C1E0     		b	.L513
 6037              	.LVL585:
 6038              	.L560:
1239:Middlewares/Third_Party/LwIP/src/core/tcp.c ****         } else {
 6039              		.loc 1 1239 11 view .LVU1840
 6040 01c4 0125     		movs	r5, #1
 6041 01c6 BCE7     		b	.L520
 6042              	.LVL586:
 6043              	.L561:
1225:Middlewares/Third_Party/LwIP/src/core/tcp.c ****     pcb_reset = 0;
 6044              		.loc 1 1225 16 view .LVU1841
 6045 01c8 0025     		movs	r5, #0
 6046 01ca BAE7     		b	.L520
 6047              	.LVL587:
 6048              	.L564:
1225:Middlewares/Third_Party/LwIP/src/core/tcp.c ****     pcb_reset = 0;
 6049              		.loc 1 1225 16 view .LVU1842
 6050 01cc 0025     		movs	r5, #0
 6051 01ce B8E7     		b	.L520
 6052              	.LVL588:
 6053              	.L575:
1317:Middlewares/Third_Party/LwIP/src/core/tcp.c ****         /* PCB was fully closed (either through close() or SHUT_RDWR):
 6054              		.loc 1 1317 7 is_stmt 1 view .LVU1843
1317:Middlewares/Third_Party/LwIP/src/core/tcp.c ****         /* PCB was fully closed (either through close() or SHUT_RDWR):
 6055              		.loc 1 1317 14 is_stmt 0 view .LVU1844
 6056 01d0 638B     		ldrh	r3, [r4, #26]
1317:Middlewares/Third_Party/LwIP/src/core/tcp.c ****         /* PCB was fully closed (either through close() or SHUT_RDWR):
 6057              		.loc 1 1317 10 view .LVU1845
 6058 01d2 13F0100F 		tst	r3, #16
 6059 01d6 B7D0     		beq	.L532
1320:Middlewares/Third_Party/LwIP/src/core/tcp.c ****             TCP_FIN_WAIT_TIMEOUT / TCP_SLOW_INTERVAL) {
 6060              		.loc 1 1320 9 is_stmt 1 view .LVU1846
1320:Middlewares/Third_Party/LwIP/src/core/tcp.c ****             TCP_FIN_WAIT_TIMEOUT / TCP_SLOW_INTERVAL) {
 6061              		.loc 1 1320 36 is_stmt 0 view .LVU1847
 6062 01d8 216A     		ldr	r1, [r4, #32]
1320:Middlewares/Third_Party/LwIP/src/core/tcp.c ****             TCP_FIN_WAIT_TIMEOUT / TCP_SLOW_INTERVAL) {
 6063              		.loc 1 1320 31 view .LVU1848
 6064 01da 264B     		ldr	r3, .L595
 6065 01dc 1B68     		ldr	r3, [r3]
 6066 01de 5B1A     		subs	r3, r3, r1
1320:Middlewares/Third_Party/LwIP/src/core/tcp.c ****             TCP_FIN_WAIT_TIMEOUT / TCP_SLOW_INTERVAL) {
 6067              		.loc 1 1320 12 view .LVU1849
 6068 01e0 282B     		cmp	r3, #40
 6069 01e2 B1D9     		bls	.L532
1322:Middlewares/Third_Party/LwIP/src/core/tcp.c ****           LWIP_DEBUGF(TCP_DEBUG, ("tcp_slowtmr: removing pcb stuck in FIN-WAIT-2\n"));
 6070              		.loc 1 1322 11 is_stmt 1 view .LVU1850
 6071 01e4 0135     		adds	r5, r5, #1
 6072              	.LVL589:
1322:Middlewares/Third_Party/LwIP/src/core/tcp.c ****           LWIP_DEBUGF(TCP_DEBUG, ("tcp_slowtmr: removing pcb stuck in FIN-WAIT-2\n"));
ARM GAS  /tmp/ccN9yVzV.s 			page 181


 6073              		.loc 1 1322 11 is_stmt 0 view .LVU1851
 6074 01e6 EDB2     		uxtb	r5, r5
 6075              	.LVL590:
1323:Middlewares/Third_Party/LwIP/src/core/tcp.c ****         }
 6076              		.loc 1 1323 11 is_stmt 1 view .LVU1852
1323:Middlewares/Third_Party/LwIP/src/core/tcp.c ****         }
 6077              		.loc 1 1323 11 view .LVU1853
 6078 01e8 AEE7     		b	.L532
 6079              	.L534:
1332:Middlewares/Third_Party/LwIP/src/core/tcp.c ****           (pcb->keep_idle + TCP_KEEP_DUR(pcb)) / TCP_SLOW_INTERVAL) {
 6080              		.loc 1 1332 7 view .LVU1854
1332:Middlewares/Third_Party/LwIP/src/core/tcp.c ****           (pcb->keep_idle + TCP_KEEP_DUR(pcb)) / TCP_SLOW_INTERVAL) {
 6081              		.loc 1 1332 11 is_stmt 0 view .LVU1855
 6082 01ea 224B     		ldr	r3, .L595
 6083 01ec 1A68     		ldr	r2, [r3]
1332:Middlewares/Third_Party/LwIP/src/core/tcp.c ****           (pcb->keep_idle + TCP_KEEP_DUR(pcb)) / TCP_SLOW_INTERVAL) {
 6084              		.loc 1 1332 34 view .LVU1856
 6085 01ee 236A     		ldr	r3, [r4, #32]
1332:Middlewares/Third_Party/LwIP/src/core/tcp.c ****           (pcb->keep_idle + TCP_KEEP_DUR(pcb)) / TCP_SLOW_INTERVAL) {
 6086              		.loc 1 1332 29 view .LVU1857
 6087 01f0 D21A     		subs	r2, r2, r3
1333:Middlewares/Third_Party/LwIP/src/core/tcp.c ****         LWIP_DEBUGF(TCP_DEBUG, ("tcp_slowtmr: KEEPALIVE timeout. Aborting connection to "));
 6088              		.loc 1 1333 15 view .LVU1858
 6089 01f2 D4F89410 		ldr	r1, [r4, #148]
1333:Middlewares/Third_Party/LwIP/src/core/tcp.c ****         LWIP_DEBUGF(TCP_DEBUG, ("tcp_slowtmr: KEEPALIVE timeout. Aborting connection to "));
 6090              		.loc 1 1333 27 view .LVU1859
 6091 01f6 01F52423 		add	r3, r1, #671744
 6092 01fa 03F6B843 		addw	r3, r3, #3256
1333:Middlewares/Third_Party/LwIP/src/core/tcp.c ****         LWIP_DEBUGF(TCP_DEBUG, ("tcp_slowtmr: KEEPALIVE timeout. Aborting connection to "));
 6093              		.loc 1 1333 48 view .LVU1860
 6094 01fe 2848     		ldr	r0, .L595+44
 6095 0200 A0FB0303 		umull	r0, r3, r0, r3
1332:Middlewares/Third_Party/LwIP/src/core/tcp.c ****           (pcb->keep_idle + TCP_KEEP_DUR(pcb)) / TCP_SLOW_INTERVAL) {
 6096              		.loc 1 1332 10 view .LVU1861
 6097 0204 B2EB531F 		cmp	r2, r3, lsr #5
 6098 0208 03D9     		bls	.L535
1334:Middlewares/Third_Party/LwIP/src/core/tcp.c ****         ip_addr_debug_print_val(TCP_DEBUG, pcb->remote_ip);
 6099              		.loc 1 1334 9 is_stmt 1 view .LVU1862
1334:Middlewares/Third_Party/LwIP/src/core/tcp.c ****         ip_addr_debug_print_val(TCP_DEBUG, pcb->remote_ip);
 6100              		.loc 1 1334 9 view .LVU1863
1334:Middlewares/Third_Party/LwIP/src/core/tcp.c ****         ip_addr_debug_print_val(TCP_DEBUG, pcb->remote_ip);
 6101              		.loc 1 1334 9 discriminator 4 view .LVU1864
1335:Middlewares/Third_Party/LwIP/src/core/tcp.c ****         LWIP_DEBUGF(TCP_DEBUG, ("\n"));
 6102              		.loc 1 1335 9 view .LVU1865
1335:Middlewares/Third_Party/LwIP/src/core/tcp.c ****         LWIP_DEBUGF(TCP_DEBUG, ("\n"));
 6103              		.loc 1 1335 9 view .LVU1866
1335:Middlewares/Third_Party/LwIP/src/core/tcp.c ****         LWIP_DEBUGF(TCP_DEBUG, ("\n"));
 6104              		.loc 1 1335 9 discriminator 4 view .LVU1867
1336:Middlewares/Third_Party/LwIP/src/core/tcp.c **** 
 6105              		.loc 1 1336 9 view .LVU1868
1336:Middlewares/Third_Party/LwIP/src/core/tcp.c **** 
 6106              		.loc 1 1336 9 view .LVU1869
1336:Middlewares/Third_Party/LwIP/src/core/tcp.c **** 
 6107              		.loc 1 1336 9 discriminator 4 view .LVU1870
1338:Middlewares/Third_Party/LwIP/src/core/tcp.c ****         ++pcb_reset;
 6108              		.loc 1 1338 9 view .LVU1871
 6109 020a 0135     		adds	r5, r5, #1
ARM GAS  /tmp/ccN9yVzV.s 			page 182


 6110              	.LVL591:
1338:Middlewares/Third_Party/LwIP/src/core/tcp.c ****         ++pcb_reset;
 6111              		.loc 1 1338 9 is_stmt 0 view .LVU1872
 6112 020c EDB2     		uxtb	r5, r5
 6113              	.LVL592:
1339:Middlewares/Third_Party/LwIP/src/core/tcp.c ****       } else if ((u32_t)(tcp_ticks - pcb->tmr) >
 6114              		.loc 1 1339 9 is_stmt 1 view .LVU1873
1339:Middlewares/Third_Party/LwIP/src/core/tcp.c ****       } else if ((u32_t)(tcp_ticks - pcb->tmr) >
 6115              		.loc 1 1339 9 is_stmt 0 view .LVU1874
 6116 020e 0127     		movs	r7, #1
 6117 0210 A3E7     		b	.L533
 6118              	.LVL593:
 6119              	.L535:
1340:Middlewares/Third_Party/LwIP/src/core/tcp.c ****                  (pcb->keep_idle + pcb->keep_cnt_sent * TCP_KEEP_INTVL(pcb))
 6120              		.loc 1 1340 14 is_stmt 1 view .LVU1875
1341:Middlewares/Third_Party/LwIP/src/core/tcp.c ****                  / TCP_SLOW_INTERVAL) {
 6121              		.loc 1 1341 39 is_stmt 0 view .LVU1876
 6122 0212 94F89B30 		ldrb	r3, [r4, #155]	@ zero_extendqisi2
1341:Middlewares/Third_Party/LwIP/src/core/tcp.c ****                  / TCP_SLOW_INTERVAL) {
 6123              		.loc 1 1341 34 view .LVU1877
 6124 0216 2348     		ldr	r0, .L595+48
 6125 0218 00FB0311 		mla	r1, r0, r3, r1
1342:Middlewares/Third_Party/LwIP/src/core/tcp.c ****         err = tcp_keepalive(pcb);
 6126              		.loc 1 1342 18 view .LVU1878
 6127 021c 204B     		ldr	r3, .L595+44
 6128 021e A3FB0131 		umull	r3, r1, r3, r1
1340:Middlewares/Third_Party/LwIP/src/core/tcp.c ****                  (pcb->keep_idle + pcb->keep_cnt_sent * TCP_KEEP_INTVL(pcb))
 6129              		.loc 1 1340 17 view .LVU1879
 6130 0222 B2EB511F 		cmp	r2, r1, lsr #5
 6131 0226 01D8     		bhi	.L581
1226:Middlewares/Third_Party/LwIP/src/core/tcp.c **** 
 6132              		.loc 1 1226 15 view .LVU1880
 6133 0228 0027     		movs	r7, #0
 6134 022a 96E7     		b	.L533
 6135              	.L581:
1343:Middlewares/Third_Party/LwIP/src/core/tcp.c ****         if (err == ERR_OK) {
 6136              		.loc 1 1343 9 is_stmt 1 view .LVU1881
1343:Middlewares/Third_Party/LwIP/src/core/tcp.c ****         if (err == ERR_OK) {
 6137              		.loc 1 1343 15 is_stmt 0 view .LVU1882
 6138 022c 2046     		mov	r0, r4
 6139 022e FFF7FEFF 		bl	tcp_keepalive
 6140              	.LVL594:
1344:Middlewares/Third_Party/LwIP/src/core/tcp.c ****           pcb->keep_cnt_sent++;
 6141              		.loc 1 1344 9 is_stmt 1 view .LVU1883
1344:Middlewares/Third_Party/LwIP/src/core/tcp.c ****           pcb->keep_cnt_sent++;
 6142              		.loc 1 1344 12 is_stmt 0 view .LVU1884
 6143 0232 30B9     		cbnz	r0, .L568
1345:Middlewares/Third_Party/LwIP/src/core/tcp.c ****         }
 6144              		.loc 1 1345 11 is_stmt 1 view .LVU1885
1345:Middlewares/Third_Party/LwIP/src/core/tcp.c ****         }
 6145              		.loc 1 1345 14 is_stmt 0 view .LVU1886
 6146 0234 94F89B30 		ldrb	r3, [r4, #155]	@ zero_extendqisi2
1345:Middlewares/Third_Party/LwIP/src/core/tcp.c ****         }
 6147              		.loc 1 1345 29 view .LVU1887
 6148 0238 0133     		adds	r3, r3, #1
 6149 023a 84F89B30 		strb	r3, [r4, #155]
1226:Middlewares/Third_Party/LwIP/src/core/tcp.c **** 
ARM GAS  /tmp/ccN9yVzV.s 			page 183


 6150              		.loc 1 1226 15 view .LVU1888
 6151 023e 0027     		movs	r7, #0
 6152 0240 8BE7     		b	.L533
 6153              	.L568:
 6154 0242 0027     		movs	r7, #0
 6155 0244 89E7     		b	.L533
 6156              	.LVL595:
 6157              	.L576:
1356:Middlewares/Third_Party/LwIP/src/core/tcp.c ****       tcp_free_ooseq(pcb);
 6158              		.loc 1 1356 7 is_stmt 1 view .LVU1889
1356:Middlewares/Third_Party/LwIP/src/core/tcp.c ****       tcp_free_ooseq(pcb);
 6159              		.loc 1 1356 7 view .LVU1890
1356:Middlewares/Third_Party/LwIP/src/core/tcp.c ****       tcp_free_ooseq(pcb);
 6160              		.loc 1 1356 7 discriminator 4 view .LVU1891
1357:Middlewares/Third_Party/LwIP/src/core/tcp.c ****     }
 6161              		.loc 1 1357 7 view .LVU1892
 6162 0246 2046     		mov	r0, r4
 6163 0248 FFF7FEFF 		bl	tcp_free_ooseq
 6164              	.LVL596:
 6165 024c 92E7     		b	.L536
 6166              	.L577:
1363:Middlewares/Third_Party/LwIP/src/core/tcp.c ****           TCP_SYN_RCVD_TIMEOUT / TCP_SLOW_INTERVAL) {
 6167              		.loc 1 1363 7 view .LVU1893
1363:Middlewares/Third_Party/LwIP/src/core/tcp.c ****           TCP_SYN_RCVD_TIMEOUT / TCP_SLOW_INTERVAL) {
 6168              		.loc 1 1363 34 is_stmt 0 view .LVU1894
 6169 024e 216A     		ldr	r1, [r4, #32]
1363:Middlewares/Third_Party/LwIP/src/core/tcp.c ****           TCP_SYN_RCVD_TIMEOUT / TCP_SLOW_INTERVAL) {
 6170              		.loc 1 1363 29 view .LVU1895
 6171 0250 084A     		ldr	r2, .L595
 6172 0252 1268     		ldr	r2, [r2]
 6173 0254 521A     		subs	r2, r2, r1
1363:Middlewares/Third_Party/LwIP/src/core/tcp.c ****           TCP_SYN_RCVD_TIMEOUT / TCP_SLOW_INTERVAL) {
 6174              		.loc 1 1363 10 view .LVU1896
 6175 0256 282A     		cmp	r2, #40
 6176 0258 8FD9     		bls	.L537
1365:Middlewares/Third_Party/LwIP/src/core/tcp.c ****         LWIP_DEBUGF(TCP_DEBUG, ("tcp_slowtmr: removing pcb stuck in SYN-RCVD\n"));
 6177              		.loc 1 1365 9 is_stmt 1 view .LVU1897
 6178 025a 0135     		adds	r5, r5, #1
 6179              	.LVL597:
1365:Middlewares/Third_Party/LwIP/src/core/tcp.c ****         LWIP_DEBUGF(TCP_DEBUG, ("tcp_slowtmr: removing pcb stuck in SYN-RCVD\n"));
 6180              		.loc 1 1365 9 is_stmt 0 view .LVU1898
 6181 025c EDB2     		uxtb	r5, r5
 6182              	.LVL598:
1366:Middlewares/Third_Party/LwIP/src/core/tcp.c ****       }
 6183              		.loc 1 1366 9 is_stmt 1 view .LVU1899
1366:Middlewares/Third_Party/LwIP/src/core/tcp.c ****       }
 6184              		.loc 1 1366 9 view .LVU1900
 6185 025e 8CE7     		b	.L537
 6186              	.L578:
1372:Middlewares/Third_Party/LwIP/src/core/tcp.c ****         ++pcb_remove;
 6187              		.loc 1 1372 7 view .LVU1901
1372:Middlewares/Third_Party/LwIP/src/core/tcp.c ****         ++pcb_remove;
 6188              		.loc 1 1372 34 is_stmt 0 view .LVU1902
 6189 0260 226A     		ldr	r2, [r4, #32]
1372:Middlewares/Third_Party/LwIP/src/core/tcp.c ****         ++pcb_remove;
 6190              		.loc 1 1372 29 view .LVU1903
 6191 0262 044B     		ldr	r3, .L595
ARM GAS  /tmp/ccN9yVzV.s 			page 184


 6192 0264 1B68     		ldr	r3, [r3]
 6193 0266 9B1A     		subs	r3, r3, r2
1372:Middlewares/Third_Party/LwIP/src/core/tcp.c ****         ++pcb_remove;
 6194              		.loc 1 1372 10 view .LVU1904
 6195 0268 F02B     		cmp	r3, #240
 6196 026a 88D9     		bls	.L538
1373:Middlewares/Third_Party/LwIP/src/core/tcp.c ****         LWIP_DEBUGF(TCP_DEBUG, ("tcp_slowtmr: removing pcb stuck in LAST-ACK\n"));
 6197              		.loc 1 1373 9 is_stmt 1 view .LVU1905
 6198 026c 0135     		adds	r5, r5, #1
 6199              	.LVL599:
1373:Middlewares/Third_Party/LwIP/src/core/tcp.c ****         LWIP_DEBUGF(TCP_DEBUG, ("tcp_slowtmr: removing pcb stuck in LAST-ACK\n"));
 6200              		.loc 1 1373 9 is_stmt 0 view .LVU1906
 6201 026e EDB2     		uxtb	r5, r5
 6202              	.LVL600:
1374:Middlewares/Third_Party/LwIP/src/core/tcp.c ****       }
 6203              		.loc 1 1374 9 is_stmt 1 view .LVU1907
1374:Middlewares/Third_Party/LwIP/src/core/tcp.c ****       }
 6204              		.loc 1 1374 9 view .LVU1908
 6205 0270 85E7     		b	.L538
 6206              	.L596:
 6207 0272 00BF     		.align	2
 6208              	.L595:
 6209 0274 00000000 		.word	tcp_ticks
 6210 0278 00000000 		.word	tcp_timer_ctr
 6211 027c 00000000 		.word	tcp_active_pcbs
 6212 0280 00000000 		.word	.LC0
 6213 0284 00000000 		.word	.LC44
 6214 0288 54000000 		.word	.LC2
 6215 028c 2C000000 		.word	.LC45
 6216 0290 58000000 		.word	.LC46
 6217 0294 BC000000 		.word	.LC48
 6218 0298 00000000 		.word	tcp_backoff
 6219 029c 00000000 		.word	tcp_active_pcbs_changed
 6220 02a0 D34D6210 		.word	274877907
 6221 02a4 F8240100 		.word	75000
 6222              	.L579:
 6223              	.LBB36:
1380:Middlewares/Third_Party/LwIP/src/core/tcp.c **** #if LWIP_CALLBACK_API
 6224              		.loc 1 1380 7 view .LVU1909
1382:Middlewares/Third_Party/LwIP/src/core/tcp.c **** #endif /* LWIP_CALLBACK_API */
 6225              		.loc 1 1382 7 view .LVU1910
1382:Middlewares/Third_Party/LwIP/src/core/tcp.c **** #endif /* LWIP_CALLBACK_API */
 6226              		.loc 1 1382 18 is_stmt 0 view .LVU1911
 6227 02a8 D4F89050 		ldr	r5, [r4, #144]
 6228              	.LVL601:
1384:Middlewares/Third_Party/LwIP/src/core/tcp.c ****       enum tcp_state last_state;
 6229              		.loc 1 1384 7 is_stmt 1 view .LVU1912
1385:Middlewares/Third_Party/LwIP/src/core/tcp.c ****       tcp_pcb_purge(pcb);
 6230              		.loc 1 1385 7 view .LVU1913
1386:Middlewares/Third_Party/LwIP/src/core/tcp.c ****       /* Remove PCB from tcp_active_pcbs list. */
 6231              		.loc 1 1386 7 view .LVU1914
 6232 02ac 2046     		mov	r0, r4
 6233 02ae FFF7FEFF 		bl	tcp_pcb_purge
 6234              	.LVL602:
1388:Middlewares/Third_Party/LwIP/src/core/tcp.c ****         LWIP_ASSERT("tcp_slowtmr: middle tcp != tcp_active_pcbs", pcb != tcp_active_pcbs);
 6235              		.loc 1 1388 7 view .LVU1915
1388:Middlewares/Third_Party/LwIP/src/core/tcp.c ****         LWIP_ASSERT("tcp_slowtmr: middle tcp != tcp_active_pcbs", pcb != tcp_active_pcbs);
ARM GAS  /tmp/ccN9yVzV.s 			page 185


 6236              		.loc 1 1388 10 is_stmt 0 view .LVU1916
 6237 02b2 1EB3     		cbz	r6, .L540
1389:Middlewares/Third_Party/LwIP/src/core/tcp.c ****         prev->next = pcb->next;
 6238              		.loc 1 1389 9 is_stmt 1 view .LVU1917
1389:Middlewares/Third_Party/LwIP/src/core/tcp.c ****         prev->next = pcb->next;
 6239              		.loc 1 1389 9 view .LVU1918
 6240 02b4 6F4B     		ldr	r3, .L597
 6241 02b6 1B68     		ldr	r3, [r3]
 6242 02b8 9C42     		cmp	r4, r3
 6243 02ba 17D0     		beq	.L582
 6244              	.L541:
1389:Middlewares/Third_Party/LwIP/src/core/tcp.c ****         prev->next = pcb->next;
 6245              		.loc 1 1389 9 discriminator 3 view .LVU1919
1389:Middlewares/Third_Party/LwIP/src/core/tcp.c ****         prev->next = pcb->next;
 6246              		.loc 1 1389 9 discriminator 3 view .LVU1920
1390:Middlewares/Third_Party/LwIP/src/core/tcp.c ****       } else {
 6247              		.loc 1 1390 9 view .LVU1921
1390:Middlewares/Third_Party/LwIP/src/core/tcp.c ****       } else {
 6248              		.loc 1 1390 25 is_stmt 0 view .LVU1922
 6249 02bc E368     		ldr	r3, [r4, #12]
1390:Middlewares/Third_Party/LwIP/src/core/tcp.c ****       } else {
 6250              		.loc 1 1390 20 view .LVU1923
 6251 02be F360     		str	r3, [r6, #12]
 6252              	.L542:
1397:Middlewares/Third_Party/LwIP/src/core/tcp.c ****         tcp_rst(pcb, pcb->snd_nxt, pcb->rcv_nxt, &pcb->local_ip, &pcb->remote_ip,
 6253              		.loc 1 1397 7 is_stmt 1 view .LVU1924
1397:Middlewares/Third_Party/LwIP/src/core/tcp.c ****         tcp_rst(pcb, pcb->snd_nxt, pcb->rcv_nxt, &pcb->local_ip, &pcb->remote_ip,
 6254              		.loc 1 1397 10 is_stmt 0 view .LVU1925
 6255 02c0 5FBB     		cbnz	r7, .L583
 6256              	.L544:
1402:Middlewares/Third_Party/LwIP/src/core/tcp.c ****       last_state = pcb->state;
 6257              		.loc 1 1402 7 is_stmt 1 view .LVU1926
1402:Middlewares/Third_Party/LwIP/src/core/tcp.c ****       last_state = pcb->state;
 6258              		.loc 1 1402 15 is_stmt 0 view .LVU1927
 6259 02c2 D4F81080 		ldr	r8, [r4, #16]
 6260              	.LVL603:
1403:Middlewares/Third_Party/LwIP/src/core/tcp.c ****       pcb2 = pcb;
 6261              		.loc 1 1403 7 is_stmt 1 view .LVU1928
1404:Middlewares/Third_Party/LwIP/src/core/tcp.c ****       pcb = pcb->next;
 6262              		.loc 1 1404 7 view .LVU1929
1405:Middlewares/Third_Party/LwIP/src/core/tcp.c ****       tcp_free(pcb2);
 6263              		.loc 1 1405 7 view .LVU1930
1405:Middlewares/Third_Party/LwIP/src/core/tcp.c ****       tcp_free(pcb2);
 6264              		.loc 1 1405 11 is_stmt 0 view .LVU1931
 6265 02c6 E768     		ldr	r7, [r4, #12]
 6266              	.LVL604:
1406:Middlewares/Third_Party/LwIP/src/core/tcp.c **** 
 6267              		.loc 1 1406 7 is_stmt 1 view .LVU1932
 6268 02c8 2046     		mov	r0, r4
 6269 02ca FFF7FEFF 		bl	tcp_free
 6270              	.LVL605:
1408:Middlewares/Third_Party/LwIP/src/core/tcp.c ****       TCP_EVENT_ERR(last_state, err_fn, err_arg, ERR_ABRT);
 6271              		.loc 1 1408 7 view .LVU1933
1408:Middlewares/Third_Party/LwIP/src/core/tcp.c ****       TCP_EVENT_ERR(last_state, err_fn, err_arg, ERR_ABRT);
 6272              		.loc 1 1408 31 is_stmt 0 view .LVU1934
 6273 02ce 6A4B     		ldr	r3, .L597+4
 6274 02d0 0022     		movs	r2, #0
ARM GAS  /tmp/ccN9yVzV.s 			page 186


 6275 02d2 1A70     		strb	r2, [r3]
1409:Middlewares/Third_Party/LwIP/src/core/tcp.c ****       if (tcp_active_pcbs_changed) {
 6276              		.loc 1 1409 7 is_stmt 1 view .LVU1935
1409:Middlewares/Third_Party/LwIP/src/core/tcp.c ****       if (tcp_active_pcbs_changed) {
 6277              		.loc 1 1409 7 view .LVU1936
1409:Middlewares/Third_Party/LwIP/src/core/tcp.c ****       if (tcp_active_pcbs_changed) {
 6278              		.loc 1 1409 7 view .LVU1937
 6279 02d4 1DB1     		cbz	r5, .L545
1409:Middlewares/Third_Party/LwIP/src/core/tcp.c ****       if (tcp_active_pcbs_changed) {
 6280              		.loc 1 1409 7 discriminator 1 view .LVU1938
 6281 02d6 6FF00C01 		mvn	r1, #12
 6282 02da 4046     		mov	r0, r8
 6283 02dc A847     		blx	r5
 6284              	.LVL606:
 6285              	.L545:
1409:Middlewares/Third_Party/LwIP/src/core/tcp.c ****       if (tcp_active_pcbs_changed) {
 6286              		.loc 1 1409 7 discriminator 3 view .LVU1939
1410:Middlewares/Third_Party/LwIP/src/core/tcp.c ****         goto tcp_slowtmr_start;
 6287              		.loc 1 1410 7 view .LVU1940
1410:Middlewares/Third_Party/LwIP/src/core/tcp.c ****         goto tcp_slowtmr_start;
 6288              		.loc 1 1410 11 is_stmt 0 view .LVU1941
 6289 02de 664B     		ldr	r3, .L597+4
 6290 02e0 1B78     		ldrb	r3, [r3]	@ zero_extendqisi2
1410:Middlewares/Third_Party/LwIP/src/core/tcp.c ****         goto tcp_slowtmr_start;
 6291              		.loc 1 1410 10 view .LVU1942
 6292 02e2 002B     		cmp	r3, #0
 6293 02e4 7FF497AE 		bne	.L511
1405:Middlewares/Third_Party/LwIP/src/core/tcp.c ****       tcp_free(pcb2);
 6294              		.loc 1 1405 11 view .LVU1943
 6295 02e8 3C46     		mov	r4, r7
 6296              	.LVL607:
1405:Middlewares/Third_Party/LwIP/src/core/tcp.c ****       tcp_free(pcb2);
 6297              		.loc 1 1405 11 view .LVU1944
 6298 02ea 2DE0     		b	.L513
 6299              	.LVL608:
 6300              	.L582:
1389:Middlewares/Third_Party/LwIP/src/core/tcp.c ****         prev->next = pcb->next;
 6301              		.loc 1 1389 9 is_stmt 1 discriminator 1 view .LVU1945
1389:Middlewares/Third_Party/LwIP/src/core/tcp.c ****         prev->next = pcb->next;
 6302              		.loc 1 1389 9 discriminator 1 view .LVU1946
 6303 02ec 634B     		ldr	r3, .L597+8
 6304 02ee 40F26D52 		movw	r2, #1389
 6305 02f2 6349     		ldr	r1, .L597+12
 6306 02f4 6348     		ldr	r0, .L597+16
 6307 02f6 FFF7FEFF 		bl	printf
 6308              	.LVL609:
 6309 02fa DFE7     		b	.L541
 6310              	.L540:
1393:Middlewares/Third_Party/LwIP/src/core/tcp.c ****         tcp_active_pcbs = pcb->next;
 6311              		.loc 1 1393 9 view .LVU1947
1393:Middlewares/Third_Party/LwIP/src/core/tcp.c ****         tcp_active_pcbs = pcb->next;
 6312              		.loc 1 1393 9 view .LVU1948
 6313 02fc 5D4B     		ldr	r3, .L597
 6314 02fe 1B68     		ldr	r3, [r3]
 6315 0300 9C42     		cmp	r4, r3
 6316 0302 06D0     		beq	.L543
1393:Middlewares/Third_Party/LwIP/src/core/tcp.c ****         tcp_active_pcbs = pcb->next;
ARM GAS  /tmp/ccN9yVzV.s 			page 187


 6317              		.loc 1 1393 9 discriminator 1 view .LVU1949
1393:Middlewares/Third_Party/LwIP/src/core/tcp.c ****         tcp_active_pcbs = pcb->next;
 6318              		.loc 1 1393 9 discriminator 1 view .LVU1950
 6319 0304 5D4B     		ldr	r3, .L597+8
 6320 0306 40F27152 		movw	r2, #1393
 6321 030a 5F49     		ldr	r1, .L597+20
 6322 030c 5D48     		ldr	r0, .L597+16
 6323 030e FFF7FEFF 		bl	printf
 6324              	.LVL610:
 6325              	.L543:
1393:Middlewares/Third_Party/LwIP/src/core/tcp.c ****         tcp_active_pcbs = pcb->next;
 6326              		.loc 1 1393 9 discriminator 3 view .LVU1951
1393:Middlewares/Third_Party/LwIP/src/core/tcp.c ****         tcp_active_pcbs = pcb->next;
 6327              		.loc 1 1393 9 discriminator 3 view .LVU1952
1394:Middlewares/Third_Party/LwIP/src/core/tcp.c ****       }
 6328              		.loc 1 1394 9 view .LVU1953
1394:Middlewares/Third_Party/LwIP/src/core/tcp.c ****       }
 6329              		.loc 1 1394 30 is_stmt 0 view .LVU1954
 6330 0312 E268     		ldr	r2, [r4, #12]
1394:Middlewares/Third_Party/LwIP/src/core/tcp.c ****       }
 6331              		.loc 1 1394 25 view .LVU1955
 6332 0314 574B     		ldr	r3, .L597
 6333 0316 1A60     		str	r2, [r3]
 6334 0318 D2E7     		b	.L542
 6335              	.L583:
1398:Middlewares/Third_Party/LwIP/src/core/tcp.c ****                 pcb->local_port, pcb->remote_port);
 6336              		.loc 1 1398 9 is_stmt 1 view .LVU1956
1398:Middlewares/Third_Party/LwIP/src/core/tcp.c ****                 pcb->local_port, pcb->remote_port);
 6337              		.loc 1 1398 66 is_stmt 0 view .LVU1957
 6338 031a 231D     		adds	r3, r4, #4
1398:Middlewares/Third_Party/LwIP/src/core/tcp.c ****                 pcb->local_port, pcb->remote_port);
 6339              		.loc 1 1398 9 view .LVU1958
 6340 031c 626A     		ldr	r2, [r4, #36]
 6341 031e 216D     		ldr	r1, [r4, #80]
 6342 0320 208B     		ldrh	r0, [r4, #24]
 6343 0322 0290     		str	r0, [sp, #8]
 6344 0324 E08A     		ldrh	r0, [r4, #22]
 6345 0326 0190     		str	r0, [sp, #4]
 6346 0328 0093     		str	r3, [sp]
 6347 032a 2346     		mov	r3, r4
 6348 032c 2046     		mov	r0, r4
 6349 032e FFF7FEFF 		bl	tcp_rst
 6350              	.LVL611:
 6351 0332 C6E7     		b	.L544
 6352              	.LVL612:
 6353              	.L570:
1398:Middlewares/Third_Party/LwIP/src/core/tcp.c ****                 pcb->local_port, pcb->remote_port);
 6354              		.loc 1 1398 9 view .LVU1959
 6355              	.LBE36:
1424:Middlewares/Third_Party/LwIP/src/core/tcp.c ****         if (tcp_active_pcbs_changed) {
 6356              		.loc 1 1424 9 discriminator 2 view .LVU1960
 6357 0334 0020     		movs	r0, #0
 6358 0336 3AE7     		b	.L546
 6359              	.LVL613:
 6360              	.L580:
1430:Middlewares/Third_Party/LwIP/src/core/tcp.c ****         }
 6361              		.loc 1 1430 11 is_stmt 1 view .LVU1961
ARM GAS  /tmp/ccN9yVzV.s 			page 188


 6362 0338 2046     		mov	r0, r4
 6363              	.LVL614:
1430:Middlewares/Third_Party/LwIP/src/core/tcp.c ****         }
 6364              		.loc 1 1430 11 is_stmt 0 view .LVU1962
 6365 033a FFF7FEFF 		bl	tcp_output
 6366              	.LVL615:
1415:Middlewares/Third_Party/LwIP/src/core/tcp.c ****       pcb = pcb->next;
 6367              		.loc 1 1415 12 view .LVU1963
 6368 033e 2646     		mov	r6, r4
1416:Middlewares/Third_Party/LwIP/src/core/tcp.c **** 
 6369              		.loc 1 1416 11 view .LVU1964
 6370 0340 2C46     		mov	r4, r5
 6371              	.LVL616:
1416:Middlewares/Third_Party/LwIP/src/core/tcp.c **** 
 6372              		.loc 1 1416 11 view .LVU1965
 6373 0342 01E0     		b	.L513
 6374              	.LVL617:
 6375              	.L569:
1415:Middlewares/Third_Party/LwIP/src/core/tcp.c ****       pcb = pcb->next;
 6376              		.loc 1 1415 12 view .LVU1966
 6377 0344 2646     		mov	r6, r4
1416:Middlewares/Third_Party/LwIP/src/core/tcp.c **** 
 6378              		.loc 1 1416 11 view .LVU1967
 6379 0346 2C46     		mov	r4, r5
 6380              	.LVL618:
 6381              	.L513:
1212:Middlewares/Third_Party/LwIP/src/core/tcp.c ****     LWIP_DEBUGF(TCP_DEBUG, ("tcp_slowtmr: processing active pcb\n"));
 6382              		.loc 1 1212 14 is_stmt 1 view .LVU1968
 6383 0348 002C     		cmp	r4, #0
 6384 034a 50D0     		beq	.L584
1213:Middlewares/Third_Party/LwIP/src/core/tcp.c ****     LWIP_ASSERT("tcp_slowtmr: active pcb->state != CLOSED\n", pcb->state != CLOSED);
 6385              		.loc 1 1213 5 view .LVU1969
1213:Middlewares/Third_Party/LwIP/src/core/tcp.c ****     LWIP_ASSERT("tcp_slowtmr: active pcb->state != CLOSED\n", pcb->state != CLOSED);
 6386              		.loc 1 1213 5 view .LVU1970
1213:Middlewares/Third_Party/LwIP/src/core/tcp.c ****     LWIP_ASSERT("tcp_slowtmr: active pcb->state != CLOSED\n", pcb->state != CLOSED);
 6387              		.loc 1 1213 5 discriminator 4 view .LVU1971
1214:Middlewares/Third_Party/LwIP/src/core/tcp.c ****     LWIP_ASSERT("tcp_slowtmr: active pcb->state != LISTEN\n", pcb->state != LISTEN);
 6388              		.loc 1 1214 5 view .LVU1972
1214:Middlewares/Third_Party/LwIP/src/core/tcp.c ****     LWIP_ASSERT("tcp_slowtmr: active pcb->state != LISTEN\n", pcb->state != LISTEN);
 6389              		.loc 1 1214 5 view .LVU1973
 6390 034c 237D     		ldrb	r3, [r4, #20]	@ zero_extendqisi2
 6391 034e 002B     		cmp	r3, #0
 6392 0350 3FF465AE 		beq	.L585
 6393              	.L514:
1214:Middlewares/Third_Party/LwIP/src/core/tcp.c ****     LWIP_ASSERT("tcp_slowtmr: active pcb->state != LISTEN\n", pcb->state != LISTEN);
 6394              		.loc 1 1214 5 discriminator 3 view .LVU1974
1214:Middlewares/Third_Party/LwIP/src/core/tcp.c ****     LWIP_ASSERT("tcp_slowtmr: active pcb->state != LISTEN\n", pcb->state != LISTEN);
 6395              		.loc 1 1214 5 discriminator 3 view .LVU1975
1215:Middlewares/Third_Party/LwIP/src/core/tcp.c ****     LWIP_ASSERT("tcp_slowtmr: active pcb->state != TIME-WAIT\n", pcb->state != TIME_WAIT);
 6396              		.loc 1 1215 5 view .LVU1976
1215:Middlewares/Third_Party/LwIP/src/core/tcp.c ****     LWIP_ASSERT("tcp_slowtmr: active pcb->state != TIME-WAIT\n", pcb->state != TIME_WAIT);
 6397              		.loc 1 1215 5 view .LVU1977
 6398 0354 237D     		ldrb	r3, [r4, #20]	@ zero_extendqisi2
 6399 0356 012B     		cmp	r3, #1
 6400 0358 3FF469AE 		beq	.L586
 6401              	.L515:
1215:Middlewares/Third_Party/LwIP/src/core/tcp.c ****     LWIP_ASSERT("tcp_slowtmr: active pcb->state != TIME-WAIT\n", pcb->state != TIME_WAIT);
ARM GAS  /tmp/ccN9yVzV.s 			page 189


 6402              		.loc 1 1215 5 discriminator 3 view .LVU1978
1215:Middlewares/Third_Party/LwIP/src/core/tcp.c ****     LWIP_ASSERT("tcp_slowtmr: active pcb->state != TIME-WAIT\n", pcb->state != TIME_WAIT);
 6403              		.loc 1 1215 5 discriminator 3 view .LVU1979
1216:Middlewares/Third_Party/LwIP/src/core/tcp.c ****     if (pcb->last_timer == tcp_timer_ctr) {
 6404              		.loc 1 1216 5 view .LVU1980
1216:Middlewares/Third_Party/LwIP/src/core/tcp.c ****     if (pcb->last_timer == tcp_timer_ctr) {
 6405              		.loc 1 1216 5 view .LVU1981
 6406 035c 237D     		ldrb	r3, [r4, #20]	@ zero_extendqisi2
 6407 035e 0A2B     		cmp	r3, #10
 6408 0360 3FF46DAE 		beq	.L587
 6409              	.L516:
1216:Middlewares/Third_Party/LwIP/src/core/tcp.c ****     if (pcb->last_timer == tcp_timer_ctr) {
 6410              		.loc 1 1216 5 discriminator 3 view .LVU1982
1216:Middlewares/Third_Party/LwIP/src/core/tcp.c ****     if (pcb->last_timer == tcp_timer_ctr) {
 6411              		.loc 1 1216 5 discriminator 3 view .LVU1983
1217:Middlewares/Third_Party/LwIP/src/core/tcp.c ****       /* skip this pcb, we have already processed it */
 6412              		.loc 1 1217 5 view .LVU1984
1217:Middlewares/Third_Party/LwIP/src/core/tcp.c ****       /* skip this pcb, we have already processed it */
 6413              		.loc 1 1217 12 is_stmt 0 view .LVU1985
 6414 0364 A27F     		ldrb	r2, [r4, #30]	@ zero_extendqisi2
1217:Middlewares/Third_Party/LwIP/src/core/tcp.c ****       /* skip this pcb, we have already processed it */
 6415              		.loc 1 1217 25 view .LVU1986
 6416 0366 494B     		ldr	r3, .L597+24
 6417 0368 1B78     		ldrb	r3, [r3]	@ zero_extendqisi2
1217:Middlewares/Third_Party/LwIP/src/core/tcp.c ****       /* skip this pcb, we have already processed it */
 6418              		.loc 1 1217 8 view .LVU1987
 6419 036a 9A42     		cmp	r2, r3
 6420 036c 3FF46FAE 		beq	.L588
1223:Middlewares/Third_Party/LwIP/src/core/tcp.c **** 
 6421              		.loc 1 1223 5 is_stmt 1 view .LVU1988
1223:Middlewares/Third_Party/LwIP/src/core/tcp.c **** 
 6422              		.loc 1 1223 21 is_stmt 0 view .LVU1989
 6423 0370 A377     		strb	r3, [r4, #30]
1225:Middlewares/Third_Party/LwIP/src/core/tcp.c ****     pcb_reset = 0;
 6424              		.loc 1 1225 5 is_stmt 1 view .LVU1990
 6425              	.LVL619:
1226:Middlewares/Third_Party/LwIP/src/core/tcp.c **** 
 6426              		.loc 1 1226 5 view .LVU1991
1228:Middlewares/Third_Party/LwIP/src/core/tcp.c ****       ++pcb_remove;
 6427              		.loc 1 1228 5 view .LVU1992
1228:Middlewares/Third_Party/LwIP/src/core/tcp.c ****       ++pcb_remove;
 6428              		.loc 1 1228 12 is_stmt 0 view .LVU1993
 6429 0372 237D     		ldrb	r3, [r4, #20]	@ zero_extendqisi2
1228:Middlewares/Third_Party/LwIP/src/core/tcp.c ****       ++pcb_remove;
 6430              		.loc 1 1228 8 view .LVU1994
 6431 0374 022B     		cmp	r3, #2
 6432 0376 3FF46DAE 		beq	.L589
 6433              	.L519:
1231:Middlewares/Third_Party/LwIP/src/core/tcp.c ****       ++pcb_remove;
 6434              		.loc 1 1231 12 is_stmt 1 view .LVU1995
1231:Middlewares/Third_Party/LwIP/src/core/tcp.c ****       ++pcb_remove;
 6435              		.loc 1 1231 19 is_stmt 0 view .LVU1996
 6436 037a 94F84230 		ldrb	r3, [r4, #66]	@ zero_extendqisi2
1231:Middlewares/Third_Party/LwIP/src/core/tcp.c ****       ++pcb_remove;
 6437              		.loc 1 1231 15 view .LVU1997
 6438 037e 0B2B     		cmp	r3, #11
 6439 0380 3FF6DEAE 		bhi	.L559
ARM GAS  /tmp/ccN9yVzV.s 			page 190


1235:Middlewares/Third_Party/LwIP/src/core/tcp.c ****         LWIP_ASSERT("tcp_slowtimr: persist ticking with in-flight data", pcb->unacked == NULL);
 6440              		.loc 1 1235 7 is_stmt 1 view .LVU1998
1235:Middlewares/Third_Party/LwIP/src/core/tcp.c ****         LWIP_ASSERT("tcp_slowtimr: persist ticking with in-flight data", pcb->unacked == NULL);
 6441              		.loc 1 1235 14 is_stmt 0 view .LVU1999
 6442 0384 94F89950 		ldrb	r5, [r4, #153]	@ zero_extendqisi2
1235:Middlewares/Third_Party/LwIP/src/core/tcp.c ****         LWIP_ASSERT("tcp_slowtimr: persist ticking with in-flight data", pcb->unacked == NULL);
 6443              		.loc 1 1235 10 view .LVU2000
 6444 0388 002D     		cmp	r5, #0
 6445 038a 3FF48AAE 		beq	.L521
1236:Middlewares/Third_Party/LwIP/src/core/tcp.c ****         LWIP_ASSERT("tcp_slowtimr: persist ticking with empty send buffer", pcb->unsent != NULL);
 6446              		.loc 1 1236 9 is_stmt 1 view .LVU2001
1236:Middlewares/Third_Party/LwIP/src/core/tcp.c ****         LWIP_ASSERT("tcp_slowtimr: persist ticking with empty send buffer", pcb->unsent != NULL);
 6447              		.loc 1 1236 9 view .LVU2002
 6448 038e 236F     		ldr	r3, [r4, #112]
 6449 0390 33B1     		cbz	r3, .L522
1236:Middlewares/Third_Party/LwIP/src/core/tcp.c ****         LWIP_ASSERT("tcp_slowtimr: persist ticking with empty send buffer", pcb->unsent != NULL);
 6450              		.loc 1 1236 9 discriminator 1 view .LVU2003
1236:Middlewares/Third_Party/LwIP/src/core/tcp.c ****         LWIP_ASSERT("tcp_slowtimr: persist ticking with empty send buffer", pcb->unsent != NULL);
 6451              		.loc 1 1236 9 discriminator 1 view .LVU2004
 6452 0392 3A4B     		ldr	r3, .L597+8
 6453 0394 40F2D442 		movw	r2, #1236
 6454 0398 3D49     		ldr	r1, .L597+28
 6455 039a 3A48     		ldr	r0, .L597+16
 6456 039c FFF7FEFF 		bl	printf
 6457              	.LVL620:
 6458              	.L522:
1236:Middlewares/Third_Party/LwIP/src/core/tcp.c ****         LWIP_ASSERT("tcp_slowtimr: persist ticking with empty send buffer", pcb->unsent != NULL);
 6459              		.loc 1 1236 9 discriminator 3 view .LVU2005
1236:Middlewares/Third_Party/LwIP/src/core/tcp.c ****         LWIP_ASSERT("tcp_slowtimr: persist ticking with empty send buffer", pcb->unsent != NULL);
 6460              		.loc 1 1236 9 discriminator 3 view .LVU2006
1237:Middlewares/Third_Party/LwIP/src/core/tcp.c ****         if (pcb->persist_probe >= TCP_MAXRTX) {
 6461              		.loc 1 1237 9 view .LVU2007
1237:Middlewares/Third_Party/LwIP/src/core/tcp.c ****         if (pcb->persist_probe >= TCP_MAXRTX) {
 6462              		.loc 1 1237 9 view .LVU2008
 6463 03a0 E36E     		ldr	r3, [r4, #108]
 6464 03a2 002B     		cmp	r3, #0
 6465 03a4 3FF45DAE 		beq	.L590
 6466              	.L523:
1237:Middlewares/Third_Party/LwIP/src/core/tcp.c ****         if (pcb->persist_probe >= TCP_MAXRTX) {
 6467              		.loc 1 1237 9 discriminator 3 view .LVU2009
1237:Middlewares/Third_Party/LwIP/src/core/tcp.c ****         if (pcb->persist_probe >= TCP_MAXRTX) {
 6468              		.loc 1 1237 9 discriminator 3 view .LVU2010
1238:Middlewares/Third_Party/LwIP/src/core/tcp.c ****           ++pcb_remove; /* max probes reached */
 6469              		.loc 1 1238 9 view .LVU2011
1238:Middlewares/Third_Party/LwIP/src/core/tcp.c ****           ++pcb_remove; /* max probes reached */
 6470              		.loc 1 1238 16 is_stmt 0 view .LVU2012
 6471 03a8 94F89A30 		ldrb	r3, [r4, #154]	@ zero_extendqisi2
1238:Middlewares/Third_Party/LwIP/src/core/tcp.c ****           ++pcb_remove; /* max probes reached */
 6472              		.loc 1 1238 12 view .LVU2013
 6473 03ac 0B2B     		cmp	r3, #11
 6474 03ae 3FF609AF 		bhi	.L560
 6475              	.LBB37:
1241:Middlewares/Third_Party/LwIP/src/core/tcp.c ****           if (pcb->persist_cnt < backoff_cnt) {
 6476              		.loc 1 1241 11 is_stmt 1 view .LVU2014
1241:Middlewares/Third_Party/LwIP/src/core/tcp.c ****           if (pcb->persist_cnt < backoff_cnt) {
 6477              		.loc 1 1241 53 is_stmt 0 view .LVU2015
 6478 03b2 94F89930 		ldrb	r3, [r4, #153]	@ zero_extendqisi2
ARM GAS  /tmp/ccN9yVzV.s 			page 191


1241:Middlewares/Third_Party/LwIP/src/core/tcp.c ****           if (pcb->persist_cnt < backoff_cnt) {
 6479              		.loc 1 1241 71 view .LVU2016
 6480 03b6 013B     		subs	r3, r3, #1
1241:Middlewares/Third_Party/LwIP/src/core/tcp.c ****           if (pcb->persist_cnt < backoff_cnt) {
 6481              		.loc 1 1241 16 view .LVU2017
 6482 03b8 364A     		ldr	r2, .L597+32
 6483 03ba D25C     		ldrb	r2, [r2, r3]	@ zero_extendqisi2
 6484              	.LVL621:
1242:Middlewares/Third_Party/LwIP/src/core/tcp.c ****             pcb->persist_cnt++;
 6485              		.loc 1 1242 11 is_stmt 1 view .LVU2018
1242:Middlewares/Third_Party/LwIP/src/core/tcp.c ****             pcb->persist_cnt++;
 6486              		.loc 1 1242 18 is_stmt 0 view .LVU2019
 6487 03bc 94F89830 		ldrb	r3, [r4, #152]	@ zero_extendqisi2
1242:Middlewares/Third_Party/LwIP/src/core/tcp.c ****             pcb->persist_cnt++;
 6488              		.loc 1 1242 14 view .LVU2020
 6489 03c0 9342     		cmp	r3, r2
 6490 03c2 02D2     		bcs	.L524
1243:Middlewares/Third_Party/LwIP/src/core/tcp.c ****           }
 6491              		.loc 1 1243 13 is_stmt 1 view .LVU2021
1243:Middlewares/Third_Party/LwIP/src/core/tcp.c ****           }
 6492              		.loc 1 1243 29 is_stmt 0 view .LVU2022
 6493 03c4 0133     		adds	r3, r3, #1
 6494 03c6 84F89830 		strb	r3, [r4, #152]
 6495              	.L524:
1245:Middlewares/Third_Party/LwIP/src/core/tcp.c ****             int next_slot = 1; /* increment timer to next slot */
 6496              		.loc 1 1245 11 is_stmt 1 view .LVU2023
1245:Middlewares/Third_Party/LwIP/src/core/tcp.c ****             int next_slot = 1; /* increment timer to next slot */
 6497              		.loc 1 1245 18 is_stmt 0 view .LVU2024
 6498 03ca 94F89830 		ldrb	r3, [r4, #152]	@ zero_extendqisi2
1245:Middlewares/Third_Party/LwIP/src/core/tcp.c ****             int next_slot = 1; /* increment timer to next slot */
 6499              		.loc 1 1245 14 view .LVU2025
 6500 03ce 9342     		cmp	r3, r2
 6501 03d0 FFF4FAAE 		bcc	.L561
 6502              	.LBB32:
1246:Middlewares/Third_Party/LwIP/src/core/tcp.c ****             /* If snd_wnd is zero, send 1 byte probes */
 6503              		.loc 1 1246 13 is_stmt 1 view .LVU2026
 6504              	.LVL622:
1248:Middlewares/Third_Party/LwIP/src/core/tcp.c ****               if (tcp_zero_window_probe(pcb) != ERR_OK) {
 6505              		.loc 1 1248 13 view .LVU2027
1248:Middlewares/Third_Party/LwIP/src/core/tcp.c ****               if (tcp_zero_window_probe(pcb) != ERR_OK) {
 6506              		.loc 1 1248 20 is_stmt 0 view .LVU2028
 6507 03d4 B4F86010 		ldrh	r1, [r4, #96]
1248:Middlewares/Third_Party/LwIP/src/core/tcp.c ****               if (tcp_zero_window_probe(pcb) != ERR_OK) {
 6508              		.loc 1 1248 16 view .LVU2029
 6509 03d8 0029     		cmp	r1, #0
 6510 03da 7FF44AAE 		bne	.L525
1249:Middlewares/Third_Party/LwIP/src/core/tcp.c ****                 next_slot = 0; /* try probe again with current slot */
 6511              		.loc 1 1249 15 is_stmt 1 view .LVU2030
1249:Middlewares/Third_Party/LwIP/src/core/tcp.c ****                 next_slot = 0; /* try probe again with current slot */
 6512              		.loc 1 1249 19 is_stmt 0 view .LVU2031
 6513 03de 2046     		mov	r0, r4
 6514 03e0 FFF7FEFF 		bl	tcp_zero_window_probe
 6515              	.LVL623:
1249:Middlewares/Third_Party/LwIP/src/core/tcp.c ****                 next_slot = 0; /* try probe again with current slot */
 6516              		.loc 1 1249 18 discriminator 1 view .LVU2032
 6517 03e4 0028     		cmp	r0, #0
 6518 03e6 3FF448AE 		beq	.L526
ARM GAS  /tmp/ccN9yVzV.s 			page 192


 6519              	.LBE32:
 6520              	.LBE37:
1225:Middlewares/Third_Party/LwIP/src/core/tcp.c ****     pcb_reset = 0;
 6521              		.loc 1 1225 16 view .LVU2033
 6522 03ea 0025     		movs	r5, #0
 6523 03ec A9E6     		b	.L520
 6524              	.LVL624:
 6525              	.L584:
1438:Middlewares/Third_Party/LwIP/src/core/tcp.c ****   pcb = tcp_tw_pcbs;
 6526              		.loc 1 1438 3 is_stmt 1 view .LVU2034
1439:Middlewares/Third_Party/LwIP/src/core/tcp.c ****   while (pcb != NULL) {
 6527              		.loc 1 1439 3 view .LVU2035
1439:Middlewares/Third_Party/LwIP/src/core/tcp.c ****   while (pcb != NULL) {
 6528              		.loc 1 1439 7 is_stmt 0 view .LVU2036
 6529 03ee 2A4B     		ldr	r3, .L597+36
 6530 03f0 1D68     		ldr	r5, [r3]
 6531              	.LVL625:
1440:Middlewares/Third_Party/LwIP/src/core/tcp.c ****     LWIP_ASSERT("tcp_slowtmr: TIME-WAIT pcb->state == TIME-WAIT", pcb->state == TIME_WAIT);
 6532              		.loc 1 1440 3 is_stmt 1 view .LVU2037
1440:Middlewares/Third_Party/LwIP/src/core/tcp.c ****     LWIP_ASSERT("tcp_slowtmr: TIME-WAIT pcb->state == TIME-WAIT", pcb->state == TIME_WAIT);
 6533              		.loc 1 1440 9 is_stmt 0 view .LVU2038
 6534 03f2 07E0     		b	.L548
 6535              	.LVL626:
 6536              	.L549:
1441:Middlewares/Third_Party/LwIP/src/core/tcp.c ****     pcb_remove = 0;
 6537              		.loc 1 1441 5 is_stmt 1 discriminator 3 view .LVU2039
1441:Middlewares/Third_Party/LwIP/src/core/tcp.c ****     pcb_remove = 0;
 6538              		.loc 1 1441 5 discriminator 3 view .LVU2040
1442:Middlewares/Third_Party/LwIP/src/core/tcp.c **** 
 6539              		.loc 1 1442 5 view .LVU2041
1445:Middlewares/Third_Party/LwIP/src/core/tcp.c ****       ++pcb_remove;
 6540              		.loc 1 1445 5 view .LVU2042
1445:Middlewares/Third_Party/LwIP/src/core/tcp.c ****       ++pcb_remove;
 6541              		.loc 1 1445 32 is_stmt 0 view .LVU2043
 6542 03f4 2A6A     		ldr	r2, [r5, #32]
1445:Middlewares/Third_Party/LwIP/src/core/tcp.c ****       ++pcb_remove;
 6543              		.loc 1 1445 27 view .LVU2044
 6544 03f6 294B     		ldr	r3, .L597+40
 6545 03f8 1B68     		ldr	r3, [r3]
 6546 03fa 9B1A     		subs	r3, r3, r2
1445:Middlewares/Third_Party/LwIP/src/core/tcp.c ****       ++pcb_remove;
 6547              		.loc 1 1445 8 view .LVU2045
 6548 03fc F02B     		cmp	r3, #240
 6549 03fe 0ED8     		bhi	.L591
1450:Middlewares/Third_Party/LwIP/src/core/tcp.c ****       struct tcp_pcb *pcb2;
 6550              		.loc 1 1450 5 is_stmt 1 view .LVU2046
1466:Middlewares/Third_Party/LwIP/src/core/tcp.c ****       pcb = pcb->next;
 6551              		.loc 1 1466 7 view .LVU2047
 6552              	.LVL627:
1467:Middlewares/Third_Party/LwIP/src/core/tcp.c ****     }
 6553              		.loc 1 1467 7 view .LVU2048
1466:Middlewares/Third_Party/LwIP/src/core/tcp.c ****       pcb = pcb->next;
 6554              		.loc 1 1466 12 is_stmt 0 view .LVU2049
 6555 0400 2C46     		mov	r4, r5
1467:Middlewares/Third_Party/LwIP/src/core/tcp.c ****     }
 6556              		.loc 1 1467 11 view .LVU2050
 6557 0402 ED68     		ldr	r5, [r5, #12]
ARM GAS  /tmp/ccN9yVzV.s 			page 193


 6558              	.LVL628:
 6559              	.L548:
1440:Middlewares/Third_Party/LwIP/src/core/tcp.c ****     LWIP_ASSERT("tcp_slowtmr: TIME-WAIT pcb->state == TIME-WAIT", pcb->state == TIME_WAIT);
 6560              		.loc 1 1440 14 is_stmt 1 view .LVU2051
 6561 0404 002D     		cmp	r5, #0
 6562 0406 31D0     		beq	.L592
1441:Middlewares/Third_Party/LwIP/src/core/tcp.c ****     pcb_remove = 0;
 6563              		.loc 1 1441 5 view .LVU2052
1441:Middlewares/Third_Party/LwIP/src/core/tcp.c ****     pcb_remove = 0;
 6564              		.loc 1 1441 5 view .LVU2053
 6565 0408 2B7D     		ldrb	r3, [r5, #20]	@ zero_extendqisi2
 6566 040a 0A2B     		cmp	r3, #10
 6567 040c F2D0     		beq	.L549
1441:Middlewares/Third_Party/LwIP/src/core/tcp.c ****     pcb_remove = 0;
 6568              		.loc 1 1441 5 discriminator 1 view .LVU2054
1441:Middlewares/Third_Party/LwIP/src/core/tcp.c ****     pcb_remove = 0;
 6569              		.loc 1 1441 5 discriminator 1 view .LVU2055
 6570 040e 1B4B     		ldr	r3, .L597+8
 6571 0410 40F2A152 		movw	r2, #1441
 6572 0414 2249     		ldr	r1, .L597+44
 6573 0416 1B48     		ldr	r0, .L597+16
 6574 0418 FFF7FEFF 		bl	printf
 6575              	.LVL629:
 6576 041c EAE7     		b	.L549
 6577              	.LVL630:
 6578              	.L591:
1446:Middlewares/Third_Party/LwIP/src/core/tcp.c ****     }
 6579              		.loc 1 1446 7 view .LVU2056
1450:Middlewares/Third_Party/LwIP/src/core/tcp.c ****       struct tcp_pcb *pcb2;
 6580              		.loc 1 1450 5 view .LVU2057
 6581              	.LBB38:
1451:Middlewares/Third_Party/LwIP/src/core/tcp.c ****       tcp_pcb_purge(pcb);
 6582              		.loc 1 1451 7 view .LVU2058
1452:Middlewares/Third_Party/LwIP/src/core/tcp.c ****       /* Remove PCB from tcp_tw_pcbs list. */
 6583              		.loc 1 1452 7 view .LVU2059
 6584 041e 2846     		mov	r0, r5
 6585 0420 FFF7FEFF 		bl	tcp_pcb_purge
 6586              	.LVL631:
1454:Middlewares/Third_Party/LwIP/src/core/tcp.c ****         LWIP_ASSERT("tcp_slowtmr: middle tcp != tcp_tw_pcbs", pcb != tcp_tw_pcbs);
 6587              		.loc 1 1454 7 view .LVU2060
1454:Middlewares/Third_Party/LwIP/src/core/tcp.c ****         LWIP_ASSERT("tcp_slowtmr: middle tcp != tcp_tw_pcbs", pcb != tcp_tw_pcbs);
 6588              		.loc 1 1454 10 is_stmt 0 view .LVU2061
 6589 0424 9CB1     		cbz	r4, .L593
1455:Middlewares/Third_Party/LwIP/src/core/tcp.c ****         prev->next = pcb->next;
 6590              		.loc 1 1455 9 is_stmt 1 view .LVU2062
1455:Middlewares/Third_Party/LwIP/src/core/tcp.c ****         prev->next = pcb->next;
 6591              		.loc 1 1455 9 view .LVU2063
 6592 0426 1C4B     		ldr	r3, .L597+36
 6593 0428 1B68     		ldr	r3, [r3]
 6594 042a 9D42     		cmp	r5, r3
 6595 042c 07D0     		beq	.L594
 6596              	.L554:
1455:Middlewares/Third_Party/LwIP/src/core/tcp.c ****         prev->next = pcb->next;
 6597              		.loc 1 1455 9 discriminator 3 view .LVU2064
1455:Middlewares/Third_Party/LwIP/src/core/tcp.c ****         prev->next = pcb->next;
 6598              		.loc 1 1455 9 discriminator 3 view .LVU2065
1456:Middlewares/Third_Party/LwIP/src/core/tcp.c ****       } else {
ARM GAS  /tmp/ccN9yVzV.s 			page 194


 6599              		.loc 1 1456 9 view .LVU2066
1456:Middlewares/Third_Party/LwIP/src/core/tcp.c ****       } else {
 6600              		.loc 1 1456 25 is_stmt 0 view .LVU2067
 6601 042e EB68     		ldr	r3, [r5, #12]
1456:Middlewares/Third_Party/LwIP/src/core/tcp.c ****       } else {
 6602              		.loc 1 1456 20 view .LVU2068
 6603 0430 E360     		str	r3, [r4, #12]
 6604              	.L555:
1462:Middlewares/Third_Party/LwIP/src/core/tcp.c ****       pcb = pcb->next;
 6605              		.loc 1 1462 7 is_stmt 1 view .LVU2069
 6606              	.LVL632:
1463:Middlewares/Third_Party/LwIP/src/core/tcp.c ****       tcp_free(pcb2);
 6607              		.loc 1 1463 7 view .LVU2070
1463:Middlewares/Third_Party/LwIP/src/core/tcp.c ****       tcp_free(pcb2);
 6608              		.loc 1 1463 11 is_stmt 0 view .LVU2071
 6609 0432 EE68     		ldr	r6, [r5, #12]
 6610              	.LVL633:
1464:Middlewares/Third_Party/LwIP/src/core/tcp.c ****     } else {
 6611              		.loc 1 1464 7 is_stmt 1 view .LVU2072
 6612 0434 2846     		mov	r0, r5
 6613 0436 FFF7FEFF 		bl	tcp_free
 6614              	.LVL634:
1463:Middlewares/Third_Party/LwIP/src/core/tcp.c ****       tcp_free(pcb2);
 6615              		.loc 1 1463 11 is_stmt 0 view .LVU2073
 6616 043a 3546     		mov	r5, r6
 6617              	.LVL635:
1463:Middlewares/Third_Party/LwIP/src/core/tcp.c ****       tcp_free(pcb2);
 6618              		.loc 1 1463 11 view .LVU2074
 6619              	.LBE38:
 6620 043c E2E7     		b	.L548
 6621              	.LVL636:
 6622              	.L594:
 6623              	.LBB39:
1455:Middlewares/Third_Party/LwIP/src/core/tcp.c ****         prev->next = pcb->next;
 6624              		.loc 1 1455 9 is_stmt 1 discriminator 1 view .LVU2075
1455:Middlewares/Third_Party/LwIP/src/core/tcp.c ****         prev->next = pcb->next;
 6625              		.loc 1 1455 9 discriminator 1 view .LVU2076
 6626 043e 0F4B     		ldr	r3, .L597+8
 6627 0440 40F2AF52 		movw	r2, #1455
 6628 0444 1749     		ldr	r1, .L597+48
 6629 0446 0F48     		ldr	r0, .L597+16
 6630 0448 FFF7FEFF 		bl	printf
 6631              	.LVL637:
 6632 044c EFE7     		b	.L554
 6633              	.L593:
1459:Middlewares/Third_Party/LwIP/src/core/tcp.c ****         tcp_tw_pcbs = pcb->next;
 6634              		.loc 1 1459 9 view .LVU2077
1459:Middlewares/Third_Party/LwIP/src/core/tcp.c ****         tcp_tw_pcbs = pcb->next;
 6635              		.loc 1 1459 9 view .LVU2078
 6636 044e 124B     		ldr	r3, .L597+36
 6637 0450 1B68     		ldr	r3, [r3]
 6638 0452 9D42     		cmp	r5, r3
 6639 0454 06D0     		beq	.L556
1459:Middlewares/Third_Party/LwIP/src/core/tcp.c ****         tcp_tw_pcbs = pcb->next;
 6640              		.loc 1 1459 9 discriminator 1 view .LVU2079
1459:Middlewares/Third_Party/LwIP/src/core/tcp.c ****         tcp_tw_pcbs = pcb->next;
 6641              		.loc 1 1459 9 discriminator 1 view .LVU2080
ARM GAS  /tmp/ccN9yVzV.s 			page 195


 6642 0456 094B     		ldr	r3, .L597+8
 6643 0458 40F2B352 		movw	r2, #1459
 6644 045c 1249     		ldr	r1, .L597+52
 6645 045e 0948     		ldr	r0, .L597+16
 6646 0460 FFF7FEFF 		bl	printf
 6647              	.LVL638:
 6648              	.L556:
1459:Middlewares/Third_Party/LwIP/src/core/tcp.c ****         tcp_tw_pcbs = pcb->next;
 6649              		.loc 1 1459 9 discriminator 3 view .LVU2081
1459:Middlewares/Third_Party/LwIP/src/core/tcp.c ****         tcp_tw_pcbs = pcb->next;
 6650              		.loc 1 1459 9 discriminator 3 view .LVU2082
1460:Middlewares/Third_Party/LwIP/src/core/tcp.c ****       }
 6651              		.loc 1 1460 9 view .LVU2083
1460:Middlewares/Third_Party/LwIP/src/core/tcp.c ****       }
 6652              		.loc 1 1460 26 is_stmt 0 view .LVU2084
 6653 0464 EA68     		ldr	r2, [r5, #12]
1460:Middlewares/Third_Party/LwIP/src/core/tcp.c ****       }
 6654              		.loc 1 1460 21 view .LVU2085
 6655 0466 0C4B     		ldr	r3, .L597+36
 6656 0468 1A60     		str	r2, [r3]
 6657 046a E2E7     		b	.L555
 6658              	.LVL639:
 6659              	.L592:
1460:Middlewares/Third_Party/LwIP/src/core/tcp.c ****       }
 6660              		.loc 1 1460 21 view .LVU2086
 6661              	.LBE39:
1470:Middlewares/Third_Party/LwIP/src/core/tcp.c **** 
 6662              		.loc 1 1470 1 view .LVU2087
 6663 046c 04B0     		add	sp, sp, #16
 6664              	.LCFI59:
 6665              		.cfi_def_cfa_offset 24
 6666              		@ sp needed
 6667 046e BDE8F081 		pop	{r4, r5, r6, r7, r8, pc}
 6668              	.LVL640:
 6669              	.L598:
1470:Middlewares/Third_Party/LwIP/src/core/tcp.c **** 
 6670              		.loc 1 1470 1 view .LVU2088
 6671 0472 00BF     		.align	2
 6672              	.L597:
 6673 0474 00000000 		.word	tcp_active_pcbs
 6674 0478 00000000 		.word	tcp_active_pcbs_changed
 6675 047c 00000000 		.word	.LC0
 6676 0480 F4000000 		.word	.LC49
 6677 0484 54000000 		.word	.LC2
 6678 0488 20010000 		.word	.LC50
 6679 048c 00000000 		.word	tcp_timer_ctr
 6680 0490 88000000 		.word	.LC47
 6681 0494 00000000 		.word	tcp_persist_backoff
 6682 0498 00000000 		.word	tcp_tw_pcbs
 6683 049c 00000000 		.word	tcp_ticks
 6684 04a0 4C010000 		.word	.LC51
 6685 04a4 7C010000 		.word	.LC52
 6686 04a8 A4010000 		.word	.LC53
 6687              		.cfi_endproc
 6688              	.LFE177:
 6690              		.section	.text.tcp_tmr,"ax",%progbits
 6691              		.align	1
ARM GAS  /tmp/ccN9yVzV.s 			page 196


 6692              		.global	tcp_tmr
 6693              		.syntax unified
 6694              		.thumb
 6695              		.thumb_func
 6697              	tcp_tmr:
 6698              	.LFB159:
 235:Middlewares/Third_Party/LwIP/src/core/tcp.c ****   /* Call tcp_fasttmr() every 250 ms */
 6699              		.loc 1 235 1 is_stmt 1 view -0
 6700              		.cfi_startproc
 6701              		@ args = 0, pretend = 0, frame = 0
 6702              		@ frame_needed = 0, uses_anonymous_args = 0
 6703 0000 08B5     		push	{r3, lr}
 6704              	.LCFI60:
 6705              		.cfi_def_cfa_offset 8
 6706              		.cfi_offset 3, -8
 6707              		.cfi_offset 14, -4
 237:Middlewares/Third_Party/LwIP/src/core/tcp.c **** 
 6708              		.loc 1 237 3 view .LVU2090
 6709 0002 FFF7FEFF 		bl	tcp_fasttmr
 6710              	.LVL641:
 239:Middlewares/Third_Party/LwIP/src/core/tcp.c ****     /* Call tcp_slowtmr() every 500 ms, i.e., every other timer
 6711              		.loc 1 239 3 view .LVU2091
 239:Middlewares/Third_Party/LwIP/src/core/tcp.c ****     /* Call tcp_slowtmr() every 500 ms, i.e., every other timer
 6712              		.loc 1 239 7 is_stmt 0 view .LVU2092
 6713 0006 064A     		ldr	r2, .L603
 6714 0008 1378     		ldrb	r3, [r2]	@ zero_extendqisi2
 6715 000a 0133     		adds	r3, r3, #1
 6716 000c DBB2     		uxtb	r3, r3
 239:Middlewares/Third_Party/LwIP/src/core/tcp.c ****     /* Call tcp_slowtmr() every 500 ms, i.e., every other timer
 6717              		.loc 1 239 6 view .LVU2093
 6718 000e 1370     		strb	r3, [r2]
 6719 0010 13F0010F 		tst	r3, #1
 6720 0014 00D1     		bne	.L602
 6721              	.L599:
 244:Middlewares/Third_Party/LwIP/src/core/tcp.c **** 
 6722              		.loc 1 244 1 view .LVU2094
 6723 0016 08BD     		pop	{r3, pc}
 6724              	.L602:
 242:Middlewares/Third_Party/LwIP/src/core/tcp.c ****   }
 6725              		.loc 1 242 5 is_stmt 1 view .LVU2095
 6726 0018 FFF7FEFF 		bl	tcp_slowtmr
 6727              	.LVL642:
 244:Middlewares/Third_Party/LwIP/src/core/tcp.c **** 
 6728              		.loc 1 244 1 is_stmt 0 view .LVU2096
 6729 001c FBE7     		b	.L599
 6730              	.L604:
 6731 001e 00BF     		.align	2
 6732              	.L603:
 6733 0020 00000000 		.word	tcp_timer
 6734              		.cfi_endproc
 6735              	.LFE159:
 6737              		.section	.data.iss.0,"aw"
 6738              		.align	2
 6741              	iss.0:
 6742 0000 6E190000 		.word	6510
 6743              		.section	.bss.tcp_timer_ctr,"aw",%nobits
 6746              	tcp_timer_ctr:
ARM GAS  /tmp/ccN9yVzV.s 			page 197


 6747 0000 00       		.space	1
 6748              		.section	.bss.tcp_timer,"aw",%nobits
 6751              	tcp_timer:
 6752 0000 00       		.space	1
 6753              		.global	tcp_active_pcbs_changed
 6754              		.section	.bss.tcp_active_pcbs_changed,"aw",%nobits
 6757              	tcp_active_pcbs_changed:
 6758 0000 00       		.space	1
 6759              		.global	tcp_pcb_lists
 6760              		.section	.rodata.tcp_pcb_lists,"a"
 6761              		.align	2
 6764              	tcp_pcb_lists:
 6765 0000 00000000 		.word	tcp_listen_pcbs
 6766 0004 00000000 		.word	tcp_bound_pcbs
 6767 0008 00000000 		.word	tcp_active_pcbs
 6768 000c 00000000 		.word	tcp_tw_pcbs
 6769              		.global	tcp_tw_pcbs
 6770              		.section	.bss.tcp_tw_pcbs,"aw",%nobits
 6771              		.align	2
 6774              	tcp_tw_pcbs:
 6775 0000 00000000 		.space	4
 6776              		.global	tcp_active_pcbs
 6777              		.section	.bss.tcp_active_pcbs,"aw",%nobits
 6778              		.align	2
 6781              	tcp_active_pcbs:
 6782 0000 00000000 		.space	4
 6783              		.global	tcp_listen_pcbs
 6784              		.section	.bss.tcp_listen_pcbs,"aw",%nobits
 6785              		.align	2
 6788              	tcp_listen_pcbs:
 6789 0000 00000000 		.space	4
 6790              		.global	tcp_bound_pcbs
 6791              		.section	.bss.tcp_bound_pcbs,"aw",%nobits
 6792              		.align	2
 6795              	tcp_bound_pcbs:
 6796 0000 00000000 		.space	4
 6797              		.section	.rodata.tcp_persist_backoff,"a"
 6798              		.align	2
 6801              	tcp_persist_backoff:
 6802 0000 03060C18 		.ascii	"\003\006\014\0300`x"
 6802      306078
 6803              		.section	.rodata.tcp_backoff,"a"
 6804              		.align	2
 6807              	tcp_backoff:
 6808 0000 01020304 		.ascii	"\001\002\003\004\005\006\007\007\007\007\007\007\007"
 6808      05060707 
 6808      07070707 
 6808      07
 6809              		.global	tcp_ticks
 6810              		.section	.bss.tcp_ticks,"aw",%nobits
 6811              		.align	2
 6814              	tcp_ticks:
 6815 0000 00000000 		.space	4
 6816              		.section	.data.tcp_port,"aw"
 6817              		.align	1
 6820              	tcp_port:
 6821 0000 00C0     		.short	-16384
ARM GAS  /tmp/ccN9yVzV.s 			page 198


 6822              		.section	.rodata.str1.4,"aMS",%progbits,1
 6823              		.align	2
 6824              	.LC54:
 6825 0000 434C4F53 		.ascii	"CLOSED\000"
 6825      454400
 6826 0007 00       		.align	2
 6827              	.LC55:
 6828 0008 4C495354 		.ascii	"LISTEN\000"
 6828      454E00
 6829 000f 00       		.align	2
 6830              	.LC56:
 6831 0010 53594E5F 		.ascii	"SYN_SENT\000"
 6831      53454E54 
 6831      00
 6832 0019 000000   		.align	2
 6833              	.LC57:
 6834 001c 53594E5F 		.ascii	"SYN_RCVD\000"
 6834      52435644 
 6834      00
 6835 0025 000000   		.align	2
 6836              	.LC58:
 6837 0028 45535441 		.ascii	"ESTABLISHED\000"
 6837      424C4953 
 6837      48454400 
 6838              		.align	2
 6839              	.LC59:
 6840 0034 46494E5F 		.ascii	"FIN_WAIT_1\000"
 6840      57414954 
 6840      5F3100
 6841 003f 00       		.align	2
 6842              	.LC60:
 6843 0040 46494E5F 		.ascii	"FIN_WAIT_2\000"
 6843      57414954 
 6843      5F3200
 6844 004b 00       		.align	2
 6845              	.LC61:
 6846 004c 434C4F53 		.ascii	"CLOSE_WAIT\000"
 6846      455F5741 
 6846      495400
 6847 0057 00       		.align	2
 6848              	.LC62:
 6849 0058 434C4F53 		.ascii	"CLOSING\000"
 6849      494E4700 
 6850              		.align	2
 6851              	.LC63:
 6852 0060 4C415354 		.ascii	"LAST_ACK\000"
 6852      5F41434B 
 6852      00
 6853 0069 000000   		.align	2
 6854              	.LC64:
 6855 006c 54494D45 		.ascii	"TIME_WAIT\000"
 6855      5F574149 
 6855      5400
 6856              		.section	.rodata.tcp_state_str,"a"
 6857              		.align	2
 6860              	tcp_state_str:
 6861 0000 00000000 		.word	.LC54
ARM GAS  /tmp/ccN9yVzV.s 			page 199


 6862 0004 08000000 		.word	.LC55
 6863 0008 10000000 		.word	.LC56
 6864 000c 1C000000 		.word	.LC57
 6865 0010 28000000 		.word	.LC58
 6866 0014 34000000 		.word	.LC59
 6867 0018 40000000 		.word	.LC60
 6868 001c 4C000000 		.word	.LC61
 6869 0020 58000000 		.word	.LC62
 6870 0024 60000000 		.word	.LC63
 6871 0028 6C000000 		.word	.LC64
 6872              		.text
 6873              	.Letext0:
 6874              		.file 2 "/usr/lib/gcc/arm-none-eabi/14.2.1/include/stdint.h"
 6875              		.file 3 "/usr/lib/gcc/arm-none-eabi/14.2.1/include/stddef.h"
 6876              		.file 4 "Middlewares/Third_Party/LwIP/src/include/lwip/arch.h"
 6877              		.file 5 "Middlewares/Third_Party/LwIP/src/include/lwip/memp.h"
 6878              		.file 6 "Middlewares/Third_Party/LwIP/src/include/lwip/tcpbase.h"
 6879              		.file 7 "Middlewares/Third_Party/LwIP/src/include/lwip/err.h"
 6880              		.file 8 "Middlewares/Third_Party/LwIP/src/include/lwip/pbuf.h"
 6881              		.file 9 "Middlewares/Third_Party/LwIP/src/include/lwip/ip4_addr.h"
 6882              		.file 10 "Middlewares/Third_Party/LwIP/src/include/lwip/ip_addr.h"
 6883              		.file 11 "Middlewares/Third_Party/LwIP/src/include/lwip/netif.h"
 6884              		.file 12 "Middlewares/Third_Party/LwIP/src/include/lwip/tcp.h"
 6885              		.file 13 "Middlewares/Third_Party/LwIP/src/include/lwip/priv/tcp_priv.h"
 6886              		.file 14 "Middlewares/Third_Party/LwIP/src/include/lwip/prot/tcp.h"
 6887              		.file 15 "/usr/include/newlib/string.h"
 6888              		.file 16 "Middlewares/Third_Party/LwIP/src/include/lwip/ip4.h"
 6889              		.file 17 "/usr/include/newlib/stdio.h"
 6890              		.file 18 "/usr/include/newlib/stdlib.h"
 6891              		.file 19 "<built-in>"
ARM GAS  /tmp/ccN9yVzV.s 			page 200


DEFINED SYMBOLS
                            *ABS*:00000000 tcp.c
     /tmp/ccN9yVzV.s:21     .text.tcp_new_port:00000000 $t
     /tmp/ccN9yVzV.s:26     .text.tcp_new_port:00000000 tcp_new_port
     /tmp/ccN9yVzV.s:138    .text.tcp_new_port:00000060 $d
     /tmp/ccN9yVzV.s:6820   .data.tcp_port:00000000 tcp_port
     /tmp/ccN9yVzV.s:6764   .rodata.tcp_pcb_lists:00000000 tcp_pcb_lists
     /tmp/ccN9yVzV.s:144    .rodata.tcp_remove_listener.str1.4:00000000 $d
     /tmp/ccN9yVzV.s:154    .text.tcp_remove_listener:00000000 $t
     /tmp/ccN9yVzV.s:159    .text.tcp_remove_listener:00000000 tcp_remove_listener
     /tmp/ccN9yVzV.s:221    .text.tcp_remove_listener:00000028 $d
     /tmp/ccN9yVzV.s:228    .rodata.tcp_listen_closed.str1.4:00000000 $d
     /tmp/ccN9yVzV.s:235    .text.tcp_listen_closed:00000000 $t
     /tmp/ccN9yVzV.s:240    .text.tcp_listen_closed:00000000 tcp_listen_closed
     /tmp/ccN9yVzV.s:321    .text.tcp_listen_closed:00000048 $d
     /tmp/ccN9yVzV.s:330    .rodata.tcp_free_listen.str1.4:00000000 $d
     /tmp/ccN9yVzV.s:334    .text.tcp_free_listen:00000000 $t
     /tmp/ccN9yVzV.s:339    .text.tcp_free_listen:00000000 tcp_free_listen
     /tmp/ccN9yVzV.s:385    .text.tcp_free_listen:00000024 $d
     /tmp/ccN9yVzV.s:392    .text.tcp_close_shutdown_fin:00000000 $t
     /tmp/ccN9yVzV.s:397    .text.tcp_close_shutdown_fin:00000000 tcp_close_shutdown_fin
     /tmp/ccN9yVzV.s:530    .text.tcp_close_shutdown_fin:00000074 $d
     /tmp/ccN9yVzV.s:537    .text.tcp_handle_closepend:00000000 $t
     /tmp/ccN9yVzV.s:542    .text.tcp_handle_closepend:00000000 tcp_handle_closepend
     /tmp/ccN9yVzV.s:613    .text.tcp_handle_closepend:00000028 $d
     /tmp/ccN9yVzV.s:6781   .bss.tcp_active_pcbs:00000000 tcp_active_pcbs
     /tmp/ccN9yVzV.s:618    .text.tcp_init:00000000 $t
     /tmp/ccN9yVzV.s:624    .text.tcp_init:00000000 tcp_init
     /tmp/ccN9yVzV.s:650    .text.tcp_init:00000014 $d
     /tmp/ccN9yVzV.s:655    .rodata.tcp_free.str1.4:00000000 $d
     /tmp/ccN9yVzV.s:659    .text.tcp_free:00000000 $t
     /tmp/ccN9yVzV.s:665    .text.tcp_free:00000000 tcp_free
     /tmp/ccN9yVzV.s:711    .text.tcp_free:00000024 $d
     /tmp/ccN9yVzV.s:718    .rodata.tcp_bind.str1.4:00000000 $d
     /tmp/ccN9yVzV.s:725    .text.tcp_bind:00000000 $t
     /tmp/ccN9yVzV.s:731    .text.tcp_bind:00000000 tcp_bind
     /tmp/ccN9yVzV.s:947    .text.tcp_bind:000000a8 $d
     /tmp/ccN9yVzV.s:6795   .bss.tcp_bound_pcbs:00000000 tcp_bound_pcbs
     /tmp/ccN9yVzV.s:958    .text.tcp_bind_netif:00000000 $t
     /tmp/ccN9yVzV.s:964    .text.tcp_bind_netif:00000000 tcp_bind_netif
     /tmp/ccN9yVzV.s:994    .rodata.tcp_listen_with_backlog_and_err.str1.4:00000000 $d
     /tmp/ccN9yVzV.s:1002   .text.tcp_listen_with_backlog_and_err:00000000 $t
     /tmp/ccN9yVzV.s:1008   .text.tcp_listen_with_backlog_and_err:00000000 tcp_listen_with_backlog_and_err
     /tmp/ccN9yVzV.s:1248   .text.tcp_listen_with_backlog_and_err:000000c4 $d
     /tmp/ccN9yVzV.s:3718   .text.tcp_accept_null:00000000 tcp_accept_null
     /tmp/ccN9yVzV.s:6788   .bss.tcp_listen_pcbs:00000000 tcp_listen_pcbs
     /tmp/ccN9yVzV.s:1259   .text.tcp_listen_with_backlog:00000000 $t
     /tmp/ccN9yVzV.s:1265   .text.tcp_listen_with_backlog:00000000 tcp_listen_with_backlog
     /tmp/ccN9yVzV.s:1290   .rodata.tcp_update_rcv_ann_wnd.str1.4:00000000 $d
     /tmp/ccN9yVzV.s:1297   .text.tcp_update_rcv_ann_wnd:00000000 $t
     /tmp/ccN9yVzV.s:1303   .text.tcp_update_rcv_ann_wnd:00000000 tcp_update_rcv_ann_wnd
     /tmp/ccN9yVzV.s:1424   .text.tcp_update_rcv_ann_wnd:00000068 $d
     /tmp/ccN9yVzV.s:1433   .rodata.tcp_recved.str1.4:00000000 $d
     /tmp/ccN9yVzV.s:1440   .text.tcp_recved:00000000 $t
     /tmp/ccN9yVzV.s:1446   .text.tcp_recved:00000000 tcp_recved
     /tmp/ccN9yVzV.s:1573   .text.tcp_recved:00000068 $d
     /tmp/ccN9yVzV.s:1581   .text.tcp_txnow:00000000 $t
ARM GAS  /tmp/ccN9yVzV.s 			page 201


     /tmp/ccN9yVzV.s:1587   .text.tcp_txnow:00000000 tcp_txnow
     /tmp/ccN9yVzV.s:1632   .text.tcp_txnow:00000020 $d
     /tmp/ccN9yVzV.s:1637   .text.tcp_seg_free:00000000 $t
     /tmp/ccN9yVzV.s:1643   .text.tcp_seg_free:00000000 tcp_seg_free
     /tmp/ccN9yVzV.s:1689   .text.tcp_segs_free:00000000 $t
     /tmp/ccN9yVzV.s:1695   .text.tcp_segs_free:00000000 tcp_segs_free
     /tmp/ccN9yVzV.s:1742   .rodata.tcp_setprio.str1.4:00000000 $d
     /tmp/ccN9yVzV.s:1746   .text.tcp_setprio:00000000 $t
     /tmp/ccN9yVzV.s:1752   .text.tcp_setprio:00000000 tcp_setprio
     /tmp/ccN9yVzV.s:1798   .text.tcp_setprio:00000018 $d
     /tmp/ccN9yVzV.s:1805   .rodata.tcp_seg_copy.str1.4:00000000 $d
     /tmp/ccN9yVzV.s:1809   .text.tcp_seg_copy:00000000 $t
     /tmp/ccN9yVzV.s:1815   .text.tcp_seg_copy:00000000 tcp_seg_copy
     /tmp/ccN9yVzV.s:1886   .text.tcp_seg_copy:00000040 $d
     /tmp/ccN9yVzV.s:1893   .text.tcp_arg:00000000 $t
     /tmp/ccN9yVzV.s:1899   .text.tcp_arg:00000000 tcp_arg
     /tmp/ccN9yVzV.s:1921   .rodata.tcp_recv.str1.4:00000000 $d
     /tmp/ccN9yVzV.s:1925   .text.tcp_recv:00000000 $t
     /tmp/ccN9yVzV.s:1931   .text.tcp_recv:00000000 tcp_recv
     /tmp/ccN9yVzV.s:1994   .text.tcp_recv:00000028 $d
     /tmp/ccN9yVzV.s:2001   .rodata.tcp_sent.str1.4:00000000 $d
     /tmp/ccN9yVzV.s:2005   .text.tcp_sent:00000000 $t
     /tmp/ccN9yVzV.s:2011   .text.tcp_sent:00000000 tcp_sent
     /tmp/ccN9yVzV.s:2074   .text.tcp_sent:00000028 $d
     /tmp/ccN9yVzV.s:2081   .rodata.tcp_err.str1.4:00000000 $d
     /tmp/ccN9yVzV.s:2085   .text.tcp_err:00000000 $t
     /tmp/ccN9yVzV.s:2091   .text.tcp_err:00000000 tcp_err
     /tmp/ccN9yVzV.s:2154   .text.tcp_err:00000028 $d
     /tmp/ccN9yVzV.s:2161   .text.tcp_accept:00000000 $t
     /tmp/ccN9yVzV.s:2167   .text.tcp_accept:00000000 tcp_accept
     /tmp/ccN9yVzV.s:2201   .rodata.tcp_poll.str1.4:00000000 $d
     /tmp/ccN9yVzV.s:2208   .text.tcp_poll:00000000 $t
     /tmp/ccN9yVzV.s:2214   .text.tcp_poll:00000000 tcp_poll
     /tmp/ccN9yVzV.s:2296   .text.tcp_poll:00000038 $d
     /tmp/ccN9yVzV.s:2304   .rodata.tcp_next_iss.str1.4:00000000 $d
     /tmp/ccN9yVzV.s:2308   .text.tcp_next_iss:00000000 $t
     /tmp/ccN9yVzV.s:2314   .text.tcp_next_iss:00000000 tcp_next_iss
     /tmp/ccN9yVzV.s:2363   .text.tcp_next_iss:00000024 $d
     /tmp/ccN9yVzV.s:6741   .data.iss.0:00000000 iss.0
     /tmp/ccN9yVzV.s:6814   .bss.tcp_ticks:00000000 tcp_ticks
     /tmp/ccN9yVzV.s:2372   .rodata.tcp_eff_send_mss_netif.str1.4:00000000 $d
     /tmp/ccN9yVzV.s:2376   .text.tcp_eff_send_mss_netif:00000000 $t
     /tmp/ccN9yVzV.s:2382   .text.tcp_eff_send_mss_netif:00000000 tcp_eff_send_mss_netif
     /tmp/ccN9yVzV.s:2474   .text.tcp_eff_send_mss_netif:00000034 $d
     /tmp/ccN9yVzV.s:2482   .rodata.tcp_connect.str1.4:00000000 $d
     /tmp/ccN9yVzV.s:2492   .text.tcp_connect:00000000 $t
     /tmp/ccN9yVzV.s:2498   .text.tcp_connect:00000000 tcp_connect
     /tmp/ccN9yVzV.s:2849   .text.tcp_connect:00000128 $d
     /tmp/ccN9yVzV.s:6757   .bss.tcp_active_pcbs_changed:00000000 tcp_active_pcbs_changed
     /tmp/ccN9yVzV.s:2861   .text.tcp_debug_state_str:00000000 $t
     /tmp/ccN9yVzV.s:2867   .text.tcp_debug_state_str:00000000 tcp_debug_state_str
     /tmp/ccN9yVzV.s:2885   .text.tcp_debug_state_str:00000008 $d
     /tmp/ccN9yVzV.s:6860   .rodata.tcp_state_str:00000000 tcp_state_str
     /tmp/ccN9yVzV.s:2890   .text.tcp_tcp_get_tcp_addrinfo:00000000 $t
     /tmp/ccN9yVzV.s:2896   .text.tcp_tcp_get_tcp_addrinfo:00000000 tcp_tcp_get_tcp_addrinfo
     /tmp/ccN9yVzV.s:2971   .text.tcp_free_ooseq:00000000 $t
     /tmp/ccN9yVzV.s:2977   .text.tcp_free_ooseq:00000000 tcp_free_ooseq
ARM GAS  /tmp/ccN9yVzV.s 			page 202


     /tmp/ccN9yVzV.s:3012   .rodata.tcp_pcb_purge.str1.4:00000000 $d
     /tmp/ccN9yVzV.s:3016   .text.tcp_pcb_purge:00000000 $t
     /tmp/ccN9yVzV.s:3022   .text.tcp_pcb_purge:00000000 tcp_pcb_purge
     /tmp/ccN9yVzV.s:3137   .text.tcp_pcb_purge:00000058 $d
     /tmp/ccN9yVzV.s:3144   .rodata.tcp_pcb_remove.str1.4:00000000 $d
     /tmp/ccN9yVzV.s:3160   .text.tcp_pcb_remove:00000000 $t
     /tmp/ccN9yVzV.s:3166   .text.tcp_pcb_remove:00000000 tcp_pcb_remove
     /tmp/ccN9yVzV.s:3360   .text.tcp_pcb_remove:000000b4 $d
     /tmp/ccN9yVzV.s:3371   .rodata.tcp_abandon.str1.4:00000000 $d
     /tmp/ccN9yVzV.s:3378   .text.tcp_abandon:00000000 $t
     /tmp/ccN9yVzV.s:3384   .text.tcp_abandon:00000000 tcp_abandon
     /tmp/ccN9yVzV.s:3667   .text.tcp_abandon:000000ec $d
     /tmp/ccN9yVzV.s:6774   .bss.tcp_tw_pcbs:00000000 tcp_tw_pcbs
     /tmp/ccN9yVzV.s:3680   .text.tcp_abort:00000000 $t
     /tmp/ccN9yVzV.s:3686   .text.tcp_abort:00000000 tcp_abort
     /tmp/ccN9yVzV.s:3709   .rodata.tcp_accept_null.str1.4:00000000 $d
     /tmp/ccN9yVzV.s:3713   .text.tcp_accept_null:00000000 $t
     /tmp/ccN9yVzV.s:3769   .text.tcp_accept_null:00000024 $d
     /tmp/ccN9yVzV.s:3776   .text.tcp_kill_timewait:00000000 $t
     /tmp/ccN9yVzV.s:3781   .text.tcp_kill_timewait:00000000 tcp_kill_timewait
     /tmp/ccN9yVzV.s:3851   .text.tcp_kill_timewait:0000002c $d
     /tmp/ccN9yVzV.s:3857   .text.tcp_kill_prio:00000000 $t
     /tmp/ccN9yVzV.s:3862   .text.tcp_kill_prio:00000000 tcp_kill_prio
     /tmp/ccN9yVzV.s:3974   .text.tcp_kill_prio:00000050 $d
     /tmp/ccN9yVzV.s:3980   .rodata.tcp_netif_ip_addr_changed_pcblist.str1.4:00000000 $d
     /tmp/ccN9yVzV.s:3985   .text.tcp_netif_ip_addr_changed_pcblist:00000000 $t
     /tmp/ccN9yVzV.s:3990   .text.tcp_netif_ip_addr_changed_pcblist:00000000 tcp_netif_ip_addr_changed_pcblist
     /tmp/ccN9yVzV.s:4071   .text.tcp_netif_ip_addr_changed_pcblist:00000034 $d
     /tmp/ccN9yVzV.s:4078   .text.tcp_netif_ip_addr_changed:00000000 $t
     /tmp/ccN9yVzV.s:4084   .text.tcp_netif_ip_addr_changed:00000000 tcp_netif_ip_addr_changed
     /tmp/ccN9yVzV.s:4176   .text.tcp_netif_ip_addr_changed:00000048 $d
     /tmp/ccN9yVzV.s:4183   .rodata.tcp_kill_state.str1.4:00000000 $d
     /tmp/ccN9yVzV.s:4187   .text.tcp_kill_state:00000000 $t
     /tmp/ccN9yVzV.s:4192   .text.tcp_kill_state:00000000 tcp_kill_state
     /tmp/ccN9yVzV.s:4299   .text.tcp_kill_state:00000050 $d
     /tmp/ccN9yVzV.s:4308   .text.tcp_alloc:00000000 $t
     /tmp/ccN9yVzV.s:4314   .text.tcp_alloc:00000000 tcp_alloc
     /tmp/ccN9yVzV.s:4497   .text.tcp_alloc:000000b4 $d
     /tmp/ccN9yVzV.s:6746   .bss.tcp_timer_ctr:00000000 tcp_timer_ctr
     /tmp/ccN9yVzV.s:4994   .text.tcp_recv_null:00000000 tcp_recv_null
     /tmp/ccN9yVzV.s:4505   .text.tcp_new:00000000 $t
     /tmp/ccN9yVzV.s:4511   .text.tcp_new:00000000 tcp_new
     /tmp/ccN9yVzV.s:4533   .text.tcp_new_ip_type:00000000 $t
     /tmp/ccN9yVzV.s:4539   .text.tcp_new_ip_type:00000000 tcp_new_ip_type
     /tmp/ccN9yVzV.s:4568   .rodata.tcp_close_shutdown.str1.4:00000000 $d
     /tmp/ccN9yVzV.s:4575   .text.tcp_close_shutdown:00000000 $t
     /tmp/ccN9yVzV.s:4580   .text.tcp_close_shutdown:00000000 tcp_close_shutdown
     /tmp/ccN9yVzV.s:4887   .text.tcp_close_shutdown:0000012c $d
     /tmp/ccN9yVzV.s:4900   .rodata.tcp_close.str1.4:00000000 $d
     /tmp/ccN9yVzV.s:4904   .text.tcp_close:00000000 $t
     /tmp/ccN9yVzV.s:4910   .text.tcp_close:00000000 tcp_close
     /tmp/ccN9yVzV.s:4977   .text.tcp_close:00000034 $d
     /tmp/ccN9yVzV.s:4984   .rodata.tcp_recv_null.str1.4:00000000 $d
     /tmp/ccN9yVzV.s:4988   .text.tcp_recv_null:00000000 $t
     /tmp/ccN9yVzV.s:5078   .text.tcp_recv_null:0000003c $d
     /tmp/ccN9yVzV.s:5085   .rodata.tcp_process_refused_data.str1.4:00000000 $d
     /tmp/ccN9yVzV.s:5089   .text.tcp_process_refused_data:00000000 $t
ARM GAS  /tmp/ccN9yVzV.s 			page 203


     /tmp/ccN9yVzV.s:5095   .text.tcp_process_refused_data:00000000 tcp_process_refused_data
     /tmp/ccN9yVzV.s:5244   .text.tcp_process_refused_data:00000080 $d
     /tmp/ccN9yVzV.s:5251   .text.tcp_fasttmr:00000000 $t
     /tmp/ccN9yVzV.s:5257   .text.tcp_fasttmr:00000000 tcp_fasttmr
     /tmp/ccN9yVzV.s:5399   .text.tcp_fasttmr:00000074 $d
     /tmp/ccN9yVzV.s:5406   .rodata.tcp_shutdown.str1.4:00000000 $d
     /tmp/ccN9yVzV.s:5410   .text.tcp_shutdown:00000000 $t
     /tmp/ccN9yVzV.s:5416   .text.tcp_shutdown:00000000 tcp_shutdown
     /tmp/ccN9yVzV.s:5549   .text.tcp_shutdown:00000074 $d
     /tmp/ccN9yVzV.s:5556   .rodata.tcp_slowtmr.str1.4:00000000 $d
     /tmp/ccN9yVzV.s:5588   .text.tcp_slowtmr:00000000 $t
     /tmp/ccN9yVzV.s:5594   .text.tcp_slowtmr:00000000 tcp_slowtmr
     /tmp/ccN9yVzV.s:6209   .text.tcp_slowtmr:00000274 $d
     /tmp/ccN9yVzV.s:6807   .rodata.tcp_backoff:00000000 tcp_backoff
     /tmp/ccN9yVzV.s:6227   .text.tcp_slowtmr:000002a8 $t
     /tmp/ccN9yVzV.s:6673   .text.tcp_slowtmr:00000474 $d
     /tmp/ccN9yVzV.s:6801   .rodata.tcp_persist_backoff:00000000 tcp_persist_backoff
     /tmp/ccN9yVzV.s:6691   .text.tcp_tmr:00000000 $t
     /tmp/ccN9yVzV.s:6697   .text.tcp_tmr:00000000 tcp_tmr
     /tmp/ccN9yVzV.s:6733   .text.tcp_tmr:00000020 $d
     /tmp/ccN9yVzV.s:6751   .bss.tcp_timer:00000000 tcp_timer
     /tmp/ccN9yVzV.s:6738   .data.iss.0:00000000 $d
     /tmp/ccN9yVzV.s:6747   .bss.tcp_timer_ctr:00000000 $d
     /tmp/ccN9yVzV.s:6752   .bss.tcp_timer:00000000 $d
     /tmp/ccN9yVzV.s:6758   .bss.tcp_active_pcbs_changed:00000000 $d
     /tmp/ccN9yVzV.s:6761   .rodata.tcp_pcb_lists:00000000 $d
     /tmp/ccN9yVzV.s:6771   .bss.tcp_tw_pcbs:00000000 $d
     /tmp/ccN9yVzV.s:6778   .bss.tcp_active_pcbs:00000000 $d
     /tmp/ccN9yVzV.s:6785   .bss.tcp_listen_pcbs:00000000 $d
     /tmp/ccN9yVzV.s:6792   .bss.tcp_bound_pcbs:00000000 $d
     /tmp/ccN9yVzV.s:6798   .rodata.tcp_persist_backoff:00000000 $d
     /tmp/ccN9yVzV.s:6804   .rodata.tcp_backoff:00000000 $d
     /tmp/ccN9yVzV.s:6811   .bss.tcp_ticks:00000000 $d
     /tmp/ccN9yVzV.s:6817   .data.tcp_port:00000000 $d
     /tmp/ccN9yVzV.s:6823   .rodata.str1.4:00000000 $d
     /tmp/ccN9yVzV.s:6857   .rodata.tcp_state_str:00000000 $d

UNDEFINED SYMBOLS
printf
memp_free
tcp_send_fin
tcp_output
rand
tcp_timer_needed
ip_addr_any
memp_malloc
pbuf_free
pbuf_ref
netif_get_by_index
tcp_enqueue_flags
ip4_route
tcp_rst
memset
tcp_trigger_input_pcb_close
tcp_input_pcb
tcp_split_unsent_seg
tcp_rexmit_rto_prepare
ARM GAS  /tmp/ccN9yVzV.s 			page 204


tcp_rexmit_rto_commit
tcp_keepalive
tcp_zero_window_probe
