ARM GAS  /tmp/ccY1gsl8.s 			page 1


   1              		.cpu cortex-m4
   2              		.arch armv7e-m
   3              		.fpu fpv4-sp-d16
   4              		.eabi_attribute 27, 1
   5              		.eabi_attribute 28, 1
   6              		.eabi_attribute 20, 1
   7              		.eabi_attribute 21, 1
   8              		.eabi_attribute 23, 3
   9              		.eabi_attribute 24, 1
  10              		.eabi_attribute 25, 1
  11              		.eabi_attribute 26, 1
  12              		.eabi_attribute 30, 1
  13              		.eabi_attribute 34, 1
  14              		.eabi_attribute 18, 4
  15              		.file	"usbh_msc_bot.c"
  16              		.text
  17              	.Ltext0:
  18              		.cfi_sections	.debug_frame
  19              		.file 1 "Middlewares/ST/STM32_USB_Host_Library/Class/MSC/Src/usbh_msc_bot.c"
  20              		.section	.text.USBH_MSC_DecodeCSW,"ax",%progbits
  21              		.align	1
  22              		.syntax unified
  23              		.thumb
  24              		.thumb_func
  26              	USBH_MSC_DecodeCSW:
  27              	.LVL0:
  28              	.LFB138:
   1:Middlewares/ST/STM32_USB_Host_Library/Class/MSC/Src/usbh_msc_bot.c **** /**
   2:Middlewares/ST/STM32_USB_Host_Library/Class/MSC/Src/usbh_msc_bot.c ****   ******************************************************************************
   3:Middlewares/ST/STM32_USB_Host_Library/Class/MSC/Src/usbh_msc_bot.c ****   * @file    usbh_msc_bot.c
   4:Middlewares/ST/STM32_USB_Host_Library/Class/MSC/Src/usbh_msc_bot.c ****   * @author  MCD Application Team
   5:Middlewares/ST/STM32_USB_Host_Library/Class/MSC/Src/usbh_msc_bot.c ****   * @brief   This file includes the BOT protocol related functions
   6:Middlewares/ST/STM32_USB_Host_Library/Class/MSC/Src/usbh_msc_bot.c ****   ******************************************************************************
   7:Middlewares/ST/STM32_USB_Host_Library/Class/MSC/Src/usbh_msc_bot.c ****   * @attention
   8:Middlewares/ST/STM32_USB_Host_Library/Class/MSC/Src/usbh_msc_bot.c ****   *
   9:Middlewares/ST/STM32_USB_Host_Library/Class/MSC/Src/usbh_msc_bot.c ****   * <h2><center>&copy; Copyright (c) 2015 STMicroelectronics.
  10:Middlewares/ST/STM32_USB_Host_Library/Class/MSC/Src/usbh_msc_bot.c ****   * All rights reserved.</center></h2>
  11:Middlewares/ST/STM32_USB_Host_Library/Class/MSC/Src/usbh_msc_bot.c ****   *
  12:Middlewares/ST/STM32_USB_Host_Library/Class/MSC/Src/usbh_msc_bot.c ****   * This software component is licensed by ST under Ultimate Liberty license
  13:Middlewares/ST/STM32_USB_Host_Library/Class/MSC/Src/usbh_msc_bot.c ****   * SLA0044, the "License"; You may not use this file except in compliance with
  14:Middlewares/ST/STM32_USB_Host_Library/Class/MSC/Src/usbh_msc_bot.c ****   * the License. You may obtain a copy of the License at:
  15:Middlewares/ST/STM32_USB_Host_Library/Class/MSC/Src/usbh_msc_bot.c ****   *                      www.st.com/SLA0044
  16:Middlewares/ST/STM32_USB_Host_Library/Class/MSC/Src/usbh_msc_bot.c ****   *
  17:Middlewares/ST/STM32_USB_Host_Library/Class/MSC/Src/usbh_msc_bot.c ****   ******************************************************************************
  18:Middlewares/ST/STM32_USB_Host_Library/Class/MSC/Src/usbh_msc_bot.c ****   */
  19:Middlewares/ST/STM32_USB_Host_Library/Class/MSC/Src/usbh_msc_bot.c **** 
  20:Middlewares/ST/STM32_USB_Host_Library/Class/MSC/Src/usbh_msc_bot.c **** /* BSPDependencies
  21:Middlewares/ST/STM32_USB_Host_Library/Class/MSC/Src/usbh_msc_bot.c **** - "stm32xxxxx_{eval}{discovery}{nucleo_144}.c"
  22:Middlewares/ST/STM32_USB_Host_Library/Class/MSC/Src/usbh_msc_bot.c **** - "stm32xxxxx_{eval}{discovery}_io.c"
  23:Middlewares/ST/STM32_USB_Host_Library/Class/MSC/Src/usbh_msc_bot.c **** - "stm32xxxxx_{eval}{discovery}{adafruit}_lcd.c"
  24:Middlewares/ST/STM32_USB_Host_Library/Class/MSC/Src/usbh_msc_bot.c **** - "stm32xxxxx_{eval}{discovery}_sdram.c"
  25:Middlewares/ST/STM32_USB_Host_Library/Class/MSC/Src/usbh_msc_bot.c **** EndBSPDependencies */
  26:Middlewares/ST/STM32_USB_Host_Library/Class/MSC/Src/usbh_msc_bot.c **** 
  27:Middlewares/ST/STM32_USB_Host_Library/Class/MSC/Src/usbh_msc_bot.c **** /* Includes ------------------------------------------------------------------*/
  28:Middlewares/ST/STM32_USB_Host_Library/Class/MSC/Src/usbh_msc_bot.c **** #include "usbh_msc_bot.h"
  29:Middlewares/ST/STM32_USB_Host_Library/Class/MSC/Src/usbh_msc_bot.c **** #include "usbh_msc.h"
  30:Middlewares/ST/STM32_USB_Host_Library/Class/MSC/Src/usbh_msc_bot.c **** 
ARM GAS  /tmp/ccY1gsl8.s 			page 2


  31:Middlewares/ST/STM32_USB_Host_Library/Class/MSC/Src/usbh_msc_bot.c **** /** @addtogroup USBH_LIB
  32:Middlewares/ST/STM32_USB_Host_Library/Class/MSC/Src/usbh_msc_bot.c ****   * @{
  33:Middlewares/ST/STM32_USB_Host_Library/Class/MSC/Src/usbh_msc_bot.c ****   */
  34:Middlewares/ST/STM32_USB_Host_Library/Class/MSC/Src/usbh_msc_bot.c **** 
  35:Middlewares/ST/STM32_USB_Host_Library/Class/MSC/Src/usbh_msc_bot.c **** /** @addtogroup USBH_CLASS
  36:Middlewares/ST/STM32_USB_Host_Library/Class/MSC/Src/usbh_msc_bot.c ****   * @{
  37:Middlewares/ST/STM32_USB_Host_Library/Class/MSC/Src/usbh_msc_bot.c ****   */
  38:Middlewares/ST/STM32_USB_Host_Library/Class/MSC/Src/usbh_msc_bot.c **** 
  39:Middlewares/ST/STM32_USB_Host_Library/Class/MSC/Src/usbh_msc_bot.c **** /** @addtogroup USBH_MSC_CLASS
  40:Middlewares/ST/STM32_USB_Host_Library/Class/MSC/Src/usbh_msc_bot.c ****   * @{
  41:Middlewares/ST/STM32_USB_Host_Library/Class/MSC/Src/usbh_msc_bot.c ****   */
  42:Middlewares/ST/STM32_USB_Host_Library/Class/MSC/Src/usbh_msc_bot.c **** 
  43:Middlewares/ST/STM32_USB_Host_Library/Class/MSC/Src/usbh_msc_bot.c **** /** @defgroup USBH_MSC_BOT
  44:Middlewares/ST/STM32_USB_Host_Library/Class/MSC/Src/usbh_msc_bot.c ****   * @brief    This file includes the mass storage related functions
  45:Middlewares/ST/STM32_USB_Host_Library/Class/MSC/Src/usbh_msc_bot.c ****   * @{
  46:Middlewares/ST/STM32_USB_Host_Library/Class/MSC/Src/usbh_msc_bot.c ****   */
  47:Middlewares/ST/STM32_USB_Host_Library/Class/MSC/Src/usbh_msc_bot.c **** 
  48:Middlewares/ST/STM32_USB_Host_Library/Class/MSC/Src/usbh_msc_bot.c **** 
  49:Middlewares/ST/STM32_USB_Host_Library/Class/MSC/Src/usbh_msc_bot.c **** /** @defgroup USBH_MSC_BOT_Private_TypesDefinitions
  50:Middlewares/ST/STM32_USB_Host_Library/Class/MSC/Src/usbh_msc_bot.c ****   * @{
  51:Middlewares/ST/STM32_USB_Host_Library/Class/MSC/Src/usbh_msc_bot.c ****   */
  52:Middlewares/ST/STM32_USB_Host_Library/Class/MSC/Src/usbh_msc_bot.c **** /**
  53:Middlewares/ST/STM32_USB_Host_Library/Class/MSC/Src/usbh_msc_bot.c ****   * @}
  54:Middlewares/ST/STM32_USB_Host_Library/Class/MSC/Src/usbh_msc_bot.c ****   */
  55:Middlewares/ST/STM32_USB_Host_Library/Class/MSC/Src/usbh_msc_bot.c **** 
  56:Middlewares/ST/STM32_USB_Host_Library/Class/MSC/Src/usbh_msc_bot.c **** /** @defgroup USBH_MSC_BOT_Private_Defines
  57:Middlewares/ST/STM32_USB_Host_Library/Class/MSC/Src/usbh_msc_bot.c ****   * @{
  58:Middlewares/ST/STM32_USB_Host_Library/Class/MSC/Src/usbh_msc_bot.c ****   */
  59:Middlewares/ST/STM32_USB_Host_Library/Class/MSC/Src/usbh_msc_bot.c **** /**
  60:Middlewares/ST/STM32_USB_Host_Library/Class/MSC/Src/usbh_msc_bot.c ****   * @}
  61:Middlewares/ST/STM32_USB_Host_Library/Class/MSC/Src/usbh_msc_bot.c ****   */
  62:Middlewares/ST/STM32_USB_Host_Library/Class/MSC/Src/usbh_msc_bot.c **** 
  63:Middlewares/ST/STM32_USB_Host_Library/Class/MSC/Src/usbh_msc_bot.c **** /** @defgroup USBH_MSC_BOT_Private_Macros
  64:Middlewares/ST/STM32_USB_Host_Library/Class/MSC/Src/usbh_msc_bot.c ****   * @{
  65:Middlewares/ST/STM32_USB_Host_Library/Class/MSC/Src/usbh_msc_bot.c ****   */
  66:Middlewares/ST/STM32_USB_Host_Library/Class/MSC/Src/usbh_msc_bot.c **** /**
  67:Middlewares/ST/STM32_USB_Host_Library/Class/MSC/Src/usbh_msc_bot.c ****   * @}
  68:Middlewares/ST/STM32_USB_Host_Library/Class/MSC/Src/usbh_msc_bot.c ****   */
  69:Middlewares/ST/STM32_USB_Host_Library/Class/MSC/Src/usbh_msc_bot.c **** 
  70:Middlewares/ST/STM32_USB_Host_Library/Class/MSC/Src/usbh_msc_bot.c **** 
  71:Middlewares/ST/STM32_USB_Host_Library/Class/MSC/Src/usbh_msc_bot.c **** /** @defgroup USBH_MSC_BOT_Private_Variables
  72:Middlewares/ST/STM32_USB_Host_Library/Class/MSC/Src/usbh_msc_bot.c ****   * @{
  73:Middlewares/ST/STM32_USB_Host_Library/Class/MSC/Src/usbh_msc_bot.c ****   */
  74:Middlewares/ST/STM32_USB_Host_Library/Class/MSC/Src/usbh_msc_bot.c **** 
  75:Middlewares/ST/STM32_USB_Host_Library/Class/MSC/Src/usbh_msc_bot.c **** /**
  76:Middlewares/ST/STM32_USB_Host_Library/Class/MSC/Src/usbh_msc_bot.c ****   * @}
  77:Middlewares/ST/STM32_USB_Host_Library/Class/MSC/Src/usbh_msc_bot.c ****   */
  78:Middlewares/ST/STM32_USB_Host_Library/Class/MSC/Src/usbh_msc_bot.c **** 
  79:Middlewares/ST/STM32_USB_Host_Library/Class/MSC/Src/usbh_msc_bot.c **** 
  80:Middlewares/ST/STM32_USB_Host_Library/Class/MSC/Src/usbh_msc_bot.c **** /** @defgroup USBH_MSC_BOT_Private_FunctionPrototypes
  81:Middlewares/ST/STM32_USB_Host_Library/Class/MSC/Src/usbh_msc_bot.c ****   * @{
  82:Middlewares/ST/STM32_USB_Host_Library/Class/MSC/Src/usbh_msc_bot.c ****   */
  83:Middlewares/ST/STM32_USB_Host_Library/Class/MSC/Src/usbh_msc_bot.c **** static USBH_StatusTypeDef USBH_MSC_BOT_Abort(USBH_HandleTypeDef *phost, uint8_t lun, uint8_t dir);
  84:Middlewares/ST/STM32_USB_Host_Library/Class/MSC/Src/usbh_msc_bot.c **** static BOT_CSWStatusTypeDef USBH_MSC_DecodeCSW(USBH_HandleTypeDef *phost);
  85:Middlewares/ST/STM32_USB_Host_Library/Class/MSC/Src/usbh_msc_bot.c **** /**
  86:Middlewares/ST/STM32_USB_Host_Library/Class/MSC/Src/usbh_msc_bot.c ****   * @}
  87:Middlewares/ST/STM32_USB_Host_Library/Class/MSC/Src/usbh_msc_bot.c ****   */
ARM GAS  /tmp/ccY1gsl8.s 			page 3


  88:Middlewares/ST/STM32_USB_Host_Library/Class/MSC/Src/usbh_msc_bot.c **** 
  89:Middlewares/ST/STM32_USB_Host_Library/Class/MSC/Src/usbh_msc_bot.c **** 
  90:Middlewares/ST/STM32_USB_Host_Library/Class/MSC/Src/usbh_msc_bot.c **** /** @defgroup USBH_MSC_BOT_Exported_Variables
  91:Middlewares/ST/STM32_USB_Host_Library/Class/MSC/Src/usbh_msc_bot.c ****   * @{
  92:Middlewares/ST/STM32_USB_Host_Library/Class/MSC/Src/usbh_msc_bot.c ****   */
  93:Middlewares/ST/STM32_USB_Host_Library/Class/MSC/Src/usbh_msc_bot.c **** /**
  94:Middlewares/ST/STM32_USB_Host_Library/Class/MSC/Src/usbh_msc_bot.c ****   * @}
  95:Middlewares/ST/STM32_USB_Host_Library/Class/MSC/Src/usbh_msc_bot.c ****   */
  96:Middlewares/ST/STM32_USB_Host_Library/Class/MSC/Src/usbh_msc_bot.c **** 
  97:Middlewares/ST/STM32_USB_Host_Library/Class/MSC/Src/usbh_msc_bot.c **** 
  98:Middlewares/ST/STM32_USB_Host_Library/Class/MSC/Src/usbh_msc_bot.c **** /** @defgroup USBH_MSC_BOT_Private_Functions
  99:Middlewares/ST/STM32_USB_Host_Library/Class/MSC/Src/usbh_msc_bot.c ****   * @{
 100:Middlewares/ST/STM32_USB_Host_Library/Class/MSC/Src/usbh_msc_bot.c ****   */
 101:Middlewares/ST/STM32_USB_Host_Library/Class/MSC/Src/usbh_msc_bot.c **** 
 102:Middlewares/ST/STM32_USB_Host_Library/Class/MSC/Src/usbh_msc_bot.c **** /**
 103:Middlewares/ST/STM32_USB_Host_Library/Class/MSC/Src/usbh_msc_bot.c ****   * @brief  USBH_MSC_BOT_REQ_Reset
 104:Middlewares/ST/STM32_USB_Host_Library/Class/MSC/Src/usbh_msc_bot.c ****   *         The function the MSC BOT Reset request.
 105:Middlewares/ST/STM32_USB_Host_Library/Class/MSC/Src/usbh_msc_bot.c ****   * @param  phost: Host handle
 106:Middlewares/ST/STM32_USB_Host_Library/Class/MSC/Src/usbh_msc_bot.c ****   * @retval USBH Status
 107:Middlewares/ST/STM32_USB_Host_Library/Class/MSC/Src/usbh_msc_bot.c ****   */
 108:Middlewares/ST/STM32_USB_Host_Library/Class/MSC/Src/usbh_msc_bot.c **** USBH_StatusTypeDef USBH_MSC_BOT_REQ_Reset(USBH_HandleTypeDef *phost)
 109:Middlewares/ST/STM32_USB_Host_Library/Class/MSC/Src/usbh_msc_bot.c **** {
 110:Middlewares/ST/STM32_USB_Host_Library/Class/MSC/Src/usbh_msc_bot.c **** 
 111:Middlewares/ST/STM32_USB_Host_Library/Class/MSC/Src/usbh_msc_bot.c ****   phost->Control.setup.b.bmRequestType = USB_H2D | USB_REQ_TYPE_CLASS
 112:Middlewares/ST/STM32_USB_Host_Library/Class/MSC/Src/usbh_msc_bot.c ****                                          | USB_REQ_RECIPIENT_INTERFACE;
 113:Middlewares/ST/STM32_USB_Host_Library/Class/MSC/Src/usbh_msc_bot.c **** 
 114:Middlewares/ST/STM32_USB_Host_Library/Class/MSC/Src/usbh_msc_bot.c ****   phost->Control.setup.b.bRequest = USB_REQ_BOT_RESET;
 115:Middlewares/ST/STM32_USB_Host_Library/Class/MSC/Src/usbh_msc_bot.c ****   phost->Control.setup.b.wValue.w = 0U;
 116:Middlewares/ST/STM32_USB_Host_Library/Class/MSC/Src/usbh_msc_bot.c ****   phost->Control.setup.b.wIndex.w = 0U;
 117:Middlewares/ST/STM32_USB_Host_Library/Class/MSC/Src/usbh_msc_bot.c ****   phost->Control.setup.b.wLength.w = 0U;
 118:Middlewares/ST/STM32_USB_Host_Library/Class/MSC/Src/usbh_msc_bot.c **** 
 119:Middlewares/ST/STM32_USB_Host_Library/Class/MSC/Src/usbh_msc_bot.c ****   return USBH_CtlReq(phost, NULL, 0U);
 120:Middlewares/ST/STM32_USB_Host_Library/Class/MSC/Src/usbh_msc_bot.c **** }
 121:Middlewares/ST/STM32_USB_Host_Library/Class/MSC/Src/usbh_msc_bot.c **** 
 122:Middlewares/ST/STM32_USB_Host_Library/Class/MSC/Src/usbh_msc_bot.c **** /**
 123:Middlewares/ST/STM32_USB_Host_Library/Class/MSC/Src/usbh_msc_bot.c ****   * @brief  USBH_MSC_BOT_REQ_GetMaxLUN
 124:Middlewares/ST/STM32_USB_Host_Library/Class/MSC/Src/usbh_msc_bot.c ****   *         The function the MSC BOT GetMaxLUN request.
 125:Middlewares/ST/STM32_USB_Host_Library/Class/MSC/Src/usbh_msc_bot.c ****   * @param  phost: Host handle
 126:Middlewares/ST/STM32_USB_Host_Library/Class/MSC/Src/usbh_msc_bot.c ****   * @param  Maxlun: pointer to Maxlun variable
 127:Middlewares/ST/STM32_USB_Host_Library/Class/MSC/Src/usbh_msc_bot.c ****   * @retval USBH Status
 128:Middlewares/ST/STM32_USB_Host_Library/Class/MSC/Src/usbh_msc_bot.c ****   */
 129:Middlewares/ST/STM32_USB_Host_Library/Class/MSC/Src/usbh_msc_bot.c **** USBH_StatusTypeDef USBH_MSC_BOT_REQ_GetMaxLUN(USBH_HandleTypeDef *phost, uint8_t *Maxlun)
 130:Middlewares/ST/STM32_USB_Host_Library/Class/MSC/Src/usbh_msc_bot.c **** {
 131:Middlewares/ST/STM32_USB_Host_Library/Class/MSC/Src/usbh_msc_bot.c ****   phost->Control.setup.b.bmRequestType = USB_D2H | USB_REQ_TYPE_CLASS
 132:Middlewares/ST/STM32_USB_Host_Library/Class/MSC/Src/usbh_msc_bot.c ****                                          | USB_REQ_RECIPIENT_INTERFACE;
 133:Middlewares/ST/STM32_USB_Host_Library/Class/MSC/Src/usbh_msc_bot.c **** 
 134:Middlewares/ST/STM32_USB_Host_Library/Class/MSC/Src/usbh_msc_bot.c ****   phost->Control.setup.b.bRequest = USB_REQ_GET_MAX_LUN;
 135:Middlewares/ST/STM32_USB_Host_Library/Class/MSC/Src/usbh_msc_bot.c ****   phost->Control.setup.b.wValue.w = 0U;
 136:Middlewares/ST/STM32_USB_Host_Library/Class/MSC/Src/usbh_msc_bot.c ****   phost->Control.setup.b.wIndex.w = 0U;
 137:Middlewares/ST/STM32_USB_Host_Library/Class/MSC/Src/usbh_msc_bot.c ****   phost->Control.setup.b.wLength.w = 1U;
 138:Middlewares/ST/STM32_USB_Host_Library/Class/MSC/Src/usbh_msc_bot.c **** 
 139:Middlewares/ST/STM32_USB_Host_Library/Class/MSC/Src/usbh_msc_bot.c ****   return USBH_CtlReq(phost, Maxlun, 1U);
 140:Middlewares/ST/STM32_USB_Host_Library/Class/MSC/Src/usbh_msc_bot.c **** }
 141:Middlewares/ST/STM32_USB_Host_Library/Class/MSC/Src/usbh_msc_bot.c **** 
 142:Middlewares/ST/STM32_USB_Host_Library/Class/MSC/Src/usbh_msc_bot.c **** 
 143:Middlewares/ST/STM32_USB_Host_Library/Class/MSC/Src/usbh_msc_bot.c **** 
 144:Middlewares/ST/STM32_USB_Host_Library/Class/MSC/Src/usbh_msc_bot.c **** /**
ARM GAS  /tmp/ccY1gsl8.s 			page 4


 145:Middlewares/ST/STM32_USB_Host_Library/Class/MSC/Src/usbh_msc_bot.c ****   * @brief  USBH_MSC_BOT_Init
 146:Middlewares/ST/STM32_USB_Host_Library/Class/MSC/Src/usbh_msc_bot.c ****   *         The function Initializes the BOT protocol.
 147:Middlewares/ST/STM32_USB_Host_Library/Class/MSC/Src/usbh_msc_bot.c ****   * @param  phost: Host handle
 148:Middlewares/ST/STM32_USB_Host_Library/Class/MSC/Src/usbh_msc_bot.c ****   * @retval USBH Status
 149:Middlewares/ST/STM32_USB_Host_Library/Class/MSC/Src/usbh_msc_bot.c ****   */
 150:Middlewares/ST/STM32_USB_Host_Library/Class/MSC/Src/usbh_msc_bot.c **** USBH_StatusTypeDef USBH_MSC_BOT_Init(USBH_HandleTypeDef *phost)
 151:Middlewares/ST/STM32_USB_Host_Library/Class/MSC/Src/usbh_msc_bot.c **** {
 152:Middlewares/ST/STM32_USB_Host_Library/Class/MSC/Src/usbh_msc_bot.c **** 
 153:Middlewares/ST/STM32_USB_Host_Library/Class/MSC/Src/usbh_msc_bot.c ****   MSC_HandleTypeDef *MSC_Handle = (MSC_HandleTypeDef *) phost->pActiveClass->pData;
 154:Middlewares/ST/STM32_USB_Host_Library/Class/MSC/Src/usbh_msc_bot.c **** 
 155:Middlewares/ST/STM32_USB_Host_Library/Class/MSC/Src/usbh_msc_bot.c ****   MSC_Handle->hbot.cbw.field.Signature = BOT_CBW_SIGNATURE;
 156:Middlewares/ST/STM32_USB_Host_Library/Class/MSC/Src/usbh_msc_bot.c ****   MSC_Handle->hbot.cbw.field.Tag = BOT_CBW_TAG;
 157:Middlewares/ST/STM32_USB_Host_Library/Class/MSC/Src/usbh_msc_bot.c ****   MSC_Handle->hbot.state = BOT_SEND_CBW;
 158:Middlewares/ST/STM32_USB_Host_Library/Class/MSC/Src/usbh_msc_bot.c ****   MSC_Handle->hbot.cmd_state = BOT_CMD_SEND;
 159:Middlewares/ST/STM32_USB_Host_Library/Class/MSC/Src/usbh_msc_bot.c **** 
 160:Middlewares/ST/STM32_USB_Host_Library/Class/MSC/Src/usbh_msc_bot.c ****   return USBH_OK;
 161:Middlewares/ST/STM32_USB_Host_Library/Class/MSC/Src/usbh_msc_bot.c **** }
 162:Middlewares/ST/STM32_USB_Host_Library/Class/MSC/Src/usbh_msc_bot.c **** 
 163:Middlewares/ST/STM32_USB_Host_Library/Class/MSC/Src/usbh_msc_bot.c **** 
 164:Middlewares/ST/STM32_USB_Host_Library/Class/MSC/Src/usbh_msc_bot.c **** 
 165:Middlewares/ST/STM32_USB_Host_Library/Class/MSC/Src/usbh_msc_bot.c **** /**
 166:Middlewares/ST/STM32_USB_Host_Library/Class/MSC/Src/usbh_msc_bot.c ****   * @brief  USBH_MSC_BOT_Process
 167:Middlewares/ST/STM32_USB_Host_Library/Class/MSC/Src/usbh_msc_bot.c ****   *         The function handle the BOT protocol.
 168:Middlewares/ST/STM32_USB_Host_Library/Class/MSC/Src/usbh_msc_bot.c ****   * @param  phost: Host handle
 169:Middlewares/ST/STM32_USB_Host_Library/Class/MSC/Src/usbh_msc_bot.c ****   * @param  lun: Logical Unit Number
 170:Middlewares/ST/STM32_USB_Host_Library/Class/MSC/Src/usbh_msc_bot.c ****   * @retval USBH Status
 171:Middlewares/ST/STM32_USB_Host_Library/Class/MSC/Src/usbh_msc_bot.c ****   */
 172:Middlewares/ST/STM32_USB_Host_Library/Class/MSC/Src/usbh_msc_bot.c **** USBH_StatusTypeDef USBH_MSC_BOT_Process(USBH_HandleTypeDef *phost, uint8_t lun)
 173:Middlewares/ST/STM32_USB_Host_Library/Class/MSC/Src/usbh_msc_bot.c **** {
 174:Middlewares/ST/STM32_USB_Host_Library/Class/MSC/Src/usbh_msc_bot.c ****   USBH_StatusTypeDef   status = USBH_BUSY;
 175:Middlewares/ST/STM32_USB_Host_Library/Class/MSC/Src/usbh_msc_bot.c ****   USBH_StatusTypeDef   error  = USBH_BUSY;
 176:Middlewares/ST/STM32_USB_Host_Library/Class/MSC/Src/usbh_msc_bot.c ****   BOT_CSWStatusTypeDef CSW_Status = BOT_CSW_CMD_FAILED;
 177:Middlewares/ST/STM32_USB_Host_Library/Class/MSC/Src/usbh_msc_bot.c ****   USBH_URBStateTypeDef URB_Status = USBH_URB_IDLE;
 178:Middlewares/ST/STM32_USB_Host_Library/Class/MSC/Src/usbh_msc_bot.c ****   MSC_HandleTypeDef *MSC_Handle = (MSC_HandleTypeDef *) phost->pActiveClass->pData;
 179:Middlewares/ST/STM32_USB_Host_Library/Class/MSC/Src/usbh_msc_bot.c ****   uint8_t toggle = 0U;
 180:Middlewares/ST/STM32_USB_Host_Library/Class/MSC/Src/usbh_msc_bot.c **** 
 181:Middlewares/ST/STM32_USB_Host_Library/Class/MSC/Src/usbh_msc_bot.c ****   switch (MSC_Handle->hbot.state)
 182:Middlewares/ST/STM32_USB_Host_Library/Class/MSC/Src/usbh_msc_bot.c ****   {
 183:Middlewares/ST/STM32_USB_Host_Library/Class/MSC/Src/usbh_msc_bot.c ****     case BOT_SEND_CBW:
 184:Middlewares/ST/STM32_USB_Host_Library/Class/MSC/Src/usbh_msc_bot.c ****       MSC_Handle->hbot.cbw.field.LUN = lun;
 185:Middlewares/ST/STM32_USB_Host_Library/Class/MSC/Src/usbh_msc_bot.c ****       MSC_Handle->hbot.state = BOT_SEND_CBW_WAIT;
 186:Middlewares/ST/STM32_USB_Host_Library/Class/MSC/Src/usbh_msc_bot.c ****       (void)USBH_BulkSendData(phost, MSC_Handle->hbot.cbw.data,
 187:Middlewares/ST/STM32_USB_Host_Library/Class/MSC/Src/usbh_msc_bot.c ****                               BOT_CBW_LENGTH, MSC_Handle->OutPipe, 1U);
 188:Middlewares/ST/STM32_USB_Host_Library/Class/MSC/Src/usbh_msc_bot.c **** 
 189:Middlewares/ST/STM32_USB_Host_Library/Class/MSC/Src/usbh_msc_bot.c ****       break;
 190:Middlewares/ST/STM32_USB_Host_Library/Class/MSC/Src/usbh_msc_bot.c **** 
 191:Middlewares/ST/STM32_USB_Host_Library/Class/MSC/Src/usbh_msc_bot.c ****     case BOT_SEND_CBW_WAIT:
 192:Middlewares/ST/STM32_USB_Host_Library/Class/MSC/Src/usbh_msc_bot.c **** 
 193:Middlewares/ST/STM32_USB_Host_Library/Class/MSC/Src/usbh_msc_bot.c ****       URB_Status = USBH_LL_GetURBState(phost, MSC_Handle->OutPipe);
 194:Middlewares/ST/STM32_USB_Host_Library/Class/MSC/Src/usbh_msc_bot.c **** 
 195:Middlewares/ST/STM32_USB_Host_Library/Class/MSC/Src/usbh_msc_bot.c ****       if (URB_Status == USBH_URB_DONE)
 196:Middlewares/ST/STM32_USB_Host_Library/Class/MSC/Src/usbh_msc_bot.c ****       {
 197:Middlewares/ST/STM32_USB_Host_Library/Class/MSC/Src/usbh_msc_bot.c ****         if (MSC_Handle->hbot.cbw.field.DataTransferLength != 0U)
 198:Middlewares/ST/STM32_USB_Host_Library/Class/MSC/Src/usbh_msc_bot.c ****         {
 199:Middlewares/ST/STM32_USB_Host_Library/Class/MSC/Src/usbh_msc_bot.c ****           /* If there is Data Transfer Stage */
 200:Middlewares/ST/STM32_USB_Host_Library/Class/MSC/Src/usbh_msc_bot.c ****           if (((MSC_Handle->hbot.cbw.field.Flags) & USB_REQ_DIR_MASK) == USB_D2H)
 201:Middlewares/ST/STM32_USB_Host_Library/Class/MSC/Src/usbh_msc_bot.c ****           {
ARM GAS  /tmp/ccY1gsl8.s 			page 5


 202:Middlewares/ST/STM32_USB_Host_Library/Class/MSC/Src/usbh_msc_bot.c ****             /* Data Direction is IN */
 203:Middlewares/ST/STM32_USB_Host_Library/Class/MSC/Src/usbh_msc_bot.c ****             MSC_Handle->hbot.state = BOT_DATA_IN;
 204:Middlewares/ST/STM32_USB_Host_Library/Class/MSC/Src/usbh_msc_bot.c ****           }
 205:Middlewares/ST/STM32_USB_Host_Library/Class/MSC/Src/usbh_msc_bot.c ****           else
 206:Middlewares/ST/STM32_USB_Host_Library/Class/MSC/Src/usbh_msc_bot.c ****           {
 207:Middlewares/ST/STM32_USB_Host_Library/Class/MSC/Src/usbh_msc_bot.c ****             /* Data Direction is OUT */
 208:Middlewares/ST/STM32_USB_Host_Library/Class/MSC/Src/usbh_msc_bot.c ****             MSC_Handle->hbot.state = BOT_DATA_OUT;
 209:Middlewares/ST/STM32_USB_Host_Library/Class/MSC/Src/usbh_msc_bot.c ****           }
 210:Middlewares/ST/STM32_USB_Host_Library/Class/MSC/Src/usbh_msc_bot.c ****         }
 211:Middlewares/ST/STM32_USB_Host_Library/Class/MSC/Src/usbh_msc_bot.c **** 
 212:Middlewares/ST/STM32_USB_Host_Library/Class/MSC/Src/usbh_msc_bot.c ****         else
 213:Middlewares/ST/STM32_USB_Host_Library/Class/MSC/Src/usbh_msc_bot.c ****         {
 214:Middlewares/ST/STM32_USB_Host_Library/Class/MSC/Src/usbh_msc_bot.c ****           /* If there is NO Data Transfer Stage */
 215:Middlewares/ST/STM32_USB_Host_Library/Class/MSC/Src/usbh_msc_bot.c ****           MSC_Handle->hbot.state = BOT_RECEIVE_CSW;
 216:Middlewares/ST/STM32_USB_Host_Library/Class/MSC/Src/usbh_msc_bot.c ****         }
 217:Middlewares/ST/STM32_USB_Host_Library/Class/MSC/Src/usbh_msc_bot.c **** 
 218:Middlewares/ST/STM32_USB_Host_Library/Class/MSC/Src/usbh_msc_bot.c **** #if (USBH_USE_OS == 1U)
 219:Middlewares/ST/STM32_USB_Host_Library/Class/MSC/Src/usbh_msc_bot.c ****         phost->os_msg = (uint32_t)USBH_URB_EVENT;
 220:Middlewares/ST/STM32_USB_Host_Library/Class/MSC/Src/usbh_msc_bot.c **** #if (osCMSIS < 0x20000U)
 221:Middlewares/ST/STM32_USB_Host_Library/Class/MSC/Src/usbh_msc_bot.c ****         (void)osMessagePut(phost->os_event, phost->os_msg, 0U);
 222:Middlewares/ST/STM32_USB_Host_Library/Class/MSC/Src/usbh_msc_bot.c **** #else
 223:Middlewares/ST/STM32_USB_Host_Library/Class/MSC/Src/usbh_msc_bot.c ****         (void)osMessageQueuePut(phost->os_event, &phost->os_msg, 0U, 0U);
 224:Middlewares/ST/STM32_USB_Host_Library/Class/MSC/Src/usbh_msc_bot.c **** #endif
 225:Middlewares/ST/STM32_USB_Host_Library/Class/MSC/Src/usbh_msc_bot.c **** #endif
 226:Middlewares/ST/STM32_USB_Host_Library/Class/MSC/Src/usbh_msc_bot.c ****       }
 227:Middlewares/ST/STM32_USB_Host_Library/Class/MSC/Src/usbh_msc_bot.c ****       else if (URB_Status == USBH_URB_NOTREADY)
 228:Middlewares/ST/STM32_USB_Host_Library/Class/MSC/Src/usbh_msc_bot.c ****       {
 229:Middlewares/ST/STM32_USB_Host_Library/Class/MSC/Src/usbh_msc_bot.c ****         /* Re-send CBW */
 230:Middlewares/ST/STM32_USB_Host_Library/Class/MSC/Src/usbh_msc_bot.c ****         MSC_Handle->hbot.state = BOT_SEND_CBW;
 231:Middlewares/ST/STM32_USB_Host_Library/Class/MSC/Src/usbh_msc_bot.c **** 
 232:Middlewares/ST/STM32_USB_Host_Library/Class/MSC/Src/usbh_msc_bot.c **** #if (USBH_USE_OS == 1U)
 233:Middlewares/ST/STM32_USB_Host_Library/Class/MSC/Src/usbh_msc_bot.c ****         phost->os_msg = (uint32_t)USBH_URB_EVENT;
 234:Middlewares/ST/STM32_USB_Host_Library/Class/MSC/Src/usbh_msc_bot.c **** #if (osCMSIS < 0x20000U)
 235:Middlewares/ST/STM32_USB_Host_Library/Class/MSC/Src/usbh_msc_bot.c ****         (void)osMessagePut(phost->os_event, phost->os_msg, 0U);
 236:Middlewares/ST/STM32_USB_Host_Library/Class/MSC/Src/usbh_msc_bot.c **** #else
 237:Middlewares/ST/STM32_USB_Host_Library/Class/MSC/Src/usbh_msc_bot.c ****         (void)osMessageQueuePut(phost->os_event, &phost->os_msg, 0U, 0U);
 238:Middlewares/ST/STM32_USB_Host_Library/Class/MSC/Src/usbh_msc_bot.c **** #endif
 239:Middlewares/ST/STM32_USB_Host_Library/Class/MSC/Src/usbh_msc_bot.c **** #endif
 240:Middlewares/ST/STM32_USB_Host_Library/Class/MSC/Src/usbh_msc_bot.c ****       }
 241:Middlewares/ST/STM32_USB_Host_Library/Class/MSC/Src/usbh_msc_bot.c ****       else
 242:Middlewares/ST/STM32_USB_Host_Library/Class/MSC/Src/usbh_msc_bot.c ****       {
 243:Middlewares/ST/STM32_USB_Host_Library/Class/MSC/Src/usbh_msc_bot.c ****         if (URB_Status == USBH_URB_STALL)
 244:Middlewares/ST/STM32_USB_Host_Library/Class/MSC/Src/usbh_msc_bot.c ****         {
 245:Middlewares/ST/STM32_USB_Host_Library/Class/MSC/Src/usbh_msc_bot.c ****           MSC_Handle->hbot.state  = BOT_ERROR_OUT;
 246:Middlewares/ST/STM32_USB_Host_Library/Class/MSC/Src/usbh_msc_bot.c **** 
 247:Middlewares/ST/STM32_USB_Host_Library/Class/MSC/Src/usbh_msc_bot.c **** #if (USBH_USE_OS == 1U)
 248:Middlewares/ST/STM32_USB_Host_Library/Class/MSC/Src/usbh_msc_bot.c ****           phost->os_msg = (uint32_t)USBH_URB_EVENT;
 249:Middlewares/ST/STM32_USB_Host_Library/Class/MSC/Src/usbh_msc_bot.c **** #if (osCMSIS < 0x20000U)
 250:Middlewares/ST/STM32_USB_Host_Library/Class/MSC/Src/usbh_msc_bot.c ****           (void)osMessagePut(phost->os_event, phost->os_msg, 0U);
 251:Middlewares/ST/STM32_USB_Host_Library/Class/MSC/Src/usbh_msc_bot.c **** #else
 252:Middlewares/ST/STM32_USB_Host_Library/Class/MSC/Src/usbh_msc_bot.c ****           (void)osMessageQueuePut(phost->os_event, &phost->os_msg, 0U, 0U);
 253:Middlewares/ST/STM32_USB_Host_Library/Class/MSC/Src/usbh_msc_bot.c **** #endif
 254:Middlewares/ST/STM32_USB_Host_Library/Class/MSC/Src/usbh_msc_bot.c **** #endif
 255:Middlewares/ST/STM32_USB_Host_Library/Class/MSC/Src/usbh_msc_bot.c ****         }
 256:Middlewares/ST/STM32_USB_Host_Library/Class/MSC/Src/usbh_msc_bot.c ****       }
 257:Middlewares/ST/STM32_USB_Host_Library/Class/MSC/Src/usbh_msc_bot.c ****       break;
 258:Middlewares/ST/STM32_USB_Host_Library/Class/MSC/Src/usbh_msc_bot.c **** 
ARM GAS  /tmp/ccY1gsl8.s 			page 6


 259:Middlewares/ST/STM32_USB_Host_Library/Class/MSC/Src/usbh_msc_bot.c ****     case BOT_DATA_IN:
 260:Middlewares/ST/STM32_USB_Host_Library/Class/MSC/Src/usbh_msc_bot.c ****       /* Send first packet */
 261:Middlewares/ST/STM32_USB_Host_Library/Class/MSC/Src/usbh_msc_bot.c ****       (void)USBH_BulkReceiveData(phost, MSC_Handle->hbot.pbuf,
 262:Middlewares/ST/STM32_USB_Host_Library/Class/MSC/Src/usbh_msc_bot.c ****                                  MSC_Handle->InEpSize, MSC_Handle->InPipe);
 263:Middlewares/ST/STM32_USB_Host_Library/Class/MSC/Src/usbh_msc_bot.c **** 
 264:Middlewares/ST/STM32_USB_Host_Library/Class/MSC/Src/usbh_msc_bot.c ****       MSC_Handle->hbot.state = BOT_DATA_IN_WAIT;
 265:Middlewares/ST/STM32_USB_Host_Library/Class/MSC/Src/usbh_msc_bot.c **** 
 266:Middlewares/ST/STM32_USB_Host_Library/Class/MSC/Src/usbh_msc_bot.c ****       break;
 267:Middlewares/ST/STM32_USB_Host_Library/Class/MSC/Src/usbh_msc_bot.c **** 
 268:Middlewares/ST/STM32_USB_Host_Library/Class/MSC/Src/usbh_msc_bot.c ****     case BOT_DATA_IN_WAIT:
 269:Middlewares/ST/STM32_USB_Host_Library/Class/MSC/Src/usbh_msc_bot.c **** 
 270:Middlewares/ST/STM32_USB_Host_Library/Class/MSC/Src/usbh_msc_bot.c ****       URB_Status = USBH_LL_GetURBState(phost, MSC_Handle->InPipe);
 271:Middlewares/ST/STM32_USB_Host_Library/Class/MSC/Src/usbh_msc_bot.c **** 
 272:Middlewares/ST/STM32_USB_Host_Library/Class/MSC/Src/usbh_msc_bot.c ****       if (URB_Status == USBH_URB_DONE)
 273:Middlewares/ST/STM32_USB_Host_Library/Class/MSC/Src/usbh_msc_bot.c ****       {
 274:Middlewares/ST/STM32_USB_Host_Library/Class/MSC/Src/usbh_msc_bot.c ****         /* Adjust Data pointer and data length */
 275:Middlewares/ST/STM32_USB_Host_Library/Class/MSC/Src/usbh_msc_bot.c ****         if (MSC_Handle->hbot.cbw.field.DataTransferLength > MSC_Handle->InEpSize)
 276:Middlewares/ST/STM32_USB_Host_Library/Class/MSC/Src/usbh_msc_bot.c ****         {
 277:Middlewares/ST/STM32_USB_Host_Library/Class/MSC/Src/usbh_msc_bot.c ****           MSC_Handle->hbot.pbuf += MSC_Handle->InEpSize;
 278:Middlewares/ST/STM32_USB_Host_Library/Class/MSC/Src/usbh_msc_bot.c ****           MSC_Handle->hbot.cbw.field.DataTransferLength -= MSC_Handle->InEpSize;
 279:Middlewares/ST/STM32_USB_Host_Library/Class/MSC/Src/usbh_msc_bot.c ****         }
 280:Middlewares/ST/STM32_USB_Host_Library/Class/MSC/Src/usbh_msc_bot.c ****         else
 281:Middlewares/ST/STM32_USB_Host_Library/Class/MSC/Src/usbh_msc_bot.c ****         {
 282:Middlewares/ST/STM32_USB_Host_Library/Class/MSC/Src/usbh_msc_bot.c ****           MSC_Handle->hbot.cbw.field.DataTransferLength = 0U;
 283:Middlewares/ST/STM32_USB_Host_Library/Class/MSC/Src/usbh_msc_bot.c ****         }
 284:Middlewares/ST/STM32_USB_Host_Library/Class/MSC/Src/usbh_msc_bot.c **** 
 285:Middlewares/ST/STM32_USB_Host_Library/Class/MSC/Src/usbh_msc_bot.c ****         /* More Data To be Received */
 286:Middlewares/ST/STM32_USB_Host_Library/Class/MSC/Src/usbh_msc_bot.c ****         if (MSC_Handle->hbot.cbw.field.DataTransferLength > 0U)
 287:Middlewares/ST/STM32_USB_Host_Library/Class/MSC/Src/usbh_msc_bot.c ****         {
 288:Middlewares/ST/STM32_USB_Host_Library/Class/MSC/Src/usbh_msc_bot.c ****           /* Send next packet */
 289:Middlewares/ST/STM32_USB_Host_Library/Class/MSC/Src/usbh_msc_bot.c ****           (void)USBH_BulkReceiveData(phost, MSC_Handle->hbot.pbuf,
 290:Middlewares/ST/STM32_USB_Host_Library/Class/MSC/Src/usbh_msc_bot.c ****                                      MSC_Handle->InEpSize, MSC_Handle->InPipe);
 291:Middlewares/ST/STM32_USB_Host_Library/Class/MSC/Src/usbh_msc_bot.c ****         }
 292:Middlewares/ST/STM32_USB_Host_Library/Class/MSC/Src/usbh_msc_bot.c ****         else
 293:Middlewares/ST/STM32_USB_Host_Library/Class/MSC/Src/usbh_msc_bot.c ****         {
 294:Middlewares/ST/STM32_USB_Host_Library/Class/MSC/Src/usbh_msc_bot.c ****           /* If value was 0, and successful transfer, then change the state */
 295:Middlewares/ST/STM32_USB_Host_Library/Class/MSC/Src/usbh_msc_bot.c ****           MSC_Handle->hbot.state  = BOT_RECEIVE_CSW;
 296:Middlewares/ST/STM32_USB_Host_Library/Class/MSC/Src/usbh_msc_bot.c **** 
 297:Middlewares/ST/STM32_USB_Host_Library/Class/MSC/Src/usbh_msc_bot.c **** #if (USBH_USE_OS == 1U)
 298:Middlewares/ST/STM32_USB_Host_Library/Class/MSC/Src/usbh_msc_bot.c ****           phost->os_msg = (uint32_t)USBH_URB_EVENT;
 299:Middlewares/ST/STM32_USB_Host_Library/Class/MSC/Src/usbh_msc_bot.c **** #if (osCMSIS < 0x20000U)
 300:Middlewares/ST/STM32_USB_Host_Library/Class/MSC/Src/usbh_msc_bot.c ****           (void)osMessagePut(phost->os_event, phost->os_msg, 0U);
 301:Middlewares/ST/STM32_USB_Host_Library/Class/MSC/Src/usbh_msc_bot.c **** #else
 302:Middlewares/ST/STM32_USB_Host_Library/Class/MSC/Src/usbh_msc_bot.c ****           (void)osMessageQueuePut(phost->os_event, &phost->os_msg, 0U, 0U);
 303:Middlewares/ST/STM32_USB_Host_Library/Class/MSC/Src/usbh_msc_bot.c **** #endif
 304:Middlewares/ST/STM32_USB_Host_Library/Class/MSC/Src/usbh_msc_bot.c **** #endif
 305:Middlewares/ST/STM32_USB_Host_Library/Class/MSC/Src/usbh_msc_bot.c ****         }
 306:Middlewares/ST/STM32_USB_Host_Library/Class/MSC/Src/usbh_msc_bot.c ****       }
 307:Middlewares/ST/STM32_USB_Host_Library/Class/MSC/Src/usbh_msc_bot.c ****       else if (URB_Status == USBH_URB_STALL)
 308:Middlewares/ST/STM32_USB_Host_Library/Class/MSC/Src/usbh_msc_bot.c ****       {
 309:Middlewares/ST/STM32_USB_Host_Library/Class/MSC/Src/usbh_msc_bot.c ****         /* This is Data IN Stage STALL Condition */
 310:Middlewares/ST/STM32_USB_Host_Library/Class/MSC/Src/usbh_msc_bot.c ****         MSC_Handle->hbot.state  = BOT_ERROR_IN;
 311:Middlewares/ST/STM32_USB_Host_Library/Class/MSC/Src/usbh_msc_bot.c **** 
 312:Middlewares/ST/STM32_USB_Host_Library/Class/MSC/Src/usbh_msc_bot.c ****         /* Refer to USB Mass-Storage Class : BOT (www.usb.org)
 313:Middlewares/ST/STM32_USB_Host_Library/Class/MSC/Src/usbh_msc_bot.c ****         6.7.2 Host expects to receive data from the device
 314:Middlewares/ST/STM32_USB_Host_Library/Class/MSC/Src/usbh_msc_bot.c ****         3. On a STALL condition receiving data, then:
 315:Middlewares/ST/STM32_USB_Host_Library/Class/MSC/Src/usbh_msc_bot.c ****         The host shall accept the data received.
ARM GAS  /tmp/ccY1gsl8.s 			page 7


 316:Middlewares/ST/STM32_USB_Host_Library/Class/MSC/Src/usbh_msc_bot.c ****         The host shall clear the Bulk-In pipe.
 317:Middlewares/ST/STM32_USB_Host_Library/Class/MSC/Src/usbh_msc_bot.c ****         4. The host shall attempt to receive a CSW.*/
 318:Middlewares/ST/STM32_USB_Host_Library/Class/MSC/Src/usbh_msc_bot.c **** 
 319:Middlewares/ST/STM32_USB_Host_Library/Class/MSC/Src/usbh_msc_bot.c **** #if (USBH_USE_OS == 1U)
 320:Middlewares/ST/STM32_USB_Host_Library/Class/MSC/Src/usbh_msc_bot.c ****         phost->os_msg = (uint32_t)USBH_URB_EVENT;
 321:Middlewares/ST/STM32_USB_Host_Library/Class/MSC/Src/usbh_msc_bot.c **** #if (osCMSIS < 0x20000U)
 322:Middlewares/ST/STM32_USB_Host_Library/Class/MSC/Src/usbh_msc_bot.c ****         (void)osMessagePut(phost->os_event, phost->os_msg, 0U);
 323:Middlewares/ST/STM32_USB_Host_Library/Class/MSC/Src/usbh_msc_bot.c **** #else
 324:Middlewares/ST/STM32_USB_Host_Library/Class/MSC/Src/usbh_msc_bot.c ****         (void)osMessageQueuePut(phost->os_event, &phost->os_msg, 0U, 0U);
 325:Middlewares/ST/STM32_USB_Host_Library/Class/MSC/Src/usbh_msc_bot.c **** #endif
 326:Middlewares/ST/STM32_USB_Host_Library/Class/MSC/Src/usbh_msc_bot.c **** #endif
 327:Middlewares/ST/STM32_USB_Host_Library/Class/MSC/Src/usbh_msc_bot.c ****       }
 328:Middlewares/ST/STM32_USB_Host_Library/Class/MSC/Src/usbh_msc_bot.c ****       else
 329:Middlewares/ST/STM32_USB_Host_Library/Class/MSC/Src/usbh_msc_bot.c ****       {
 330:Middlewares/ST/STM32_USB_Host_Library/Class/MSC/Src/usbh_msc_bot.c ****       }
 331:Middlewares/ST/STM32_USB_Host_Library/Class/MSC/Src/usbh_msc_bot.c ****       break;
 332:Middlewares/ST/STM32_USB_Host_Library/Class/MSC/Src/usbh_msc_bot.c **** 
 333:Middlewares/ST/STM32_USB_Host_Library/Class/MSC/Src/usbh_msc_bot.c ****     case BOT_DATA_OUT:
 334:Middlewares/ST/STM32_USB_Host_Library/Class/MSC/Src/usbh_msc_bot.c **** 
 335:Middlewares/ST/STM32_USB_Host_Library/Class/MSC/Src/usbh_msc_bot.c ****       (void)USBH_BulkSendData(phost, MSC_Handle->hbot.pbuf,
 336:Middlewares/ST/STM32_USB_Host_Library/Class/MSC/Src/usbh_msc_bot.c ****                               MSC_Handle->OutEpSize, MSC_Handle->OutPipe, 1U);
 337:Middlewares/ST/STM32_USB_Host_Library/Class/MSC/Src/usbh_msc_bot.c **** 
 338:Middlewares/ST/STM32_USB_Host_Library/Class/MSC/Src/usbh_msc_bot.c ****       MSC_Handle->hbot.state  = BOT_DATA_OUT_WAIT;
 339:Middlewares/ST/STM32_USB_Host_Library/Class/MSC/Src/usbh_msc_bot.c ****       break;
 340:Middlewares/ST/STM32_USB_Host_Library/Class/MSC/Src/usbh_msc_bot.c **** 
 341:Middlewares/ST/STM32_USB_Host_Library/Class/MSC/Src/usbh_msc_bot.c ****     case BOT_DATA_OUT_WAIT:
 342:Middlewares/ST/STM32_USB_Host_Library/Class/MSC/Src/usbh_msc_bot.c ****       URB_Status = USBH_LL_GetURBState(phost, MSC_Handle->OutPipe);
 343:Middlewares/ST/STM32_USB_Host_Library/Class/MSC/Src/usbh_msc_bot.c **** 
 344:Middlewares/ST/STM32_USB_Host_Library/Class/MSC/Src/usbh_msc_bot.c ****       if (URB_Status == USBH_URB_DONE)
 345:Middlewares/ST/STM32_USB_Host_Library/Class/MSC/Src/usbh_msc_bot.c ****       {
 346:Middlewares/ST/STM32_USB_Host_Library/Class/MSC/Src/usbh_msc_bot.c ****         /* Adjust Data pointer and data length */
 347:Middlewares/ST/STM32_USB_Host_Library/Class/MSC/Src/usbh_msc_bot.c ****         if (MSC_Handle->hbot.cbw.field.DataTransferLength > MSC_Handle->OutEpSize)
 348:Middlewares/ST/STM32_USB_Host_Library/Class/MSC/Src/usbh_msc_bot.c ****         {
 349:Middlewares/ST/STM32_USB_Host_Library/Class/MSC/Src/usbh_msc_bot.c ****           MSC_Handle->hbot.pbuf += MSC_Handle->OutEpSize;
 350:Middlewares/ST/STM32_USB_Host_Library/Class/MSC/Src/usbh_msc_bot.c ****           MSC_Handle->hbot.cbw.field.DataTransferLength -= MSC_Handle->OutEpSize;
 351:Middlewares/ST/STM32_USB_Host_Library/Class/MSC/Src/usbh_msc_bot.c ****         }
 352:Middlewares/ST/STM32_USB_Host_Library/Class/MSC/Src/usbh_msc_bot.c ****         else
 353:Middlewares/ST/STM32_USB_Host_Library/Class/MSC/Src/usbh_msc_bot.c ****         {
 354:Middlewares/ST/STM32_USB_Host_Library/Class/MSC/Src/usbh_msc_bot.c ****           MSC_Handle->hbot.cbw.field.DataTransferLength = 0U;
 355:Middlewares/ST/STM32_USB_Host_Library/Class/MSC/Src/usbh_msc_bot.c ****         }
 356:Middlewares/ST/STM32_USB_Host_Library/Class/MSC/Src/usbh_msc_bot.c **** 
 357:Middlewares/ST/STM32_USB_Host_Library/Class/MSC/Src/usbh_msc_bot.c ****         /* More Data To be Sent */
 358:Middlewares/ST/STM32_USB_Host_Library/Class/MSC/Src/usbh_msc_bot.c ****         if (MSC_Handle->hbot.cbw.field.DataTransferLength > 0U)
 359:Middlewares/ST/STM32_USB_Host_Library/Class/MSC/Src/usbh_msc_bot.c ****         {
 360:Middlewares/ST/STM32_USB_Host_Library/Class/MSC/Src/usbh_msc_bot.c ****           (void)USBH_BulkSendData(phost, MSC_Handle->hbot.pbuf,
 361:Middlewares/ST/STM32_USB_Host_Library/Class/MSC/Src/usbh_msc_bot.c ****                                   MSC_Handle->OutEpSize, MSC_Handle->OutPipe, 1U);
 362:Middlewares/ST/STM32_USB_Host_Library/Class/MSC/Src/usbh_msc_bot.c ****         }
 363:Middlewares/ST/STM32_USB_Host_Library/Class/MSC/Src/usbh_msc_bot.c ****         else
 364:Middlewares/ST/STM32_USB_Host_Library/Class/MSC/Src/usbh_msc_bot.c ****         {
 365:Middlewares/ST/STM32_USB_Host_Library/Class/MSC/Src/usbh_msc_bot.c ****           /* If value was 0, and successful transfer, then change the state */
 366:Middlewares/ST/STM32_USB_Host_Library/Class/MSC/Src/usbh_msc_bot.c ****           MSC_Handle->hbot.state  = BOT_RECEIVE_CSW;
 367:Middlewares/ST/STM32_USB_Host_Library/Class/MSC/Src/usbh_msc_bot.c ****         }
 368:Middlewares/ST/STM32_USB_Host_Library/Class/MSC/Src/usbh_msc_bot.c **** 
 369:Middlewares/ST/STM32_USB_Host_Library/Class/MSC/Src/usbh_msc_bot.c **** #if (USBH_USE_OS == 1U)
 370:Middlewares/ST/STM32_USB_Host_Library/Class/MSC/Src/usbh_msc_bot.c ****         phost->os_msg = (uint32_t)USBH_URB_EVENT;
 371:Middlewares/ST/STM32_USB_Host_Library/Class/MSC/Src/usbh_msc_bot.c **** #if (osCMSIS < 0x20000U)
 372:Middlewares/ST/STM32_USB_Host_Library/Class/MSC/Src/usbh_msc_bot.c ****         (void)osMessagePut(phost->os_event, phost->os_msg, 0U);
ARM GAS  /tmp/ccY1gsl8.s 			page 8


 373:Middlewares/ST/STM32_USB_Host_Library/Class/MSC/Src/usbh_msc_bot.c **** #else
 374:Middlewares/ST/STM32_USB_Host_Library/Class/MSC/Src/usbh_msc_bot.c ****         (void)osMessageQueuePut(phost->os_event, &phost->os_msg, 0U, 0U);
 375:Middlewares/ST/STM32_USB_Host_Library/Class/MSC/Src/usbh_msc_bot.c **** #endif
 376:Middlewares/ST/STM32_USB_Host_Library/Class/MSC/Src/usbh_msc_bot.c **** #endif
 377:Middlewares/ST/STM32_USB_Host_Library/Class/MSC/Src/usbh_msc_bot.c ****       }
 378:Middlewares/ST/STM32_USB_Host_Library/Class/MSC/Src/usbh_msc_bot.c **** 
 379:Middlewares/ST/STM32_USB_Host_Library/Class/MSC/Src/usbh_msc_bot.c ****       else if (URB_Status == USBH_URB_NOTREADY)
 380:Middlewares/ST/STM32_USB_Host_Library/Class/MSC/Src/usbh_msc_bot.c ****       {
 381:Middlewares/ST/STM32_USB_Host_Library/Class/MSC/Src/usbh_msc_bot.c ****         /* Resend same data */
 382:Middlewares/ST/STM32_USB_Host_Library/Class/MSC/Src/usbh_msc_bot.c ****         MSC_Handle->hbot.state  = BOT_DATA_OUT;
 383:Middlewares/ST/STM32_USB_Host_Library/Class/MSC/Src/usbh_msc_bot.c **** 
 384:Middlewares/ST/STM32_USB_Host_Library/Class/MSC/Src/usbh_msc_bot.c **** #if (USBH_USE_OS == 1U)
 385:Middlewares/ST/STM32_USB_Host_Library/Class/MSC/Src/usbh_msc_bot.c ****         phost->os_msg = (uint32_t)USBH_URB_EVENT;
 386:Middlewares/ST/STM32_USB_Host_Library/Class/MSC/Src/usbh_msc_bot.c **** #if (osCMSIS < 0x20000U)
 387:Middlewares/ST/STM32_USB_Host_Library/Class/MSC/Src/usbh_msc_bot.c ****         (void)osMessagePut(phost->os_event, phost->os_msg, 0U);
 388:Middlewares/ST/STM32_USB_Host_Library/Class/MSC/Src/usbh_msc_bot.c **** #else
 389:Middlewares/ST/STM32_USB_Host_Library/Class/MSC/Src/usbh_msc_bot.c ****         (void)osMessageQueuePut(phost->os_event, &phost->os_msg, 0U, 0U);
 390:Middlewares/ST/STM32_USB_Host_Library/Class/MSC/Src/usbh_msc_bot.c **** #endif
 391:Middlewares/ST/STM32_USB_Host_Library/Class/MSC/Src/usbh_msc_bot.c **** #endif
 392:Middlewares/ST/STM32_USB_Host_Library/Class/MSC/Src/usbh_msc_bot.c ****       }
 393:Middlewares/ST/STM32_USB_Host_Library/Class/MSC/Src/usbh_msc_bot.c **** 
 394:Middlewares/ST/STM32_USB_Host_Library/Class/MSC/Src/usbh_msc_bot.c ****       else if (URB_Status == USBH_URB_STALL)
 395:Middlewares/ST/STM32_USB_Host_Library/Class/MSC/Src/usbh_msc_bot.c ****       {
 396:Middlewares/ST/STM32_USB_Host_Library/Class/MSC/Src/usbh_msc_bot.c ****         MSC_Handle->hbot.state  = BOT_ERROR_OUT;
 397:Middlewares/ST/STM32_USB_Host_Library/Class/MSC/Src/usbh_msc_bot.c **** 
 398:Middlewares/ST/STM32_USB_Host_Library/Class/MSC/Src/usbh_msc_bot.c ****         /* Refer to USB Mass-Storage Class : BOT (www.usb.org)
 399:Middlewares/ST/STM32_USB_Host_Library/Class/MSC/Src/usbh_msc_bot.c ****         6.7.3 Ho - Host expects to send data to the device
 400:Middlewares/ST/STM32_USB_Host_Library/Class/MSC/Src/usbh_msc_bot.c ****         3. On a STALL condition sending data, then:
 401:Middlewares/ST/STM32_USB_Host_Library/Class/MSC/Src/usbh_msc_bot.c ****         " The host shall clear the Bulk-Out pipe.
 402:Middlewares/ST/STM32_USB_Host_Library/Class/MSC/Src/usbh_msc_bot.c ****         4. The host shall attempt to receive a CSW.
 403:Middlewares/ST/STM32_USB_Host_Library/Class/MSC/Src/usbh_msc_bot.c ****         */
 404:Middlewares/ST/STM32_USB_Host_Library/Class/MSC/Src/usbh_msc_bot.c **** 
 405:Middlewares/ST/STM32_USB_Host_Library/Class/MSC/Src/usbh_msc_bot.c **** #if (USBH_USE_OS == 1U)
 406:Middlewares/ST/STM32_USB_Host_Library/Class/MSC/Src/usbh_msc_bot.c ****         phost->os_msg = (uint32_t)USBH_URB_EVENT;
 407:Middlewares/ST/STM32_USB_Host_Library/Class/MSC/Src/usbh_msc_bot.c **** #if (osCMSIS < 0x20000U)
 408:Middlewares/ST/STM32_USB_Host_Library/Class/MSC/Src/usbh_msc_bot.c ****         (void)osMessagePut(phost->os_event, phost->os_msg, 0U);
 409:Middlewares/ST/STM32_USB_Host_Library/Class/MSC/Src/usbh_msc_bot.c **** #else
 410:Middlewares/ST/STM32_USB_Host_Library/Class/MSC/Src/usbh_msc_bot.c ****         (void)osMessageQueuePut(phost->os_event, &phost->os_msg, 0U, 0U);
 411:Middlewares/ST/STM32_USB_Host_Library/Class/MSC/Src/usbh_msc_bot.c **** #endif
 412:Middlewares/ST/STM32_USB_Host_Library/Class/MSC/Src/usbh_msc_bot.c **** #endif
 413:Middlewares/ST/STM32_USB_Host_Library/Class/MSC/Src/usbh_msc_bot.c ****       }
 414:Middlewares/ST/STM32_USB_Host_Library/Class/MSC/Src/usbh_msc_bot.c ****       else
 415:Middlewares/ST/STM32_USB_Host_Library/Class/MSC/Src/usbh_msc_bot.c ****       {
 416:Middlewares/ST/STM32_USB_Host_Library/Class/MSC/Src/usbh_msc_bot.c ****       }
 417:Middlewares/ST/STM32_USB_Host_Library/Class/MSC/Src/usbh_msc_bot.c ****       break;
 418:Middlewares/ST/STM32_USB_Host_Library/Class/MSC/Src/usbh_msc_bot.c **** 
 419:Middlewares/ST/STM32_USB_Host_Library/Class/MSC/Src/usbh_msc_bot.c ****     case BOT_RECEIVE_CSW:
 420:Middlewares/ST/STM32_USB_Host_Library/Class/MSC/Src/usbh_msc_bot.c **** 
 421:Middlewares/ST/STM32_USB_Host_Library/Class/MSC/Src/usbh_msc_bot.c ****       (void)USBH_BulkReceiveData(phost, MSC_Handle->hbot.csw.data,
 422:Middlewares/ST/STM32_USB_Host_Library/Class/MSC/Src/usbh_msc_bot.c ****                                  BOT_CSW_LENGTH, MSC_Handle->InPipe);
 423:Middlewares/ST/STM32_USB_Host_Library/Class/MSC/Src/usbh_msc_bot.c **** 
 424:Middlewares/ST/STM32_USB_Host_Library/Class/MSC/Src/usbh_msc_bot.c ****       MSC_Handle->hbot.state  = BOT_RECEIVE_CSW_WAIT;
 425:Middlewares/ST/STM32_USB_Host_Library/Class/MSC/Src/usbh_msc_bot.c ****       break;
 426:Middlewares/ST/STM32_USB_Host_Library/Class/MSC/Src/usbh_msc_bot.c **** 
 427:Middlewares/ST/STM32_USB_Host_Library/Class/MSC/Src/usbh_msc_bot.c ****     case BOT_RECEIVE_CSW_WAIT:
 428:Middlewares/ST/STM32_USB_Host_Library/Class/MSC/Src/usbh_msc_bot.c **** 
 429:Middlewares/ST/STM32_USB_Host_Library/Class/MSC/Src/usbh_msc_bot.c ****       URB_Status = USBH_LL_GetURBState(phost, MSC_Handle->InPipe);
ARM GAS  /tmp/ccY1gsl8.s 			page 9


 430:Middlewares/ST/STM32_USB_Host_Library/Class/MSC/Src/usbh_msc_bot.c **** 
 431:Middlewares/ST/STM32_USB_Host_Library/Class/MSC/Src/usbh_msc_bot.c ****       /* Decode CSW */
 432:Middlewares/ST/STM32_USB_Host_Library/Class/MSC/Src/usbh_msc_bot.c ****       if (URB_Status == USBH_URB_DONE)
 433:Middlewares/ST/STM32_USB_Host_Library/Class/MSC/Src/usbh_msc_bot.c ****       {
 434:Middlewares/ST/STM32_USB_Host_Library/Class/MSC/Src/usbh_msc_bot.c ****         MSC_Handle->hbot.state = BOT_SEND_CBW;
 435:Middlewares/ST/STM32_USB_Host_Library/Class/MSC/Src/usbh_msc_bot.c ****         MSC_Handle->hbot.cmd_state = BOT_CMD_SEND;
 436:Middlewares/ST/STM32_USB_Host_Library/Class/MSC/Src/usbh_msc_bot.c ****         CSW_Status = USBH_MSC_DecodeCSW(phost);
 437:Middlewares/ST/STM32_USB_Host_Library/Class/MSC/Src/usbh_msc_bot.c **** 
 438:Middlewares/ST/STM32_USB_Host_Library/Class/MSC/Src/usbh_msc_bot.c ****         if (CSW_Status == BOT_CSW_CMD_PASSED)
 439:Middlewares/ST/STM32_USB_Host_Library/Class/MSC/Src/usbh_msc_bot.c ****         {
 440:Middlewares/ST/STM32_USB_Host_Library/Class/MSC/Src/usbh_msc_bot.c ****           status = USBH_OK;
 441:Middlewares/ST/STM32_USB_Host_Library/Class/MSC/Src/usbh_msc_bot.c ****         }
 442:Middlewares/ST/STM32_USB_Host_Library/Class/MSC/Src/usbh_msc_bot.c ****         else
 443:Middlewares/ST/STM32_USB_Host_Library/Class/MSC/Src/usbh_msc_bot.c ****         {
 444:Middlewares/ST/STM32_USB_Host_Library/Class/MSC/Src/usbh_msc_bot.c ****           status = USBH_FAIL;
 445:Middlewares/ST/STM32_USB_Host_Library/Class/MSC/Src/usbh_msc_bot.c ****         }
 446:Middlewares/ST/STM32_USB_Host_Library/Class/MSC/Src/usbh_msc_bot.c **** 
 447:Middlewares/ST/STM32_USB_Host_Library/Class/MSC/Src/usbh_msc_bot.c **** #if (USBH_USE_OS == 1U)
 448:Middlewares/ST/STM32_USB_Host_Library/Class/MSC/Src/usbh_msc_bot.c ****         phost->os_msg = (uint32_t)USBH_URB_EVENT;
 449:Middlewares/ST/STM32_USB_Host_Library/Class/MSC/Src/usbh_msc_bot.c **** #if (osCMSIS < 0x20000U)
 450:Middlewares/ST/STM32_USB_Host_Library/Class/MSC/Src/usbh_msc_bot.c ****         (void)osMessagePut(phost->os_event, phost->os_msg, 0U);
 451:Middlewares/ST/STM32_USB_Host_Library/Class/MSC/Src/usbh_msc_bot.c **** #else
 452:Middlewares/ST/STM32_USB_Host_Library/Class/MSC/Src/usbh_msc_bot.c ****         (void)osMessageQueuePut(phost->os_event, &phost->os_msg, 0U, 0U);
 453:Middlewares/ST/STM32_USB_Host_Library/Class/MSC/Src/usbh_msc_bot.c **** #endif
 454:Middlewares/ST/STM32_USB_Host_Library/Class/MSC/Src/usbh_msc_bot.c **** #endif
 455:Middlewares/ST/STM32_USB_Host_Library/Class/MSC/Src/usbh_msc_bot.c ****       }
 456:Middlewares/ST/STM32_USB_Host_Library/Class/MSC/Src/usbh_msc_bot.c ****       else if (URB_Status == USBH_URB_STALL)
 457:Middlewares/ST/STM32_USB_Host_Library/Class/MSC/Src/usbh_msc_bot.c ****       {
 458:Middlewares/ST/STM32_USB_Host_Library/Class/MSC/Src/usbh_msc_bot.c ****         MSC_Handle->hbot.state  = BOT_ERROR_IN;
 459:Middlewares/ST/STM32_USB_Host_Library/Class/MSC/Src/usbh_msc_bot.c **** 
 460:Middlewares/ST/STM32_USB_Host_Library/Class/MSC/Src/usbh_msc_bot.c **** #if (USBH_USE_OS == 1U)
 461:Middlewares/ST/STM32_USB_Host_Library/Class/MSC/Src/usbh_msc_bot.c ****         phost->os_msg = (uint32_t)USBH_URB_EVENT;
 462:Middlewares/ST/STM32_USB_Host_Library/Class/MSC/Src/usbh_msc_bot.c **** #if (osCMSIS < 0x20000U)
 463:Middlewares/ST/STM32_USB_Host_Library/Class/MSC/Src/usbh_msc_bot.c ****         (void)osMessagePut(phost->os_event, phost->os_msg, 0U);
 464:Middlewares/ST/STM32_USB_Host_Library/Class/MSC/Src/usbh_msc_bot.c **** #else
 465:Middlewares/ST/STM32_USB_Host_Library/Class/MSC/Src/usbh_msc_bot.c ****         (void)osMessageQueuePut(phost->os_event, &phost->os_msg, 0U, 0U);
 466:Middlewares/ST/STM32_USB_Host_Library/Class/MSC/Src/usbh_msc_bot.c **** #endif
 467:Middlewares/ST/STM32_USB_Host_Library/Class/MSC/Src/usbh_msc_bot.c **** #endif
 468:Middlewares/ST/STM32_USB_Host_Library/Class/MSC/Src/usbh_msc_bot.c ****       }
 469:Middlewares/ST/STM32_USB_Host_Library/Class/MSC/Src/usbh_msc_bot.c ****       else
 470:Middlewares/ST/STM32_USB_Host_Library/Class/MSC/Src/usbh_msc_bot.c ****       {
 471:Middlewares/ST/STM32_USB_Host_Library/Class/MSC/Src/usbh_msc_bot.c ****       }
 472:Middlewares/ST/STM32_USB_Host_Library/Class/MSC/Src/usbh_msc_bot.c ****       break;
 473:Middlewares/ST/STM32_USB_Host_Library/Class/MSC/Src/usbh_msc_bot.c **** 
 474:Middlewares/ST/STM32_USB_Host_Library/Class/MSC/Src/usbh_msc_bot.c ****     case BOT_ERROR_IN:
 475:Middlewares/ST/STM32_USB_Host_Library/Class/MSC/Src/usbh_msc_bot.c ****       error = USBH_MSC_BOT_Abort(phost, lun, BOT_DIR_IN);
 476:Middlewares/ST/STM32_USB_Host_Library/Class/MSC/Src/usbh_msc_bot.c **** 
 477:Middlewares/ST/STM32_USB_Host_Library/Class/MSC/Src/usbh_msc_bot.c ****       if (error == USBH_OK)
 478:Middlewares/ST/STM32_USB_Host_Library/Class/MSC/Src/usbh_msc_bot.c ****       {
 479:Middlewares/ST/STM32_USB_Host_Library/Class/MSC/Src/usbh_msc_bot.c ****         MSC_Handle->hbot.state = BOT_RECEIVE_CSW;
 480:Middlewares/ST/STM32_USB_Host_Library/Class/MSC/Src/usbh_msc_bot.c ****       }
 481:Middlewares/ST/STM32_USB_Host_Library/Class/MSC/Src/usbh_msc_bot.c ****       else if (error == USBH_UNRECOVERED_ERROR)
 482:Middlewares/ST/STM32_USB_Host_Library/Class/MSC/Src/usbh_msc_bot.c ****       {
 483:Middlewares/ST/STM32_USB_Host_Library/Class/MSC/Src/usbh_msc_bot.c ****         /* This means that there is a STALL Error limit, Do Reset Recovery */
 484:Middlewares/ST/STM32_USB_Host_Library/Class/MSC/Src/usbh_msc_bot.c ****         MSC_Handle->hbot.state = BOT_UNRECOVERED_ERROR;
 485:Middlewares/ST/STM32_USB_Host_Library/Class/MSC/Src/usbh_msc_bot.c ****       }
 486:Middlewares/ST/STM32_USB_Host_Library/Class/MSC/Src/usbh_msc_bot.c ****       else
ARM GAS  /tmp/ccY1gsl8.s 			page 10


 487:Middlewares/ST/STM32_USB_Host_Library/Class/MSC/Src/usbh_msc_bot.c ****       {
 488:Middlewares/ST/STM32_USB_Host_Library/Class/MSC/Src/usbh_msc_bot.c ****       }
 489:Middlewares/ST/STM32_USB_Host_Library/Class/MSC/Src/usbh_msc_bot.c ****       break;
 490:Middlewares/ST/STM32_USB_Host_Library/Class/MSC/Src/usbh_msc_bot.c **** 
 491:Middlewares/ST/STM32_USB_Host_Library/Class/MSC/Src/usbh_msc_bot.c ****     case BOT_ERROR_OUT:
 492:Middlewares/ST/STM32_USB_Host_Library/Class/MSC/Src/usbh_msc_bot.c ****       error = USBH_MSC_BOT_Abort(phost, lun, BOT_DIR_OUT);
 493:Middlewares/ST/STM32_USB_Host_Library/Class/MSC/Src/usbh_msc_bot.c **** 
 494:Middlewares/ST/STM32_USB_Host_Library/Class/MSC/Src/usbh_msc_bot.c ****       if (error == USBH_OK)
 495:Middlewares/ST/STM32_USB_Host_Library/Class/MSC/Src/usbh_msc_bot.c ****       {
 496:Middlewares/ST/STM32_USB_Host_Library/Class/MSC/Src/usbh_msc_bot.c **** 
 497:Middlewares/ST/STM32_USB_Host_Library/Class/MSC/Src/usbh_msc_bot.c ****         toggle = USBH_LL_GetToggle(phost, MSC_Handle->OutPipe);
 498:Middlewares/ST/STM32_USB_Host_Library/Class/MSC/Src/usbh_msc_bot.c ****         (void)USBH_LL_SetToggle(phost, MSC_Handle->OutPipe, 1U - toggle);
 499:Middlewares/ST/STM32_USB_Host_Library/Class/MSC/Src/usbh_msc_bot.c ****         (void)USBH_LL_SetToggle(phost, MSC_Handle->InPipe, 0U);
 500:Middlewares/ST/STM32_USB_Host_Library/Class/MSC/Src/usbh_msc_bot.c ****         MSC_Handle->hbot.state = BOT_ERROR_IN;
 501:Middlewares/ST/STM32_USB_Host_Library/Class/MSC/Src/usbh_msc_bot.c ****       }
 502:Middlewares/ST/STM32_USB_Host_Library/Class/MSC/Src/usbh_msc_bot.c ****       else
 503:Middlewares/ST/STM32_USB_Host_Library/Class/MSC/Src/usbh_msc_bot.c ****       {
 504:Middlewares/ST/STM32_USB_Host_Library/Class/MSC/Src/usbh_msc_bot.c ****         if (error == USBH_UNRECOVERED_ERROR)
 505:Middlewares/ST/STM32_USB_Host_Library/Class/MSC/Src/usbh_msc_bot.c ****         {
 506:Middlewares/ST/STM32_USB_Host_Library/Class/MSC/Src/usbh_msc_bot.c ****           MSC_Handle->hbot.state = BOT_UNRECOVERED_ERROR;
 507:Middlewares/ST/STM32_USB_Host_Library/Class/MSC/Src/usbh_msc_bot.c ****         }
 508:Middlewares/ST/STM32_USB_Host_Library/Class/MSC/Src/usbh_msc_bot.c ****       }
 509:Middlewares/ST/STM32_USB_Host_Library/Class/MSC/Src/usbh_msc_bot.c ****       break;
 510:Middlewares/ST/STM32_USB_Host_Library/Class/MSC/Src/usbh_msc_bot.c **** 
 511:Middlewares/ST/STM32_USB_Host_Library/Class/MSC/Src/usbh_msc_bot.c **** 
 512:Middlewares/ST/STM32_USB_Host_Library/Class/MSC/Src/usbh_msc_bot.c ****     case BOT_UNRECOVERED_ERROR:
 513:Middlewares/ST/STM32_USB_Host_Library/Class/MSC/Src/usbh_msc_bot.c ****       status = USBH_MSC_BOT_REQ_Reset(phost);
 514:Middlewares/ST/STM32_USB_Host_Library/Class/MSC/Src/usbh_msc_bot.c ****       if (status == USBH_OK)
 515:Middlewares/ST/STM32_USB_Host_Library/Class/MSC/Src/usbh_msc_bot.c ****       {
 516:Middlewares/ST/STM32_USB_Host_Library/Class/MSC/Src/usbh_msc_bot.c ****         MSC_Handle->hbot.state = BOT_SEND_CBW;
 517:Middlewares/ST/STM32_USB_Host_Library/Class/MSC/Src/usbh_msc_bot.c ****       }
 518:Middlewares/ST/STM32_USB_Host_Library/Class/MSC/Src/usbh_msc_bot.c ****       break;
 519:Middlewares/ST/STM32_USB_Host_Library/Class/MSC/Src/usbh_msc_bot.c **** 
 520:Middlewares/ST/STM32_USB_Host_Library/Class/MSC/Src/usbh_msc_bot.c ****     default:
 521:Middlewares/ST/STM32_USB_Host_Library/Class/MSC/Src/usbh_msc_bot.c ****       break;
 522:Middlewares/ST/STM32_USB_Host_Library/Class/MSC/Src/usbh_msc_bot.c ****   }
 523:Middlewares/ST/STM32_USB_Host_Library/Class/MSC/Src/usbh_msc_bot.c ****   return status;
 524:Middlewares/ST/STM32_USB_Host_Library/Class/MSC/Src/usbh_msc_bot.c **** }
 525:Middlewares/ST/STM32_USB_Host_Library/Class/MSC/Src/usbh_msc_bot.c **** 
 526:Middlewares/ST/STM32_USB_Host_Library/Class/MSC/Src/usbh_msc_bot.c **** /**
 527:Middlewares/ST/STM32_USB_Host_Library/Class/MSC/Src/usbh_msc_bot.c ****   * @brief  USBH_MSC_BOT_Abort
 528:Middlewares/ST/STM32_USB_Host_Library/Class/MSC/Src/usbh_msc_bot.c ****   *         The function handle the BOT Abort process.
 529:Middlewares/ST/STM32_USB_Host_Library/Class/MSC/Src/usbh_msc_bot.c ****   * @param  phost: Host handle
 530:Middlewares/ST/STM32_USB_Host_Library/Class/MSC/Src/usbh_msc_bot.c ****   * @param  lun: Logical Unit Number
 531:Middlewares/ST/STM32_USB_Host_Library/Class/MSC/Src/usbh_msc_bot.c ****   * @param  dir: direction (0: out / 1 : in)
 532:Middlewares/ST/STM32_USB_Host_Library/Class/MSC/Src/usbh_msc_bot.c ****   * @retval USBH Status
 533:Middlewares/ST/STM32_USB_Host_Library/Class/MSC/Src/usbh_msc_bot.c ****   */
 534:Middlewares/ST/STM32_USB_Host_Library/Class/MSC/Src/usbh_msc_bot.c **** static USBH_StatusTypeDef USBH_MSC_BOT_Abort(USBH_HandleTypeDef *phost, uint8_t lun, uint8_t dir)
 535:Middlewares/ST/STM32_USB_Host_Library/Class/MSC/Src/usbh_msc_bot.c **** {
 536:Middlewares/ST/STM32_USB_Host_Library/Class/MSC/Src/usbh_msc_bot.c ****   /* Prevent unused argument(s) compilation warning */
 537:Middlewares/ST/STM32_USB_Host_Library/Class/MSC/Src/usbh_msc_bot.c ****   UNUSED(lun);
 538:Middlewares/ST/STM32_USB_Host_Library/Class/MSC/Src/usbh_msc_bot.c **** 
 539:Middlewares/ST/STM32_USB_Host_Library/Class/MSC/Src/usbh_msc_bot.c ****   USBH_StatusTypeDef status = USBH_FAIL;
 540:Middlewares/ST/STM32_USB_Host_Library/Class/MSC/Src/usbh_msc_bot.c ****   MSC_HandleTypeDef *MSC_Handle = (MSC_HandleTypeDef *) phost->pActiveClass->pData;
 541:Middlewares/ST/STM32_USB_Host_Library/Class/MSC/Src/usbh_msc_bot.c **** 
 542:Middlewares/ST/STM32_USB_Host_Library/Class/MSC/Src/usbh_msc_bot.c ****   switch (dir)
 543:Middlewares/ST/STM32_USB_Host_Library/Class/MSC/Src/usbh_msc_bot.c ****   {
ARM GAS  /tmp/ccY1gsl8.s 			page 11


 544:Middlewares/ST/STM32_USB_Host_Library/Class/MSC/Src/usbh_msc_bot.c ****     case BOT_DIR_IN :
 545:Middlewares/ST/STM32_USB_Host_Library/Class/MSC/Src/usbh_msc_bot.c ****       /* send ClrFeture on Bulk IN endpoint */
 546:Middlewares/ST/STM32_USB_Host_Library/Class/MSC/Src/usbh_msc_bot.c ****       status = USBH_ClrFeature(phost, MSC_Handle->InEp);
 547:Middlewares/ST/STM32_USB_Host_Library/Class/MSC/Src/usbh_msc_bot.c **** 
 548:Middlewares/ST/STM32_USB_Host_Library/Class/MSC/Src/usbh_msc_bot.c ****       break;
 549:Middlewares/ST/STM32_USB_Host_Library/Class/MSC/Src/usbh_msc_bot.c **** 
 550:Middlewares/ST/STM32_USB_Host_Library/Class/MSC/Src/usbh_msc_bot.c ****     case BOT_DIR_OUT :
 551:Middlewares/ST/STM32_USB_Host_Library/Class/MSC/Src/usbh_msc_bot.c ****       /*send ClrFeature on Bulk OUT endpoint */
 552:Middlewares/ST/STM32_USB_Host_Library/Class/MSC/Src/usbh_msc_bot.c ****       status = USBH_ClrFeature(phost, MSC_Handle->OutEp);
 553:Middlewares/ST/STM32_USB_Host_Library/Class/MSC/Src/usbh_msc_bot.c ****       break;
 554:Middlewares/ST/STM32_USB_Host_Library/Class/MSC/Src/usbh_msc_bot.c **** 
 555:Middlewares/ST/STM32_USB_Host_Library/Class/MSC/Src/usbh_msc_bot.c ****     default:
 556:Middlewares/ST/STM32_USB_Host_Library/Class/MSC/Src/usbh_msc_bot.c ****       break;
 557:Middlewares/ST/STM32_USB_Host_Library/Class/MSC/Src/usbh_msc_bot.c ****   }
 558:Middlewares/ST/STM32_USB_Host_Library/Class/MSC/Src/usbh_msc_bot.c ****   return status;
 559:Middlewares/ST/STM32_USB_Host_Library/Class/MSC/Src/usbh_msc_bot.c **** }
 560:Middlewares/ST/STM32_USB_Host_Library/Class/MSC/Src/usbh_msc_bot.c **** 
 561:Middlewares/ST/STM32_USB_Host_Library/Class/MSC/Src/usbh_msc_bot.c **** /**
 562:Middlewares/ST/STM32_USB_Host_Library/Class/MSC/Src/usbh_msc_bot.c ****   * @brief  USBH_MSC_BOT_DecodeCSW
 563:Middlewares/ST/STM32_USB_Host_Library/Class/MSC/Src/usbh_msc_bot.c ****   *         This function decodes the CSW received by the device and updates the
 564:Middlewares/ST/STM32_USB_Host_Library/Class/MSC/Src/usbh_msc_bot.c ****   *         same to upper layer.
 565:Middlewares/ST/STM32_USB_Host_Library/Class/MSC/Src/usbh_msc_bot.c ****   * @param  phost: Host handle
 566:Middlewares/ST/STM32_USB_Host_Library/Class/MSC/Src/usbh_msc_bot.c ****   * @retval USBH Status
 567:Middlewares/ST/STM32_USB_Host_Library/Class/MSC/Src/usbh_msc_bot.c ****   * @notes
 568:Middlewares/ST/STM32_USB_Host_Library/Class/MSC/Src/usbh_msc_bot.c ****   *     Refer to USB Mass-Storage Class : BOT (www.usb.org)
 569:Middlewares/ST/STM32_USB_Host_Library/Class/MSC/Src/usbh_msc_bot.c ****   *    6.3.1 Valid CSW Conditions :
 570:Middlewares/ST/STM32_USB_Host_Library/Class/MSC/Src/usbh_msc_bot.c ****   *     The host shall consider the CSW valid when:
 571:Middlewares/ST/STM32_USB_Host_Library/Class/MSC/Src/usbh_msc_bot.c ****   *     1. dCSWSignature is equal to 53425355h
 572:Middlewares/ST/STM32_USB_Host_Library/Class/MSC/Src/usbh_msc_bot.c ****   *     2. the CSW is 13 (Dh) bytes in length,
 573:Middlewares/ST/STM32_USB_Host_Library/Class/MSC/Src/usbh_msc_bot.c ****   *     3. dCSWTag matches the dCBWTag from the corresponding CBW.
 574:Middlewares/ST/STM32_USB_Host_Library/Class/MSC/Src/usbh_msc_bot.c ****   */
 575:Middlewares/ST/STM32_USB_Host_Library/Class/MSC/Src/usbh_msc_bot.c **** 
 576:Middlewares/ST/STM32_USB_Host_Library/Class/MSC/Src/usbh_msc_bot.c **** static BOT_CSWStatusTypeDef USBH_MSC_DecodeCSW(USBH_HandleTypeDef *phost)
 577:Middlewares/ST/STM32_USB_Host_Library/Class/MSC/Src/usbh_msc_bot.c **** {
  29              		.loc 1 577 1 view -0
  30              		.cfi_startproc
  31              		@ args = 0, pretend = 0, frame = 0
  32              		@ frame_needed = 0, uses_anonymous_args = 0
  33              		.loc 1 577 1 is_stmt 0 view .LVU1
  34 0000 10B5     		push	{r4, lr}
  35              	.LCFI0:
  36              		.cfi_def_cfa_offset 8
  37              		.cfi_offset 4, -8
  38              		.cfi_offset 14, -4
 578:Middlewares/ST/STM32_USB_Host_Library/Class/MSC/Src/usbh_msc_bot.c ****   MSC_HandleTypeDef *MSC_Handle = (MSC_HandleTypeDef *) phost->pActiveClass->pData;
  39              		.loc 1 578 3 is_stmt 1 view .LVU2
  40              		.loc 1 578 62 is_stmt 0 view .LVU3
  41 0002 D0F87C33 		ldr	r3, [r0, #892]
  42              		.loc 1 578 22 view .LVU4
  43 0006 DC69     		ldr	r4, [r3, #28]
  44              	.LVL1:
 579:Middlewares/ST/STM32_USB_Host_Library/Class/MSC/Src/usbh_msc_bot.c ****   BOT_CSWStatusTypeDef status = BOT_CSW_CMD_FAILED;
  45              		.loc 1 579 3 is_stmt 1 view .LVU5
 580:Middlewares/ST/STM32_USB_Host_Library/Class/MSC/Src/usbh_msc_bot.c **** 
 581:Middlewares/ST/STM32_USB_Host_Library/Class/MSC/Src/usbh_msc_bot.c ****   /*Checking if the transfer length is different than 13*/
 582:Middlewares/ST/STM32_USB_Host_Library/Class/MSC/Src/usbh_msc_bot.c ****   if (USBH_LL_GetLastXferSize(phost, MSC_Handle->InPipe) != BOT_CSW_LENGTH)
  46              		.loc 1 582 3 view .LVU6
ARM GAS  /tmp/ccY1gsl8.s 			page 12


  47              		.loc 1 582 7 is_stmt 0 view .LVU7
  48 0008 2179     		ldrb	r1, [r4, #4]	@ zero_extendqisi2
  49 000a FFF7FEFF 		bl	USBH_LL_GetLastXferSize
  50              	.LVL2:
  51              		.loc 1 582 6 discriminator 1 view .LVU8
  52 000e 0D28     		cmp	r0, #13
  53 0010 01D0     		beq	.L7
 583:Middlewares/ST/STM32_USB_Host_Library/Class/MSC/Src/usbh_msc_bot.c ****   {
 584:Middlewares/ST/STM32_USB_Host_Library/Class/MSC/Src/usbh_msc_bot.c ****     /*(4) Hi > Dn (Host expects to receive data from the device,
 585:Middlewares/ST/STM32_USB_Host_Library/Class/MSC/Src/usbh_msc_bot.c ****     Device intends to transfer no data)
 586:Middlewares/ST/STM32_USB_Host_Library/Class/MSC/Src/usbh_msc_bot.c ****     (5) Hi > Di (Host expects to receive data from the device,
 587:Middlewares/ST/STM32_USB_Host_Library/Class/MSC/Src/usbh_msc_bot.c ****     Device intends to send data to the host)
 588:Middlewares/ST/STM32_USB_Host_Library/Class/MSC/Src/usbh_msc_bot.c ****     (9) Ho > Dn (Host expects to send data to the device,
 589:Middlewares/ST/STM32_USB_Host_Library/Class/MSC/Src/usbh_msc_bot.c ****     Device intends to transfer no data)
 590:Middlewares/ST/STM32_USB_Host_Library/Class/MSC/Src/usbh_msc_bot.c ****     (11) Ho > Do  (Host expects to send data to the device,
 591:Middlewares/ST/STM32_USB_Host_Library/Class/MSC/Src/usbh_msc_bot.c ****     Device intends to receive data from the host)*/
 592:Middlewares/ST/STM32_USB_Host_Library/Class/MSC/Src/usbh_msc_bot.c **** 
 593:Middlewares/ST/STM32_USB_Host_Library/Class/MSC/Src/usbh_msc_bot.c **** 
 594:Middlewares/ST/STM32_USB_Host_Library/Class/MSC/Src/usbh_msc_bot.c ****     status = BOT_CSW_PHASE_ERROR;
  54              		.loc 1 594 12 view .LVU9
  55 0012 0220     		movs	r0, #2
  56              	.L2:
  57              	.LVL3:
 595:Middlewares/ST/STM32_USB_Host_Library/Class/MSC/Src/usbh_msc_bot.c ****   }
 596:Middlewares/ST/STM32_USB_Host_Library/Class/MSC/Src/usbh_msc_bot.c ****   else
 597:Middlewares/ST/STM32_USB_Host_Library/Class/MSC/Src/usbh_msc_bot.c ****   {
 598:Middlewares/ST/STM32_USB_Host_Library/Class/MSC/Src/usbh_msc_bot.c ****     /* CSW length is Correct */
 599:Middlewares/ST/STM32_USB_Host_Library/Class/MSC/Src/usbh_msc_bot.c **** 
 600:Middlewares/ST/STM32_USB_Host_Library/Class/MSC/Src/usbh_msc_bot.c ****     /* Check validity of the CSW Signature and CSWStatus */
 601:Middlewares/ST/STM32_USB_Host_Library/Class/MSC/Src/usbh_msc_bot.c ****     if (MSC_Handle->hbot.csw.field.Signature == BOT_CSW_SIGNATURE)
 602:Middlewares/ST/STM32_USB_Host_Library/Class/MSC/Src/usbh_msc_bot.c ****     {
 603:Middlewares/ST/STM32_USB_Host_Library/Class/MSC/Src/usbh_msc_bot.c ****       /* Check Condition 1. dCSWSignature is equal to 53425355h */
 604:Middlewares/ST/STM32_USB_Host_Library/Class/MSC/Src/usbh_msc_bot.c **** 
 605:Middlewares/ST/STM32_USB_Host_Library/Class/MSC/Src/usbh_msc_bot.c ****       if (MSC_Handle->hbot.csw.field.Tag == MSC_Handle->hbot.cbw.field.Tag)
 606:Middlewares/ST/STM32_USB_Host_Library/Class/MSC/Src/usbh_msc_bot.c ****       {
 607:Middlewares/ST/STM32_USB_Host_Library/Class/MSC/Src/usbh_msc_bot.c ****         /* Check Condition 3. dCSWTag matches the dCBWTag from the
 608:Middlewares/ST/STM32_USB_Host_Library/Class/MSC/Src/usbh_msc_bot.c ****         corresponding CBW */
 609:Middlewares/ST/STM32_USB_Host_Library/Class/MSC/Src/usbh_msc_bot.c **** 
 610:Middlewares/ST/STM32_USB_Host_Library/Class/MSC/Src/usbh_msc_bot.c ****         if (MSC_Handle->hbot.csw.field.Status == 0U)
 611:Middlewares/ST/STM32_USB_Host_Library/Class/MSC/Src/usbh_msc_bot.c ****         {
 612:Middlewares/ST/STM32_USB_Host_Library/Class/MSC/Src/usbh_msc_bot.c ****           /* Refer to USB Mass-Storage Class : BOT (www.usb.org)
 613:Middlewares/ST/STM32_USB_Host_Library/Class/MSC/Src/usbh_msc_bot.c **** 
 614:Middlewares/ST/STM32_USB_Host_Library/Class/MSC/Src/usbh_msc_bot.c ****           Hn Host expects no data transfers
 615:Middlewares/ST/STM32_USB_Host_Library/Class/MSC/Src/usbh_msc_bot.c ****           Hi Host expects to receive data from the device
 616:Middlewares/ST/STM32_USB_Host_Library/Class/MSC/Src/usbh_msc_bot.c ****           Ho Host expects to send data to the device
 617:Middlewares/ST/STM32_USB_Host_Library/Class/MSC/Src/usbh_msc_bot.c **** 
 618:Middlewares/ST/STM32_USB_Host_Library/Class/MSC/Src/usbh_msc_bot.c ****           Dn Device intends to transfer no data
 619:Middlewares/ST/STM32_USB_Host_Library/Class/MSC/Src/usbh_msc_bot.c ****           Di Device intends to send data to the host
 620:Middlewares/ST/STM32_USB_Host_Library/Class/MSC/Src/usbh_msc_bot.c ****           Do Device intends to receive data from the host
 621:Middlewares/ST/STM32_USB_Host_Library/Class/MSC/Src/usbh_msc_bot.c **** 
 622:Middlewares/ST/STM32_USB_Host_Library/Class/MSC/Src/usbh_msc_bot.c ****           Section 6.7
 623:Middlewares/ST/STM32_USB_Host_Library/Class/MSC/Src/usbh_msc_bot.c ****           (1) Hn = Dn (Host expects no data transfers,
 624:Middlewares/ST/STM32_USB_Host_Library/Class/MSC/Src/usbh_msc_bot.c ****           Device intends to transfer no data)
 625:Middlewares/ST/STM32_USB_Host_Library/Class/MSC/Src/usbh_msc_bot.c ****           (6) Hi = Di (Host expects to receive data from the device,
 626:Middlewares/ST/STM32_USB_Host_Library/Class/MSC/Src/usbh_msc_bot.c ****           Device intends to send data to the host)
 627:Middlewares/ST/STM32_USB_Host_Library/Class/MSC/Src/usbh_msc_bot.c ****           (12) Ho = Do (Host expects to send data to the device,
 628:Middlewares/ST/STM32_USB_Host_Library/Class/MSC/Src/usbh_msc_bot.c ****           Device intends to receive data from the host)
ARM GAS  /tmp/ccY1gsl8.s 			page 13


 629:Middlewares/ST/STM32_USB_Host_Library/Class/MSC/Src/usbh_msc_bot.c **** 
 630:Middlewares/ST/STM32_USB_Host_Library/Class/MSC/Src/usbh_msc_bot.c ****           */
 631:Middlewares/ST/STM32_USB_Host_Library/Class/MSC/Src/usbh_msc_bot.c **** 
 632:Middlewares/ST/STM32_USB_Host_Library/Class/MSC/Src/usbh_msc_bot.c ****           status = BOT_CSW_CMD_PASSED;
 633:Middlewares/ST/STM32_USB_Host_Library/Class/MSC/Src/usbh_msc_bot.c ****         }
 634:Middlewares/ST/STM32_USB_Host_Library/Class/MSC/Src/usbh_msc_bot.c ****         else if (MSC_Handle->hbot.csw.field.Status == 1U)
 635:Middlewares/ST/STM32_USB_Host_Library/Class/MSC/Src/usbh_msc_bot.c ****         {
 636:Middlewares/ST/STM32_USB_Host_Library/Class/MSC/Src/usbh_msc_bot.c ****           status = BOT_CSW_CMD_FAILED;
 637:Middlewares/ST/STM32_USB_Host_Library/Class/MSC/Src/usbh_msc_bot.c ****         }
 638:Middlewares/ST/STM32_USB_Host_Library/Class/MSC/Src/usbh_msc_bot.c **** 
 639:Middlewares/ST/STM32_USB_Host_Library/Class/MSC/Src/usbh_msc_bot.c ****         else if (MSC_Handle->hbot.csw.field.Status == 2U)
 640:Middlewares/ST/STM32_USB_Host_Library/Class/MSC/Src/usbh_msc_bot.c ****         {
 641:Middlewares/ST/STM32_USB_Host_Library/Class/MSC/Src/usbh_msc_bot.c ****           /* Refer to USB Mass-Storage Class : BOT (www.usb.org)
 642:Middlewares/ST/STM32_USB_Host_Library/Class/MSC/Src/usbh_msc_bot.c ****           Section 6.7
 643:Middlewares/ST/STM32_USB_Host_Library/Class/MSC/Src/usbh_msc_bot.c ****           (2) Hn < Di ( Host expects no data transfers,
 644:Middlewares/ST/STM32_USB_Host_Library/Class/MSC/Src/usbh_msc_bot.c ****           Device intends to send data to the host)
 645:Middlewares/ST/STM32_USB_Host_Library/Class/MSC/Src/usbh_msc_bot.c ****           (3) Hn < Do ( Host expects no data transfers,
 646:Middlewares/ST/STM32_USB_Host_Library/Class/MSC/Src/usbh_msc_bot.c ****           Device intends to receive data from the host)
 647:Middlewares/ST/STM32_USB_Host_Library/Class/MSC/Src/usbh_msc_bot.c ****           (7) Hi < Di ( Host expects to receive data from the device,
 648:Middlewares/ST/STM32_USB_Host_Library/Class/MSC/Src/usbh_msc_bot.c ****           Device intends to send data to the host)
 649:Middlewares/ST/STM32_USB_Host_Library/Class/MSC/Src/usbh_msc_bot.c ****           (8) Hi <> Do ( Host expects to receive data from the device,
 650:Middlewares/ST/STM32_USB_Host_Library/Class/MSC/Src/usbh_msc_bot.c ****           Device intends to receive data from the host)
 651:Middlewares/ST/STM32_USB_Host_Library/Class/MSC/Src/usbh_msc_bot.c ****           (10) Ho <> Di (Host expects to send data to the device,
 652:Middlewares/ST/STM32_USB_Host_Library/Class/MSC/Src/usbh_msc_bot.c ****           Di Device intends to send data to the host)
 653:Middlewares/ST/STM32_USB_Host_Library/Class/MSC/Src/usbh_msc_bot.c ****           (13) Ho < Do (Host expects to send data to the device,
 654:Middlewares/ST/STM32_USB_Host_Library/Class/MSC/Src/usbh_msc_bot.c ****           Device intends to receive data from the host)
 655:Middlewares/ST/STM32_USB_Host_Library/Class/MSC/Src/usbh_msc_bot.c ****           */
 656:Middlewares/ST/STM32_USB_Host_Library/Class/MSC/Src/usbh_msc_bot.c **** 
 657:Middlewares/ST/STM32_USB_Host_Library/Class/MSC/Src/usbh_msc_bot.c ****           status = BOT_CSW_PHASE_ERROR;
 658:Middlewares/ST/STM32_USB_Host_Library/Class/MSC/Src/usbh_msc_bot.c ****         }
 659:Middlewares/ST/STM32_USB_Host_Library/Class/MSC/Src/usbh_msc_bot.c ****         else
 660:Middlewares/ST/STM32_USB_Host_Library/Class/MSC/Src/usbh_msc_bot.c ****         {
 661:Middlewares/ST/STM32_USB_Host_Library/Class/MSC/Src/usbh_msc_bot.c ****         }
 662:Middlewares/ST/STM32_USB_Host_Library/Class/MSC/Src/usbh_msc_bot.c ****       } /* CSW Tag Matching is Checked  */
 663:Middlewares/ST/STM32_USB_Host_Library/Class/MSC/Src/usbh_msc_bot.c ****     } /* CSW Signature Correct Checking */
 664:Middlewares/ST/STM32_USB_Host_Library/Class/MSC/Src/usbh_msc_bot.c ****     else
 665:Middlewares/ST/STM32_USB_Host_Library/Class/MSC/Src/usbh_msc_bot.c ****     {
 666:Middlewares/ST/STM32_USB_Host_Library/Class/MSC/Src/usbh_msc_bot.c ****       /* If the CSW Signature is not valid, We sall return the Phase Error to
 667:Middlewares/ST/STM32_USB_Host_Library/Class/MSC/Src/usbh_msc_bot.c ****       Upper Layers for Reset Recovery */
 668:Middlewares/ST/STM32_USB_Host_Library/Class/MSC/Src/usbh_msc_bot.c **** 
 669:Middlewares/ST/STM32_USB_Host_Library/Class/MSC/Src/usbh_msc_bot.c ****       status = BOT_CSW_PHASE_ERROR;
 670:Middlewares/ST/STM32_USB_Host_Library/Class/MSC/Src/usbh_msc_bot.c ****     }
 671:Middlewares/ST/STM32_USB_Host_Library/Class/MSC/Src/usbh_msc_bot.c ****   } /* CSW Length Check*/
 672:Middlewares/ST/STM32_USB_Host_Library/Class/MSC/Src/usbh_msc_bot.c **** 
 673:Middlewares/ST/STM32_USB_Host_Library/Class/MSC/Src/usbh_msc_bot.c ****   return status;
  58              		.loc 1 673 3 is_stmt 1 view .LVU10
 674:Middlewares/ST/STM32_USB_Host_Library/Class/MSC/Src/usbh_msc_bot.c **** }
  59              		.loc 1 674 1 is_stmt 0 view .LVU11
  60 0014 10BD     		pop	{r4, pc}
  61              	.LVL4:
  62              	.L7:
 601:Middlewares/ST/STM32_USB_Host_Library/Class/MSC/Src/usbh_msc_bot.c ****     {
  63              		.loc 1 601 5 is_stmt 1 view .LVU12
 601:Middlewares/ST/STM32_USB_Host_Library/Class/MSC/Src/usbh_msc_bot.c ****     {
  64              		.loc 1 601 35 is_stmt 0 view .LVU13
  65 0016 A26F     		ldr	r2, [r4, #120]
 601:Middlewares/ST/STM32_USB_Host_Library/Class/MSC/Src/usbh_msc_bot.c ****     {
ARM GAS  /tmp/ccY1gsl8.s 			page 14


  66              		.loc 1 601 8 view .LVU14
  67 0018 0A4B     		ldr	r3, .L10
  68 001a 9A42     		cmp	r2, r3
  69 001c 01D0     		beq	.L8
 669:Middlewares/ST/STM32_USB_Host_Library/Class/MSC/Src/usbh_msc_bot.c ****     }
  70              		.loc 1 669 14 view .LVU15
  71 001e 0220     		movs	r0, #2
  72 0020 F8E7     		b	.L2
  73              	.L8:
 605:Middlewares/ST/STM32_USB_Host_Library/Class/MSC/Src/usbh_msc_bot.c ****       {
  74              		.loc 1 605 7 is_stmt 1 view .LVU16
 605:Middlewares/ST/STM32_USB_Host_Library/Class/MSC/Src/usbh_msc_bot.c ****       {
  75              		.loc 1 605 37 is_stmt 0 view .LVU17
  76 0022 E26F     		ldr	r2, [r4, #124]
 605:Middlewares/ST/STM32_USB_Host_Library/Class/MSC/Src/usbh_msc_bot.c ****       {
  77              		.loc 1 605 71 view .LVU18
  78 0024 A36D     		ldr	r3, [r4, #88]
 605:Middlewares/ST/STM32_USB_Host_Library/Class/MSC/Src/usbh_msc_bot.c ****       {
  79              		.loc 1 605 10 view .LVU19
  80 0026 9A42     		cmp	r2, r3
  81 0028 01D0     		beq	.L9
 579:Middlewares/ST/STM32_USB_Host_Library/Class/MSC/Src/usbh_msc_bot.c **** 
  82              		.loc 1 579 24 view .LVU20
  83 002a 0120     		movs	r0, #1
  84 002c F2E7     		b	.L2
  85              	.L9:
 610:Middlewares/ST/STM32_USB_Host_Library/Class/MSC/Src/usbh_msc_bot.c ****         {
  86              		.loc 1 610 9 is_stmt 1 view .LVU21
 610:Middlewares/ST/STM32_USB_Host_Library/Class/MSC/Src/usbh_msc_bot.c ****         {
  87              		.loc 1 610 39 is_stmt 0 view .LVU22
  88 002e 94F88400 		ldrb	r0, [r4, #132]	@ zero_extendqisi2
 610:Middlewares/ST/STM32_USB_Host_Library/Class/MSC/Src/usbh_msc_bot.c ****         {
  89              		.loc 1 610 12 view .LVU23
  90 0032 0028     		cmp	r0, #0
  91 0034 EED0     		beq	.L2
 634:Middlewares/ST/STM32_USB_Host_Library/Class/MSC/Src/usbh_msc_bot.c ****         {
  92              		.loc 1 634 14 is_stmt 1 view .LVU24
 634:Middlewares/ST/STM32_USB_Host_Library/Class/MSC/Src/usbh_msc_bot.c ****         {
  93              		.loc 1 634 17 is_stmt 0 view .LVU25
  94 0036 0128     		cmp	r0, #1
  95 0038 ECD0     		beq	.L2
 639:Middlewares/ST/STM32_USB_Host_Library/Class/MSC/Src/usbh_msc_bot.c ****         {
  96              		.loc 1 639 14 is_stmt 1 view .LVU26
 639:Middlewares/ST/STM32_USB_Host_Library/Class/MSC/Src/usbh_msc_bot.c ****         {
  97              		.loc 1 639 17 is_stmt 0 view .LVU27
  98 003a 0228     		cmp	r0, #2
  99 003c EAD0     		beq	.L2
 579:Middlewares/ST/STM32_USB_Host_Library/Class/MSC/Src/usbh_msc_bot.c **** 
 100              		.loc 1 579 24 view .LVU28
 101 003e 0120     		movs	r0, #1
 102 0040 E8E7     		b	.L2
 103              	.L11:
 104 0042 00BF     		.align	2
 105              	.L10:
 106 0044 55534253 		.word	1396855637
 107              		.cfi_endproc
 108              	.LFE138:
ARM GAS  /tmp/ccY1gsl8.s 			page 15


 110              		.section	.text.USBH_MSC_BOT_Abort,"ax",%progbits
 111              		.align	1
 112              		.syntax unified
 113              		.thumb
 114              		.thumb_func
 116              	USBH_MSC_BOT_Abort:
 117              	.LVL5:
 118              	.LFB137:
 535:Middlewares/ST/STM32_USB_Host_Library/Class/MSC/Src/usbh_msc_bot.c ****   /* Prevent unused argument(s) compilation warning */
 119              		.loc 1 535 1 is_stmt 1 view -0
 120              		.cfi_startproc
 121              		@ args = 0, pretend = 0, frame = 0
 122              		@ frame_needed = 0, uses_anonymous_args = 0
 535:Middlewares/ST/STM32_USB_Host_Library/Class/MSC/Src/usbh_msc_bot.c ****   /* Prevent unused argument(s) compilation warning */
 123              		.loc 1 535 1 is_stmt 0 view .LVU30
 124 0000 08B5     		push	{r3, lr}
 125              	.LCFI1:
 126              		.cfi_def_cfa_offset 8
 127              		.cfi_offset 3, -8
 128              		.cfi_offset 14, -4
 537:Middlewares/ST/STM32_USB_Host_Library/Class/MSC/Src/usbh_msc_bot.c **** 
 129              		.loc 1 537 3 is_stmt 1 view .LVU31
 539:Middlewares/ST/STM32_USB_Host_Library/Class/MSC/Src/usbh_msc_bot.c ****   MSC_HandleTypeDef *MSC_Handle = (MSC_HandleTypeDef *) phost->pActiveClass->pData;
 130              		.loc 1 539 3 view .LVU32
 131              	.LVL6:
 540:Middlewares/ST/STM32_USB_Host_Library/Class/MSC/Src/usbh_msc_bot.c **** 
 132              		.loc 1 540 3 view .LVU33
 540:Middlewares/ST/STM32_USB_Host_Library/Class/MSC/Src/usbh_msc_bot.c **** 
 133              		.loc 1 540 62 is_stmt 0 view .LVU34
 134 0002 D0F87C33 		ldr	r3, [r0, #892]
 540:Middlewares/ST/STM32_USB_Host_Library/Class/MSC/Src/usbh_msc_bot.c **** 
 135              		.loc 1 540 22 view .LVU35
 136 0006 DB69     		ldr	r3, [r3, #28]
 137              	.LVL7:
 542:Middlewares/ST/STM32_USB_Host_Library/Class/MSC/Src/usbh_msc_bot.c ****   {
 138              		.loc 1 542 3 is_stmt 1 view .LVU36
 139 0008 1AB1     		cbz	r2, .L13
 140 000a 012A     		cmp	r2, #1
 141 000c 05D0     		beq	.L14
 142 000e 0220     		movs	r0, #2
 143              	.LVL8:
 542:Middlewares/ST/STM32_USB_Host_Library/Class/MSC/Src/usbh_msc_bot.c ****   {
 144              		.loc 1 542 3 is_stmt 0 view .LVU37
 145 0010 02E0     		b	.L15
 146              	.LVL9:
 147              	.L13:
 546:Middlewares/ST/STM32_USB_Host_Library/Class/MSC/Src/usbh_msc_bot.c **** 
 148              		.loc 1 546 7 is_stmt 1 view .LVU38
 546:Middlewares/ST/STM32_USB_Host_Library/Class/MSC/Src/usbh_msc_bot.c **** 
 149              		.loc 1 546 16 is_stmt 0 view .LVU39
 150 0012 D979     		ldrb	r1, [r3, #7]	@ zero_extendqisi2
 151              	.LVL10:
 546:Middlewares/ST/STM32_USB_Host_Library/Class/MSC/Src/usbh_msc_bot.c **** 
 152              		.loc 1 546 16 view .LVU40
 153 0014 FFF7FEFF 		bl	USBH_ClrFeature
 154              	.LVL11:
 548:Middlewares/ST/STM32_USB_Host_Library/Class/MSC/Src/usbh_msc_bot.c **** 
ARM GAS  /tmp/ccY1gsl8.s 			page 16


 155              		.loc 1 548 7 is_stmt 1 view .LVU41
 156              	.L15:
 558:Middlewares/ST/STM32_USB_Host_Library/Class/MSC/Src/usbh_msc_bot.c **** }
 157              		.loc 1 558 3 view .LVU42
 559:Middlewares/ST/STM32_USB_Host_Library/Class/MSC/Src/usbh_msc_bot.c **** 
 158              		.loc 1 559 1 is_stmt 0 view .LVU43
 159 0018 08BD     		pop	{r3, pc}
 160              	.LVL12:
 161              	.L14:
 552:Middlewares/ST/STM32_USB_Host_Library/Class/MSC/Src/usbh_msc_bot.c ****       break;
 162              		.loc 1 552 7 is_stmt 1 view .LVU44
 552:Middlewares/ST/STM32_USB_Host_Library/Class/MSC/Src/usbh_msc_bot.c ****       break;
 163              		.loc 1 552 16 is_stmt 0 view .LVU45
 164 001a 9979     		ldrb	r1, [r3, #6]	@ zero_extendqisi2
 165              	.LVL13:
 552:Middlewares/ST/STM32_USB_Host_Library/Class/MSC/Src/usbh_msc_bot.c ****       break;
 166              		.loc 1 552 16 view .LVU46
 167 001c FFF7FEFF 		bl	USBH_ClrFeature
 168              	.LVL14:
 553:Middlewares/ST/STM32_USB_Host_Library/Class/MSC/Src/usbh_msc_bot.c **** 
 169              		.loc 1 553 7 is_stmt 1 view .LVU47
 170 0020 FAE7     		b	.L15
 171              		.cfi_endproc
 172              	.LFE137:
 174              		.section	.text.USBH_MSC_BOT_REQ_Reset,"ax",%progbits
 175              		.align	1
 176              		.global	USBH_MSC_BOT_REQ_Reset
 177              		.syntax unified
 178              		.thumb
 179              		.thumb_func
 181              	USBH_MSC_BOT_REQ_Reset:
 182              	.LVL15:
 183              	.LFB133:
 109:Middlewares/ST/STM32_USB_Host_Library/Class/MSC/Src/usbh_msc_bot.c **** 
 184              		.loc 1 109 1 view -0
 185              		.cfi_startproc
 186              		@ args = 0, pretend = 0, frame = 0
 187              		@ frame_needed = 0, uses_anonymous_args = 0
 109:Middlewares/ST/STM32_USB_Host_Library/Class/MSC/Src/usbh_msc_bot.c **** 
 188              		.loc 1 109 1 is_stmt 0 view .LVU49
 189 0000 08B5     		push	{r3, lr}
 190              	.LCFI2:
 191              		.cfi_def_cfa_offset 8
 192              		.cfi_offset 3, -8
 193              		.cfi_offset 14, -4
 111:Middlewares/ST/STM32_USB_Host_Library/Class/MSC/Src/usbh_msc_bot.c ****                                          | USB_REQ_RECIPIENT_INTERFACE;
 194              		.loc 1 111 3 is_stmt 1 view .LVU50
 111:Middlewares/ST/STM32_USB_Host_Library/Class/MSC/Src/usbh_msc_bot.c ****                                          | USB_REQ_RECIPIENT_INTERFACE;
 195              		.loc 1 111 40 is_stmt 0 view .LVU51
 196 0002 2122     		movs	r2, #33
 197 0004 0274     		strb	r2, [r0, #16]
 114:Middlewares/ST/STM32_USB_Host_Library/Class/MSC/Src/usbh_msc_bot.c ****   phost->Control.setup.b.wValue.w = 0U;
 198              		.loc 1 114 3 is_stmt 1 view .LVU52
 114:Middlewares/ST/STM32_USB_Host_Library/Class/MSC/Src/usbh_msc_bot.c ****   phost->Control.setup.b.wValue.w = 0U;
 199              		.loc 1 114 35 is_stmt 0 view .LVU53
 200 0006 FF22     		movs	r2, #255
 201 0008 4274     		strb	r2, [r0, #17]
ARM GAS  /tmp/ccY1gsl8.s 			page 17


 115:Middlewares/ST/STM32_USB_Host_Library/Class/MSC/Src/usbh_msc_bot.c ****   phost->Control.setup.b.wIndex.w = 0U;
 202              		.loc 1 115 3 is_stmt 1 view .LVU54
 115:Middlewares/ST/STM32_USB_Host_Library/Class/MSC/Src/usbh_msc_bot.c ****   phost->Control.setup.b.wIndex.w = 0U;
 203              		.loc 1 115 35 is_stmt 0 view .LVU55
 204 000a 0021     		movs	r1, #0
 205 000c 4182     		strh	r1, [r0, #18]	@ movhi
 116:Middlewares/ST/STM32_USB_Host_Library/Class/MSC/Src/usbh_msc_bot.c ****   phost->Control.setup.b.wLength.w = 0U;
 206              		.loc 1 116 3 is_stmt 1 view .LVU56
 116:Middlewares/ST/STM32_USB_Host_Library/Class/MSC/Src/usbh_msc_bot.c ****   phost->Control.setup.b.wLength.w = 0U;
 207              		.loc 1 116 35 is_stmt 0 view .LVU57
 208 000e 8182     		strh	r1, [r0, #20]	@ movhi
 117:Middlewares/ST/STM32_USB_Host_Library/Class/MSC/Src/usbh_msc_bot.c **** 
 209              		.loc 1 117 3 is_stmt 1 view .LVU58
 117:Middlewares/ST/STM32_USB_Host_Library/Class/MSC/Src/usbh_msc_bot.c **** 
 210              		.loc 1 117 36 is_stmt 0 view .LVU59
 211 0010 C182     		strh	r1, [r0, #22]	@ movhi
 119:Middlewares/ST/STM32_USB_Host_Library/Class/MSC/Src/usbh_msc_bot.c **** }
 212              		.loc 1 119 3 is_stmt 1 view .LVU60
 119:Middlewares/ST/STM32_USB_Host_Library/Class/MSC/Src/usbh_msc_bot.c **** }
 213              		.loc 1 119 10 is_stmt 0 view .LVU61
 214 0012 0A46     		mov	r2, r1
 215 0014 FFF7FEFF 		bl	USBH_CtlReq
 216              	.LVL16:
 120:Middlewares/ST/STM32_USB_Host_Library/Class/MSC/Src/usbh_msc_bot.c **** 
 217              		.loc 1 120 1 view .LVU62
 218 0018 08BD     		pop	{r3, pc}
 219              		.cfi_endproc
 220              	.LFE133:
 222              		.section	.text.USBH_MSC_BOT_REQ_GetMaxLUN,"ax",%progbits
 223              		.align	1
 224              		.global	USBH_MSC_BOT_REQ_GetMaxLUN
 225              		.syntax unified
 226              		.thumb
 227              		.thumb_func
 229              	USBH_MSC_BOT_REQ_GetMaxLUN:
 230              	.LVL17:
 231              	.LFB134:
 130:Middlewares/ST/STM32_USB_Host_Library/Class/MSC/Src/usbh_msc_bot.c ****   phost->Control.setup.b.bmRequestType = USB_D2H | USB_REQ_TYPE_CLASS
 232              		.loc 1 130 1 is_stmt 1 view -0
 233              		.cfi_startproc
 234              		@ args = 0, pretend = 0, frame = 0
 235              		@ frame_needed = 0, uses_anonymous_args = 0
 130:Middlewares/ST/STM32_USB_Host_Library/Class/MSC/Src/usbh_msc_bot.c ****   phost->Control.setup.b.bmRequestType = USB_D2H | USB_REQ_TYPE_CLASS
 236              		.loc 1 130 1 is_stmt 0 view .LVU64
 237 0000 08B5     		push	{r3, lr}
 238              	.LCFI3:
 239              		.cfi_def_cfa_offset 8
 240              		.cfi_offset 3, -8
 241              		.cfi_offset 14, -4
 131:Middlewares/ST/STM32_USB_Host_Library/Class/MSC/Src/usbh_msc_bot.c ****                                          | USB_REQ_RECIPIENT_INTERFACE;
 242              		.loc 1 131 3 is_stmt 1 view .LVU65
 131:Middlewares/ST/STM32_USB_Host_Library/Class/MSC/Src/usbh_msc_bot.c ****                                          | USB_REQ_RECIPIENT_INTERFACE;
 243              		.loc 1 131 40 is_stmt 0 view .LVU66
 244 0002 A122     		movs	r2, #161
 245 0004 0274     		strb	r2, [r0, #16]
 134:Middlewares/ST/STM32_USB_Host_Library/Class/MSC/Src/usbh_msc_bot.c ****   phost->Control.setup.b.wValue.w = 0U;
 246              		.loc 1 134 3 is_stmt 1 view .LVU67
ARM GAS  /tmp/ccY1gsl8.s 			page 18


 134:Middlewares/ST/STM32_USB_Host_Library/Class/MSC/Src/usbh_msc_bot.c ****   phost->Control.setup.b.wValue.w = 0U;
 247              		.loc 1 134 35 is_stmt 0 view .LVU68
 248 0006 FE22     		movs	r2, #254
 249 0008 4274     		strb	r2, [r0, #17]
 135:Middlewares/ST/STM32_USB_Host_Library/Class/MSC/Src/usbh_msc_bot.c ****   phost->Control.setup.b.wIndex.w = 0U;
 250              		.loc 1 135 3 is_stmt 1 view .LVU69
 135:Middlewares/ST/STM32_USB_Host_Library/Class/MSC/Src/usbh_msc_bot.c ****   phost->Control.setup.b.wIndex.w = 0U;
 251              		.loc 1 135 35 is_stmt 0 view .LVU70
 252 000a 0022     		movs	r2, #0
 253 000c 4282     		strh	r2, [r0, #18]	@ movhi
 136:Middlewares/ST/STM32_USB_Host_Library/Class/MSC/Src/usbh_msc_bot.c ****   phost->Control.setup.b.wLength.w = 1U;
 254              		.loc 1 136 3 is_stmt 1 view .LVU71
 136:Middlewares/ST/STM32_USB_Host_Library/Class/MSC/Src/usbh_msc_bot.c ****   phost->Control.setup.b.wLength.w = 1U;
 255              		.loc 1 136 35 is_stmt 0 view .LVU72
 256 000e 8282     		strh	r2, [r0, #20]	@ movhi
 137:Middlewares/ST/STM32_USB_Host_Library/Class/MSC/Src/usbh_msc_bot.c **** 
 257              		.loc 1 137 3 is_stmt 1 view .LVU73
 137:Middlewares/ST/STM32_USB_Host_Library/Class/MSC/Src/usbh_msc_bot.c **** 
 258              		.loc 1 137 36 is_stmt 0 view .LVU74
 259 0010 0122     		movs	r2, #1
 260 0012 C282     		strh	r2, [r0, #22]	@ movhi
 139:Middlewares/ST/STM32_USB_Host_Library/Class/MSC/Src/usbh_msc_bot.c **** }
 261              		.loc 1 139 3 is_stmt 1 view .LVU75
 139:Middlewares/ST/STM32_USB_Host_Library/Class/MSC/Src/usbh_msc_bot.c **** }
 262              		.loc 1 139 10 is_stmt 0 view .LVU76
 263 0014 FFF7FEFF 		bl	USBH_CtlReq
 264              	.LVL18:
 140:Middlewares/ST/STM32_USB_Host_Library/Class/MSC/Src/usbh_msc_bot.c **** 
 265              		.loc 1 140 1 view .LVU77
 266 0018 08BD     		pop	{r3, pc}
 267              		.cfi_endproc
 268              	.LFE134:
 270              		.section	.text.USBH_MSC_BOT_Init,"ax",%progbits
 271              		.align	1
 272              		.global	USBH_MSC_BOT_Init
 273              		.syntax unified
 274              		.thumb
 275              		.thumb_func
 277              	USBH_MSC_BOT_Init:
 278              	.LVL19:
 279              	.LFB135:
 151:Middlewares/ST/STM32_USB_Host_Library/Class/MSC/Src/usbh_msc_bot.c **** 
 280              		.loc 1 151 1 is_stmt 1 view -0
 281              		.cfi_startproc
 282              		@ args = 0, pretend = 0, frame = 0
 283              		@ frame_needed = 0, uses_anonymous_args = 0
 284              		@ link register save eliminated.
 153:Middlewares/ST/STM32_USB_Host_Library/Class/MSC/Src/usbh_msc_bot.c **** 
 285              		.loc 1 153 3 view .LVU79
 153:Middlewares/ST/STM32_USB_Host_Library/Class/MSC/Src/usbh_msc_bot.c **** 
 286              		.loc 1 153 62 is_stmt 0 view .LVU80
 287 0000 D0F87C33 		ldr	r3, [r0, #892]
 153:Middlewares/ST/STM32_USB_Host_Library/Class/MSC/Src/usbh_msc_bot.c **** 
 288              		.loc 1 153 22 view .LVU81
 289 0004 DB69     		ldr	r3, [r3, #28]
 290              	.LVL20:
 155:Middlewares/ST/STM32_USB_Host_Library/Class/MSC/Src/usbh_msc_bot.c ****   MSC_Handle->hbot.cbw.field.Tag = BOT_CBW_TAG;
ARM GAS  /tmp/ccY1gsl8.s 			page 19


 291              		.loc 1 155 3 is_stmt 1 view .LVU82
 155:Middlewares/ST/STM32_USB_Host_Library/Class/MSC/Src/usbh_msc_bot.c ****   MSC_Handle->hbot.cbw.field.Tag = BOT_CBW_TAG;
 292              		.loc 1 155 40 is_stmt 0 view .LVU83
 293 0006 054A     		ldr	r2, .L22
 294 0008 5A65     		str	r2, [r3, #84]
 156:Middlewares/ST/STM32_USB_Host_Library/Class/MSC/Src/usbh_msc_bot.c ****   MSC_Handle->hbot.state = BOT_SEND_CBW;
 295              		.loc 1 156 3 is_stmt 1 view .LVU84
 156:Middlewares/ST/STM32_USB_Host_Library/Class/MSC/Src/usbh_msc_bot.c ****   MSC_Handle->hbot.state = BOT_SEND_CBW;
 296              		.loc 1 156 34 is_stmt 0 view .LVU85
 297 000a 054A     		ldr	r2, .L22+4
 298 000c 9A65     		str	r2, [r3, #88]
 157:Middlewares/ST/STM32_USB_Host_Library/Class/MSC/Src/usbh_msc_bot.c ****   MSC_Handle->hbot.cmd_state = BOT_CMD_SEND;
 299              		.loc 1 157 3 is_stmt 1 view .LVU86
 157:Middlewares/ST/STM32_USB_Host_Library/Class/MSC/Src/usbh_msc_bot.c ****   MSC_Handle->hbot.cmd_state = BOT_CMD_SEND;
 300              		.loc 1 157 26 is_stmt 0 view .LVU87
 301 000e 0122     		movs	r2, #1
 302 0010 83F85020 		strb	r2, [r3, #80]
 158:Middlewares/ST/STM32_USB_Host_Library/Class/MSC/Src/usbh_msc_bot.c **** 
 303              		.loc 1 158 3 is_stmt 1 view .LVU88
 158:Middlewares/ST/STM32_USB_Host_Library/Class/MSC/Src/usbh_msc_bot.c **** 
 304              		.loc 1 158 30 is_stmt 0 view .LVU89
 305 0014 83F85220 		strb	r2, [r3, #82]
 160:Middlewares/ST/STM32_USB_Host_Library/Class/MSC/Src/usbh_msc_bot.c **** }
 306              		.loc 1 160 3 is_stmt 1 view .LVU90
 161:Middlewares/ST/STM32_USB_Host_Library/Class/MSC/Src/usbh_msc_bot.c **** 
 307              		.loc 1 161 1 is_stmt 0 view .LVU91
 308 0018 0020     		movs	r0, #0
 309              	.LVL21:
 161:Middlewares/ST/STM32_USB_Host_Library/Class/MSC/Src/usbh_msc_bot.c **** 
 310              		.loc 1 161 1 view .LVU92
 311 001a 7047     		bx	lr
 312              	.L23:
 313              		.align	2
 314              	.L22:
 315 001c 55534243 		.word	1128420181
 316 0020 50403020 		.word	540033104
 317              		.cfi_endproc
 318              	.LFE135:
 320              		.section	.text.USBH_MSC_BOT_Process,"ax",%progbits
 321              		.align	1
 322              		.global	USBH_MSC_BOT_Process
 323              		.syntax unified
 324              		.thumb
 325              		.thumb_func
 327              	USBH_MSC_BOT_Process:
 328              	.LVL22:
 329              	.LFB136:
 173:Middlewares/ST/STM32_USB_Host_Library/Class/MSC/Src/usbh_msc_bot.c ****   USBH_StatusTypeDef   status = USBH_BUSY;
 330              		.loc 1 173 1 is_stmt 1 view -0
 331              		.cfi_startproc
 332              		@ args = 0, pretend = 0, frame = 0
 333              		@ frame_needed = 0, uses_anonymous_args = 0
 173:Middlewares/ST/STM32_USB_Host_Library/Class/MSC/Src/usbh_msc_bot.c ****   USBH_StatusTypeDef   status = USBH_BUSY;
 334              		.loc 1 173 1 is_stmt 0 view .LVU94
 335 0000 70B5     		push	{r4, r5, r6, lr}
 336              	.LCFI4:
 337              		.cfi_def_cfa_offset 16
ARM GAS  /tmp/ccY1gsl8.s 			page 20


 338              		.cfi_offset 4, -16
 339              		.cfi_offset 5, -12
 340              		.cfi_offset 6, -8
 341              		.cfi_offset 14, -4
 342 0002 82B0     		sub	sp, sp, #8
 343              	.LCFI5:
 344              		.cfi_def_cfa_offset 24
 345 0004 0546     		mov	r5, r0
 174:Middlewares/ST/STM32_USB_Host_Library/Class/MSC/Src/usbh_msc_bot.c ****   USBH_StatusTypeDef   error  = USBH_BUSY;
 346              		.loc 1 174 3 is_stmt 1 view .LVU95
 347              	.LVL23:
 175:Middlewares/ST/STM32_USB_Host_Library/Class/MSC/Src/usbh_msc_bot.c ****   BOT_CSWStatusTypeDef CSW_Status = BOT_CSW_CMD_FAILED;
 348              		.loc 1 175 3 view .LVU96
 176:Middlewares/ST/STM32_USB_Host_Library/Class/MSC/Src/usbh_msc_bot.c ****   USBH_URBStateTypeDef URB_Status = USBH_URB_IDLE;
 349              		.loc 1 176 3 view .LVU97
 177:Middlewares/ST/STM32_USB_Host_Library/Class/MSC/Src/usbh_msc_bot.c ****   MSC_HandleTypeDef *MSC_Handle = (MSC_HandleTypeDef *) phost->pActiveClass->pData;
 350              		.loc 1 177 3 view .LVU98
 178:Middlewares/ST/STM32_USB_Host_Library/Class/MSC/Src/usbh_msc_bot.c ****   uint8_t toggle = 0U;
 351              		.loc 1 178 3 view .LVU99
 178:Middlewares/ST/STM32_USB_Host_Library/Class/MSC/Src/usbh_msc_bot.c ****   uint8_t toggle = 0U;
 352              		.loc 1 178 62 is_stmt 0 view .LVU100
 353 0006 D0F87C33 		ldr	r3, [r0, #892]
 178:Middlewares/ST/STM32_USB_Host_Library/Class/MSC/Src/usbh_msc_bot.c ****   uint8_t toggle = 0U;
 354              		.loc 1 178 22 view .LVU101
 355 000a DE69     		ldr	r6, [r3, #28]
 356              	.LVL24:
 179:Middlewares/ST/STM32_USB_Host_Library/Class/MSC/Src/usbh_msc_bot.c **** 
 357              		.loc 1 179 3 is_stmt 1 view .LVU102
 181:Middlewares/ST/STM32_USB_Host_Library/Class/MSC/Src/usbh_msc_bot.c ****   {
 358              		.loc 1 181 3 view .LVU103
 181:Middlewares/ST/STM32_USB_Host_Library/Class/MSC/Src/usbh_msc_bot.c ****   {
 359              		.loc 1 181 27 is_stmt 0 view .LVU104
 360 000c 96F85040 		ldrb	r4, [r6, #80]	@ zero_extendqisi2
 181:Middlewares/ST/STM32_USB_Host_Library/Class/MSC/Src/usbh_msc_bot.c ****   {
 361              		.loc 1 181 3 view .LVU105
 362 0010 631E     		subs	r3, r4, #1
 363 0012 0A2B     		cmp	r3, #10
 364 0014 00F21D81 		bhi	.L54
 365 0018 DFE813F0 		tbh	[pc, r3, lsl #1]
 366              	.L27:
 367 001c 0B00     		.2byte	(.L37-.L27)/2
 368 001e 1B00     		.2byte	(.L36-.L27)/2
 369 0020 4200     		.2byte	(.L35-.L27)/2
 370 0022 4D00     		.2byte	(.L34-.L27)/2
 371 0024 7700     		.2byte	(.L33-.L27)/2
 372 0026 8300     		.2byte	(.L32-.L27)/2
 373 0028 B600     		.2byte	(.L31-.L27)/2
 374 002a C100     		.2byte	(.L30-.L27)/2
 375 002c DD00     		.2byte	(.L29-.L27)/2
 376 002e EF00     		.2byte	(.L28-.L27)/2
 377 0030 1101     		.2byte	(.L26-.L27)/2
 378              		.p2align 1
 379              	.L37:
 184:Middlewares/ST/STM32_USB_Host_Library/Class/MSC/Src/usbh_msc_bot.c ****       MSC_Handle->hbot.state = BOT_SEND_CBW_WAIT;
 380              		.loc 1 184 7 is_stmt 1 view .LVU106
 184:Middlewares/ST/STM32_USB_Host_Library/Class/MSC/Src/usbh_msc_bot.c ****       MSC_Handle->hbot.state = BOT_SEND_CBW_WAIT;
 381              		.loc 1 184 38 is_stmt 0 view .LVU107
ARM GAS  /tmp/ccY1gsl8.s 			page 21


 382 0032 86F86110 		strb	r1, [r6, #97]
 185:Middlewares/ST/STM32_USB_Host_Library/Class/MSC/Src/usbh_msc_bot.c ****       (void)USBH_BulkSendData(phost, MSC_Handle->hbot.cbw.data,
 383              		.loc 1 185 7 is_stmt 1 view .LVU108
 185:Middlewares/ST/STM32_USB_Host_Library/Class/MSC/Src/usbh_msc_bot.c ****       (void)USBH_BulkSendData(phost, MSC_Handle->hbot.cbw.data,
 384              		.loc 1 185 30 is_stmt 0 view .LVU109
 385 0036 0223     		movs	r3, #2
 386 0038 86F85030 		strb	r3, [r6, #80]
 186:Middlewares/ST/STM32_USB_Host_Library/Class/MSC/Src/usbh_msc_bot.c ****                               BOT_CBW_LENGTH, MSC_Handle->OutPipe, 1U);
 387              		.loc 1 186 7 is_stmt 1 view .LVU110
 186:Middlewares/ST/STM32_USB_Host_Library/Class/MSC/Src/usbh_msc_bot.c ****                               BOT_CBW_LENGTH, MSC_Handle->OutPipe, 1U);
 388              		.loc 1 186 13 is_stmt 0 view .LVU111
 389 003c 7379     		ldrb	r3, [r6, #5]	@ zero_extendqisi2
 390 003e 0122     		movs	r2, #1
 391 0040 0092     		str	r2, [sp]
 392 0042 1F22     		movs	r2, #31
 393 0044 06F15401 		add	r1, r6, #84
 394              	.LVL25:
 186:Middlewares/ST/STM32_USB_Host_Library/Class/MSC/Src/usbh_msc_bot.c ****                               BOT_CBW_LENGTH, MSC_Handle->OutPipe, 1U);
 395              		.loc 1 186 13 view .LVU112
 396 0048 FFF7FEFF 		bl	USBH_BulkSendData
 397              	.LVL26:
 189:Middlewares/ST/STM32_USB_Host_Library/Class/MSC/Src/usbh_msc_bot.c **** 
 398              		.loc 1 189 7 is_stmt 1 view .LVU113
 399              	.L25:
 523:Middlewares/ST/STM32_USB_Host_Library/Class/MSC/Src/usbh_msc_bot.c **** }
 400              		.loc 1 523 3 view .LVU114
 524:Middlewares/ST/STM32_USB_Host_Library/Class/MSC/Src/usbh_msc_bot.c **** 
 401              		.loc 1 524 1 is_stmt 0 view .LVU115
 402 004c 2046     		mov	r0, r4
 403 004e 02B0     		add	sp, sp, #8
 404              	.LCFI6:
 405              		.cfi_remember_state
 406              		.cfi_def_cfa_offset 16
 407              		@ sp needed
 408 0050 70BD     		pop	{r4, r5, r6, pc}
 409              	.LVL27:
 410              	.L36:
 411              	.LCFI7:
 412              		.cfi_restore_state
 193:Middlewares/ST/STM32_USB_Host_Library/Class/MSC/Src/usbh_msc_bot.c **** 
 413              		.loc 1 193 7 is_stmt 1 view .LVU116
 193:Middlewares/ST/STM32_USB_Host_Library/Class/MSC/Src/usbh_msc_bot.c **** 
 414              		.loc 1 193 20 is_stmt 0 view .LVU117
 415 0052 7179     		ldrb	r1, [r6, #5]	@ zero_extendqisi2
 416              	.LVL28:
 193:Middlewares/ST/STM32_USB_Host_Library/Class/MSC/Src/usbh_msc_bot.c **** 
 417              		.loc 1 193 20 view .LVU118
 418 0054 FFF7FEFF 		bl	USBH_LL_GetURBState
 419              	.LVL29:
 193:Middlewares/ST/STM32_USB_Host_Library/Class/MSC/Src/usbh_msc_bot.c **** 
 420              		.loc 1 193 20 view .LVU119
 421 0058 0446     		mov	r4, r0
 422              	.LVL30:
 195:Middlewares/ST/STM32_USB_Host_Library/Class/MSC/Src/usbh_msc_bot.c ****       {
 423              		.loc 1 195 7 is_stmt 1 view .LVU120
 195:Middlewares/ST/STM32_USB_Host_Library/Class/MSC/Src/usbh_msc_bot.c ****       {
 424              		.loc 1 195 10 is_stmt 0 view .LVU121
ARM GAS  /tmp/ccY1gsl8.s 			page 22


 425 005a 0128     		cmp	r0, #1
 426 005c 05D0     		beq	.L63
 227:Middlewares/ST/STM32_USB_Host_Library/Class/MSC/Src/usbh_msc_bot.c ****       {
 427              		.loc 1 227 12 is_stmt 1 view .LVU122
 227:Middlewares/ST/STM32_USB_Host_Library/Class/MSC/Src/usbh_msc_bot.c ****       {
 428              		.loc 1 227 15 is_stmt 0 view .LVU123
 429 005e 0228     		cmp	r0, #2
 430 0060 15D0     		beq	.L64
 243:Middlewares/ST/STM32_USB_Host_Library/Class/MSC/Src/usbh_msc_bot.c ****         {
 431              		.loc 1 243 9 is_stmt 1 view .LVU124
 243:Middlewares/ST/STM32_USB_Host_Library/Class/MSC/Src/usbh_msc_bot.c ****         {
 432              		.loc 1 243 12 is_stmt 0 view .LVU125
 433 0062 0528     		cmp	r0, #5
 434 0064 17D0     		beq	.L65
 174:Middlewares/ST/STM32_USB_Host_Library/Class/MSC/Src/usbh_msc_bot.c ****   USBH_StatusTypeDef   error  = USBH_BUSY;
 435              		.loc 1 174 24 view .LVU126
 436 0066 0124     		movs	r4, #1
 437 0068 F0E7     		b	.L25
 438              	.L63:
 197:Middlewares/ST/STM32_USB_Host_Library/Class/MSC/Src/usbh_msc_bot.c ****         {
 439              		.loc 1 197 9 is_stmt 1 view .LVU127
 197:Middlewares/ST/STM32_USB_Host_Library/Class/MSC/Src/usbh_msc_bot.c ****         {
 440              		.loc 1 197 39 is_stmt 0 view .LVU128
 441 006a F36D     		ldr	r3, [r6, #92]
 197:Middlewares/ST/STM32_USB_Host_Library/Class/MSC/Src/usbh_msc_bot.c ****         {
 442              		.loc 1 197 12 view .LVU129
 443 006c 5BB1     		cbz	r3, .L39
 200:Middlewares/ST/STM32_USB_Host_Library/Class/MSC/Src/usbh_msc_bot.c ****           {
 444              		.loc 1 200 11 is_stmt 1 view .LVU130
 200:Middlewares/ST/STM32_USB_Host_Library/Class/MSC/Src/usbh_msc_bot.c ****           {
 445              		.loc 1 200 71 is_stmt 0 view .LVU131
 446 006e 96F96030 		ldrsb	r3, [r6, #96]
 200:Middlewares/ST/STM32_USB_Host_Library/Class/MSC/Src/usbh_msc_bot.c ****           {
 447              		.loc 1 200 14 view .LVU132
 448 0072 002B     		cmp	r3, #0
 449 0074 03DB     		blt	.L66
 208:Middlewares/ST/STM32_USB_Host_Library/Class/MSC/Src/usbh_msc_bot.c ****           }
 450              		.loc 1 208 13 is_stmt 1 view .LVU133
 208:Middlewares/ST/STM32_USB_Host_Library/Class/MSC/Src/usbh_msc_bot.c ****           }
 451              		.loc 1 208 36 is_stmt 0 view .LVU134
 452 0076 0523     		movs	r3, #5
 453 0078 86F85030 		strb	r3, [r6, #80]
 454 007c E6E7     		b	.L25
 455              	.L66:
 203:Middlewares/ST/STM32_USB_Host_Library/Class/MSC/Src/usbh_msc_bot.c ****           }
 456              		.loc 1 203 13 is_stmt 1 view .LVU135
 203:Middlewares/ST/STM32_USB_Host_Library/Class/MSC/Src/usbh_msc_bot.c ****           }
 457              		.loc 1 203 36 is_stmt 0 view .LVU136
 458 007e 0323     		movs	r3, #3
 459 0080 86F85030 		strb	r3, [r6, #80]
 460 0084 E2E7     		b	.L25
 461              	.L39:
 215:Middlewares/ST/STM32_USB_Host_Library/Class/MSC/Src/usbh_msc_bot.c ****         }
 462              		.loc 1 215 11 is_stmt 1 view .LVU137
 215:Middlewares/ST/STM32_USB_Host_Library/Class/MSC/Src/usbh_msc_bot.c ****         }
 463              		.loc 1 215 34 is_stmt 0 view .LVU138
 464 0086 0723     		movs	r3, #7
ARM GAS  /tmp/ccY1gsl8.s 			page 23


 465 0088 86F85030 		strb	r3, [r6, #80]
 466 008c DEE7     		b	.L25
 467              	.L64:
 230:Middlewares/ST/STM32_USB_Host_Library/Class/MSC/Src/usbh_msc_bot.c **** 
 468              		.loc 1 230 9 is_stmt 1 view .LVU139
 230:Middlewares/ST/STM32_USB_Host_Library/Class/MSC/Src/usbh_msc_bot.c **** 
 469              		.loc 1 230 32 is_stmt 0 view .LVU140
 470 008e 0124     		movs	r4, #1
 471 0090 86F85040 		strb	r4, [r6, #80]
 472 0094 DAE7     		b	.L25
 473              	.L65:
 245:Middlewares/ST/STM32_USB_Host_Library/Class/MSC/Src/usbh_msc_bot.c **** 
 474              		.loc 1 245 11 is_stmt 1 view .LVU141
 245:Middlewares/ST/STM32_USB_Host_Library/Class/MSC/Src/usbh_msc_bot.c **** 
 475              		.loc 1 245 35 is_stmt 0 view .LVU142
 476 0096 0A23     		movs	r3, #10
 477 0098 86F85030 		strb	r3, [r6, #80]
 174:Middlewares/ST/STM32_USB_Host_Library/Class/MSC/Src/usbh_msc_bot.c ****   USBH_StatusTypeDef   error  = USBH_BUSY;
 478              		.loc 1 174 24 view .LVU143
 479 009c 0124     		movs	r4, #1
 480 009e D5E7     		b	.L25
 481              	.LVL31:
 482              	.L35:
 261:Middlewares/ST/STM32_USB_Host_Library/Class/MSC/Src/usbh_msc_bot.c ****                                  MSC_Handle->InEpSize, MSC_Handle->InPipe);
 483              		.loc 1 261 7 is_stmt 1 view .LVU144
 261:Middlewares/ST/STM32_USB_Host_Library/Class/MSC/Src/usbh_msc_bot.c ****                                  MSC_Handle->InEpSize, MSC_Handle->InPipe);
 484              		.loc 1 261 13 is_stmt 0 view .LVU145
 485 00a0 3379     		ldrb	r3, [r6, #4]	@ zero_extendqisi2
 486 00a2 7289     		ldrh	r2, [r6, #10]
 487 00a4 D6F88C10 		ldr	r1, [r6, #140]
 488              	.LVL32:
 261:Middlewares/ST/STM32_USB_Host_Library/Class/MSC/Src/usbh_msc_bot.c ****                                  MSC_Handle->InEpSize, MSC_Handle->InPipe);
 489              		.loc 1 261 13 view .LVU146
 490 00a8 FFF7FEFF 		bl	USBH_BulkReceiveData
 491              	.LVL33:
 264:Middlewares/ST/STM32_USB_Host_Library/Class/MSC/Src/usbh_msc_bot.c **** 
 492              		.loc 1 264 7 is_stmt 1 view .LVU147
 264:Middlewares/ST/STM32_USB_Host_Library/Class/MSC/Src/usbh_msc_bot.c **** 
 493              		.loc 1 264 30 is_stmt 0 view .LVU148
 494 00ac 0423     		movs	r3, #4
 495 00ae 86F85030 		strb	r3, [r6, #80]
 266:Middlewares/ST/STM32_USB_Host_Library/Class/MSC/Src/usbh_msc_bot.c **** 
 496              		.loc 1 266 7 is_stmt 1 view .LVU149
 174:Middlewares/ST/STM32_USB_Host_Library/Class/MSC/Src/usbh_msc_bot.c ****   USBH_StatusTypeDef   error  = USBH_BUSY;
 497              		.loc 1 174 24 is_stmt 0 view .LVU150
 498 00b2 0124     		movs	r4, #1
 266:Middlewares/ST/STM32_USB_Host_Library/Class/MSC/Src/usbh_msc_bot.c **** 
 499              		.loc 1 266 7 view .LVU151
 500 00b4 CAE7     		b	.L25
 501              	.LVL34:
 502              	.L34:
 270:Middlewares/ST/STM32_USB_Host_Library/Class/MSC/Src/usbh_msc_bot.c **** 
 503              		.loc 1 270 7 is_stmt 1 view .LVU152
 270:Middlewares/ST/STM32_USB_Host_Library/Class/MSC/Src/usbh_msc_bot.c **** 
 504              		.loc 1 270 20 is_stmt 0 view .LVU153
 505 00b6 3179     		ldrb	r1, [r6, #4]	@ zero_extendqisi2
 506              	.LVL35:
ARM GAS  /tmp/ccY1gsl8.s 			page 24


 270:Middlewares/ST/STM32_USB_Host_Library/Class/MSC/Src/usbh_msc_bot.c **** 
 507              		.loc 1 270 20 view .LVU154
 508 00b8 FFF7FEFF 		bl	USBH_LL_GetURBState
 509              	.LVL36:
 270:Middlewares/ST/STM32_USB_Host_Library/Class/MSC/Src/usbh_msc_bot.c **** 
 510              		.loc 1 270 20 view .LVU155
 511 00bc 0446     		mov	r4, r0
 512              	.LVL37:
 272:Middlewares/ST/STM32_USB_Host_Library/Class/MSC/Src/usbh_msc_bot.c ****       {
 513              		.loc 1 272 7 is_stmt 1 view .LVU156
 272:Middlewares/ST/STM32_USB_Host_Library/Class/MSC/Src/usbh_msc_bot.c ****       {
 514              		.loc 1 272 10 is_stmt 0 view .LVU157
 515 00be 0128     		cmp	r0, #1
 516 00c0 03D0     		beq	.L67
 307:Middlewares/ST/STM32_USB_Host_Library/Class/MSC/Src/usbh_msc_bot.c ****       {
 517              		.loc 1 307 12 is_stmt 1 view .LVU158
 307:Middlewares/ST/STM32_USB_Host_Library/Class/MSC/Src/usbh_msc_bot.c ****       {
 518              		.loc 1 307 15 is_stmt 0 view .LVU159
 519 00c2 0528     		cmp	r0, #5
 520 00c4 1CD0     		beq	.L68
 174:Middlewares/ST/STM32_USB_Host_Library/Class/MSC/Src/usbh_msc_bot.c ****   USBH_StatusTypeDef   error  = USBH_BUSY;
 521              		.loc 1 174 24 view .LVU160
 522 00c6 0124     		movs	r4, #1
 523 00c8 C0E7     		b	.L25
 524              	.L67:
 275:Middlewares/ST/STM32_USB_Host_Library/Class/MSC/Src/usbh_msc_bot.c ****         {
 525              		.loc 1 275 9 is_stmt 1 view .LVU161
 275:Middlewares/ST/STM32_USB_Host_Library/Class/MSC/Src/usbh_msc_bot.c ****         {
 526              		.loc 1 275 39 is_stmt 0 view .LVU162
 527 00ca F36D     		ldr	r3, [r6, #92]
 275:Middlewares/ST/STM32_USB_Host_Library/Class/MSC/Src/usbh_msc_bot.c ****         {
 528              		.loc 1 275 71 view .LVU163
 529 00cc 7289     		ldrh	r2, [r6, #10]
 275:Middlewares/ST/STM32_USB_Host_Library/Class/MSC/Src/usbh_msc_bot.c ****         {
 530              		.loc 1 275 12 view .LVU164
 531 00ce 9342     		cmp	r3, r2
 532 00d0 0CD9     		bls	.L43
 277:Middlewares/ST/STM32_USB_Host_Library/Class/MSC/Src/usbh_msc_bot.c ****           MSC_Handle->hbot.cbw.field.DataTransferLength -= MSC_Handle->InEpSize;
 533              		.loc 1 277 11 is_stmt 1 view .LVU165
 277:Middlewares/ST/STM32_USB_Host_Library/Class/MSC/Src/usbh_msc_bot.c ****           MSC_Handle->hbot.cbw.field.DataTransferLength -= MSC_Handle->InEpSize;
 534              		.loc 1 277 27 is_stmt 0 view .LVU166
 535 00d2 D6F88C10 		ldr	r1, [r6, #140]
 277:Middlewares/ST/STM32_USB_Host_Library/Class/MSC/Src/usbh_msc_bot.c ****           MSC_Handle->hbot.cbw.field.DataTransferLength -= MSC_Handle->InEpSize;
 536              		.loc 1 277 33 view .LVU167
 537 00d6 1144     		add	r1, r1, r2
 538 00d8 C6F88C10 		str	r1, [r6, #140]
 278:Middlewares/ST/STM32_USB_Host_Library/Class/MSC/Src/usbh_msc_bot.c ****         }
 539              		.loc 1 278 11 is_stmt 1 view .LVU168
 278:Middlewares/ST/STM32_USB_Host_Library/Class/MSC/Src/usbh_msc_bot.c ****         }
 540              		.loc 1 278 57 is_stmt 0 view .LVU169
 541 00dc 9B1A     		subs	r3, r3, r2
 542 00de F365     		str	r3, [r6, #92]
 543              	.L44:
 286:Middlewares/ST/STM32_USB_Host_Library/Class/MSC/Src/usbh_msc_bot.c ****         {
 544              		.loc 1 286 9 is_stmt 1 view .LVU170
 286:Middlewares/ST/STM32_USB_Host_Library/Class/MSC/Src/usbh_msc_bot.c ****         {
 545              		.loc 1 286 39 is_stmt 0 view .LVU171
ARM GAS  /tmp/ccY1gsl8.s 			page 25


 546 00e0 F36D     		ldr	r3, [r6, #92]
 286:Middlewares/ST/STM32_USB_Host_Library/Class/MSC/Src/usbh_msc_bot.c ****         {
 547              		.loc 1 286 12 view .LVU172
 548 00e2 33B9     		cbnz	r3, .L69
 295:Middlewares/ST/STM32_USB_Host_Library/Class/MSC/Src/usbh_msc_bot.c **** 
 549              		.loc 1 295 11 is_stmt 1 view .LVU173
 295:Middlewares/ST/STM32_USB_Host_Library/Class/MSC/Src/usbh_msc_bot.c **** 
 550              		.loc 1 295 35 is_stmt 0 view .LVU174
 551 00e4 0723     		movs	r3, #7
 552 00e6 86F85030 		strb	r3, [r6, #80]
 553 00ea AFE7     		b	.L25
 554              	.L43:
 282:Middlewares/ST/STM32_USB_Host_Library/Class/MSC/Src/usbh_msc_bot.c ****         }
 555              		.loc 1 282 11 is_stmt 1 view .LVU175
 282:Middlewares/ST/STM32_USB_Host_Library/Class/MSC/Src/usbh_msc_bot.c ****         }
 556              		.loc 1 282 57 is_stmt 0 view .LVU176
 557 00ec 0023     		movs	r3, #0
 558 00ee F365     		str	r3, [r6, #92]
 559 00f0 F6E7     		b	.L44
 560              	.L69:
 289:Middlewares/ST/STM32_USB_Host_Library/Class/MSC/Src/usbh_msc_bot.c ****                                      MSC_Handle->InEpSize, MSC_Handle->InPipe);
 561              		.loc 1 289 11 is_stmt 1 view .LVU177
 289:Middlewares/ST/STM32_USB_Host_Library/Class/MSC/Src/usbh_msc_bot.c ****                                      MSC_Handle->InEpSize, MSC_Handle->InPipe);
 562              		.loc 1 289 17 is_stmt 0 view .LVU178
 563 00f2 3379     		ldrb	r3, [r6, #4]	@ zero_extendqisi2
 564 00f4 D6F88C10 		ldr	r1, [r6, #140]
 565 00f8 2846     		mov	r0, r5
 566              	.LVL38:
 289:Middlewares/ST/STM32_USB_Host_Library/Class/MSC/Src/usbh_msc_bot.c ****                                      MSC_Handle->InEpSize, MSC_Handle->InPipe);
 567              		.loc 1 289 17 view .LVU179
 568 00fa FFF7FEFF 		bl	USBH_BulkReceiveData
 569              	.LVL39:
 570 00fe A5E7     		b	.L25
 571              	.LVL40:
 572              	.L68:
 310:Middlewares/ST/STM32_USB_Host_Library/Class/MSC/Src/usbh_msc_bot.c **** 
 573              		.loc 1 310 9 is_stmt 1 view .LVU180
 310:Middlewares/ST/STM32_USB_Host_Library/Class/MSC/Src/usbh_msc_bot.c **** 
 574              		.loc 1 310 33 is_stmt 0 view .LVU181
 575 0100 0923     		movs	r3, #9
 576 0102 86F85030 		strb	r3, [r6, #80]
 174:Middlewares/ST/STM32_USB_Host_Library/Class/MSC/Src/usbh_msc_bot.c ****   USBH_StatusTypeDef   error  = USBH_BUSY;
 577              		.loc 1 174 24 view .LVU182
 578 0106 0124     		movs	r4, #1
 579 0108 A0E7     		b	.L25
 580              	.LVL41:
 581              	.L33:
 335:Middlewares/ST/STM32_USB_Host_Library/Class/MSC/Src/usbh_msc_bot.c ****                               MSC_Handle->OutEpSize, MSC_Handle->OutPipe, 1U);
 582              		.loc 1 335 7 is_stmt 1 view .LVU183
 335:Middlewares/ST/STM32_USB_Host_Library/Class/MSC/Src/usbh_msc_bot.c ****                               MSC_Handle->OutEpSize, MSC_Handle->OutPipe, 1U);
 583              		.loc 1 335 13 is_stmt 0 view .LVU184
 584 010a 7379     		ldrb	r3, [r6, #5]	@ zero_extendqisi2
 585 010c 3289     		ldrh	r2, [r6, #8]
 586 010e D6F88C10 		ldr	r1, [r6, #140]
 587              	.LVL42:
 335:Middlewares/ST/STM32_USB_Host_Library/Class/MSC/Src/usbh_msc_bot.c ****                               MSC_Handle->OutEpSize, MSC_Handle->OutPipe, 1U);
 588              		.loc 1 335 13 view .LVU185
ARM GAS  /tmp/ccY1gsl8.s 			page 26


 589 0112 0124     		movs	r4, #1
 590 0114 0094     		str	r4, [sp]
 591 0116 FFF7FEFF 		bl	USBH_BulkSendData
 592              	.LVL43:
 338:Middlewares/ST/STM32_USB_Host_Library/Class/MSC/Src/usbh_msc_bot.c ****       break;
 593              		.loc 1 338 7 is_stmt 1 view .LVU186
 338:Middlewares/ST/STM32_USB_Host_Library/Class/MSC/Src/usbh_msc_bot.c ****       break;
 594              		.loc 1 338 31 is_stmt 0 view .LVU187
 595 011a 0623     		movs	r3, #6
 596 011c 86F85030 		strb	r3, [r6, #80]
 339:Middlewares/ST/STM32_USB_Host_Library/Class/MSC/Src/usbh_msc_bot.c **** 
 597              		.loc 1 339 7 is_stmt 1 view .LVU188
 598 0120 94E7     		b	.L25
 599              	.LVL44:
 600              	.L32:
 342:Middlewares/ST/STM32_USB_Host_Library/Class/MSC/Src/usbh_msc_bot.c **** 
 601              		.loc 1 342 7 view .LVU189
 342:Middlewares/ST/STM32_USB_Host_Library/Class/MSC/Src/usbh_msc_bot.c **** 
 602              		.loc 1 342 20 is_stmt 0 view .LVU190
 603 0122 7179     		ldrb	r1, [r6, #5]	@ zero_extendqisi2
 604              	.LVL45:
 342:Middlewares/ST/STM32_USB_Host_Library/Class/MSC/Src/usbh_msc_bot.c **** 
 605              		.loc 1 342 20 view .LVU191
 606 0124 FFF7FEFF 		bl	USBH_LL_GetURBState
 607              	.LVL46:
 342:Middlewares/ST/STM32_USB_Host_Library/Class/MSC/Src/usbh_msc_bot.c **** 
 608              		.loc 1 342 20 view .LVU192
 609 0128 0446     		mov	r4, r0
 610              	.LVL47:
 344:Middlewares/ST/STM32_USB_Host_Library/Class/MSC/Src/usbh_msc_bot.c ****       {
 611              		.loc 1 344 7 is_stmt 1 view .LVU193
 344:Middlewares/ST/STM32_USB_Host_Library/Class/MSC/Src/usbh_msc_bot.c ****       {
 612              		.loc 1 344 10 is_stmt 0 view .LVU194
 613 012a 0128     		cmp	r0, #1
 614 012c 05D0     		beq	.L70
 379:Middlewares/ST/STM32_USB_Host_Library/Class/MSC/Src/usbh_msc_bot.c ****       {
 615              		.loc 1 379 12 is_stmt 1 view .LVU195
 379:Middlewares/ST/STM32_USB_Host_Library/Class/MSC/Src/usbh_msc_bot.c ****       {
 616              		.loc 1 379 15 is_stmt 0 view .LVU196
 617 012e 0228     		cmp	r0, #2
 618 0130 20D0     		beq	.L71
 394:Middlewares/ST/STM32_USB_Host_Library/Class/MSC/Src/usbh_msc_bot.c ****       {
 619              		.loc 1 394 12 is_stmt 1 view .LVU197
 394:Middlewares/ST/STM32_USB_Host_Library/Class/MSC/Src/usbh_msc_bot.c ****       {
 620              		.loc 1 394 15 is_stmt 0 view .LVU198
 621 0132 0528     		cmp	r0, #5
 622 0134 23D0     		beq	.L72
 174:Middlewares/ST/STM32_USB_Host_Library/Class/MSC/Src/usbh_msc_bot.c ****   USBH_StatusTypeDef   error  = USBH_BUSY;
 623              		.loc 1 174 24 view .LVU199
 624 0136 0124     		movs	r4, #1
 625 0138 88E7     		b	.L25
 626              	.L70:
 347:Middlewares/ST/STM32_USB_Host_Library/Class/MSC/Src/usbh_msc_bot.c ****         {
 627              		.loc 1 347 9 is_stmt 1 view .LVU200
 347:Middlewares/ST/STM32_USB_Host_Library/Class/MSC/Src/usbh_msc_bot.c ****         {
 628              		.loc 1 347 39 is_stmt 0 view .LVU201
 629 013a F36D     		ldr	r3, [r6, #92]
ARM GAS  /tmp/ccY1gsl8.s 			page 27


 347:Middlewares/ST/STM32_USB_Host_Library/Class/MSC/Src/usbh_msc_bot.c ****         {
 630              		.loc 1 347 71 view .LVU202
 631 013c 3289     		ldrh	r2, [r6, #8]
 347:Middlewares/ST/STM32_USB_Host_Library/Class/MSC/Src/usbh_msc_bot.c ****         {
 632              		.loc 1 347 12 view .LVU203
 633 013e 9342     		cmp	r3, r2
 634 0140 0CD9     		bls	.L47
 349:Middlewares/ST/STM32_USB_Host_Library/Class/MSC/Src/usbh_msc_bot.c ****           MSC_Handle->hbot.cbw.field.DataTransferLength -= MSC_Handle->OutEpSize;
 635              		.loc 1 349 11 is_stmt 1 view .LVU204
 349:Middlewares/ST/STM32_USB_Host_Library/Class/MSC/Src/usbh_msc_bot.c ****           MSC_Handle->hbot.cbw.field.DataTransferLength -= MSC_Handle->OutEpSize;
 636              		.loc 1 349 27 is_stmt 0 view .LVU205
 637 0142 D6F88C10 		ldr	r1, [r6, #140]
 349:Middlewares/ST/STM32_USB_Host_Library/Class/MSC/Src/usbh_msc_bot.c ****           MSC_Handle->hbot.cbw.field.DataTransferLength -= MSC_Handle->OutEpSize;
 638              		.loc 1 349 33 view .LVU206
 639 0146 1144     		add	r1, r1, r2
 640 0148 C6F88C10 		str	r1, [r6, #140]
 350:Middlewares/ST/STM32_USB_Host_Library/Class/MSC/Src/usbh_msc_bot.c ****         }
 641              		.loc 1 350 11 is_stmt 1 view .LVU207
 350:Middlewares/ST/STM32_USB_Host_Library/Class/MSC/Src/usbh_msc_bot.c ****         }
 642              		.loc 1 350 57 is_stmt 0 view .LVU208
 643 014c 9B1A     		subs	r3, r3, r2
 644 014e F365     		str	r3, [r6, #92]
 645              	.L48:
 358:Middlewares/ST/STM32_USB_Host_Library/Class/MSC/Src/usbh_msc_bot.c ****         {
 646              		.loc 1 358 9 is_stmt 1 view .LVU209
 358:Middlewares/ST/STM32_USB_Host_Library/Class/MSC/Src/usbh_msc_bot.c ****         {
 647              		.loc 1 358 39 is_stmt 0 view .LVU210
 648 0150 F36D     		ldr	r3, [r6, #92]
 358:Middlewares/ST/STM32_USB_Host_Library/Class/MSC/Src/usbh_msc_bot.c ****         {
 649              		.loc 1 358 12 view .LVU211
 650 0152 33B9     		cbnz	r3, .L73
 366:Middlewares/ST/STM32_USB_Host_Library/Class/MSC/Src/usbh_msc_bot.c ****         }
 651              		.loc 1 366 11 is_stmt 1 view .LVU212
 366:Middlewares/ST/STM32_USB_Host_Library/Class/MSC/Src/usbh_msc_bot.c ****         }
 652              		.loc 1 366 35 is_stmt 0 view .LVU213
 653 0154 0723     		movs	r3, #7
 654 0156 86F85030 		strb	r3, [r6, #80]
 655 015a 77E7     		b	.L25
 656              	.L47:
 354:Middlewares/ST/STM32_USB_Host_Library/Class/MSC/Src/usbh_msc_bot.c ****         }
 657              		.loc 1 354 11 is_stmt 1 view .LVU214
 354:Middlewares/ST/STM32_USB_Host_Library/Class/MSC/Src/usbh_msc_bot.c ****         }
 658              		.loc 1 354 57 is_stmt 0 view .LVU215
 659 015c 0023     		movs	r3, #0
 660 015e F365     		str	r3, [r6, #92]
 661 0160 F6E7     		b	.L48
 662              	.L73:
 360:Middlewares/ST/STM32_USB_Host_Library/Class/MSC/Src/usbh_msc_bot.c ****                                   MSC_Handle->OutEpSize, MSC_Handle->OutPipe, 1U);
 663              		.loc 1 360 11 is_stmt 1 view .LVU216
 360:Middlewares/ST/STM32_USB_Host_Library/Class/MSC/Src/usbh_msc_bot.c ****                                   MSC_Handle->OutEpSize, MSC_Handle->OutPipe, 1U);
 664              		.loc 1 360 17 is_stmt 0 view .LVU217
 665 0162 7379     		ldrb	r3, [r6, #5]	@ zero_extendqisi2
 666 0164 D6F88C10 		ldr	r1, [r6, #140]
 667 0168 0120     		movs	r0, #1
 668              	.LVL48:
 360:Middlewares/ST/STM32_USB_Host_Library/Class/MSC/Src/usbh_msc_bot.c ****                                   MSC_Handle->OutEpSize, MSC_Handle->OutPipe, 1U);
 669              		.loc 1 360 17 view .LVU218
ARM GAS  /tmp/ccY1gsl8.s 			page 28


 670 016a 0090     		str	r0, [sp]
 671 016c 2846     		mov	r0, r5
 672 016e FFF7FEFF 		bl	USBH_BulkSendData
 673              	.LVL49:
 674 0172 6BE7     		b	.L25
 675              	.LVL50:
 676              	.L71:
 382:Middlewares/ST/STM32_USB_Host_Library/Class/MSC/Src/usbh_msc_bot.c **** 
 677              		.loc 1 382 9 is_stmt 1 view .LVU219
 382:Middlewares/ST/STM32_USB_Host_Library/Class/MSC/Src/usbh_msc_bot.c **** 
 678              		.loc 1 382 33 is_stmt 0 view .LVU220
 679 0174 0523     		movs	r3, #5
 680 0176 86F85030 		strb	r3, [r6, #80]
 174:Middlewares/ST/STM32_USB_Host_Library/Class/MSC/Src/usbh_msc_bot.c ****   USBH_StatusTypeDef   error  = USBH_BUSY;
 681              		.loc 1 174 24 view .LVU221
 682 017a 0124     		movs	r4, #1
 683 017c 66E7     		b	.L25
 684              	.L72:
 396:Middlewares/ST/STM32_USB_Host_Library/Class/MSC/Src/usbh_msc_bot.c **** 
 685              		.loc 1 396 9 is_stmt 1 view .LVU222
 396:Middlewares/ST/STM32_USB_Host_Library/Class/MSC/Src/usbh_msc_bot.c **** 
 686              		.loc 1 396 33 is_stmt 0 view .LVU223
 687 017e 0A23     		movs	r3, #10
 688 0180 86F85030 		strb	r3, [r6, #80]
 174:Middlewares/ST/STM32_USB_Host_Library/Class/MSC/Src/usbh_msc_bot.c ****   USBH_StatusTypeDef   error  = USBH_BUSY;
 689              		.loc 1 174 24 view .LVU224
 690 0184 0124     		movs	r4, #1
 691 0186 61E7     		b	.L25
 692              	.LVL51:
 693              	.L31:
 421:Middlewares/ST/STM32_USB_Host_Library/Class/MSC/Src/usbh_msc_bot.c ****                                  BOT_CSW_LENGTH, MSC_Handle->InPipe);
 694              		.loc 1 421 7 is_stmt 1 view .LVU225
 421:Middlewares/ST/STM32_USB_Host_Library/Class/MSC/Src/usbh_msc_bot.c ****                                  BOT_CSW_LENGTH, MSC_Handle->InPipe);
 695              		.loc 1 421 13 is_stmt 0 view .LVU226
 696 0188 3379     		ldrb	r3, [r6, #4]	@ zero_extendqisi2
 697 018a 0D22     		movs	r2, #13
 698 018c 06F17801 		add	r1, r6, #120
 699              	.LVL52:
 421:Middlewares/ST/STM32_USB_Host_Library/Class/MSC/Src/usbh_msc_bot.c ****                                  BOT_CSW_LENGTH, MSC_Handle->InPipe);
 700              		.loc 1 421 13 view .LVU227
 701 0190 FFF7FEFF 		bl	USBH_BulkReceiveData
 702              	.LVL53:
 424:Middlewares/ST/STM32_USB_Host_Library/Class/MSC/Src/usbh_msc_bot.c ****       break;
 703              		.loc 1 424 7 is_stmt 1 view .LVU228
 424:Middlewares/ST/STM32_USB_Host_Library/Class/MSC/Src/usbh_msc_bot.c ****       break;
 704              		.loc 1 424 31 is_stmt 0 view .LVU229
 705 0194 0823     		movs	r3, #8
 706 0196 86F85030 		strb	r3, [r6, #80]
 425:Middlewares/ST/STM32_USB_Host_Library/Class/MSC/Src/usbh_msc_bot.c **** 
 707              		.loc 1 425 7 is_stmt 1 view .LVU230
 174:Middlewares/ST/STM32_USB_Host_Library/Class/MSC/Src/usbh_msc_bot.c ****   USBH_StatusTypeDef   error  = USBH_BUSY;
 708              		.loc 1 174 24 is_stmt 0 view .LVU231
 709 019a 0124     		movs	r4, #1
 425:Middlewares/ST/STM32_USB_Host_Library/Class/MSC/Src/usbh_msc_bot.c **** 
 710              		.loc 1 425 7 view .LVU232
 711 019c 56E7     		b	.L25
 712              	.LVL54:
ARM GAS  /tmp/ccY1gsl8.s 			page 29


 713              	.L30:
 429:Middlewares/ST/STM32_USB_Host_Library/Class/MSC/Src/usbh_msc_bot.c **** 
 714              		.loc 1 429 7 is_stmt 1 view .LVU233
 429:Middlewares/ST/STM32_USB_Host_Library/Class/MSC/Src/usbh_msc_bot.c **** 
 715              		.loc 1 429 20 is_stmt 0 view .LVU234
 716 019e 3179     		ldrb	r1, [r6, #4]	@ zero_extendqisi2
 717              	.LVL55:
 429:Middlewares/ST/STM32_USB_Host_Library/Class/MSC/Src/usbh_msc_bot.c **** 
 718              		.loc 1 429 20 view .LVU235
 719 01a0 FFF7FEFF 		bl	USBH_LL_GetURBState
 720              	.LVL56:
 432:Middlewares/ST/STM32_USB_Host_Library/Class/MSC/Src/usbh_msc_bot.c ****       {
 721              		.loc 1 432 7 is_stmt 1 view .LVU236
 432:Middlewares/ST/STM32_USB_Host_Library/Class/MSC/Src/usbh_msc_bot.c ****       {
 722              		.loc 1 432 10 is_stmt 0 view .LVU237
 723 01a4 0128     		cmp	r0, #1
 724 01a6 03D0     		beq	.L74
 456:Middlewares/ST/STM32_USB_Host_Library/Class/MSC/Src/usbh_msc_bot.c ****       {
 725              		.loc 1 456 12 is_stmt 1 view .LVU238
 456:Middlewares/ST/STM32_USB_Host_Library/Class/MSC/Src/usbh_msc_bot.c ****       {
 726              		.loc 1 456 15 is_stmt 0 view .LVU239
 727 01a8 0528     		cmp	r0, #5
 728 01aa 0FD0     		beq	.L75
 174:Middlewares/ST/STM32_USB_Host_Library/Class/MSC/Src/usbh_msc_bot.c ****   USBH_StatusTypeDef   error  = USBH_BUSY;
 729              		.loc 1 174 24 view .LVU240
 730 01ac 0124     		movs	r4, #1
 731 01ae 4DE7     		b	.L25
 732              	.L74:
 434:Middlewares/ST/STM32_USB_Host_Library/Class/MSC/Src/usbh_msc_bot.c ****         MSC_Handle->hbot.cmd_state = BOT_CMD_SEND;
 733              		.loc 1 434 9 is_stmt 1 view .LVU241
 434:Middlewares/ST/STM32_USB_Host_Library/Class/MSC/Src/usbh_msc_bot.c ****         MSC_Handle->hbot.cmd_state = BOT_CMD_SEND;
 734              		.loc 1 434 32 is_stmt 0 view .LVU242
 735 01b0 0123     		movs	r3, #1
 736 01b2 86F85030 		strb	r3, [r6, #80]
 435:Middlewares/ST/STM32_USB_Host_Library/Class/MSC/Src/usbh_msc_bot.c ****         CSW_Status = USBH_MSC_DecodeCSW(phost);
 737              		.loc 1 435 9 is_stmt 1 view .LVU243
 435:Middlewares/ST/STM32_USB_Host_Library/Class/MSC/Src/usbh_msc_bot.c ****         CSW_Status = USBH_MSC_DecodeCSW(phost);
 738              		.loc 1 435 36 is_stmt 0 view .LVU244
 739 01b6 86F85230 		strb	r3, [r6, #82]
 436:Middlewares/ST/STM32_USB_Host_Library/Class/MSC/Src/usbh_msc_bot.c **** 
 740              		.loc 1 436 9 is_stmt 1 view .LVU245
 436:Middlewares/ST/STM32_USB_Host_Library/Class/MSC/Src/usbh_msc_bot.c **** 
 741              		.loc 1 436 22 is_stmt 0 view .LVU246
 742 01ba 2846     		mov	r0, r5
 743              	.LVL57:
 436:Middlewares/ST/STM32_USB_Host_Library/Class/MSC/Src/usbh_msc_bot.c **** 
 744              		.loc 1 436 22 view .LVU247
 745 01bc FFF7FEFF 		bl	USBH_MSC_DecodeCSW
 746              	.LVL58:
 438:Middlewares/ST/STM32_USB_Host_Library/Class/MSC/Src/usbh_msc_bot.c ****         {
 747              		.loc 1 438 9 is_stmt 1 view .LVU248
 438:Middlewares/ST/STM32_USB_Host_Library/Class/MSC/Src/usbh_msc_bot.c ****         {
 748              		.loc 1 438 12 is_stmt 0 view .LVU249
 749 01c0 0446     		mov	r4, r0
 750 01c2 0028     		cmp	r0, #0
 751 01c4 3FF442AF 		beq	.L25
 444:Middlewares/ST/STM32_USB_Host_Library/Class/MSC/Src/usbh_msc_bot.c ****         }
ARM GAS  /tmp/ccY1gsl8.s 			page 30


 752              		.loc 1 444 18 view .LVU250
 753 01c8 0224     		movs	r4, #2
 754 01ca 3FE7     		b	.L25
 755              	.LVL59:
 756              	.L75:
 458:Middlewares/ST/STM32_USB_Host_Library/Class/MSC/Src/usbh_msc_bot.c **** 
 757              		.loc 1 458 9 is_stmt 1 view .LVU251
 458:Middlewares/ST/STM32_USB_Host_Library/Class/MSC/Src/usbh_msc_bot.c **** 
 758              		.loc 1 458 33 is_stmt 0 view .LVU252
 759 01cc 0923     		movs	r3, #9
 760 01ce 86F85030 		strb	r3, [r6, #80]
 174:Middlewares/ST/STM32_USB_Host_Library/Class/MSC/Src/usbh_msc_bot.c ****   USBH_StatusTypeDef   error  = USBH_BUSY;
 761              		.loc 1 174 24 view .LVU253
 762 01d2 0124     		movs	r4, #1
 763 01d4 3AE7     		b	.L25
 764              	.LVL60:
 765              	.L29:
 475:Middlewares/ST/STM32_USB_Host_Library/Class/MSC/Src/usbh_msc_bot.c **** 
 766              		.loc 1 475 7 is_stmt 1 view .LVU254
 475:Middlewares/ST/STM32_USB_Host_Library/Class/MSC/Src/usbh_msc_bot.c **** 
 767              		.loc 1 475 15 is_stmt 0 view .LVU255
 768 01d6 0022     		movs	r2, #0
 769 01d8 FFF7FEFF 		bl	USBH_MSC_BOT_Abort
 770              	.LVL61:
 477:Middlewares/ST/STM32_USB_Host_Library/Class/MSC/Src/usbh_msc_bot.c ****       {
 771              		.loc 1 477 7 is_stmt 1 view .LVU256
 477:Middlewares/ST/STM32_USB_Host_Library/Class/MSC/Src/usbh_msc_bot.c ****       {
 772              		.loc 1 477 10 is_stmt 0 view .LVU257
 773 01dc 20B9     		cbnz	r0, .L52
 479:Middlewares/ST/STM32_USB_Host_Library/Class/MSC/Src/usbh_msc_bot.c ****       }
 774              		.loc 1 479 9 is_stmt 1 view .LVU258
 479:Middlewares/ST/STM32_USB_Host_Library/Class/MSC/Src/usbh_msc_bot.c ****       }
 775              		.loc 1 479 32 is_stmt 0 view .LVU259
 776 01de 0723     		movs	r3, #7
 777 01e0 86F85030 		strb	r3, [r6, #80]
 174:Middlewares/ST/STM32_USB_Host_Library/Class/MSC/Src/usbh_msc_bot.c ****   USBH_StatusTypeDef   error  = USBH_BUSY;
 778              		.loc 1 174 24 view .LVU260
 779 01e4 0124     		movs	r4, #1
 780 01e6 31E7     		b	.L25
 781              	.L52:
 481:Middlewares/ST/STM32_USB_Host_Library/Class/MSC/Src/usbh_msc_bot.c ****       {
 782              		.loc 1 481 12 is_stmt 1 view .LVU261
 481:Middlewares/ST/STM32_USB_Host_Library/Class/MSC/Src/usbh_msc_bot.c ****       {
 783              		.loc 1 481 15 is_stmt 0 view .LVU262
 784 01e8 0428     		cmp	r0, #4
 785 01ea 01D0     		beq	.L76
 174:Middlewares/ST/STM32_USB_Host_Library/Class/MSC/Src/usbh_msc_bot.c ****   USBH_StatusTypeDef   error  = USBH_BUSY;
 786              		.loc 1 174 24 view .LVU263
 787 01ec 0124     		movs	r4, #1
 788 01ee 2DE7     		b	.L25
 789              	.L76:
 484:Middlewares/ST/STM32_USB_Host_Library/Class/MSC/Src/usbh_msc_bot.c ****       }
 790              		.loc 1 484 9 is_stmt 1 view .LVU264
 484:Middlewares/ST/STM32_USB_Host_Library/Class/MSC/Src/usbh_msc_bot.c ****       }
 791              		.loc 1 484 32 is_stmt 0 view .LVU265
 792 01f0 0B23     		movs	r3, #11
 793 01f2 86F85030 		strb	r3, [r6, #80]
ARM GAS  /tmp/ccY1gsl8.s 			page 31


 174:Middlewares/ST/STM32_USB_Host_Library/Class/MSC/Src/usbh_msc_bot.c ****   USBH_StatusTypeDef   error  = USBH_BUSY;
 794              		.loc 1 174 24 view .LVU266
 795 01f6 0124     		movs	r4, #1
 796 01f8 28E7     		b	.L25
 797              	.LVL62:
 798              	.L28:
 492:Middlewares/ST/STM32_USB_Host_Library/Class/MSC/Src/usbh_msc_bot.c **** 
 799              		.loc 1 492 7 is_stmt 1 view .LVU267
 492:Middlewares/ST/STM32_USB_Host_Library/Class/MSC/Src/usbh_msc_bot.c **** 
 800              		.loc 1 492 15 is_stmt 0 view .LVU268
 801 01fa 0122     		movs	r2, #1
 802 01fc FFF7FEFF 		bl	USBH_MSC_BOT_Abort
 803              	.LVL63:
 494:Middlewares/ST/STM32_USB_Host_Library/Class/MSC/Src/usbh_msc_bot.c ****       {
 804              		.loc 1 494 7 is_stmt 1 view .LVU269
 494:Middlewares/ST/STM32_USB_Host_Library/Class/MSC/Src/usbh_msc_bot.c ****       {
 805              		.loc 1 494 10 is_stmt 0 view .LVU270
 806 0200 18B1     		cbz	r0, .L77
 504:Middlewares/ST/STM32_USB_Host_Library/Class/MSC/Src/usbh_msc_bot.c ****         {
 807              		.loc 1 504 9 is_stmt 1 view .LVU271
 504:Middlewares/ST/STM32_USB_Host_Library/Class/MSC/Src/usbh_msc_bot.c ****         {
 808              		.loc 1 504 12 is_stmt 0 view .LVU272
 809 0202 0428     		cmp	r0, #4
 810 0204 16D0     		beq	.L78
 174:Middlewares/ST/STM32_USB_Host_Library/Class/MSC/Src/usbh_msc_bot.c ****   USBH_StatusTypeDef   error  = USBH_BUSY;
 811              		.loc 1 174 24 view .LVU273
 812 0206 0124     		movs	r4, #1
 813 0208 20E7     		b	.L25
 814              	.L77:
 497:Middlewares/ST/STM32_USB_Host_Library/Class/MSC/Src/usbh_msc_bot.c ****         (void)USBH_LL_SetToggle(phost, MSC_Handle->OutPipe, 1U - toggle);
 815              		.loc 1 497 9 is_stmt 1 view .LVU274
 497:Middlewares/ST/STM32_USB_Host_Library/Class/MSC/Src/usbh_msc_bot.c ****         (void)USBH_LL_SetToggle(phost, MSC_Handle->OutPipe, 1U - toggle);
 816              		.loc 1 497 18 is_stmt 0 view .LVU275
 817 020a 7179     		ldrb	r1, [r6, #5]	@ zero_extendqisi2
 818 020c 2846     		mov	r0, r5
 819              	.LVL64:
 497:Middlewares/ST/STM32_USB_Host_Library/Class/MSC/Src/usbh_msc_bot.c ****         (void)USBH_LL_SetToggle(phost, MSC_Handle->OutPipe, 1U - toggle);
 820              		.loc 1 497 18 view .LVU276
 821 020e FFF7FEFF 		bl	USBH_LL_GetToggle
 822              	.LVL65:
 498:Middlewares/ST/STM32_USB_Host_Library/Class/MSC/Src/usbh_msc_bot.c ****         (void)USBH_LL_SetToggle(phost, MSC_Handle->InPipe, 0U);
 823              		.loc 1 498 9 is_stmt 1 view .LVU277
 498:Middlewares/ST/STM32_USB_Host_Library/Class/MSC/Src/usbh_msc_bot.c ****         (void)USBH_LL_SetToggle(phost, MSC_Handle->InPipe, 0U);
 824              		.loc 1 498 15 is_stmt 0 view .LVU278
 825 0212 C0F10102 		rsb	r2, r0, #1
 826 0216 D2B2     		uxtb	r2, r2
 827 0218 7179     		ldrb	r1, [r6, #5]	@ zero_extendqisi2
 828 021a 2846     		mov	r0, r5
 829              	.LVL66:
 498:Middlewares/ST/STM32_USB_Host_Library/Class/MSC/Src/usbh_msc_bot.c ****         (void)USBH_LL_SetToggle(phost, MSC_Handle->InPipe, 0U);
 830              		.loc 1 498 15 view .LVU279
 831 021c FFF7FEFF 		bl	USBH_LL_SetToggle
 832              	.LVL67:
 499:Middlewares/ST/STM32_USB_Host_Library/Class/MSC/Src/usbh_msc_bot.c ****         MSC_Handle->hbot.state = BOT_ERROR_IN;
 833              		.loc 1 499 9 is_stmt 1 view .LVU280
 499:Middlewares/ST/STM32_USB_Host_Library/Class/MSC/Src/usbh_msc_bot.c ****         MSC_Handle->hbot.state = BOT_ERROR_IN;
 834              		.loc 1 499 15 is_stmt 0 view .LVU281
ARM GAS  /tmp/ccY1gsl8.s 			page 32


 835 0220 0022     		movs	r2, #0
 836 0222 3179     		ldrb	r1, [r6, #4]	@ zero_extendqisi2
 837 0224 2846     		mov	r0, r5
 838 0226 FFF7FEFF 		bl	USBH_LL_SetToggle
 839              	.LVL68:
 500:Middlewares/ST/STM32_USB_Host_Library/Class/MSC/Src/usbh_msc_bot.c ****       }
 840              		.loc 1 500 9 is_stmt 1 view .LVU282
 500:Middlewares/ST/STM32_USB_Host_Library/Class/MSC/Src/usbh_msc_bot.c ****       }
 841              		.loc 1 500 32 is_stmt 0 view .LVU283
 842 022a 0923     		movs	r3, #9
 843 022c 86F85030 		strb	r3, [r6, #80]
 174:Middlewares/ST/STM32_USB_Host_Library/Class/MSC/Src/usbh_msc_bot.c ****   USBH_StatusTypeDef   error  = USBH_BUSY;
 844              		.loc 1 174 24 view .LVU284
 845 0230 0124     		movs	r4, #1
 846 0232 0BE7     		b	.L25
 847              	.LVL69:
 848              	.L78:
 506:Middlewares/ST/STM32_USB_Host_Library/Class/MSC/Src/usbh_msc_bot.c ****         }
 849              		.loc 1 506 11 is_stmt 1 view .LVU285
 506:Middlewares/ST/STM32_USB_Host_Library/Class/MSC/Src/usbh_msc_bot.c ****         }
 850              		.loc 1 506 34 is_stmt 0 view .LVU286
 851 0234 0B23     		movs	r3, #11
 852 0236 86F85030 		strb	r3, [r6, #80]
 174:Middlewares/ST/STM32_USB_Host_Library/Class/MSC/Src/usbh_msc_bot.c ****   USBH_StatusTypeDef   error  = USBH_BUSY;
 853              		.loc 1 174 24 view .LVU287
 854 023a 0124     		movs	r4, #1
 855 023c 06E7     		b	.L25
 856              	.LVL70:
 857              	.L26:
 513:Middlewares/ST/STM32_USB_Host_Library/Class/MSC/Src/usbh_msc_bot.c ****       if (status == USBH_OK)
 858              		.loc 1 513 7 is_stmt 1 view .LVU288
 513:Middlewares/ST/STM32_USB_Host_Library/Class/MSC/Src/usbh_msc_bot.c ****       if (status == USBH_OK)
 859              		.loc 1 513 16 is_stmt 0 view .LVU289
 860 023e FFF7FEFF 		bl	USBH_MSC_BOT_REQ_Reset
 861              	.LVL71:
 514:Middlewares/ST/STM32_USB_Host_Library/Class/MSC/Src/usbh_msc_bot.c ****       {
 862              		.loc 1 514 7 is_stmt 1 view .LVU290
 514:Middlewares/ST/STM32_USB_Host_Library/Class/MSC/Src/usbh_msc_bot.c ****       {
 863              		.loc 1 514 10 is_stmt 0 view .LVU291
 864 0242 0446     		mov	r4, r0
 865 0244 0028     		cmp	r0, #0
 866 0246 7FF401AF 		bne	.L25
 516:Middlewares/ST/STM32_USB_Host_Library/Class/MSC/Src/usbh_msc_bot.c ****       }
 867              		.loc 1 516 9 is_stmt 1 view .LVU292
 516:Middlewares/ST/STM32_USB_Host_Library/Class/MSC/Src/usbh_msc_bot.c ****       }
 868              		.loc 1 516 32 is_stmt 0 view .LVU293
 869 024a 0123     		movs	r3, #1
 870 024c 86F85030 		strb	r3, [r6, #80]
 871 0250 FCE6     		b	.L25
 872              	.LVL72:
 873              	.L54:
 181:Middlewares/ST/STM32_USB_Host_Library/Class/MSC/Src/usbh_msc_bot.c ****   {
 874              		.loc 1 181 3 view .LVU294
 875 0252 0124     		movs	r4, #1
 876 0254 FAE6     		b	.L25
 877              		.cfi_endproc
 878              	.LFE136:
ARM GAS  /tmp/ccY1gsl8.s 			page 33


 880              		.text
 881              	.Letext0:
 882              		.file 2 "/usr/lib/gcc/arm-none-eabi/14.2.1/include/stdint.h"
 883              		.file 3 "Middlewares/ST/STM32_USB_Host_Library/Core/Inc/usbh_def.h"
 884              		.file 4 "Middlewares/ST/STM32_USB_Host_Library/Class/MSC/Inc/usbh_msc_bot.h"
 885              		.file 5 "Middlewares/ST/STM32_USB_Host_Library/Class/MSC/Inc/usbh_msc_scsi.h"
 886              		.file 6 "Middlewares/ST/STM32_USB_Host_Library/Class/MSC/Inc/usbh_msc.h"
 887              		.file 7 "Middlewares/ST/STM32_USB_Host_Library/Core/Inc/usbh_ctlreq.h"
 888              		.file 8 "Middlewares/ST/STM32_USB_Host_Library/Core/Inc/usbh_core.h"
 889              		.file 9 "Middlewares/ST/STM32_USB_Host_Library/Core/Inc/usbh_ioreq.h"
ARM GAS  /tmp/ccY1gsl8.s 			page 34


DEFINED SYMBOLS
                            *ABS*:00000000 usbh_msc_bot.c
     /tmp/ccY1gsl8.s:21     .text.USBH_MSC_DecodeCSW:00000000 $t
     /tmp/ccY1gsl8.s:26     .text.USBH_MSC_DecodeCSW:00000000 USBH_MSC_DecodeCSW
     /tmp/ccY1gsl8.s:106    .text.USBH_MSC_DecodeCSW:00000044 $d
     /tmp/ccY1gsl8.s:111    .text.USBH_MSC_BOT_Abort:00000000 $t
     /tmp/ccY1gsl8.s:116    .text.USBH_MSC_BOT_Abort:00000000 USBH_MSC_BOT_Abort
     /tmp/ccY1gsl8.s:175    .text.USBH_MSC_BOT_REQ_Reset:00000000 $t
     /tmp/ccY1gsl8.s:181    .text.USBH_MSC_BOT_REQ_Reset:00000000 USBH_MSC_BOT_REQ_Reset
     /tmp/ccY1gsl8.s:223    .text.USBH_MSC_BOT_REQ_GetMaxLUN:00000000 $t
     /tmp/ccY1gsl8.s:229    .text.USBH_MSC_BOT_REQ_GetMaxLUN:00000000 USBH_MSC_BOT_REQ_GetMaxLUN
     /tmp/ccY1gsl8.s:271    .text.USBH_MSC_BOT_Init:00000000 $t
     /tmp/ccY1gsl8.s:277    .text.USBH_MSC_BOT_Init:00000000 USBH_MSC_BOT_Init
     /tmp/ccY1gsl8.s:315    .text.USBH_MSC_BOT_Init:0000001c $d
     /tmp/ccY1gsl8.s:321    .text.USBH_MSC_BOT_Process:00000000 $t
     /tmp/ccY1gsl8.s:327    .text.USBH_MSC_BOT_Process:00000000 USBH_MSC_BOT_Process
     /tmp/ccY1gsl8.s:367    .text.USBH_MSC_BOT_Process:0000001c $d
     /tmp/ccY1gsl8.s:378    .text.USBH_MSC_BOT_Process:00000032 $t

UNDEFINED SYMBOLS
USBH_LL_GetLastXferSize
USBH_ClrFeature
USBH_CtlReq
USBH_BulkSendData
USBH_LL_GetURBState
USBH_BulkReceiveData
USBH_LL_GetToggle
USBH_LL_SetToggle
