ARM GAS  /tmp/ccoUEE4u.s 			page 1


   1              		.cpu cortex-m4
   2              		.arch armv7e-m
   3              		.fpu fpv4-sp-d16
   4              		.eabi_attribute 27, 1
   5              		.eabi_attribute 28, 1
   6              		.eabi_attribute 20, 1
   7              		.eabi_attribute 21, 1
   8              		.eabi_attribute 23, 3
   9              		.eabi_attribute 24, 1
  10              		.eabi_attribute 25, 1
  11              		.eabi_attribute 26, 1
  12              		.eabi_attribute 30, 1
  13              		.eabi_attribute 34, 1
  14              		.eabi_attribute 18, 4
  15              		.file	"usbh_ctlreq.c"
  16              		.text
  17              	.Ltext0:
  18              		.cfi_sections	.debug_frame
  19              		.file 1 "Middlewares/ST/STM32_USB_Host_Library/Core/Src/usbh_ctlreq.c"
  20              		.section	.text.USBH_ParseDevDesc,"ax",%progbits
  21              		.align	1
  22              		.syntax unified
  23              		.thumb
  24              		.thumb_func
  26              	USBH_ParseDevDesc:
  27              	.LVL0:
  28              	.LFB142:
   1:Middlewares/ST/STM32_USB_Host_Library/Core/Src/usbh_ctlreq.c **** /**
   2:Middlewares/ST/STM32_USB_Host_Library/Core/Src/usbh_ctlreq.c ****   ******************************************************************************
   3:Middlewares/ST/STM32_USB_Host_Library/Core/Src/usbh_ctlreq.c ****   * @file    usbh_ctlreq.c
   4:Middlewares/ST/STM32_USB_Host_Library/Core/Src/usbh_ctlreq.c ****   * @author  MCD Application Team
   5:Middlewares/ST/STM32_USB_Host_Library/Core/Src/usbh_ctlreq.c ****   * @brief   This file implements the control requests for device enumeration
   6:Middlewares/ST/STM32_USB_Host_Library/Core/Src/usbh_ctlreq.c ****   ******************************************************************************
   7:Middlewares/ST/STM32_USB_Host_Library/Core/Src/usbh_ctlreq.c ****   * @attention
   8:Middlewares/ST/STM32_USB_Host_Library/Core/Src/usbh_ctlreq.c ****   *
   9:Middlewares/ST/STM32_USB_Host_Library/Core/Src/usbh_ctlreq.c ****   * <h2><center>&copy; Copyright (c) 2015 STMicroelectronics.
  10:Middlewares/ST/STM32_USB_Host_Library/Core/Src/usbh_ctlreq.c ****   * All rights reserved.</center></h2>
  11:Middlewares/ST/STM32_USB_Host_Library/Core/Src/usbh_ctlreq.c ****   *
  12:Middlewares/ST/STM32_USB_Host_Library/Core/Src/usbh_ctlreq.c ****   * This software component is licensed by ST under Ultimate Liberty license
  13:Middlewares/ST/STM32_USB_Host_Library/Core/Src/usbh_ctlreq.c ****   * SLA0044, the "License"; You may not use this file except in compliance with
  14:Middlewares/ST/STM32_USB_Host_Library/Core/Src/usbh_ctlreq.c ****   * the License. You may obtain a copy of the License at:
  15:Middlewares/ST/STM32_USB_Host_Library/Core/Src/usbh_ctlreq.c ****   *                      www.st.com/SLA0044
  16:Middlewares/ST/STM32_USB_Host_Library/Core/Src/usbh_ctlreq.c ****   *
  17:Middlewares/ST/STM32_USB_Host_Library/Core/Src/usbh_ctlreq.c ****   ******************************************************************************
  18:Middlewares/ST/STM32_USB_Host_Library/Core/Src/usbh_ctlreq.c ****   */
  19:Middlewares/ST/STM32_USB_Host_Library/Core/Src/usbh_ctlreq.c **** 
  20:Middlewares/ST/STM32_USB_Host_Library/Core/Src/usbh_ctlreq.c **** /* Includes ------------------------------------------------------------------*/
  21:Middlewares/ST/STM32_USB_Host_Library/Core/Src/usbh_ctlreq.c **** #include "usbh_ctlreq.h"
  22:Middlewares/ST/STM32_USB_Host_Library/Core/Src/usbh_ctlreq.c **** 
  23:Middlewares/ST/STM32_USB_Host_Library/Core/Src/usbh_ctlreq.c **** /** @addtogroup USBH_LIB
  24:Middlewares/ST/STM32_USB_Host_Library/Core/Src/usbh_ctlreq.c ****   * @{
  25:Middlewares/ST/STM32_USB_Host_Library/Core/Src/usbh_ctlreq.c ****   */
  26:Middlewares/ST/STM32_USB_Host_Library/Core/Src/usbh_ctlreq.c **** 
  27:Middlewares/ST/STM32_USB_Host_Library/Core/Src/usbh_ctlreq.c **** /** @addtogroup USBH_LIB_CORE
  28:Middlewares/ST/STM32_USB_Host_Library/Core/Src/usbh_ctlreq.c ****   * @{
  29:Middlewares/ST/STM32_USB_Host_Library/Core/Src/usbh_ctlreq.c ****   */
  30:Middlewares/ST/STM32_USB_Host_Library/Core/Src/usbh_ctlreq.c **** 
ARM GAS  /tmp/ccoUEE4u.s 			page 2


  31:Middlewares/ST/STM32_USB_Host_Library/Core/Src/usbh_ctlreq.c **** /** @defgroup USBH_CTLREQ
  32:Middlewares/ST/STM32_USB_Host_Library/Core/Src/usbh_ctlreq.c ****   * @brief This file implements the standard requests for device enumeration
  33:Middlewares/ST/STM32_USB_Host_Library/Core/Src/usbh_ctlreq.c ****   * @{
  34:Middlewares/ST/STM32_USB_Host_Library/Core/Src/usbh_ctlreq.c ****   */
  35:Middlewares/ST/STM32_USB_Host_Library/Core/Src/usbh_ctlreq.c **** 
  36:Middlewares/ST/STM32_USB_Host_Library/Core/Src/usbh_ctlreq.c **** 
  37:Middlewares/ST/STM32_USB_Host_Library/Core/Src/usbh_ctlreq.c **** /** @defgroup USBH_CTLREQ_Private_Defines
  38:Middlewares/ST/STM32_USB_Host_Library/Core/Src/usbh_ctlreq.c ****   * @{
  39:Middlewares/ST/STM32_USB_Host_Library/Core/Src/usbh_ctlreq.c ****   */
  40:Middlewares/ST/STM32_USB_Host_Library/Core/Src/usbh_ctlreq.c **** /**
  41:Middlewares/ST/STM32_USB_Host_Library/Core/Src/usbh_ctlreq.c ****   * @}
  42:Middlewares/ST/STM32_USB_Host_Library/Core/Src/usbh_ctlreq.c ****   */
  43:Middlewares/ST/STM32_USB_Host_Library/Core/Src/usbh_ctlreq.c **** 
  44:Middlewares/ST/STM32_USB_Host_Library/Core/Src/usbh_ctlreq.c **** 
  45:Middlewares/ST/STM32_USB_Host_Library/Core/Src/usbh_ctlreq.c **** /** @defgroup USBH_CTLREQ_Private_TypesDefinitions
  46:Middlewares/ST/STM32_USB_Host_Library/Core/Src/usbh_ctlreq.c ****   * @{
  47:Middlewares/ST/STM32_USB_Host_Library/Core/Src/usbh_ctlreq.c ****   */
  48:Middlewares/ST/STM32_USB_Host_Library/Core/Src/usbh_ctlreq.c **** /**
  49:Middlewares/ST/STM32_USB_Host_Library/Core/Src/usbh_ctlreq.c ****   * @}
  50:Middlewares/ST/STM32_USB_Host_Library/Core/Src/usbh_ctlreq.c ****   */
  51:Middlewares/ST/STM32_USB_Host_Library/Core/Src/usbh_ctlreq.c **** 
  52:Middlewares/ST/STM32_USB_Host_Library/Core/Src/usbh_ctlreq.c **** 
  53:Middlewares/ST/STM32_USB_Host_Library/Core/Src/usbh_ctlreq.c **** 
  54:Middlewares/ST/STM32_USB_Host_Library/Core/Src/usbh_ctlreq.c **** /** @defgroup USBH_CTLREQ_Private_Macros
  55:Middlewares/ST/STM32_USB_Host_Library/Core/Src/usbh_ctlreq.c ****   * @{
  56:Middlewares/ST/STM32_USB_Host_Library/Core/Src/usbh_ctlreq.c ****   */
  57:Middlewares/ST/STM32_USB_Host_Library/Core/Src/usbh_ctlreq.c **** /**
  58:Middlewares/ST/STM32_USB_Host_Library/Core/Src/usbh_ctlreq.c ****   * @}
  59:Middlewares/ST/STM32_USB_Host_Library/Core/Src/usbh_ctlreq.c ****   */
  60:Middlewares/ST/STM32_USB_Host_Library/Core/Src/usbh_ctlreq.c **** 
  61:Middlewares/ST/STM32_USB_Host_Library/Core/Src/usbh_ctlreq.c **** 
  62:Middlewares/ST/STM32_USB_Host_Library/Core/Src/usbh_ctlreq.c **** /** @defgroup USBH_CTLREQ_Private_Variables
  63:Middlewares/ST/STM32_USB_Host_Library/Core/Src/usbh_ctlreq.c ****   * @{
  64:Middlewares/ST/STM32_USB_Host_Library/Core/Src/usbh_ctlreq.c ****   */
  65:Middlewares/ST/STM32_USB_Host_Library/Core/Src/usbh_ctlreq.c **** /**
  66:Middlewares/ST/STM32_USB_Host_Library/Core/Src/usbh_ctlreq.c ****   * @}
  67:Middlewares/ST/STM32_USB_Host_Library/Core/Src/usbh_ctlreq.c ****   */
  68:Middlewares/ST/STM32_USB_Host_Library/Core/Src/usbh_ctlreq.c **** 
  69:Middlewares/ST/STM32_USB_Host_Library/Core/Src/usbh_ctlreq.c **** /** @defgroup USBH_CTLREQ_Private_FunctionPrototypes
  70:Middlewares/ST/STM32_USB_Host_Library/Core/Src/usbh_ctlreq.c ****   * @{
  71:Middlewares/ST/STM32_USB_Host_Library/Core/Src/usbh_ctlreq.c ****   */
  72:Middlewares/ST/STM32_USB_Host_Library/Core/Src/usbh_ctlreq.c **** static USBH_StatusTypeDef USBH_HandleControl(USBH_HandleTypeDef *phost);
  73:Middlewares/ST/STM32_USB_Host_Library/Core/Src/usbh_ctlreq.c **** 
  74:Middlewares/ST/STM32_USB_Host_Library/Core/Src/usbh_ctlreq.c **** static void USBH_ParseDevDesc(USBH_DevDescTypeDef *dev_desc,
  75:Middlewares/ST/STM32_USB_Host_Library/Core/Src/usbh_ctlreq.c ****                               uint8_t *buf, uint16_t length);
  76:Middlewares/ST/STM32_USB_Host_Library/Core/Src/usbh_ctlreq.c **** 
  77:Middlewares/ST/STM32_USB_Host_Library/Core/Src/usbh_ctlreq.c **** static USBH_StatusTypeDef USBH_ParseCfgDesc(USBH_HandleTypeDef *phost,
  78:Middlewares/ST/STM32_USB_Host_Library/Core/Src/usbh_ctlreq.c ****                                             uint8_t *buf, uint16_t length);
  79:Middlewares/ST/STM32_USB_Host_Library/Core/Src/usbh_ctlreq.c **** 
  80:Middlewares/ST/STM32_USB_Host_Library/Core/Src/usbh_ctlreq.c **** static USBH_StatusTypeDef USBH_ParseEPDesc(USBH_HandleTypeDef *phost, USBH_EpDescTypeDef  *ep_descr
  81:Middlewares/ST/STM32_USB_Host_Library/Core/Src/usbh_ctlreq.c **** static void USBH_ParseStringDesc(uint8_t *psrc, uint8_t *pdest, uint16_t length);
  82:Middlewares/ST/STM32_USB_Host_Library/Core/Src/usbh_ctlreq.c **** static void USBH_ParseInterfaceDesc(USBH_InterfaceDescTypeDef  *if_descriptor, uint8_t *buf);
  83:Middlewares/ST/STM32_USB_Host_Library/Core/Src/usbh_ctlreq.c **** 
  84:Middlewares/ST/STM32_USB_Host_Library/Core/Src/usbh_ctlreq.c **** 
  85:Middlewares/ST/STM32_USB_Host_Library/Core/Src/usbh_ctlreq.c **** /**
  86:Middlewares/ST/STM32_USB_Host_Library/Core/Src/usbh_ctlreq.c ****   * @}
  87:Middlewares/ST/STM32_USB_Host_Library/Core/Src/usbh_ctlreq.c ****   */
ARM GAS  /tmp/ccoUEE4u.s 			page 3


  88:Middlewares/ST/STM32_USB_Host_Library/Core/Src/usbh_ctlreq.c **** 
  89:Middlewares/ST/STM32_USB_Host_Library/Core/Src/usbh_ctlreq.c **** 
  90:Middlewares/ST/STM32_USB_Host_Library/Core/Src/usbh_ctlreq.c **** /** @defgroup USBH_CTLREQ_Private_Functions
  91:Middlewares/ST/STM32_USB_Host_Library/Core/Src/usbh_ctlreq.c ****   * @{
  92:Middlewares/ST/STM32_USB_Host_Library/Core/Src/usbh_ctlreq.c ****   */
  93:Middlewares/ST/STM32_USB_Host_Library/Core/Src/usbh_ctlreq.c **** 
  94:Middlewares/ST/STM32_USB_Host_Library/Core/Src/usbh_ctlreq.c **** 
  95:Middlewares/ST/STM32_USB_Host_Library/Core/Src/usbh_ctlreq.c **** /**
  96:Middlewares/ST/STM32_USB_Host_Library/Core/Src/usbh_ctlreq.c ****   * @brief  USBH_Get_DevDesc
  97:Middlewares/ST/STM32_USB_Host_Library/Core/Src/usbh_ctlreq.c ****   *         Issue Get Device Descriptor command to the device. Once the response
  98:Middlewares/ST/STM32_USB_Host_Library/Core/Src/usbh_ctlreq.c ****   *         received, it parses the device descriptor and updates the status.
  99:Middlewares/ST/STM32_USB_Host_Library/Core/Src/usbh_ctlreq.c ****   * @param  phost: Host Handle
 100:Middlewares/ST/STM32_USB_Host_Library/Core/Src/usbh_ctlreq.c ****   * @param  length: Length of the descriptor
 101:Middlewares/ST/STM32_USB_Host_Library/Core/Src/usbh_ctlreq.c ****   * @retval USBH Status
 102:Middlewares/ST/STM32_USB_Host_Library/Core/Src/usbh_ctlreq.c ****   */
 103:Middlewares/ST/STM32_USB_Host_Library/Core/Src/usbh_ctlreq.c **** USBH_StatusTypeDef USBH_Get_DevDesc(USBH_HandleTypeDef *phost, uint8_t length)
 104:Middlewares/ST/STM32_USB_Host_Library/Core/Src/usbh_ctlreq.c **** {
 105:Middlewares/ST/STM32_USB_Host_Library/Core/Src/usbh_ctlreq.c ****   USBH_StatusTypeDef status;
 106:Middlewares/ST/STM32_USB_Host_Library/Core/Src/usbh_ctlreq.c **** 
 107:Middlewares/ST/STM32_USB_Host_Library/Core/Src/usbh_ctlreq.c ****   status = USBH_GetDescriptor(phost,
 108:Middlewares/ST/STM32_USB_Host_Library/Core/Src/usbh_ctlreq.c ****                               USB_REQ_RECIPIENT_DEVICE | USB_REQ_TYPE_STANDARD,
 109:Middlewares/ST/STM32_USB_Host_Library/Core/Src/usbh_ctlreq.c ****                               USB_DESC_DEVICE, phost->device.Data,
 110:Middlewares/ST/STM32_USB_Host_Library/Core/Src/usbh_ctlreq.c ****                               (uint16_t)length);
 111:Middlewares/ST/STM32_USB_Host_Library/Core/Src/usbh_ctlreq.c **** 
 112:Middlewares/ST/STM32_USB_Host_Library/Core/Src/usbh_ctlreq.c ****   if (status == USBH_OK)
 113:Middlewares/ST/STM32_USB_Host_Library/Core/Src/usbh_ctlreq.c ****   {
 114:Middlewares/ST/STM32_USB_Host_Library/Core/Src/usbh_ctlreq.c ****     /* Commands successfully sent and Response Received */
 115:Middlewares/ST/STM32_USB_Host_Library/Core/Src/usbh_ctlreq.c ****     USBH_ParseDevDesc(&phost->device.DevDesc, phost->device.Data,
 116:Middlewares/ST/STM32_USB_Host_Library/Core/Src/usbh_ctlreq.c ****                       (uint16_t)length);
 117:Middlewares/ST/STM32_USB_Host_Library/Core/Src/usbh_ctlreq.c ****   }
 118:Middlewares/ST/STM32_USB_Host_Library/Core/Src/usbh_ctlreq.c **** 
 119:Middlewares/ST/STM32_USB_Host_Library/Core/Src/usbh_ctlreq.c ****   return status;
 120:Middlewares/ST/STM32_USB_Host_Library/Core/Src/usbh_ctlreq.c **** }
 121:Middlewares/ST/STM32_USB_Host_Library/Core/Src/usbh_ctlreq.c **** 
 122:Middlewares/ST/STM32_USB_Host_Library/Core/Src/usbh_ctlreq.c **** 
 123:Middlewares/ST/STM32_USB_Host_Library/Core/Src/usbh_ctlreq.c **** /**
 124:Middlewares/ST/STM32_USB_Host_Library/Core/Src/usbh_ctlreq.c ****   * @brief  USBH_Get_CfgDesc
 125:Middlewares/ST/STM32_USB_Host_Library/Core/Src/usbh_ctlreq.c ****   *         Issues Configuration Descriptor to the device. Once the response
 126:Middlewares/ST/STM32_USB_Host_Library/Core/Src/usbh_ctlreq.c ****   *         received, it parses the configuration descriptor and updates the
 127:Middlewares/ST/STM32_USB_Host_Library/Core/Src/usbh_ctlreq.c ****   *         status.
 128:Middlewares/ST/STM32_USB_Host_Library/Core/Src/usbh_ctlreq.c ****   * @param  phost: Host Handle
 129:Middlewares/ST/STM32_USB_Host_Library/Core/Src/usbh_ctlreq.c ****   * @param  length: Length of the descriptor
 130:Middlewares/ST/STM32_USB_Host_Library/Core/Src/usbh_ctlreq.c ****   * @retval USBH Status
 131:Middlewares/ST/STM32_USB_Host_Library/Core/Src/usbh_ctlreq.c ****   */
 132:Middlewares/ST/STM32_USB_Host_Library/Core/Src/usbh_ctlreq.c **** USBH_StatusTypeDef USBH_Get_CfgDesc(USBH_HandleTypeDef *phost,
 133:Middlewares/ST/STM32_USB_Host_Library/Core/Src/usbh_ctlreq.c ****                                     uint16_t length)
 134:Middlewares/ST/STM32_USB_Host_Library/Core/Src/usbh_ctlreq.c **** 
 135:Middlewares/ST/STM32_USB_Host_Library/Core/Src/usbh_ctlreq.c **** {
 136:Middlewares/ST/STM32_USB_Host_Library/Core/Src/usbh_ctlreq.c ****   USBH_StatusTypeDef status;
 137:Middlewares/ST/STM32_USB_Host_Library/Core/Src/usbh_ctlreq.c ****   uint8_t *pData = phost->device.CfgDesc_Raw;
 138:Middlewares/ST/STM32_USB_Host_Library/Core/Src/usbh_ctlreq.c **** 
 139:Middlewares/ST/STM32_USB_Host_Library/Core/Src/usbh_ctlreq.c ****   status = USBH_GetDescriptor(phost, (USB_REQ_RECIPIENT_DEVICE | USB_REQ_TYPE_STANDARD),
 140:Middlewares/ST/STM32_USB_Host_Library/Core/Src/usbh_ctlreq.c ****                               USB_DESC_CONFIGURATION, pData, length);
 141:Middlewares/ST/STM32_USB_Host_Library/Core/Src/usbh_ctlreq.c **** 
 142:Middlewares/ST/STM32_USB_Host_Library/Core/Src/usbh_ctlreq.c ****   if (status == USBH_OK)
 143:Middlewares/ST/STM32_USB_Host_Library/Core/Src/usbh_ctlreq.c ****   {
 144:Middlewares/ST/STM32_USB_Host_Library/Core/Src/usbh_ctlreq.c ****     /* Commands successfully sent and Response Received  */
ARM GAS  /tmp/ccoUEE4u.s 			page 4


 145:Middlewares/ST/STM32_USB_Host_Library/Core/Src/usbh_ctlreq.c ****     status = USBH_ParseCfgDesc(phost, pData, length);
 146:Middlewares/ST/STM32_USB_Host_Library/Core/Src/usbh_ctlreq.c ****   }
 147:Middlewares/ST/STM32_USB_Host_Library/Core/Src/usbh_ctlreq.c **** 
 148:Middlewares/ST/STM32_USB_Host_Library/Core/Src/usbh_ctlreq.c ****   return status;
 149:Middlewares/ST/STM32_USB_Host_Library/Core/Src/usbh_ctlreq.c **** }
 150:Middlewares/ST/STM32_USB_Host_Library/Core/Src/usbh_ctlreq.c **** 
 151:Middlewares/ST/STM32_USB_Host_Library/Core/Src/usbh_ctlreq.c **** 
 152:Middlewares/ST/STM32_USB_Host_Library/Core/Src/usbh_ctlreq.c **** /**
 153:Middlewares/ST/STM32_USB_Host_Library/Core/Src/usbh_ctlreq.c ****   * @brief  USBH_Get_StringDesc
 154:Middlewares/ST/STM32_USB_Host_Library/Core/Src/usbh_ctlreq.c ****   *         Issues string Descriptor command to the device. Once the response
 155:Middlewares/ST/STM32_USB_Host_Library/Core/Src/usbh_ctlreq.c ****   *         received, it parses the string descriptor and updates the status.
 156:Middlewares/ST/STM32_USB_Host_Library/Core/Src/usbh_ctlreq.c ****   * @param  phost: Host Handle
 157:Middlewares/ST/STM32_USB_Host_Library/Core/Src/usbh_ctlreq.c ****   * @param  string_index: String index for the descriptor
 158:Middlewares/ST/STM32_USB_Host_Library/Core/Src/usbh_ctlreq.c ****   * @param  buff: Buffer address for the descriptor
 159:Middlewares/ST/STM32_USB_Host_Library/Core/Src/usbh_ctlreq.c ****   * @param  length: Length of the descriptor
 160:Middlewares/ST/STM32_USB_Host_Library/Core/Src/usbh_ctlreq.c ****   * @retval USBH Status
 161:Middlewares/ST/STM32_USB_Host_Library/Core/Src/usbh_ctlreq.c ****   */
 162:Middlewares/ST/STM32_USB_Host_Library/Core/Src/usbh_ctlreq.c **** USBH_StatusTypeDef USBH_Get_StringDesc(USBH_HandleTypeDef *phost,
 163:Middlewares/ST/STM32_USB_Host_Library/Core/Src/usbh_ctlreq.c ****                                        uint8_t string_index, uint8_t *buff,
 164:Middlewares/ST/STM32_USB_Host_Library/Core/Src/usbh_ctlreq.c ****                                        uint16_t length)
 165:Middlewares/ST/STM32_USB_Host_Library/Core/Src/usbh_ctlreq.c **** {
 166:Middlewares/ST/STM32_USB_Host_Library/Core/Src/usbh_ctlreq.c ****   USBH_StatusTypeDef status;
 167:Middlewares/ST/STM32_USB_Host_Library/Core/Src/usbh_ctlreq.c **** 
 168:Middlewares/ST/STM32_USB_Host_Library/Core/Src/usbh_ctlreq.c ****   status = USBH_GetDescriptor(phost,
 169:Middlewares/ST/STM32_USB_Host_Library/Core/Src/usbh_ctlreq.c ****                               USB_REQ_RECIPIENT_DEVICE | USB_REQ_TYPE_STANDARD,
 170:Middlewares/ST/STM32_USB_Host_Library/Core/Src/usbh_ctlreq.c ****                               USB_DESC_STRING | string_index,
 171:Middlewares/ST/STM32_USB_Host_Library/Core/Src/usbh_ctlreq.c ****                               phost->device.Data, length);
 172:Middlewares/ST/STM32_USB_Host_Library/Core/Src/usbh_ctlreq.c **** 
 173:Middlewares/ST/STM32_USB_Host_Library/Core/Src/usbh_ctlreq.c ****   if (status == USBH_OK)
 174:Middlewares/ST/STM32_USB_Host_Library/Core/Src/usbh_ctlreq.c ****   {
 175:Middlewares/ST/STM32_USB_Host_Library/Core/Src/usbh_ctlreq.c ****     /* Commands successfully sent and Response Received  */
 176:Middlewares/ST/STM32_USB_Host_Library/Core/Src/usbh_ctlreq.c ****     USBH_ParseStringDesc(phost->device.Data, buff, length);
 177:Middlewares/ST/STM32_USB_Host_Library/Core/Src/usbh_ctlreq.c ****   }
 178:Middlewares/ST/STM32_USB_Host_Library/Core/Src/usbh_ctlreq.c **** 
 179:Middlewares/ST/STM32_USB_Host_Library/Core/Src/usbh_ctlreq.c ****   return status;
 180:Middlewares/ST/STM32_USB_Host_Library/Core/Src/usbh_ctlreq.c **** }
 181:Middlewares/ST/STM32_USB_Host_Library/Core/Src/usbh_ctlreq.c **** 
 182:Middlewares/ST/STM32_USB_Host_Library/Core/Src/usbh_ctlreq.c **** 
 183:Middlewares/ST/STM32_USB_Host_Library/Core/Src/usbh_ctlreq.c **** /**
 184:Middlewares/ST/STM32_USB_Host_Library/Core/Src/usbh_ctlreq.c ****   * @brief  USBH_GetDescriptor
 185:Middlewares/ST/STM32_USB_Host_Library/Core/Src/usbh_ctlreq.c ****   *         Issues Descriptor command to the device. Once the response received,
 186:Middlewares/ST/STM32_USB_Host_Library/Core/Src/usbh_ctlreq.c ****   *         it parses the descriptor and updates the status.
 187:Middlewares/ST/STM32_USB_Host_Library/Core/Src/usbh_ctlreq.c ****   * @param  phost: Host Handle
 188:Middlewares/ST/STM32_USB_Host_Library/Core/Src/usbh_ctlreq.c ****   * @param  req_type: Descriptor type
 189:Middlewares/ST/STM32_USB_Host_Library/Core/Src/usbh_ctlreq.c ****   * @param  value_idx: Value for the GetDescriptr request
 190:Middlewares/ST/STM32_USB_Host_Library/Core/Src/usbh_ctlreq.c ****   * @param  buff: Buffer to store the descriptor
 191:Middlewares/ST/STM32_USB_Host_Library/Core/Src/usbh_ctlreq.c ****   * @param  length: Length of the descriptor
 192:Middlewares/ST/STM32_USB_Host_Library/Core/Src/usbh_ctlreq.c ****   * @retval USBH Status
 193:Middlewares/ST/STM32_USB_Host_Library/Core/Src/usbh_ctlreq.c ****   */
 194:Middlewares/ST/STM32_USB_Host_Library/Core/Src/usbh_ctlreq.c **** USBH_StatusTypeDef USBH_GetDescriptor(USBH_HandleTypeDef *phost,
 195:Middlewares/ST/STM32_USB_Host_Library/Core/Src/usbh_ctlreq.c ****                                       uint8_t  req_type,
 196:Middlewares/ST/STM32_USB_Host_Library/Core/Src/usbh_ctlreq.c ****                                       uint16_t value_idx,
 197:Middlewares/ST/STM32_USB_Host_Library/Core/Src/usbh_ctlreq.c ****                                       uint8_t *buff,
 198:Middlewares/ST/STM32_USB_Host_Library/Core/Src/usbh_ctlreq.c ****                                       uint16_t length)
 199:Middlewares/ST/STM32_USB_Host_Library/Core/Src/usbh_ctlreq.c **** {
 200:Middlewares/ST/STM32_USB_Host_Library/Core/Src/usbh_ctlreq.c ****   if (phost->RequestState == CMD_SEND)
 201:Middlewares/ST/STM32_USB_Host_Library/Core/Src/usbh_ctlreq.c ****   {
ARM GAS  /tmp/ccoUEE4u.s 			page 5


 202:Middlewares/ST/STM32_USB_Host_Library/Core/Src/usbh_ctlreq.c ****     phost->Control.setup.b.bmRequestType = USB_D2H | req_type;
 203:Middlewares/ST/STM32_USB_Host_Library/Core/Src/usbh_ctlreq.c ****     phost->Control.setup.b.bRequest = USB_REQ_GET_DESCRIPTOR;
 204:Middlewares/ST/STM32_USB_Host_Library/Core/Src/usbh_ctlreq.c ****     phost->Control.setup.b.wValue.w = value_idx;
 205:Middlewares/ST/STM32_USB_Host_Library/Core/Src/usbh_ctlreq.c **** 
 206:Middlewares/ST/STM32_USB_Host_Library/Core/Src/usbh_ctlreq.c ****     if ((value_idx & 0xff00U) == USB_DESC_STRING)
 207:Middlewares/ST/STM32_USB_Host_Library/Core/Src/usbh_ctlreq.c ****     {
 208:Middlewares/ST/STM32_USB_Host_Library/Core/Src/usbh_ctlreq.c ****       phost->Control.setup.b.wIndex.w = 0x0409U;
 209:Middlewares/ST/STM32_USB_Host_Library/Core/Src/usbh_ctlreq.c ****     }
 210:Middlewares/ST/STM32_USB_Host_Library/Core/Src/usbh_ctlreq.c ****     else
 211:Middlewares/ST/STM32_USB_Host_Library/Core/Src/usbh_ctlreq.c ****     {
 212:Middlewares/ST/STM32_USB_Host_Library/Core/Src/usbh_ctlreq.c ****       phost->Control.setup.b.wIndex.w = 0U;
 213:Middlewares/ST/STM32_USB_Host_Library/Core/Src/usbh_ctlreq.c ****     }
 214:Middlewares/ST/STM32_USB_Host_Library/Core/Src/usbh_ctlreq.c ****     phost->Control.setup.b.wLength.w = length;
 215:Middlewares/ST/STM32_USB_Host_Library/Core/Src/usbh_ctlreq.c ****   }
 216:Middlewares/ST/STM32_USB_Host_Library/Core/Src/usbh_ctlreq.c **** 
 217:Middlewares/ST/STM32_USB_Host_Library/Core/Src/usbh_ctlreq.c ****   return USBH_CtlReq(phost, buff, length);
 218:Middlewares/ST/STM32_USB_Host_Library/Core/Src/usbh_ctlreq.c **** }
 219:Middlewares/ST/STM32_USB_Host_Library/Core/Src/usbh_ctlreq.c **** 
 220:Middlewares/ST/STM32_USB_Host_Library/Core/Src/usbh_ctlreq.c **** 
 221:Middlewares/ST/STM32_USB_Host_Library/Core/Src/usbh_ctlreq.c **** /**
 222:Middlewares/ST/STM32_USB_Host_Library/Core/Src/usbh_ctlreq.c ****   * @brief  USBH_SetAddress
 223:Middlewares/ST/STM32_USB_Host_Library/Core/Src/usbh_ctlreq.c ****   *         This command sets the address to the connected device
 224:Middlewares/ST/STM32_USB_Host_Library/Core/Src/usbh_ctlreq.c ****   * @param  phost: Host Handle
 225:Middlewares/ST/STM32_USB_Host_Library/Core/Src/usbh_ctlreq.c ****   * @param  DeviceAddress: Device address to assign
 226:Middlewares/ST/STM32_USB_Host_Library/Core/Src/usbh_ctlreq.c ****   * @retval USBH Status
 227:Middlewares/ST/STM32_USB_Host_Library/Core/Src/usbh_ctlreq.c ****   */
 228:Middlewares/ST/STM32_USB_Host_Library/Core/Src/usbh_ctlreq.c **** USBH_StatusTypeDef USBH_SetAddress(USBH_HandleTypeDef *phost,
 229:Middlewares/ST/STM32_USB_Host_Library/Core/Src/usbh_ctlreq.c ****                                    uint8_t DeviceAddress)
 230:Middlewares/ST/STM32_USB_Host_Library/Core/Src/usbh_ctlreq.c **** {
 231:Middlewares/ST/STM32_USB_Host_Library/Core/Src/usbh_ctlreq.c ****   if (phost->RequestState == CMD_SEND)
 232:Middlewares/ST/STM32_USB_Host_Library/Core/Src/usbh_ctlreq.c ****   {
 233:Middlewares/ST/STM32_USB_Host_Library/Core/Src/usbh_ctlreq.c ****     phost->Control.setup.b.bmRequestType = USB_H2D | USB_REQ_RECIPIENT_DEVICE | \
 234:Middlewares/ST/STM32_USB_Host_Library/Core/Src/usbh_ctlreq.c ****                                            USB_REQ_TYPE_STANDARD;
 235:Middlewares/ST/STM32_USB_Host_Library/Core/Src/usbh_ctlreq.c **** 
 236:Middlewares/ST/STM32_USB_Host_Library/Core/Src/usbh_ctlreq.c ****     phost->Control.setup.b.bRequest = USB_REQ_SET_ADDRESS;
 237:Middlewares/ST/STM32_USB_Host_Library/Core/Src/usbh_ctlreq.c **** 
 238:Middlewares/ST/STM32_USB_Host_Library/Core/Src/usbh_ctlreq.c ****     phost->Control.setup.b.wValue.w = (uint16_t)DeviceAddress;
 239:Middlewares/ST/STM32_USB_Host_Library/Core/Src/usbh_ctlreq.c ****     phost->Control.setup.b.wIndex.w = 0U;
 240:Middlewares/ST/STM32_USB_Host_Library/Core/Src/usbh_ctlreq.c ****     phost->Control.setup.b.wLength.w = 0U;
 241:Middlewares/ST/STM32_USB_Host_Library/Core/Src/usbh_ctlreq.c ****   }
 242:Middlewares/ST/STM32_USB_Host_Library/Core/Src/usbh_ctlreq.c **** 
 243:Middlewares/ST/STM32_USB_Host_Library/Core/Src/usbh_ctlreq.c ****   return USBH_CtlReq(phost, NULL, 0U);
 244:Middlewares/ST/STM32_USB_Host_Library/Core/Src/usbh_ctlreq.c **** }
 245:Middlewares/ST/STM32_USB_Host_Library/Core/Src/usbh_ctlreq.c **** 
 246:Middlewares/ST/STM32_USB_Host_Library/Core/Src/usbh_ctlreq.c **** 
 247:Middlewares/ST/STM32_USB_Host_Library/Core/Src/usbh_ctlreq.c **** /**
 248:Middlewares/ST/STM32_USB_Host_Library/Core/Src/usbh_ctlreq.c ****   * @brief  USBH_SetCfg
 249:Middlewares/ST/STM32_USB_Host_Library/Core/Src/usbh_ctlreq.c ****   *         The command sets the configuration value to the connected device
 250:Middlewares/ST/STM32_USB_Host_Library/Core/Src/usbh_ctlreq.c ****   * @param  phost: Host Handle
 251:Middlewares/ST/STM32_USB_Host_Library/Core/Src/usbh_ctlreq.c ****   * @param  cfg_idx: Configuration value
 252:Middlewares/ST/STM32_USB_Host_Library/Core/Src/usbh_ctlreq.c ****   * @retval USBH Status
 253:Middlewares/ST/STM32_USB_Host_Library/Core/Src/usbh_ctlreq.c ****   */
 254:Middlewares/ST/STM32_USB_Host_Library/Core/Src/usbh_ctlreq.c **** USBH_StatusTypeDef USBH_SetCfg(USBH_HandleTypeDef *phost, uint16_t cfg_idx)
 255:Middlewares/ST/STM32_USB_Host_Library/Core/Src/usbh_ctlreq.c **** {
 256:Middlewares/ST/STM32_USB_Host_Library/Core/Src/usbh_ctlreq.c ****   if (phost->RequestState == CMD_SEND)
 257:Middlewares/ST/STM32_USB_Host_Library/Core/Src/usbh_ctlreq.c ****   {
 258:Middlewares/ST/STM32_USB_Host_Library/Core/Src/usbh_ctlreq.c ****     phost->Control.setup.b.bmRequestType = USB_H2D | USB_REQ_RECIPIENT_DEVICE
ARM GAS  /tmp/ccoUEE4u.s 			page 6


 259:Middlewares/ST/STM32_USB_Host_Library/Core/Src/usbh_ctlreq.c ****                                            | USB_REQ_TYPE_STANDARD;
 260:Middlewares/ST/STM32_USB_Host_Library/Core/Src/usbh_ctlreq.c **** 
 261:Middlewares/ST/STM32_USB_Host_Library/Core/Src/usbh_ctlreq.c ****     phost->Control.setup.b.bRequest = USB_REQ_SET_CONFIGURATION;
 262:Middlewares/ST/STM32_USB_Host_Library/Core/Src/usbh_ctlreq.c ****     phost->Control.setup.b.wValue.w = cfg_idx;
 263:Middlewares/ST/STM32_USB_Host_Library/Core/Src/usbh_ctlreq.c ****     phost->Control.setup.b.wIndex.w = 0U;
 264:Middlewares/ST/STM32_USB_Host_Library/Core/Src/usbh_ctlreq.c ****     phost->Control.setup.b.wLength.w = 0U;
 265:Middlewares/ST/STM32_USB_Host_Library/Core/Src/usbh_ctlreq.c ****   }
 266:Middlewares/ST/STM32_USB_Host_Library/Core/Src/usbh_ctlreq.c **** 
 267:Middlewares/ST/STM32_USB_Host_Library/Core/Src/usbh_ctlreq.c ****   return USBH_CtlReq(phost, NULL, 0U);
 268:Middlewares/ST/STM32_USB_Host_Library/Core/Src/usbh_ctlreq.c **** }
 269:Middlewares/ST/STM32_USB_Host_Library/Core/Src/usbh_ctlreq.c **** 
 270:Middlewares/ST/STM32_USB_Host_Library/Core/Src/usbh_ctlreq.c **** 
 271:Middlewares/ST/STM32_USB_Host_Library/Core/Src/usbh_ctlreq.c **** /**
 272:Middlewares/ST/STM32_USB_Host_Library/Core/Src/usbh_ctlreq.c ****   * @brief  USBH_SetInterface
 273:Middlewares/ST/STM32_USB_Host_Library/Core/Src/usbh_ctlreq.c ****   *         The command sets the Interface value to the connected device
 274:Middlewares/ST/STM32_USB_Host_Library/Core/Src/usbh_ctlreq.c ****   * @param  phost: Host Handle
 275:Middlewares/ST/STM32_USB_Host_Library/Core/Src/usbh_ctlreq.c ****   * @param  altSetting: Interface value
 276:Middlewares/ST/STM32_USB_Host_Library/Core/Src/usbh_ctlreq.c ****   * @retval USBH Status
 277:Middlewares/ST/STM32_USB_Host_Library/Core/Src/usbh_ctlreq.c ****   */
 278:Middlewares/ST/STM32_USB_Host_Library/Core/Src/usbh_ctlreq.c **** USBH_StatusTypeDef USBH_SetInterface(USBH_HandleTypeDef *phost, uint8_t ep_num,
 279:Middlewares/ST/STM32_USB_Host_Library/Core/Src/usbh_ctlreq.c ****                                      uint8_t altSetting)
 280:Middlewares/ST/STM32_USB_Host_Library/Core/Src/usbh_ctlreq.c **** {
 281:Middlewares/ST/STM32_USB_Host_Library/Core/Src/usbh_ctlreq.c ****   if (phost->RequestState == CMD_SEND)
 282:Middlewares/ST/STM32_USB_Host_Library/Core/Src/usbh_ctlreq.c ****   {
 283:Middlewares/ST/STM32_USB_Host_Library/Core/Src/usbh_ctlreq.c ****     phost->Control.setup.b.bmRequestType = USB_H2D | USB_REQ_RECIPIENT_INTERFACE
 284:Middlewares/ST/STM32_USB_Host_Library/Core/Src/usbh_ctlreq.c ****                                            | USB_REQ_TYPE_STANDARD;
 285:Middlewares/ST/STM32_USB_Host_Library/Core/Src/usbh_ctlreq.c **** 
 286:Middlewares/ST/STM32_USB_Host_Library/Core/Src/usbh_ctlreq.c ****     phost->Control.setup.b.bRequest = USB_REQ_SET_INTERFACE;
 287:Middlewares/ST/STM32_USB_Host_Library/Core/Src/usbh_ctlreq.c ****     phost->Control.setup.b.wValue.w = altSetting;
 288:Middlewares/ST/STM32_USB_Host_Library/Core/Src/usbh_ctlreq.c ****     phost->Control.setup.b.wIndex.w = ep_num;
 289:Middlewares/ST/STM32_USB_Host_Library/Core/Src/usbh_ctlreq.c ****     phost->Control.setup.b.wLength.w = 0U;
 290:Middlewares/ST/STM32_USB_Host_Library/Core/Src/usbh_ctlreq.c ****   }
 291:Middlewares/ST/STM32_USB_Host_Library/Core/Src/usbh_ctlreq.c **** 
 292:Middlewares/ST/STM32_USB_Host_Library/Core/Src/usbh_ctlreq.c ****   return USBH_CtlReq(phost, NULL, 0U);
 293:Middlewares/ST/STM32_USB_Host_Library/Core/Src/usbh_ctlreq.c **** }
 294:Middlewares/ST/STM32_USB_Host_Library/Core/Src/usbh_ctlreq.c **** 
 295:Middlewares/ST/STM32_USB_Host_Library/Core/Src/usbh_ctlreq.c **** 
 296:Middlewares/ST/STM32_USB_Host_Library/Core/Src/usbh_ctlreq.c **** /**
 297:Middlewares/ST/STM32_USB_Host_Library/Core/Src/usbh_ctlreq.c ****   * @brief  USBH_SetFeature
 298:Middlewares/ST/STM32_USB_Host_Library/Core/Src/usbh_ctlreq.c ****   *         The command sets the device features (remote wakeup feature,..)
 299:Middlewares/ST/STM32_USB_Host_Library/Core/Src/usbh_ctlreq.c ****   * @param  pdev: Selected device
 300:Middlewares/ST/STM32_USB_Host_Library/Core/Src/usbh_ctlreq.c ****   * @param  itf_idx
 301:Middlewares/ST/STM32_USB_Host_Library/Core/Src/usbh_ctlreq.c ****   * @retval Status
 302:Middlewares/ST/STM32_USB_Host_Library/Core/Src/usbh_ctlreq.c ****   */
 303:Middlewares/ST/STM32_USB_Host_Library/Core/Src/usbh_ctlreq.c **** USBH_StatusTypeDef USBH_SetFeature(USBH_HandleTypeDef *phost, uint8_t wValue)
 304:Middlewares/ST/STM32_USB_Host_Library/Core/Src/usbh_ctlreq.c **** {
 305:Middlewares/ST/STM32_USB_Host_Library/Core/Src/usbh_ctlreq.c ****   if (phost->RequestState == CMD_SEND)
 306:Middlewares/ST/STM32_USB_Host_Library/Core/Src/usbh_ctlreq.c ****   {
 307:Middlewares/ST/STM32_USB_Host_Library/Core/Src/usbh_ctlreq.c ****     phost->Control.setup.b.bmRequestType = USB_H2D | USB_REQ_RECIPIENT_DEVICE
 308:Middlewares/ST/STM32_USB_Host_Library/Core/Src/usbh_ctlreq.c ****                                            | USB_REQ_TYPE_STANDARD;
 309:Middlewares/ST/STM32_USB_Host_Library/Core/Src/usbh_ctlreq.c **** 
 310:Middlewares/ST/STM32_USB_Host_Library/Core/Src/usbh_ctlreq.c ****     phost->Control.setup.b.bRequest = USB_REQ_SET_FEATURE;
 311:Middlewares/ST/STM32_USB_Host_Library/Core/Src/usbh_ctlreq.c ****     phost->Control.setup.b.wValue.w = wValue;
 312:Middlewares/ST/STM32_USB_Host_Library/Core/Src/usbh_ctlreq.c ****     phost->Control.setup.b.wIndex.w = 0U;
 313:Middlewares/ST/STM32_USB_Host_Library/Core/Src/usbh_ctlreq.c ****     phost->Control.setup.b.wLength.w = 0U;
 314:Middlewares/ST/STM32_USB_Host_Library/Core/Src/usbh_ctlreq.c ****   }
 315:Middlewares/ST/STM32_USB_Host_Library/Core/Src/usbh_ctlreq.c **** 
ARM GAS  /tmp/ccoUEE4u.s 			page 7


 316:Middlewares/ST/STM32_USB_Host_Library/Core/Src/usbh_ctlreq.c ****   return USBH_CtlReq(phost, NULL, 0U);
 317:Middlewares/ST/STM32_USB_Host_Library/Core/Src/usbh_ctlreq.c **** }
 318:Middlewares/ST/STM32_USB_Host_Library/Core/Src/usbh_ctlreq.c **** 
 319:Middlewares/ST/STM32_USB_Host_Library/Core/Src/usbh_ctlreq.c **** 
 320:Middlewares/ST/STM32_USB_Host_Library/Core/Src/usbh_ctlreq.c **** /**
 321:Middlewares/ST/STM32_USB_Host_Library/Core/Src/usbh_ctlreq.c ****   * @brief  USBH_ClrFeature
 322:Middlewares/ST/STM32_USB_Host_Library/Core/Src/usbh_ctlreq.c ****   *         This request is used to clear or disable a specific feature.
 323:Middlewares/ST/STM32_USB_Host_Library/Core/Src/usbh_ctlreq.c ****   * @param  phost: Host Handle
 324:Middlewares/ST/STM32_USB_Host_Library/Core/Src/usbh_ctlreq.c ****   * @param  ep_num: endpoint number
 325:Middlewares/ST/STM32_USB_Host_Library/Core/Src/usbh_ctlreq.c ****   * @param  hc_num: Host channel number
 326:Middlewares/ST/STM32_USB_Host_Library/Core/Src/usbh_ctlreq.c ****   * @retval USBH Status
 327:Middlewares/ST/STM32_USB_Host_Library/Core/Src/usbh_ctlreq.c ****   */
 328:Middlewares/ST/STM32_USB_Host_Library/Core/Src/usbh_ctlreq.c **** USBH_StatusTypeDef USBH_ClrFeature(USBH_HandleTypeDef *phost, uint8_t ep_num)
 329:Middlewares/ST/STM32_USB_Host_Library/Core/Src/usbh_ctlreq.c **** {
 330:Middlewares/ST/STM32_USB_Host_Library/Core/Src/usbh_ctlreq.c ****   if (phost->RequestState == CMD_SEND)
 331:Middlewares/ST/STM32_USB_Host_Library/Core/Src/usbh_ctlreq.c ****   {
 332:Middlewares/ST/STM32_USB_Host_Library/Core/Src/usbh_ctlreq.c ****     phost->Control.setup.b.bmRequestType = USB_H2D | USB_REQ_RECIPIENT_ENDPOINT
 333:Middlewares/ST/STM32_USB_Host_Library/Core/Src/usbh_ctlreq.c ****                                            | USB_REQ_TYPE_STANDARD;
 334:Middlewares/ST/STM32_USB_Host_Library/Core/Src/usbh_ctlreq.c **** 
 335:Middlewares/ST/STM32_USB_Host_Library/Core/Src/usbh_ctlreq.c ****     phost->Control.setup.b.bRequest = USB_REQ_CLEAR_FEATURE;
 336:Middlewares/ST/STM32_USB_Host_Library/Core/Src/usbh_ctlreq.c ****     phost->Control.setup.b.wValue.w = FEATURE_SELECTOR_ENDPOINT;
 337:Middlewares/ST/STM32_USB_Host_Library/Core/Src/usbh_ctlreq.c ****     phost->Control.setup.b.wIndex.w = ep_num;
 338:Middlewares/ST/STM32_USB_Host_Library/Core/Src/usbh_ctlreq.c ****     phost->Control.setup.b.wLength.w = 0U;
 339:Middlewares/ST/STM32_USB_Host_Library/Core/Src/usbh_ctlreq.c ****   }
 340:Middlewares/ST/STM32_USB_Host_Library/Core/Src/usbh_ctlreq.c ****   return USBH_CtlReq(phost, NULL, 0U);
 341:Middlewares/ST/STM32_USB_Host_Library/Core/Src/usbh_ctlreq.c **** }
 342:Middlewares/ST/STM32_USB_Host_Library/Core/Src/usbh_ctlreq.c **** 
 343:Middlewares/ST/STM32_USB_Host_Library/Core/Src/usbh_ctlreq.c **** 
 344:Middlewares/ST/STM32_USB_Host_Library/Core/Src/usbh_ctlreq.c **** /**
 345:Middlewares/ST/STM32_USB_Host_Library/Core/Src/usbh_ctlreq.c ****   * @brief  USBH_ParseDevDesc
 346:Middlewares/ST/STM32_USB_Host_Library/Core/Src/usbh_ctlreq.c ****   *         This function Parses the device descriptor
 347:Middlewares/ST/STM32_USB_Host_Library/Core/Src/usbh_ctlreq.c ****   * @param  dev_desc: device_descriptor destination address
 348:Middlewares/ST/STM32_USB_Host_Library/Core/Src/usbh_ctlreq.c ****   * @param  buf: Buffer where the source descriptor is available
 349:Middlewares/ST/STM32_USB_Host_Library/Core/Src/usbh_ctlreq.c ****   * @param  length: Length of the descriptor
 350:Middlewares/ST/STM32_USB_Host_Library/Core/Src/usbh_ctlreq.c ****   * @retval None
 351:Middlewares/ST/STM32_USB_Host_Library/Core/Src/usbh_ctlreq.c ****   */
 352:Middlewares/ST/STM32_USB_Host_Library/Core/Src/usbh_ctlreq.c **** static void  USBH_ParseDevDesc(USBH_DevDescTypeDef *dev_desc, uint8_t *buf,
 353:Middlewares/ST/STM32_USB_Host_Library/Core/Src/usbh_ctlreq.c ****                                uint16_t length)
 354:Middlewares/ST/STM32_USB_Host_Library/Core/Src/usbh_ctlreq.c **** {
  29              		.loc 1 354 1 view -0
  30              		.cfi_startproc
  31              		@ args = 0, pretend = 0, frame = 0
  32              		@ frame_needed = 0, uses_anonymous_args = 0
  33              		@ link register save eliminated.
  34              		.loc 1 354 1 is_stmt 0 view .LVU1
  35 0000 10B4     		push	{r4}
  36              	.LCFI0:
  37              		.cfi_def_cfa_offset 4
  38              		.cfi_offset 4, -4
 355:Middlewares/ST/STM32_USB_Host_Library/Core/Src/usbh_ctlreq.c ****   dev_desc->bLength            = *(uint8_t *)(buf +  0);
  39              		.loc 1 355 3 is_stmt 1 view .LVU2
  40              		.loc 1 355 34 is_stmt 0 view .LVU3
  41 0002 0B78     		ldrb	r3, [r1]	@ zero_extendqisi2
  42              		.loc 1 355 32 view .LVU4
  43 0004 0370     		strb	r3, [r0]
 356:Middlewares/ST/STM32_USB_Host_Library/Core/Src/usbh_ctlreq.c ****   dev_desc->bDescriptorType    = *(uint8_t *)(buf +  1);
  44              		.loc 1 356 3 is_stmt 1 view .LVU5
ARM GAS  /tmp/ccoUEE4u.s 			page 8


  45              		.loc 1 356 32 is_stmt 0 view .LVU6
  46 0006 4B78     		ldrb	r3, [r1, #1]	@ zero_extendqisi2
  47 0008 4370     		strb	r3, [r0, #1]
 357:Middlewares/ST/STM32_USB_Host_Library/Core/Src/usbh_ctlreq.c ****   dev_desc->bcdUSB             = LE16(buf +  2);
  48              		.loc 1 357 3 is_stmt 1 view .LVU7
  49              		.loc 1 357 34 is_stmt 0 view .LVU8
  50 000a 8B78     		ldrb	r3, [r1, #2]	@ zero_extendqisi2
  51 000c 91F803C0 		ldrb	ip, [r1, #3]	@ zero_extendqisi2
  52 0010 43EA0C23 		orr	r3, r3, ip, lsl #8
  53              		.loc 1 357 32 view .LVU9
  54 0014 4380     		strh	r3, [r0, #2]	@ movhi
 358:Middlewares/ST/STM32_USB_Host_Library/Core/Src/usbh_ctlreq.c ****   dev_desc->bDeviceClass       = *(uint8_t *)(buf +  4);
  55              		.loc 1 358 3 is_stmt 1 view .LVU10
  56              		.loc 1 358 32 is_stmt 0 view .LVU11
  57 0016 0B79     		ldrb	r3, [r1, #4]	@ zero_extendqisi2
  58 0018 0371     		strb	r3, [r0, #4]
 359:Middlewares/ST/STM32_USB_Host_Library/Core/Src/usbh_ctlreq.c ****   dev_desc->bDeviceSubClass    = *(uint8_t *)(buf +  5);
  59              		.loc 1 359 3 is_stmt 1 view .LVU12
  60              		.loc 1 359 32 is_stmt 0 view .LVU13
  61 001a 4B79     		ldrb	r3, [r1, #5]	@ zero_extendqisi2
  62 001c 4371     		strb	r3, [r0, #5]
 360:Middlewares/ST/STM32_USB_Host_Library/Core/Src/usbh_ctlreq.c ****   dev_desc->bDeviceProtocol    = *(uint8_t *)(buf +  6);
  63              		.loc 1 360 3 is_stmt 1 view .LVU14
  64              		.loc 1 360 32 is_stmt 0 view .LVU15
  65 001e 8B79     		ldrb	r3, [r1, #6]	@ zero_extendqisi2
  66 0020 8371     		strb	r3, [r0, #6]
 361:Middlewares/ST/STM32_USB_Host_Library/Core/Src/usbh_ctlreq.c ****   dev_desc->bMaxPacketSize     = *(uint8_t *)(buf +  7);
  67              		.loc 1 361 3 is_stmt 1 view .LVU16
  68              		.loc 1 361 32 is_stmt 0 view .LVU17
  69 0022 CB79     		ldrb	r3, [r1, #7]	@ zero_extendqisi2
  70 0024 C371     		strb	r3, [r0, #7]
 362:Middlewares/ST/STM32_USB_Host_Library/Core/Src/usbh_ctlreq.c **** 
 363:Middlewares/ST/STM32_USB_Host_Library/Core/Src/usbh_ctlreq.c ****   /* Make sure that the max packet size is either 8, 16, 32, 64 or force it to 64 */
 364:Middlewares/ST/STM32_USB_Host_Library/Core/Src/usbh_ctlreq.c ****   switch (dev_desc->bMaxPacketSize)
  71              		.loc 1 364 3 is_stmt 1 view .LVU18
  72 0026 202B     		cmp	r3, #32
  73 0028 0AD8     		bhi	.L2
  74 002a 082B     		cmp	r3, #8
  75 002c 0AD3     		bcc	.L3
  76 002e 083B     		subs	r3, r3, #8
  77 0030 DBB2     		uxtb	r3, r3
  78 0032 134C     		ldr	r4, .L7
  79 0034 24FA03F3 		lsr	r3, r4, r3
  80 0038 13F0010F 		tst	r3, #1
  81 003c 04D1     		bne	.L4
  82 003e 01E0     		b	.L3
  83              	.L2:
  84 0040 402B     		cmp	r3, #64
  85 0042 01D0     		beq	.L4
  86              	.L3:
 365:Middlewares/ST/STM32_USB_Host_Library/Core/Src/usbh_ctlreq.c ****   {
 366:Middlewares/ST/STM32_USB_Host_Library/Core/Src/usbh_ctlreq.c ****     case 8:
 367:Middlewares/ST/STM32_USB_Host_Library/Core/Src/usbh_ctlreq.c ****     case 16:
 368:Middlewares/ST/STM32_USB_Host_Library/Core/Src/usbh_ctlreq.c ****     case 32:
 369:Middlewares/ST/STM32_USB_Host_Library/Core/Src/usbh_ctlreq.c ****     case 64:
 370:Middlewares/ST/STM32_USB_Host_Library/Core/Src/usbh_ctlreq.c ****       dev_desc->bMaxPacketSize = dev_desc->bMaxPacketSize;
 371:Middlewares/ST/STM32_USB_Host_Library/Core/Src/usbh_ctlreq.c ****       break;
ARM GAS  /tmp/ccoUEE4u.s 			page 9


 372:Middlewares/ST/STM32_USB_Host_Library/Core/Src/usbh_ctlreq.c **** 
 373:Middlewares/ST/STM32_USB_Host_Library/Core/Src/usbh_ctlreq.c ****     default:
 374:Middlewares/ST/STM32_USB_Host_Library/Core/Src/usbh_ctlreq.c ****       /*set the size to 64 in case the device has answered with incorrect size */
 375:Middlewares/ST/STM32_USB_Host_Library/Core/Src/usbh_ctlreq.c ****       dev_desc->bMaxPacketSize = 64U;
  87              		.loc 1 375 7 view .LVU19
  88              		.loc 1 375 32 is_stmt 0 view .LVU20
  89 0044 4023     		movs	r3, #64
  90 0046 C371     		strb	r3, [r0, #7]
 376:Middlewares/ST/STM32_USB_Host_Library/Core/Src/usbh_ctlreq.c ****       break;
  91              		.loc 1 376 7 is_stmt 1 view .LVU21
  92              	.L4:
 377:Middlewares/ST/STM32_USB_Host_Library/Core/Src/usbh_ctlreq.c ****   }
 378:Middlewares/ST/STM32_USB_Host_Library/Core/Src/usbh_ctlreq.c **** 
 379:Middlewares/ST/STM32_USB_Host_Library/Core/Src/usbh_ctlreq.c ****   if (length > 8U)
  93              		.loc 1 379 3 view .LVU22
  94              		.loc 1 379 6 is_stmt 0 view .LVU23
  95 0048 082A     		cmp	r2, #8
  96 004a 16D9     		bls	.L1
 380:Middlewares/ST/STM32_USB_Host_Library/Core/Src/usbh_ctlreq.c ****   {
 381:Middlewares/ST/STM32_USB_Host_Library/Core/Src/usbh_ctlreq.c ****     /* For 1st time after device connection, Host may issue only 8 bytes for
 382:Middlewares/ST/STM32_USB_Host_Library/Core/Src/usbh_ctlreq.c ****     Device Descriptor Length  */
 383:Middlewares/ST/STM32_USB_Host_Library/Core/Src/usbh_ctlreq.c ****     dev_desc->idVendor           = LE16(buf +  8);
  97              		.loc 1 383 5 is_stmt 1 view .LVU24
  98              		.loc 1 383 36 is_stmt 0 view .LVU25
  99 004c 0B7A     		ldrb	r3, [r1, #8]	@ zero_extendqisi2
 100 004e 4A7A     		ldrb	r2, [r1, #9]	@ zero_extendqisi2
 101              	.LVL1:
 102              		.loc 1 383 36 view .LVU26
 103 0050 43EA0223 		orr	r3, r3, r2, lsl #8
 104              		.loc 1 383 34 view .LVU27
 105 0054 0381     		strh	r3, [r0, #8]	@ movhi
 384:Middlewares/ST/STM32_USB_Host_Library/Core/Src/usbh_ctlreq.c ****     dev_desc->idProduct          = LE16(buf + 10);
 106              		.loc 1 384 5 is_stmt 1 view .LVU28
 107              		.loc 1 384 36 is_stmt 0 view .LVU29
 108 0056 8B7A     		ldrb	r3, [r1, #10]	@ zero_extendqisi2
 109 0058 CA7A     		ldrb	r2, [r1, #11]	@ zero_extendqisi2
 110 005a 43EA0223 		orr	r3, r3, r2, lsl #8
 111              		.loc 1 384 34 view .LVU30
 112 005e 4381     		strh	r3, [r0, #10]	@ movhi
 385:Middlewares/ST/STM32_USB_Host_Library/Core/Src/usbh_ctlreq.c ****     dev_desc->bcdDevice          = LE16(buf + 12);
 113              		.loc 1 385 5 is_stmt 1 view .LVU31
 114              		.loc 1 385 36 is_stmt 0 view .LVU32
 115 0060 0B7B     		ldrb	r3, [r1, #12]	@ zero_extendqisi2
 116 0062 4A7B     		ldrb	r2, [r1, #13]	@ zero_extendqisi2
 117 0064 43EA0223 		orr	r3, r3, r2, lsl #8
 118              		.loc 1 385 34 view .LVU33
 119 0068 8381     		strh	r3, [r0, #12]	@ movhi
 386:Middlewares/ST/STM32_USB_Host_Library/Core/Src/usbh_ctlreq.c ****     dev_desc->iManufacturer      = *(uint8_t *)(buf + 14);
 120              		.loc 1 386 5 is_stmt 1 view .LVU34
 121              		.loc 1 386 34 is_stmt 0 view .LVU35
 122 006a 8B7B     		ldrb	r3, [r1, #14]	@ zero_extendqisi2
 123 006c 8373     		strb	r3, [r0, #14]
 387:Middlewares/ST/STM32_USB_Host_Library/Core/Src/usbh_ctlreq.c ****     dev_desc->iProduct           = *(uint8_t *)(buf + 15);
 124              		.loc 1 387 5 is_stmt 1 view .LVU36
 125              		.loc 1 387 34 is_stmt 0 view .LVU37
 126 006e CB7B     		ldrb	r3, [r1, #15]	@ zero_extendqisi2
 127 0070 C373     		strb	r3, [r0, #15]
ARM GAS  /tmp/ccoUEE4u.s 			page 10


 388:Middlewares/ST/STM32_USB_Host_Library/Core/Src/usbh_ctlreq.c ****     dev_desc->iSerialNumber      = *(uint8_t *)(buf + 16);
 128              		.loc 1 388 5 is_stmt 1 view .LVU38
 129              		.loc 1 388 34 is_stmt 0 view .LVU39
 130 0072 0B7C     		ldrb	r3, [r1, #16]	@ zero_extendqisi2
 131 0074 0374     		strb	r3, [r0, #16]
 389:Middlewares/ST/STM32_USB_Host_Library/Core/Src/usbh_ctlreq.c ****     dev_desc->bNumConfigurations = *(uint8_t *)(buf + 17);
 132              		.loc 1 389 5 is_stmt 1 view .LVU40
 133              		.loc 1 389 34 is_stmt 0 view .LVU41
 134 0076 4B7C     		ldrb	r3, [r1, #17]	@ zero_extendqisi2
 135 0078 4374     		strb	r3, [r0, #17]
 136              	.L1:
 390:Middlewares/ST/STM32_USB_Host_Library/Core/Src/usbh_ctlreq.c ****   }
 391:Middlewares/ST/STM32_USB_Host_Library/Core/Src/usbh_ctlreq.c **** }
 137              		.loc 1 391 1 view .LVU42
 138 007a 5DF8044B 		ldr	r4, [sp], #4
 139              	.LCFI1:
 140              		.cfi_restore 4
 141              		.cfi_def_cfa_offset 0
 142 007e 7047     		bx	lr
 143              	.L8:
 144              		.align	2
 145              	.L7:
 146 0080 01010001 		.word	16777473
 147              		.cfi_endproc
 148              	.LFE142:
 150              		.section	.text.USBH_ParseInterfaceDesc,"ax",%progbits
 151              		.align	1
 152              		.syntax unified
 153              		.thumb
 154              		.thumb_func
 156              	USBH_ParseInterfaceDesc:
 157              	.LVL2:
 158              	.LFB144:
 392:Middlewares/ST/STM32_USB_Host_Library/Core/Src/usbh_ctlreq.c **** 
 393:Middlewares/ST/STM32_USB_Host_Library/Core/Src/usbh_ctlreq.c **** 
 394:Middlewares/ST/STM32_USB_Host_Library/Core/Src/usbh_ctlreq.c **** /**
 395:Middlewares/ST/STM32_USB_Host_Library/Core/Src/usbh_ctlreq.c ****   * @brief  USBH_ParseCfgDesc
 396:Middlewares/ST/STM32_USB_Host_Library/Core/Src/usbh_ctlreq.c ****   *         This function Parses the configuration descriptor
 397:Middlewares/ST/STM32_USB_Host_Library/Core/Src/usbh_ctlreq.c ****   * @param  phost: USB Host handler
 398:Middlewares/ST/STM32_USB_Host_Library/Core/Src/usbh_ctlreq.c ****   * @param  buf: Buffer where the source descriptor is available
 399:Middlewares/ST/STM32_USB_Host_Library/Core/Src/usbh_ctlreq.c ****   * @param  length: Length of the descriptor
 400:Middlewares/ST/STM32_USB_Host_Library/Core/Src/usbh_ctlreq.c ****   * @retval USBH statuse
 401:Middlewares/ST/STM32_USB_Host_Library/Core/Src/usbh_ctlreq.c ****   */
 402:Middlewares/ST/STM32_USB_Host_Library/Core/Src/usbh_ctlreq.c **** static USBH_StatusTypeDef USBH_ParseCfgDesc(USBH_HandleTypeDef *phost, uint8_t *buf, uint16_t lengt
 403:Middlewares/ST/STM32_USB_Host_Library/Core/Src/usbh_ctlreq.c **** {
 404:Middlewares/ST/STM32_USB_Host_Library/Core/Src/usbh_ctlreq.c ****   USBH_CfgDescTypeDef *cfg_desc = &phost->device.CfgDesc;
 405:Middlewares/ST/STM32_USB_Host_Library/Core/Src/usbh_ctlreq.c ****   USBH_StatusTypeDef           status = USBH_OK;
 406:Middlewares/ST/STM32_USB_Host_Library/Core/Src/usbh_ctlreq.c ****   USBH_InterfaceDescTypeDef    *pif ;
 407:Middlewares/ST/STM32_USB_Host_Library/Core/Src/usbh_ctlreq.c ****   USBH_EpDescTypeDef           *pep;
 408:Middlewares/ST/STM32_USB_Host_Library/Core/Src/usbh_ctlreq.c ****   USBH_DescHeader_t            *pdesc = (USBH_DescHeader_t *)(void *)buf;
 409:Middlewares/ST/STM32_USB_Host_Library/Core/Src/usbh_ctlreq.c ****   uint16_t                     ptr;
 410:Middlewares/ST/STM32_USB_Host_Library/Core/Src/usbh_ctlreq.c ****   uint8_t                      if_ix = 0U;
 411:Middlewares/ST/STM32_USB_Host_Library/Core/Src/usbh_ctlreq.c ****   uint8_t                      ep_ix = 0U;
 412:Middlewares/ST/STM32_USB_Host_Library/Core/Src/usbh_ctlreq.c **** 
 413:Middlewares/ST/STM32_USB_Host_Library/Core/Src/usbh_ctlreq.c ****   pdesc   = (USBH_DescHeader_t *)(void *)buf;
 414:Middlewares/ST/STM32_USB_Host_Library/Core/Src/usbh_ctlreq.c **** 
 415:Middlewares/ST/STM32_USB_Host_Library/Core/Src/usbh_ctlreq.c ****   /* Parse configuration descriptor */
ARM GAS  /tmp/ccoUEE4u.s 			page 11


 416:Middlewares/ST/STM32_USB_Host_Library/Core/Src/usbh_ctlreq.c ****   cfg_desc->bLength             = *(uint8_t *)(buf + 0);
 417:Middlewares/ST/STM32_USB_Host_Library/Core/Src/usbh_ctlreq.c ****   cfg_desc->bDescriptorType     = *(uint8_t *)(buf + 1);
 418:Middlewares/ST/STM32_USB_Host_Library/Core/Src/usbh_ctlreq.c ****   cfg_desc->wTotalLength        = MIN(((uint16_t) LE16(buf + 2)), ((uint16_t)USBH_MAX_SIZE_CONFIGUR
 419:Middlewares/ST/STM32_USB_Host_Library/Core/Src/usbh_ctlreq.c ****   cfg_desc->bNumInterfaces      = *(uint8_t *)(buf + 4);
 420:Middlewares/ST/STM32_USB_Host_Library/Core/Src/usbh_ctlreq.c ****   cfg_desc->bConfigurationValue = *(uint8_t *)(buf + 5);
 421:Middlewares/ST/STM32_USB_Host_Library/Core/Src/usbh_ctlreq.c ****   cfg_desc->iConfiguration      = *(uint8_t *)(buf + 6);
 422:Middlewares/ST/STM32_USB_Host_Library/Core/Src/usbh_ctlreq.c ****   cfg_desc->bmAttributes        = *(uint8_t *)(buf + 7);
 423:Middlewares/ST/STM32_USB_Host_Library/Core/Src/usbh_ctlreq.c ****   cfg_desc->bMaxPower           = *(uint8_t *)(buf + 8);
 424:Middlewares/ST/STM32_USB_Host_Library/Core/Src/usbh_ctlreq.c **** 
 425:Middlewares/ST/STM32_USB_Host_Library/Core/Src/usbh_ctlreq.c ****   /* Make sure that the Confguration descriptor's bLength is equal to USB_CONFIGURATION_DESC_SIZE *
 426:Middlewares/ST/STM32_USB_Host_Library/Core/Src/usbh_ctlreq.c ****   if (cfg_desc->bLength  != USB_CONFIGURATION_DESC_SIZE)
 427:Middlewares/ST/STM32_USB_Host_Library/Core/Src/usbh_ctlreq.c ****   {
 428:Middlewares/ST/STM32_USB_Host_Library/Core/Src/usbh_ctlreq.c ****     cfg_desc->bLength = USB_CONFIGURATION_DESC_SIZE;
 429:Middlewares/ST/STM32_USB_Host_Library/Core/Src/usbh_ctlreq.c ****   }
 430:Middlewares/ST/STM32_USB_Host_Library/Core/Src/usbh_ctlreq.c **** 
 431:Middlewares/ST/STM32_USB_Host_Library/Core/Src/usbh_ctlreq.c ****   if (length > USB_CONFIGURATION_DESC_SIZE)
 432:Middlewares/ST/STM32_USB_Host_Library/Core/Src/usbh_ctlreq.c ****   {
 433:Middlewares/ST/STM32_USB_Host_Library/Core/Src/usbh_ctlreq.c ****     ptr = USB_LEN_CFG_DESC;
 434:Middlewares/ST/STM32_USB_Host_Library/Core/Src/usbh_ctlreq.c ****     pif = (USBH_InterfaceDescTypeDef *)NULL;
 435:Middlewares/ST/STM32_USB_Host_Library/Core/Src/usbh_ctlreq.c **** 
 436:Middlewares/ST/STM32_USB_Host_Library/Core/Src/usbh_ctlreq.c ****     while ((if_ix < USBH_MAX_NUM_INTERFACES) && (ptr < cfg_desc->wTotalLength))
 437:Middlewares/ST/STM32_USB_Host_Library/Core/Src/usbh_ctlreq.c ****     {
 438:Middlewares/ST/STM32_USB_Host_Library/Core/Src/usbh_ctlreq.c ****       pdesc = USBH_GetNextDesc((uint8_t *)(void *)pdesc, &ptr);
 439:Middlewares/ST/STM32_USB_Host_Library/Core/Src/usbh_ctlreq.c ****       if (pdesc->bDescriptorType == USB_DESC_TYPE_INTERFACE)
 440:Middlewares/ST/STM32_USB_Host_Library/Core/Src/usbh_ctlreq.c ****       {
 441:Middlewares/ST/STM32_USB_Host_Library/Core/Src/usbh_ctlreq.c ****         /* Make sure that the interface descriptor's bLength is equal to USB_INTERFACE_DESC_SIZE */
 442:Middlewares/ST/STM32_USB_Host_Library/Core/Src/usbh_ctlreq.c ****         if (pdesc->bLength != USB_INTERFACE_DESC_SIZE)
 443:Middlewares/ST/STM32_USB_Host_Library/Core/Src/usbh_ctlreq.c ****         {
 444:Middlewares/ST/STM32_USB_Host_Library/Core/Src/usbh_ctlreq.c ****           pdesc->bLength = USB_INTERFACE_DESC_SIZE;
 445:Middlewares/ST/STM32_USB_Host_Library/Core/Src/usbh_ctlreq.c ****         }
 446:Middlewares/ST/STM32_USB_Host_Library/Core/Src/usbh_ctlreq.c **** 
 447:Middlewares/ST/STM32_USB_Host_Library/Core/Src/usbh_ctlreq.c ****         pif = &cfg_desc->Itf_Desc[if_ix];
 448:Middlewares/ST/STM32_USB_Host_Library/Core/Src/usbh_ctlreq.c ****         USBH_ParseInterfaceDesc(pif, (uint8_t *)(void *)pdesc);
 449:Middlewares/ST/STM32_USB_Host_Library/Core/Src/usbh_ctlreq.c **** 
 450:Middlewares/ST/STM32_USB_Host_Library/Core/Src/usbh_ctlreq.c ****         ep_ix = 0U;
 451:Middlewares/ST/STM32_USB_Host_Library/Core/Src/usbh_ctlreq.c ****         pep = (USBH_EpDescTypeDef *)NULL;
 452:Middlewares/ST/STM32_USB_Host_Library/Core/Src/usbh_ctlreq.c **** 
 453:Middlewares/ST/STM32_USB_Host_Library/Core/Src/usbh_ctlreq.c ****         while ((ep_ix < pif->bNumEndpoints) && (ptr < cfg_desc->wTotalLength))
 454:Middlewares/ST/STM32_USB_Host_Library/Core/Src/usbh_ctlreq.c ****         {
 455:Middlewares/ST/STM32_USB_Host_Library/Core/Src/usbh_ctlreq.c ****           pdesc = USBH_GetNextDesc((uint8_t *)(void *)pdesc, &ptr);
 456:Middlewares/ST/STM32_USB_Host_Library/Core/Src/usbh_ctlreq.c **** 
 457:Middlewares/ST/STM32_USB_Host_Library/Core/Src/usbh_ctlreq.c ****           if (pdesc->bDescriptorType == USB_DESC_TYPE_ENDPOINT)
 458:Middlewares/ST/STM32_USB_Host_Library/Core/Src/usbh_ctlreq.c ****           {
 459:Middlewares/ST/STM32_USB_Host_Library/Core/Src/usbh_ctlreq.c ****             /* Check if the endpoint is appartening to an audio streaming interface */
 460:Middlewares/ST/STM32_USB_Host_Library/Core/Src/usbh_ctlreq.c ****             if ((pif->bInterfaceClass == 0x01U) && (pif->bInterfaceSubClass == 0x02U))
 461:Middlewares/ST/STM32_USB_Host_Library/Core/Src/usbh_ctlreq.c ****             {
 462:Middlewares/ST/STM32_USB_Host_Library/Core/Src/usbh_ctlreq.c ****               /* Check if it is supporting the USB AUDIO 01 class specification */
 463:Middlewares/ST/STM32_USB_Host_Library/Core/Src/usbh_ctlreq.c ****               if ((pif->bInterfaceProtocol == 0x00U) && (pdesc->bLength != 0x09U))
 464:Middlewares/ST/STM32_USB_Host_Library/Core/Src/usbh_ctlreq.c ****               {
 465:Middlewares/ST/STM32_USB_Host_Library/Core/Src/usbh_ctlreq.c ****                 pdesc->bLength = 0x09U;
 466:Middlewares/ST/STM32_USB_Host_Library/Core/Src/usbh_ctlreq.c ****               }
 467:Middlewares/ST/STM32_USB_Host_Library/Core/Src/usbh_ctlreq.c ****             }
 468:Middlewares/ST/STM32_USB_Host_Library/Core/Src/usbh_ctlreq.c ****             /* Make sure that the endpoint descriptor's bLength is equal to
 469:Middlewares/ST/STM32_USB_Host_Library/Core/Src/usbh_ctlreq.c ****                USB_ENDPOINT_DESC_SIZE for all other endpoints types */
 470:Middlewares/ST/STM32_USB_Host_Library/Core/Src/usbh_ctlreq.c ****             else if (pdesc->bLength != USB_ENDPOINT_DESC_SIZE)
 471:Middlewares/ST/STM32_USB_Host_Library/Core/Src/usbh_ctlreq.c ****             {
 472:Middlewares/ST/STM32_USB_Host_Library/Core/Src/usbh_ctlreq.c ****               pdesc->bLength = USB_ENDPOINT_DESC_SIZE;
ARM GAS  /tmp/ccoUEE4u.s 			page 12


 473:Middlewares/ST/STM32_USB_Host_Library/Core/Src/usbh_ctlreq.c ****             }
 474:Middlewares/ST/STM32_USB_Host_Library/Core/Src/usbh_ctlreq.c ****             else
 475:Middlewares/ST/STM32_USB_Host_Library/Core/Src/usbh_ctlreq.c ****             {
 476:Middlewares/ST/STM32_USB_Host_Library/Core/Src/usbh_ctlreq.c ****               /* ... */
 477:Middlewares/ST/STM32_USB_Host_Library/Core/Src/usbh_ctlreq.c ****             }
 478:Middlewares/ST/STM32_USB_Host_Library/Core/Src/usbh_ctlreq.c **** 
 479:Middlewares/ST/STM32_USB_Host_Library/Core/Src/usbh_ctlreq.c ****             pep = &cfg_desc->Itf_Desc[if_ix].Ep_Desc[ep_ix];
 480:Middlewares/ST/STM32_USB_Host_Library/Core/Src/usbh_ctlreq.c **** 
 481:Middlewares/ST/STM32_USB_Host_Library/Core/Src/usbh_ctlreq.c ****             status = USBH_ParseEPDesc(phost, pep, (uint8_t *)(void *)pdesc);
 482:Middlewares/ST/STM32_USB_Host_Library/Core/Src/usbh_ctlreq.c **** 
 483:Middlewares/ST/STM32_USB_Host_Library/Core/Src/usbh_ctlreq.c ****             ep_ix++;
 484:Middlewares/ST/STM32_USB_Host_Library/Core/Src/usbh_ctlreq.c ****           }
 485:Middlewares/ST/STM32_USB_Host_Library/Core/Src/usbh_ctlreq.c ****         }
 486:Middlewares/ST/STM32_USB_Host_Library/Core/Src/usbh_ctlreq.c **** 
 487:Middlewares/ST/STM32_USB_Host_Library/Core/Src/usbh_ctlreq.c ****         /* Check if the required endpoint(s) data are parsed */
 488:Middlewares/ST/STM32_USB_Host_Library/Core/Src/usbh_ctlreq.c ****         if (ep_ix < pif->bNumEndpoints)
 489:Middlewares/ST/STM32_USB_Host_Library/Core/Src/usbh_ctlreq.c ****         {
 490:Middlewares/ST/STM32_USB_Host_Library/Core/Src/usbh_ctlreq.c ****           return USBH_NOT_SUPPORTED;
 491:Middlewares/ST/STM32_USB_Host_Library/Core/Src/usbh_ctlreq.c ****         }
 492:Middlewares/ST/STM32_USB_Host_Library/Core/Src/usbh_ctlreq.c **** 
 493:Middlewares/ST/STM32_USB_Host_Library/Core/Src/usbh_ctlreq.c ****         if_ix++;
 494:Middlewares/ST/STM32_USB_Host_Library/Core/Src/usbh_ctlreq.c ****       }
 495:Middlewares/ST/STM32_USB_Host_Library/Core/Src/usbh_ctlreq.c ****     }
 496:Middlewares/ST/STM32_USB_Host_Library/Core/Src/usbh_ctlreq.c **** 
 497:Middlewares/ST/STM32_USB_Host_Library/Core/Src/usbh_ctlreq.c ****     /* Check if the required interface(s) data are parsed */
 498:Middlewares/ST/STM32_USB_Host_Library/Core/Src/usbh_ctlreq.c ****     if (if_ix < MIN(cfg_desc->bNumInterfaces, (uint8_t)USBH_MAX_NUM_INTERFACES))
 499:Middlewares/ST/STM32_USB_Host_Library/Core/Src/usbh_ctlreq.c ****     {
 500:Middlewares/ST/STM32_USB_Host_Library/Core/Src/usbh_ctlreq.c ****       return USBH_NOT_SUPPORTED;
 501:Middlewares/ST/STM32_USB_Host_Library/Core/Src/usbh_ctlreq.c ****     }
 502:Middlewares/ST/STM32_USB_Host_Library/Core/Src/usbh_ctlreq.c ****   }
 503:Middlewares/ST/STM32_USB_Host_Library/Core/Src/usbh_ctlreq.c **** 
 504:Middlewares/ST/STM32_USB_Host_Library/Core/Src/usbh_ctlreq.c ****   return status;
 505:Middlewares/ST/STM32_USB_Host_Library/Core/Src/usbh_ctlreq.c **** }
 506:Middlewares/ST/STM32_USB_Host_Library/Core/Src/usbh_ctlreq.c **** 
 507:Middlewares/ST/STM32_USB_Host_Library/Core/Src/usbh_ctlreq.c **** 
 508:Middlewares/ST/STM32_USB_Host_Library/Core/Src/usbh_ctlreq.c **** /**
 509:Middlewares/ST/STM32_USB_Host_Library/Core/Src/usbh_ctlreq.c ****   * @brief  USBH_ParseInterfaceDesc
 510:Middlewares/ST/STM32_USB_Host_Library/Core/Src/usbh_ctlreq.c ****   *         This function Parses the interface descriptor
 511:Middlewares/ST/STM32_USB_Host_Library/Core/Src/usbh_ctlreq.c ****   * @param  if_descriptor : Interface descriptor destination
 512:Middlewares/ST/STM32_USB_Host_Library/Core/Src/usbh_ctlreq.c ****   * @param  buf: Buffer where the descriptor data is available
 513:Middlewares/ST/STM32_USB_Host_Library/Core/Src/usbh_ctlreq.c ****   * @retval None
 514:Middlewares/ST/STM32_USB_Host_Library/Core/Src/usbh_ctlreq.c ****   */
 515:Middlewares/ST/STM32_USB_Host_Library/Core/Src/usbh_ctlreq.c **** static void  USBH_ParseInterfaceDesc(USBH_InterfaceDescTypeDef *if_descriptor,
 516:Middlewares/ST/STM32_USB_Host_Library/Core/Src/usbh_ctlreq.c ****                                      uint8_t *buf)
 517:Middlewares/ST/STM32_USB_Host_Library/Core/Src/usbh_ctlreq.c **** {
 159              		.loc 1 517 1 is_stmt 1 view -0
 160              		.cfi_startproc
 161              		@ args = 0, pretend = 0, frame = 0
 162              		@ frame_needed = 0, uses_anonymous_args = 0
 163              		@ link register save eliminated.
 518:Middlewares/ST/STM32_USB_Host_Library/Core/Src/usbh_ctlreq.c ****   if_descriptor->bLength            = *(uint8_t *)(buf + 0);
 164              		.loc 1 518 3 view .LVU44
 165              		.loc 1 518 39 is_stmt 0 view .LVU45
 166 0000 0B78     		ldrb	r3, [r1]	@ zero_extendqisi2
 167              		.loc 1 518 37 view .LVU46
 168 0002 0370     		strb	r3, [r0]
 519:Middlewares/ST/STM32_USB_Host_Library/Core/Src/usbh_ctlreq.c ****   if_descriptor->bDescriptorType    = *(uint8_t *)(buf + 1);
ARM GAS  /tmp/ccoUEE4u.s 			page 13


 169              		.loc 1 519 3 is_stmt 1 view .LVU47
 170              		.loc 1 519 37 is_stmt 0 view .LVU48
 171 0004 4B78     		ldrb	r3, [r1, #1]	@ zero_extendqisi2
 172 0006 4370     		strb	r3, [r0, #1]
 520:Middlewares/ST/STM32_USB_Host_Library/Core/Src/usbh_ctlreq.c ****   if_descriptor->bInterfaceNumber   = *(uint8_t *)(buf + 2);
 173              		.loc 1 520 3 is_stmt 1 view .LVU49
 174              		.loc 1 520 37 is_stmt 0 view .LVU50
 175 0008 8B78     		ldrb	r3, [r1, #2]	@ zero_extendqisi2
 176 000a 8370     		strb	r3, [r0, #2]
 521:Middlewares/ST/STM32_USB_Host_Library/Core/Src/usbh_ctlreq.c ****   if_descriptor->bAlternateSetting  = *(uint8_t *)(buf + 3);
 177              		.loc 1 521 3 is_stmt 1 view .LVU51
 178              		.loc 1 521 37 is_stmt 0 view .LVU52
 179 000c CB78     		ldrb	r3, [r1, #3]	@ zero_extendqisi2
 180 000e C370     		strb	r3, [r0, #3]
 522:Middlewares/ST/STM32_USB_Host_Library/Core/Src/usbh_ctlreq.c ****   if_descriptor->bNumEndpoints      = *(uint8_t *)(buf + 4);
 181              		.loc 1 522 3 is_stmt 1 view .LVU53
 182              		.loc 1 522 37 is_stmt 0 view .LVU54
 183 0010 0B79     		ldrb	r3, [r1, #4]	@ zero_extendqisi2
 184 0012 0371     		strb	r3, [r0, #4]
 523:Middlewares/ST/STM32_USB_Host_Library/Core/Src/usbh_ctlreq.c ****   if_descriptor->bInterfaceClass    = *(uint8_t *)(buf + 5);
 185              		.loc 1 523 3 is_stmt 1 view .LVU55
 186              		.loc 1 523 37 is_stmt 0 view .LVU56
 187 0014 4B79     		ldrb	r3, [r1, #5]	@ zero_extendqisi2
 188 0016 4371     		strb	r3, [r0, #5]
 524:Middlewares/ST/STM32_USB_Host_Library/Core/Src/usbh_ctlreq.c ****   if_descriptor->bInterfaceSubClass = *(uint8_t *)(buf + 6);
 189              		.loc 1 524 3 is_stmt 1 view .LVU57
 190              		.loc 1 524 37 is_stmt 0 view .LVU58
 191 0018 8B79     		ldrb	r3, [r1, #6]	@ zero_extendqisi2
 192 001a 8371     		strb	r3, [r0, #6]
 525:Middlewares/ST/STM32_USB_Host_Library/Core/Src/usbh_ctlreq.c ****   if_descriptor->bInterfaceProtocol = *(uint8_t *)(buf + 7);
 193              		.loc 1 525 3 is_stmt 1 view .LVU59
 194              		.loc 1 525 37 is_stmt 0 view .LVU60
 195 001c CB79     		ldrb	r3, [r1, #7]	@ zero_extendqisi2
 196 001e C371     		strb	r3, [r0, #7]
 526:Middlewares/ST/STM32_USB_Host_Library/Core/Src/usbh_ctlreq.c ****   if_descriptor->iInterface         = *(uint8_t *)(buf + 8);
 197              		.loc 1 526 3 is_stmt 1 view .LVU61
 198              		.loc 1 526 37 is_stmt 0 view .LVU62
 199 0020 0B7A     		ldrb	r3, [r1, #8]	@ zero_extendqisi2
 200 0022 0372     		strb	r3, [r0, #8]
 527:Middlewares/ST/STM32_USB_Host_Library/Core/Src/usbh_ctlreq.c **** }
 201              		.loc 1 527 1 view .LVU63
 202 0024 7047     		bx	lr
 203              		.cfi_endproc
 204              	.LFE144:
 206              		.section	.text.USBH_ParseEPDesc,"ax",%progbits
 207              		.align	1
 208              		.syntax unified
 209              		.thumb
 210              		.thumb_func
 212              	USBH_ParseEPDesc:
 213              	.LVL3:
 214              	.LFB145:
 528:Middlewares/ST/STM32_USB_Host_Library/Core/Src/usbh_ctlreq.c **** 
 529:Middlewares/ST/STM32_USB_Host_Library/Core/Src/usbh_ctlreq.c **** 
 530:Middlewares/ST/STM32_USB_Host_Library/Core/Src/usbh_ctlreq.c **** /**
 531:Middlewares/ST/STM32_USB_Host_Library/Core/Src/usbh_ctlreq.c ****   * @brief  USBH_ParseEPDesc
 532:Middlewares/ST/STM32_USB_Host_Library/Core/Src/usbh_ctlreq.c ****   *         This function Parses the endpoint descriptor
ARM GAS  /tmp/ccoUEE4u.s 			page 14


 533:Middlewares/ST/STM32_USB_Host_Library/Core/Src/usbh_ctlreq.c ****   * @param  phost: USB Host handler
 534:Middlewares/ST/STM32_USB_Host_Library/Core/Src/usbh_ctlreq.c ****   * @param  ep_descriptor: Endpoint descriptor destination address
 535:Middlewares/ST/STM32_USB_Host_Library/Core/Src/usbh_ctlreq.c ****   * @param  buf: Buffer where the parsed descriptor stored
 536:Middlewares/ST/STM32_USB_Host_Library/Core/Src/usbh_ctlreq.c ****   * @retval USBH Status
 537:Middlewares/ST/STM32_USB_Host_Library/Core/Src/usbh_ctlreq.c ****   */
 538:Middlewares/ST/STM32_USB_Host_Library/Core/Src/usbh_ctlreq.c **** static USBH_StatusTypeDef  USBH_ParseEPDesc(USBH_HandleTypeDef *phost, USBH_EpDescTypeDef  *ep_desc
 539:Middlewares/ST/STM32_USB_Host_Library/Core/Src/usbh_ctlreq.c ****                                             uint8_t *buf)
 540:Middlewares/ST/STM32_USB_Host_Library/Core/Src/usbh_ctlreq.c **** {
 215              		.loc 1 540 1 is_stmt 1 view -0
 216              		.cfi_startproc
 217              		@ args = 0, pretend = 0, frame = 0
 218              		@ frame_needed = 0, uses_anonymous_args = 0
 219              		.loc 1 540 1 is_stmt 0 view .LVU65
 220 0000 10B5     		push	{r4, lr}
 221              	.LCFI2:
 222              		.cfi_def_cfa_offset 8
 223              		.cfi_offset 4, -8
 224              		.cfi_offset 14, -4
 225 0002 8646     		mov	lr, r0
 541:Middlewares/ST/STM32_USB_Host_Library/Core/Src/usbh_ctlreq.c ****   USBH_StatusTypeDef status = USBH_OK;
 226              		.loc 1 541 3 is_stmt 1 view .LVU66
 227              	.LVL4:
 542:Middlewares/ST/STM32_USB_Host_Library/Core/Src/usbh_ctlreq.c ****   ep_descriptor->bLength          = *(uint8_t *)(buf + 0);
 228              		.loc 1 542 3 view .LVU67
 229              		.loc 1 542 37 is_stmt 0 view .LVU68
 230 0004 1378     		ldrb	r3, [r2]	@ zero_extendqisi2
 231              		.loc 1 542 35 view .LVU69
 232 0006 0B70     		strb	r3, [r1]
 543:Middlewares/ST/STM32_USB_Host_Library/Core/Src/usbh_ctlreq.c ****   ep_descriptor->bDescriptorType  = *(uint8_t *)(buf + 1);
 233              		.loc 1 543 3 is_stmt 1 view .LVU70
 234              		.loc 1 543 35 is_stmt 0 view .LVU71
 235 0008 5378     		ldrb	r3, [r2, #1]	@ zero_extendqisi2
 236 000a 4B70     		strb	r3, [r1, #1]
 544:Middlewares/ST/STM32_USB_Host_Library/Core/Src/usbh_ctlreq.c ****   ep_descriptor->bEndpointAddress = *(uint8_t *)(buf + 2);
 237              		.loc 1 544 3 is_stmt 1 view .LVU72
 238              		.loc 1 544 35 is_stmt 0 view .LVU73
 239 000c 9378     		ldrb	r3, [r2, #2]	@ zero_extendqisi2
 240 000e 8B70     		strb	r3, [r1, #2]
 545:Middlewares/ST/STM32_USB_Host_Library/Core/Src/usbh_ctlreq.c ****   ep_descriptor->bmAttributes     = *(uint8_t *)(buf + 3);
 241              		.loc 1 545 3 is_stmt 1 view .LVU74
 242              		.loc 1 545 35 is_stmt 0 view .LVU75
 243 0010 92F803C0 		ldrb	ip, [r2, #3]	@ zero_extendqisi2
 244 0014 81F803C0 		strb	ip, [r1, #3]
 546:Middlewares/ST/STM32_USB_Host_Library/Core/Src/usbh_ctlreq.c ****   ep_descriptor->wMaxPacketSize   = LE16(buf + 4);
 245              		.loc 1 546 3 is_stmt 1 view .LVU76
 246              		.loc 1 546 37 is_stmt 0 view .LVU77
 247 0018 1379     		ldrb	r3, [r2, #4]	@ zero_extendqisi2
 248 001a 5079     		ldrb	r0, [r2, #5]	@ zero_extendqisi2
 249              	.LVL5:
 250              		.loc 1 546 37 view .LVU78
 251 001c 43EA0023 		orr	r3, r3, r0, lsl #8
 252              		.loc 1 546 35 view .LVU79
 253 0020 8B80     		strh	r3, [r1, #4]	@ movhi
 547:Middlewares/ST/STM32_USB_Host_Library/Core/Src/usbh_ctlreq.c ****   ep_descriptor->bInterval        = *(uint8_t *)(buf + 6);
 254              		.loc 1 547 3 is_stmt 1 view .LVU80
 255              		.loc 1 547 35 is_stmt 0 view .LVU81
 256 0022 9479     		ldrb	r4, [r2, #6]	@ zero_extendqisi2
ARM GAS  /tmp/ccoUEE4u.s 			page 15


 257 0024 8C71     		strb	r4, [r1, #6]
 548:Middlewares/ST/STM32_USB_Host_Library/Core/Src/usbh_ctlreq.c **** 
 549:Middlewares/ST/STM32_USB_Host_Library/Core/Src/usbh_ctlreq.c ****   /* Make sure that wMaxPacketSize is different from 0 */
 550:Middlewares/ST/STM32_USB_Host_Library/Core/Src/usbh_ctlreq.c ****   if (ep_descriptor->wMaxPacketSize == 0x00U)
 258              		.loc 1 550 3 is_stmt 1 view .LVU82
 259              		.loc 1 550 6 is_stmt 0 view .LVU83
 260 0026 EBB1     		cbz	r3, .L17
 551:Middlewares/ST/STM32_USB_Host_Library/Core/Src/usbh_ctlreq.c ****   {
 552:Middlewares/ST/STM32_USB_Host_Library/Core/Src/usbh_ctlreq.c ****     status = USBH_NOT_SUPPORTED;
 553:Middlewares/ST/STM32_USB_Host_Library/Core/Src/usbh_ctlreq.c ****   }
 554:Middlewares/ST/STM32_USB_Host_Library/Core/Src/usbh_ctlreq.c ****   else if (USBH_MAX_EP_PACKET_SIZE < (uint16_t)USBH_MAX_DATA_BUFFER)
 261              		.loc 1 554 8 is_stmt 1 view .LVU84
 555:Middlewares/ST/STM32_USB_Host_Library/Core/Src/usbh_ctlreq.c ****   {
 556:Middlewares/ST/STM32_USB_Host_Library/Core/Src/usbh_ctlreq.c ****     /* Make sure that maximum packet size (bits 0..10) does not exceed the max endpoint packet size
 557:Middlewares/ST/STM32_USB_Host_Library/Core/Src/usbh_ctlreq.c ****     ep_descriptor->wMaxPacketSize &= ~0x7FFU;
 558:Middlewares/ST/STM32_USB_Host_Library/Core/Src/usbh_ctlreq.c ****     ep_descriptor->wMaxPacketSize |=  MIN((uint16_t)(LE16(buf + 4) & 0x7FFU), (uint16_t)USBH_MAX_EP
 559:Middlewares/ST/STM32_USB_Host_Library/Core/Src/usbh_ctlreq.c **** 
 560:Middlewares/ST/STM32_USB_Host_Library/Core/Src/usbh_ctlreq.c ****   }
 561:Middlewares/ST/STM32_USB_Host_Library/Core/Src/usbh_ctlreq.c ****   else if ((uint16_t)USBH_MAX_DATA_BUFFER < USBH_MAX_EP_PACKET_SIZE)
 262              		.loc 1 561 8 view .LVU85
 562:Middlewares/ST/STM32_USB_Host_Library/Core/Src/usbh_ctlreq.c ****   {
 563:Middlewares/ST/STM32_USB_Host_Library/Core/Src/usbh_ctlreq.c ****     /* Make sure that maximum packet size (bits 0..10) does not exceed the total buffer length */
 564:Middlewares/ST/STM32_USB_Host_Library/Core/Src/usbh_ctlreq.c ****     ep_descriptor->wMaxPacketSize &= ~0x7FFU;
 263              		.loc 1 564 5 view .LVU86
 264              		.loc 1 564 35 is_stmt 0 view .LVU87
 265 0028 03F47843 		and	r3, r3, #63488
 266 002c 8B80     		strh	r3, [r1, #4]	@ movhi
 565:Middlewares/ST/STM32_USB_Host_Library/Core/Src/usbh_ctlreq.c ****     ep_descriptor->wMaxPacketSize |= MIN((uint16_t)(LE16(buf + 4) & 0x7FFU), (uint16_t)USBH_MAX_DAT
 267              		.loc 1 565 5 is_stmt 1 view .LVU88
 268              		.loc 1 565 38 is_stmt 0 view .LVU89
 269 002e 1079     		ldrb	r0, [r2, #4]	@ zero_extendqisi2
 270 0030 5279     		ldrb	r2, [r2, #5]	@ zero_extendqisi2
 271              	.LVL6:
 272              		.loc 1 565 38 view .LVU90
 273 0032 40EA0222 		orr	r2, r0, r2, lsl #8
 274              		.loc 1 565 35 view .LVU91
 275 0036 12F4C06F 		tst	r2, #1536
 276 003a 10D1     		bne	.L18
 277              		.loc 1 565 35 discriminator 1 view .LVU92
 278 003c C2F30A02 		ubfx	r2, r2, #0, #11
 279              	.L12:
 280              		.loc 1 565 35 discriminator 4 view .LVU93
 281 0040 1343     		orrs	r3, r3, r2
 282 0042 8B80     		strh	r3, [r1, #4]	@ movhi
 541:Middlewares/ST/STM32_USB_Host_Library/Core/Src/usbh_ctlreq.c ****   ep_descriptor->bLength          = *(uint8_t *)(buf + 0);
 283              		.loc 1 541 22 view .LVU94
 284 0044 0020     		movs	r0, #0
 285              	.L11:
 286              	.LVL7:
 566:Middlewares/ST/STM32_USB_Host_Library/Core/Src/usbh_ctlreq.c ****   }
 567:Middlewares/ST/STM32_USB_Host_Library/Core/Src/usbh_ctlreq.c ****   else
 568:Middlewares/ST/STM32_USB_Host_Library/Core/Src/usbh_ctlreq.c ****   {
 569:Middlewares/ST/STM32_USB_Host_Library/Core/Src/usbh_ctlreq.c ****     /* ... */
 570:Middlewares/ST/STM32_USB_Host_Library/Core/Src/usbh_ctlreq.c ****   }
 287              		.loc 1 570 3 is_stmt 1 view .LVU95
 571:Middlewares/ST/STM32_USB_Host_Library/Core/Src/usbh_ctlreq.c **** 
 572:Middlewares/ST/STM32_USB_Host_Library/Core/Src/usbh_ctlreq.c ****   /* For high-speed interrupt/isochronous endpoints, bInterval can vary from 1 to 16 */
ARM GAS  /tmp/ccoUEE4u.s 			page 16


 573:Middlewares/ST/STM32_USB_Host_Library/Core/Src/usbh_ctlreq.c ****   if (phost->device.speed == (uint8_t)USBH_SPEED_HIGH)
 288              		.loc 1 573 3 view .LVU96
 289              		.loc 1 573 20 is_stmt 0 view .LVU97
 290 0046 9EF81D33 		ldrb	r3, [lr, #797]	@ zero_extendqisi2
 291              		.loc 1 573 6 view .LVU98
 292 004a 9BB9     		cbnz	r3, .L13
 574:Middlewares/ST/STM32_USB_Host_Library/Core/Src/usbh_ctlreq.c ****   {
 575:Middlewares/ST/STM32_USB_Host_Library/Core/Src/usbh_ctlreq.c ****     if (((ep_descriptor->bmAttributes & EP_TYPE_MSK) == EP_TYPE_ISOC) ||
 293              		.loc 1 575 5 is_stmt 1 view .LVU99
 294 004c 0CF0030C 		and	ip, ip, #3
 295              		.loc 1 575 8 is_stmt 0 view .LVU100
 296 0050 BCF1010F 		cmp	ip, #1
 297 0054 08D0     		beq	.L14
 298              		.loc 1 575 71 discriminator 1 view .LVU101
 299 0056 BCF1030F 		cmp	ip, #3
 300 005a 05D0     		beq	.L14
 301              	.LVL8:
 302              	.L15:
 576:Middlewares/ST/STM32_USB_Host_Library/Core/Src/usbh_ctlreq.c ****         ((ep_descriptor->bmAttributes & EP_TYPE_MSK) == EP_TYPE_INTR))
 577:Middlewares/ST/STM32_USB_Host_Library/Core/Src/usbh_ctlreq.c ****     {
 578:Middlewares/ST/STM32_USB_Host_Library/Core/Src/usbh_ctlreq.c ****       if ((ep_descriptor->bInterval == 0U) || (ep_descriptor->bInterval > 0x10U))
 579:Middlewares/ST/STM32_USB_Host_Library/Core/Src/usbh_ctlreq.c ****       {
 580:Middlewares/ST/STM32_USB_Host_Library/Core/Src/usbh_ctlreq.c ****         status = USBH_NOT_SUPPORTED;
 581:Middlewares/ST/STM32_USB_Host_Library/Core/Src/usbh_ctlreq.c ****       }
 582:Middlewares/ST/STM32_USB_Host_Library/Core/Src/usbh_ctlreq.c ****     }
 583:Middlewares/ST/STM32_USB_Host_Library/Core/Src/usbh_ctlreq.c ****   }
 584:Middlewares/ST/STM32_USB_Host_Library/Core/Src/usbh_ctlreq.c ****   else
 585:Middlewares/ST/STM32_USB_Host_Library/Core/Src/usbh_ctlreq.c ****   {
 586:Middlewares/ST/STM32_USB_Host_Library/Core/Src/usbh_ctlreq.c ****     /* For full-speed isochronous endpoints, the value of bInterval must be in the range from 1 to 
 587:Middlewares/ST/STM32_USB_Host_Library/Core/Src/usbh_ctlreq.c ****     if ((ep_descriptor->bmAttributes & EP_TYPE_MSK) == EP_TYPE_ISOC)
 588:Middlewares/ST/STM32_USB_Host_Library/Core/Src/usbh_ctlreq.c ****     {
 589:Middlewares/ST/STM32_USB_Host_Library/Core/Src/usbh_ctlreq.c ****       if ((ep_descriptor->bInterval == 0U) || (ep_descriptor->bInterval > 0x10U))
 590:Middlewares/ST/STM32_USB_Host_Library/Core/Src/usbh_ctlreq.c ****       {
 591:Middlewares/ST/STM32_USB_Host_Library/Core/Src/usbh_ctlreq.c ****         status = USBH_NOT_SUPPORTED;
 592:Middlewares/ST/STM32_USB_Host_Library/Core/Src/usbh_ctlreq.c ****       }
 593:Middlewares/ST/STM32_USB_Host_Library/Core/Src/usbh_ctlreq.c ****     }
 594:Middlewares/ST/STM32_USB_Host_Library/Core/Src/usbh_ctlreq.c ****     /* For full-/low-speed interrupt endpoints, the value of bInterval may be from 1 to 255.*/
 595:Middlewares/ST/STM32_USB_Host_Library/Core/Src/usbh_ctlreq.c ****     else if ((ep_descriptor->bmAttributes & EP_TYPE_MSK) == EP_TYPE_INTR)
 596:Middlewares/ST/STM32_USB_Host_Library/Core/Src/usbh_ctlreq.c ****     {
 597:Middlewares/ST/STM32_USB_Host_Library/Core/Src/usbh_ctlreq.c ****       if (ep_descriptor->bInterval == 0U)
 598:Middlewares/ST/STM32_USB_Host_Library/Core/Src/usbh_ctlreq.c ****       {
 599:Middlewares/ST/STM32_USB_Host_Library/Core/Src/usbh_ctlreq.c ****         status = USBH_NOT_SUPPORTED;
 600:Middlewares/ST/STM32_USB_Host_Library/Core/Src/usbh_ctlreq.c ****       }
 601:Middlewares/ST/STM32_USB_Host_Library/Core/Src/usbh_ctlreq.c ****     }
 602:Middlewares/ST/STM32_USB_Host_Library/Core/Src/usbh_ctlreq.c ****     else
 603:Middlewares/ST/STM32_USB_Host_Library/Core/Src/usbh_ctlreq.c ****     {
 604:Middlewares/ST/STM32_USB_Host_Library/Core/Src/usbh_ctlreq.c ****       /* ... */
 605:Middlewares/ST/STM32_USB_Host_Library/Core/Src/usbh_ctlreq.c ****     }
 303              		.loc 1 605 5 is_stmt 1 view .LVU102
 606:Middlewares/ST/STM32_USB_Host_Library/Core/Src/usbh_ctlreq.c ****   }
 607:Middlewares/ST/STM32_USB_Host_Library/Core/Src/usbh_ctlreq.c **** 
 608:Middlewares/ST/STM32_USB_Host_Library/Core/Src/usbh_ctlreq.c ****   return status;
 304              		.loc 1 608 3 view .LVU103
 609:Middlewares/ST/STM32_USB_Host_Library/Core/Src/usbh_ctlreq.c **** }
 305              		.loc 1 609 1 is_stmt 0 view .LVU104
 306 005c 10BD     		pop	{r4, pc}
 307              	.LVL9:
ARM GAS  /tmp/ccoUEE4u.s 			page 17


 308              	.L18:
 565:Middlewares/ST/STM32_USB_Host_Library/Core/Src/usbh_ctlreq.c ****   }
 309              		.loc 1 565 35 discriminator 2 view .LVU105
 310 005e 4FF40072 		mov	r2, #512
 311 0062 EDE7     		b	.L12
 312              	.LVL10:
 313              	.L17:
 552:Middlewares/ST/STM32_USB_Host_Library/Core/Src/usbh_ctlreq.c ****   }
 314              		.loc 1 552 12 view .LVU106
 315 0064 0320     		movs	r0, #3
 316 0066 EEE7     		b	.L11
 317              	.LVL11:
 318              	.L14:
 578:Middlewares/ST/STM32_USB_Host_Library/Core/Src/usbh_ctlreq.c ****       {
 319              		.loc 1 578 7 is_stmt 1 view .LVU107
 578:Middlewares/ST/STM32_USB_Host_Library/Core/Src/usbh_ctlreq.c ****       {
 320              		.loc 1 578 44 is_stmt 0 view .LVU108
 321 0068 013C     		subs	r4, r4, #1
 322 006a E4B2     		uxtb	r4, r4
 578:Middlewares/ST/STM32_USB_Host_Library/Core/Src/usbh_ctlreq.c ****       {
 323              		.loc 1 578 10 view .LVU109
 324 006c 0F2C     		cmp	r4, #15
 325 006e F5D9     		bls	.L15
 580:Middlewares/ST/STM32_USB_Host_Library/Core/Src/usbh_ctlreq.c ****       }
 326              		.loc 1 580 16 view .LVU110
 327 0070 0320     		movs	r0, #3
 328              	.LVL12:
 580:Middlewares/ST/STM32_USB_Host_Library/Core/Src/usbh_ctlreq.c ****       }
 329              		.loc 1 580 16 view .LVU111
 330 0072 F3E7     		b	.L15
 331              	.LVL13:
 332              	.L13:
 587:Middlewares/ST/STM32_USB_Host_Library/Core/Src/usbh_ctlreq.c ****     {
 333              		.loc 1 587 5 is_stmt 1 view .LVU112
 334 0074 0CF0030C 		and	ip, ip, #3
 587:Middlewares/ST/STM32_USB_Host_Library/Core/Src/usbh_ctlreq.c ****     {
 335              		.loc 1 587 8 is_stmt 0 view .LVU113
 336 0078 BCF1010F 		cmp	ip, #1
 337 007c 06D0     		beq	.L23
 595:Middlewares/ST/STM32_USB_Host_Library/Core/Src/usbh_ctlreq.c ****     {
 338              		.loc 1 595 10 is_stmt 1 view .LVU114
 595:Middlewares/ST/STM32_USB_Host_Library/Core/Src/usbh_ctlreq.c ****     {
 339              		.loc 1 595 13 is_stmt 0 view .LVU115
 340 007e BCF1030F 		cmp	ip, #3
 341 0082 EBD1     		bne	.L15
 597:Middlewares/ST/STM32_USB_Host_Library/Core/Src/usbh_ctlreq.c ****       {
 342              		.loc 1 597 7 is_stmt 1 view .LVU116
 597:Middlewares/ST/STM32_USB_Host_Library/Core/Src/usbh_ctlreq.c ****       {
 343              		.loc 1 597 10 is_stmt 0 view .LVU117
 344 0084 002C     		cmp	r4, #0
 345 0086 E9D1     		bne	.L15
 599:Middlewares/ST/STM32_USB_Host_Library/Core/Src/usbh_ctlreq.c ****       }
 346              		.loc 1 599 16 view .LVU118
 347 0088 6046     		mov	r0, ip
 348              	.LVL14:
 599:Middlewares/ST/STM32_USB_Host_Library/Core/Src/usbh_ctlreq.c ****       }
 349              		.loc 1 599 16 view .LVU119
ARM GAS  /tmp/ccoUEE4u.s 			page 18


 350 008a E7E7     		b	.L15
 351              	.LVL15:
 352              	.L23:
 589:Middlewares/ST/STM32_USB_Host_Library/Core/Src/usbh_ctlreq.c ****       {
 353              		.loc 1 589 7 is_stmt 1 view .LVU120
 589:Middlewares/ST/STM32_USB_Host_Library/Core/Src/usbh_ctlreq.c ****       {
 354              		.loc 1 589 44 is_stmt 0 view .LVU121
 355 008c 013C     		subs	r4, r4, #1
 356 008e E4B2     		uxtb	r4, r4
 589:Middlewares/ST/STM32_USB_Host_Library/Core/Src/usbh_ctlreq.c ****       {
 357              		.loc 1 589 10 view .LVU122
 358 0090 0F2C     		cmp	r4, #15
 359 0092 E3D9     		bls	.L15
 591:Middlewares/ST/STM32_USB_Host_Library/Core/Src/usbh_ctlreq.c ****       }
 360              		.loc 1 591 16 view .LVU123
 361 0094 0320     		movs	r0, #3
 362              	.LVL16:
 591:Middlewares/ST/STM32_USB_Host_Library/Core/Src/usbh_ctlreq.c ****       }
 363              		.loc 1 591 16 view .LVU124
 364 0096 E1E7     		b	.L15
 365              		.cfi_endproc
 366              	.LFE145:
 368              		.section	.text.USBH_ParseStringDesc,"ax",%progbits
 369              		.align	1
 370              		.syntax unified
 371              		.thumb
 372              		.thumb_func
 374              	USBH_ParseStringDesc:
 375              	.LVL17:
 376              	.LFB146:
 610:Middlewares/ST/STM32_USB_Host_Library/Core/Src/usbh_ctlreq.c **** 
 611:Middlewares/ST/STM32_USB_Host_Library/Core/Src/usbh_ctlreq.c **** 
 612:Middlewares/ST/STM32_USB_Host_Library/Core/Src/usbh_ctlreq.c **** /**
 613:Middlewares/ST/STM32_USB_Host_Library/Core/Src/usbh_ctlreq.c ****   * @brief  USBH_ParseStringDesc
 614:Middlewares/ST/STM32_USB_Host_Library/Core/Src/usbh_ctlreq.c ****   *         This function Parses the string descriptor
 615:Middlewares/ST/STM32_USB_Host_Library/Core/Src/usbh_ctlreq.c ****   * @param  psrc: Source pointer containing the descriptor data
 616:Middlewares/ST/STM32_USB_Host_Library/Core/Src/usbh_ctlreq.c ****   * @param  pdest: Destination address pointer
 617:Middlewares/ST/STM32_USB_Host_Library/Core/Src/usbh_ctlreq.c ****   * @param  length: Length of the descriptor
 618:Middlewares/ST/STM32_USB_Host_Library/Core/Src/usbh_ctlreq.c ****   * @retval None
 619:Middlewares/ST/STM32_USB_Host_Library/Core/Src/usbh_ctlreq.c ****   */
 620:Middlewares/ST/STM32_USB_Host_Library/Core/Src/usbh_ctlreq.c **** static void USBH_ParseStringDesc(uint8_t *psrc, uint8_t *pdest, uint16_t length)
 621:Middlewares/ST/STM32_USB_Host_Library/Core/Src/usbh_ctlreq.c **** {
 377              		.loc 1 621 1 is_stmt 1 view -0
 378              		.cfi_startproc
 379              		@ args = 0, pretend = 0, frame = 0
 380              		@ frame_needed = 0, uses_anonymous_args = 0
 381              		@ link register save eliminated.
 622:Middlewares/ST/STM32_USB_Host_Library/Core/Src/usbh_ctlreq.c ****   uint16_t strlength;
 382              		.loc 1 622 3 view .LVU126
 623:Middlewares/ST/STM32_USB_Host_Library/Core/Src/usbh_ctlreq.c ****   uint16_t idx;
 383              		.loc 1 623 3 view .LVU127
 624:Middlewares/ST/STM32_USB_Host_Library/Core/Src/usbh_ctlreq.c **** 
 625:Middlewares/ST/STM32_USB_Host_Library/Core/Src/usbh_ctlreq.c ****   /* The UNICODE string descriptor is not NULL-terminated. The string length is
 626:Middlewares/ST/STM32_USB_Host_Library/Core/Src/usbh_ctlreq.c ****   computed by subtracting two from the value of the first byte of the descriptor.
 627:Middlewares/ST/STM32_USB_Host_Library/Core/Src/usbh_ctlreq.c ****   */
 628:Middlewares/ST/STM32_USB_Host_Library/Core/Src/usbh_ctlreq.c **** 
 629:Middlewares/ST/STM32_USB_Host_Library/Core/Src/usbh_ctlreq.c ****   /* Check which is lower size, the Size of string or the length of bytes read
ARM GAS  /tmp/ccoUEE4u.s 			page 19


 630:Middlewares/ST/STM32_USB_Host_Library/Core/Src/usbh_ctlreq.c ****   from the device */
 631:Middlewares/ST/STM32_USB_Host_Library/Core/Src/usbh_ctlreq.c **** 
 632:Middlewares/ST/STM32_USB_Host_Library/Core/Src/usbh_ctlreq.c ****   if (psrc[1] == USB_DESC_TYPE_STRING)
 384              		.loc 1 632 3 view .LVU128
 385              		.loc 1 632 11 is_stmt 0 view .LVU129
 386 0000 4378     		ldrb	r3, [r0, #1]	@ zero_extendqisi2
 387              		.loc 1 632 6 view .LVU130
 388 0002 032B     		cmp	r3, #3
 389 0004 00D0     		beq	.L28
 390              	.LVL18:
 391              	.L24:
 633:Middlewares/ST/STM32_USB_Host_Library/Core/Src/usbh_ctlreq.c ****   {
 634:Middlewares/ST/STM32_USB_Host_Library/Core/Src/usbh_ctlreq.c ****     /* Make sure the Descriptor is String Type */
 635:Middlewares/ST/STM32_USB_Host_Library/Core/Src/usbh_ctlreq.c **** 
 636:Middlewares/ST/STM32_USB_Host_Library/Core/Src/usbh_ctlreq.c ****     /* psrc[0] contains Size of Descriptor, subtract 2 to get the length of string */
 637:Middlewares/ST/STM32_USB_Host_Library/Core/Src/usbh_ctlreq.c ****     strlength = ((((uint16_t)psrc[0] - 2U) <= length) ? ((uint16_t)psrc[0] - 2U) : length);
 638:Middlewares/ST/STM32_USB_Host_Library/Core/Src/usbh_ctlreq.c **** 
 639:Middlewares/ST/STM32_USB_Host_Library/Core/Src/usbh_ctlreq.c ****     /* Adjust the offset ignoring the String Len and Descriptor type */
 640:Middlewares/ST/STM32_USB_Host_Library/Core/Src/usbh_ctlreq.c ****     psrc += 2U;
 641:Middlewares/ST/STM32_USB_Host_Library/Core/Src/usbh_ctlreq.c **** 
 642:Middlewares/ST/STM32_USB_Host_Library/Core/Src/usbh_ctlreq.c ****     for (idx = 0U; idx < strlength; idx += 2U)
 643:Middlewares/ST/STM32_USB_Host_Library/Core/Src/usbh_ctlreq.c ****     {
 644:Middlewares/ST/STM32_USB_Host_Library/Core/Src/usbh_ctlreq.c ****       /* Copy Only the string and ignore the UNICODE ID, hence add the src */
 645:Middlewares/ST/STM32_USB_Host_Library/Core/Src/usbh_ctlreq.c ****       *pdest =  psrc[idx];
 646:Middlewares/ST/STM32_USB_Host_Library/Core/Src/usbh_ctlreq.c ****       pdest++;
 647:Middlewares/ST/STM32_USB_Host_Library/Core/Src/usbh_ctlreq.c ****     }
 648:Middlewares/ST/STM32_USB_Host_Library/Core/Src/usbh_ctlreq.c ****     *pdest = 0U; /* mark end of string */
 649:Middlewares/ST/STM32_USB_Host_Library/Core/Src/usbh_ctlreq.c ****   }
 650:Middlewares/ST/STM32_USB_Host_Library/Core/Src/usbh_ctlreq.c **** }
 392              		.loc 1 650 1 view .LVU131
 393 0006 7047     		bx	lr
 394              	.LVL19:
 395              	.L28:
 637:Middlewares/ST/STM32_USB_Host_Library/Core/Src/usbh_ctlreq.c **** 
 396              		.loc 1 637 5 is_stmt 1 view .LVU132
 637:Middlewares/ST/STM32_USB_Host_Library/Core/Src/usbh_ctlreq.c **** 
 397              		.loc 1 637 34 is_stmt 0 view .LVU133
 398 0008 0378     		ldrb	r3, [r0]	@ zero_extendqisi2
 637:Middlewares/ST/STM32_USB_Host_Library/Core/Src/usbh_ctlreq.c **** 
 399              		.loc 1 637 38 view .LVU134
 400 000a 023B     		subs	r3, r3, #2
 637:Middlewares/ST/STM32_USB_Host_Library/Core/Src/usbh_ctlreq.c **** 
 401              		.loc 1 637 82 view .LVU135
 402 000c 9A42     		cmp	r2, r3
 403 000e 28BF     		it	cs
 404 0010 1A46     		movcs	r2, r3
 405              	.LVL20:
 637:Middlewares/ST/STM32_USB_Host_Library/Core/Src/usbh_ctlreq.c **** 
 406              		.loc 1 637 15 view .LVU136
 407 0012 92B2     		uxth	r2, r2
 408              	.LVL21:
 640:Middlewares/ST/STM32_USB_Host_Library/Core/Src/usbh_ctlreq.c **** 
 409              		.loc 1 640 5 is_stmt 1 view .LVU137
 642:Middlewares/ST/STM32_USB_Host_Library/Core/Src/usbh_ctlreq.c ****     {
 410              		.loc 1 642 5 view .LVU138
 642:Middlewares/ST/STM32_USB_Host_Library/Core/Src/usbh_ctlreq.c ****     {
 411              		.loc 1 642 14 is_stmt 0 view .LVU139
ARM GAS  /tmp/ccoUEE4u.s 			page 20


 412 0014 0023     		movs	r3, #0
 642:Middlewares/ST/STM32_USB_Host_Library/Core/Src/usbh_ctlreq.c ****     {
 413              		.loc 1 642 5 view .LVU140
 414 0016 07E0     		b	.L26
 415              	.LVL22:
 416              	.L27:
 645:Middlewares/ST/STM32_USB_Host_Library/Core/Src/usbh_ctlreq.c ****       pdest++;
 417              		.loc 1 645 7 is_stmt 1 view .LVU141
 645:Middlewares/ST/STM32_USB_Host_Library/Core/Src/usbh_ctlreq.c ****       pdest++;
 418              		.loc 1 645 21 is_stmt 0 view .LVU142
 419 0018 00EB030C 		add	ip, r0, r3
 420 001c 9CF802C0 		ldrb	ip, [ip, #2]	@ zero_extendqisi2
 645:Middlewares/ST/STM32_USB_Host_Library/Core/Src/usbh_ctlreq.c ****       pdest++;
 421              		.loc 1 645 14 view .LVU143
 422 0020 01F801CB 		strb	ip, [r1], #1
 423              	.LVL23:
 646:Middlewares/ST/STM32_USB_Host_Library/Core/Src/usbh_ctlreq.c ****     }
 424              		.loc 1 646 7 is_stmt 1 view .LVU144
 642:Middlewares/ST/STM32_USB_Host_Library/Core/Src/usbh_ctlreq.c ****     {
 425              		.loc 1 642 41 discriminator 3 view .LVU145
 426 0024 0233     		adds	r3, r3, #2
 427              	.LVL24:
 642:Middlewares/ST/STM32_USB_Host_Library/Core/Src/usbh_ctlreq.c ****     {
 428              		.loc 1 642 41 is_stmt 0 discriminator 3 view .LVU146
 429 0026 9BB2     		uxth	r3, r3
 430              	.LVL25:
 431              	.L26:
 642:Middlewares/ST/STM32_USB_Host_Library/Core/Src/usbh_ctlreq.c ****     {
 432              		.loc 1 642 24 is_stmt 1 discriminator 1 view .LVU147
 433 0028 9342     		cmp	r3, r2
 434 002a F5D3     		bcc	.L27
 648:Middlewares/ST/STM32_USB_Host_Library/Core/Src/usbh_ctlreq.c ****   }
 435              		.loc 1 648 5 view .LVU148
 648:Middlewares/ST/STM32_USB_Host_Library/Core/Src/usbh_ctlreq.c ****   }
 436              		.loc 1 648 12 is_stmt 0 view .LVU149
 437 002c 0023     		movs	r3, #0
 438              	.LVL26:
 648:Middlewares/ST/STM32_USB_Host_Library/Core/Src/usbh_ctlreq.c ****   }
 439              		.loc 1 648 12 view .LVU150
 440 002e 0B70     		strb	r3, [r1]
 441              		.loc 1 650 1 view .LVU151
 442 0030 E9E7     		b	.L24
 443              		.cfi_endproc
 444              	.LFE146:
 446              		.section	.text.USBH_HandleControl,"ax",%progbits
 447              		.align	1
 448              		.syntax unified
 449              		.thumb
 450              		.thumb_func
 452              	USBH_HandleControl:
 453              	.LVL27:
 454              	.LFB149:
 651:Middlewares/ST/STM32_USB_Host_Library/Core/Src/usbh_ctlreq.c **** 
 652:Middlewares/ST/STM32_USB_Host_Library/Core/Src/usbh_ctlreq.c **** 
 653:Middlewares/ST/STM32_USB_Host_Library/Core/Src/usbh_ctlreq.c **** /**
 654:Middlewares/ST/STM32_USB_Host_Library/Core/Src/usbh_ctlreq.c ****   * @brief  USBH_GetNextDesc
 655:Middlewares/ST/STM32_USB_Host_Library/Core/Src/usbh_ctlreq.c ****   *         This function return the next descriptor header
ARM GAS  /tmp/ccoUEE4u.s 			page 21


 656:Middlewares/ST/STM32_USB_Host_Library/Core/Src/usbh_ctlreq.c ****   * @param  buf: Buffer where the cfg descriptor is available
 657:Middlewares/ST/STM32_USB_Host_Library/Core/Src/usbh_ctlreq.c ****   * @param  ptr: data pointer inside the cfg descriptor
 658:Middlewares/ST/STM32_USB_Host_Library/Core/Src/usbh_ctlreq.c ****   * @retval next header
 659:Middlewares/ST/STM32_USB_Host_Library/Core/Src/usbh_ctlreq.c ****   */
 660:Middlewares/ST/STM32_USB_Host_Library/Core/Src/usbh_ctlreq.c **** USBH_DescHeader_t  *USBH_GetNextDesc(uint8_t   *pbuf, uint16_t  *ptr)
 661:Middlewares/ST/STM32_USB_Host_Library/Core/Src/usbh_ctlreq.c **** {
 662:Middlewares/ST/STM32_USB_Host_Library/Core/Src/usbh_ctlreq.c ****   USBH_DescHeader_t  *pnext;
 663:Middlewares/ST/STM32_USB_Host_Library/Core/Src/usbh_ctlreq.c **** 
 664:Middlewares/ST/STM32_USB_Host_Library/Core/Src/usbh_ctlreq.c ****   *ptr += ((USBH_DescHeader_t *)(void *)pbuf)->bLength;
 665:Middlewares/ST/STM32_USB_Host_Library/Core/Src/usbh_ctlreq.c ****   pnext = (USBH_DescHeader_t *)(void *)((uint8_t *)(void *)pbuf + \
 666:Middlewares/ST/STM32_USB_Host_Library/Core/Src/usbh_ctlreq.c ****                                         ((USBH_DescHeader_t *)(void *)pbuf)->bLength);
 667:Middlewares/ST/STM32_USB_Host_Library/Core/Src/usbh_ctlreq.c **** 
 668:Middlewares/ST/STM32_USB_Host_Library/Core/Src/usbh_ctlreq.c ****   return (pnext);
 669:Middlewares/ST/STM32_USB_Host_Library/Core/Src/usbh_ctlreq.c **** }
 670:Middlewares/ST/STM32_USB_Host_Library/Core/Src/usbh_ctlreq.c **** 
 671:Middlewares/ST/STM32_USB_Host_Library/Core/Src/usbh_ctlreq.c **** 
 672:Middlewares/ST/STM32_USB_Host_Library/Core/Src/usbh_ctlreq.c **** /**
 673:Middlewares/ST/STM32_USB_Host_Library/Core/Src/usbh_ctlreq.c ****   * @brief  USBH_CtlReq
 674:Middlewares/ST/STM32_USB_Host_Library/Core/Src/usbh_ctlreq.c ****   *         USBH_CtlReq sends a control request and provide the status after
 675:Middlewares/ST/STM32_USB_Host_Library/Core/Src/usbh_ctlreq.c ****   *            completion of the request
 676:Middlewares/ST/STM32_USB_Host_Library/Core/Src/usbh_ctlreq.c ****   * @param  phost: Host Handle
 677:Middlewares/ST/STM32_USB_Host_Library/Core/Src/usbh_ctlreq.c ****   * @param  req: Setup Request Structure
 678:Middlewares/ST/STM32_USB_Host_Library/Core/Src/usbh_ctlreq.c ****   * @param  buff: data buffer address to store the response
 679:Middlewares/ST/STM32_USB_Host_Library/Core/Src/usbh_ctlreq.c ****   * @param  length: length of the response
 680:Middlewares/ST/STM32_USB_Host_Library/Core/Src/usbh_ctlreq.c ****   * @retval USBH Status
 681:Middlewares/ST/STM32_USB_Host_Library/Core/Src/usbh_ctlreq.c ****   */
 682:Middlewares/ST/STM32_USB_Host_Library/Core/Src/usbh_ctlreq.c **** USBH_StatusTypeDef USBH_CtlReq(USBH_HandleTypeDef *phost, uint8_t *buff,
 683:Middlewares/ST/STM32_USB_Host_Library/Core/Src/usbh_ctlreq.c ****                                uint16_t length)
 684:Middlewares/ST/STM32_USB_Host_Library/Core/Src/usbh_ctlreq.c **** {
 685:Middlewares/ST/STM32_USB_Host_Library/Core/Src/usbh_ctlreq.c ****   USBH_StatusTypeDef status;
 686:Middlewares/ST/STM32_USB_Host_Library/Core/Src/usbh_ctlreq.c ****   status = USBH_BUSY;
 687:Middlewares/ST/STM32_USB_Host_Library/Core/Src/usbh_ctlreq.c **** 
 688:Middlewares/ST/STM32_USB_Host_Library/Core/Src/usbh_ctlreq.c ****   switch (phost->RequestState)
 689:Middlewares/ST/STM32_USB_Host_Library/Core/Src/usbh_ctlreq.c ****   {
 690:Middlewares/ST/STM32_USB_Host_Library/Core/Src/usbh_ctlreq.c ****     case CMD_SEND:
 691:Middlewares/ST/STM32_USB_Host_Library/Core/Src/usbh_ctlreq.c ****       /* Start a SETUP transfer */
 692:Middlewares/ST/STM32_USB_Host_Library/Core/Src/usbh_ctlreq.c ****       phost->Control.buff = buff;
 693:Middlewares/ST/STM32_USB_Host_Library/Core/Src/usbh_ctlreq.c ****       phost->Control.length = length;
 694:Middlewares/ST/STM32_USB_Host_Library/Core/Src/usbh_ctlreq.c ****       phost->Control.state = CTRL_SETUP;
 695:Middlewares/ST/STM32_USB_Host_Library/Core/Src/usbh_ctlreq.c ****       phost->RequestState = CMD_WAIT;
 696:Middlewares/ST/STM32_USB_Host_Library/Core/Src/usbh_ctlreq.c ****       status = USBH_BUSY;
 697:Middlewares/ST/STM32_USB_Host_Library/Core/Src/usbh_ctlreq.c **** 
 698:Middlewares/ST/STM32_USB_Host_Library/Core/Src/usbh_ctlreq.c **** #if (USBH_USE_OS == 1U)
 699:Middlewares/ST/STM32_USB_Host_Library/Core/Src/usbh_ctlreq.c ****       phost->os_msg = (uint32_t)USBH_CONTROL_EVENT;
 700:Middlewares/ST/STM32_USB_Host_Library/Core/Src/usbh_ctlreq.c **** #if (osCMSIS < 0x20000U)
 701:Middlewares/ST/STM32_USB_Host_Library/Core/Src/usbh_ctlreq.c ****       (void)osMessagePut(phost->os_event, phost->os_msg, 0U);
 702:Middlewares/ST/STM32_USB_Host_Library/Core/Src/usbh_ctlreq.c **** #else
 703:Middlewares/ST/STM32_USB_Host_Library/Core/Src/usbh_ctlreq.c ****       (void)osMessageQueuePut(phost->os_event, &phost->os_msg, 0U, 0U);
 704:Middlewares/ST/STM32_USB_Host_Library/Core/Src/usbh_ctlreq.c **** #endif
 705:Middlewares/ST/STM32_USB_Host_Library/Core/Src/usbh_ctlreq.c **** #endif
 706:Middlewares/ST/STM32_USB_Host_Library/Core/Src/usbh_ctlreq.c ****       break;
 707:Middlewares/ST/STM32_USB_Host_Library/Core/Src/usbh_ctlreq.c **** 
 708:Middlewares/ST/STM32_USB_Host_Library/Core/Src/usbh_ctlreq.c ****     case CMD_WAIT:
 709:Middlewares/ST/STM32_USB_Host_Library/Core/Src/usbh_ctlreq.c ****       status = USBH_HandleControl(phost);
 710:Middlewares/ST/STM32_USB_Host_Library/Core/Src/usbh_ctlreq.c ****       if ((status == USBH_OK) || (status == USBH_NOT_SUPPORTED))
 711:Middlewares/ST/STM32_USB_Host_Library/Core/Src/usbh_ctlreq.c ****       {
 712:Middlewares/ST/STM32_USB_Host_Library/Core/Src/usbh_ctlreq.c ****         /* Transaction completed, move control state to idle */
ARM GAS  /tmp/ccoUEE4u.s 			page 22


 713:Middlewares/ST/STM32_USB_Host_Library/Core/Src/usbh_ctlreq.c ****         phost->RequestState = CMD_SEND;
 714:Middlewares/ST/STM32_USB_Host_Library/Core/Src/usbh_ctlreq.c ****         phost->Control.state = CTRL_IDLE;
 715:Middlewares/ST/STM32_USB_Host_Library/Core/Src/usbh_ctlreq.c ****       }
 716:Middlewares/ST/STM32_USB_Host_Library/Core/Src/usbh_ctlreq.c ****       else if (status == USBH_FAIL)
 717:Middlewares/ST/STM32_USB_Host_Library/Core/Src/usbh_ctlreq.c ****       {
 718:Middlewares/ST/STM32_USB_Host_Library/Core/Src/usbh_ctlreq.c ****         /* Failure Mode */
 719:Middlewares/ST/STM32_USB_Host_Library/Core/Src/usbh_ctlreq.c ****         phost->RequestState = CMD_SEND;
 720:Middlewares/ST/STM32_USB_Host_Library/Core/Src/usbh_ctlreq.c ****       }
 721:Middlewares/ST/STM32_USB_Host_Library/Core/Src/usbh_ctlreq.c ****       else
 722:Middlewares/ST/STM32_USB_Host_Library/Core/Src/usbh_ctlreq.c ****       {
 723:Middlewares/ST/STM32_USB_Host_Library/Core/Src/usbh_ctlreq.c ****         /* .. */
 724:Middlewares/ST/STM32_USB_Host_Library/Core/Src/usbh_ctlreq.c ****       }
 725:Middlewares/ST/STM32_USB_Host_Library/Core/Src/usbh_ctlreq.c **** #if (USBH_USE_OS == 1U)
 726:Middlewares/ST/STM32_USB_Host_Library/Core/Src/usbh_ctlreq.c ****       phost->os_msg = (uint32_t)USBH_CONTROL_EVENT;
 727:Middlewares/ST/STM32_USB_Host_Library/Core/Src/usbh_ctlreq.c **** #if (osCMSIS < 0x20000U)
 728:Middlewares/ST/STM32_USB_Host_Library/Core/Src/usbh_ctlreq.c ****       (void)osMessagePut(phost->os_event, phost->os_msg, 0U);
 729:Middlewares/ST/STM32_USB_Host_Library/Core/Src/usbh_ctlreq.c **** #else
 730:Middlewares/ST/STM32_USB_Host_Library/Core/Src/usbh_ctlreq.c ****       (void)osMessageQueuePut(phost->os_event, &phost->os_msg, 0U, 0U);
 731:Middlewares/ST/STM32_USB_Host_Library/Core/Src/usbh_ctlreq.c **** #endif
 732:Middlewares/ST/STM32_USB_Host_Library/Core/Src/usbh_ctlreq.c **** #endif
 733:Middlewares/ST/STM32_USB_Host_Library/Core/Src/usbh_ctlreq.c ****       break;
 734:Middlewares/ST/STM32_USB_Host_Library/Core/Src/usbh_ctlreq.c **** 
 735:Middlewares/ST/STM32_USB_Host_Library/Core/Src/usbh_ctlreq.c ****     default:
 736:Middlewares/ST/STM32_USB_Host_Library/Core/Src/usbh_ctlreq.c ****       break;
 737:Middlewares/ST/STM32_USB_Host_Library/Core/Src/usbh_ctlreq.c ****   }
 738:Middlewares/ST/STM32_USB_Host_Library/Core/Src/usbh_ctlreq.c ****   return status;
 739:Middlewares/ST/STM32_USB_Host_Library/Core/Src/usbh_ctlreq.c **** }
 740:Middlewares/ST/STM32_USB_Host_Library/Core/Src/usbh_ctlreq.c **** 
 741:Middlewares/ST/STM32_USB_Host_Library/Core/Src/usbh_ctlreq.c **** 
 742:Middlewares/ST/STM32_USB_Host_Library/Core/Src/usbh_ctlreq.c **** /**
 743:Middlewares/ST/STM32_USB_Host_Library/Core/Src/usbh_ctlreq.c ****   * @brief  USBH_HandleControl
 744:Middlewares/ST/STM32_USB_Host_Library/Core/Src/usbh_ctlreq.c ****   *         Handles the USB control transfer state machine
 745:Middlewares/ST/STM32_USB_Host_Library/Core/Src/usbh_ctlreq.c ****   * @param  phost: Host Handle
 746:Middlewares/ST/STM32_USB_Host_Library/Core/Src/usbh_ctlreq.c ****   * @retval USBH Status
 747:Middlewares/ST/STM32_USB_Host_Library/Core/Src/usbh_ctlreq.c ****   */
 748:Middlewares/ST/STM32_USB_Host_Library/Core/Src/usbh_ctlreq.c **** static USBH_StatusTypeDef USBH_HandleControl(USBH_HandleTypeDef *phost)
 749:Middlewares/ST/STM32_USB_Host_Library/Core/Src/usbh_ctlreq.c **** {
 455              		.loc 1 749 1 is_stmt 1 view -0
 456              		.cfi_startproc
 457              		@ args = 0, pretend = 0, frame = 0
 458              		@ frame_needed = 0, uses_anonymous_args = 0
 459              		.loc 1 749 1 is_stmt 0 view .LVU153
 460 0000 30B5     		push	{r4, r5, lr}
 461              	.LCFI3:
 462              		.cfi_def_cfa_offset 12
 463              		.cfi_offset 4, -12
 464              		.cfi_offset 5, -8
 465              		.cfi_offset 14, -4
 466 0002 83B0     		sub	sp, sp, #12
 467              	.LCFI4:
 468              		.cfi_def_cfa_offset 24
 469 0004 0446     		mov	r4, r0
 750:Middlewares/ST/STM32_USB_Host_Library/Core/Src/usbh_ctlreq.c ****   uint8_t direction;
 470              		.loc 1 750 3 is_stmt 1 view .LVU154
 751:Middlewares/ST/STM32_USB_Host_Library/Core/Src/usbh_ctlreq.c ****   USBH_StatusTypeDef status = USBH_BUSY;
 471              		.loc 1 751 3 view .LVU155
 472              	.LVL28:
ARM GAS  /tmp/ccoUEE4u.s 			page 23


 752:Middlewares/ST/STM32_USB_Host_Library/Core/Src/usbh_ctlreq.c ****   USBH_URBStateTypeDef URB_Status = USBH_URB_IDLE;
 473              		.loc 1 752 3 view .LVU156
 753:Middlewares/ST/STM32_USB_Host_Library/Core/Src/usbh_ctlreq.c **** 
 754:Middlewares/ST/STM32_USB_Host_Library/Core/Src/usbh_ctlreq.c ****   switch (phost->Control.state)
 474              		.loc 1 754 3 view .LVU157
 475              		.loc 1 754 25 is_stmt 0 view .LVU158
 476 0006 057E     		ldrb	r5, [r0, #24]	@ zero_extendqisi2
 477              		.loc 1 754 3 view .LVU159
 478 0008 6B1E     		subs	r3, r5, #1
 479 000a 0A2B     		cmp	r3, #10
 480 000c 00F2DC80 		bhi	.L60
 481 0010 DFE803F0 		tbb	[pc, r3]
 482              	.L32:
 483 0014 06       		.byte	(.L42-.L32)/2
 484 0015 10       		.byte	(.L41-.L32)/2
 485 0016 35       		.byte	(.L40-.L32)/2
 486 0017 41       		.byte	(.L39-.L32)/2
 487 0018 54       		.byte	(.L38-.L32)/2
 488 0019 61       		.byte	(.L37-.L32)/2
 489 001a 7C       		.byte	(.L36-.L32)/2
 490 001b 88       		.byte	(.L35-.L32)/2
 491 001c 9B       		.byte	(.L34-.L32)/2
 492 001d A8       		.byte	(.L33-.L32)/2
 493 001e BF       		.byte	(.L31-.L32)/2
 494 001f 00       		.p2align 1
 495              	.L42:
 755:Middlewares/ST/STM32_USB_Host_Library/Core/Src/usbh_ctlreq.c ****   {
 756:Middlewares/ST/STM32_USB_Host_Library/Core/Src/usbh_ctlreq.c ****     case CTRL_SETUP:
 757:Middlewares/ST/STM32_USB_Host_Library/Core/Src/usbh_ctlreq.c ****       /* send a SETUP packet */
 758:Middlewares/ST/STM32_USB_Host_Library/Core/Src/usbh_ctlreq.c ****       (void)USBH_CtlSendSetup(phost, (uint8_t *)(void *)phost->Control.setup.d8,
 496              		.loc 1 758 7 is_stmt 1 view .LVU160
 497              		.loc 1 758 13 is_stmt 0 view .LVU161
 498 0020 4279     		ldrb	r2, [r0, #5]	@ zero_extendqisi2
 499 0022 00F11001 		add	r1, r0, #16
 500 0026 FFF7FEFF 		bl	USBH_CtlSendSetup
 501              	.LVL29:
 759:Middlewares/ST/STM32_USB_Host_Library/Core/Src/usbh_ctlreq.c ****                               phost->Control.pipe_out);
 760:Middlewares/ST/STM32_USB_Host_Library/Core/Src/usbh_ctlreq.c **** 
 761:Middlewares/ST/STM32_USB_Host_Library/Core/Src/usbh_ctlreq.c ****       phost->Control.state = CTRL_SETUP_WAIT;
 502              		.loc 1 761 7 is_stmt 1 view .LVU162
 503              		.loc 1 761 28 is_stmt 0 view .LVU163
 504 002a 0223     		movs	r3, #2
 505 002c 2376     		strb	r3, [r4, #24]
 762:Middlewares/ST/STM32_USB_Host_Library/Core/Src/usbh_ctlreq.c ****       break;
 506              		.loc 1 762 7 is_stmt 1 view .LVU164
 507              	.LVL30:
 508              	.L30:
 763:Middlewares/ST/STM32_USB_Host_Library/Core/Src/usbh_ctlreq.c **** 
 764:Middlewares/ST/STM32_USB_Host_Library/Core/Src/usbh_ctlreq.c ****     case CTRL_SETUP_WAIT:
 765:Middlewares/ST/STM32_USB_Host_Library/Core/Src/usbh_ctlreq.c **** 
 766:Middlewares/ST/STM32_USB_Host_Library/Core/Src/usbh_ctlreq.c ****       URB_Status = USBH_LL_GetURBState(phost, phost->Control.pipe_out);
 767:Middlewares/ST/STM32_USB_Host_Library/Core/Src/usbh_ctlreq.c ****       /* case SETUP packet sent successfully */
 768:Middlewares/ST/STM32_USB_Host_Library/Core/Src/usbh_ctlreq.c ****       if (URB_Status == USBH_URB_DONE)
 769:Middlewares/ST/STM32_USB_Host_Library/Core/Src/usbh_ctlreq.c ****       {
 770:Middlewares/ST/STM32_USB_Host_Library/Core/Src/usbh_ctlreq.c ****         direction = (phost->Control.setup.b.bmRequestType & USB_REQ_DIR_MASK);
 771:Middlewares/ST/STM32_USB_Host_Library/Core/Src/usbh_ctlreq.c **** 
 772:Middlewares/ST/STM32_USB_Host_Library/Core/Src/usbh_ctlreq.c ****         /* check if there is a data stage */
ARM GAS  /tmp/ccoUEE4u.s 			page 24


 773:Middlewares/ST/STM32_USB_Host_Library/Core/Src/usbh_ctlreq.c ****         if (phost->Control.setup.b.wLength.w != 0U)
 774:Middlewares/ST/STM32_USB_Host_Library/Core/Src/usbh_ctlreq.c ****         {
 775:Middlewares/ST/STM32_USB_Host_Library/Core/Src/usbh_ctlreq.c ****           if (direction == USB_D2H)
 776:Middlewares/ST/STM32_USB_Host_Library/Core/Src/usbh_ctlreq.c ****           {
 777:Middlewares/ST/STM32_USB_Host_Library/Core/Src/usbh_ctlreq.c ****             /* Data Direction is IN */
 778:Middlewares/ST/STM32_USB_Host_Library/Core/Src/usbh_ctlreq.c ****             phost->Control.state = CTRL_DATA_IN;
 779:Middlewares/ST/STM32_USB_Host_Library/Core/Src/usbh_ctlreq.c ****           }
 780:Middlewares/ST/STM32_USB_Host_Library/Core/Src/usbh_ctlreq.c ****           else
 781:Middlewares/ST/STM32_USB_Host_Library/Core/Src/usbh_ctlreq.c ****           {
 782:Middlewares/ST/STM32_USB_Host_Library/Core/Src/usbh_ctlreq.c ****             /* Data Direction is OUT */
 783:Middlewares/ST/STM32_USB_Host_Library/Core/Src/usbh_ctlreq.c ****             phost->Control.state = CTRL_DATA_OUT;
 784:Middlewares/ST/STM32_USB_Host_Library/Core/Src/usbh_ctlreq.c ****           }
 785:Middlewares/ST/STM32_USB_Host_Library/Core/Src/usbh_ctlreq.c ****         }
 786:Middlewares/ST/STM32_USB_Host_Library/Core/Src/usbh_ctlreq.c ****         /* No DATA stage */
 787:Middlewares/ST/STM32_USB_Host_Library/Core/Src/usbh_ctlreq.c ****         else
 788:Middlewares/ST/STM32_USB_Host_Library/Core/Src/usbh_ctlreq.c ****         {
 789:Middlewares/ST/STM32_USB_Host_Library/Core/Src/usbh_ctlreq.c ****           /* If there is No Data Transfer Stage */
 790:Middlewares/ST/STM32_USB_Host_Library/Core/Src/usbh_ctlreq.c ****           if (direction == USB_D2H)
 791:Middlewares/ST/STM32_USB_Host_Library/Core/Src/usbh_ctlreq.c ****           {
 792:Middlewares/ST/STM32_USB_Host_Library/Core/Src/usbh_ctlreq.c ****             /* Data Direction is IN */
 793:Middlewares/ST/STM32_USB_Host_Library/Core/Src/usbh_ctlreq.c ****             phost->Control.state = CTRL_STATUS_OUT;
 794:Middlewares/ST/STM32_USB_Host_Library/Core/Src/usbh_ctlreq.c ****           }
 795:Middlewares/ST/STM32_USB_Host_Library/Core/Src/usbh_ctlreq.c ****           else
 796:Middlewares/ST/STM32_USB_Host_Library/Core/Src/usbh_ctlreq.c ****           {
 797:Middlewares/ST/STM32_USB_Host_Library/Core/Src/usbh_ctlreq.c ****             /* Data Direction is OUT */
 798:Middlewares/ST/STM32_USB_Host_Library/Core/Src/usbh_ctlreq.c ****             phost->Control.state = CTRL_STATUS_IN;
 799:Middlewares/ST/STM32_USB_Host_Library/Core/Src/usbh_ctlreq.c ****           }
 800:Middlewares/ST/STM32_USB_Host_Library/Core/Src/usbh_ctlreq.c ****         }
 801:Middlewares/ST/STM32_USB_Host_Library/Core/Src/usbh_ctlreq.c **** 
 802:Middlewares/ST/STM32_USB_Host_Library/Core/Src/usbh_ctlreq.c **** #if (USBH_USE_OS == 1U)
 803:Middlewares/ST/STM32_USB_Host_Library/Core/Src/usbh_ctlreq.c ****         phost->os_msg = (uint32_t)USBH_CONTROL_EVENT;
 804:Middlewares/ST/STM32_USB_Host_Library/Core/Src/usbh_ctlreq.c **** #if (osCMSIS < 0x20000U)
 805:Middlewares/ST/STM32_USB_Host_Library/Core/Src/usbh_ctlreq.c ****         (void)osMessagePut(phost->os_event, phost->os_msg, 0U);
 806:Middlewares/ST/STM32_USB_Host_Library/Core/Src/usbh_ctlreq.c **** #else
 807:Middlewares/ST/STM32_USB_Host_Library/Core/Src/usbh_ctlreq.c ****         (void)osMessageQueuePut(phost->os_event, &phost->os_msg, 0U, 0U);
 808:Middlewares/ST/STM32_USB_Host_Library/Core/Src/usbh_ctlreq.c **** #endif
 809:Middlewares/ST/STM32_USB_Host_Library/Core/Src/usbh_ctlreq.c **** #endif
 810:Middlewares/ST/STM32_USB_Host_Library/Core/Src/usbh_ctlreq.c ****       }
 811:Middlewares/ST/STM32_USB_Host_Library/Core/Src/usbh_ctlreq.c ****       else
 812:Middlewares/ST/STM32_USB_Host_Library/Core/Src/usbh_ctlreq.c ****       {
 813:Middlewares/ST/STM32_USB_Host_Library/Core/Src/usbh_ctlreq.c ****         if ((URB_Status == USBH_URB_ERROR) || (URB_Status == USBH_URB_NOTREADY))
 814:Middlewares/ST/STM32_USB_Host_Library/Core/Src/usbh_ctlreq.c ****         {
 815:Middlewares/ST/STM32_USB_Host_Library/Core/Src/usbh_ctlreq.c ****           phost->Control.state = CTRL_ERROR;
 816:Middlewares/ST/STM32_USB_Host_Library/Core/Src/usbh_ctlreq.c **** 
 817:Middlewares/ST/STM32_USB_Host_Library/Core/Src/usbh_ctlreq.c **** #if (USBH_USE_OS == 1U)
 818:Middlewares/ST/STM32_USB_Host_Library/Core/Src/usbh_ctlreq.c ****           phost->os_msg = (uint32_t)USBH_CONTROL_EVENT;
 819:Middlewares/ST/STM32_USB_Host_Library/Core/Src/usbh_ctlreq.c **** #if (osCMSIS < 0x20000U)
 820:Middlewares/ST/STM32_USB_Host_Library/Core/Src/usbh_ctlreq.c ****           (void)osMessagePut(phost->os_event, phost->os_msg, 0U);
 821:Middlewares/ST/STM32_USB_Host_Library/Core/Src/usbh_ctlreq.c **** #else
 822:Middlewares/ST/STM32_USB_Host_Library/Core/Src/usbh_ctlreq.c ****           (void)osMessageQueuePut(phost->os_event, &phost->os_msg, 0U, 0U);
 823:Middlewares/ST/STM32_USB_Host_Library/Core/Src/usbh_ctlreq.c **** #endif
 824:Middlewares/ST/STM32_USB_Host_Library/Core/Src/usbh_ctlreq.c **** #endif
 825:Middlewares/ST/STM32_USB_Host_Library/Core/Src/usbh_ctlreq.c ****         }
 826:Middlewares/ST/STM32_USB_Host_Library/Core/Src/usbh_ctlreq.c ****       }
 827:Middlewares/ST/STM32_USB_Host_Library/Core/Src/usbh_ctlreq.c ****       break;
 828:Middlewares/ST/STM32_USB_Host_Library/Core/Src/usbh_ctlreq.c **** 
 829:Middlewares/ST/STM32_USB_Host_Library/Core/Src/usbh_ctlreq.c ****     case CTRL_DATA_IN:
ARM GAS  /tmp/ccoUEE4u.s 			page 25


 830:Middlewares/ST/STM32_USB_Host_Library/Core/Src/usbh_ctlreq.c ****       /* Issue an IN token */
 831:Middlewares/ST/STM32_USB_Host_Library/Core/Src/usbh_ctlreq.c ****       phost->Control.timer = (uint16_t)phost->Timer;
 832:Middlewares/ST/STM32_USB_Host_Library/Core/Src/usbh_ctlreq.c ****       (void)USBH_CtlReceiveData(phost, phost->Control.buff,
 833:Middlewares/ST/STM32_USB_Host_Library/Core/Src/usbh_ctlreq.c ****                                 phost->Control.length, phost->Control.pipe_in);
 834:Middlewares/ST/STM32_USB_Host_Library/Core/Src/usbh_ctlreq.c **** 
 835:Middlewares/ST/STM32_USB_Host_Library/Core/Src/usbh_ctlreq.c ****       phost->Control.state = CTRL_DATA_IN_WAIT;
 836:Middlewares/ST/STM32_USB_Host_Library/Core/Src/usbh_ctlreq.c ****       break;
 837:Middlewares/ST/STM32_USB_Host_Library/Core/Src/usbh_ctlreq.c **** 
 838:Middlewares/ST/STM32_USB_Host_Library/Core/Src/usbh_ctlreq.c ****     case CTRL_DATA_IN_WAIT:
 839:Middlewares/ST/STM32_USB_Host_Library/Core/Src/usbh_ctlreq.c **** 
 840:Middlewares/ST/STM32_USB_Host_Library/Core/Src/usbh_ctlreq.c ****       URB_Status = USBH_LL_GetURBState(phost, phost->Control.pipe_in);
 841:Middlewares/ST/STM32_USB_Host_Library/Core/Src/usbh_ctlreq.c **** 
 842:Middlewares/ST/STM32_USB_Host_Library/Core/Src/usbh_ctlreq.c ****       /* check is DATA packet transferred successfully */
 843:Middlewares/ST/STM32_USB_Host_Library/Core/Src/usbh_ctlreq.c ****       if (URB_Status == USBH_URB_DONE)
 844:Middlewares/ST/STM32_USB_Host_Library/Core/Src/usbh_ctlreq.c ****       {
 845:Middlewares/ST/STM32_USB_Host_Library/Core/Src/usbh_ctlreq.c ****         phost->Control.state = CTRL_STATUS_OUT;
 846:Middlewares/ST/STM32_USB_Host_Library/Core/Src/usbh_ctlreq.c **** 
 847:Middlewares/ST/STM32_USB_Host_Library/Core/Src/usbh_ctlreq.c **** #if (USBH_USE_OS == 1U)
 848:Middlewares/ST/STM32_USB_Host_Library/Core/Src/usbh_ctlreq.c ****         phost->os_msg = (uint32_t)USBH_CONTROL_EVENT;
 849:Middlewares/ST/STM32_USB_Host_Library/Core/Src/usbh_ctlreq.c **** #if (osCMSIS < 0x20000U)
 850:Middlewares/ST/STM32_USB_Host_Library/Core/Src/usbh_ctlreq.c ****         (void)osMessagePut(phost->os_event, phost->os_msg, 0U);
 851:Middlewares/ST/STM32_USB_Host_Library/Core/Src/usbh_ctlreq.c **** #else
 852:Middlewares/ST/STM32_USB_Host_Library/Core/Src/usbh_ctlreq.c ****         (void)osMessageQueuePut(phost->os_event, &phost->os_msg, 0U, 0U);
 853:Middlewares/ST/STM32_USB_Host_Library/Core/Src/usbh_ctlreq.c **** #endif
 854:Middlewares/ST/STM32_USB_Host_Library/Core/Src/usbh_ctlreq.c **** #endif
 855:Middlewares/ST/STM32_USB_Host_Library/Core/Src/usbh_ctlreq.c ****       }
 856:Middlewares/ST/STM32_USB_Host_Library/Core/Src/usbh_ctlreq.c **** 
 857:Middlewares/ST/STM32_USB_Host_Library/Core/Src/usbh_ctlreq.c ****       /* manage error cases*/
 858:Middlewares/ST/STM32_USB_Host_Library/Core/Src/usbh_ctlreq.c ****       if (URB_Status == USBH_URB_STALL)
 859:Middlewares/ST/STM32_USB_Host_Library/Core/Src/usbh_ctlreq.c ****       {
 860:Middlewares/ST/STM32_USB_Host_Library/Core/Src/usbh_ctlreq.c ****         /* In stall case, return to previous machine state*/
 861:Middlewares/ST/STM32_USB_Host_Library/Core/Src/usbh_ctlreq.c ****         status = USBH_NOT_SUPPORTED;
 862:Middlewares/ST/STM32_USB_Host_Library/Core/Src/usbh_ctlreq.c **** 
 863:Middlewares/ST/STM32_USB_Host_Library/Core/Src/usbh_ctlreq.c **** #if (USBH_USE_OS == 1U)
 864:Middlewares/ST/STM32_USB_Host_Library/Core/Src/usbh_ctlreq.c ****         phost->os_msg = (uint32_t)USBH_CONTROL_EVENT;
 865:Middlewares/ST/STM32_USB_Host_Library/Core/Src/usbh_ctlreq.c **** #if (osCMSIS < 0x20000U)
 866:Middlewares/ST/STM32_USB_Host_Library/Core/Src/usbh_ctlreq.c ****         (void)osMessagePut(phost->os_event, phost->os_msg, 0U);
 867:Middlewares/ST/STM32_USB_Host_Library/Core/Src/usbh_ctlreq.c **** #else
 868:Middlewares/ST/STM32_USB_Host_Library/Core/Src/usbh_ctlreq.c ****         (void)osMessageQueuePut(phost->os_event, &phost->os_msg, 0U, 0U);
 869:Middlewares/ST/STM32_USB_Host_Library/Core/Src/usbh_ctlreq.c **** #endif
 870:Middlewares/ST/STM32_USB_Host_Library/Core/Src/usbh_ctlreq.c **** #endif
 871:Middlewares/ST/STM32_USB_Host_Library/Core/Src/usbh_ctlreq.c ****       }
 872:Middlewares/ST/STM32_USB_Host_Library/Core/Src/usbh_ctlreq.c ****       else
 873:Middlewares/ST/STM32_USB_Host_Library/Core/Src/usbh_ctlreq.c ****       {
 874:Middlewares/ST/STM32_USB_Host_Library/Core/Src/usbh_ctlreq.c ****         if (URB_Status == USBH_URB_ERROR)
 875:Middlewares/ST/STM32_USB_Host_Library/Core/Src/usbh_ctlreq.c ****         {
 876:Middlewares/ST/STM32_USB_Host_Library/Core/Src/usbh_ctlreq.c ****           /* Device error */
 877:Middlewares/ST/STM32_USB_Host_Library/Core/Src/usbh_ctlreq.c ****           phost->Control.state = CTRL_ERROR;
 878:Middlewares/ST/STM32_USB_Host_Library/Core/Src/usbh_ctlreq.c **** 
 879:Middlewares/ST/STM32_USB_Host_Library/Core/Src/usbh_ctlreq.c **** #if (USBH_USE_OS == 1U)
 880:Middlewares/ST/STM32_USB_Host_Library/Core/Src/usbh_ctlreq.c ****           phost->os_msg = (uint32_t)USBH_CONTROL_EVENT;
 881:Middlewares/ST/STM32_USB_Host_Library/Core/Src/usbh_ctlreq.c **** #if (osCMSIS < 0x20000U)
 882:Middlewares/ST/STM32_USB_Host_Library/Core/Src/usbh_ctlreq.c ****           (void)osMessagePut(phost->os_event, phost->os_msg, 0U);
 883:Middlewares/ST/STM32_USB_Host_Library/Core/Src/usbh_ctlreq.c **** #else
 884:Middlewares/ST/STM32_USB_Host_Library/Core/Src/usbh_ctlreq.c ****           (void)osMessageQueuePut(phost->os_event, &phost->os_msg, 0U, 0U);
 885:Middlewares/ST/STM32_USB_Host_Library/Core/Src/usbh_ctlreq.c **** #endif
 886:Middlewares/ST/STM32_USB_Host_Library/Core/Src/usbh_ctlreq.c **** #endif
ARM GAS  /tmp/ccoUEE4u.s 			page 26


 887:Middlewares/ST/STM32_USB_Host_Library/Core/Src/usbh_ctlreq.c ****         }
 888:Middlewares/ST/STM32_USB_Host_Library/Core/Src/usbh_ctlreq.c ****       }
 889:Middlewares/ST/STM32_USB_Host_Library/Core/Src/usbh_ctlreq.c ****       break;
 890:Middlewares/ST/STM32_USB_Host_Library/Core/Src/usbh_ctlreq.c **** 
 891:Middlewares/ST/STM32_USB_Host_Library/Core/Src/usbh_ctlreq.c ****     case CTRL_DATA_OUT:
 892:Middlewares/ST/STM32_USB_Host_Library/Core/Src/usbh_ctlreq.c **** 
 893:Middlewares/ST/STM32_USB_Host_Library/Core/Src/usbh_ctlreq.c ****       (void)USBH_CtlSendData(phost, phost->Control.buff, phost->Control.length,
 894:Middlewares/ST/STM32_USB_Host_Library/Core/Src/usbh_ctlreq.c ****                              phost->Control.pipe_out, 1U);
 895:Middlewares/ST/STM32_USB_Host_Library/Core/Src/usbh_ctlreq.c **** 
 896:Middlewares/ST/STM32_USB_Host_Library/Core/Src/usbh_ctlreq.c ****       phost->Control.timer = (uint16_t)phost->Timer;
 897:Middlewares/ST/STM32_USB_Host_Library/Core/Src/usbh_ctlreq.c ****       phost->Control.state = CTRL_DATA_OUT_WAIT;
 898:Middlewares/ST/STM32_USB_Host_Library/Core/Src/usbh_ctlreq.c ****       break;
 899:Middlewares/ST/STM32_USB_Host_Library/Core/Src/usbh_ctlreq.c **** 
 900:Middlewares/ST/STM32_USB_Host_Library/Core/Src/usbh_ctlreq.c ****     case CTRL_DATA_OUT_WAIT:
 901:Middlewares/ST/STM32_USB_Host_Library/Core/Src/usbh_ctlreq.c **** 
 902:Middlewares/ST/STM32_USB_Host_Library/Core/Src/usbh_ctlreq.c ****       URB_Status = USBH_LL_GetURBState(phost, phost->Control.pipe_out);
 903:Middlewares/ST/STM32_USB_Host_Library/Core/Src/usbh_ctlreq.c **** 
 904:Middlewares/ST/STM32_USB_Host_Library/Core/Src/usbh_ctlreq.c ****       if (URB_Status == USBH_URB_DONE)
 905:Middlewares/ST/STM32_USB_Host_Library/Core/Src/usbh_ctlreq.c ****       {
 906:Middlewares/ST/STM32_USB_Host_Library/Core/Src/usbh_ctlreq.c ****         /* If the Setup Pkt is sent successful, then change the state */
 907:Middlewares/ST/STM32_USB_Host_Library/Core/Src/usbh_ctlreq.c ****         phost->Control.state = CTRL_STATUS_IN;
 908:Middlewares/ST/STM32_USB_Host_Library/Core/Src/usbh_ctlreq.c **** 
 909:Middlewares/ST/STM32_USB_Host_Library/Core/Src/usbh_ctlreq.c **** #if (USBH_USE_OS == 1U)
 910:Middlewares/ST/STM32_USB_Host_Library/Core/Src/usbh_ctlreq.c ****         phost->os_msg = (uint32_t)USBH_CONTROL_EVENT;
 911:Middlewares/ST/STM32_USB_Host_Library/Core/Src/usbh_ctlreq.c **** #if (osCMSIS < 0x20000U)
 912:Middlewares/ST/STM32_USB_Host_Library/Core/Src/usbh_ctlreq.c ****         (void)osMessagePut(phost->os_event, phost->os_msg, 0U);
 913:Middlewares/ST/STM32_USB_Host_Library/Core/Src/usbh_ctlreq.c **** #else
 914:Middlewares/ST/STM32_USB_Host_Library/Core/Src/usbh_ctlreq.c ****         (void)osMessageQueuePut(phost->os_event, &phost->os_msg, 0U, 0U);
 915:Middlewares/ST/STM32_USB_Host_Library/Core/Src/usbh_ctlreq.c **** #endif
 916:Middlewares/ST/STM32_USB_Host_Library/Core/Src/usbh_ctlreq.c **** #endif
 917:Middlewares/ST/STM32_USB_Host_Library/Core/Src/usbh_ctlreq.c ****       }
 918:Middlewares/ST/STM32_USB_Host_Library/Core/Src/usbh_ctlreq.c **** 
 919:Middlewares/ST/STM32_USB_Host_Library/Core/Src/usbh_ctlreq.c ****       /* handle error cases */
 920:Middlewares/ST/STM32_USB_Host_Library/Core/Src/usbh_ctlreq.c ****       else if (URB_Status == USBH_URB_STALL)
 921:Middlewares/ST/STM32_USB_Host_Library/Core/Src/usbh_ctlreq.c ****       {
 922:Middlewares/ST/STM32_USB_Host_Library/Core/Src/usbh_ctlreq.c ****         /* In stall case, return to previous machine state*/
 923:Middlewares/ST/STM32_USB_Host_Library/Core/Src/usbh_ctlreq.c ****         phost->Control.state = CTRL_STALLED;
 924:Middlewares/ST/STM32_USB_Host_Library/Core/Src/usbh_ctlreq.c ****         status = USBH_NOT_SUPPORTED;
 925:Middlewares/ST/STM32_USB_Host_Library/Core/Src/usbh_ctlreq.c **** 
 926:Middlewares/ST/STM32_USB_Host_Library/Core/Src/usbh_ctlreq.c **** #if (USBH_USE_OS == 1U)
 927:Middlewares/ST/STM32_USB_Host_Library/Core/Src/usbh_ctlreq.c ****         phost->os_msg = (uint32_t)USBH_CONTROL_EVENT;
 928:Middlewares/ST/STM32_USB_Host_Library/Core/Src/usbh_ctlreq.c **** #if (osCMSIS < 0x20000U)
 929:Middlewares/ST/STM32_USB_Host_Library/Core/Src/usbh_ctlreq.c ****         (void)osMessagePut(phost->os_event, phost->os_msg, 0U);
 930:Middlewares/ST/STM32_USB_Host_Library/Core/Src/usbh_ctlreq.c **** #else
 931:Middlewares/ST/STM32_USB_Host_Library/Core/Src/usbh_ctlreq.c ****         (void)osMessageQueuePut(phost->os_event, &phost->os_msg, 0U, 0U);
 932:Middlewares/ST/STM32_USB_Host_Library/Core/Src/usbh_ctlreq.c **** #endif
 933:Middlewares/ST/STM32_USB_Host_Library/Core/Src/usbh_ctlreq.c **** #endif
 934:Middlewares/ST/STM32_USB_Host_Library/Core/Src/usbh_ctlreq.c ****       }
 935:Middlewares/ST/STM32_USB_Host_Library/Core/Src/usbh_ctlreq.c ****       else if (URB_Status == USBH_URB_NOTREADY)
 936:Middlewares/ST/STM32_USB_Host_Library/Core/Src/usbh_ctlreq.c ****       {
 937:Middlewares/ST/STM32_USB_Host_Library/Core/Src/usbh_ctlreq.c ****         /* Nack received from device */
 938:Middlewares/ST/STM32_USB_Host_Library/Core/Src/usbh_ctlreq.c ****         phost->Control.state = CTRL_DATA_OUT;
 939:Middlewares/ST/STM32_USB_Host_Library/Core/Src/usbh_ctlreq.c **** 
 940:Middlewares/ST/STM32_USB_Host_Library/Core/Src/usbh_ctlreq.c **** #if (USBH_USE_OS == 1U)
 941:Middlewares/ST/STM32_USB_Host_Library/Core/Src/usbh_ctlreq.c ****         phost->os_msg = (uint32_t)USBH_CONTROL_EVENT;
 942:Middlewares/ST/STM32_USB_Host_Library/Core/Src/usbh_ctlreq.c **** #if (osCMSIS < 0x20000U)
 943:Middlewares/ST/STM32_USB_Host_Library/Core/Src/usbh_ctlreq.c ****         (void)osMessagePut(phost->os_event, phost->os_msg, 0U);
ARM GAS  /tmp/ccoUEE4u.s 			page 27


 944:Middlewares/ST/STM32_USB_Host_Library/Core/Src/usbh_ctlreq.c **** #else
 945:Middlewares/ST/STM32_USB_Host_Library/Core/Src/usbh_ctlreq.c ****         (void)osMessageQueuePut(phost->os_event, &phost->os_msg, 0U, 0U);
 946:Middlewares/ST/STM32_USB_Host_Library/Core/Src/usbh_ctlreq.c **** #endif
 947:Middlewares/ST/STM32_USB_Host_Library/Core/Src/usbh_ctlreq.c **** #endif
 948:Middlewares/ST/STM32_USB_Host_Library/Core/Src/usbh_ctlreq.c ****       }
 949:Middlewares/ST/STM32_USB_Host_Library/Core/Src/usbh_ctlreq.c ****       else
 950:Middlewares/ST/STM32_USB_Host_Library/Core/Src/usbh_ctlreq.c ****       {
 951:Middlewares/ST/STM32_USB_Host_Library/Core/Src/usbh_ctlreq.c ****         if (URB_Status == USBH_URB_ERROR)
 952:Middlewares/ST/STM32_USB_Host_Library/Core/Src/usbh_ctlreq.c ****         {
 953:Middlewares/ST/STM32_USB_Host_Library/Core/Src/usbh_ctlreq.c ****           /* device error */
 954:Middlewares/ST/STM32_USB_Host_Library/Core/Src/usbh_ctlreq.c ****           phost->Control.state = CTRL_ERROR;
 955:Middlewares/ST/STM32_USB_Host_Library/Core/Src/usbh_ctlreq.c ****           status = USBH_FAIL;
 956:Middlewares/ST/STM32_USB_Host_Library/Core/Src/usbh_ctlreq.c **** 
 957:Middlewares/ST/STM32_USB_Host_Library/Core/Src/usbh_ctlreq.c **** #if (USBH_USE_OS == 1U)
 958:Middlewares/ST/STM32_USB_Host_Library/Core/Src/usbh_ctlreq.c ****           phost->os_msg = (uint32_t)USBH_CONTROL_EVENT;
 959:Middlewares/ST/STM32_USB_Host_Library/Core/Src/usbh_ctlreq.c **** #if (osCMSIS < 0x20000U)
 960:Middlewares/ST/STM32_USB_Host_Library/Core/Src/usbh_ctlreq.c ****           (void)osMessagePut(phost->os_event, phost->os_msg, 0U);
 961:Middlewares/ST/STM32_USB_Host_Library/Core/Src/usbh_ctlreq.c **** #else
 962:Middlewares/ST/STM32_USB_Host_Library/Core/Src/usbh_ctlreq.c ****           (void)osMessageQueuePut(phost->os_event, &phost->os_msg, 0U, 0U);
 963:Middlewares/ST/STM32_USB_Host_Library/Core/Src/usbh_ctlreq.c **** #endif
 964:Middlewares/ST/STM32_USB_Host_Library/Core/Src/usbh_ctlreq.c **** #endif
 965:Middlewares/ST/STM32_USB_Host_Library/Core/Src/usbh_ctlreq.c ****         }
 966:Middlewares/ST/STM32_USB_Host_Library/Core/Src/usbh_ctlreq.c ****       }
 967:Middlewares/ST/STM32_USB_Host_Library/Core/Src/usbh_ctlreq.c ****       break;
 968:Middlewares/ST/STM32_USB_Host_Library/Core/Src/usbh_ctlreq.c **** 
 969:Middlewares/ST/STM32_USB_Host_Library/Core/Src/usbh_ctlreq.c ****     case CTRL_STATUS_IN:
 970:Middlewares/ST/STM32_USB_Host_Library/Core/Src/usbh_ctlreq.c ****       /* Send 0 bytes out packet */
 971:Middlewares/ST/STM32_USB_Host_Library/Core/Src/usbh_ctlreq.c ****       (void)USBH_CtlReceiveData(phost, NULL, 0U, phost->Control.pipe_in);
 972:Middlewares/ST/STM32_USB_Host_Library/Core/Src/usbh_ctlreq.c **** 
 973:Middlewares/ST/STM32_USB_Host_Library/Core/Src/usbh_ctlreq.c ****       phost->Control.timer = (uint16_t)phost->Timer;
 974:Middlewares/ST/STM32_USB_Host_Library/Core/Src/usbh_ctlreq.c ****       phost->Control.state = CTRL_STATUS_IN_WAIT;
 975:Middlewares/ST/STM32_USB_Host_Library/Core/Src/usbh_ctlreq.c **** 
 976:Middlewares/ST/STM32_USB_Host_Library/Core/Src/usbh_ctlreq.c ****       break;
 977:Middlewares/ST/STM32_USB_Host_Library/Core/Src/usbh_ctlreq.c **** 
 978:Middlewares/ST/STM32_USB_Host_Library/Core/Src/usbh_ctlreq.c ****     case CTRL_STATUS_IN_WAIT:
 979:Middlewares/ST/STM32_USB_Host_Library/Core/Src/usbh_ctlreq.c **** 
 980:Middlewares/ST/STM32_USB_Host_Library/Core/Src/usbh_ctlreq.c ****       URB_Status = USBH_LL_GetURBState(phost, phost->Control.pipe_in);
 981:Middlewares/ST/STM32_USB_Host_Library/Core/Src/usbh_ctlreq.c **** 
 982:Middlewares/ST/STM32_USB_Host_Library/Core/Src/usbh_ctlreq.c ****       if (URB_Status == USBH_URB_DONE)
 983:Middlewares/ST/STM32_USB_Host_Library/Core/Src/usbh_ctlreq.c ****       {
 984:Middlewares/ST/STM32_USB_Host_Library/Core/Src/usbh_ctlreq.c ****         /* Control transfers completed, Exit the State Machine */
 985:Middlewares/ST/STM32_USB_Host_Library/Core/Src/usbh_ctlreq.c ****         phost->Control.state = CTRL_COMPLETE;
 986:Middlewares/ST/STM32_USB_Host_Library/Core/Src/usbh_ctlreq.c ****         status = USBH_OK;
 987:Middlewares/ST/STM32_USB_Host_Library/Core/Src/usbh_ctlreq.c **** 
 988:Middlewares/ST/STM32_USB_Host_Library/Core/Src/usbh_ctlreq.c **** #if (USBH_USE_OS == 1U)
 989:Middlewares/ST/STM32_USB_Host_Library/Core/Src/usbh_ctlreq.c ****         phost->os_msg = (uint32_t)USBH_CONTROL_EVENT;
 990:Middlewares/ST/STM32_USB_Host_Library/Core/Src/usbh_ctlreq.c **** #if (osCMSIS < 0x20000U)
 991:Middlewares/ST/STM32_USB_Host_Library/Core/Src/usbh_ctlreq.c ****         (void)osMessagePut(phost->os_event, phost->os_msg, 0U);
 992:Middlewares/ST/STM32_USB_Host_Library/Core/Src/usbh_ctlreq.c **** #else
 993:Middlewares/ST/STM32_USB_Host_Library/Core/Src/usbh_ctlreq.c ****         (void)osMessageQueuePut(phost->os_event, &phost->os_msg, 0U, 0U);
 994:Middlewares/ST/STM32_USB_Host_Library/Core/Src/usbh_ctlreq.c **** #endif
 995:Middlewares/ST/STM32_USB_Host_Library/Core/Src/usbh_ctlreq.c **** #endif
 996:Middlewares/ST/STM32_USB_Host_Library/Core/Src/usbh_ctlreq.c ****       }
 997:Middlewares/ST/STM32_USB_Host_Library/Core/Src/usbh_ctlreq.c ****       else if (URB_Status == USBH_URB_ERROR)
 998:Middlewares/ST/STM32_USB_Host_Library/Core/Src/usbh_ctlreq.c ****       {
 999:Middlewares/ST/STM32_USB_Host_Library/Core/Src/usbh_ctlreq.c ****         phost->Control.state = CTRL_ERROR;
1000:Middlewares/ST/STM32_USB_Host_Library/Core/Src/usbh_ctlreq.c **** 
ARM GAS  /tmp/ccoUEE4u.s 			page 28


1001:Middlewares/ST/STM32_USB_Host_Library/Core/Src/usbh_ctlreq.c **** #if (USBH_USE_OS == 1U)
1002:Middlewares/ST/STM32_USB_Host_Library/Core/Src/usbh_ctlreq.c ****         phost->os_msg = (uint32_t)USBH_CONTROL_EVENT;
1003:Middlewares/ST/STM32_USB_Host_Library/Core/Src/usbh_ctlreq.c **** #if (osCMSIS < 0x20000U)
1004:Middlewares/ST/STM32_USB_Host_Library/Core/Src/usbh_ctlreq.c ****         (void)osMessagePut(phost->os_event, phost->os_msg, 0U);
1005:Middlewares/ST/STM32_USB_Host_Library/Core/Src/usbh_ctlreq.c **** #else
1006:Middlewares/ST/STM32_USB_Host_Library/Core/Src/usbh_ctlreq.c ****         (void)osMessageQueuePut(phost->os_event, &phost->os_msg, 0U, 0U);
1007:Middlewares/ST/STM32_USB_Host_Library/Core/Src/usbh_ctlreq.c **** #endif
1008:Middlewares/ST/STM32_USB_Host_Library/Core/Src/usbh_ctlreq.c **** #endif
1009:Middlewares/ST/STM32_USB_Host_Library/Core/Src/usbh_ctlreq.c ****       }
1010:Middlewares/ST/STM32_USB_Host_Library/Core/Src/usbh_ctlreq.c ****       else
1011:Middlewares/ST/STM32_USB_Host_Library/Core/Src/usbh_ctlreq.c ****       {
1012:Middlewares/ST/STM32_USB_Host_Library/Core/Src/usbh_ctlreq.c ****         if (URB_Status == USBH_URB_STALL)
1013:Middlewares/ST/STM32_USB_Host_Library/Core/Src/usbh_ctlreq.c ****         {
1014:Middlewares/ST/STM32_USB_Host_Library/Core/Src/usbh_ctlreq.c ****           /* Control transfers completed, Exit the State Machine */
1015:Middlewares/ST/STM32_USB_Host_Library/Core/Src/usbh_ctlreq.c ****           status = USBH_NOT_SUPPORTED;
1016:Middlewares/ST/STM32_USB_Host_Library/Core/Src/usbh_ctlreq.c **** 
1017:Middlewares/ST/STM32_USB_Host_Library/Core/Src/usbh_ctlreq.c **** #if (USBH_USE_OS == 1U)
1018:Middlewares/ST/STM32_USB_Host_Library/Core/Src/usbh_ctlreq.c ****           phost->os_msg = (uint32_t)USBH_CONTROL_EVENT;
1019:Middlewares/ST/STM32_USB_Host_Library/Core/Src/usbh_ctlreq.c **** #if (osCMSIS < 0x20000U)
1020:Middlewares/ST/STM32_USB_Host_Library/Core/Src/usbh_ctlreq.c ****           (void)osMessagePut(phost->os_event, phost->os_msg, 0U);
1021:Middlewares/ST/STM32_USB_Host_Library/Core/Src/usbh_ctlreq.c **** #else
1022:Middlewares/ST/STM32_USB_Host_Library/Core/Src/usbh_ctlreq.c ****           (void)osMessageQueuePut(phost->os_event, &phost->os_msg, 0U, 0U);
1023:Middlewares/ST/STM32_USB_Host_Library/Core/Src/usbh_ctlreq.c **** #endif
1024:Middlewares/ST/STM32_USB_Host_Library/Core/Src/usbh_ctlreq.c **** #endif
1025:Middlewares/ST/STM32_USB_Host_Library/Core/Src/usbh_ctlreq.c ****         }
1026:Middlewares/ST/STM32_USB_Host_Library/Core/Src/usbh_ctlreq.c ****       }
1027:Middlewares/ST/STM32_USB_Host_Library/Core/Src/usbh_ctlreq.c ****       break;
1028:Middlewares/ST/STM32_USB_Host_Library/Core/Src/usbh_ctlreq.c **** 
1029:Middlewares/ST/STM32_USB_Host_Library/Core/Src/usbh_ctlreq.c ****     case CTRL_STATUS_OUT:
1030:Middlewares/ST/STM32_USB_Host_Library/Core/Src/usbh_ctlreq.c ****       (void)USBH_CtlSendData(phost, NULL, 0U, phost->Control.pipe_out, 1U);
1031:Middlewares/ST/STM32_USB_Host_Library/Core/Src/usbh_ctlreq.c **** 
1032:Middlewares/ST/STM32_USB_Host_Library/Core/Src/usbh_ctlreq.c ****       phost->Control.timer = (uint16_t)phost->Timer;
1033:Middlewares/ST/STM32_USB_Host_Library/Core/Src/usbh_ctlreq.c ****       phost->Control.state = CTRL_STATUS_OUT_WAIT;
1034:Middlewares/ST/STM32_USB_Host_Library/Core/Src/usbh_ctlreq.c ****       break;
1035:Middlewares/ST/STM32_USB_Host_Library/Core/Src/usbh_ctlreq.c **** 
1036:Middlewares/ST/STM32_USB_Host_Library/Core/Src/usbh_ctlreq.c ****     case CTRL_STATUS_OUT_WAIT:
1037:Middlewares/ST/STM32_USB_Host_Library/Core/Src/usbh_ctlreq.c ****       URB_Status = USBH_LL_GetURBState(phost, phost->Control.pipe_out);
1038:Middlewares/ST/STM32_USB_Host_Library/Core/Src/usbh_ctlreq.c ****       if (URB_Status == USBH_URB_DONE)
1039:Middlewares/ST/STM32_USB_Host_Library/Core/Src/usbh_ctlreq.c ****       {
1040:Middlewares/ST/STM32_USB_Host_Library/Core/Src/usbh_ctlreq.c ****         status = USBH_OK;
1041:Middlewares/ST/STM32_USB_Host_Library/Core/Src/usbh_ctlreq.c ****         phost->Control.state = CTRL_COMPLETE;
1042:Middlewares/ST/STM32_USB_Host_Library/Core/Src/usbh_ctlreq.c **** 
1043:Middlewares/ST/STM32_USB_Host_Library/Core/Src/usbh_ctlreq.c **** #if (USBH_USE_OS == 1U)
1044:Middlewares/ST/STM32_USB_Host_Library/Core/Src/usbh_ctlreq.c ****         phost->os_msg = (uint32_t)USBH_CONTROL_EVENT;
1045:Middlewares/ST/STM32_USB_Host_Library/Core/Src/usbh_ctlreq.c **** #if (osCMSIS < 0x20000U)
1046:Middlewares/ST/STM32_USB_Host_Library/Core/Src/usbh_ctlreq.c ****         (void)osMessagePut(phost->os_event, phost->os_msg, 0U);
1047:Middlewares/ST/STM32_USB_Host_Library/Core/Src/usbh_ctlreq.c **** #else
1048:Middlewares/ST/STM32_USB_Host_Library/Core/Src/usbh_ctlreq.c ****         (void)osMessageQueuePut(phost->os_event, &phost->os_msg, 0U, 0U);
1049:Middlewares/ST/STM32_USB_Host_Library/Core/Src/usbh_ctlreq.c **** #endif
1050:Middlewares/ST/STM32_USB_Host_Library/Core/Src/usbh_ctlreq.c **** #endif
1051:Middlewares/ST/STM32_USB_Host_Library/Core/Src/usbh_ctlreq.c ****       }
1052:Middlewares/ST/STM32_USB_Host_Library/Core/Src/usbh_ctlreq.c ****       else if (URB_Status == USBH_URB_NOTREADY)
1053:Middlewares/ST/STM32_USB_Host_Library/Core/Src/usbh_ctlreq.c ****       {
1054:Middlewares/ST/STM32_USB_Host_Library/Core/Src/usbh_ctlreq.c ****         phost->Control.state = CTRL_STATUS_OUT;
1055:Middlewares/ST/STM32_USB_Host_Library/Core/Src/usbh_ctlreq.c **** 
1056:Middlewares/ST/STM32_USB_Host_Library/Core/Src/usbh_ctlreq.c **** #if (USBH_USE_OS == 1U)
1057:Middlewares/ST/STM32_USB_Host_Library/Core/Src/usbh_ctlreq.c ****         phost->os_msg = (uint32_t)USBH_CONTROL_EVENT;
ARM GAS  /tmp/ccoUEE4u.s 			page 29


1058:Middlewares/ST/STM32_USB_Host_Library/Core/Src/usbh_ctlreq.c **** #if (osCMSIS < 0x20000U)
1059:Middlewares/ST/STM32_USB_Host_Library/Core/Src/usbh_ctlreq.c ****         (void)osMessagePut(phost->os_event, phost->os_msg, 0U);
1060:Middlewares/ST/STM32_USB_Host_Library/Core/Src/usbh_ctlreq.c **** #else
1061:Middlewares/ST/STM32_USB_Host_Library/Core/Src/usbh_ctlreq.c ****         (void)osMessageQueuePut(phost->os_event, &phost->os_msg, 0U, 0U);
1062:Middlewares/ST/STM32_USB_Host_Library/Core/Src/usbh_ctlreq.c **** #endif
1063:Middlewares/ST/STM32_USB_Host_Library/Core/Src/usbh_ctlreq.c **** #endif
1064:Middlewares/ST/STM32_USB_Host_Library/Core/Src/usbh_ctlreq.c ****       }
1065:Middlewares/ST/STM32_USB_Host_Library/Core/Src/usbh_ctlreq.c ****       else
1066:Middlewares/ST/STM32_USB_Host_Library/Core/Src/usbh_ctlreq.c ****       {
1067:Middlewares/ST/STM32_USB_Host_Library/Core/Src/usbh_ctlreq.c ****         if (URB_Status == USBH_URB_ERROR)
1068:Middlewares/ST/STM32_USB_Host_Library/Core/Src/usbh_ctlreq.c ****         {
1069:Middlewares/ST/STM32_USB_Host_Library/Core/Src/usbh_ctlreq.c ****           phost->Control.state = CTRL_ERROR;
1070:Middlewares/ST/STM32_USB_Host_Library/Core/Src/usbh_ctlreq.c **** 
1071:Middlewares/ST/STM32_USB_Host_Library/Core/Src/usbh_ctlreq.c **** #if (USBH_USE_OS == 1U)
1072:Middlewares/ST/STM32_USB_Host_Library/Core/Src/usbh_ctlreq.c ****           phost->os_msg = (uint32_t)USBH_CONTROL_EVENT;
1073:Middlewares/ST/STM32_USB_Host_Library/Core/Src/usbh_ctlreq.c **** #if (osCMSIS < 0x20000U)
1074:Middlewares/ST/STM32_USB_Host_Library/Core/Src/usbh_ctlreq.c ****           (void)osMessagePut(phost->os_event, phost->os_msg, 0U);
1075:Middlewares/ST/STM32_USB_Host_Library/Core/Src/usbh_ctlreq.c **** #else
1076:Middlewares/ST/STM32_USB_Host_Library/Core/Src/usbh_ctlreq.c ****           (void)osMessageQueuePut(phost->os_event, &phost->os_msg, 0U, 0U);
1077:Middlewares/ST/STM32_USB_Host_Library/Core/Src/usbh_ctlreq.c **** #endif
1078:Middlewares/ST/STM32_USB_Host_Library/Core/Src/usbh_ctlreq.c **** #endif
1079:Middlewares/ST/STM32_USB_Host_Library/Core/Src/usbh_ctlreq.c ****         }
1080:Middlewares/ST/STM32_USB_Host_Library/Core/Src/usbh_ctlreq.c ****       }
1081:Middlewares/ST/STM32_USB_Host_Library/Core/Src/usbh_ctlreq.c ****       break;
1082:Middlewares/ST/STM32_USB_Host_Library/Core/Src/usbh_ctlreq.c **** 
1083:Middlewares/ST/STM32_USB_Host_Library/Core/Src/usbh_ctlreq.c ****     case CTRL_ERROR:
1084:Middlewares/ST/STM32_USB_Host_Library/Core/Src/usbh_ctlreq.c ****       /*
1085:Middlewares/ST/STM32_USB_Host_Library/Core/Src/usbh_ctlreq.c ****       After a halt condition is encountered or an error is detected by the
1086:Middlewares/ST/STM32_USB_Host_Library/Core/Src/usbh_ctlreq.c ****       host, a control endpoint is allowed to recover by accepting the next Setup
1087:Middlewares/ST/STM32_USB_Host_Library/Core/Src/usbh_ctlreq.c ****       PID; i.e., recovery actions via some other pipe are not required for control
1088:Middlewares/ST/STM32_USB_Host_Library/Core/Src/usbh_ctlreq.c ****       endpoints. For the Default Control Pipe, a device reset will ultimately be
1089:Middlewares/ST/STM32_USB_Host_Library/Core/Src/usbh_ctlreq.c ****       required to clear the halt or error condition if the next Setup PID is not
1090:Middlewares/ST/STM32_USB_Host_Library/Core/Src/usbh_ctlreq.c ****       accepted.
1091:Middlewares/ST/STM32_USB_Host_Library/Core/Src/usbh_ctlreq.c ****       */
1092:Middlewares/ST/STM32_USB_Host_Library/Core/Src/usbh_ctlreq.c ****       if (++phost->Control.errorcount <= USBH_MAX_ERROR_COUNT)
1093:Middlewares/ST/STM32_USB_Host_Library/Core/Src/usbh_ctlreq.c ****       {
1094:Middlewares/ST/STM32_USB_Host_Library/Core/Src/usbh_ctlreq.c ****         /* Do the transmission again, starting from SETUP Packet */
1095:Middlewares/ST/STM32_USB_Host_Library/Core/Src/usbh_ctlreq.c ****         phost->Control.state = CTRL_SETUP;
1096:Middlewares/ST/STM32_USB_Host_Library/Core/Src/usbh_ctlreq.c ****         phost->RequestState = CMD_SEND;
1097:Middlewares/ST/STM32_USB_Host_Library/Core/Src/usbh_ctlreq.c ****       }
1098:Middlewares/ST/STM32_USB_Host_Library/Core/Src/usbh_ctlreq.c ****       else
1099:Middlewares/ST/STM32_USB_Host_Library/Core/Src/usbh_ctlreq.c ****       {
1100:Middlewares/ST/STM32_USB_Host_Library/Core/Src/usbh_ctlreq.c ****         phost->pUser(phost, HOST_USER_UNRECOVERED_ERROR);
1101:Middlewares/ST/STM32_USB_Host_Library/Core/Src/usbh_ctlreq.c ****         phost->Control.errorcount = 0U;
1102:Middlewares/ST/STM32_USB_Host_Library/Core/Src/usbh_ctlreq.c ****         USBH_ErrLog("Control error: Device not responding");
1103:Middlewares/ST/STM32_USB_Host_Library/Core/Src/usbh_ctlreq.c **** 
1104:Middlewares/ST/STM32_USB_Host_Library/Core/Src/usbh_ctlreq.c ****         /* Free control pipes */
1105:Middlewares/ST/STM32_USB_Host_Library/Core/Src/usbh_ctlreq.c ****         (void)USBH_FreePipe(phost, phost->Control.pipe_out);
1106:Middlewares/ST/STM32_USB_Host_Library/Core/Src/usbh_ctlreq.c ****         (void)USBH_FreePipe(phost, phost->Control.pipe_in);
1107:Middlewares/ST/STM32_USB_Host_Library/Core/Src/usbh_ctlreq.c **** 
1108:Middlewares/ST/STM32_USB_Host_Library/Core/Src/usbh_ctlreq.c ****         phost->gState = HOST_IDLE;
1109:Middlewares/ST/STM32_USB_Host_Library/Core/Src/usbh_ctlreq.c ****         status = USBH_FAIL;
1110:Middlewares/ST/STM32_USB_Host_Library/Core/Src/usbh_ctlreq.c ****       }
1111:Middlewares/ST/STM32_USB_Host_Library/Core/Src/usbh_ctlreq.c ****       break;
1112:Middlewares/ST/STM32_USB_Host_Library/Core/Src/usbh_ctlreq.c **** 
1113:Middlewares/ST/STM32_USB_Host_Library/Core/Src/usbh_ctlreq.c ****     default:
1114:Middlewares/ST/STM32_USB_Host_Library/Core/Src/usbh_ctlreq.c ****       break;
ARM GAS  /tmp/ccoUEE4u.s 			page 30


1115:Middlewares/ST/STM32_USB_Host_Library/Core/Src/usbh_ctlreq.c ****   }
1116:Middlewares/ST/STM32_USB_Host_Library/Core/Src/usbh_ctlreq.c **** 
1117:Middlewares/ST/STM32_USB_Host_Library/Core/Src/usbh_ctlreq.c ****   return status;
 509              		.loc 1 1117 3 view .LVU165
1118:Middlewares/ST/STM32_USB_Host_Library/Core/Src/usbh_ctlreq.c **** }
 510              		.loc 1 1118 1 is_stmt 0 view .LVU166
 511 002e 2846     		mov	r0, r5
 512 0030 03B0     		add	sp, sp, #12
 513              	.LCFI5:
 514              		.cfi_remember_state
 515              		.cfi_def_cfa_offset 12
 516              		@ sp needed
 517 0032 30BD     		pop	{r4, r5, pc}
 518              	.LVL31:
 519              	.L41:
 520              	.LCFI6:
 521              		.cfi_restore_state
 766:Middlewares/ST/STM32_USB_Host_Library/Core/Src/usbh_ctlreq.c ****       /* case SETUP packet sent successfully */
 522              		.loc 1 766 7 is_stmt 1 view .LVU167
 766:Middlewares/ST/STM32_USB_Host_Library/Core/Src/usbh_ctlreq.c ****       /* case SETUP packet sent successfully */
 523              		.loc 1 766 20 is_stmt 0 view .LVU168
 524 0034 4179     		ldrb	r1, [r0, #5]	@ zero_extendqisi2
 525 0036 FFF7FEFF 		bl	USBH_LL_GetURBState
 526              	.LVL32:
 766:Middlewares/ST/STM32_USB_Host_Library/Core/Src/usbh_ctlreq.c ****       /* case SETUP packet sent successfully */
 527              		.loc 1 766 20 view .LVU169
 528 003a 0546     		mov	r5, r0
 529              	.LVL33:
 768:Middlewares/ST/STM32_USB_Host_Library/Core/Src/usbh_ctlreq.c ****       {
 530              		.loc 1 768 7 is_stmt 1 view .LVU170
 768:Middlewares/ST/STM32_USB_Host_Library/Core/Src/usbh_ctlreq.c ****       {
 531              		.loc 1 768 10 is_stmt 0 view .LVU171
 532 003c 0128     		cmp	r0, #1
 533 003e 05D0     		beq	.L68
 813:Middlewares/ST/STM32_USB_Host_Library/Core/Src/usbh_ctlreq.c ****         {
 534              		.loc 1 813 9 is_stmt 1 view .LVU172
 813:Middlewares/ST/STM32_USB_Host_Library/Core/Src/usbh_ctlreq.c ****         {
 535              		.loc 1 813 12 is_stmt 0 view .LVU173
 536 0040 0428     		cmp	r0, #4
 537 0042 18D0     		beq	.L47
 813:Middlewares/ST/STM32_USB_Host_Library/Core/Src/usbh_ctlreq.c ****         {
 538              		.loc 1 813 44 discriminator 1 view .LVU174
 539 0044 0228     		cmp	r0, #2
 540 0046 16D0     		beq	.L47
 751:Middlewares/ST/STM32_USB_Host_Library/Core/Src/usbh_ctlreq.c ****   USBH_URBStateTypeDef URB_Status = USBH_URB_IDLE;
 541              		.loc 1 751 22 view .LVU175
 542 0048 0125     		movs	r5, #1
 543 004a F0E7     		b	.L30
 544              	.L68:
 770:Middlewares/ST/STM32_USB_Host_Library/Core/Src/usbh_ctlreq.c **** 
 545              		.loc 1 770 9 is_stmt 1 view .LVU176
 770:Middlewares/ST/STM32_USB_Host_Library/Core/Src/usbh_ctlreq.c **** 
 546              		.loc 1 770 44 is_stmt 0 view .LVU177
 547 004c 237C     		ldrb	r3, [r4, #16]	@ zero_extendqisi2
 548              	.LVL34:
 773:Middlewares/ST/STM32_USB_Host_Library/Core/Src/usbh_ctlreq.c ****         {
 549              		.loc 1 773 9 is_stmt 1 view .LVU178
ARM GAS  /tmp/ccoUEE4u.s 			page 31


 773:Middlewares/ST/STM32_USB_Host_Library/Core/Src/usbh_ctlreq.c ****         {
 550              		.loc 1 773 43 is_stmt 0 view .LVU179
 551 004e E28A     		ldrh	r2, [r4, #22]
 773:Middlewares/ST/STM32_USB_Host_Library/Core/Src/usbh_ctlreq.c ****         {
 552              		.loc 1 773 12 view .LVU180
 553 0050 42B1     		cbz	r2, .L44
 775:Middlewares/ST/STM32_USB_Host_Library/Core/Src/usbh_ctlreq.c ****           {
 554              		.loc 1 775 11 is_stmt 1 view .LVU181
 775:Middlewares/ST/STM32_USB_Host_Library/Core/Src/usbh_ctlreq.c ****           {
 555              		.loc 1 775 14 is_stmt 0 view .LVU182
 556 0052 13F0800F 		tst	r3, #128
 557 0056 02D1     		bne	.L69
 783:Middlewares/ST/STM32_USB_Host_Library/Core/Src/usbh_ctlreq.c ****           }
 558              		.loc 1 783 13 is_stmt 1 view .LVU183
 783:Middlewares/ST/STM32_USB_Host_Library/Core/Src/usbh_ctlreq.c ****           }
 559              		.loc 1 783 34 is_stmt 0 view .LVU184
 560 0058 0523     		movs	r3, #5
 561              	.LVL35:
 783:Middlewares/ST/STM32_USB_Host_Library/Core/Src/usbh_ctlreq.c ****           }
 562              		.loc 1 783 34 view .LVU185
 563 005a 2376     		strb	r3, [r4, #24]
 564 005c E7E7     		b	.L30
 565              	.LVL36:
 566              	.L69:
 778:Middlewares/ST/STM32_USB_Host_Library/Core/Src/usbh_ctlreq.c ****           }
 567              		.loc 1 778 13 is_stmt 1 view .LVU186
 778:Middlewares/ST/STM32_USB_Host_Library/Core/Src/usbh_ctlreq.c ****           }
 568              		.loc 1 778 34 is_stmt 0 view .LVU187
 569 005e 0323     		movs	r3, #3
 570              	.LVL37:
 778:Middlewares/ST/STM32_USB_Host_Library/Core/Src/usbh_ctlreq.c ****           }
 571              		.loc 1 778 34 view .LVU188
 572 0060 2376     		strb	r3, [r4, #24]
 573 0062 E4E7     		b	.L30
 574              	.LVL38:
 575              	.L44:
 790:Middlewares/ST/STM32_USB_Host_Library/Core/Src/usbh_ctlreq.c ****           {
 576              		.loc 1 790 11 is_stmt 1 view .LVU189
 790:Middlewares/ST/STM32_USB_Host_Library/Core/Src/usbh_ctlreq.c ****           {
 577              		.loc 1 790 14 is_stmt 0 view .LVU190
 578 0064 13F0800F 		tst	r3, #128
 579 0068 02D1     		bne	.L70
 798:Middlewares/ST/STM32_USB_Host_Library/Core/Src/usbh_ctlreq.c ****           }
 580              		.loc 1 798 13 is_stmt 1 view .LVU191
 798:Middlewares/ST/STM32_USB_Host_Library/Core/Src/usbh_ctlreq.c ****           }
 581              		.loc 1 798 34 is_stmt 0 view .LVU192
 582 006a 0723     		movs	r3, #7
 583              	.LVL39:
 798:Middlewares/ST/STM32_USB_Host_Library/Core/Src/usbh_ctlreq.c ****           }
 584              		.loc 1 798 34 view .LVU193
 585 006c 2376     		strb	r3, [r4, #24]
 586 006e DEE7     		b	.L30
 587              	.LVL40:
 588              	.L70:
 793:Middlewares/ST/STM32_USB_Host_Library/Core/Src/usbh_ctlreq.c ****           }
 589              		.loc 1 793 13 is_stmt 1 view .LVU194
 793:Middlewares/ST/STM32_USB_Host_Library/Core/Src/usbh_ctlreq.c ****           }
ARM GAS  /tmp/ccoUEE4u.s 			page 32


 590              		.loc 1 793 34 is_stmt 0 view .LVU195
 591 0070 0923     		movs	r3, #9
 592              	.LVL41:
 793:Middlewares/ST/STM32_USB_Host_Library/Core/Src/usbh_ctlreq.c ****           }
 593              		.loc 1 793 34 view .LVU196
 594 0072 2376     		strb	r3, [r4, #24]
 595 0074 DBE7     		b	.L30
 596              	.LVL42:
 597              	.L47:
 815:Middlewares/ST/STM32_USB_Host_Library/Core/Src/usbh_ctlreq.c **** 
 598              		.loc 1 815 11 is_stmt 1 view .LVU197
 815:Middlewares/ST/STM32_USB_Host_Library/Core/Src/usbh_ctlreq.c **** 
 599              		.loc 1 815 32 is_stmt 0 view .LVU198
 600 0076 0B23     		movs	r3, #11
 601 0078 2376     		strb	r3, [r4, #24]
 751:Middlewares/ST/STM32_USB_Host_Library/Core/Src/usbh_ctlreq.c ****   USBH_URBStateTypeDef URB_Status = USBH_URB_IDLE;
 602              		.loc 1 751 22 view .LVU199
 603 007a 0125     		movs	r5, #1
 604 007c D7E7     		b	.L30
 605              	.LVL43:
 606              	.L40:
 831:Middlewares/ST/STM32_USB_Host_Library/Core/Src/usbh_ctlreq.c ****       (void)USBH_CtlReceiveData(phost, phost->Control.buff,
 607              		.loc 1 831 7 is_stmt 1 view .LVU200
 831:Middlewares/ST/STM32_USB_Host_Library/Core/Src/usbh_ctlreq.c ****       (void)USBH_CtlReceiveData(phost, phost->Control.buff,
 608              		.loc 1 831 45 is_stmt 0 view .LVU201
 609 007e D0F8C433 		ldr	r3, [r0, #964]
 831:Middlewares/ST/STM32_USB_Host_Library/Core/Src/usbh_ctlreq.c ****       (void)USBH_CtlReceiveData(phost, phost->Control.buff,
 610              		.loc 1 831 28 view .LVU202
 611 0082 C381     		strh	r3, [r0, #14]	@ movhi
 832:Middlewares/ST/STM32_USB_Host_Library/Core/Src/usbh_ctlreq.c ****                                 phost->Control.length, phost->Control.pipe_in);
 612              		.loc 1 832 7 is_stmt 1 view .LVU203
 832:Middlewares/ST/STM32_USB_Host_Library/Core/Src/usbh_ctlreq.c ****                                 phost->Control.length, phost->Control.pipe_in);
 613              		.loc 1 832 13 is_stmt 0 view .LVU204
 614 0084 0379     		ldrb	r3, [r0, #4]	@ zero_extendqisi2
 615 0086 8289     		ldrh	r2, [r0, #12]
 616 0088 8168     		ldr	r1, [r0, #8]
 617 008a FFF7FEFF 		bl	USBH_CtlReceiveData
 618              	.LVL44:
 835:Middlewares/ST/STM32_USB_Host_Library/Core/Src/usbh_ctlreq.c ****       break;
 619              		.loc 1 835 7 is_stmt 1 view .LVU205
 835:Middlewares/ST/STM32_USB_Host_Library/Core/Src/usbh_ctlreq.c ****       break;
 620              		.loc 1 835 28 is_stmt 0 view .LVU206
 621 008e 0423     		movs	r3, #4
 622 0090 2376     		strb	r3, [r4, #24]
 836:Middlewares/ST/STM32_USB_Host_Library/Core/Src/usbh_ctlreq.c **** 
 623              		.loc 1 836 7 is_stmt 1 view .LVU207
 751:Middlewares/ST/STM32_USB_Host_Library/Core/Src/usbh_ctlreq.c ****   USBH_URBStateTypeDef URB_Status = USBH_URB_IDLE;
 624              		.loc 1 751 22 is_stmt 0 view .LVU208
 625 0092 0125     		movs	r5, #1
 836:Middlewares/ST/STM32_USB_Host_Library/Core/Src/usbh_ctlreq.c **** 
 626              		.loc 1 836 7 view .LVU209
 627 0094 CBE7     		b	.L30
 628              	.LVL45:
 629              	.L39:
 840:Middlewares/ST/STM32_USB_Host_Library/Core/Src/usbh_ctlreq.c **** 
 630              		.loc 1 840 7 is_stmt 1 view .LVU210
 840:Middlewares/ST/STM32_USB_Host_Library/Core/Src/usbh_ctlreq.c **** 
ARM GAS  /tmp/ccoUEE4u.s 			page 33


 631              		.loc 1 840 20 is_stmt 0 view .LVU211
 632 0096 0179     		ldrb	r1, [r0, #4]	@ zero_extendqisi2
 633 0098 FFF7FEFF 		bl	USBH_LL_GetURBState
 634              	.LVL46:
 843:Middlewares/ST/STM32_USB_Host_Library/Core/Src/usbh_ctlreq.c ****       {
 635              		.loc 1 843 7 is_stmt 1 view .LVU212
 843:Middlewares/ST/STM32_USB_Host_Library/Core/Src/usbh_ctlreq.c ****       {
 636              		.loc 1 843 10 is_stmt 0 view .LVU213
 637 009c 0128     		cmp	r0, #1
 638 009e 06D0     		beq	.L71
 858:Middlewares/ST/STM32_USB_Host_Library/Core/Src/usbh_ctlreq.c ****       {
 639              		.loc 1 858 7 is_stmt 1 view .LVU214
 858:Middlewares/ST/STM32_USB_Host_Library/Core/Src/usbh_ctlreq.c ****       {
 640              		.loc 1 858 10 is_stmt 0 view .LVU215
 641 00a0 0528     		cmp	r0, #5
 642 00a2 00F09380 		beq	.L62
 643              	.L49:
 874:Middlewares/ST/STM32_USB_Host_Library/Core/Src/usbh_ctlreq.c ****         {
 644              		.loc 1 874 9 is_stmt 1 view .LVU216
 874:Middlewares/ST/STM32_USB_Host_Library/Core/Src/usbh_ctlreq.c ****         {
 645              		.loc 1 874 12 is_stmt 0 view .LVU217
 646 00a6 0428     		cmp	r0, #4
 647 00a8 04D0     		beq	.L72
 751:Middlewares/ST/STM32_USB_Host_Library/Core/Src/usbh_ctlreq.c ****   USBH_URBStateTypeDef URB_Status = USBH_URB_IDLE;
 648              		.loc 1 751 22 view .LVU218
 649 00aa 0125     		movs	r5, #1
 650 00ac BFE7     		b	.L30
 651              	.L71:
 845:Middlewares/ST/STM32_USB_Host_Library/Core/Src/usbh_ctlreq.c **** 
 652              		.loc 1 845 9 is_stmt 1 view .LVU219
 845:Middlewares/ST/STM32_USB_Host_Library/Core/Src/usbh_ctlreq.c **** 
 653              		.loc 1 845 30 is_stmt 0 view .LVU220
 654 00ae 0923     		movs	r3, #9
 655 00b0 2376     		strb	r3, [r4, #24]
 858:Middlewares/ST/STM32_USB_Host_Library/Core/Src/usbh_ctlreq.c ****       {
 656              		.loc 1 858 7 is_stmt 1 view .LVU221
 657 00b2 F8E7     		b	.L49
 658              	.L72:
 877:Middlewares/ST/STM32_USB_Host_Library/Core/Src/usbh_ctlreq.c **** 
 659              		.loc 1 877 11 view .LVU222
 877:Middlewares/ST/STM32_USB_Host_Library/Core/Src/usbh_ctlreq.c **** 
 660              		.loc 1 877 32 is_stmt 0 view .LVU223
 661 00b4 0B23     		movs	r3, #11
 662 00b6 2376     		strb	r3, [r4, #24]
 751:Middlewares/ST/STM32_USB_Host_Library/Core/Src/usbh_ctlreq.c ****   USBH_URBStateTypeDef URB_Status = USBH_URB_IDLE;
 663              		.loc 1 751 22 view .LVU224
 664 00b8 0125     		movs	r5, #1
 665 00ba B8E7     		b	.L30
 666              	.LVL47:
 667              	.L38:
 893:Middlewares/ST/STM32_USB_Host_Library/Core/Src/usbh_ctlreq.c ****                              phost->Control.pipe_out, 1U);
 668              		.loc 1 893 7 is_stmt 1 view .LVU225
 893:Middlewares/ST/STM32_USB_Host_Library/Core/Src/usbh_ctlreq.c ****                              phost->Control.pipe_out, 1U);
 669              		.loc 1 893 13 is_stmt 0 view .LVU226
 670 00bc 0125     		movs	r5, #1
 671 00be 0095     		str	r5, [sp]
 672 00c0 4379     		ldrb	r3, [r0, #5]	@ zero_extendqisi2
ARM GAS  /tmp/ccoUEE4u.s 			page 34


 673 00c2 8289     		ldrh	r2, [r0, #12]
 674 00c4 8168     		ldr	r1, [r0, #8]
 675 00c6 FFF7FEFF 		bl	USBH_CtlSendData
 676              	.LVL48:
 896:Middlewares/ST/STM32_USB_Host_Library/Core/Src/usbh_ctlreq.c ****       phost->Control.state = CTRL_DATA_OUT_WAIT;
 677              		.loc 1 896 7 is_stmt 1 view .LVU227
 896:Middlewares/ST/STM32_USB_Host_Library/Core/Src/usbh_ctlreq.c ****       phost->Control.state = CTRL_DATA_OUT_WAIT;
 678              		.loc 1 896 45 is_stmt 0 view .LVU228
 679 00ca D4F8C433 		ldr	r3, [r4, #964]
 896:Middlewares/ST/STM32_USB_Host_Library/Core/Src/usbh_ctlreq.c ****       phost->Control.state = CTRL_DATA_OUT_WAIT;
 680              		.loc 1 896 28 view .LVU229
 681 00ce E381     		strh	r3, [r4, #14]	@ movhi
 897:Middlewares/ST/STM32_USB_Host_Library/Core/Src/usbh_ctlreq.c ****       break;
 682              		.loc 1 897 7 is_stmt 1 view .LVU230
 897:Middlewares/ST/STM32_USB_Host_Library/Core/Src/usbh_ctlreq.c ****       break;
 683              		.loc 1 897 28 is_stmt 0 view .LVU231
 684 00d0 0623     		movs	r3, #6
 685 00d2 2376     		strb	r3, [r4, #24]
 898:Middlewares/ST/STM32_USB_Host_Library/Core/Src/usbh_ctlreq.c **** 
 686              		.loc 1 898 7 is_stmt 1 view .LVU232
 687 00d4 ABE7     		b	.L30
 688              	.LVL49:
 689              	.L37:
 902:Middlewares/ST/STM32_USB_Host_Library/Core/Src/usbh_ctlreq.c **** 
 690              		.loc 1 902 7 view .LVU233
 902:Middlewares/ST/STM32_USB_Host_Library/Core/Src/usbh_ctlreq.c **** 
 691              		.loc 1 902 20 is_stmt 0 view .LVU234
 692 00d6 4179     		ldrb	r1, [r0, #5]	@ zero_extendqisi2
 693 00d8 FFF7FEFF 		bl	USBH_LL_GetURBState
 694              	.LVL50:
 902:Middlewares/ST/STM32_USB_Host_Library/Core/Src/usbh_ctlreq.c **** 
 695              		.loc 1 902 20 view .LVU235
 696 00dc 0546     		mov	r5, r0
 697              	.LVL51:
 904:Middlewares/ST/STM32_USB_Host_Library/Core/Src/usbh_ctlreq.c ****       {
 698              		.loc 1 904 7 is_stmt 1 view .LVU236
 699 00de 431E     		subs	r3, r0, #1
 700 00e0 042B     		cmp	r3, #4
 701 00e2 75D8     		bhi	.L64
 702 00e4 DFE803F0 		tbb	[pc, r3]
 703              	.L51:
 704 00e8 03       		.byte	(.L54-.L51)/2
 705 00e9 0A       		.byte	(.L53-.L51)/2
 706 00ea 74       		.byte	(.L64-.L51)/2
 707 00eb 0E       		.byte	(.L52-.L51)/2
 708 00ec 06       		.byte	(.L50-.L51)/2
 709 00ed 00       		.p2align 1
 710              	.L54:
 907:Middlewares/ST/STM32_USB_Host_Library/Core/Src/usbh_ctlreq.c **** 
 711              		.loc 1 907 9 view .LVU237
 907:Middlewares/ST/STM32_USB_Host_Library/Core/Src/usbh_ctlreq.c **** 
 712              		.loc 1 907 30 is_stmt 0 view .LVU238
 713 00ee 0723     		movs	r3, #7
 714 00f0 2376     		strb	r3, [r4, #24]
 715 00f2 9CE7     		b	.L30
 716              	.L50:
 923:Middlewares/ST/STM32_USB_Host_Library/Core/Src/usbh_ctlreq.c ****         status = USBH_NOT_SUPPORTED;
ARM GAS  /tmp/ccoUEE4u.s 			page 35


 717              		.loc 1 923 9 is_stmt 1 view .LVU239
 923:Middlewares/ST/STM32_USB_Host_Library/Core/Src/usbh_ctlreq.c ****         status = USBH_NOT_SUPPORTED;
 718              		.loc 1 923 30 is_stmt 0 view .LVU240
 719 00f4 0C23     		movs	r3, #12
 720 00f6 2376     		strb	r3, [r4, #24]
 924:Middlewares/ST/STM32_USB_Host_Library/Core/Src/usbh_ctlreq.c **** 
 721              		.loc 1 924 9 is_stmt 1 view .LVU241
 722              	.LVL52:
 924:Middlewares/ST/STM32_USB_Host_Library/Core/Src/usbh_ctlreq.c **** 
 723              		.loc 1 924 16 is_stmt 0 view .LVU242
 724 00f8 0325     		movs	r5, #3
 725 00fa 98E7     		b	.L30
 726              	.LVL53:
 727              	.L53:
 938:Middlewares/ST/STM32_USB_Host_Library/Core/Src/usbh_ctlreq.c **** 
 728              		.loc 1 938 9 is_stmt 1 view .LVU243
 938:Middlewares/ST/STM32_USB_Host_Library/Core/Src/usbh_ctlreq.c **** 
 729              		.loc 1 938 30 is_stmt 0 view .LVU244
 730 00fc 0523     		movs	r3, #5
 731 00fe 2376     		strb	r3, [r4, #24]
 751:Middlewares/ST/STM32_USB_Host_Library/Core/Src/usbh_ctlreq.c ****   USBH_URBStateTypeDef URB_Status = USBH_URB_IDLE;
 732              		.loc 1 751 22 view .LVU245
 733 0100 0125     		movs	r5, #1
 734 0102 94E7     		b	.L30
 735              	.L52:
 954:Middlewares/ST/STM32_USB_Host_Library/Core/Src/usbh_ctlreq.c ****           status = USBH_FAIL;
 736              		.loc 1 954 11 is_stmt 1 view .LVU246
 954:Middlewares/ST/STM32_USB_Host_Library/Core/Src/usbh_ctlreq.c ****           status = USBH_FAIL;
 737              		.loc 1 954 32 is_stmt 0 view .LVU247
 738 0104 0B23     		movs	r3, #11
 739 0106 2376     		strb	r3, [r4, #24]
 955:Middlewares/ST/STM32_USB_Host_Library/Core/Src/usbh_ctlreq.c **** 
 740              		.loc 1 955 11 is_stmt 1 view .LVU248
 741              	.LVL54:
 955:Middlewares/ST/STM32_USB_Host_Library/Core/Src/usbh_ctlreq.c **** 
 742              		.loc 1 955 18 is_stmt 0 view .LVU249
 743 0108 0225     		movs	r5, #2
 744 010a 90E7     		b	.L30
 745              	.LVL55:
 746              	.L36:
 971:Middlewares/ST/STM32_USB_Host_Library/Core/Src/usbh_ctlreq.c **** 
 747              		.loc 1 971 7 is_stmt 1 view .LVU250
 971:Middlewares/ST/STM32_USB_Host_Library/Core/Src/usbh_ctlreq.c **** 
 748              		.loc 1 971 13 is_stmt 0 view .LVU251
 749 010c 0379     		ldrb	r3, [r0, #4]	@ zero_extendqisi2
 750 010e 0022     		movs	r2, #0
 751 0110 1146     		mov	r1, r2
 752 0112 FFF7FEFF 		bl	USBH_CtlReceiveData
 753              	.LVL56:
 973:Middlewares/ST/STM32_USB_Host_Library/Core/Src/usbh_ctlreq.c ****       phost->Control.state = CTRL_STATUS_IN_WAIT;
 754              		.loc 1 973 7 is_stmt 1 view .LVU252
 973:Middlewares/ST/STM32_USB_Host_Library/Core/Src/usbh_ctlreq.c ****       phost->Control.state = CTRL_STATUS_IN_WAIT;
 755              		.loc 1 973 45 is_stmt 0 view .LVU253
 756 0116 D4F8C433 		ldr	r3, [r4, #964]
 973:Middlewares/ST/STM32_USB_Host_Library/Core/Src/usbh_ctlreq.c ****       phost->Control.state = CTRL_STATUS_IN_WAIT;
 757              		.loc 1 973 28 view .LVU254
 758 011a E381     		strh	r3, [r4, #14]	@ movhi
ARM GAS  /tmp/ccoUEE4u.s 			page 36


 974:Middlewares/ST/STM32_USB_Host_Library/Core/Src/usbh_ctlreq.c **** 
 759              		.loc 1 974 7 is_stmt 1 view .LVU255
 974:Middlewares/ST/STM32_USB_Host_Library/Core/Src/usbh_ctlreq.c **** 
 760              		.loc 1 974 28 is_stmt 0 view .LVU256
 761 011c 0823     		movs	r3, #8
 762 011e 2376     		strb	r3, [r4, #24]
 976:Middlewares/ST/STM32_USB_Host_Library/Core/Src/usbh_ctlreq.c **** 
 763              		.loc 1 976 7 is_stmt 1 view .LVU257
 751:Middlewares/ST/STM32_USB_Host_Library/Core/Src/usbh_ctlreq.c ****   USBH_URBStateTypeDef URB_Status = USBH_URB_IDLE;
 764              		.loc 1 751 22 is_stmt 0 view .LVU258
 765 0120 0125     		movs	r5, #1
 976:Middlewares/ST/STM32_USB_Host_Library/Core/Src/usbh_ctlreq.c **** 
 766              		.loc 1 976 7 view .LVU259
 767 0122 84E7     		b	.L30
 768              	.LVL57:
 769              	.L35:
 980:Middlewares/ST/STM32_USB_Host_Library/Core/Src/usbh_ctlreq.c **** 
 770              		.loc 1 980 7 is_stmt 1 view .LVU260
 980:Middlewares/ST/STM32_USB_Host_Library/Core/Src/usbh_ctlreq.c **** 
 771              		.loc 1 980 20 is_stmt 0 view .LVU261
 772 0124 0179     		ldrb	r1, [r0, #4]	@ zero_extendqisi2
 773 0126 FFF7FEFF 		bl	USBH_LL_GetURBState
 774              	.LVL58:
 982:Middlewares/ST/STM32_USB_Host_Library/Core/Src/usbh_ctlreq.c ****       {
 775              		.loc 1 982 7 is_stmt 1 view .LVU262
 982:Middlewares/ST/STM32_USB_Host_Library/Core/Src/usbh_ctlreq.c ****       {
 776              		.loc 1 982 10 is_stmt 0 view .LVU263
 777 012a 0128     		cmp	r0, #1
 778 012c 05D0     		beq	.L73
 997:Middlewares/ST/STM32_USB_Host_Library/Core/Src/usbh_ctlreq.c ****       {
 779              		.loc 1 997 12 is_stmt 1 view .LVU264
 997:Middlewares/ST/STM32_USB_Host_Library/Core/Src/usbh_ctlreq.c ****       {
 780              		.loc 1 997 15 is_stmt 0 view .LVU265
 781 012e 0428     		cmp	r0, #4
 782 0130 07D0     		beq	.L74
1012:Middlewares/ST/STM32_USB_Host_Library/Core/Src/usbh_ctlreq.c ****         {
 783              		.loc 1 1012 9 is_stmt 1 view .LVU266
1012:Middlewares/ST/STM32_USB_Host_Library/Core/Src/usbh_ctlreq.c ****         {
 784              		.loc 1 1012 12 is_stmt 0 view .LVU267
 785 0132 0528     		cmp	r0, #5
 786 0134 4ED0     		beq	.L65
 751:Middlewares/ST/STM32_USB_Host_Library/Core/Src/usbh_ctlreq.c ****   USBH_URBStateTypeDef URB_Status = USBH_URB_IDLE;
 787              		.loc 1 751 22 view .LVU268
 788 0136 0125     		movs	r5, #1
 789 0138 79E7     		b	.L30
 790              	.L73:
 985:Middlewares/ST/STM32_USB_Host_Library/Core/Src/usbh_ctlreq.c ****         status = USBH_OK;
 791              		.loc 1 985 9 is_stmt 1 view .LVU269
 985:Middlewares/ST/STM32_USB_Host_Library/Core/Src/usbh_ctlreq.c ****         status = USBH_OK;
 792              		.loc 1 985 30 is_stmt 0 view .LVU270
 793 013a 0D23     		movs	r3, #13
 794 013c 2376     		strb	r3, [r4, #24]
 986:Middlewares/ST/STM32_USB_Host_Library/Core/Src/usbh_ctlreq.c **** 
 795              		.loc 1 986 9 is_stmt 1 view .LVU271
 796              	.LVL59:
 986:Middlewares/ST/STM32_USB_Host_Library/Core/Src/usbh_ctlreq.c **** 
 797              		.loc 1 986 16 is_stmt 0 view .LVU272
ARM GAS  /tmp/ccoUEE4u.s 			page 37


 798 013e 0025     		movs	r5, #0
 799 0140 75E7     		b	.L30
 800              	.LVL60:
 801              	.L74:
 999:Middlewares/ST/STM32_USB_Host_Library/Core/Src/usbh_ctlreq.c **** 
 802              		.loc 1 999 9 is_stmt 1 view .LVU273
 999:Middlewares/ST/STM32_USB_Host_Library/Core/Src/usbh_ctlreq.c **** 
 803              		.loc 1 999 30 is_stmt 0 view .LVU274
 804 0142 0B23     		movs	r3, #11
 805 0144 2376     		strb	r3, [r4, #24]
 751:Middlewares/ST/STM32_USB_Host_Library/Core/Src/usbh_ctlreq.c ****   USBH_URBStateTypeDef URB_Status = USBH_URB_IDLE;
 806              		.loc 1 751 22 view .LVU275
 807 0146 0125     		movs	r5, #1
 808 0148 71E7     		b	.L30
 809              	.LVL61:
 810              	.L34:
1030:Middlewares/ST/STM32_USB_Host_Library/Core/Src/usbh_ctlreq.c **** 
 811              		.loc 1 1030 7 is_stmt 1 view .LVU276
1030:Middlewares/ST/STM32_USB_Host_Library/Core/Src/usbh_ctlreq.c **** 
 812              		.loc 1 1030 13 is_stmt 0 view .LVU277
 813 014a 0125     		movs	r5, #1
 814 014c 0095     		str	r5, [sp]
 815 014e 4379     		ldrb	r3, [r0, #5]	@ zero_extendqisi2
 816 0150 0022     		movs	r2, #0
 817 0152 1146     		mov	r1, r2
 818 0154 FFF7FEFF 		bl	USBH_CtlSendData
 819              	.LVL62:
1032:Middlewares/ST/STM32_USB_Host_Library/Core/Src/usbh_ctlreq.c ****       phost->Control.state = CTRL_STATUS_OUT_WAIT;
 820              		.loc 1 1032 7 is_stmt 1 view .LVU278
1032:Middlewares/ST/STM32_USB_Host_Library/Core/Src/usbh_ctlreq.c ****       phost->Control.state = CTRL_STATUS_OUT_WAIT;
 821              		.loc 1 1032 45 is_stmt 0 view .LVU279
 822 0158 D4F8C433 		ldr	r3, [r4, #964]
1032:Middlewares/ST/STM32_USB_Host_Library/Core/Src/usbh_ctlreq.c ****       phost->Control.state = CTRL_STATUS_OUT_WAIT;
 823              		.loc 1 1032 28 view .LVU280
 824 015c E381     		strh	r3, [r4, #14]	@ movhi
1033:Middlewares/ST/STM32_USB_Host_Library/Core/Src/usbh_ctlreq.c ****       break;
 825              		.loc 1 1033 7 is_stmt 1 view .LVU281
1033:Middlewares/ST/STM32_USB_Host_Library/Core/Src/usbh_ctlreq.c ****       break;
 826              		.loc 1 1033 28 is_stmt 0 view .LVU282
 827 015e 0A23     		movs	r3, #10
 828 0160 2376     		strb	r3, [r4, #24]
1034:Middlewares/ST/STM32_USB_Host_Library/Core/Src/usbh_ctlreq.c **** 
 829              		.loc 1 1034 7 is_stmt 1 view .LVU283
 830 0162 64E7     		b	.L30
 831              	.LVL63:
 832              	.L33:
1037:Middlewares/ST/STM32_USB_Host_Library/Core/Src/usbh_ctlreq.c ****       if (URB_Status == USBH_URB_DONE)
 833              		.loc 1 1037 7 view .LVU284
1037:Middlewares/ST/STM32_USB_Host_Library/Core/Src/usbh_ctlreq.c ****       if (URB_Status == USBH_URB_DONE)
 834              		.loc 1 1037 20 is_stmt 0 view .LVU285
 835 0164 4179     		ldrb	r1, [r0, #5]	@ zero_extendqisi2
 836 0166 FFF7FEFF 		bl	USBH_LL_GetURBState
 837              	.LVL64:
1038:Middlewares/ST/STM32_USB_Host_Library/Core/Src/usbh_ctlreq.c ****       {
 838              		.loc 1 1038 7 is_stmt 1 view .LVU286
1038:Middlewares/ST/STM32_USB_Host_Library/Core/Src/usbh_ctlreq.c ****       {
 839              		.loc 1 1038 10 is_stmt 0 view .LVU287
ARM GAS  /tmp/ccoUEE4u.s 			page 38


 840 016a 0128     		cmp	r0, #1
 841 016c 05D0     		beq	.L75
1052:Middlewares/ST/STM32_USB_Host_Library/Core/Src/usbh_ctlreq.c ****       {
 842              		.loc 1 1052 12 is_stmt 1 view .LVU288
1052:Middlewares/ST/STM32_USB_Host_Library/Core/Src/usbh_ctlreq.c ****       {
 843              		.loc 1 1052 15 is_stmt 0 view .LVU289
 844 016e 0228     		cmp	r0, #2
 845 0170 07D0     		beq	.L76
1067:Middlewares/ST/STM32_USB_Host_Library/Core/Src/usbh_ctlreq.c ****         {
 846              		.loc 1 1067 9 is_stmt 1 view .LVU290
1067:Middlewares/ST/STM32_USB_Host_Library/Core/Src/usbh_ctlreq.c ****         {
 847              		.loc 1 1067 12 is_stmt 0 view .LVU291
 848 0172 0428     		cmp	r0, #4
 849 0174 09D0     		beq	.L77
 751:Middlewares/ST/STM32_USB_Host_Library/Core/Src/usbh_ctlreq.c ****   USBH_URBStateTypeDef URB_Status = USBH_URB_IDLE;
 850              		.loc 1 751 22 view .LVU292
 851 0176 0125     		movs	r5, #1
 852 0178 59E7     		b	.L30
 853              	.L75:
1040:Middlewares/ST/STM32_USB_Host_Library/Core/Src/usbh_ctlreq.c ****         phost->Control.state = CTRL_COMPLETE;
 854              		.loc 1 1040 9 is_stmt 1 view .LVU293
 855              	.LVL65:
1041:Middlewares/ST/STM32_USB_Host_Library/Core/Src/usbh_ctlreq.c **** 
 856              		.loc 1 1041 9 view .LVU294
1041:Middlewares/ST/STM32_USB_Host_Library/Core/Src/usbh_ctlreq.c **** 
 857              		.loc 1 1041 30 is_stmt 0 view .LVU295
 858 017a 0D23     		movs	r3, #13
 859 017c 2376     		strb	r3, [r4, #24]
1040:Middlewares/ST/STM32_USB_Host_Library/Core/Src/usbh_ctlreq.c ****         phost->Control.state = CTRL_COMPLETE;
 860              		.loc 1 1040 16 view .LVU296
 861 017e 0025     		movs	r5, #0
 862 0180 55E7     		b	.L30
 863              	.LVL66:
 864              	.L76:
1054:Middlewares/ST/STM32_USB_Host_Library/Core/Src/usbh_ctlreq.c **** 
 865              		.loc 1 1054 9 is_stmt 1 view .LVU297
1054:Middlewares/ST/STM32_USB_Host_Library/Core/Src/usbh_ctlreq.c **** 
 866              		.loc 1 1054 30 is_stmt 0 view .LVU298
 867 0182 0923     		movs	r3, #9
 868 0184 2376     		strb	r3, [r4, #24]
 751:Middlewares/ST/STM32_USB_Host_Library/Core/Src/usbh_ctlreq.c ****   USBH_URBStateTypeDef URB_Status = USBH_URB_IDLE;
 869              		.loc 1 751 22 view .LVU299
 870 0186 0125     		movs	r5, #1
 871 0188 51E7     		b	.L30
 872              	.L77:
1069:Middlewares/ST/STM32_USB_Host_Library/Core/Src/usbh_ctlreq.c **** 
 873              		.loc 1 1069 11 is_stmt 1 view .LVU300
1069:Middlewares/ST/STM32_USB_Host_Library/Core/Src/usbh_ctlreq.c **** 
 874              		.loc 1 1069 32 is_stmt 0 view .LVU301
 875 018a 0B23     		movs	r3, #11
 876 018c 2376     		strb	r3, [r4, #24]
 751:Middlewares/ST/STM32_USB_Host_Library/Core/Src/usbh_ctlreq.c ****   USBH_URBStateTypeDef URB_Status = USBH_URB_IDLE;
 877              		.loc 1 751 22 view .LVU302
 878 018e 0125     		movs	r5, #1
 879 0190 4DE7     		b	.L30
 880              	.LVL67:
 881              	.L31:
ARM GAS  /tmp/ccoUEE4u.s 			page 39


1092:Middlewares/ST/STM32_USB_Host_Library/Core/Src/usbh_ctlreq.c ****       {
 882              		.loc 1 1092 7 is_stmt 1 view .LVU303
1092:Middlewares/ST/STM32_USB_Host_Library/Core/Src/usbh_ctlreq.c ****       {
 883              		.loc 1 1092 27 is_stmt 0 view .LVU304
 884 0192 437E     		ldrb	r3, [r0, #25]	@ zero_extendqisi2
1092:Middlewares/ST/STM32_USB_Host_Library/Core/Src/usbh_ctlreq.c ****       {
 885              		.loc 1 1092 11 view .LVU305
 886 0194 0133     		adds	r3, r3, #1
 887 0196 DBB2     		uxtb	r3, r3
1092:Middlewares/ST/STM32_USB_Host_Library/Core/Src/usbh_ctlreq.c ****       {
 888              		.loc 1 1092 10 view .LVU306
 889 0198 4376     		strb	r3, [r0, #25]
 890 019a 022B     		cmp	r3, #2
 891 019c 03D8     		bhi	.L59
1095:Middlewares/ST/STM32_USB_Host_Library/Core/Src/usbh_ctlreq.c ****         phost->RequestState = CMD_SEND;
 892              		.loc 1 1095 9 is_stmt 1 view .LVU307
1095:Middlewares/ST/STM32_USB_Host_Library/Core/Src/usbh_ctlreq.c ****         phost->RequestState = CMD_SEND;
 893              		.loc 1 1095 30 is_stmt 0 view .LVU308
 894 019e 0125     		movs	r5, #1
 895 01a0 0576     		strb	r5, [r0, #24]
1096:Middlewares/ST/STM32_USB_Host_Library/Core/Src/usbh_ctlreq.c ****       }
 896              		.loc 1 1096 9 is_stmt 1 view .LVU309
1096:Middlewares/ST/STM32_USB_Host_Library/Core/Src/usbh_ctlreq.c ****       }
 897              		.loc 1 1096 29 is_stmt 0 view .LVU310
 898 01a2 8570     		strb	r5, [r0, #2]
 899 01a4 43E7     		b	.L30
 900              	.L59:
1100:Middlewares/ST/STM32_USB_Host_Library/Core/Src/usbh_ctlreq.c ****         phost->Control.errorcount = 0U;
 901              		.loc 1 1100 9 is_stmt 1 view .LVU311
1100:Middlewares/ST/STM32_USB_Host_Library/Core/Src/usbh_ctlreq.c ****         phost->Control.errorcount = 0U;
 902              		.loc 1 1100 14 is_stmt 0 view .LVU312
 903 01a6 D0F8D433 		ldr	r3, [r0, #980]
1100:Middlewares/ST/STM32_USB_Host_Library/Core/Src/usbh_ctlreq.c ****         phost->Control.errorcount = 0U;
 904              		.loc 1 1100 9 view .LVU313
 905 01aa 0621     		movs	r1, #6
 906 01ac 9847     		blx	r3
 907              	.LVL68:
1101:Middlewares/ST/STM32_USB_Host_Library/Core/Src/usbh_ctlreq.c ****         USBH_ErrLog("Control error: Device not responding");
 908              		.loc 1 1101 9 is_stmt 1 view .LVU314
1101:Middlewares/ST/STM32_USB_Host_Library/Core/Src/usbh_ctlreq.c ****         USBH_ErrLog("Control error: Device not responding");
 909              		.loc 1 1101 35 is_stmt 0 view .LVU315
 910 01ae 0025     		movs	r5, #0
 911 01b0 6576     		strb	r5, [r4, #25]
1102:Middlewares/ST/STM32_USB_Host_Library/Core/Src/usbh_ctlreq.c **** 
 912              		.loc 1 1102 9 is_stmt 1 view .LVU316
1102:Middlewares/ST/STM32_USB_Host_Library/Core/Src/usbh_ctlreq.c **** 
 913              		.loc 1 1102 9 view .LVU317
1102:Middlewares/ST/STM32_USB_Host_Library/Core/Src/usbh_ctlreq.c **** 
 914              		.loc 1 1102 9 view .LVU318
1105:Middlewares/ST/STM32_USB_Host_Library/Core/Src/usbh_ctlreq.c ****         (void)USBH_FreePipe(phost, phost->Control.pipe_in);
 915              		.loc 1 1105 9 view .LVU319
1105:Middlewares/ST/STM32_USB_Host_Library/Core/Src/usbh_ctlreq.c ****         (void)USBH_FreePipe(phost, phost->Control.pipe_in);
 916              		.loc 1 1105 15 is_stmt 0 view .LVU320
 917 01b2 6179     		ldrb	r1, [r4, #5]	@ zero_extendqisi2
 918 01b4 2046     		mov	r0, r4
 919 01b6 FFF7FEFF 		bl	USBH_FreePipe
 920              	.LVL69:
ARM GAS  /tmp/ccoUEE4u.s 			page 40


1106:Middlewares/ST/STM32_USB_Host_Library/Core/Src/usbh_ctlreq.c **** 
 921              		.loc 1 1106 9 is_stmt 1 view .LVU321
1106:Middlewares/ST/STM32_USB_Host_Library/Core/Src/usbh_ctlreq.c **** 
 922              		.loc 1 1106 15 is_stmt 0 view .LVU322
 923 01ba 2179     		ldrb	r1, [r4, #4]	@ zero_extendqisi2
 924 01bc 2046     		mov	r0, r4
 925 01be FFF7FEFF 		bl	USBH_FreePipe
 926              	.LVL70:
1108:Middlewares/ST/STM32_USB_Host_Library/Core/Src/usbh_ctlreq.c ****         status = USBH_FAIL;
 927              		.loc 1 1108 9 is_stmt 1 view .LVU323
1108:Middlewares/ST/STM32_USB_Host_Library/Core/Src/usbh_ctlreq.c ****         status = USBH_FAIL;
 928              		.loc 1 1108 23 is_stmt 0 view .LVU324
 929 01c2 2570     		strb	r5, [r4]
1109:Middlewares/ST/STM32_USB_Host_Library/Core/Src/usbh_ctlreq.c ****       }
 930              		.loc 1 1109 9 is_stmt 1 view .LVU325
 931              	.LVL71:
1109:Middlewares/ST/STM32_USB_Host_Library/Core/Src/usbh_ctlreq.c ****       }
 932              		.loc 1 1109 16 is_stmt 0 view .LVU326
 933 01c4 0225     		movs	r5, #2
 934 01c6 32E7     		b	.L30
 935              	.LVL72:
 936              	.L60:
 754:Middlewares/ST/STM32_USB_Host_Library/Core/Src/usbh_ctlreq.c ****   {
 937              		.loc 1 754 3 view .LVU327
 938 01c8 0125     		movs	r5, #1
 939 01ca 30E7     		b	.L30
 940              	.LVL73:
 941              	.L62:
 861:Middlewares/ST/STM32_USB_Host_Library/Core/Src/usbh_ctlreq.c **** 
 942              		.loc 1 861 16 view .LVU328
 943 01cc 0325     		movs	r5, #3
 944 01ce 2EE7     		b	.L30
 945              	.L64:
 902:Middlewares/ST/STM32_USB_Host_Library/Core/Src/usbh_ctlreq.c **** 
 946              		.loc 1 902 20 view .LVU329
 947 01d0 0125     		movs	r5, #1
 948 01d2 2CE7     		b	.L30
 949              	.L65:
1015:Middlewares/ST/STM32_USB_Host_Library/Core/Src/usbh_ctlreq.c **** 
 950              		.loc 1 1015 18 view .LVU330
 951 01d4 0325     		movs	r5, #3
 952 01d6 2AE7     		b	.L30
 953              		.cfi_endproc
 954              	.LFE149:
 956              		.section	.text.USBH_GetNextDesc,"ax",%progbits
 957              		.align	1
 958              		.global	USBH_GetNextDesc
 959              		.syntax unified
 960              		.thumb
 961              		.thumb_func
 963              	USBH_GetNextDesc:
 964              	.LVL74:
 965              	.LFB147:
 661:Middlewares/ST/STM32_USB_Host_Library/Core/Src/usbh_ctlreq.c ****   USBH_DescHeader_t  *pnext;
 966              		.loc 1 661 1 is_stmt 1 view -0
 967              		.cfi_startproc
 968              		@ args = 0, pretend = 0, frame = 0
ARM GAS  /tmp/ccoUEE4u.s 			page 41


 969              		@ frame_needed = 0, uses_anonymous_args = 0
 970              		@ link register save eliminated.
 662:Middlewares/ST/STM32_USB_Host_Library/Core/Src/usbh_ctlreq.c **** 
 971              		.loc 1 662 3 view .LVU332
 664:Middlewares/ST/STM32_USB_Host_Library/Core/Src/usbh_ctlreq.c ****   pnext = (USBH_DescHeader_t *)(void *)((uint8_t *)(void *)pbuf + \
 972              		.loc 1 664 3 view .LVU333
 973 0000 0B88     		ldrh	r3, [r1]
 664:Middlewares/ST/STM32_USB_Host_Library/Core/Src/usbh_ctlreq.c ****   pnext = (USBH_DescHeader_t *)(void *)((uint8_t *)(void *)pbuf + \
 974              		.loc 1 664 46 is_stmt 0 view .LVU334
 975 0002 0278     		ldrb	r2, [r0]	@ zero_extendqisi2
 664:Middlewares/ST/STM32_USB_Host_Library/Core/Src/usbh_ctlreq.c ****   pnext = (USBH_DescHeader_t *)(void *)((uint8_t *)(void *)pbuf + \
 976              		.loc 1 664 8 view .LVU335
 977 0004 1344     		add	r3, r3, r2
 978 0006 0B80     		strh	r3, [r1]	@ movhi
 665:Middlewares/ST/STM32_USB_Host_Library/Core/Src/usbh_ctlreq.c ****                                         ((USBH_DescHeader_t *)(void *)pbuf)->bLength);
 979              		.loc 1 665 3 is_stmt 1 view .LVU336
 666:Middlewares/ST/STM32_USB_Host_Library/Core/Src/usbh_ctlreq.c **** 
 980              		.loc 1 666 76 is_stmt 0 view .LVU337
 981 0008 0378     		ldrb	r3, [r0]	@ zero_extendqisi2
 982              	.LVL75:
 668:Middlewares/ST/STM32_USB_Host_Library/Core/Src/usbh_ctlreq.c **** }
 983              		.loc 1 668 3 is_stmt 1 view .LVU338
 669:Middlewares/ST/STM32_USB_Host_Library/Core/Src/usbh_ctlreq.c **** 
 984              		.loc 1 669 1 is_stmt 0 view .LVU339
 985 000a 1844     		add	r0, r0, r3
 986              	.LVL76:
 669:Middlewares/ST/STM32_USB_Host_Library/Core/Src/usbh_ctlreq.c **** 
 987              		.loc 1 669 1 view .LVU340
 988 000c 7047     		bx	lr
 989              		.cfi_endproc
 990              	.LFE147:
 992              		.section	.text.USBH_ParseCfgDesc,"ax",%progbits
 993              		.align	1
 994              		.syntax unified
 995              		.thumb
 996              		.thumb_func
 998              	USBH_ParseCfgDesc:
 999              	.LVL77:
 1000              	.LFB143:
 403:Middlewares/ST/STM32_USB_Host_Library/Core/Src/usbh_ctlreq.c ****   USBH_CfgDescTypeDef *cfg_desc = &phost->device.CfgDesc;
 1001              		.loc 1 403 1 is_stmt 1 view -0
 1002              		.cfi_startproc
 1003              		@ args = 0, pretend = 0, frame = 8
 1004              		@ frame_needed = 0, uses_anonymous_args = 0
 403:Middlewares/ST/STM32_USB_Host_Library/Core/Src/usbh_ctlreq.c ****   USBH_CfgDescTypeDef *cfg_desc = &phost->device.CfgDesc;
 1005              		.loc 1 403 1 is_stmt 0 view .LVU342
 1006 0000 2DE9F043 		push	{r4, r5, r6, r7, r8, r9, lr}
 1007              	.LCFI7:
 1008              		.cfi_def_cfa_offset 28
 1009              		.cfi_offset 4, -28
 1010              		.cfi_offset 5, -24
 1011              		.cfi_offset 6, -20
 1012              		.cfi_offset 7, -16
 1013              		.cfi_offset 8, -12
 1014              		.cfi_offset 9, -8
 1015              		.cfi_offset 14, -4
 1016 0004 83B0     		sub	sp, sp, #12
ARM GAS  /tmp/ccoUEE4u.s 			page 42


 1017              	.LCFI8:
 1018              		.cfi_def_cfa_offset 40
 1019 0006 0546     		mov	r5, r0
 1020 0008 0C46     		mov	r4, r1
 404:Middlewares/ST/STM32_USB_Host_Library/Core/Src/usbh_ctlreq.c ****   USBH_StatusTypeDef           status = USBH_OK;
 1021              		.loc 1 404 3 is_stmt 1 view .LVU343
 1022              	.LVL78:
 405:Middlewares/ST/STM32_USB_Host_Library/Core/Src/usbh_ctlreq.c ****   USBH_InterfaceDescTypeDef    *pif ;
 1023              		.loc 1 405 3 view .LVU344
 406:Middlewares/ST/STM32_USB_Host_Library/Core/Src/usbh_ctlreq.c ****   USBH_EpDescTypeDef           *pep;
 1024              		.loc 1 406 3 view .LVU345
 407:Middlewares/ST/STM32_USB_Host_Library/Core/Src/usbh_ctlreq.c ****   USBH_DescHeader_t            *pdesc = (USBH_DescHeader_t *)(void *)buf;
 1025              		.loc 1 407 3 view .LVU346
 408:Middlewares/ST/STM32_USB_Host_Library/Core/Src/usbh_ctlreq.c ****   uint16_t                     ptr;
 1026              		.loc 1 408 3 view .LVU347
 409:Middlewares/ST/STM32_USB_Host_Library/Core/Src/usbh_ctlreq.c ****   uint8_t                      if_ix = 0U;
 1027              		.loc 1 409 3 view .LVU348
 410:Middlewares/ST/STM32_USB_Host_Library/Core/Src/usbh_ctlreq.c ****   uint8_t                      ep_ix = 0U;
 1028              		.loc 1 410 3 view .LVU349
 411:Middlewares/ST/STM32_USB_Host_Library/Core/Src/usbh_ctlreq.c **** 
 1029              		.loc 1 411 3 view .LVU350
 413:Middlewares/ST/STM32_USB_Host_Library/Core/Src/usbh_ctlreq.c **** 
 1030              		.loc 1 413 3 view .LVU351
 416:Middlewares/ST/STM32_USB_Host_Library/Core/Src/usbh_ctlreq.c ****   cfg_desc->bDescriptorType     = *(uint8_t *)(buf + 1);
 1031              		.loc 1 416 3 view .LVU352
 416:Middlewares/ST/STM32_USB_Host_Library/Core/Src/usbh_ctlreq.c ****   cfg_desc->bDescriptorType     = *(uint8_t *)(buf + 1);
 1032              		.loc 1 416 35 is_stmt 0 view .LVU353
 1033 000a 0978     		ldrb	r1, [r1]	@ zero_extendqisi2
 1034              	.LVL79:
 416:Middlewares/ST/STM32_USB_Host_Library/Core/Src/usbh_ctlreq.c ****   cfg_desc->bDescriptorType     = *(uint8_t *)(buf + 1);
 1035              		.loc 1 416 33 view .LVU354
 1036 000c 80F83813 		strb	r1, [r0, #824]
 417:Middlewares/ST/STM32_USB_Host_Library/Core/Src/usbh_ctlreq.c ****   cfg_desc->wTotalLength        = MIN(((uint16_t) LE16(buf + 2)), ((uint16_t)USBH_MAX_SIZE_CONFIGUR
 1037              		.loc 1 417 3 is_stmt 1 view .LVU355
 417:Middlewares/ST/STM32_USB_Host_Library/Core/Src/usbh_ctlreq.c ****   cfg_desc->wTotalLength        = MIN(((uint16_t) LE16(buf + 2)), ((uint16_t)USBH_MAX_SIZE_CONFIGUR
 1038              		.loc 1 417 33 is_stmt 0 view .LVU356
 1039 0010 6378     		ldrb	r3, [r4, #1]	@ zero_extendqisi2
 1040 0012 80F83933 		strb	r3, [r0, #825]
 418:Middlewares/ST/STM32_USB_Host_Library/Core/Src/usbh_ctlreq.c ****   cfg_desc->bNumInterfaces      = *(uint8_t *)(buf + 4);
 1041              		.loc 1 418 3 is_stmt 1 view .LVU357
 418:Middlewares/ST/STM32_USB_Host_Library/Core/Src/usbh_ctlreq.c ****   cfg_desc->bNumInterfaces      = *(uint8_t *)(buf + 4);
 1042              		.loc 1 418 35 is_stmt 0 view .LVU358
 1043 0016 A378     		ldrb	r3, [r4, #2]	@ zero_extendqisi2
 1044 0018 E078     		ldrb	r0, [r4, #3]	@ zero_extendqisi2
 1045              	.LVL80:
 418:Middlewares/ST/STM32_USB_Host_Library/Core/Src/usbh_ctlreq.c ****   cfg_desc->bNumInterfaces      = *(uint8_t *)(buf + 4);
 1046              		.loc 1 418 35 view .LVU359
 1047 001a 43EA0023 		orr	r3, r3, r0, lsl #8
 1048 001e B3F5807F 		cmp	r3, #256
 1049 0022 28BF     		it	cs
 1050 0024 4FF48073 		movcs	r3, #256
 418:Middlewares/ST/STM32_USB_Host_Library/Core/Src/usbh_ctlreq.c ****   cfg_desc->bNumInterfaces      = *(uint8_t *)(buf + 4);
 1051              		.loc 1 418 33 view .LVU360
 1052 0028 A5F83A33 		strh	r3, [r5, #826]	@ movhi
 419:Middlewares/ST/STM32_USB_Host_Library/Core/Src/usbh_ctlreq.c ****   cfg_desc->bConfigurationValue = *(uint8_t *)(buf + 5);
 1053              		.loc 1 419 3 is_stmt 1 view .LVU361
 419:Middlewares/ST/STM32_USB_Host_Library/Core/Src/usbh_ctlreq.c ****   cfg_desc->bConfigurationValue = *(uint8_t *)(buf + 5);
ARM GAS  /tmp/ccoUEE4u.s 			page 43


 1054              		.loc 1 419 33 is_stmt 0 view .LVU362
 1055 002c 2379     		ldrb	r3, [r4, #4]	@ zero_extendqisi2
 1056 002e 85F83C33 		strb	r3, [r5, #828]
 420:Middlewares/ST/STM32_USB_Host_Library/Core/Src/usbh_ctlreq.c ****   cfg_desc->iConfiguration      = *(uint8_t *)(buf + 6);
 1057              		.loc 1 420 3 is_stmt 1 view .LVU363
 420:Middlewares/ST/STM32_USB_Host_Library/Core/Src/usbh_ctlreq.c ****   cfg_desc->iConfiguration      = *(uint8_t *)(buf + 6);
 1058              		.loc 1 420 33 is_stmt 0 view .LVU364
 1059 0032 6379     		ldrb	r3, [r4, #5]	@ zero_extendqisi2
 1060 0034 85F83D33 		strb	r3, [r5, #829]
 421:Middlewares/ST/STM32_USB_Host_Library/Core/Src/usbh_ctlreq.c ****   cfg_desc->bmAttributes        = *(uint8_t *)(buf + 7);
 1061              		.loc 1 421 3 is_stmt 1 view .LVU365
 421:Middlewares/ST/STM32_USB_Host_Library/Core/Src/usbh_ctlreq.c ****   cfg_desc->bmAttributes        = *(uint8_t *)(buf + 7);
 1062              		.loc 1 421 33 is_stmt 0 view .LVU366
 1063 0038 A379     		ldrb	r3, [r4, #6]	@ zero_extendqisi2
 1064 003a 85F83E33 		strb	r3, [r5, #830]
 422:Middlewares/ST/STM32_USB_Host_Library/Core/Src/usbh_ctlreq.c ****   cfg_desc->bMaxPower           = *(uint8_t *)(buf + 8);
 1065              		.loc 1 422 3 is_stmt 1 view .LVU367
 422:Middlewares/ST/STM32_USB_Host_Library/Core/Src/usbh_ctlreq.c ****   cfg_desc->bMaxPower           = *(uint8_t *)(buf + 8);
 1066              		.loc 1 422 33 is_stmt 0 view .LVU368
 1067 003e E379     		ldrb	r3, [r4, #7]	@ zero_extendqisi2
 1068 0040 85F83F33 		strb	r3, [r5, #831]
 423:Middlewares/ST/STM32_USB_Host_Library/Core/Src/usbh_ctlreq.c **** 
 1069              		.loc 1 423 3 is_stmt 1 view .LVU369
 423:Middlewares/ST/STM32_USB_Host_Library/Core/Src/usbh_ctlreq.c **** 
 1070              		.loc 1 423 33 is_stmt 0 view .LVU370
 1071 0044 237A     		ldrb	r3, [r4, #8]	@ zero_extendqisi2
 1072 0046 85F84033 		strb	r3, [r5, #832]
 426:Middlewares/ST/STM32_USB_Host_Library/Core/Src/usbh_ctlreq.c ****   {
 1073              		.loc 1 426 3 is_stmt 1 view .LVU371
 426:Middlewares/ST/STM32_USB_Host_Library/Core/Src/usbh_ctlreq.c ****   {
 1074              		.loc 1 426 6 is_stmt 0 view .LVU372
 1075 004a 0929     		cmp	r1, #9
 1076 004c 02D0     		beq	.L80
 428:Middlewares/ST/STM32_USB_Host_Library/Core/Src/usbh_ctlreq.c ****   }
 1077              		.loc 1 428 5 is_stmt 1 view .LVU373
 428:Middlewares/ST/STM32_USB_Host_Library/Core/Src/usbh_ctlreq.c ****   }
 1078              		.loc 1 428 23 is_stmt 0 view .LVU374
 1079 004e 0923     		movs	r3, #9
 1080 0050 85F83833 		strb	r3, [r5, #824]
 1081              	.L80:
 431:Middlewares/ST/STM32_USB_Host_Library/Core/Src/usbh_ctlreq.c ****   {
 1082              		.loc 1 431 3 is_stmt 1 view .LVU375
 431:Middlewares/ST/STM32_USB_Host_Library/Core/Src/usbh_ctlreq.c ****   {
 1083              		.loc 1 431 6 is_stmt 0 view .LVU376
 1084 0054 092A     		cmp	r2, #9
 1085 0056 7FD9     		bls	.L93
 433:Middlewares/ST/STM32_USB_Host_Library/Core/Src/usbh_ctlreq.c ****     pif = (USBH_InterfaceDescTypeDef *)NULL;
 1086              		.loc 1 433 5 is_stmt 1 view .LVU377
 433:Middlewares/ST/STM32_USB_Host_Library/Core/Src/usbh_ctlreq.c ****     pif = (USBH_InterfaceDescTypeDef *)NULL;
 1087              		.loc 1 433 9 is_stmt 0 view .LVU378
 1088 0058 0923     		movs	r3, #9
 1089 005a ADF80630 		strh	r3, [sp, #6]	@ movhi
 434:Middlewares/ST/STM32_USB_Host_Library/Core/Src/usbh_ctlreq.c **** 
 1090              		.loc 1 434 5 is_stmt 1 view .LVU379
 1091              	.LVL81:
 436:Middlewares/ST/STM32_USB_Host_Library/Core/Src/usbh_ctlreq.c ****     {
 1092              		.loc 1 436 5 view .LVU380
ARM GAS  /tmp/ccoUEE4u.s 			page 44


 410:Middlewares/ST/STM32_USB_Host_Library/Core/Src/usbh_ctlreq.c ****   uint8_t                      ep_ix = 0U;
 1093              		.loc 1 410 32 is_stmt 0 view .LVU381
 1094 005e 0026     		movs	r6, #0
 405:Middlewares/ST/STM32_USB_Host_Library/Core/Src/usbh_ctlreq.c ****   USBH_InterfaceDescTypeDef    *pif ;
 1095              		.loc 1 405 32 view .LVU382
 1096 0060 3746     		mov	r7, r6
 1097              	.LVL82:
 1098              	.L83:
 436:Middlewares/ST/STM32_USB_Host_Library/Core/Src/usbh_ctlreq.c ****     {
 1099              		.loc 1 436 46 is_stmt 1 view .LVU383
 1100 0062 012E     		cmp	r6, #1
 1101 0064 6FD8     		bhi	.L91
 436:Middlewares/ST/STM32_USB_Host_Library/Core/Src/usbh_ctlreq.c ****     {
 1102              		.loc 1 436 64 is_stmt 0 discriminator 1 view .LVU384
 1103 0066 B5F83A23 		ldrh	r2, [r5, #826]
 436:Middlewares/ST/STM32_USB_Host_Library/Core/Src/usbh_ctlreq.c ****     {
 1104              		.loc 1 436 54 discriminator 1 view .LVU385
 1105 006a BDF80630 		ldrh	r3, [sp, #6]
 436:Middlewares/ST/STM32_USB_Host_Library/Core/Src/usbh_ctlreq.c ****     {
 1106              		.loc 1 436 46 discriminator 1 view .LVU386
 1107 006e 9A42     		cmp	r2, r3
 1108 0070 69D9     		bls	.L91
 438:Middlewares/ST/STM32_USB_Host_Library/Core/Src/usbh_ctlreq.c ****       if (pdesc->bDescriptorType == USB_DESC_TYPE_INTERFACE)
 1109              		.loc 1 438 7 is_stmt 1 view .LVU387
 438:Middlewares/ST/STM32_USB_Host_Library/Core/Src/usbh_ctlreq.c ****       if (pdesc->bDescriptorType == USB_DESC_TYPE_INTERFACE)
 1110              		.loc 1 438 15 is_stmt 0 view .LVU388
 1111 0072 0DF10601 		add	r1, sp, #6
 1112 0076 2046     		mov	r0, r4
 1113 0078 FFF7FEFF 		bl	USBH_GetNextDesc
 1114              	.LVL83:
 1115 007c 0446     		mov	r4, r0
 1116              	.LVL84:
 439:Middlewares/ST/STM32_USB_Host_Library/Core/Src/usbh_ctlreq.c ****       {
 1117              		.loc 1 439 7 is_stmt 1 view .LVU389
 439:Middlewares/ST/STM32_USB_Host_Library/Core/Src/usbh_ctlreq.c ****       {
 1118              		.loc 1 439 16 is_stmt 0 view .LVU390
 1119 007e 4378     		ldrb	r3, [r0, #1]	@ zero_extendqisi2
 439:Middlewares/ST/STM32_USB_Host_Library/Core/Src/usbh_ctlreq.c ****       {
 1120              		.loc 1 439 10 view .LVU391
 1121 0080 042B     		cmp	r3, #4
 1122 0082 EED1     		bne	.L83
 442:Middlewares/ST/STM32_USB_Host_Library/Core/Src/usbh_ctlreq.c ****         {
 1123              		.loc 1 442 9 is_stmt 1 view .LVU392
 442:Middlewares/ST/STM32_USB_Host_Library/Core/Src/usbh_ctlreq.c ****         {
 1124              		.loc 1 442 18 is_stmt 0 view .LVU393
 1125 0084 0378     		ldrb	r3, [r0]	@ zero_extendqisi2
 442:Middlewares/ST/STM32_USB_Host_Library/Core/Src/usbh_ctlreq.c ****         {
 1126              		.loc 1 442 12 view .LVU394
 1127 0086 092B     		cmp	r3, #9
 1128 0088 01D0     		beq	.L84
 444:Middlewares/ST/STM32_USB_Host_Library/Core/Src/usbh_ctlreq.c ****         }
 1129              		.loc 1 444 11 is_stmt 1 view .LVU395
 444:Middlewares/ST/STM32_USB_Host_Library/Core/Src/usbh_ctlreq.c ****         }
 1130              		.loc 1 444 26 is_stmt 0 view .LVU396
 1131 008a 0923     		movs	r3, #9
 1132 008c 0370     		strb	r3, [r0]
 1133              	.L84:
ARM GAS  /tmp/ccoUEE4u.s 			page 45


 447:Middlewares/ST/STM32_USB_Host_Library/Core/Src/usbh_ctlreq.c ****         USBH_ParseInterfaceDesc(pif, (uint8_t *)(void *)pdesc);
 1134              		.loc 1 447 9 is_stmt 1 view .LVU397
 447:Middlewares/ST/STM32_USB_Host_Library/Core/Src/usbh_ctlreq.c ****         USBH_ParseInterfaceDesc(pif, (uint8_t *)(void *)pdesc);
 1135              		.loc 1 447 34 is_stmt 0 view .LVU398
 1136 008e B146     		mov	r9, r6
 447:Middlewares/ST/STM32_USB_Host_Library/Core/Src/usbh_ctlreq.c ****         USBH_ParseInterfaceDesc(pif, (uint8_t *)(void *)pdesc);
 1137              		.loc 1 447 13 view .LVU399
 1138 0090 05F54E70 		add	r0, r5, #824
 1139              	.LVL85:
 447:Middlewares/ST/STM32_USB_Host_Library/Core/Src/usbh_ctlreq.c ****         USBH_ParseInterfaceDesc(pif, (uint8_t *)(void *)pdesc);
 1140              		.loc 1 447 13 view .LVU400
 1141 0094 1A23     		movs	r3, #26
 1142 0096 06FB03F3 		mul	r3, r6, r3
 1143 009a 0833     		adds	r3, r3, #8
 1144 009c 1844     		add	r0, r0, r3
 1145              	.LVL86:
 448:Middlewares/ST/STM32_USB_Host_Library/Core/Src/usbh_ctlreq.c **** 
 1146              		.loc 1 448 9 is_stmt 1 view .LVU401
 1147 009e 2146     		mov	r1, r4
 1148 00a0 0230     		adds	r0, r0, #2
 1149              	.LVL87:
 448:Middlewares/ST/STM32_USB_Host_Library/Core/Src/usbh_ctlreq.c **** 
 1150              		.loc 1 448 9 is_stmt 0 view .LVU402
 1151 00a2 FFF7FEFF 		bl	USBH_ParseInterfaceDesc
 1152              	.LVL88:
 450:Middlewares/ST/STM32_USB_Host_Library/Core/Src/usbh_ctlreq.c ****         pep = (USBH_EpDescTypeDef *)NULL;
 1153              		.loc 1 450 9 is_stmt 1 view .LVU403
 451:Middlewares/ST/STM32_USB_Host_Library/Core/Src/usbh_ctlreq.c **** 
 1154              		.loc 1 451 9 view .LVU404
 453:Middlewares/ST/STM32_USB_Host_Library/Core/Src/usbh_ctlreq.c ****         {
 1155              		.loc 1 453 9 view .LVU405
 450:Middlewares/ST/STM32_USB_Host_Library/Core/Src/usbh_ctlreq.c ****         pep = (USBH_EpDescTypeDef *)NULL;
 1156              		.loc 1 450 15 is_stmt 0 view .LVU406
 1157 00a6 4FF00008 		mov	r8, #0
 453:Middlewares/ST/STM32_USB_Host_Library/Core/Src/usbh_ctlreq.c ****         {
 1158              		.loc 1 453 15 view .LVU407
 1159 00aa 24E0     		b	.L85
 1160              	.LVL89:
 1161              	.L97:
 460:Middlewares/ST/STM32_USB_Host_Library/Core/Src/usbh_ctlreq.c ****             {
 1162              		.loc 1 460 56 discriminator 1 view .LVU408
 1163 00ac 1A23     		movs	r3, #26
 1164              	.LVL90:
 460:Middlewares/ST/STM32_USB_Host_Library/Core/Src/usbh_ctlreq.c ****             {
 1165              		.loc 1 460 56 discriminator 1 view .LVU409
 1166 00ae 03FB0953 		mla	r3, r3, r9, r5
 1167              	.LVL91:
 460:Middlewares/ST/STM32_USB_Host_Library/Core/Src/usbh_ctlreq.c ****             {
 1168              		.loc 1 460 56 discriminator 1 view .LVU410
 1169 00b2 93F84833 		ldrb	r3, [r3, #840]	@ zero_extendqisi2
 460:Middlewares/ST/STM32_USB_Host_Library/Core/Src/usbh_ctlreq.c ****             {
 1170              		.loc 1 460 49 discriminator 1 view .LVU411
 1171 00b6 022B     		cmp	r3, #2
 1172 00b8 3AD1     		bne	.L87
 463:Middlewares/ST/STM32_USB_Host_Library/Core/Src/usbh_ctlreq.c ****               {
 1173              		.loc 1 463 15 is_stmt 1 view .LVU412
 463:Middlewares/ST/STM32_USB_Host_Library/Core/Src/usbh_ctlreq.c ****               {
ARM GAS  /tmp/ccoUEE4u.s 			page 46


 1174              		.loc 1 463 23 is_stmt 0 view .LVU413
 1175 00ba 1A23     		movs	r3, #26
 1176              	.LVL92:
 463:Middlewares/ST/STM32_USB_Host_Library/Core/Src/usbh_ctlreq.c ****               {
 1177              		.loc 1 463 23 view .LVU414
 1178 00bc 03FB0953 		mla	r3, r3, r9, r5
 1179              	.LVL93:
 463:Middlewares/ST/STM32_USB_Host_Library/Core/Src/usbh_ctlreq.c ****               {
 1180              		.loc 1 463 23 view .LVU415
 1181 00c0 93F84933 		ldrb	r3, [r3, #841]	@ zero_extendqisi2
 463:Middlewares/ST/STM32_USB_Host_Library/Core/Src/usbh_ctlreq.c ****               {
 1182              		.loc 1 463 18 view .LVU416
 1183 00c4 23B9     		cbnz	r3, .L88
 463:Middlewares/ST/STM32_USB_Host_Library/Core/Src/usbh_ctlreq.c ****               {
 1184              		.loc 1 463 63 discriminator 1 view .LVU417
 1185 00c6 0378     		ldrb	r3, [r0]	@ zero_extendqisi2
 463:Middlewares/ST/STM32_USB_Host_Library/Core/Src/usbh_ctlreq.c ****               {
 1186              		.loc 1 463 54 discriminator 1 view .LVU418
 1187 00c8 092B     		cmp	r3, #9
 1188 00ca 01D0     		beq	.L88
 465:Middlewares/ST/STM32_USB_Host_Library/Core/Src/usbh_ctlreq.c ****               }
 1189              		.loc 1 465 17 is_stmt 1 view .LVU419
 465:Middlewares/ST/STM32_USB_Host_Library/Core/Src/usbh_ctlreq.c ****               }
 1190              		.loc 1 465 32 is_stmt 0 view .LVU420
 1191 00cc 0923     		movs	r3, #9
 1192 00ce 0370     		strb	r3, [r0]
 1193              	.L88:
 477:Middlewares/ST/STM32_USB_Host_Library/Core/Src/usbh_ctlreq.c **** 
 1194              		.loc 1 477 13 is_stmt 1 view .LVU421
 479:Middlewares/ST/STM32_USB_Host_Library/Core/Src/usbh_ctlreq.c **** 
 1195              		.loc 1 479 13 view .LVU422
 479:Middlewares/ST/STM32_USB_Host_Library/Core/Src/usbh_ctlreq.c **** 
 1196              		.loc 1 479 17 is_stmt 0 view .LVU423
 1197 00d0 05F54E71 		add	r1, r5, #824
 1198 00d4 08F10108 		add	r8, r8, #1
 1199              	.LVL94:
 479:Middlewares/ST/STM32_USB_Host_Library/Core/Src/usbh_ctlreq.c **** 
 1200              		.loc 1 479 17 view .LVU424
 1201 00d8 1A23     		movs	r3, #26
 1202              	.LVL95:
 479:Middlewares/ST/STM32_USB_Host_Library/Core/Src/usbh_ctlreq.c **** 
 1203              		.loc 1 479 17 view .LVU425
 1204 00da 03FB09F3 		mul	r3, r3, r9
 1205              	.LVL96:
 479:Middlewares/ST/STM32_USB_Host_Library/Core/Src/usbh_ctlreq.c **** 
 1206              		.loc 1 479 17 view .LVU426
 1207 00de 03EBC803 		add	r3, r3, r8, lsl #3
 1208 00e2 0833     		adds	r3, r3, #8
 1209 00e4 1944     		add	r1, r1, r3
 1210              	.LVL97:
 481:Middlewares/ST/STM32_USB_Host_Library/Core/Src/usbh_ctlreq.c **** 
 1211              		.loc 1 481 13 is_stmt 1 view .LVU427
 481:Middlewares/ST/STM32_USB_Host_Library/Core/Src/usbh_ctlreq.c **** 
 1212              		.loc 1 481 22 is_stmt 0 view .LVU428
 1213 00e6 2246     		mov	r2, r4
 1214 00e8 0431     		adds	r1, r1, #4
 1215              	.LVL98:
ARM GAS  /tmp/ccoUEE4u.s 			page 47


 481:Middlewares/ST/STM32_USB_Host_Library/Core/Src/usbh_ctlreq.c **** 
 1216              		.loc 1 481 22 view .LVU429
 1217 00ea 2846     		mov	r0, r5
 1218              	.LVL99:
 481:Middlewares/ST/STM32_USB_Host_Library/Core/Src/usbh_ctlreq.c **** 
 1219              		.loc 1 481 22 view .LVU430
 1220 00ec FFF7FEFF 		bl	USBH_ParseEPDesc
 1221              	.LVL100:
 481:Middlewares/ST/STM32_USB_Host_Library/Core/Src/usbh_ctlreq.c **** 
 1222              		.loc 1 481 22 view .LVU431
 1223 00f0 0746     		mov	r7, r0
 1224              	.LVL101:
 483:Middlewares/ST/STM32_USB_Host_Library/Core/Src/usbh_ctlreq.c ****           }
 1225              		.loc 1 483 13 is_stmt 1 view .LVU432
 483:Middlewares/ST/STM32_USB_Host_Library/Core/Src/usbh_ctlreq.c ****           }
 1226              		.loc 1 483 18 is_stmt 0 view .LVU433
 1227 00f2 5FFA88F8 		uxtb	r8, r8
 1228              	.LVL102:
 1229              	.L85:
 453:Middlewares/ST/STM32_USB_Host_Library/Core/Src/usbh_ctlreq.c ****         {
 1230              		.loc 1 453 45 is_stmt 1 view .LVU434
 453:Middlewares/ST/STM32_USB_Host_Library/Core/Src/usbh_ctlreq.c ****         {
 1231              		.loc 1 453 28 is_stmt 0 view .LVU435
 1232 00f6 1A23     		movs	r3, #26
 1233              	.LVL103:
 453:Middlewares/ST/STM32_USB_Host_Library/Core/Src/usbh_ctlreq.c ****         {
 1234              		.loc 1 453 28 view .LVU436
 1235 00f8 03FB0953 		mla	r3, r3, r9, r5
 1236              	.LVL104:
 453:Middlewares/ST/STM32_USB_Host_Library/Core/Src/usbh_ctlreq.c ****         {
 1237              		.loc 1 453 28 view .LVU437
 1238 00fc 93F84633 		ldrb	r3, [r3, #838]	@ zero_extendqisi2
 453:Middlewares/ST/STM32_USB_Host_Library/Core/Src/usbh_ctlreq.c ****         {
 1239              		.loc 1 453 45 view .LVU438
 1240 0100 4345     		cmp	r3, r8
 1241 0102 1BD9     		bls	.L89
 453:Middlewares/ST/STM32_USB_Host_Library/Core/Src/usbh_ctlreq.c ****         {
 1242              		.loc 1 453 63 discriminator 1 view .LVU439
 1243 0104 B5F83A13 		ldrh	r1, [r5, #826]
 453:Middlewares/ST/STM32_USB_Host_Library/Core/Src/usbh_ctlreq.c ****         {
 1244              		.loc 1 453 53 discriminator 1 view .LVU440
 1245 0108 BDF80620 		ldrh	r2, [sp, #6]
 453:Middlewares/ST/STM32_USB_Host_Library/Core/Src/usbh_ctlreq.c ****         {
 1246              		.loc 1 453 45 discriminator 1 view .LVU441
 1247 010c 9142     		cmp	r1, r2
 1248 010e 15D9     		bls	.L89
 455:Middlewares/ST/STM32_USB_Host_Library/Core/Src/usbh_ctlreq.c **** 
 1249              		.loc 1 455 11 is_stmt 1 view .LVU442
 455:Middlewares/ST/STM32_USB_Host_Library/Core/Src/usbh_ctlreq.c **** 
 1250              		.loc 1 455 19 is_stmt 0 view .LVU443
 1251 0110 0DF10601 		add	r1, sp, #6
 1252 0114 2046     		mov	r0, r4
 1253 0116 FFF7FEFF 		bl	USBH_GetNextDesc
 1254              	.LVL105:
 1255 011a 0446     		mov	r4, r0
 1256              	.LVL106:
 457:Middlewares/ST/STM32_USB_Host_Library/Core/Src/usbh_ctlreq.c ****           {
ARM GAS  /tmp/ccoUEE4u.s 			page 48


 1257              		.loc 1 457 11 is_stmt 1 view .LVU444
 457:Middlewares/ST/STM32_USB_Host_Library/Core/Src/usbh_ctlreq.c ****           {
 1258              		.loc 1 457 20 is_stmt 0 view .LVU445
 1259 011c 4378     		ldrb	r3, [r0, #1]	@ zero_extendqisi2
 457:Middlewares/ST/STM32_USB_Host_Library/Core/Src/usbh_ctlreq.c ****           {
 1260              		.loc 1 457 14 view .LVU446
 1261 011e 052B     		cmp	r3, #5
 1262 0120 E9D1     		bne	.L85
 460:Middlewares/ST/STM32_USB_Host_Library/Core/Src/usbh_ctlreq.c ****             {
 1263              		.loc 1 460 13 is_stmt 1 view .LVU447
 460:Middlewares/ST/STM32_USB_Host_Library/Core/Src/usbh_ctlreq.c ****             {
 1264              		.loc 1 460 21 is_stmt 0 view .LVU448
 1265 0122 1A23     		movs	r3, #26
 1266              	.LVL107:
 460:Middlewares/ST/STM32_USB_Host_Library/Core/Src/usbh_ctlreq.c ****             {
 1267              		.loc 1 460 21 view .LVU449
 1268 0124 03FB0953 		mla	r3, r3, r9, r5
 1269              	.LVL108:
 460:Middlewares/ST/STM32_USB_Host_Library/Core/Src/usbh_ctlreq.c ****             {
 1270              		.loc 1 460 21 view .LVU450
 1271 0128 93F84733 		ldrb	r3, [r3, #839]	@ zero_extendqisi2
 460:Middlewares/ST/STM32_USB_Host_Library/Core/Src/usbh_ctlreq.c ****             {
 1272              		.loc 1 460 16 view .LVU451
 1273 012c 012B     		cmp	r3, #1
 1274 012e BDD0     		beq	.L97
 1275              	.L87:
 470:Middlewares/ST/STM32_USB_Host_Library/Core/Src/usbh_ctlreq.c ****             {
 1276              		.loc 1 470 18 is_stmt 1 view .LVU452
 470:Middlewares/ST/STM32_USB_Host_Library/Core/Src/usbh_ctlreq.c ****             {
 1277              		.loc 1 470 27 is_stmt 0 view .LVU453
 1278 0130 2378     		ldrb	r3, [r4]	@ zero_extendqisi2
 470:Middlewares/ST/STM32_USB_Host_Library/Core/Src/usbh_ctlreq.c ****             {
 1279              		.loc 1 470 21 view .LVU454
 1280 0132 072B     		cmp	r3, #7
 1281 0134 CCD0     		beq	.L88
 472:Middlewares/ST/STM32_USB_Host_Library/Core/Src/usbh_ctlreq.c ****             }
 1282              		.loc 1 472 15 is_stmt 1 view .LVU455
 472:Middlewares/ST/STM32_USB_Host_Library/Core/Src/usbh_ctlreq.c ****             }
 1283              		.loc 1 472 30 is_stmt 0 view .LVU456
 1284 0136 0723     		movs	r3, #7
 1285 0138 2370     		strb	r3, [r4]
 1286 013a C9E7     		b	.L88
 1287              	.LVL109:
 1288              	.L89:
 488:Middlewares/ST/STM32_USB_Host_Library/Core/Src/usbh_ctlreq.c ****         {
 1289              		.loc 1 488 9 is_stmt 1 view .LVU457
 488:Middlewares/ST/STM32_USB_Host_Library/Core/Src/usbh_ctlreq.c ****         {
 1290              		.loc 1 488 12 is_stmt 0 view .LVU458
 1291 013c 4345     		cmp	r3, r8
 1292 013e 10D8     		bhi	.L94
 493:Middlewares/ST/STM32_USB_Host_Library/Core/Src/usbh_ctlreq.c ****       }
 1293              		.loc 1 493 9 is_stmt 1 view .LVU459
 493:Middlewares/ST/STM32_USB_Host_Library/Core/Src/usbh_ctlreq.c ****       }
 1294              		.loc 1 493 14 is_stmt 0 view .LVU460
 1295 0140 0136     		adds	r6, r6, #1
 1296              	.LVL110:
 493:Middlewares/ST/STM32_USB_Host_Library/Core/Src/usbh_ctlreq.c ****       }
ARM GAS  /tmp/ccoUEE4u.s 			page 49


 1297              		.loc 1 493 14 view .LVU461
 1298 0142 F6B2     		uxtb	r6, r6
 1299 0144 8DE7     		b	.L83
 1300              	.LVL111:
 1301              	.L91:
 498:Middlewares/ST/STM32_USB_Host_Library/Core/Src/usbh_ctlreq.c ****     {
 1302              		.loc 1 498 5 is_stmt 1 view .LVU462
 498:Middlewares/ST/STM32_USB_Host_Library/Core/Src/usbh_ctlreq.c ****     {
 1303              		.loc 1 498 17 is_stmt 0 view .LVU463
 1304 0146 95F83C33 		ldrb	r3, [r5, #828]	@ zero_extendqisi2
 1305 014a 022B     		cmp	r3, #2
 1306 014c 28BF     		it	cs
 1307 014e 0223     		movcs	r3, #2
 498:Middlewares/ST/STM32_USB_Host_Library/Core/Src/usbh_ctlreq.c ****     {
 1308              		.loc 1 498 8 view .LVU464
 1309 0150 B342     		cmp	r3, r6
 1310 0152 02D9     		bls	.L81
 500:Middlewares/ST/STM32_USB_Host_Library/Core/Src/usbh_ctlreq.c ****     }
 1311              		.loc 1 500 14 view .LVU465
 1312 0154 0327     		movs	r7, #3
 1313              	.LVL112:
 500:Middlewares/ST/STM32_USB_Host_Library/Core/Src/usbh_ctlreq.c ****     }
 1314              		.loc 1 500 14 view .LVU466
 1315 0156 00E0     		b	.L81
 1316              	.LVL113:
 1317              	.L93:
 405:Middlewares/ST/STM32_USB_Host_Library/Core/Src/usbh_ctlreq.c ****   USBH_InterfaceDescTypeDef    *pif ;
 1318              		.loc 1 405 32 view .LVU467
 1319 0158 0027     		movs	r7, #0
 1320              	.LVL114:
 1321              	.L81:
 505:Middlewares/ST/STM32_USB_Host_Library/Core/Src/usbh_ctlreq.c **** 
 1322              		.loc 1 505 1 view .LVU468
 1323 015a 3846     		mov	r0, r7
 1324 015c 03B0     		add	sp, sp, #12
 1325              	.LCFI9:
 1326              		.cfi_remember_state
 1327              		.cfi_def_cfa_offset 28
 1328              		@ sp needed
 1329 015e BDE8F083 		pop	{r4, r5, r6, r7, r8, r9, pc}
 1330              	.LVL115:
 1331              	.L94:
 1332              	.LCFI10:
 1333              		.cfi_restore_state
 490:Middlewares/ST/STM32_USB_Host_Library/Core/Src/usbh_ctlreq.c ****         }
 1334              		.loc 1 490 18 view .LVU469
 1335 0162 0327     		movs	r7, #3
 1336              	.LVL116:
 490:Middlewares/ST/STM32_USB_Host_Library/Core/Src/usbh_ctlreq.c ****         }
 1337              		.loc 1 490 18 view .LVU470
 1338 0164 F9E7     		b	.L81
 1339              		.cfi_endproc
 1340              	.LFE143:
 1342              		.section	.text.USBH_CtlReq,"ax",%progbits
 1343              		.align	1
 1344              		.global	USBH_CtlReq
 1345              		.syntax unified
ARM GAS  /tmp/ccoUEE4u.s 			page 50


 1346              		.thumb
 1347              		.thumb_func
 1349              	USBH_CtlReq:
 1350              	.LVL117:
 1351              	.LFB148:
 684:Middlewares/ST/STM32_USB_Host_Library/Core/Src/usbh_ctlreq.c ****   USBH_StatusTypeDef status;
 1352              		.loc 1 684 1 is_stmt 1 view -0
 1353              		.cfi_startproc
 1354              		@ args = 0, pretend = 0, frame = 0
 1355              		@ frame_needed = 0, uses_anonymous_args = 0
 684:Middlewares/ST/STM32_USB_Host_Library/Core/Src/usbh_ctlreq.c ****   USBH_StatusTypeDef status;
 1356              		.loc 1 684 1 is_stmt 0 view .LVU472
 1357 0000 10B5     		push	{r4, lr}
 1358              	.LCFI11:
 1359              		.cfi_def_cfa_offset 8
 1360              		.cfi_offset 4, -8
 1361              		.cfi_offset 14, -4
 1362 0002 0446     		mov	r4, r0
 685:Middlewares/ST/STM32_USB_Host_Library/Core/Src/usbh_ctlreq.c ****   status = USBH_BUSY;
 1363              		.loc 1 685 3 is_stmt 1 view .LVU473
 686:Middlewares/ST/STM32_USB_Host_Library/Core/Src/usbh_ctlreq.c **** 
 1364              		.loc 1 686 3 view .LVU474
 1365              	.LVL118:
 688:Middlewares/ST/STM32_USB_Host_Library/Core/Src/usbh_ctlreq.c ****   {
 1366              		.loc 1 688 3 view .LVU475
 688:Middlewares/ST/STM32_USB_Host_Library/Core/Src/usbh_ctlreq.c ****   {
 1367              		.loc 1 688 16 is_stmt 0 view .LVU476
 1368 0004 8078     		ldrb	r0, [r0, #2]	@ zero_extendqisi2
 1369              	.LVL119:
 688:Middlewares/ST/STM32_USB_Host_Library/Core/Src/usbh_ctlreq.c ****   {
 1370              		.loc 1 688 3 view .LVU477
 1371 0006 0128     		cmp	r0, #1
 1372 0008 03D0     		beq	.L99
 1373 000a 0228     		cmp	r0, #2
 1374 000c 08D0     		beq	.L100
 1375 000e 0120     		movs	r0, #1
 1376 0010 05E0     		b	.L101
 1377              	.L99:
 692:Middlewares/ST/STM32_USB_Host_Library/Core/Src/usbh_ctlreq.c ****       phost->Control.length = length;
 1378              		.loc 1 692 7 is_stmt 1 view .LVU478
 692:Middlewares/ST/STM32_USB_Host_Library/Core/Src/usbh_ctlreq.c ****       phost->Control.length = length;
 1379              		.loc 1 692 27 is_stmt 0 view .LVU479
 1380 0012 A160     		str	r1, [r4, #8]
 693:Middlewares/ST/STM32_USB_Host_Library/Core/Src/usbh_ctlreq.c ****       phost->Control.state = CTRL_SETUP;
 1381              		.loc 1 693 7 is_stmt 1 view .LVU480
 693:Middlewares/ST/STM32_USB_Host_Library/Core/Src/usbh_ctlreq.c ****       phost->Control.state = CTRL_SETUP;
 1382              		.loc 1 693 29 is_stmt 0 view .LVU481
 1383 0014 A281     		strh	r2, [r4, #12]	@ movhi
 694:Middlewares/ST/STM32_USB_Host_Library/Core/Src/usbh_ctlreq.c ****       phost->RequestState = CMD_WAIT;
 1384              		.loc 1 694 7 is_stmt 1 view .LVU482
 694:Middlewares/ST/STM32_USB_Host_Library/Core/Src/usbh_ctlreq.c ****       phost->RequestState = CMD_WAIT;
 1385              		.loc 1 694 28 is_stmt 0 view .LVU483
 1386 0016 0123     		movs	r3, #1
 1387 0018 2376     		strb	r3, [r4, #24]
 695:Middlewares/ST/STM32_USB_Host_Library/Core/Src/usbh_ctlreq.c ****       status = USBH_BUSY;
 1388              		.loc 1 695 7 is_stmt 1 view .LVU484
 695:Middlewares/ST/STM32_USB_Host_Library/Core/Src/usbh_ctlreq.c ****       status = USBH_BUSY;
ARM GAS  /tmp/ccoUEE4u.s 			page 51


 1389              		.loc 1 695 27 is_stmt 0 view .LVU485
 1390 001a 0223     		movs	r3, #2
 1391 001c A370     		strb	r3, [r4, #2]
 696:Middlewares/ST/STM32_USB_Host_Library/Core/Src/usbh_ctlreq.c **** 
 1392              		.loc 1 696 7 is_stmt 1 view .LVU486
 706:Middlewares/ST/STM32_USB_Host_Library/Core/Src/usbh_ctlreq.c **** 
 1393              		.loc 1 706 7 view .LVU487
 1394              	.LVL120:
 1395              	.L101:
 738:Middlewares/ST/STM32_USB_Host_Library/Core/Src/usbh_ctlreq.c **** }
 1396              		.loc 1 738 3 view .LVU488
 739:Middlewares/ST/STM32_USB_Host_Library/Core/Src/usbh_ctlreq.c **** 
 1397              		.loc 1 739 1 is_stmt 0 view .LVU489
 1398 001e 10BD     		pop	{r4, pc}
 1399              	.LVL121:
 1400              	.L100:
 709:Middlewares/ST/STM32_USB_Host_Library/Core/Src/usbh_ctlreq.c ****       if ((status == USBH_OK) || (status == USBH_NOT_SUPPORTED))
 1401              		.loc 1 709 7 is_stmt 1 view .LVU490
 709:Middlewares/ST/STM32_USB_Host_Library/Core/Src/usbh_ctlreq.c ****       if ((status == USBH_OK) || (status == USBH_NOT_SUPPORTED))
 1402              		.loc 1 709 16 is_stmt 0 view .LVU491
 1403 0020 2046     		mov	r0, r4
 1404 0022 FFF7FEFF 		bl	USBH_HandleControl
 1405              	.LVL122:
 710:Middlewares/ST/STM32_USB_Host_Library/Core/Src/usbh_ctlreq.c ****       {
 1406              		.loc 1 710 7 is_stmt 1 view .LVU492
 710:Middlewares/ST/STM32_USB_Host_Library/Core/Src/usbh_ctlreq.c ****       {
 1407              		.loc 1 710 10 is_stmt 0 view .LVU493
 1408 0026 30B1     		cbz	r0, .L102
 710:Middlewares/ST/STM32_USB_Host_Library/Core/Src/usbh_ctlreq.c ****       {
 1409              		.loc 1 710 31 discriminator 1 view .LVU494
 1410 0028 0328     		cmp	r0, #3
 1411 002a 04D0     		beq	.L102
 716:Middlewares/ST/STM32_USB_Host_Library/Core/Src/usbh_ctlreq.c ****       {
 1412              		.loc 1 716 12 is_stmt 1 view .LVU495
 716:Middlewares/ST/STM32_USB_Host_Library/Core/Src/usbh_ctlreq.c ****       {
 1413              		.loc 1 716 15 is_stmt 0 view .LVU496
 1414 002c 0228     		cmp	r0, #2
 1415 002e F6D1     		bne	.L101
 719:Middlewares/ST/STM32_USB_Host_Library/Core/Src/usbh_ctlreq.c ****       }
 1416              		.loc 1 719 9 is_stmt 1 view .LVU497
 719:Middlewares/ST/STM32_USB_Host_Library/Core/Src/usbh_ctlreq.c ****       }
 1417              		.loc 1 719 29 is_stmt 0 view .LVU498
 1418 0030 0123     		movs	r3, #1
 1419 0032 A370     		strb	r3, [r4, #2]
 1420 0034 F3E7     		b	.L101
 1421              	.L102:
 713:Middlewares/ST/STM32_USB_Host_Library/Core/Src/usbh_ctlreq.c ****         phost->Control.state = CTRL_IDLE;
 1422              		.loc 1 713 9 is_stmt 1 view .LVU499
 713:Middlewares/ST/STM32_USB_Host_Library/Core/Src/usbh_ctlreq.c ****         phost->Control.state = CTRL_IDLE;
 1423              		.loc 1 713 29 is_stmt 0 view .LVU500
 1424 0036 0123     		movs	r3, #1
 1425 0038 A370     		strb	r3, [r4, #2]
 714:Middlewares/ST/STM32_USB_Host_Library/Core/Src/usbh_ctlreq.c ****       }
 1426              		.loc 1 714 9 is_stmt 1 view .LVU501
 714:Middlewares/ST/STM32_USB_Host_Library/Core/Src/usbh_ctlreq.c ****       }
 1427              		.loc 1 714 30 is_stmt 0 view .LVU502
 1428 003a 0023     		movs	r3, #0
ARM GAS  /tmp/ccoUEE4u.s 			page 52


 1429 003c 2376     		strb	r3, [r4, #24]
 1430 003e EEE7     		b	.L101
 1431              		.cfi_endproc
 1432              	.LFE148:
 1434              		.section	.text.USBH_GetDescriptor,"ax",%progbits
 1435              		.align	1
 1436              		.global	USBH_GetDescriptor
 1437              		.syntax unified
 1438              		.thumb
 1439              		.thumb_func
 1441              	USBH_GetDescriptor:
 1442              	.LVL123:
 1443              	.LFB136:
 199:Middlewares/ST/STM32_USB_Host_Library/Core/Src/usbh_ctlreq.c ****   if (phost->RequestState == CMD_SEND)
 1444              		.loc 1 199 1 is_stmt 1 view -0
 1445              		.cfi_startproc
 1446              		@ args = 4, pretend = 0, frame = 0
 1447              		@ frame_needed = 0, uses_anonymous_args = 0
 199:Middlewares/ST/STM32_USB_Host_Library/Core/Src/usbh_ctlreq.c ****   if (phost->RequestState == CMD_SEND)
 1448              		.loc 1 199 1 is_stmt 0 view .LVU504
 1449 0000 08B5     		push	{r3, lr}
 1450              	.LCFI12:
 1451              		.cfi_def_cfa_offset 8
 1452              		.cfi_offset 3, -8
 1453              		.cfi_offset 14, -4
 1454 0002 8E46     		mov	lr, r1
 1455 0004 9446     		mov	ip, r2
 1456 0006 1946     		mov	r1, r3
 1457              	.LVL124:
 199:Middlewares/ST/STM32_USB_Host_Library/Core/Src/usbh_ctlreq.c ****   if (phost->RequestState == CMD_SEND)
 1458              		.loc 1 199 1 view .LVU505
 1459 0008 BDF80820 		ldrh	r2, [sp, #8]
 1460              	.LVL125:
 200:Middlewares/ST/STM32_USB_Host_Library/Core/Src/usbh_ctlreq.c ****   {
 1461              		.loc 1 200 3 is_stmt 1 view .LVU506
 200:Middlewares/ST/STM32_USB_Host_Library/Core/Src/usbh_ctlreq.c ****   {
 1462              		.loc 1 200 12 is_stmt 0 view .LVU507
 1463 000c 8378     		ldrb	r3, [r0, #2]	@ zero_extendqisi2
 1464              	.LVL126:
 200:Middlewares/ST/STM32_USB_Host_Library/Core/Src/usbh_ctlreq.c ****   {
 1465              		.loc 1 200 6 view .LVU508
 1466 000e 012B     		cmp	r3, #1
 1467 0010 02D0     		beq	.L110
 1468              	.LVL127:
 1469              	.L106:
 217:Middlewares/ST/STM32_USB_Host_Library/Core/Src/usbh_ctlreq.c **** }
 1470              		.loc 1 217 3 is_stmt 1 view .LVU509
 217:Middlewares/ST/STM32_USB_Host_Library/Core/Src/usbh_ctlreq.c **** }
 1471              		.loc 1 217 10 is_stmt 0 view .LVU510
 1472 0012 FFF7FEFF 		bl	USBH_CtlReq
 1473              	.LVL128:
 218:Middlewares/ST/STM32_USB_Host_Library/Core/Src/usbh_ctlreq.c **** 
 1474              		.loc 1 218 1 view .LVU511
 1475 0016 08BD     		pop	{r3, pc}
 1476              	.LVL129:
 1477              	.L110:
 202:Middlewares/ST/STM32_USB_Host_Library/Core/Src/usbh_ctlreq.c ****     phost->Control.setup.b.bRequest = USB_REQ_GET_DESCRIPTOR;
ARM GAS  /tmp/ccoUEE4u.s 			page 53


 1478              		.loc 1 202 5 is_stmt 1 view .LVU512
 202:Middlewares/ST/STM32_USB_Host_Library/Core/Src/usbh_ctlreq.c ****     phost->Control.setup.b.bRequest = USB_REQ_GET_DESCRIPTOR;
 1479              		.loc 1 202 42 is_stmt 0 view .LVU513
 1480 0018 6EF07F0E 		orn	lr, lr, #127
 1481 001c 80F810E0 		strb	lr, [r0, #16]
 203:Middlewares/ST/STM32_USB_Host_Library/Core/Src/usbh_ctlreq.c ****     phost->Control.setup.b.wValue.w = value_idx;
 1482              		.loc 1 203 5 is_stmt 1 view .LVU514
 203:Middlewares/ST/STM32_USB_Host_Library/Core/Src/usbh_ctlreq.c ****     phost->Control.setup.b.wValue.w = value_idx;
 1483              		.loc 1 203 37 is_stmt 0 view .LVU515
 1484 0020 0623     		movs	r3, #6
 1485 0022 4374     		strb	r3, [r0, #17]
 204:Middlewares/ST/STM32_USB_Host_Library/Core/Src/usbh_ctlreq.c **** 
 1486              		.loc 1 204 5 is_stmt 1 view .LVU516
 204:Middlewares/ST/STM32_USB_Host_Library/Core/Src/usbh_ctlreq.c **** 
 1487              		.loc 1 204 37 is_stmt 0 view .LVU517
 1488 0024 A0F812C0 		strh	ip, [r0, #18]	@ movhi
 206:Middlewares/ST/STM32_USB_Host_Library/Core/Src/usbh_ctlreq.c ****     {
 1489              		.loc 1 206 5 is_stmt 1 view .LVU518
 206:Middlewares/ST/STM32_USB_Host_Library/Core/Src/usbh_ctlreq.c ****     {
 1490              		.loc 1 206 8 is_stmt 0 view .LVU519
 1491 0028 0CF47F4C 		and	ip, ip, #65280
 1492 002c BCF5407F 		cmp	ip, #768
 1493 0030 03D0     		beq	.L111
 212:Middlewares/ST/STM32_USB_Host_Library/Core/Src/usbh_ctlreq.c ****     }
 1494              		.loc 1 212 7 is_stmt 1 view .LVU520
 212:Middlewares/ST/STM32_USB_Host_Library/Core/Src/usbh_ctlreq.c ****     }
 1495              		.loc 1 212 39 is_stmt 0 view .LVU521
 1496 0032 0023     		movs	r3, #0
 1497 0034 8382     		strh	r3, [r0, #20]	@ movhi
 1498              	.L108:
 214:Middlewares/ST/STM32_USB_Host_Library/Core/Src/usbh_ctlreq.c ****   }
 1499              		.loc 1 214 5 is_stmt 1 view .LVU522
 214:Middlewares/ST/STM32_USB_Host_Library/Core/Src/usbh_ctlreq.c ****   }
 1500              		.loc 1 214 38 is_stmt 0 view .LVU523
 1501 0036 C282     		strh	r2, [r0, #22]	@ movhi
 1502 0038 EBE7     		b	.L106
 1503              	.L111:
 208:Middlewares/ST/STM32_USB_Host_Library/Core/Src/usbh_ctlreq.c ****     }
 1504              		.loc 1 208 7 is_stmt 1 view .LVU524
 208:Middlewares/ST/STM32_USB_Host_Library/Core/Src/usbh_ctlreq.c ****     }
 1505              		.loc 1 208 39 is_stmt 0 view .LVU525
 1506 003a 40F20943 		movw	r3, #1033
 1507 003e 8382     		strh	r3, [r0, #20]	@ movhi
 1508 0040 F9E7     		b	.L108
 1509              		.cfi_endproc
 1510              	.LFE136:
 1512              		.section	.text.USBH_Get_DevDesc,"ax",%progbits
 1513              		.align	1
 1514              		.global	USBH_Get_DevDesc
 1515              		.syntax unified
 1516              		.thumb
 1517              		.thumb_func
 1519              	USBH_Get_DevDesc:
 1520              	.LVL130:
 1521              	.LFB133:
 104:Middlewares/ST/STM32_USB_Host_Library/Core/Src/usbh_ctlreq.c ****   USBH_StatusTypeDef status;
 1522              		.loc 1 104 1 is_stmt 1 view -0
ARM GAS  /tmp/ccoUEE4u.s 			page 54


 1523              		.cfi_startproc
 1524              		@ args = 0, pretend = 0, frame = 0
 1525              		@ frame_needed = 0, uses_anonymous_args = 0
 104:Middlewares/ST/STM32_USB_Host_Library/Core/Src/usbh_ctlreq.c ****   USBH_StatusTypeDef status;
 1526              		.loc 1 104 1 is_stmt 0 view .LVU527
 1527 0000 F0B5     		push	{r4, r5, r6, r7, lr}
 1528              	.LCFI13:
 1529              		.cfi_def_cfa_offset 20
 1530              		.cfi_offset 4, -20
 1531              		.cfi_offset 5, -16
 1532              		.cfi_offset 6, -12
 1533              		.cfi_offset 7, -8
 1534              		.cfi_offset 14, -4
 1535 0002 83B0     		sub	sp, sp, #12
 1536              	.LCFI14:
 1537              		.cfi_def_cfa_offset 32
 1538 0004 0446     		mov	r4, r0
 1539 0006 0D46     		mov	r5, r1
 105:Middlewares/ST/STM32_USB_Host_Library/Core/Src/usbh_ctlreq.c **** 
 1540              		.loc 1 105 3 is_stmt 1 view .LVU528
 107:Middlewares/ST/STM32_USB_Host_Library/Core/Src/usbh_ctlreq.c ****                               USB_REQ_RECIPIENT_DEVICE | USB_REQ_TYPE_STANDARD,
 1541              		.loc 1 107 3 view .LVU529
 109:Middlewares/ST/STM32_USB_Host_Library/Core/Src/usbh_ctlreq.c ****                               (uint16_t)length);
 1542              		.loc 1 109 61 is_stmt 0 view .LVU530
 1543 0008 00F58E76 		add	r6, r0, #284
 107:Middlewares/ST/STM32_USB_Host_Library/Core/Src/usbh_ctlreq.c ****                               USB_REQ_RECIPIENT_DEVICE | USB_REQ_TYPE_STANDARD,
 1544              		.loc 1 107 12 view .LVU531
 1545 000c 0091     		str	r1, [sp]
 1546 000e 3346     		mov	r3, r6
 1547 0010 4FF48072 		mov	r2, #256
 1548 0014 0021     		movs	r1, #0
 1549              	.LVL131:
 107:Middlewares/ST/STM32_USB_Host_Library/Core/Src/usbh_ctlreq.c ****                               USB_REQ_RECIPIENT_DEVICE | USB_REQ_TYPE_STANDARD,
 1550              		.loc 1 107 12 view .LVU532
 1551 0016 FFF7FEFF 		bl	USBH_GetDescriptor
 1552              	.LVL132:
 112:Middlewares/ST/STM32_USB_Host_Library/Core/Src/usbh_ctlreq.c ****   {
 1553              		.loc 1 112 3 is_stmt 1 view .LVU533
 112:Middlewares/ST/STM32_USB_Host_Library/Core/Src/usbh_ctlreq.c ****   {
 1554              		.loc 1 112 6 is_stmt 0 view .LVU534
 1555 001a 0746     		mov	r7, r0
 1556 001c 10B1     		cbz	r0, .L115
 1557              	.LVL133:
 1558              	.L113:
 119:Middlewares/ST/STM32_USB_Host_Library/Core/Src/usbh_ctlreq.c **** }
 1559              		.loc 1 119 3 is_stmt 1 view .LVU535
 120:Middlewares/ST/STM32_USB_Host_Library/Core/Src/usbh_ctlreq.c **** 
 1560              		.loc 1 120 1 is_stmt 0 view .LVU536
 1561 001e 3846     		mov	r0, r7
 1562 0020 03B0     		add	sp, sp, #12
 1563              	.LCFI15:
 1564              		.cfi_remember_state
 1565              		.cfi_def_cfa_offset 20
 1566              		@ sp needed
 1567 0022 F0BD     		pop	{r4, r5, r6, r7, pc}
 1568              	.LVL134:
 1569              	.L115:
ARM GAS  /tmp/ccoUEE4u.s 			page 55


 1570              	.LCFI16:
 1571              		.cfi_restore_state
 115:Middlewares/ST/STM32_USB_Host_Library/Core/Src/usbh_ctlreq.c ****                       (uint16_t)length);
 1572              		.loc 1 115 5 is_stmt 1 view .LVU537
 1573 0024 2A46     		mov	r2, r5
 1574 0026 3146     		mov	r1, r6
 1575 0028 04F22630 		addw	r0, r4, #806
 1576              	.LVL135:
 115:Middlewares/ST/STM32_USB_Host_Library/Core/Src/usbh_ctlreq.c ****                       (uint16_t)length);
 1577              		.loc 1 115 5 is_stmt 0 view .LVU538
 1578 002c FFF7FEFF 		bl	USBH_ParseDevDesc
 1579              	.LVL136:
 1580 0030 F5E7     		b	.L113
 1581              		.cfi_endproc
 1582              	.LFE133:
 1584              		.section	.text.USBH_Get_CfgDesc,"ax",%progbits
 1585              		.align	1
 1586              		.global	USBH_Get_CfgDesc
 1587              		.syntax unified
 1588              		.thumb
 1589              		.thumb_func
 1591              	USBH_Get_CfgDesc:
 1592              	.LVL137:
 1593              	.LFB134:
 135:Middlewares/ST/STM32_USB_Host_Library/Core/Src/usbh_ctlreq.c ****   USBH_StatusTypeDef status;
 1594              		.loc 1 135 1 is_stmt 1 view -0
 1595              		.cfi_startproc
 1596              		@ args = 0, pretend = 0, frame = 0
 1597              		@ frame_needed = 0, uses_anonymous_args = 0
 135:Middlewares/ST/STM32_USB_Host_Library/Core/Src/usbh_ctlreq.c ****   USBH_StatusTypeDef status;
 1598              		.loc 1 135 1 is_stmt 0 view .LVU540
 1599 0000 70B5     		push	{r4, r5, r6, lr}
 1600              	.LCFI17:
 1601              		.cfi_def_cfa_offset 16
 1602              		.cfi_offset 4, -16
 1603              		.cfi_offset 5, -12
 1604              		.cfi_offset 6, -8
 1605              		.cfi_offset 14, -4
 1606 0002 82B0     		sub	sp, sp, #8
 1607              	.LCFI18:
 1608              		.cfi_def_cfa_offset 24
 1609 0004 0446     		mov	r4, r0
 1610 0006 0D46     		mov	r5, r1
 136:Middlewares/ST/STM32_USB_Host_Library/Core/Src/usbh_ctlreq.c ****   uint8_t *pData = phost->device.CfgDesc_Raw;
 1611              		.loc 1 136 3 is_stmt 1 view .LVU541
 137:Middlewares/ST/STM32_USB_Host_Library/Core/Src/usbh_ctlreq.c **** 
 1612              		.loc 1 137 3 view .LVU542
 137:Middlewares/ST/STM32_USB_Host_Library/Core/Src/usbh_ctlreq.c **** 
 1613              		.loc 1 137 12 is_stmt 0 view .LVU543
 1614 0008 00F11C06 		add	r6, r0, #28
 1615              	.LVL138:
 139:Middlewares/ST/STM32_USB_Host_Library/Core/Src/usbh_ctlreq.c ****                               USB_DESC_CONFIGURATION, pData, length);
 1616              		.loc 1 139 3 is_stmt 1 view .LVU544
 139:Middlewares/ST/STM32_USB_Host_Library/Core/Src/usbh_ctlreq.c ****                               USB_DESC_CONFIGURATION, pData, length);
 1617              		.loc 1 139 12 is_stmt 0 view .LVU545
 1618 000c 0091     		str	r1, [sp]
 1619 000e 3346     		mov	r3, r6
ARM GAS  /tmp/ccoUEE4u.s 			page 56


 1620 0010 4FF40072 		mov	r2, #512
 1621 0014 0021     		movs	r1, #0
 1622              	.LVL139:
 139:Middlewares/ST/STM32_USB_Host_Library/Core/Src/usbh_ctlreq.c ****                               USB_DESC_CONFIGURATION, pData, length);
 1623              		.loc 1 139 12 view .LVU546
 1624 0016 FFF7FEFF 		bl	USBH_GetDescriptor
 1625              	.LVL140:
 142:Middlewares/ST/STM32_USB_Host_Library/Core/Src/usbh_ctlreq.c ****   {
 1626              		.loc 1 142 3 is_stmt 1 view .LVU547
 142:Middlewares/ST/STM32_USB_Host_Library/Core/Src/usbh_ctlreq.c ****   {
 1627              		.loc 1 142 6 is_stmt 0 view .LVU548
 1628 001a 08B1     		cbz	r0, .L119
 1629              	.L117:
 1630              	.LVL141:
 148:Middlewares/ST/STM32_USB_Host_Library/Core/Src/usbh_ctlreq.c **** }
 1631              		.loc 1 148 3 is_stmt 1 view .LVU549
 149:Middlewares/ST/STM32_USB_Host_Library/Core/Src/usbh_ctlreq.c **** 
 1632              		.loc 1 149 1 is_stmt 0 view .LVU550
 1633 001c 02B0     		add	sp, sp, #8
 1634              	.LCFI19:
 1635              		.cfi_remember_state
 1636              		.cfi_def_cfa_offset 16
 1637              		@ sp needed
 1638 001e 70BD     		pop	{r4, r5, r6, pc}
 1639              	.LVL142:
 1640              	.L119:
 1641              	.LCFI20:
 1642              		.cfi_restore_state
 145:Middlewares/ST/STM32_USB_Host_Library/Core/Src/usbh_ctlreq.c ****   }
 1643              		.loc 1 145 5 is_stmt 1 view .LVU551
 145:Middlewares/ST/STM32_USB_Host_Library/Core/Src/usbh_ctlreq.c ****   }
 1644              		.loc 1 145 14 is_stmt 0 view .LVU552
 1645 0020 2A46     		mov	r2, r5
 1646 0022 3146     		mov	r1, r6
 1647 0024 2046     		mov	r0, r4
 1648 0026 FFF7FEFF 		bl	USBH_ParseCfgDesc
 1649              	.LVL143:
 1650 002a F7E7     		b	.L117
 1651              		.cfi_endproc
 1652              	.LFE134:
 1654              		.section	.text.USBH_Get_StringDesc,"ax",%progbits
 1655              		.align	1
 1656              		.global	USBH_Get_StringDesc
 1657              		.syntax unified
 1658              		.thumb
 1659              		.thumb_func
 1661              	USBH_Get_StringDesc:
 1662              	.LVL144:
 1663              	.LFB135:
 165:Middlewares/ST/STM32_USB_Host_Library/Core/Src/usbh_ctlreq.c ****   USBH_StatusTypeDef status;
 1664              		.loc 1 165 1 is_stmt 1 view -0
 1665              		.cfi_startproc
 1666              		@ args = 0, pretend = 0, frame = 0
 1667              		@ frame_needed = 0, uses_anonymous_args = 0
 165:Middlewares/ST/STM32_USB_Host_Library/Core/Src/usbh_ctlreq.c ****   USBH_StatusTypeDef status;
 1668              		.loc 1 165 1 is_stmt 0 view .LVU554
 1669 0000 F0B5     		push	{r4, r5, r6, r7, lr}
ARM GAS  /tmp/ccoUEE4u.s 			page 57


 1670              	.LCFI21:
 1671              		.cfi_def_cfa_offset 20
 1672              		.cfi_offset 4, -20
 1673              		.cfi_offset 5, -16
 1674              		.cfi_offset 6, -12
 1675              		.cfi_offset 7, -8
 1676              		.cfi_offset 14, -4
 1677 0002 83B0     		sub	sp, sp, #12
 1678              	.LCFI22:
 1679              		.cfi_def_cfa_offset 32
 1680 0004 1646     		mov	r6, r2
 1681 0006 1D46     		mov	r5, r3
 166:Middlewares/ST/STM32_USB_Host_Library/Core/Src/usbh_ctlreq.c **** 
 1682              		.loc 1 166 3 is_stmt 1 view .LVU555
 168:Middlewares/ST/STM32_USB_Host_Library/Core/Src/usbh_ctlreq.c ****                               USB_REQ_RECIPIENT_DEVICE | USB_REQ_TYPE_STANDARD,
 1683              		.loc 1 168 3 view .LVU556
 171:Middlewares/ST/STM32_USB_Host_Library/Core/Src/usbh_ctlreq.c **** 
 1684              		.loc 1 171 44 is_stmt 0 view .LVU557
 1685 0008 00F58E74 		add	r4, r0, #284
 168:Middlewares/ST/STM32_USB_Host_Library/Core/Src/usbh_ctlreq.c ****                               USB_REQ_RECIPIENT_DEVICE | USB_REQ_TYPE_STANDARD,
 1686              		.loc 1 168 12 view .LVU558
 1687 000c 0093     		str	r3, [sp]
 1688 000e 2346     		mov	r3, r4
 1689              	.LVL145:
 168:Middlewares/ST/STM32_USB_Host_Library/Core/Src/usbh_ctlreq.c ****                               USB_REQ_RECIPIENT_DEVICE | USB_REQ_TYPE_STANDARD,
 1690              		.loc 1 168 12 view .LVU559
 1691 0010 41F44072 		orr	r2, r1, #768
 1692              	.LVL146:
 168:Middlewares/ST/STM32_USB_Host_Library/Core/Src/usbh_ctlreq.c ****                               USB_REQ_RECIPIENT_DEVICE | USB_REQ_TYPE_STANDARD,
 1693              		.loc 1 168 12 view .LVU560
 1694 0014 0021     		movs	r1, #0
 1695              	.LVL147:
 168:Middlewares/ST/STM32_USB_Host_Library/Core/Src/usbh_ctlreq.c ****                               USB_REQ_RECIPIENT_DEVICE | USB_REQ_TYPE_STANDARD,
 1696              		.loc 1 168 12 view .LVU561
 1697 0016 FFF7FEFF 		bl	USBH_GetDescriptor
 1698              	.LVL148:
 173:Middlewares/ST/STM32_USB_Host_Library/Core/Src/usbh_ctlreq.c ****   {
 1699              		.loc 1 173 3 is_stmt 1 view .LVU562
 173:Middlewares/ST/STM32_USB_Host_Library/Core/Src/usbh_ctlreq.c ****   {
 1700              		.loc 1 173 6 is_stmt 0 view .LVU563
 1701 001a 0746     		mov	r7, r0
 1702 001c 10B1     		cbz	r0, .L123
 1703              	.LVL149:
 1704              	.L121:
 179:Middlewares/ST/STM32_USB_Host_Library/Core/Src/usbh_ctlreq.c **** }
 1705              		.loc 1 179 3 is_stmt 1 view .LVU564
 180:Middlewares/ST/STM32_USB_Host_Library/Core/Src/usbh_ctlreq.c **** 
 1706              		.loc 1 180 1 is_stmt 0 view .LVU565
 1707 001e 3846     		mov	r0, r7
 1708 0020 03B0     		add	sp, sp, #12
 1709              	.LCFI23:
 1710              		.cfi_remember_state
 1711              		.cfi_def_cfa_offset 20
 1712              		@ sp needed
 1713 0022 F0BD     		pop	{r4, r5, r6, r7, pc}
 1714              	.LVL150:
 1715              	.L123:
ARM GAS  /tmp/ccoUEE4u.s 			page 58


 1716              	.LCFI24:
 1717              		.cfi_restore_state
 176:Middlewares/ST/STM32_USB_Host_Library/Core/Src/usbh_ctlreq.c ****   }
 1718              		.loc 1 176 5 is_stmt 1 view .LVU566
 1719 0024 2A46     		mov	r2, r5
 1720 0026 3146     		mov	r1, r6
 1721 0028 2046     		mov	r0, r4
 1722              	.LVL151:
 176:Middlewares/ST/STM32_USB_Host_Library/Core/Src/usbh_ctlreq.c ****   }
 1723              		.loc 1 176 5 is_stmt 0 view .LVU567
 1724 002a FFF7FEFF 		bl	USBH_ParseStringDesc
 1725              	.LVL152:
 1726 002e F6E7     		b	.L121
 1727              		.cfi_endproc
 1728              	.LFE135:
 1730              		.section	.text.USBH_SetAddress,"ax",%progbits
 1731              		.align	1
 1732              		.global	USBH_SetAddress
 1733              		.syntax unified
 1734              		.thumb
 1735              		.thumb_func
 1737              	USBH_SetAddress:
 1738              	.LVL153:
 1739              	.LFB137:
 230:Middlewares/ST/STM32_USB_Host_Library/Core/Src/usbh_ctlreq.c ****   if (phost->RequestState == CMD_SEND)
 1740              		.loc 1 230 1 is_stmt 1 view -0
 1741              		.cfi_startproc
 1742              		@ args = 0, pretend = 0, frame = 0
 1743              		@ frame_needed = 0, uses_anonymous_args = 0
 230:Middlewares/ST/STM32_USB_Host_Library/Core/Src/usbh_ctlreq.c ****   if (phost->RequestState == CMD_SEND)
 1744              		.loc 1 230 1 is_stmt 0 view .LVU569
 1745 0000 08B5     		push	{r3, lr}
 1746              	.LCFI25:
 1747              		.cfi_def_cfa_offset 8
 1748              		.cfi_offset 3, -8
 1749              		.cfi_offset 14, -4
 231:Middlewares/ST/STM32_USB_Host_Library/Core/Src/usbh_ctlreq.c ****   {
 1750              		.loc 1 231 3 is_stmt 1 view .LVU570
 231:Middlewares/ST/STM32_USB_Host_Library/Core/Src/usbh_ctlreq.c ****   {
 1751              		.loc 1 231 12 is_stmt 0 view .LVU571
 1752 0002 8378     		ldrb	r3, [r0, #2]	@ zero_extendqisi2
 231:Middlewares/ST/STM32_USB_Host_Library/Core/Src/usbh_ctlreq.c ****   {
 1753              		.loc 1 231 6 view .LVU572
 1754 0004 012B     		cmp	r3, #1
 1755 0006 04D0     		beq	.L127
 1756              	.L125:
 243:Middlewares/ST/STM32_USB_Host_Library/Core/Src/usbh_ctlreq.c **** }
 1757              		.loc 1 243 3 is_stmt 1 view .LVU573
 243:Middlewares/ST/STM32_USB_Host_Library/Core/Src/usbh_ctlreq.c **** }
 1758              		.loc 1 243 10 is_stmt 0 view .LVU574
 1759 0008 0022     		movs	r2, #0
 1760 000a 1146     		mov	r1, r2
 1761              	.LVL154:
 243:Middlewares/ST/STM32_USB_Host_Library/Core/Src/usbh_ctlreq.c **** }
 1762              		.loc 1 243 10 view .LVU575
 1763 000c FFF7FEFF 		bl	USBH_CtlReq
 1764              	.LVL155:
ARM GAS  /tmp/ccoUEE4u.s 			page 59


 244:Middlewares/ST/STM32_USB_Host_Library/Core/Src/usbh_ctlreq.c **** 
 1765              		.loc 1 244 1 view .LVU576
 1766 0010 08BD     		pop	{r3, pc}
 1767              	.LVL156:
 1768              	.L127:
 233:Middlewares/ST/STM32_USB_Host_Library/Core/Src/usbh_ctlreq.c ****                                            USB_REQ_TYPE_STANDARD;
 1769              		.loc 1 233 5 is_stmt 1 view .LVU577
 233:Middlewares/ST/STM32_USB_Host_Library/Core/Src/usbh_ctlreq.c ****                                            USB_REQ_TYPE_STANDARD;
 1770              		.loc 1 233 42 is_stmt 0 view .LVU578
 1771 0012 0023     		movs	r3, #0
 1772 0014 0374     		strb	r3, [r0, #16]
 236:Middlewares/ST/STM32_USB_Host_Library/Core/Src/usbh_ctlreq.c **** 
 1773              		.loc 1 236 5 is_stmt 1 view .LVU579
 236:Middlewares/ST/STM32_USB_Host_Library/Core/Src/usbh_ctlreq.c **** 
 1774              		.loc 1 236 37 is_stmt 0 view .LVU580
 1775 0016 0522     		movs	r2, #5
 1776 0018 4274     		strb	r2, [r0, #17]
 238:Middlewares/ST/STM32_USB_Host_Library/Core/Src/usbh_ctlreq.c ****     phost->Control.setup.b.wIndex.w = 0U;
 1777              		.loc 1 238 5 is_stmt 1 view .LVU581
 238:Middlewares/ST/STM32_USB_Host_Library/Core/Src/usbh_ctlreq.c ****     phost->Control.setup.b.wIndex.w = 0U;
 1778              		.loc 1 238 37 is_stmt 0 view .LVU582
 1779 001a 4182     		strh	r1, [r0, #18]	@ movhi
 239:Middlewares/ST/STM32_USB_Host_Library/Core/Src/usbh_ctlreq.c ****     phost->Control.setup.b.wLength.w = 0U;
 1780              		.loc 1 239 5 is_stmt 1 view .LVU583
 239:Middlewares/ST/STM32_USB_Host_Library/Core/Src/usbh_ctlreq.c ****     phost->Control.setup.b.wLength.w = 0U;
 1781              		.loc 1 239 37 is_stmt 0 view .LVU584
 1782 001c 8382     		strh	r3, [r0, #20]	@ movhi
 240:Middlewares/ST/STM32_USB_Host_Library/Core/Src/usbh_ctlreq.c ****   }
 1783              		.loc 1 240 5 is_stmt 1 view .LVU585
 240:Middlewares/ST/STM32_USB_Host_Library/Core/Src/usbh_ctlreq.c ****   }
 1784              		.loc 1 240 38 is_stmt 0 view .LVU586
 1785 001e C382     		strh	r3, [r0, #22]	@ movhi
 1786 0020 F2E7     		b	.L125
 1787              		.cfi_endproc
 1788              	.LFE137:
 1790              		.section	.text.USBH_SetCfg,"ax",%progbits
 1791              		.align	1
 1792              		.global	USBH_SetCfg
 1793              		.syntax unified
 1794              		.thumb
 1795              		.thumb_func
 1797              	USBH_SetCfg:
 1798              	.LVL157:
 1799              	.LFB138:
 255:Middlewares/ST/STM32_USB_Host_Library/Core/Src/usbh_ctlreq.c ****   if (phost->RequestState == CMD_SEND)
 1800              		.loc 1 255 1 is_stmt 1 view -0
 1801              		.cfi_startproc
 1802              		@ args = 0, pretend = 0, frame = 0
 1803              		@ frame_needed = 0, uses_anonymous_args = 0
 255:Middlewares/ST/STM32_USB_Host_Library/Core/Src/usbh_ctlreq.c ****   if (phost->RequestState == CMD_SEND)
 1804              		.loc 1 255 1 is_stmt 0 view .LVU588
 1805 0000 08B5     		push	{r3, lr}
 1806              	.LCFI26:
 1807              		.cfi_def_cfa_offset 8
 1808              		.cfi_offset 3, -8
 1809              		.cfi_offset 14, -4
 256:Middlewares/ST/STM32_USB_Host_Library/Core/Src/usbh_ctlreq.c ****   {
ARM GAS  /tmp/ccoUEE4u.s 			page 60


 1810              		.loc 1 256 3 is_stmt 1 view .LVU589
 256:Middlewares/ST/STM32_USB_Host_Library/Core/Src/usbh_ctlreq.c ****   {
 1811              		.loc 1 256 12 is_stmt 0 view .LVU590
 1812 0002 8378     		ldrb	r3, [r0, #2]	@ zero_extendqisi2
 256:Middlewares/ST/STM32_USB_Host_Library/Core/Src/usbh_ctlreq.c ****   {
 1813              		.loc 1 256 6 view .LVU591
 1814 0004 012B     		cmp	r3, #1
 1815 0006 04D0     		beq	.L131
 1816              	.L129:
 267:Middlewares/ST/STM32_USB_Host_Library/Core/Src/usbh_ctlreq.c **** }
 1817              		.loc 1 267 3 is_stmt 1 view .LVU592
 267:Middlewares/ST/STM32_USB_Host_Library/Core/Src/usbh_ctlreq.c **** }
 1818              		.loc 1 267 10 is_stmt 0 view .LVU593
 1819 0008 0022     		movs	r2, #0
 1820 000a 1146     		mov	r1, r2
 1821              	.LVL158:
 267:Middlewares/ST/STM32_USB_Host_Library/Core/Src/usbh_ctlreq.c **** }
 1822              		.loc 1 267 10 view .LVU594
 1823 000c FFF7FEFF 		bl	USBH_CtlReq
 1824              	.LVL159:
 268:Middlewares/ST/STM32_USB_Host_Library/Core/Src/usbh_ctlreq.c **** 
 1825              		.loc 1 268 1 view .LVU595
 1826 0010 08BD     		pop	{r3, pc}
 1827              	.LVL160:
 1828              	.L131:
 258:Middlewares/ST/STM32_USB_Host_Library/Core/Src/usbh_ctlreq.c ****                                            | USB_REQ_TYPE_STANDARD;
 1829              		.loc 1 258 5 is_stmt 1 view .LVU596
 258:Middlewares/ST/STM32_USB_Host_Library/Core/Src/usbh_ctlreq.c ****                                            | USB_REQ_TYPE_STANDARD;
 1830              		.loc 1 258 42 is_stmt 0 view .LVU597
 1831 0012 0023     		movs	r3, #0
 1832 0014 0374     		strb	r3, [r0, #16]
 261:Middlewares/ST/STM32_USB_Host_Library/Core/Src/usbh_ctlreq.c ****     phost->Control.setup.b.wValue.w = cfg_idx;
 1833              		.loc 1 261 5 is_stmt 1 view .LVU598
 261:Middlewares/ST/STM32_USB_Host_Library/Core/Src/usbh_ctlreq.c ****     phost->Control.setup.b.wValue.w = cfg_idx;
 1834              		.loc 1 261 37 is_stmt 0 view .LVU599
 1835 0016 0922     		movs	r2, #9
 1836 0018 4274     		strb	r2, [r0, #17]
 262:Middlewares/ST/STM32_USB_Host_Library/Core/Src/usbh_ctlreq.c ****     phost->Control.setup.b.wIndex.w = 0U;
 1837              		.loc 1 262 5 is_stmt 1 view .LVU600
 262:Middlewares/ST/STM32_USB_Host_Library/Core/Src/usbh_ctlreq.c ****     phost->Control.setup.b.wIndex.w = 0U;
 1838              		.loc 1 262 37 is_stmt 0 view .LVU601
 1839 001a 4182     		strh	r1, [r0, #18]	@ movhi
 263:Middlewares/ST/STM32_USB_Host_Library/Core/Src/usbh_ctlreq.c ****     phost->Control.setup.b.wLength.w = 0U;
 1840              		.loc 1 263 5 is_stmt 1 view .LVU602
 263:Middlewares/ST/STM32_USB_Host_Library/Core/Src/usbh_ctlreq.c ****     phost->Control.setup.b.wLength.w = 0U;
 1841              		.loc 1 263 37 is_stmt 0 view .LVU603
 1842 001c 8382     		strh	r3, [r0, #20]	@ movhi
 264:Middlewares/ST/STM32_USB_Host_Library/Core/Src/usbh_ctlreq.c ****   }
 1843              		.loc 1 264 5 is_stmt 1 view .LVU604
 264:Middlewares/ST/STM32_USB_Host_Library/Core/Src/usbh_ctlreq.c ****   }
 1844              		.loc 1 264 38 is_stmt 0 view .LVU605
 1845 001e C382     		strh	r3, [r0, #22]	@ movhi
 1846 0020 F2E7     		b	.L129
 1847              		.cfi_endproc
 1848              	.LFE138:
 1850              		.section	.text.USBH_SetInterface,"ax",%progbits
 1851              		.align	1
ARM GAS  /tmp/ccoUEE4u.s 			page 61


 1852              		.global	USBH_SetInterface
 1853              		.syntax unified
 1854              		.thumb
 1855              		.thumb_func
 1857              	USBH_SetInterface:
 1858              	.LVL161:
 1859              	.LFB139:
 280:Middlewares/ST/STM32_USB_Host_Library/Core/Src/usbh_ctlreq.c ****   if (phost->RequestState == CMD_SEND)
 1860              		.loc 1 280 1 is_stmt 1 view -0
 1861              		.cfi_startproc
 1862              		@ args = 0, pretend = 0, frame = 0
 1863              		@ frame_needed = 0, uses_anonymous_args = 0
 280:Middlewares/ST/STM32_USB_Host_Library/Core/Src/usbh_ctlreq.c ****   if (phost->RequestState == CMD_SEND)
 1864              		.loc 1 280 1 is_stmt 0 view .LVU607
 1865 0000 08B5     		push	{r3, lr}
 1866              	.LCFI27:
 1867              		.cfi_def_cfa_offset 8
 1868              		.cfi_offset 3, -8
 1869              		.cfi_offset 14, -4
 281:Middlewares/ST/STM32_USB_Host_Library/Core/Src/usbh_ctlreq.c ****   {
 1870              		.loc 1 281 3 is_stmt 1 view .LVU608
 281:Middlewares/ST/STM32_USB_Host_Library/Core/Src/usbh_ctlreq.c ****   {
 1871              		.loc 1 281 12 is_stmt 0 view .LVU609
 1872 0002 8378     		ldrb	r3, [r0, #2]	@ zero_extendqisi2
 281:Middlewares/ST/STM32_USB_Host_Library/Core/Src/usbh_ctlreq.c ****   {
 1873              		.loc 1 281 6 view .LVU610
 1874 0004 012B     		cmp	r3, #1
 1875 0006 04D0     		beq	.L135
 1876              	.L133:
 292:Middlewares/ST/STM32_USB_Host_Library/Core/Src/usbh_ctlreq.c **** }
 1877              		.loc 1 292 3 is_stmt 1 view .LVU611
 292:Middlewares/ST/STM32_USB_Host_Library/Core/Src/usbh_ctlreq.c **** }
 1878              		.loc 1 292 10 is_stmt 0 view .LVU612
 1879 0008 0022     		movs	r2, #0
 1880              	.LVL162:
 292:Middlewares/ST/STM32_USB_Host_Library/Core/Src/usbh_ctlreq.c **** }
 1881              		.loc 1 292 10 view .LVU613
 1882 000a 1146     		mov	r1, r2
 1883              	.LVL163:
 292:Middlewares/ST/STM32_USB_Host_Library/Core/Src/usbh_ctlreq.c **** }
 1884              		.loc 1 292 10 view .LVU614
 1885 000c FFF7FEFF 		bl	USBH_CtlReq
 1886              	.LVL164:
 293:Middlewares/ST/STM32_USB_Host_Library/Core/Src/usbh_ctlreq.c **** 
 1887              		.loc 1 293 1 view .LVU615
 1888 0010 08BD     		pop	{r3, pc}
 1889              	.LVL165:
 1890              	.L135:
 283:Middlewares/ST/STM32_USB_Host_Library/Core/Src/usbh_ctlreq.c ****                                            | USB_REQ_TYPE_STANDARD;
 1891              		.loc 1 283 5 is_stmt 1 view .LVU616
 283:Middlewares/ST/STM32_USB_Host_Library/Core/Src/usbh_ctlreq.c ****                                            | USB_REQ_TYPE_STANDARD;
 1892              		.loc 1 283 42 is_stmt 0 view .LVU617
 1893 0012 0374     		strb	r3, [r0, #16]
 286:Middlewares/ST/STM32_USB_Host_Library/Core/Src/usbh_ctlreq.c ****     phost->Control.setup.b.wValue.w = altSetting;
 1894              		.loc 1 286 5 is_stmt 1 view .LVU618
 286:Middlewares/ST/STM32_USB_Host_Library/Core/Src/usbh_ctlreq.c ****     phost->Control.setup.b.wValue.w = altSetting;
 1895              		.loc 1 286 37 is_stmt 0 view .LVU619
ARM GAS  /tmp/ccoUEE4u.s 			page 62


 1896 0014 0B23     		movs	r3, #11
 1897 0016 4374     		strb	r3, [r0, #17]
 287:Middlewares/ST/STM32_USB_Host_Library/Core/Src/usbh_ctlreq.c ****     phost->Control.setup.b.wIndex.w = ep_num;
 1898              		.loc 1 287 5 is_stmt 1 view .LVU620
 287:Middlewares/ST/STM32_USB_Host_Library/Core/Src/usbh_ctlreq.c ****     phost->Control.setup.b.wIndex.w = ep_num;
 1899              		.loc 1 287 37 is_stmt 0 view .LVU621
 1900 0018 4282     		strh	r2, [r0, #18]	@ movhi
 288:Middlewares/ST/STM32_USB_Host_Library/Core/Src/usbh_ctlreq.c ****     phost->Control.setup.b.wLength.w = 0U;
 1901              		.loc 1 288 5 is_stmt 1 view .LVU622
 288:Middlewares/ST/STM32_USB_Host_Library/Core/Src/usbh_ctlreq.c ****     phost->Control.setup.b.wLength.w = 0U;
 1902              		.loc 1 288 37 is_stmt 0 view .LVU623
 1903 001a 8182     		strh	r1, [r0, #20]	@ movhi
 289:Middlewares/ST/STM32_USB_Host_Library/Core/Src/usbh_ctlreq.c ****   }
 1904              		.loc 1 289 5 is_stmt 1 view .LVU624
 289:Middlewares/ST/STM32_USB_Host_Library/Core/Src/usbh_ctlreq.c ****   }
 1905              		.loc 1 289 38 is_stmt 0 view .LVU625
 1906 001c 0023     		movs	r3, #0
 1907 001e C382     		strh	r3, [r0, #22]	@ movhi
 1908 0020 F2E7     		b	.L133
 1909              		.cfi_endproc
 1910              	.LFE139:
 1912              		.section	.text.USBH_SetFeature,"ax",%progbits
 1913              		.align	1
 1914              		.global	USBH_SetFeature
 1915              		.syntax unified
 1916              		.thumb
 1917              		.thumb_func
 1919              	USBH_SetFeature:
 1920              	.LVL166:
 1921              	.LFB140:
 304:Middlewares/ST/STM32_USB_Host_Library/Core/Src/usbh_ctlreq.c ****   if (phost->RequestState == CMD_SEND)
 1922              		.loc 1 304 1 is_stmt 1 view -0
 1923              		.cfi_startproc
 1924              		@ args = 0, pretend = 0, frame = 0
 1925              		@ frame_needed = 0, uses_anonymous_args = 0
 304:Middlewares/ST/STM32_USB_Host_Library/Core/Src/usbh_ctlreq.c ****   if (phost->RequestState == CMD_SEND)
 1926              		.loc 1 304 1 is_stmt 0 view .LVU627
 1927 0000 08B5     		push	{r3, lr}
 1928              	.LCFI28:
 1929              		.cfi_def_cfa_offset 8
 1930              		.cfi_offset 3, -8
 1931              		.cfi_offset 14, -4
 305:Middlewares/ST/STM32_USB_Host_Library/Core/Src/usbh_ctlreq.c ****   {
 1932              		.loc 1 305 3 is_stmt 1 view .LVU628
 305:Middlewares/ST/STM32_USB_Host_Library/Core/Src/usbh_ctlreq.c ****   {
 1933              		.loc 1 305 12 is_stmt 0 view .LVU629
 1934 0002 8378     		ldrb	r3, [r0, #2]	@ zero_extendqisi2
 305:Middlewares/ST/STM32_USB_Host_Library/Core/Src/usbh_ctlreq.c ****   {
 1935              		.loc 1 305 6 view .LVU630
 1936 0004 012B     		cmp	r3, #1
 1937 0006 04D0     		beq	.L139
 1938              	.L137:
 316:Middlewares/ST/STM32_USB_Host_Library/Core/Src/usbh_ctlreq.c **** }
 1939              		.loc 1 316 3 is_stmt 1 view .LVU631
 316:Middlewares/ST/STM32_USB_Host_Library/Core/Src/usbh_ctlreq.c **** }
 1940              		.loc 1 316 10 is_stmt 0 view .LVU632
 1941 0008 0022     		movs	r2, #0
ARM GAS  /tmp/ccoUEE4u.s 			page 63


 1942 000a 1146     		mov	r1, r2
 1943              	.LVL167:
 316:Middlewares/ST/STM32_USB_Host_Library/Core/Src/usbh_ctlreq.c **** }
 1944              		.loc 1 316 10 view .LVU633
 1945 000c FFF7FEFF 		bl	USBH_CtlReq
 1946              	.LVL168:
 317:Middlewares/ST/STM32_USB_Host_Library/Core/Src/usbh_ctlreq.c **** 
 1947              		.loc 1 317 1 view .LVU634
 1948 0010 08BD     		pop	{r3, pc}
 1949              	.LVL169:
 1950              	.L139:
 307:Middlewares/ST/STM32_USB_Host_Library/Core/Src/usbh_ctlreq.c ****                                            | USB_REQ_TYPE_STANDARD;
 1951              		.loc 1 307 5 is_stmt 1 view .LVU635
 307:Middlewares/ST/STM32_USB_Host_Library/Core/Src/usbh_ctlreq.c ****                                            | USB_REQ_TYPE_STANDARD;
 1952              		.loc 1 307 42 is_stmt 0 view .LVU636
 1953 0012 0023     		movs	r3, #0
 1954 0014 0374     		strb	r3, [r0, #16]
 310:Middlewares/ST/STM32_USB_Host_Library/Core/Src/usbh_ctlreq.c ****     phost->Control.setup.b.wValue.w = wValue;
 1955              		.loc 1 310 5 is_stmt 1 view .LVU637
 310:Middlewares/ST/STM32_USB_Host_Library/Core/Src/usbh_ctlreq.c ****     phost->Control.setup.b.wValue.w = wValue;
 1956              		.loc 1 310 37 is_stmt 0 view .LVU638
 1957 0016 0322     		movs	r2, #3
 1958 0018 4274     		strb	r2, [r0, #17]
 311:Middlewares/ST/STM32_USB_Host_Library/Core/Src/usbh_ctlreq.c ****     phost->Control.setup.b.wIndex.w = 0U;
 1959              		.loc 1 311 5 is_stmt 1 view .LVU639
 311:Middlewares/ST/STM32_USB_Host_Library/Core/Src/usbh_ctlreq.c ****     phost->Control.setup.b.wIndex.w = 0U;
 1960              		.loc 1 311 37 is_stmt 0 view .LVU640
 1961 001a 4182     		strh	r1, [r0, #18]	@ movhi
 312:Middlewares/ST/STM32_USB_Host_Library/Core/Src/usbh_ctlreq.c ****     phost->Control.setup.b.wLength.w = 0U;
 1962              		.loc 1 312 5 is_stmt 1 view .LVU641
 312:Middlewares/ST/STM32_USB_Host_Library/Core/Src/usbh_ctlreq.c ****     phost->Control.setup.b.wLength.w = 0U;
 1963              		.loc 1 312 37 is_stmt 0 view .LVU642
 1964 001c 8382     		strh	r3, [r0, #20]	@ movhi
 313:Middlewares/ST/STM32_USB_Host_Library/Core/Src/usbh_ctlreq.c ****   }
 1965              		.loc 1 313 5 is_stmt 1 view .LVU643
 313:Middlewares/ST/STM32_USB_Host_Library/Core/Src/usbh_ctlreq.c ****   }
 1966              		.loc 1 313 38 is_stmt 0 view .LVU644
 1967 001e C382     		strh	r3, [r0, #22]	@ movhi
 1968 0020 F2E7     		b	.L137
 1969              		.cfi_endproc
 1970              	.LFE140:
 1972              		.section	.text.USBH_ClrFeature,"ax",%progbits
 1973              		.align	1
 1974              		.global	USBH_ClrFeature
 1975              		.syntax unified
 1976              		.thumb
 1977              		.thumb_func
 1979              	USBH_ClrFeature:
 1980              	.LVL170:
 1981              	.LFB141:
 329:Middlewares/ST/STM32_USB_Host_Library/Core/Src/usbh_ctlreq.c ****   if (phost->RequestState == CMD_SEND)
 1982              		.loc 1 329 1 is_stmt 1 view -0
 1983              		.cfi_startproc
 1984              		@ args = 0, pretend = 0, frame = 0
 1985              		@ frame_needed = 0, uses_anonymous_args = 0
 329:Middlewares/ST/STM32_USB_Host_Library/Core/Src/usbh_ctlreq.c ****   if (phost->RequestState == CMD_SEND)
 1986              		.loc 1 329 1 is_stmt 0 view .LVU646
ARM GAS  /tmp/ccoUEE4u.s 			page 64


 1987 0000 08B5     		push	{r3, lr}
 1988              	.LCFI29:
 1989              		.cfi_def_cfa_offset 8
 1990              		.cfi_offset 3, -8
 1991              		.cfi_offset 14, -4
 330:Middlewares/ST/STM32_USB_Host_Library/Core/Src/usbh_ctlreq.c ****   {
 1992              		.loc 1 330 3 is_stmt 1 view .LVU647
 330:Middlewares/ST/STM32_USB_Host_Library/Core/Src/usbh_ctlreq.c ****   {
 1993              		.loc 1 330 12 is_stmt 0 view .LVU648
 1994 0002 8378     		ldrb	r3, [r0, #2]	@ zero_extendqisi2
 330:Middlewares/ST/STM32_USB_Host_Library/Core/Src/usbh_ctlreq.c ****   {
 1995              		.loc 1 330 6 view .LVU649
 1996 0004 012B     		cmp	r3, #1
 1997 0006 04D0     		beq	.L143
 1998              	.L141:
 340:Middlewares/ST/STM32_USB_Host_Library/Core/Src/usbh_ctlreq.c **** }
 1999              		.loc 1 340 3 is_stmt 1 view .LVU650
 340:Middlewares/ST/STM32_USB_Host_Library/Core/Src/usbh_ctlreq.c **** }
 2000              		.loc 1 340 10 is_stmt 0 view .LVU651
 2001 0008 0022     		movs	r2, #0
 2002 000a 1146     		mov	r1, r2
 2003              	.LVL171:
 340:Middlewares/ST/STM32_USB_Host_Library/Core/Src/usbh_ctlreq.c **** }
 2004              		.loc 1 340 10 view .LVU652
 2005 000c FFF7FEFF 		bl	USBH_CtlReq
 2006              	.LVL172:
 341:Middlewares/ST/STM32_USB_Host_Library/Core/Src/usbh_ctlreq.c **** 
 2007              		.loc 1 341 1 view .LVU653
 2008 0010 08BD     		pop	{r3, pc}
 2009              	.LVL173:
 2010              	.L143:
 332:Middlewares/ST/STM32_USB_Host_Library/Core/Src/usbh_ctlreq.c ****                                            | USB_REQ_TYPE_STANDARD;
 2011              		.loc 1 332 5 is_stmt 1 view .LVU654
 332:Middlewares/ST/STM32_USB_Host_Library/Core/Src/usbh_ctlreq.c ****                                            | USB_REQ_TYPE_STANDARD;
 2012              		.loc 1 332 42 is_stmt 0 view .LVU655
 2013 0012 0223     		movs	r3, #2
 2014 0014 0374     		strb	r3, [r0, #16]
 335:Middlewares/ST/STM32_USB_Host_Library/Core/Src/usbh_ctlreq.c ****     phost->Control.setup.b.wValue.w = FEATURE_SELECTOR_ENDPOINT;
 2015              		.loc 1 335 5 is_stmt 1 view .LVU656
 335:Middlewares/ST/STM32_USB_Host_Library/Core/Src/usbh_ctlreq.c ****     phost->Control.setup.b.wValue.w = FEATURE_SELECTOR_ENDPOINT;
 2016              		.loc 1 335 37 is_stmt 0 view .LVU657
 2017 0016 0123     		movs	r3, #1
 2018 0018 4374     		strb	r3, [r0, #17]
 336:Middlewares/ST/STM32_USB_Host_Library/Core/Src/usbh_ctlreq.c ****     phost->Control.setup.b.wIndex.w = ep_num;
 2019              		.loc 1 336 5 is_stmt 1 view .LVU658
 336:Middlewares/ST/STM32_USB_Host_Library/Core/Src/usbh_ctlreq.c ****     phost->Control.setup.b.wIndex.w = ep_num;
 2020              		.loc 1 336 37 is_stmt 0 view .LVU659
 2021 001a 0023     		movs	r3, #0
 2022 001c 4382     		strh	r3, [r0, #18]	@ movhi
 337:Middlewares/ST/STM32_USB_Host_Library/Core/Src/usbh_ctlreq.c ****     phost->Control.setup.b.wLength.w = 0U;
 2023              		.loc 1 337 5 is_stmt 1 view .LVU660
 337:Middlewares/ST/STM32_USB_Host_Library/Core/Src/usbh_ctlreq.c ****     phost->Control.setup.b.wLength.w = 0U;
 2024              		.loc 1 337 37 is_stmt 0 view .LVU661
 2025 001e 8182     		strh	r1, [r0, #20]	@ movhi
 338:Middlewares/ST/STM32_USB_Host_Library/Core/Src/usbh_ctlreq.c ****   }
 2026              		.loc 1 338 5 is_stmt 1 view .LVU662
 338:Middlewares/ST/STM32_USB_Host_Library/Core/Src/usbh_ctlreq.c ****   }
ARM GAS  /tmp/ccoUEE4u.s 			page 65


 2027              		.loc 1 338 38 is_stmt 0 view .LVU663
 2028 0020 C382     		strh	r3, [r0, #22]	@ movhi
 2029 0022 F1E7     		b	.L141
 2030              		.cfi_endproc
 2031              	.LFE141:
 2033              		.text
 2034              	.Letext0:
 2035              		.file 2 "/usr/lib/gcc/arm-none-eabi/14.2.1/include/stdint.h"
 2036              		.file 3 "Middlewares/ST/STM32_USB_Host_Library/Core/Inc/usbh_def.h"
 2037              		.file 4 "Middlewares/ST/STM32_USB_Host_Library/Core/Inc/usbh_pipes.h"
 2038              		.file 5 "Middlewares/ST/STM32_USB_Host_Library/Core/Inc/usbh_ioreq.h"
 2039              		.file 6 "Middlewares/ST/STM32_USB_Host_Library/Core/Inc/usbh_core.h"
ARM GAS  /tmp/ccoUEE4u.s 			page 66


DEFINED SYMBOLS
                            *ABS*:00000000 usbh_ctlreq.c
     /tmp/ccoUEE4u.s:21     .text.USBH_ParseDevDesc:00000000 $t
     /tmp/ccoUEE4u.s:26     .text.USBH_ParseDevDesc:00000000 USBH_ParseDevDesc
     /tmp/ccoUEE4u.s:146    .text.USBH_ParseDevDesc:00000080 $d
     /tmp/ccoUEE4u.s:151    .text.USBH_ParseInterfaceDesc:00000000 $t
     /tmp/ccoUEE4u.s:156    .text.USBH_ParseInterfaceDesc:00000000 USBH_ParseInterfaceDesc
     /tmp/ccoUEE4u.s:207    .text.USBH_ParseEPDesc:00000000 $t
     /tmp/ccoUEE4u.s:212    .text.USBH_ParseEPDesc:00000000 USBH_ParseEPDesc
     /tmp/ccoUEE4u.s:369    .text.USBH_ParseStringDesc:00000000 $t
     /tmp/ccoUEE4u.s:374    .text.USBH_ParseStringDesc:00000000 USBH_ParseStringDesc
     /tmp/ccoUEE4u.s:447    .text.USBH_HandleControl:00000000 $t
     /tmp/ccoUEE4u.s:452    .text.USBH_HandleControl:00000000 USBH_HandleControl
     /tmp/ccoUEE4u.s:483    .text.USBH_HandleControl:00000014 $d
     /tmp/ccoUEE4u.s:704    .text.USBH_HandleControl:000000e8 $d
     /tmp/ccoUEE4u.s:957    .text.USBH_GetNextDesc:00000000 $t
     /tmp/ccoUEE4u.s:963    .text.USBH_GetNextDesc:00000000 USBH_GetNextDesc
     /tmp/ccoUEE4u.s:993    .text.USBH_ParseCfgDesc:00000000 $t
     /tmp/ccoUEE4u.s:998    .text.USBH_ParseCfgDesc:00000000 USBH_ParseCfgDesc
     /tmp/ccoUEE4u.s:1343   .text.USBH_CtlReq:00000000 $t
     /tmp/ccoUEE4u.s:1349   .text.USBH_CtlReq:00000000 USBH_CtlReq
     /tmp/ccoUEE4u.s:1435   .text.USBH_GetDescriptor:00000000 $t
     /tmp/ccoUEE4u.s:1441   .text.USBH_GetDescriptor:00000000 USBH_GetDescriptor
     /tmp/ccoUEE4u.s:1513   .text.USBH_Get_DevDesc:00000000 $t
     /tmp/ccoUEE4u.s:1519   .text.USBH_Get_DevDesc:00000000 USBH_Get_DevDesc
     /tmp/ccoUEE4u.s:1585   .text.USBH_Get_CfgDesc:00000000 $t
     /tmp/ccoUEE4u.s:1591   .text.USBH_Get_CfgDesc:00000000 USBH_Get_CfgDesc
     /tmp/ccoUEE4u.s:1655   .text.USBH_Get_StringDesc:00000000 $t
     /tmp/ccoUEE4u.s:1661   .text.USBH_Get_StringDesc:00000000 USBH_Get_StringDesc
     /tmp/ccoUEE4u.s:1731   .text.USBH_SetAddress:00000000 $t
     /tmp/ccoUEE4u.s:1737   .text.USBH_SetAddress:00000000 USBH_SetAddress
     /tmp/ccoUEE4u.s:1791   .text.USBH_SetCfg:00000000 $t
     /tmp/ccoUEE4u.s:1797   .text.USBH_SetCfg:00000000 USBH_SetCfg
     /tmp/ccoUEE4u.s:1851   .text.USBH_SetInterface:00000000 $t
     /tmp/ccoUEE4u.s:1857   .text.USBH_SetInterface:00000000 USBH_SetInterface
     /tmp/ccoUEE4u.s:1913   .text.USBH_SetFeature:00000000 $t
     /tmp/ccoUEE4u.s:1919   .text.USBH_SetFeature:00000000 USBH_SetFeature
     /tmp/ccoUEE4u.s:1973   .text.USBH_ClrFeature:00000000 $t
     /tmp/ccoUEE4u.s:1979   .text.USBH_ClrFeature:00000000 USBH_ClrFeature
     /tmp/ccoUEE4u.s:494    .text.USBH_HandleControl:0000001f $d
     /tmp/ccoUEE4u.s:494    .text.USBH_HandleControl:00000020 $t
     /tmp/ccoUEE4u.s:709    .text.USBH_HandleControl:000000ed $d
     /tmp/ccoUEE4u.s:709    .text.USBH_HandleControl:000000ee $t

UNDEFINED SYMBOLS
USBH_CtlSendSetup
USBH_LL_GetURBState
USBH_CtlReceiveData
USBH_CtlSendData
USBH_FreePipe
