ARM GAS  /tmp/ccYgCVot.s 			page 1


   1              		.cpu cortex-m4
   2              		.arch armv7e-m
   3              		.fpu fpv4-sp-d16
   4              		.eabi_attribute 27, 1
   5              		.eabi_attribute 28, 1
   6              		.eabi_attribute 20, 1
   7              		.eabi_attribute 21, 1
   8              		.eabi_attribute 23, 3
   9              		.eabi_attribute 24, 1
  10              		.eabi_attribute 25, 1
  11              		.eabi_attribute 26, 1
  12              		.eabi_attribute 30, 1
  13              		.eabi_attribute 34, 1
  14              		.eabi_attribute 18, 4
  15              		.file	"usbh_msc.c"
  16              		.text
  17              	.Ltext0:
  18              		.cfi_sections	.debug_frame
  19              		.file 1 "Middlewares/ST/STM32_USB_Host_Library/Class/MSC/Src/usbh_msc.c"
  20              		.section	.text.USBH_MSC_SOFProcess,"ax",%progbits
  21              		.align	1
  22              		.syntax unified
  23              		.thumb
  24              		.thumb_func
  26              	USBH_MSC_SOFProcess:
  27              	.LVL0:
  28              	.LFB137:
   1:Middlewares/ST/STM32_USB_Host_Library/Class/MSC/Src/usbh_msc.c **** /**
   2:Middlewares/ST/STM32_USB_Host_Library/Class/MSC/Src/usbh_msc.c ****   ******************************************************************************
   3:Middlewares/ST/STM32_USB_Host_Library/Class/MSC/Src/usbh_msc.c ****   * @file    usbh_msc.c
   4:Middlewares/ST/STM32_USB_Host_Library/Class/MSC/Src/usbh_msc.c ****   * @author  MCD Application Team
   5:Middlewares/ST/STM32_USB_Host_Library/Class/MSC/Src/usbh_msc.c ****   * @brief   This file implements the MSC class driver functions
   6:Middlewares/ST/STM32_USB_Host_Library/Class/MSC/Src/usbh_msc.c ****   *          ===================================================================
   7:Middlewares/ST/STM32_USB_Host_Library/Class/MSC/Src/usbh_msc.c ****   *                                MSC Class  Description
   8:Middlewares/ST/STM32_USB_Host_Library/Class/MSC/Src/usbh_msc.c ****   *          ===================================================================
   9:Middlewares/ST/STM32_USB_Host_Library/Class/MSC/Src/usbh_msc.c ****   *           This module manages the MSC class V1.0 following the "Universal
  10:Middlewares/ST/STM32_USB_Host_Library/Class/MSC/Src/usbh_msc.c ****   *           Serial Bus Mass Storage Class (MSC) Bulk-Only Transport (BOT) Version 1.0
  11:Middlewares/ST/STM32_USB_Host_Library/Class/MSC/Src/usbh_msc.c ****   *           Sep. 31, 1999".
  12:Middlewares/ST/STM32_USB_Host_Library/Class/MSC/Src/usbh_msc.c ****   *           This driver implements the following aspects of the specification:
  13:Middlewares/ST/STM32_USB_Host_Library/Class/MSC/Src/usbh_msc.c ****   *             - Bulk-Only Transport protocol
  14:Middlewares/ST/STM32_USB_Host_Library/Class/MSC/Src/usbh_msc.c ****   *             - Subclass : SCSI transparent command set (ref. SCSI Primary Commands - 3 (SPC-3))
  15:Middlewares/ST/STM32_USB_Host_Library/Class/MSC/Src/usbh_msc.c ****   *
  16:Middlewares/ST/STM32_USB_Host_Library/Class/MSC/Src/usbh_msc.c ****   *  @endverbatim
  17:Middlewares/ST/STM32_USB_Host_Library/Class/MSC/Src/usbh_msc.c ****   *
  18:Middlewares/ST/STM32_USB_Host_Library/Class/MSC/Src/usbh_msc.c ****   ******************************************************************************
  19:Middlewares/ST/STM32_USB_Host_Library/Class/MSC/Src/usbh_msc.c ****   * @attention
  20:Middlewares/ST/STM32_USB_Host_Library/Class/MSC/Src/usbh_msc.c ****   *
  21:Middlewares/ST/STM32_USB_Host_Library/Class/MSC/Src/usbh_msc.c ****   * <h2><center>&copy; Copyright (c) 2015 STMicroelectronics.
  22:Middlewares/ST/STM32_USB_Host_Library/Class/MSC/Src/usbh_msc.c ****   * All rights reserved.</center></h2>
  23:Middlewares/ST/STM32_USB_Host_Library/Class/MSC/Src/usbh_msc.c ****   *
  24:Middlewares/ST/STM32_USB_Host_Library/Class/MSC/Src/usbh_msc.c ****   * This software component is licensed by ST under Ultimate Liberty license
  25:Middlewares/ST/STM32_USB_Host_Library/Class/MSC/Src/usbh_msc.c ****   * SLA0044, the "License"; You may not use this file except in compliance with
  26:Middlewares/ST/STM32_USB_Host_Library/Class/MSC/Src/usbh_msc.c ****   * the License. You may obtain a copy of the License at:
  27:Middlewares/ST/STM32_USB_Host_Library/Class/MSC/Src/usbh_msc.c ****   *                      www.st.com/SLA0044
  28:Middlewares/ST/STM32_USB_Host_Library/Class/MSC/Src/usbh_msc.c ****   *
  29:Middlewares/ST/STM32_USB_Host_Library/Class/MSC/Src/usbh_msc.c ****   ******************************************************************************
  30:Middlewares/ST/STM32_USB_Host_Library/Class/MSC/Src/usbh_msc.c ****   */
ARM GAS  /tmp/ccYgCVot.s 			page 2


  31:Middlewares/ST/STM32_USB_Host_Library/Class/MSC/Src/usbh_msc.c **** 
  32:Middlewares/ST/STM32_USB_Host_Library/Class/MSC/Src/usbh_msc.c **** /* BSPDependencies
  33:Middlewares/ST/STM32_USB_Host_Library/Class/MSC/Src/usbh_msc.c **** - "stm32xxxxx_{eval}{discovery}{nucleo_144}.c"
  34:Middlewares/ST/STM32_USB_Host_Library/Class/MSC/Src/usbh_msc.c **** - "stm32xxxxx_{eval}{discovery}_io.c"
  35:Middlewares/ST/STM32_USB_Host_Library/Class/MSC/Src/usbh_msc.c **** - "stm32xxxxx_{eval}{discovery}{adafruit}_lcd.c"
  36:Middlewares/ST/STM32_USB_Host_Library/Class/MSC/Src/usbh_msc.c **** - "stm32xxxxx_{eval}{discovery}_sdram.c"
  37:Middlewares/ST/STM32_USB_Host_Library/Class/MSC/Src/usbh_msc.c **** EndBSPDependencies */
  38:Middlewares/ST/STM32_USB_Host_Library/Class/MSC/Src/usbh_msc.c **** 
  39:Middlewares/ST/STM32_USB_Host_Library/Class/MSC/Src/usbh_msc.c **** /* Includes ------------------------------------------------------------------*/
  40:Middlewares/ST/STM32_USB_Host_Library/Class/MSC/Src/usbh_msc.c **** #include "usbh_msc.h"
  41:Middlewares/ST/STM32_USB_Host_Library/Class/MSC/Src/usbh_msc.c **** #include "usbh_msc_bot.h"
  42:Middlewares/ST/STM32_USB_Host_Library/Class/MSC/Src/usbh_msc.c **** #include "usbh_msc_scsi.h"
  43:Middlewares/ST/STM32_USB_Host_Library/Class/MSC/Src/usbh_msc.c **** 
  44:Middlewares/ST/STM32_USB_Host_Library/Class/MSC/Src/usbh_msc.c **** 
  45:Middlewares/ST/STM32_USB_Host_Library/Class/MSC/Src/usbh_msc.c **** /** @addtogroup USBH_LIB
  46:Middlewares/ST/STM32_USB_Host_Library/Class/MSC/Src/usbh_msc.c ****   * @{
  47:Middlewares/ST/STM32_USB_Host_Library/Class/MSC/Src/usbh_msc.c ****   */
  48:Middlewares/ST/STM32_USB_Host_Library/Class/MSC/Src/usbh_msc.c **** 
  49:Middlewares/ST/STM32_USB_Host_Library/Class/MSC/Src/usbh_msc.c **** /** @addtogroup USBH_CLASS
  50:Middlewares/ST/STM32_USB_Host_Library/Class/MSC/Src/usbh_msc.c ****   * @{
  51:Middlewares/ST/STM32_USB_Host_Library/Class/MSC/Src/usbh_msc.c ****   */
  52:Middlewares/ST/STM32_USB_Host_Library/Class/MSC/Src/usbh_msc.c **** 
  53:Middlewares/ST/STM32_USB_Host_Library/Class/MSC/Src/usbh_msc.c **** /** @addtogroup USBH_MSC_CLASS
  54:Middlewares/ST/STM32_USB_Host_Library/Class/MSC/Src/usbh_msc.c ****   * @{
  55:Middlewares/ST/STM32_USB_Host_Library/Class/MSC/Src/usbh_msc.c ****   */
  56:Middlewares/ST/STM32_USB_Host_Library/Class/MSC/Src/usbh_msc.c **** 
  57:Middlewares/ST/STM32_USB_Host_Library/Class/MSC/Src/usbh_msc.c **** /** @defgroup USBH_MSC_CORE
  58:Middlewares/ST/STM32_USB_Host_Library/Class/MSC/Src/usbh_msc.c ****   * @brief    This file includes the mass storage related functions
  59:Middlewares/ST/STM32_USB_Host_Library/Class/MSC/Src/usbh_msc.c ****   * @{
  60:Middlewares/ST/STM32_USB_Host_Library/Class/MSC/Src/usbh_msc.c ****   */
  61:Middlewares/ST/STM32_USB_Host_Library/Class/MSC/Src/usbh_msc.c **** 
  62:Middlewares/ST/STM32_USB_Host_Library/Class/MSC/Src/usbh_msc.c **** 
  63:Middlewares/ST/STM32_USB_Host_Library/Class/MSC/Src/usbh_msc.c **** /** @defgroup USBH_MSC_CORE_Private_TypesDefinitions
  64:Middlewares/ST/STM32_USB_Host_Library/Class/MSC/Src/usbh_msc.c ****   * @{
  65:Middlewares/ST/STM32_USB_Host_Library/Class/MSC/Src/usbh_msc.c ****   */
  66:Middlewares/ST/STM32_USB_Host_Library/Class/MSC/Src/usbh_msc.c **** /**
  67:Middlewares/ST/STM32_USB_Host_Library/Class/MSC/Src/usbh_msc.c ****   * @}
  68:Middlewares/ST/STM32_USB_Host_Library/Class/MSC/Src/usbh_msc.c ****   */
  69:Middlewares/ST/STM32_USB_Host_Library/Class/MSC/Src/usbh_msc.c **** 
  70:Middlewares/ST/STM32_USB_Host_Library/Class/MSC/Src/usbh_msc.c **** /** @defgroup USBH_MSC_CORE_Private_Defines
  71:Middlewares/ST/STM32_USB_Host_Library/Class/MSC/Src/usbh_msc.c ****   * @{
  72:Middlewares/ST/STM32_USB_Host_Library/Class/MSC/Src/usbh_msc.c ****   */
  73:Middlewares/ST/STM32_USB_Host_Library/Class/MSC/Src/usbh_msc.c **** /**
  74:Middlewares/ST/STM32_USB_Host_Library/Class/MSC/Src/usbh_msc.c ****   * @}
  75:Middlewares/ST/STM32_USB_Host_Library/Class/MSC/Src/usbh_msc.c ****   */
  76:Middlewares/ST/STM32_USB_Host_Library/Class/MSC/Src/usbh_msc.c **** 
  77:Middlewares/ST/STM32_USB_Host_Library/Class/MSC/Src/usbh_msc.c **** /** @defgroup USBH_MSC_CORE_Private_Macros
  78:Middlewares/ST/STM32_USB_Host_Library/Class/MSC/Src/usbh_msc.c ****   * @{
  79:Middlewares/ST/STM32_USB_Host_Library/Class/MSC/Src/usbh_msc.c ****   */
  80:Middlewares/ST/STM32_USB_Host_Library/Class/MSC/Src/usbh_msc.c **** /**
  81:Middlewares/ST/STM32_USB_Host_Library/Class/MSC/Src/usbh_msc.c ****   * @}
  82:Middlewares/ST/STM32_USB_Host_Library/Class/MSC/Src/usbh_msc.c ****   */
  83:Middlewares/ST/STM32_USB_Host_Library/Class/MSC/Src/usbh_msc.c **** 
  84:Middlewares/ST/STM32_USB_Host_Library/Class/MSC/Src/usbh_msc.c **** 
  85:Middlewares/ST/STM32_USB_Host_Library/Class/MSC/Src/usbh_msc.c **** /** @defgroup USBH_MSC_CORE_Private_Variables
  86:Middlewares/ST/STM32_USB_Host_Library/Class/MSC/Src/usbh_msc.c ****   * @{
  87:Middlewares/ST/STM32_USB_Host_Library/Class/MSC/Src/usbh_msc.c ****   */
ARM GAS  /tmp/ccYgCVot.s 			page 3


  88:Middlewares/ST/STM32_USB_Host_Library/Class/MSC/Src/usbh_msc.c **** /**
  89:Middlewares/ST/STM32_USB_Host_Library/Class/MSC/Src/usbh_msc.c ****   * @}
  90:Middlewares/ST/STM32_USB_Host_Library/Class/MSC/Src/usbh_msc.c ****   */
  91:Middlewares/ST/STM32_USB_Host_Library/Class/MSC/Src/usbh_msc.c **** 
  92:Middlewares/ST/STM32_USB_Host_Library/Class/MSC/Src/usbh_msc.c **** 
  93:Middlewares/ST/STM32_USB_Host_Library/Class/MSC/Src/usbh_msc.c **** /** @defgroup USBH_MSC_CORE_Private_FunctionPrototypes
  94:Middlewares/ST/STM32_USB_Host_Library/Class/MSC/Src/usbh_msc.c ****   * @{
  95:Middlewares/ST/STM32_USB_Host_Library/Class/MSC/Src/usbh_msc.c ****   */
  96:Middlewares/ST/STM32_USB_Host_Library/Class/MSC/Src/usbh_msc.c **** 
  97:Middlewares/ST/STM32_USB_Host_Library/Class/MSC/Src/usbh_msc.c **** static USBH_StatusTypeDef USBH_MSC_InterfaceInit(USBH_HandleTypeDef *phost);
  98:Middlewares/ST/STM32_USB_Host_Library/Class/MSC/Src/usbh_msc.c **** 
  99:Middlewares/ST/STM32_USB_Host_Library/Class/MSC/Src/usbh_msc.c **** static USBH_StatusTypeDef USBH_MSC_InterfaceDeInit(USBH_HandleTypeDef *phost);
 100:Middlewares/ST/STM32_USB_Host_Library/Class/MSC/Src/usbh_msc.c **** 
 101:Middlewares/ST/STM32_USB_Host_Library/Class/MSC/Src/usbh_msc.c **** static USBH_StatusTypeDef USBH_MSC_Process(USBH_HandleTypeDef *phost);
 102:Middlewares/ST/STM32_USB_Host_Library/Class/MSC/Src/usbh_msc.c **** 
 103:Middlewares/ST/STM32_USB_Host_Library/Class/MSC/Src/usbh_msc.c **** static USBH_StatusTypeDef USBH_MSC_ClassRequest(USBH_HandleTypeDef *phost);
 104:Middlewares/ST/STM32_USB_Host_Library/Class/MSC/Src/usbh_msc.c **** 
 105:Middlewares/ST/STM32_USB_Host_Library/Class/MSC/Src/usbh_msc.c **** static USBH_StatusTypeDef USBH_MSC_SOFProcess(USBH_HandleTypeDef *phost);
 106:Middlewares/ST/STM32_USB_Host_Library/Class/MSC/Src/usbh_msc.c **** 
 107:Middlewares/ST/STM32_USB_Host_Library/Class/MSC/Src/usbh_msc.c **** static USBH_StatusTypeDef USBH_MSC_RdWrProcess(USBH_HandleTypeDef *phost, uint8_t lun);
 108:Middlewares/ST/STM32_USB_Host_Library/Class/MSC/Src/usbh_msc.c **** 
 109:Middlewares/ST/STM32_USB_Host_Library/Class/MSC/Src/usbh_msc.c **** USBH_ClassTypeDef  USBH_msc =
 110:Middlewares/ST/STM32_USB_Host_Library/Class/MSC/Src/usbh_msc.c **** {
 111:Middlewares/ST/STM32_USB_Host_Library/Class/MSC/Src/usbh_msc.c ****   "MSC",
 112:Middlewares/ST/STM32_USB_Host_Library/Class/MSC/Src/usbh_msc.c ****   USB_MSC_CLASS,
 113:Middlewares/ST/STM32_USB_Host_Library/Class/MSC/Src/usbh_msc.c ****   USBH_MSC_InterfaceInit,
 114:Middlewares/ST/STM32_USB_Host_Library/Class/MSC/Src/usbh_msc.c ****   USBH_MSC_InterfaceDeInit,
 115:Middlewares/ST/STM32_USB_Host_Library/Class/MSC/Src/usbh_msc.c ****   USBH_MSC_ClassRequest,
 116:Middlewares/ST/STM32_USB_Host_Library/Class/MSC/Src/usbh_msc.c ****   USBH_MSC_Process,
 117:Middlewares/ST/STM32_USB_Host_Library/Class/MSC/Src/usbh_msc.c ****   USBH_MSC_SOFProcess,
 118:Middlewares/ST/STM32_USB_Host_Library/Class/MSC/Src/usbh_msc.c ****   NULL,
 119:Middlewares/ST/STM32_USB_Host_Library/Class/MSC/Src/usbh_msc.c **** };
 120:Middlewares/ST/STM32_USB_Host_Library/Class/MSC/Src/usbh_msc.c **** 
 121:Middlewares/ST/STM32_USB_Host_Library/Class/MSC/Src/usbh_msc.c **** 
 122:Middlewares/ST/STM32_USB_Host_Library/Class/MSC/Src/usbh_msc.c **** /**
 123:Middlewares/ST/STM32_USB_Host_Library/Class/MSC/Src/usbh_msc.c ****   * @}
 124:Middlewares/ST/STM32_USB_Host_Library/Class/MSC/Src/usbh_msc.c ****   */
 125:Middlewares/ST/STM32_USB_Host_Library/Class/MSC/Src/usbh_msc.c **** 
 126:Middlewares/ST/STM32_USB_Host_Library/Class/MSC/Src/usbh_msc.c **** 
 127:Middlewares/ST/STM32_USB_Host_Library/Class/MSC/Src/usbh_msc.c **** /** @defgroup USBH_MSC_CORE_Exported_Variables
 128:Middlewares/ST/STM32_USB_Host_Library/Class/MSC/Src/usbh_msc.c ****   * @{
 129:Middlewares/ST/STM32_USB_Host_Library/Class/MSC/Src/usbh_msc.c ****   */
 130:Middlewares/ST/STM32_USB_Host_Library/Class/MSC/Src/usbh_msc.c **** 
 131:Middlewares/ST/STM32_USB_Host_Library/Class/MSC/Src/usbh_msc.c **** /**
 132:Middlewares/ST/STM32_USB_Host_Library/Class/MSC/Src/usbh_msc.c ****   * @}
 133:Middlewares/ST/STM32_USB_Host_Library/Class/MSC/Src/usbh_msc.c ****   */
 134:Middlewares/ST/STM32_USB_Host_Library/Class/MSC/Src/usbh_msc.c **** 
 135:Middlewares/ST/STM32_USB_Host_Library/Class/MSC/Src/usbh_msc.c **** 
 136:Middlewares/ST/STM32_USB_Host_Library/Class/MSC/Src/usbh_msc.c **** /** @defgroup USBH_MSC_CORE_Private_Functions
 137:Middlewares/ST/STM32_USB_Host_Library/Class/MSC/Src/usbh_msc.c ****   * @{
 138:Middlewares/ST/STM32_USB_Host_Library/Class/MSC/Src/usbh_msc.c ****   */
 139:Middlewares/ST/STM32_USB_Host_Library/Class/MSC/Src/usbh_msc.c **** 
 140:Middlewares/ST/STM32_USB_Host_Library/Class/MSC/Src/usbh_msc.c **** 
 141:Middlewares/ST/STM32_USB_Host_Library/Class/MSC/Src/usbh_msc.c **** /**
 142:Middlewares/ST/STM32_USB_Host_Library/Class/MSC/Src/usbh_msc.c ****   * @brief  USBH_MSC_InterfaceInit
 143:Middlewares/ST/STM32_USB_Host_Library/Class/MSC/Src/usbh_msc.c ****   *         The function init the MSC class.
 144:Middlewares/ST/STM32_USB_Host_Library/Class/MSC/Src/usbh_msc.c ****   * @param  phost: Host handle
ARM GAS  /tmp/ccYgCVot.s 			page 4


 145:Middlewares/ST/STM32_USB_Host_Library/Class/MSC/Src/usbh_msc.c ****   * @retval USBH Status
 146:Middlewares/ST/STM32_USB_Host_Library/Class/MSC/Src/usbh_msc.c ****   */
 147:Middlewares/ST/STM32_USB_Host_Library/Class/MSC/Src/usbh_msc.c **** static USBH_StatusTypeDef USBH_MSC_InterfaceInit(USBH_HandleTypeDef *phost)
 148:Middlewares/ST/STM32_USB_Host_Library/Class/MSC/Src/usbh_msc.c **** {
 149:Middlewares/ST/STM32_USB_Host_Library/Class/MSC/Src/usbh_msc.c ****   USBH_StatusTypeDef status;
 150:Middlewares/ST/STM32_USB_Host_Library/Class/MSC/Src/usbh_msc.c ****   uint8_t interface;
 151:Middlewares/ST/STM32_USB_Host_Library/Class/MSC/Src/usbh_msc.c ****   MSC_HandleTypeDef *MSC_Handle;
 152:Middlewares/ST/STM32_USB_Host_Library/Class/MSC/Src/usbh_msc.c **** 
 153:Middlewares/ST/STM32_USB_Host_Library/Class/MSC/Src/usbh_msc.c ****   interface = USBH_FindInterface(phost, phost->pActiveClass->ClassCode, MSC_TRANSPARENT, MSC_BOT);
 154:Middlewares/ST/STM32_USB_Host_Library/Class/MSC/Src/usbh_msc.c **** 
 155:Middlewares/ST/STM32_USB_Host_Library/Class/MSC/Src/usbh_msc.c ****   if ((interface == 0xFFU) || (interface >= USBH_MAX_NUM_INTERFACES)) /* Not Valid Interface */
 156:Middlewares/ST/STM32_USB_Host_Library/Class/MSC/Src/usbh_msc.c ****   {
 157:Middlewares/ST/STM32_USB_Host_Library/Class/MSC/Src/usbh_msc.c ****     USBH_DbgLog("Cannot Find the interface for %s class.", phost->pActiveClass->Name);
 158:Middlewares/ST/STM32_USB_Host_Library/Class/MSC/Src/usbh_msc.c ****     return USBH_FAIL;
 159:Middlewares/ST/STM32_USB_Host_Library/Class/MSC/Src/usbh_msc.c ****   }
 160:Middlewares/ST/STM32_USB_Host_Library/Class/MSC/Src/usbh_msc.c **** 
 161:Middlewares/ST/STM32_USB_Host_Library/Class/MSC/Src/usbh_msc.c ****   status = USBH_SelectInterface(phost, interface);
 162:Middlewares/ST/STM32_USB_Host_Library/Class/MSC/Src/usbh_msc.c **** 
 163:Middlewares/ST/STM32_USB_Host_Library/Class/MSC/Src/usbh_msc.c ****   if (status != USBH_OK)
 164:Middlewares/ST/STM32_USB_Host_Library/Class/MSC/Src/usbh_msc.c ****   {
 165:Middlewares/ST/STM32_USB_Host_Library/Class/MSC/Src/usbh_msc.c ****     return USBH_FAIL;
 166:Middlewares/ST/STM32_USB_Host_Library/Class/MSC/Src/usbh_msc.c ****   }
 167:Middlewares/ST/STM32_USB_Host_Library/Class/MSC/Src/usbh_msc.c **** 
 168:Middlewares/ST/STM32_USB_Host_Library/Class/MSC/Src/usbh_msc.c ****   phost->pActiveClass->pData = (MSC_HandleTypeDef *)USBH_malloc(sizeof(MSC_HandleTypeDef));
 169:Middlewares/ST/STM32_USB_Host_Library/Class/MSC/Src/usbh_msc.c ****   MSC_Handle = (MSC_HandleTypeDef *) phost->pActiveClass->pData;
 170:Middlewares/ST/STM32_USB_Host_Library/Class/MSC/Src/usbh_msc.c **** 
 171:Middlewares/ST/STM32_USB_Host_Library/Class/MSC/Src/usbh_msc.c ****   if (MSC_Handle == NULL)
 172:Middlewares/ST/STM32_USB_Host_Library/Class/MSC/Src/usbh_msc.c ****   {
 173:Middlewares/ST/STM32_USB_Host_Library/Class/MSC/Src/usbh_msc.c ****     USBH_DbgLog("Cannot allocate memory for MSC Handle");
 174:Middlewares/ST/STM32_USB_Host_Library/Class/MSC/Src/usbh_msc.c ****     return USBH_FAIL;
 175:Middlewares/ST/STM32_USB_Host_Library/Class/MSC/Src/usbh_msc.c ****   }
 176:Middlewares/ST/STM32_USB_Host_Library/Class/MSC/Src/usbh_msc.c **** 
 177:Middlewares/ST/STM32_USB_Host_Library/Class/MSC/Src/usbh_msc.c ****   /* Initialize msc handler */
 178:Middlewares/ST/STM32_USB_Host_Library/Class/MSC/Src/usbh_msc.c ****   (void)USBH_memset(MSC_Handle, 0, sizeof(MSC_HandleTypeDef));
 179:Middlewares/ST/STM32_USB_Host_Library/Class/MSC/Src/usbh_msc.c **** 
 180:Middlewares/ST/STM32_USB_Host_Library/Class/MSC/Src/usbh_msc.c ****   if ((phost->device.CfgDesc.Itf_Desc[interface].Ep_Desc[0].bEndpointAddress & 0x80U) != 0U)
 181:Middlewares/ST/STM32_USB_Host_Library/Class/MSC/Src/usbh_msc.c ****   {
 182:Middlewares/ST/STM32_USB_Host_Library/Class/MSC/Src/usbh_msc.c ****     MSC_Handle->InEp = (phost->device.CfgDesc.Itf_Desc[interface].Ep_Desc[0].bEndpointAddress);
 183:Middlewares/ST/STM32_USB_Host_Library/Class/MSC/Src/usbh_msc.c ****     MSC_Handle->InEpSize = phost->device.CfgDesc.Itf_Desc[interface].Ep_Desc[0].wMaxPacketSize;
 184:Middlewares/ST/STM32_USB_Host_Library/Class/MSC/Src/usbh_msc.c ****   }
 185:Middlewares/ST/STM32_USB_Host_Library/Class/MSC/Src/usbh_msc.c ****   else
 186:Middlewares/ST/STM32_USB_Host_Library/Class/MSC/Src/usbh_msc.c ****   {
 187:Middlewares/ST/STM32_USB_Host_Library/Class/MSC/Src/usbh_msc.c ****     MSC_Handle->OutEp = (phost->device.CfgDesc.Itf_Desc[interface].Ep_Desc[0].bEndpointAddress);
 188:Middlewares/ST/STM32_USB_Host_Library/Class/MSC/Src/usbh_msc.c ****     MSC_Handle->OutEpSize = phost->device.CfgDesc.Itf_Desc[interface].Ep_Desc[0].wMaxPacketSize;
 189:Middlewares/ST/STM32_USB_Host_Library/Class/MSC/Src/usbh_msc.c ****   }
 190:Middlewares/ST/STM32_USB_Host_Library/Class/MSC/Src/usbh_msc.c **** 
 191:Middlewares/ST/STM32_USB_Host_Library/Class/MSC/Src/usbh_msc.c ****   if ((phost->device.CfgDesc.Itf_Desc[interface].Ep_Desc[1].bEndpointAddress & 0x80U) != 0U)
 192:Middlewares/ST/STM32_USB_Host_Library/Class/MSC/Src/usbh_msc.c ****   {
 193:Middlewares/ST/STM32_USB_Host_Library/Class/MSC/Src/usbh_msc.c ****     MSC_Handle->InEp = (phost->device.CfgDesc.Itf_Desc[interface].Ep_Desc[1].bEndpointAddress);
 194:Middlewares/ST/STM32_USB_Host_Library/Class/MSC/Src/usbh_msc.c ****     MSC_Handle->InEpSize = phost->device.CfgDesc.Itf_Desc[interface].Ep_Desc[1].wMaxPacketSize;
 195:Middlewares/ST/STM32_USB_Host_Library/Class/MSC/Src/usbh_msc.c ****   }
 196:Middlewares/ST/STM32_USB_Host_Library/Class/MSC/Src/usbh_msc.c ****   else
 197:Middlewares/ST/STM32_USB_Host_Library/Class/MSC/Src/usbh_msc.c ****   {
 198:Middlewares/ST/STM32_USB_Host_Library/Class/MSC/Src/usbh_msc.c ****     MSC_Handle->OutEp = (phost->device.CfgDesc.Itf_Desc[interface].Ep_Desc[1].bEndpointAddress);
 199:Middlewares/ST/STM32_USB_Host_Library/Class/MSC/Src/usbh_msc.c ****     MSC_Handle->OutEpSize = phost->device.CfgDesc.Itf_Desc[interface].Ep_Desc[1].wMaxPacketSize;
 200:Middlewares/ST/STM32_USB_Host_Library/Class/MSC/Src/usbh_msc.c ****   }
 201:Middlewares/ST/STM32_USB_Host_Library/Class/MSC/Src/usbh_msc.c **** 
ARM GAS  /tmp/ccYgCVot.s 			page 5


 202:Middlewares/ST/STM32_USB_Host_Library/Class/MSC/Src/usbh_msc.c ****   MSC_Handle->state = MSC_INIT;
 203:Middlewares/ST/STM32_USB_Host_Library/Class/MSC/Src/usbh_msc.c ****   MSC_Handle->error = MSC_OK;
 204:Middlewares/ST/STM32_USB_Host_Library/Class/MSC/Src/usbh_msc.c ****   MSC_Handle->req_state = MSC_REQ_IDLE;
 205:Middlewares/ST/STM32_USB_Host_Library/Class/MSC/Src/usbh_msc.c ****   MSC_Handle->OutPipe = USBH_AllocPipe(phost, MSC_Handle->OutEp);
 206:Middlewares/ST/STM32_USB_Host_Library/Class/MSC/Src/usbh_msc.c ****   MSC_Handle->InPipe = USBH_AllocPipe(phost, MSC_Handle->InEp);
 207:Middlewares/ST/STM32_USB_Host_Library/Class/MSC/Src/usbh_msc.c **** 
 208:Middlewares/ST/STM32_USB_Host_Library/Class/MSC/Src/usbh_msc.c ****   (void)USBH_MSC_BOT_Init(phost);
 209:Middlewares/ST/STM32_USB_Host_Library/Class/MSC/Src/usbh_msc.c **** 
 210:Middlewares/ST/STM32_USB_Host_Library/Class/MSC/Src/usbh_msc.c ****   /* Open the new channels */
 211:Middlewares/ST/STM32_USB_Host_Library/Class/MSC/Src/usbh_msc.c ****   if ((MSC_Handle->OutEp != 0U) && (MSC_Handle->OutEpSize != 0U))
 212:Middlewares/ST/STM32_USB_Host_Library/Class/MSC/Src/usbh_msc.c ****   {
 213:Middlewares/ST/STM32_USB_Host_Library/Class/MSC/Src/usbh_msc.c ****     (void)USBH_OpenPipe(phost, MSC_Handle->OutPipe, MSC_Handle->OutEp,
 214:Middlewares/ST/STM32_USB_Host_Library/Class/MSC/Src/usbh_msc.c ****                         phost->device.address, phost->device.speed,
 215:Middlewares/ST/STM32_USB_Host_Library/Class/MSC/Src/usbh_msc.c ****                         USB_EP_TYPE_BULK, MSC_Handle->OutEpSize);
 216:Middlewares/ST/STM32_USB_Host_Library/Class/MSC/Src/usbh_msc.c ****   }
 217:Middlewares/ST/STM32_USB_Host_Library/Class/MSC/Src/usbh_msc.c ****   else
 218:Middlewares/ST/STM32_USB_Host_Library/Class/MSC/Src/usbh_msc.c ****   {
 219:Middlewares/ST/STM32_USB_Host_Library/Class/MSC/Src/usbh_msc.c ****     return USBH_NOT_SUPPORTED;
 220:Middlewares/ST/STM32_USB_Host_Library/Class/MSC/Src/usbh_msc.c ****   }
 221:Middlewares/ST/STM32_USB_Host_Library/Class/MSC/Src/usbh_msc.c **** 
 222:Middlewares/ST/STM32_USB_Host_Library/Class/MSC/Src/usbh_msc.c ****   if ((MSC_Handle->InEp != 0U) && (MSC_Handle->InEpSize != 0U))
 223:Middlewares/ST/STM32_USB_Host_Library/Class/MSC/Src/usbh_msc.c ****   {
 224:Middlewares/ST/STM32_USB_Host_Library/Class/MSC/Src/usbh_msc.c ****     (void)USBH_OpenPipe(phost, MSC_Handle->InPipe, MSC_Handle->InEp,
 225:Middlewares/ST/STM32_USB_Host_Library/Class/MSC/Src/usbh_msc.c ****                         phost->device.address, phost->device.speed, USB_EP_TYPE_BULK,
 226:Middlewares/ST/STM32_USB_Host_Library/Class/MSC/Src/usbh_msc.c ****                         MSC_Handle->InEpSize);
 227:Middlewares/ST/STM32_USB_Host_Library/Class/MSC/Src/usbh_msc.c ****   }
 228:Middlewares/ST/STM32_USB_Host_Library/Class/MSC/Src/usbh_msc.c ****   else
 229:Middlewares/ST/STM32_USB_Host_Library/Class/MSC/Src/usbh_msc.c ****   {
 230:Middlewares/ST/STM32_USB_Host_Library/Class/MSC/Src/usbh_msc.c ****     return USBH_NOT_SUPPORTED;
 231:Middlewares/ST/STM32_USB_Host_Library/Class/MSC/Src/usbh_msc.c ****   }
 232:Middlewares/ST/STM32_USB_Host_Library/Class/MSC/Src/usbh_msc.c **** 
 233:Middlewares/ST/STM32_USB_Host_Library/Class/MSC/Src/usbh_msc.c ****   (void)USBH_LL_SetToggle(phost, MSC_Handle->InPipe, 0U);
 234:Middlewares/ST/STM32_USB_Host_Library/Class/MSC/Src/usbh_msc.c ****   (void)USBH_LL_SetToggle(phost, MSC_Handle->OutPipe, 0U);
 235:Middlewares/ST/STM32_USB_Host_Library/Class/MSC/Src/usbh_msc.c **** 
 236:Middlewares/ST/STM32_USB_Host_Library/Class/MSC/Src/usbh_msc.c ****   return USBH_OK;
 237:Middlewares/ST/STM32_USB_Host_Library/Class/MSC/Src/usbh_msc.c **** }
 238:Middlewares/ST/STM32_USB_Host_Library/Class/MSC/Src/usbh_msc.c **** 
 239:Middlewares/ST/STM32_USB_Host_Library/Class/MSC/Src/usbh_msc.c **** /**
 240:Middlewares/ST/STM32_USB_Host_Library/Class/MSC/Src/usbh_msc.c ****   * @brief  USBH_MSC_InterfaceDeInit
 241:Middlewares/ST/STM32_USB_Host_Library/Class/MSC/Src/usbh_msc.c ****   *         The function DeInit the Pipes used for the MSC class.
 242:Middlewares/ST/STM32_USB_Host_Library/Class/MSC/Src/usbh_msc.c ****   * @param  phost: Host handle
 243:Middlewares/ST/STM32_USB_Host_Library/Class/MSC/Src/usbh_msc.c ****   * @retval USBH Status
 244:Middlewares/ST/STM32_USB_Host_Library/Class/MSC/Src/usbh_msc.c ****   */
 245:Middlewares/ST/STM32_USB_Host_Library/Class/MSC/Src/usbh_msc.c **** static USBH_StatusTypeDef USBH_MSC_InterfaceDeInit(USBH_HandleTypeDef *phost)
 246:Middlewares/ST/STM32_USB_Host_Library/Class/MSC/Src/usbh_msc.c **** {
 247:Middlewares/ST/STM32_USB_Host_Library/Class/MSC/Src/usbh_msc.c ****   MSC_HandleTypeDef *MSC_Handle = (MSC_HandleTypeDef *) phost->pActiveClass->pData;
 248:Middlewares/ST/STM32_USB_Host_Library/Class/MSC/Src/usbh_msc.c **** 
 249:Middlewares/ST/STM32_USB_Host_Library/Class/MSC/Src/usbh_msc.c ****   if ((MSC_Handle->OutPipe) != 0U)
 250:Middlewares/ST/STM32_USB_Host_Library/Class/MSC/Src/usbh_msc.c ****   {
 251:Middlewares/ST/STM32_USB_Host_Library/Class/MSC/Src/usbh_msc.c ****     (void)USBH_ClosePipe(phost, MSC_Handle->OutPipe);
 252:Middlewares/ST/STM32_USB_Host_Library/Class/MSC/Src/usbh_msc.c ****     (void)USBH_FreePipe(phost, MSC_Handle->OutPipe);
 253:Middlewares/ST/STM32_USB_Host_Library/Class/MSC/Src/usbh_msc.c ****     MSC_Handle->OutPipe = 0U;     /* Reset the Channel as Free */
 254:Middlewares/ST/STM32_USB_Host_Library/Class/MSC/Src/usbh_msc.c ****   }
 255:Middlewares/ST/STM32_USB_Host_Library/Class/MSC/Src/usbh_msc.c **** 
 256:Middlewares/ST/STM32_USB_Host_Library/Class/MSC/Src/usbh_msc.c ****   if ((MSC_Handle->InPipe != 0U))
 257:Middlewares/ST/STM32_USB_Host_Library/Class/MSC/Src/usbh_msc.c ****   {
 258:Middlewares/ST/STM32_USB_Host_Library/Class/MSC/Src/usbh_msc.c ****     (void)USBH_ClosePipe(phost, MSC_Handle->InPipe);
ARM GAS  /tmp/ccYgCVot.s 			page 6


 259:Middlewares/ST/STM32_USB_Host_Library/Class/MSC/Src/usbh_msc.c ****     (void)USBH_FreePipe(phost, MSC_Handle->InPipe);
 260:Middlewares/ST/STM32_USB_Host_Library/Class/MSC/Src/usbh_msc.c ****     MSC_Handle->InPipe = 0U;     /* Reset the Channel as Free */
 261:Middlewares/ST/STM32_USB_Host_Library/Class/MSC/Src/usbh_msc.c ****   }
 262:Middlewares/ST/STM32_USB_Host_Library/Class/MSC/Src/usbh_msc.c **** 
 263:Middlewares/ST/STM32_USB_Host_Library/Class/MSC/Src/usbh_msc.c ****   if ((phost->pActiveClass->pData) != NULL)
 264:Middlewares/ST/STM32_USB_Host_Library/Class/MSC/Src/usbh_msc.c ****   {
 265:Middlewares/ST/STM32_USB_Host_Library/Class/MSC/Src/usbh_msc.c ****     USBH_free(phost->pActiveClass->pData);
 266:Middlewares/ST/STM32_USB_Host_Library/Class/MSC/Src/usbh_msc.c ****     phost->pActiveClass->pData = 0U;
 267:Middlewares/ST/STM32_USB_Host_Library/Class/MSC/Src/usbh_msc.c ****   }
 268:Middlewares/ST/STM32_USB_Host_Library/Class/MSC/Src/usbh_msc.c **** 
 269:Middlewares/ST/STM32_USB_Host_Library/Class/MSC/Src/usbh_msc.c ****   return USBH_OK;
 270:Middlewares/ST/STM32_USB_Host_Library/Class/MSC/Src/usbh_msc.c **** }
 271:Middlewares/ST/STM32_USB_Host_Library/Class/MSC/Src/usbh_msc.c **** 
 272:Middlewares/ST/STM32_USB_Host_Library/Class/MSC/Src/usbh_msc.c **** /**
 273:Middlewares/ST/STM32_USB_Host_Library/Class/MSC/Src/usbh_msc.c ****   * @brief  USBH_MSC_ClassRequest
 274:Middlewares/ST/STM32_USB_Host_Library/Class/MSC/Src/usbh_msc.c ****   *         The function is responsible for handling Standard requests
 275:Middlewares/ST/STM32_USB_Host_Library/Class/MSC/Src/usbh_msc.c ****   *         for MSC class.
 276:Middlewares/ST/STM32_USB_Host_Library/Class/MSC/Src/usbh_msc.c ****   * @param  phost: Host handle
 277:Middlewares/ST/STM32_USB_Host_Library/Class/MSC/Src/usbh_msc.c ****   * @retval USBH Status
 278:Middlewares/ST/STM32_USB_Host_Library/Class/MSC/Src/usbh_msc.c ****   */
 279:Middlewares/ST/STM32_USB_Host_Library/Class/MSC/Src/usbh_msc.c **** static USBH_StatusTypeDef USBH_MSC_ClassRequest(USBH_HandleTypeDef *phost)
 280:Middlewares/ST/STM32_USB_Host_Library/Class/MSC/Src/usbh_msc.c **** {
 281:Middlewares/ST/STM32_USB_Host_Library/Class/MSC/Src/usbh_msc.c ****   MSC_HandleTypeDef *MSC_Handle = (MSC_HandleTypeDef *) phost->pActiveClass->pData;
 282:Middlewares/ST/STM32_USB_Host_Library/Class/MSC/Src/usbh_msc.c ****   USBH_StatusTypeDef status = USBH_BUSY;
 283:Middlewares/ST/STM32_USB_Host_Library/Class/MSC/Src/usbh_msc.c ****   uint8_t i;
 284:Middlewares/ST/STM32_USB_Host_Library/Class/MSC/Src/usbh_msc.c **** 
 285:Middlewares/ST/STM32_USB_Host_Library/Class/MSC/Src/usbh_msc.c ****   /* Switch MSC REQ state machine */
 286:Middlewares/ST/STM32_USB_Host_Library/Class/MSC/Src/usbh_msc.c ****   switch (MSC_Handle->req_state)
 287:Middlewares/ST/STM32_USB_Host_Library/Class/MSC/Src/usbh_msc.c ****   {
 288:Middlewares/ST/STM32_USB_Host_Library/Class/MSC/Src/usbh_msc.c ****     case MSC_REQ_IDLE:
 289:Middlewares/ST/STM32_USB_Host_Library/Class/MSC/Src/usbh_msc.c ****     case MSC_REQ_GET_MAX_LUN:
 290:Middlewares/ST/STM32_USB_Host_Library/Class/MSC/Src/usbh_msc.c ****       /* Issue GetMaxLUN request */
 291:Middlewares/ST/STM32_USB_Host_Library/Class/MSC/Src/usbh_msc.c ****       status = USBH_MSC_BOT_REQ_GetMaxLUN(phost, &MSC_Handle->max_lun);
 292:Middlewares/ST/STM32_USB_Host_Library/Class/MSC/Src/usbh_msc.c **** 
 293:Middlewares/ST/STM32_USB_Host_Library/Class/MSC/Src/usbh_msc.c ****       /* When devices do not support the GetMaxLun request, this should
 294:Middlewares/ST/STM32_USB_Host_Library/Class/MSC/Src/usbh_msc.c ****          be considered as only one logical unit is supported */
 295:Middlewares/ST/STM32_USB_Host_Library/Class/MSC/Src/usbh_msc.c ****       if (status == USBH_NOT_SUPPORTED)
 296:Middlewares/ST/STM32_USB_Host_Library/Class/MSC/Src/usbh_msc.c ****       {
 297:Middlewares/ST/STM32_USB_Host_Library/Class/MSC/Src/usbh_msc.c ****         MSC_Handle->max_lun = 0U;
 298:Middlewares/ST/STM32_USB_Host_Library/Class/MSC/Src/usbh_msc.c ****         status = USBH_OK;
 299:Middlewares/ST/STM32_USB_Host_Library/Class/MSC/Src/usbh_msc.c ****       }
 300:Middlewares/ST/STM32_USB_Host_Library/Class/MSC/Src/usbh_msc.c **** 
 301:Middlewares/ST/STM32_USB_Host_Library/Class/MSC/Src/usbh_msc.c ****       if (status == USBH_OK)
 302:Middlewares/ST/STM32_USB_Host_Library/Class/MSC/Src/usbh_msc.c ****       {
 303:Middlewares/ST/STM32_USB_Host_Library/Class/MSC/Src/usbh_msc.c ****         MSC_Handle->max_lun = (MSC_Handle->max_lun > MAX_SUPPORTED_LUN) ? MAX_SUPPORTED_LUN : (MSC_
 304:Middlewares/ST/STM32_USB_Host_Library/Class/MSC/Src/usbh_msc.c ****         USBH_UsrLog("Number of supported LUN: %d", MSC_Handle->max_lun);
 305:Middlewares/ST/STM32_USB_Host_Library/Class/MSC/Src/usbh_msc.c **** 
 306:Middlewares/ST/STM32_USB_Host_Library/Class/MSC/Src/usbh_msc.c ****         for (i = 0U; i < MSC_Handle->max_lun; i++)
 307:Middlewares/ST/STM32_USB_Host_Library/Class/MSC/Src/usbh_msc.c ****         {
 308:Middlewares/ST/STM32_USB_Host_Library/Class/MSC/Src/usbh_msc.c ****           MSC_Handle->unit[i].prev_ready_state = USBH_FAIL;
 309:Middlewares/ST/STM32_USB_Host_Library/Class/MSC/Src/usbh_msc.c ****           MSC_Handle->unit[i].state_changed = 0U;
 310:Middlewares/ST/STM32_USB_Host_Library/Class/MSC/Src/usbh_msc.c ****         }
 311:Middlewares/ST/STM32_USB_Host_Library/Class/MSC/Src/usbh_msc.c ****       }
 312:Middlewares/ST/STM32_USB_Host_Library/Class/MSC/Src/usbh_msc.c ****       break;
 313:Middlewares/ST/STM32_USB_Host_Library/Class/MSC/Src/usbh_msc.c **** 
 314:Middlewares/ST/STM32_USB_Host_Library/Class/MSC/Src/usbh_msc.c ****     case MSC_REQ_ERROR:
 315:Middlewares/ST/STM32_USB_Host_Library/Class/MSC/Src/usbh_msc.c ****       /* a Clear Feature should be issued here */
ARM GAS  /tmp/ccYgCVot.s 			page 7


 316:Middlewares/ST/STM32_USB_Host_Library/Class/MSC/Src/usbh_msc.c ****       if (USBH_ClrFeature(phost, 0x00U) == USBH_OK)
 317:Middlewares/ST/STM32_USB_Host_Library/Class/MSC/Src/usbh_msc.c ****       {
 318:Middlewares/ST/STM32_USB_Host_Library/Class/MSC/Src/usbh_msc.c ****         MSC_Handle->req_state = MSC_Handle->prev_req_state;
 319:Middlewares/ST/STM32_USB_Host_Library/Class/MSC/Src/usbh_msc.c ****       }
 320:Middlewares/ST/STM32_USB_Host_Library/Class/MSC/Src/usbh_msc.c ****       break;
 321:Middlewares/ST/STM32_USB_Host_Library/Class/MSC/Src/usbh_msc.c **** 
 322:Middlewares/ST/STM32_USB_Host_Library/Class/MSC/Src/usbh_msc.c ****     default:
 323:Middlewares/ST/STM32_USB_Host_Library/Class/MSC/Src/usbh_msc.c ****       break;
 324:Middlewares/ST/STM32_USB_Host_Library/Class/MSC/Src/usbh_msc.c ****   }
 325:Middlewares/ST/STM32_USB_Host_Library/Class/MSC/Src/usbh_msc.c **** 
 326:Middlewares/ST/STM32_USB_Host_Library/Class/MSC/Src/usbh_msc.c ****   return status;
 327:Middlewares/ST/STM32_USB_Host_Library/Class/MSC/Src/usbh_msc.c **** }
 328:Middlewares/ST/STM32_USB_Host_Library/Class/MSC/Src/usbh_msc.c **** 
 329:Middlewares/ST/STM32_USB_Host_Library/Class/MSC/Src/usbh_msc.c **** /**
 330:Middlewares/ST/STM32_USB_Host_Library/Class/MSC/Src/usbh_msc.c ****   * @brief  USBH_MSC_Process
 331:Middlewares/ST/STM32_USB_Host_Library/Class/MSC/Src/usbh_msc.c ****   *         The function is for managing state machine for MSC data transfers
 332:Middlewares/ST/STM32_USB_Host_Library/Class/MSC/Src/usbh_msc.c ****   * @param  phost: Host handle
 333:Middlewares/ST/STM32_USB_Host_Library/Class/MSC/Src/usbh_msc.c ****   * @retval USBH Status
 334:Middlewares/ST/STM32_USB_Host_Library/Class/MSC/Src/usbh_msc.c ****   */
 335:Middlewares/ST/STM32_USB_Host_Library/Class/MSC/Src/usbh_msc.c **** static USBH_StatusTypeDef USBH_MSC_Process(USBH_HandleTypeDef *phost)
 336:Middlewares/ST/STM32_USB_Host_Library/Class/MSC/Src/usbh_msc.c **** {
 337:Middlewares/ST/STM32_USB_Host_Library/Class/MSC/Src/usbh_msc.c ****   MSC_HandleTypeDef *MSC_Handle = (MSC_HandleTypeDef *) phost->pActiveClass->pData;
 338:Middlewares/ST/STM32_USB_Host_Library/Class/MSC/Src/usbh_msc.c ****   USBH_StatusTypeDef error = USBH_BUSY;
 339:Middlewares/ST/STM32_USB_Host_Library/Class/MSC/Src/usbh_msc.c ****   USBH_StatusTypeDef scsi_status = USBH_BUSY;
 340:Middlewares/ST/STM32_USB_Host_Library/Class/MSC/Src/usbh_msc.c ****   USBH_StatusTypeDef ready_status = USBH_BUSY;
 341:Middlewares/ST/STM32_USB_Host_Library/Class/MSC/Src/usbh_msc.c **** 
 342:Middlewares/ST/STM32_USB_Host_Library/Class/MSC/Src/usbh_msc.c ****   switch (MSC_Handle->state)
 343:Middlewares/ST/STM32_USB_Host_Library/Class/MSC/Src/usbh_msc.c ****   {
 344:Middlewares/ST/STM32_USB_Host_Library/Class/MSC/Src/usbh_msc.c ****     case MSC_INIT:
 345:Middlewares/ST/STM32_USB_Host_Library/Class/MSC/Src/usbh_msc.c **** 
 346:Middlewares/ST/STM32_USB_Host_Library/Class/MSC/Src/usbh_msc.c ****       if (MSC_Handle->current_lun < MSC_Handle->max_lun)
 347:Middlewares/ST/STM32_USB_Host_Library/Class/MSC/Src/usbh_msc.c ****       {
 348:Middlewares/ST/STM32_USB_Host_Library/Class/MSC/Src/usbh_msc.c **** 
 349:Middlewares/ST/STM32_USB_Host_Library/Class/MSC/Src/usbh_msc.c ****         MSC_Handle->unit[MSC_Handle->current_lun].error = MSC_NOT_READY;
 350:Middlewares/ST/STM32_USB_Host_Library/Class/MSC/Src/usbh_msc.c ****         /* Switch MSC REQ state machine */
 351:Middlewares/ST/STM32_USB_Host_Library/Class/MSC/Src/usbh_msc.c ****         switch (MSC_Handle->unit[MSC_Handle->current_lun].state)
 352:Middlewares/ST/STM32_USB_Host_Library/Class/MSC/Src/usbh_msc.c ****         {
 353:Middlewares/ST/STM32_USB_Host_Library/Class/MSC/Src/usbh_msc.c ****           case MSC_INIT:
 354:Middlewares/ST/STM32_USB_Host_Library/Class/MSC/Src/usbh_msc.c ****             USBH_UsrLog("LUN #%d: ", MSC_Handle->current_lun);
 355:Middlewares/ST/STM32_USB_Host_Library/Class/MSC/Src/usbh_msc.c ****             MSC_Handle->unit[MSC_Handle->current_lun].state = MSC_READ_INQUIRY;
 356:Middlewares/ST/STM32_USB_Host_Library/Class/MSC/Src/usbh_msc.c ****             MSC_Handle->timer = phost->Timer;
 357:Middlewares/ST/STM32_USB_Host_Library/Class/MSC/Src/usbh_msc.c ****             break;
 358:Middlewares/ST/STM32_USB_Host_Library/Class/MSC/Src/usbh_msc.c **** 
 359:Middlewares/ST/STM32_USB_Host_Library/Class/MSC/Src/usbh_msc.c ****           case MSC_READ_INQUIRY:
 360:Middlewares/ST/STM32_USB_Host_Library/Class/MSC/Src/usbh_msc.c ****             scsi_status = USBH_MSC_SCSI_Inquiry(phost, (uint8_t)MSC_Handle->current_lun, &MSC_Handl
 361:Middlewares/ST/STM32_USB_Host_Library/Class/MSC/Src/usbh_msc.c **** 
 362:Middlewares/ST/STM32_USB_Host_Library/Class/MSC/Src/usbh_msc.c ****             if (scsi_status == USBH_OK)
 363:Middlewares/ST/STM32_USB_Host_Library/Class/MSC/Src/usbh_msc.c ****             {
 364:Middlewares/ST/STM32_USB_Host_Library/Class/MSC/Src/usbh_msc.c ****               USBH_UsrLog("Inquiry Vendor  : %s", MSC_Handle->unit[MSC_Handle->current_lun].inquiry
 365:Middlewares/ST/STM32_USB_Host_Library/Class/MSC/Src/usbh_msc.c ****               USBH_UsrLog("Inquiry Product : %s", MSC_Handle->unit[MSC_Handle->current_lun].inquiry
 366:Middlewares/ST/STM32_USB_Host_Library/Class/MSC/Src/usbh_msc.c ****               USBH_UsrLog("Inquiry Version : %s", MSC_Handle->unit[MSC_Handle->current_lun].inquiry
 367:Middlewares/ST/STM32_USB_Host_Library/Class/MSC/Src/usbh_msc.c ****               MSC_Handle->unit[MSC_Handle->current_lun].state = MSC_TEST_UNIT_READY;
 368:Middlewares/ST/STM32_USB_Host_Library/Class/MSC/Src/usbh_msc.c ****             }
 369:Middlewares/ST/STM32_USB_Host_Library/Class/MSC/Src/usbh_msc.c ****             if (scsi_status == USBH_FAIL)
 370:Middlewares/ST/STM32_USB_Host_Library/Class/MSC/Src/usbh_msc.c ****             {
 371:Middlewares/ST/STM32_USB_Host_Library/Class/MSC/Src/usbh_msc.c ****               MSC_Handle->unit[MSC_Handle->current_lun].state = MSC_REQUEST_SENSE;
 372:Middlewares/ST/STM32_USB_Host_Library/Class/MSC/Src/usbh_msc.c ****             }
ARM GAS  /tmp/ccYgCVot.s 			page 8


 373:Middlewares/ST/STM32_USB_Host_Library/Class/MSC/Src/usbh_msc.c ****             else
 374:Middlewares/ST/STM32_USB_Host_Library/Class/MSC/Src/usbh_msc.c ****             {
 375:Middlewares/ST/STM32_USB_Host_Library/Class/MSC/Src/usbh_msc.c ****               if (scsi_status == USBH_UNRECOVERED_ERROR)
 376:Middlewares/ST/STM32_USB_Host_Library/Class/MSC/Src/usbh_msc.c ****               {
 377:Middlewares/ST/STM32_USB_Host_Library/Class/MSC/Src/usbh_msc.c ****                 MSC_Handle->unit[MSC_Handle->current_lun].state = MSC_IDLE;
 378:Middlewares/ST/STM32_USB_Host_Library/Class/MSC/Src/usbh_msc.c ****                 MSC_Handle->unit[MSC_Handle->current_lun].error = MSC_ERROR;
 379:Middlewares/ST/STM32_USB_Host_Library/Class/MSC/Src/usbh_msc.c ****               }
 380:Middlewares/ST/STM32_USB_Host_Library/Class/MSC/Src/usbh_msc.c ****             }
 381:Middlewares/ST/STM32_USB_Host_Library/Class/MSC/Src/usbh_msc.c ****             break;
 382:Middlewares/ST/STM32_USB_Host_Library/Class/MSC/Src/usbh_msc.c **** 
 383:Middlewares/ST/STM32_USB_Host_Library/Class/MSC/Src/usbh_msc.c ****           case MSC_TEST_UNIT_READY:
 384:Middlewares/ST/STM32_USB_Host_Library/Class/MSC/Src/usbh_msc.c ****             ready_status = USBH_MSC_SCSI_TestUnitReady(phost, (uint8_t)MSC_Handle->current_lun);
 385:Middlewares/ST/STM32_USB_Host_Library/Class/MSC/Src/usbh_msc.c **** 
 386:Middlewares/ST/STM32_USB_Host_Library/Class/MSC/Src/usbh_msc.c ****             if (ready_status == USBH_OK)
 387:Middlewares/ST/STM32_USB_Host_Library/Class/MSC/Src/usbh_msc.c ****             {
 388:Middlewares/ST/STM32_USB_Host_Library/Class/MSC/Src/usbh_msc.c ****               if (MSC_Handle->unit[MSC_Handle->current_lun].prev_ready_state != USBH_OK)
 389:Middlewares/ST/STM32_USB_Host_Library/Class/MSC/Src/usbh_msc.c ****               {
 390:Middlewares/ST/STM32_USB_Host_Library/Class/MSC/Src/usbh_msc.c ****                 MSC_Handle->unit[MSC_Handle->current_lun].state_changed = 1U;
 391:Middlewares/ST/STM32_USB_Host_Library/Class/MSC/Src/usbh_msc.c ****                 USBH_UsrLog("MSC Device ready");
 392:Middlewares/ST/STM32_USB_Host_Library/Class/MSC/Src/usbh_msc.c ****               }
 393:Middlewares/ST/STM32_USB_Host_Library/Class/MSC/Src/usbh_msc.c ****               else
 394:Middlewares/ST/STM32_USB_Host_Library/Class/MSC/Src/usbh_msc.c ****               {
 395:Middlewares/ST/STM32_USB_Host_Library/Class/MSC/Src/usbh_msc.c ****                 MSC_Handle->unit[MSC_Handle->current_lun].state_changed = 0U;
 396:Middlewares/ST/STM32_USB_Host_Library/Class/MSC/Src/usbh_msc.c ****               }
 397:Middlewares/ST/STM32_USB_Host_Library/Class/MSC/Src/usbh_msc.c ****               MSC_Handle->unit[MSC_Handle->current_lun].state = MSC_READ_CAPACITY10;
 398:Middlewares/ST/STM32_USB_Host_Library/Class/MSC/Src/usbh_msc.c ****               MSC_Handle->unit[MSC_Handle->current_lun].error = MSC_OK;
 399:Middlewares/ST/STM32_USB_Host_Library/Class/MSC/Src/usbh_msc.c ****               MSC_Handle->unit[MSC_Handle->current_lun].prev_ready_state = USBH_OK;
 400:Middlewares/ST/STM32_USB_Host_Library/Class/MSC/Src/usbh_msc.c ****             }
 401:Middlewares/ST/STM32_USB_Host_Library/Class/MSC/Src/usbh_msc.c ****             if (ready_status == USBH_FAIL)
 402:Middlewares/ST/STM32_USB_Host_Library/Class/MSC/Src/usbh_msc.c ****             {
 403:Middlewares/ST/STM32_USB_Host_Library/Class/MSC/Src/usbh_msc.c ****               /* Media not ready, so try to check again during 10s */
 404:Middlewares/ST/STM32_USB_Host_Library/Class/MSC/Src/usbh_msc.c ****               if (MSC_Handle->unit[MSC_Handle->current_lun].prev_ready_state != USBH_FAIL)
 405:Middlewares/ST/STM32_USB_Host_Library/Class/MSC/Src/usbh_msc.c ****               {
 406:Middlewares/ST/STM32_USB_Host_Library/Class/MSC/Src/usbh_msc.c ****                 MSC_Handle->unit[MSC_Handle->current_lun].state_changed = 1U;
 407:Middlewares/ST/STM32_USB_Host_Library/Class/MSC/Src/usbh_msc.c ****                 USBH_UsrLog("MSC Device NOT ready");
 408:Middlewares/ST/STM32_USB_Host_Library/Class/MSC/Src/usbh_msc.c ****               }
 409:Middlewares/ST/STM32_USB_Host_Library/Class/MSC/Src/usbh_msc.c ****               else
 410:Middlewares/ST/STM32_USB_Host_Library/Class/MSC/Src/usbh_msc.c ****               {
 411:Middlewares/ST/STM32_USB_Host_Library/Class/MSC/Src/usbh_msc.c ****                 MSC_Handle->unit[MSC_Handle->current_lun].state_changed = 0U;
 412:Middlewares/ST/STM32_USB_Host_Library/Class/MSC/Src/usbh_msc.c ****               }
 413:Middlewares/ST/STM32_USB_Host_Library/Class/MSC/Src/usbh_msc.c ****               MSC_Handle->unit[MSC_Handle->current_lun].state = MSC_REQUEST_SENSE;
 414:Middlewares/ST/STM32_USB_Host_Library/Class/MSC/Src/usbh_msc.c ****               MSC_Handle->unit[MSC_Handle->current_lun].error = MSC_NOT_READY;
 415:Middlewares/ST/STM32_USB_Host_Library/Class/MSC/Src/usbh_msc.c ****               MSC_Handle->unit[MSC_Handle->current_lun].prev_ready_state = USBH_FAIL;
 416:Middlewares/ST/STM32_USB_Host_Library/Class/MSC/Src/usbh_msc.c ****             }
 417:Middlewares/ST/STM32_USB_Host_Library/Class/MSC/Src/usbh_msc.c ****             else
 418:Middlewares/ST/STM32_USB_Host_Library/Class/MSC/Src/usbh_msc.c ****             {
 419:Middlewares/ST/STM32_USB_Host_Library/Class/MSC/Src/usbh_msc.c ****               if (ready_status == USBH_UNRECOVERED_ERROR)
 420:Middlewares/ST/STM32_USB_Host_Library/Class/MSC/Src/usbh_msc.c ****               {
 421:Middlewares/ST/STM32_USB_Host_Library/Class/MSC/Src/usbh_msc.c ****                 MSC_Handle->unit[MSC_Handle->current_lun].state = MSC_IDLE;
 422:Middlewares/ST/STM32_USB_Host_Library/Class/MSC/Src/usbh_msc.c ****                 MSC_Handle->unit[MSC_Handle->current_lun].error = MSC_ERROR;
 423:Middlewares/ST/STM32_USB_Host_Library/Class/MSC/Src/usbh_msc.c ****               }
 424:Middlewares/ST/STM32_USB_Host_Library/Class/MSC/Src/usbh_msc.c ****             }
 425:Middlewares/ST/STM32_USB_Host_Library/Class/MSC/Src/usbh_msc.c ****             break;
 426:Middlewares/ST/STM32_USB_Host_Library/Class/MSC/Src/usbh_msc.c **** 
 427:Middlewares/ST/STM32_USB_Host_Library/Class/MSC/Src/usbh_msc.c ****           case MSC_READ_CAPACITY10:
 428:Middlewares/ST/STM32_USB_Host_Library/Class/MSC/Src/usbh_msc.c ****             scsi_status = USBH_MSC_SCSI_ReadCapacity(phost, (uint8_t)MSC_Handle->current_lun, &MSC_
 429:Middlewares/ST/STM32_USB_Host_Library/Class/MSC/Src/usbh_msc.c **** 
ARM GAS  /tmp/ccYgCVot.s 			page 9


 430:Middlewares/ST/STM32_USB_Host_Library/Class/MSC/Src/usbh_msc.c ****             if (scsi_status == USBH_OK)
 431:Middlewares/ST/STM32_USB_Host_Library/Class/MSC/Src/usbh_msc.c ****             {
 432:Middlewares/ST/STM32_USB_Host_Library/Class/MSC/Src/usbh_msc.c ****               if (MSC_Handle->unit[MSC_Handle->current_lun].state_changed == 1U)
 433:Middlewares/ST/STM32_USB_Host_Library/Class/MSC/Src/usbh_msc.c ****               {
 434:Middlewares/ST/STM32_USB_Host_Library/Class/MSC/Src/usbh_msc.c ****                 USBH_UsrLog("MSC Device capacity : %lu Bytes", \
 435:Middlewares/ST/STM32_USB_Host_Library/Class/MSC/Src/usbh_msc.c ****                             (int32_t)(MSC_Handle->unit[MSC_Handle->current_lun].capacity.block_nbr 
 436:Middlewares/ST/STM32_USB_Host_Library/Class/MSC/Src/usbh_msc.c ****                                       MSC_Handle->unit[MSC_Handle->current_lun].capacity.block_size
 437:Middlewares/ST/STM32_USB_Host_Library/Class/MSC/Src/usbh_msc.c ****                 USBH_UsrLog("Block number : %lu", (int32_t)(MSC_Handle->unit[MSC_Handle->current_lu
 438:Middlewares/ST/STM32_USB_Host_Library/Class/MSC/Src/usbh_msc.c ****                 USBH_UsrLog("Block Size   : %lu", (int32_t)(MSC_Handle->unit[MSC_Handle->current_lu
 439:Middlewares/ST/STM32_USB_Host_Library/Class/MSC/Src/usbh_msc.c ****               }
 440:Middlewares/ST/STM32_USB_Host_Library/Class/MSC/Src/usbh_msc.c ****               MSC_Handle->unit[MSC_Handle->current_lun].state = MSC_IDLE;
 441:Middlewares/ST/STM32_USB_Host_Library/Class/MSC/Src/usbh_msc.c ****               MSC_Handle->unit[MSC_Handle->current_lun].error = MSC_OK;
 442:Middlewares/ST/STM32_USB_Host_Library/Class/MSC/Src/usbh_msc.c ****               MSC_Handle->current_lun++;
 443:Middlewares/ST/STM32_USB_Host_Library/Class/MSC/Src/usbh_msc.c ****             }
 444:Middlewares/ST/STM32_USB_Host_Library/Class/MSC/Src/usbh_msc.c ****             else if (scsi_status == USBH_FAIL)
 445:Middlewares/ST/STM32_USB_Host_Library/Class/MSC/Src/usbh_msc.c ****             {
 446:Middlewares/ST/STM32_USB_Host_Library/Class/MSC/Src/usbh_msc.c ****               MSC_Handle->unit[MSC_Handle->current_lun].state = MSC_REQUEST_SENSE;
 447:Middlewares/ST/STM32_USB_Host_Library/Class/MSC/Src/usbh_msc.c ****             }
 448:Middlewares/ST/STM32_USB_Host_Library/Class/MSC/Src/usbh_msc.c ****             else
 449:Middlewares/ST/STM32_USB_Host_Library/Class/MSC/Src/usbh_msc.c ****             {
 450:Middlewares/ST/STM32_USB_Host_Library/Class/MSC/Src/usbh_msc.c ****               if (scsi_status == USBH_UNRECOVERED_ERROR)
 451:Middlewares/ST/STM32_USB_Host_Library/Class/MSC/Src/usbh_msc.c ****               {
 452:Middlewares/ST/STM32_USB_Host_Library/Class/MSC/Src/usbh_msc.c ****                 MSC_Handle->unit[MSC_Handle->current_lun].state = MSC_IDLE;
 453:Middlewares/ST/STM32_USB_Host_Library/Class/MSC/Src/usbh_msc.c ****                 MSC_Handle->unit[MSC_Handle->current_lun].error = MSC_ERROR;
 454:Middlewares/ST/STM32_USB_Host_Library/Class/MSC/Src/usbh_msc.c ****               }
 455:Middlewares/ST/STM32_USB_Host_Library/Class/MSC/Src/usbh_msc.c ****             }
 456:Middlewares/ST/STM32_USB_Host_Library/Class/MSC/Src/usbh_msc.c ****             break;
 457:Middlewares/ST/STM32_USB_Host_Library/Class/MSC/Src/usbh_msc.c **** 
 458:Middlewares/ST/STM32_USB_Host_Library/Class/MSC/Src/usbh_msc.c ****           case MSC_REQUEST_SENSE:
 459:Middlewares/ST/STM32_USB_Host_Library/Class/MSC/Src/usbh_msc.c ****             scsi_status = USBH_MSC_SCSI_RequestSense(phost, (uint8_t)MSC_Handle->current_lun, &MSC_
 460:Middlewares/ST/STM32_USB_Host_Library/Class/MSC/Src/usbh_msc.c **** 
 461:Middlewares/ST/STM32_USB_Host_Library/Class/MSC/Src/usbh_msc.c ****             if (scsi_status == USBH_OK)
 462:Middlewares/ST/STM32_USB_Host_Library/Class/MSC/Src/usbh_msc.c ****             {
 463:Middlewares/ST/STM32_USB_Host_Library/Class/MSC/Src/usbh_msc.c ****               if ((MSC_Handle->unit[MSC_Handle->current_lun].sense.key == SCSI_SENSE_KEY_UNIT_ATTEN
 464:Middlewares/ST/STM32_USB_Host_Library/Class/MSC/Src/usbh_msc.c ****                   (MSC_Handle->unit[MSC_Handle->current_lun].sense.key == SCSI_SENSE_KEY_NOT_READY)
 465:Middlewares/ST/STM32_USB_Host_Library/Class/MSC/Src/usbh_msc.c ****               {
 466:Middlewares/ST/STM32_USB_Host_Library/Class/MSC/Src/usbh_msc.c **** 
 467:Middlewares/ST/STM32_USB_Host_Library/Class/MSC/Src/usbh_msc.c ****                 if ((phost->Timer - MSC_Handle->timer) < 10000U)
 468:Middlewares/ST/STM32_USB_Host_Library/Class/MSC/Src/usbh_msc.c ****                 {
 469:Middlewares/ST/STM32_USB_Host_Library/Class/MSC/Src/usbh_msc.c ****                   MSC_Handle->unit[MSC_Handle->current_lun].state = MSC_TEST_UNIT_READY;
 470:Middlewares/ST/STM32_USB_Host_Library/Class/MSC/Src/usbh_msc.c ****                   break;
 471:Middlewares/ST/STM32_USB_Host_Library/Class/MSC/Src/usbh_msc.c ****                 }
 472:Middlewares/ST/STM32_USB_Host_Library/Class/MSC/Src/usbh_msc.c ****               }
 473:Middlewares/ST/STM32_USB_Host_Library/Class/MSC/Src/usbh_msc.c **** 
 474:Middlewares/ST/STM32_USB_Host_Library/Class/MSC/Src/usbh_msc.c ****               USBH_UsrLog("Sense Key  : %x", MSC_Handle->unit[MSC_Handle->current_lun].sense.key);
 475:Middlewares/ST/STM32_USB_Host_Library/Class/MSC/Src/usbh_msc.c ****               USBH_UsrLog("Additional Sense Code : %x", MSC_Handle->unit[MSC_Handle->current_lun].s
 476:Middlewares/ST/STM32_USB_Host_Library/Class/MSC/Src/usbh_msc.c ****               USBH_UsrLog("Additional Sense Code Qualifier: %x", MSC_Handle->unit[MSC_Handle->curre
 477:Middlewares/ST/STM32_USB_Host_Library/Class/MSC/Src/usbh_msc.c ****               MSC_Handle->unit[MSC_Handle->current_lun].state = MSC_IDLE;
 478:Middlewares/ST/STM32_USB_Host_Library/Class/MSC/Src/usbh_msc.c ****               MSC_Handle->current_lun++;
 479:Middlewares/ST/STM32_USB_Host_Library/Class/MSC/Src/usbh_msc.c ****             }
 480:Middlewares/ST/STM32_USB_Host_Library/Class/MSC/Src/usbh_msc.c ****             if (scsi_status == USBH_FAIL)
 481:Middlewares/ST/STM32_USB_Host_Library/Class/MSC/Src/usbh_msc.c ****             {
 482:Middlewares/ST/STM32_USB_Host_Library/Class/MSC/Src/usbh_msc.c ****               USBH_UsrLog("MSC Device NOT ready");
 483:Middlewares/ST/STM32_USB_Host_Library/Class/MSC/Src/usbh_msc.c ****               MSC_Handle->unit[MSC_Handle->current_lun].state = MSC_UNRECOVERED_ERROR;
 484:Middlewares/ST/STM32_USB_Host_Library/Class/MSC/Src/usbh_msc.c ****             }
 485:Middlewares/ST/STM32_USB_Host_Library/Class/MSC/Src/usbh_msc.c ****             else
 486:Middlewares/ST/STM32_USB_Host_Library/Class/MSC/Src/usbh_msc.c ****             {
ARM GAS  /tmp/ccYgCVot.s 			page 10


 487:Middlewares/ST/STM32_USB_Host_Library/Class/MSC/Src/usbh_msc.c ****               if (scsi_status == USBH_UNRECOVERED_ERROR)
 488:Middlewares/ST/STM32_USB_Host_Library/Class/MSC/Src/usbh_msc.c ****               {
 489:Middlewares/ST/STM32_USB_Host_Library/Class/MSC/Src/usbh_msc.c ****                 MSC_Handle->unit[MSC_Handle->current_lun].state = MSC_IDLE;
 490:Middlewares/ST/STM32_USB_Host_Library/Class/MSC/Src/usbh_msc.c ****                 MSC_Handle->unit[MSC_Handle->current_lun].error = MSC_ERROR;
 491:Middlewares/ST/STM32_USB_Host_Library/Class/MSC/Src/usbh_msc.c ****               }
 492:Middlewares/ST/STM32_USB_Host_Library/Class/MSC/Src/usbh_msc.c ****             }
 493:Middlewares/ST/STM32_USB_Host_Library/Class/MSC/Src/usbh_msc.c ****             break;
 494:Middlewares/ST/STM32_USB_Host_Library/Class/MSC/Src/usbh_msc.c **** 
 495:Middlewares/ST/STM32_USB_Host_Library/Class/MSC/Src/usbh_msc.c ****           case MSC_UNRECOVERED_ERROR:
 496:Middlewares/ST/STM32_USB_Host_Library/Class/MSC/Src/usbh_msc.c ****             MSC_Handle->current_lun++;
 497:Middlewares/ST/STM32_USB_Host_Library/Class/MSC/Src/usbh_msc.c ****             break;
 498:Middlewares/ST/STM32_USB_Host_Library/Class/MSC/Src/usbh_msc.c **** 
 499:Middlewares/ST/STM32_USB_Host_Library/Class/MSC/Src/usbh_msc.c ****           default:
 500:Middlewares/ST/STM32_USB_Host_Library/Class/MSC/Src/usbh_msc.c ****             break;
 501:Middlewares/ST/STM32_USB_Host_Library/Class/MSC/Src/usbh_msc.c ****         }
 502:Middlewares/ST/STM32_USB_Host_Library/Class/MSC/Src/usbh_msc.c **** 
 503:Middlewares/ST/STM32_USB_Host_Library/Class/MSC/Src/usbh_msc.c **** #if (USBH_USE_OS == 1U)
 504:Middlewares/ST/STM32_USB_Host_Library/Class/MSC/Src/usbh_msc.c ****         phost->os_msg = (uint32_t)USBH_CLASS_EVENT;
 505:Middlewares/ST/STM32_USB_Host_Library/Class/MSC/Src/usbh_msc.c **** #if (osCMSIS < 0x20000U)
 506:Middlewares/ST/STM32_USB_Host_Library/Class/MSC/Src/usbh_msc.c ****         (void)osMessagePut(phost->os_event, phost->os_msg, 0U);
 507:Middlewares/ST/STM32_USB_Host_Library/Class/MSC/Src/usbh_msc.c **** #else
 508:Middlewares/ST/STM32_USB_Host_Library/Class/MSC/Src/usbh_msc.c ****         (void)osMessageQueuePut(phost->os_event, &phost->os_msg, 0U, 0U);
 509:Middlewares/ST/STM32_USB_Host_Library/Class/MSC/Src/usbh_msc.c **** #endif
 510:Middlewares/ST/STM32_USB_Host_Library/Class/MSC/Src/usbh_msc.c **** #endif
 511:Middlewares/ST/STM32_USB_Host_Library/Class/MSC/Src/usbh_msc.c ****       }
 512:Middlewares/ST/STM32_USB_Host_Library/Class/MSC/Src/usbh_msc.c ****       else
 513:Middlewares/ST/STM32_USB_Host_Library/Class/MSC/Src/usbh_msc.c ****       {
 514:Middlewares/ST/STM32_USB_Host_Library/Class/MSC/Src/usbh_msc.c ****         MSC_Handle->current_lun = 0U;
 515:Middlewares/ST/STM32_USB_Host_Library/Class/MSC/Src/usbh_msc.c ****         MSC_Handle->state = MSC_IDLE;
 516:Middlewares/ST/STM32_USB_Host_Library/Class/MSC/Src/usbh_msc.c **** 
 517:Middlewares/ST/STM32_USB_Host_Library/Class/MSC/Src/usbh_msc.c **** #if (USBH_USE_OS == 1U)
 518:Middlewares/ST/STM32_USB_Host_Library/Class/MSC/Src/usbh_msc.c ****         phost->os_msg = (uint32_t)USBH_CLASS_EVENT;
 519:Middlewares/ST/STM32_USB_Host_Library/Class/MSC/Src/usbh_msc.c **** #if (osCMSIS < 0x20000U)
 520:Middlewares/ST/STM32_USB_Host_Library/Class/MSC/Src/usbh_msc.c ****         (void)osMessagePut(phost->os_event, phost->os_msg, 0U);
 521:Middlewares/ST/STM32_USB_Host_Library/Class/MSC/Src/usbh_msc.c **** #else
 522:Middlewares/ST/STM32_USB_Host_Library/Class/MSC/Src/usbh_msc.c ****         (void)osMessageQueuePut(phost->os_event, &phost->os_msg, 0U, 0U);
 523:Middlewares/ST/STM32_USB_Host_Library/Class/MSC/Src/usbh_msc.c **** #endif
 524:Middlewares/ST/STM32_USB_Host_Library/Class/MSC/Src/usbh_msc.c **** #endif
 525:Middlewares/ST/STM32_USB_Host_Library/Class/MSC/Src/usbh_msc.c ****         phost->pUser(phost, HOST_USER_CLASS_ACTIVE);
 526:Middlewares/ST/STM32_USB_Host_Library/Class/MSC/Src/usbh_msc.c ****       }
 527:Middlewares/ST/STM32_USB_Host_Library/Class/MSC/Src/usbh_msc.c ****       break;
 528:Middlewares/ST/STM32_USB_Host_Library/Class/MSC/Src/usbh_msc.c **** 
 529:Middlewares/ST/STM32_USB_Host_Library/Class/MSC/Src/usbh_msc.c ****     case MSC_IDLE:
 530:Middlewares/ST/STM32_USB_Host_Library/Class/MSC/Src/usbh_msc.c ****       error = USBH_OK;
 531:Middlewares/ST/STM32_USB_Host_Library/Class/MSC/Src/usbh_msc.c ****       break;
 532:Middlewares/ST/STM32_USB_Host_Library/Class/MSC/Src/usbh_msc.c **** 
 533:Middlewares/ST/STM32_USB_Host_Library/Class/MSC/Src/usbh_msc.c ****     default:
 534:Middlewares/ST/STM32_USB_Host_Library/Class/MSC/Src/usbh_msc.c ****       break;
 535:Middlewares/ST/STM32_USB_Host_Library/Class/MSC/Src/usbh_msc.c ****   }
 536:Middlewares/ST/STM32_USB_Host_Library/Class/MSC/Src/usbh_msc.c ****   return error;
 537:Middlewares/ST/STM32_USB_Host_Library/Class/MSC/Src/usbh_msc.c **** }
 538:Middlewares/ST/STM32_USB_Host_Library/Class/MSC/Src/usbh_msc.c **** 
 539:Middlewares/ST/STM32_USB_Host_Library/Class/MSC/Src/usbh_msc.c **** 
 540:Middlewares/ST/STM32_USB_Host_Library/Class/MSC/Src/usbh_msc.c **** /**
 541:Middlewares/ST/STM32_USB_Host_Library/Class/MSC/Src/usbh_msc.c ****   * @brief  USBH_MSC_SOFProcess
 542:Middlewares/ST/STM32_USB_Host_Library/Class/MSC/Src/usbh_msc.c ****   *         The function is for SOF state
 543:Middlewares/ST/STM32_USB_Host_Library/Class/MSC/Src/usbh_msc.c ****   * @param  phost: Host handle
ARM GAS  /tmp/ccYgCVot.s 			page 11


 544:Middlewares/ST/STM32_USB_Host_Library/Class/MSC/Src/usbh_msc.c ****   * @retval USBH Status
 545:Middlewares/ST/STM32_USB_Host_Library/Class/MSC/Src/usbh_msc.c ****   */
 546:Middlewares/ST/STM32_USB_Host_Library/Class/MSC/Src/usbh_msc.c **** static USBH_StatusTypeDef USBH_MSC_SOFProcess(USBH_HandleTypeDef *phost)
 547:Middlewares/ST/STM32_USB_Host_Library/Class/MSC/Src/usbh_msc.c **** {
  29              		.loc 1 547 1 view -0
  30              		.cfi_startproc
  31              		@ args = 0, pretend = 0, frame = 0
  32              		@ frame_needed = 0, uses_anonymous_args = 0
  33              		@ link register save eliminated.
 548:Middlewares/ST/STM32_USB_Host_Library/Class/MSC/Src/usbh_msc.c ****   /* Prevent unused argument(s) compilation warning */
 549:Middlewares/ST/STM32_USB_Host_Library/Class/MSC/Src/usbh_msc.c ****   UNUSED(phost);
  34              		.loc 1 549 3 view .LVU1
 550:Middlewares/ST/STM32_USB_Host_Library/Class/MSC/Src/usbh_msc.c **** 
 551:Middlewares/ST/STM32_USB_Host_Library/Class/MSC/Src/usbh_msc.c ****   return USBH_OK;
  35              		.loc 1 551 3 view .LVU2
 552:Middlewares/ST/STM32_USB_Host_Library/Class/MSC/Src/usbh_msc.c **** }
  36              		.loc 1 552 1 is_stmt 0 view .LVU3
  37 0000 0020     		movs	r0, #0
  38              	.LVL1:
  39              		.loc 1 552 1 view .LVU4
  40 0002 7047     		bx	lr
  41              		.cfi_endproc
  42              	.LFE137:
  44              		.section	.text.USBH_MSC_Process,"ax",%progbits
  45              		.align	1
  46              		.syntax unified
  47              		.thumb
  48              		.thumb_func
  50              	USBH_MSC_Process:
  51              	.LVL2:
  52              	.LFB136:
 336:Middlewares/ST/STM32_USB_Host_Library/Class/MSC/Src/usbh_msc.c ****   MSC_HandleTypeDef *MSC_Handle = (MSC_HandleTypeDef *) phost->pActiveClass->pData;
  53              		.loc 1 336 1 is_stmt 1 view -0
  54              		.cfi_startproc
  55              		@ args = 0, pretend = 0, frame = 0
  56              		@ frame_needed = 0, uses_anonymous_args = 0
 336:Middlewares/ST/STM32_USB_Host_Library/Class/MSC/Src/usbh_msc.c ****   MSC_HandleTypeDef *MSC_Handle = (MSC_HandleTypeDef *) phost->pActiveClass->pData;
  57              		.loc 1 336 1 is_stmt 0 view .LVU6
  58 0000 70B5     		push	{r4, r5, r6, lr}
  59              	.LCFI0:
  60              		.cfi_def_cfa_offset 16
  61              		.cfi_offset 4, -16
  62              		.cfi_offset 5, -12
  63              		.cfi_offset 6, -8
  64              		.cfi_offset 14, -4
 337:Middlewares/ST/STM32_USB_Host_Library/Class/MSC/Src/usbh_msc.c ****   USBH_StatusTypeDef error = USBH_BUSY;
  65              		.loc 1 337 3 is_stmt 1 view .LVU7
 337:Middlewares/ST/STM32_USB_Host_Library/Class/MSC/Src/usbh_msc.c ****   USBH_StatusTypeDef error = USBH_BUSY;
  66              		.loc 1 337 62 is_stmt 0 view .LVU8
  67 0002 D0F87C33 		ldr	r3, [r0, #892]
 337:Middlewares/ST/STM32_USB_Host_Library/Class/MSC/Src/usbh_msc.c ****   USBH_StatusTypeDef error = USBH_BUSY;
  68              		.loc 1 337 22 view .LVU9
  69 0006 DE69     		ldr	r6, [r3, #28]
  70              	.LVL3:
 338:Middlewares/ST/STM32_USB_Host_Library/Class/MSC/Src/usbh_msc.c ****   USBH_StatusTypeDef scsi_status = USBH_BUSY;
  71              		.loc 1 338 3 is_stmt 1 view .LVU10
 339:Middlewares/ST/STM32_USB_Host_Library/Class/MSC/Src/usbh_msc.c ****   USBH_StatusTypeDef ready_status = USBH_BUSY;
ARM GAS  /tmp/ccYgCVot.s 			page 12


  72              		.loc 1 339 3 view .LVU11
 340:Middlewares/ST/STM32_USB_Host_Library/Class/MSC/Src/usbh_msc.c **** 
  73              		.loc 1 340 3 view .LVU12
 342:Middlewares/ST/STM32_USB_Host_Library/Class/MSC/Src/usbh_msc.c ****   {
  74              		.loc 1 342 3 view .LVU13
 342:Middlewares/ST/STM32_USB_Host_Library/Class/MSC/Src/usbh_msc.c ****   {
  75              		.loc 1 342 21 is_stmt 0 view .LVU14
  76 0008 337B     		ldrb	r3, [r6, #12]	@ zero_extendqisi2
 342:Middlewares/ST/STM32_USB_Host_Library/Class/MSC/Src/usbh_msc.c ****   {
  77              		.loc 1 342 3 view .LVU15
  78 000a 23B1     		cbz	r3, .L3
  79 000c 012B     		cmp	r3, #1
  80 000e 40F04581 		bne	.L27
 530:Middlewares/ST/STM32_USB_Host_Library/Class/MSC/Src/usbh_msc.c ****       break;
  81              		.loc 1 530 13 view .LVU16
  82 0012 0020     		movs	r0, #0
  83              	.LVL4:
  84              	.L4:
 536:Middlewares/ST/STM32_USB_Host_Library/Class/MSC/Src/usbh_msc.c **** }
  85              		.loc 1 536 3 is_stmt 1 view .LVU17
 537:Middlewares/ST/STM32_USB_Host_Library/Class/MSC/Src/usbh_msc.c **** 
  86              		.loc 1 537 1 is_stmt 0 view .LVU18
  87 0014 70BD     		pop	{r4, r5, r6, pc}
  88              	.LVL5:
  89              	.L3:
 537:Middlewares/ST/STM32_USB_Host_Library/Class/MSC/Src/usbh_msc.c **** 
  90              		.loc 1 537 1 view .LVU19
  91 0016 0446     		mov	r4, r0
 346:Middlewares/ST/STM32_USB_Host_Library/Class/MSC/Src/usbh_msc.c ****       {
  92              		.loc 1 346 7 is_stmt 1 view .LVU20
 346:Middlewares/ST/STM32_USB_Host_Library/Class/MSC/Src/usbh_msc.c ****       {
  93              		.loc 1 346 21 is_stmt 0 view .LVU21
  94 0018 B6F8F810 		ldrh	r1, [r6, #248]
 346:Middlewares/ST/STM32_USB_Host_Library/Class/MSC/Src/usbh_msc.c ****       {
  95              		.loc 1 346 47 view .LVU22
  96 001c 3378     		ldrb	r3, [r6]	@ zero_extendqisi2
 346:Middlewares/ST/STM32_USB_Host_Library/Class/MSC/Src/usbh_msc.c ****       {
  97              		.loc 1 346 10 view .LVU23
  98 001e 9942     		cmp	r1, r3
  99 0020 80F03181 		bcs	.L5
 349:Middlewares/ST/STM32_USB_Host_Library/Class/MSC/Src/usbh_msc.c ****         /* Switch MSC REQ state machine */
 100              		.loc 1 349 9 is_stmt 1 view .LVU24
 349:Middlewares/ST/STM32_USB_Host_Library/Class/MSC/Src/usbh_msc.c ****         /* Switch MSC REQ state machine */
 101              		.loc 1 349 57 is_stmt 0 view .LVU25
 102 0024 3423     		movs	r3, #52
 103 0026 03FB0163 		mla	r3, r3, r1, r6
 104 002a 0122     		movs	r2, #1
 105 002c 83F89120 		strb	r2, [r3, #145]
 351:Middlewares/ST/STM32_USB_Host_Library/Class/MSC/Src/usbh_msc.c ****         {
 106              		.loc 1 351 9 is_stmt 1 view .LVU26
 351:Middlewares/ST/STM32_USB_Host_Library/Class/MSC/Src/usbh_msc.c ****         {
 107              		.loc 1 351 58 is_stmt 0 view .LVU27
 108 0030 93F89030 		ldrb	r3, [r3, #144]	@ zero_extendqisi2
 351:Middlewares/ST/STM32_USB_Host_Library/Class/MSC/Src/usbh_msc.c ****         {
 109              		.loc 1 351 9 view .LVU28
 110 0034 082B     		cmp	r3, #8
 111 0036 00F23381 		bhi	.L28
ARM GAS  /tmp/ccYgCVot.s 			page 13


 112 003a DFE813F0 		tbh	[pc, r3, lsl #1]
 113              	.L7:
 114 003e 0900     		.2byte	(.L12-.L7)/2
 115 0040 3101     		.2byte	(.L28-.L7)/2
 116 0042 4400     		.2byte	(.L11-.L7)/2
 117 0044 9E00     		.2byte	(.L10-.L7)/2
 118 0046 1500     		.2byte	(.L9-.L7)/2
 119 0048 D300     		.2byte	(.L8-.L7)/2
 120 004a 3101     		.2byte	(.L28-.L7)/2
 121 004c 3101     		.2byte	(.L28-.L7)/2
 122 004e 1F01     		.2byte	(.L6-.L7)/2
 123              		.p2align 1
 124              	.L12:
 354:Middlewares/ST/STM32_USB_Host_Library/Class/MSC/Src/usbh_msc.c ****             MSC_Handle->unit[MSC_Handle->current_lun].state = MSC_READ_INQUIRY;
 125              		.loc 1 354 13 is_stmt 1 view .LVU29
 354:Middlewares/ST/STM32_USB_Host_Library/Class/MSC/Src/usbh_msc.c ****             MSC_Handle->unit[MSC_Handle->current_lun].state = MSC_READ_INQUIRY;
 126              		.loc 1 354 13 view .LVU30
 354:Middlewares/ST/STM32_USB_Host_Library/Class/MSC/Src/usbh_msc.c ****             MSC_Handle->unit[MSC_Handle->current_lun].state = MSC_READ_INQUIRY;
 127              		.loc 1 354 13 view .LVU31
 355:Middlewares/ST/STM32_USB_Host_Library/Class/MSC/Src/usbh_msc.c ****             MSC_Handle->timer = phost->Timer;
 128              		.loc 1 355 13 view .LVU32
 355:Middlewares/ST/STM32_USB_Host_Library/Class/MSC/Src/usbh_msc.c ****             MSC_Handle->timer = phost->Timer;
 129              		.loc 1 355 61 is_stmt 0 view .LVU33
 130 0050 3423     		movs	r3, #52
 131 0052 03FB0163 		mla	r3, r3, r1, r6
 132 0056 0422     		movs	r2, #4
 133 0058 83F89020 		strb	r2, [r3, #144]
 356:Middlewares/ST/STM32_USB_Host_Library/Class/MSC/Src/usbh_msc.c ****             break;
 134              		.loc 1 356 13 is_stmt 1 view .LVU34
 356:Middlewares/ST/STM32_USB_Host_Library/Class/MSC/Src/usbh_msc.c ****             break;
 135              		.loc 1 356 38 is_stmt 0 view .LVU35
 136 005c D0F8C433 		ldr	r3, [r0, #964]
 356:Middlewares/ST/STM32_USB_Host_Library/Class/MSC/Src/usbh_msc.c ****             break;
 137              		.loc 1 356 31 view .LVU36
 138 0060 C6F8FC30 		str	r3, [r6, #252]
 357:Middlewares/ST/STM32_USB_Host_Library/Class/MSC/Src/usbh_msc.c **** 
 139              		.loc 1 357 13 is_stmt 1 view .LVU37
 338:Middlewares/ST/STM32_USB_Host_Library/Class/MSC/Src/usbh_msc.c ****   USBH_StatusTypeDef scsi_status = USBH_BUSY;
 140              		.loc 1 338 22 is_stmt 0 view .LVU38
 141 0064 0120     		movs	r0, #1
 142              	.LVL6:
 357:Middlewares/ST/STM32_USB_Host_Library/Class/MSC/Src/usbh_msc.c **** 
 143              		.loc 1 357 13 view .LVU39
 144 0066 D5E7     		b	.L4
 145              	.LVL7:
 146              	.L9:
 360:Middlewares/ST/STM32_USB_Host_Library/Class/MSC/Src/usbh_msc.c **** 
 147              		.loc 1 360 13 is_stmt 1 view .LVU40
 360:Middlewares/ST/STM32_USB_Host_Library/Class/MSC/Src/usbh_msc.c **** 
 148              		.loc 1 360 27 is_stmt 0 view .LVU41
 149 0068 3422     		movs	r2, #52
 150 006a 01FB02F2 		mul	r2, r1, r2
 151 006e 9832     		adds	r2, r2, #152
 152 0070 3244     		add	r2, r2, r6
 153 0072 0732     		adds	r2, r2, #7
 154 0074 C9B2     		uxtb	r1, r1
 155 0076 FFF7FEFF 		bl	USBH_MSC_SCSI_Inquiry
ARM GAS  /tmp/ccYgCVot.s 			page 14


 156              	.LVL8:
 362:Middlewares/ST/STM32_USB_Host_Library/Class/MSC/Src/usbh_msc.c ****             {
 157              		.loc 1 362 13 is_stmt 1 view .LVU42
 362:Middlewares/ST/STM32_USB_Host_Library/Class/MSC/Src/usbh_msc.c ****             {
 158              		.loc 1 362 16 is_stmt 0 view .LVU43
 159 007a 0346     		mov	r3, r0
 160 007c 38B9     		cbnz	r0, .L13
 364:Middlewares/ST/STM32_USB_Host_Library/Class/MSC/Src/usbh_msc.c ****               USBH_UsrLog("Inquiry Product : %s", MSC_Handle->unit[MSC_Handle->current_lun].inquiry
 161              		.loc 1 364 15 is_stmt 1 view .LVU44
 364:Middlewares/ST/STM32_USB_Host_Library/Class/MSC/Src/usbh_msc.c ****               USBH_UsrLog("Inquiry Product : %s", MSC_Handle->unit[MSC_Handle->current_lun].inquiry
 162              		.loc 1 364 15 view .LVU45
 364:Middlewares/ST/STM32_USB_Host_Library/Class/MSC/Src/usbh_msc.c ****               USBH_UsrLog("Inquiry Product : %s", MSC_Handle->unit[MSC_Handle->current_lun].inquiry
 163              		.loc 1 364 15 view .LVU46
 365:Middlewares/ST/STM32_USB_Host_Library/Class/MSC/Src/usbh_msc.c ****               USBH_UsrLog("Inquiry Version : %s", MSC_Handle->unit[MSC_Handle->current_lun].inquiry
 164              		.loc 1 365 15 view .LVU47
 365:Middlewares/ST/STM32_USB_Host_Library/Class/MSC/Src/usbh_msc.c ****               USBH_UsrLog("Inquiry Version : %s", MSC_Handle->unit[MSC_Handle->current_lun].inquiry
 165              		.loc 1 365 15 view .LVU48
 365:Middlewares/ST/STM32_USB_Host_Library/Class/MSC/Src/usbh_msc.c ****               USBH_UsrLog("Inquiry Version : %s", MSC_Handle->unit[MSC_Handle->current_lun].inquiry
 166              		.loc 1 365 15 view .LVU49
 366:Middlewares/ST/STM32_USB_Host_Library/Class/MSC/Src/usbh_msc.c ****               MSC_Handle->unit[MSC_Handle->current_lun].state = MSC_TEST_UNIT_READY;
 167              		.loc 1 366 15 view .LVU50
 366:Middlewares/ST/STM32_USB_Host_Library/Class/MSC/Src/usbh_msc.c ****               MSC_Handle->unit[MSC_Handle->current_lun].state = MSC_TEST_UNIT_READY;
 168              		.loc 1 366 15 view .LVU51
 366:Middlewares/ST/STM32_USB_Host_Library/Class/MSC/Src/usbh_msc.c ****               MSC_Handle->unit[MSC_Handle->current_lun].state = MSC_TEST_UNIT_READY;
 169              		.loc 1 366 15 view .LVU52
 367:Middlewares/ST/STM32_USB_Host_Library/Class/MSC/Src/usbh_msc.c ****             }
 170              		.loc 1 367 15 view .LVU53
 367:Middlewares/ST/STM32_USB_Host_Library/Class/MSC/Src/usbh_msc.c ****             }
 171              		.loc 1 367 42 is_stmt 0 view .LVU54
 172 007e B6F8F820 		ldrh	r2, [r6, #248]
 367:Middlewares/ST/STM32_USB_Host_Library/Class/MSC/Src/usbh_msc.c ****             }
 173              		.loc 1 367 63 view .LVU55
 174 0082 3421     		movs	r1, #52
 175 0084 01FB0262 		mla	r2, r1, r2, r6
 176 0088 0221     		movs	r1, #2
 177 008a 82F89010 		strb	r1, [r2, #144]
 178              	.L13:
 369:Middlewares/ST/STM32_USB_Host_Library/Class/MSC/Src/usbh_msc.c ****             {
 179              		.loc 1 369 13 is_stmt 1 view .LVU56
 369:Middlewares/ST/STM32_USB_Host_Library/Class/MSC/Src/usbh_msc.c ****             {
 180              		.loc 1 369 16 is_stmt 0 view .LVU57
 181 008e 022B     		cmp	r3, #2
 182 0090 03D0     		beq	.L34
 375:Middlewares/ST/STM32_USB_Host_Library/Class/MSC/Src/usbh_msc.c ****               {
 183              		.loc 1 375 15 is_stmt 1 view .LVU58
 375:Middlewares/ST/STM32_USB_Host_Library/Class/MSC/Src/usbh_msc.c ****               {
 184              		.loc 1 375 18 is_stmt 0 view .LVU59
 185 0092 042B     		cmp	r3, #4
 186 0094 0BD0     		beq	.L35
 338:Middlewares/ST/STM32_USB_Host_Library/Class/MSC/Src/usbh_msc.c ****   USBH_StatusTypeDef scsi_status = USBH_BUSY;
 187              		.loc 1 338 22 view .LVU60
 188 0096 0120     		movs	r0, #1
 189              	.LVL9:
 338:Middlewares/ST/STM32_USB_Host_Library/Class/MSC/Src/usbh_msc.c ****   USBH_StatusTypeDef scsi_status = USBH_BUSY;
 190              		.loc 1 338 22 view .LVU61
 191 0098 BCE7     		b	.L4
 192              	.LVL10:
ARM GAS  /tmp/ccYgCVot.s 			page 15


 193              	.L34:
 371:Middlewares/ST/STM32_USB_Host_Library/Class/MSC/Src/usbh_msc.c ****             }
 194              		.loc 1 371 15 is_stmt 1 view .LVU62
 371:Middlewares/ST/STM32_USB_Host_Library/Class/MSC/Src/usbh_msc.c ****             }
 195              		.loc 1 371 42 is_stmt 0 view .LVU63
 196 009a B6F8F830 		ldrh	r3, [r6, #248]
 371:Middlewares/ST/STM32_USB_Host_Library/Class/MSC/Src/usbh_msc.c ****             }
 197              		.loc 1 371 63 view .LVU64
 198 009e 3422     		movs	r2, #52
 199 00a0 02FB0363 		mla	r3, r2, r3, r6
 200 00a4 0522     		movs	r2, #5
 201 00a6 83F89020 		strb	r2, [r3, #144]
 338:Middlewares/ST/STM32_USB_Host_Library/Class/MSC/Src/usbh_msc.c ****   USBH_StatusTypeDef scsi_status = USBH_BUSY;
 202              		.loc 1 338 22 view .LVU65
 203 00aa 0120     		movs	r0, #1
 204              	.LVL11:
 338:Middlewares/ST/STM32_USB_Host_Library/Class/MSC/Src/usbh_msc.c ****   USBH_StatusTypeDef scsi_status = USBH_BUSY;
 205              		.loc 1 338 22 view .LVU66
 206 00ac B2E7     		b	.L4
 207              	.LVL12:
 208              	.L35:
 377:Middlewares/ST/STM32_USB_Host_Library/Class/MSC/Src/usbh_msc.c ****                 MSC_Handle->unit[MSC_Handle->current_lun].error = MSC_ERROR;
 209              		.loc 1 377 17 is_stmt 1 view .LVU67
 377:Middlewares/ST/STM32_USB_Host_Library/Class/MSC/Src/usbh_msc.c ****                 MSC_Handle->unit[MSC_Handle->current_lun].error = MSC_ERROR;
 210              		.loc 1 377 44 is_stmt 0 view .LVU68
 211 00ae B6F8F830 		ldrh	r3, [r6, #248]
 377:Middlewares/ST/STM32_USB_Host_Library/Class/MSC/Src/usbh_msc.c ****                 MSC_Handle->unit[MSC_Handle->current_lun].error = MSC_ERROR;
 212              		.loc 1 377 65 view .LVU69
 213 00b2 3422     		movs	r2, #52
 214 00b4 02FB0363 		mla	r3, r2, r3, r6
 215 00b8 0120     		movs	r0, #1
 216              	.LVL13:
 377:Middlewares/ST/STM32_USB_Host_Library/Class/MSC/Src/usbh_msc.c ****                 MSC_Handle->unit[MSC_Handle->current_lun].error = MSC_ERROR;
 217              		.loc 1 377 65 view .LVU70
 218 00ba 83F89000 		strb	r0, [r3, #144]
 378:Middlewares/ST/STM32_USB_Host_Library/Class/MSC/Src/usbh_msc.c ****               }
 219              		.loc 1 378 17 is_stmt 1 view .LVU71
 378:Middlewares/ST/STM32_USB_Host_Library/Class/MSC/Src/usbh_msc.c ****               }
 220              		.loc 1 378 65 is_stmt 0 view .LVU72
 221 00be 0222     		movs	r2, #2
 222 00c0 83F89120 		strb	r2, [r3, #145]
 223 00c4 A6E7     		b	.L4
 224              	.LVL14:
 225              	.L11:
 384:Middlewares/ST/STM32_USB_Host_Library/Class/MSC/Src/usbh_msc.c **** 
 226              		.loc 1 384 13 is_stmt 1 view .LVU73
 384:Middlewares/ST/STM32_USB_Host_Library/Class/MSC/Src/usbh_msc.c **** 
 227              		.loc 1 384 28 is_stmt 0 view .LVU74
 228 00c6 C9B2     		uxtb	r1, r1
 229 00c8 FFF7FEFF 		bl	USBH_MSC_SCSI_TestUnitReady
 230              	.LVL15:
 386:Middlewares/ST/STM32_USB_Host_Library/Class/MSC/Src/usbh_msc.c ****             {
 231              		.loc 1 386 13 is_stmt 1 view .LVU75
 386:Middlewares/ST/STM32_USB_Host_Library/Class/MSC/Src/usbh_msc.c ****             {
 232              		.loc 1 386 16 is_stmt 0 view .LVU76
 233 00cc 0246     		mov	r2, r0
 234 00ce C0B9     		cbnz	r0, .L15
ARM GAS  /tmp/ccYgCVot.s 			page 16


 388:Middlewares/ST/STM32_USB_Host_Library/Class/MSC/Src/usbh_msc.c ****               {
 235              		.loc 1 388 15 is_stmt 1 view .LVU77
 388:Middlewares/ST/STM32_USB_Host_Library/Class/MSC/Src/usbh_msc.c ****               {
 236              		.loc 1 388 46 is_stmt 0 view .LVU78
 237 00d0 B6F8F830 		ldrh	r3, [r6, #248]
 388:Middlewares/ST/STM32_USB_Host_Library/Class/MSC/Src/usbh_msc.c ****               {
 238              		.loc 1 388 60 view .LVU79
 239 00d4 3421     		movs	r1, #52
 240 00d6 01FB0361 		mla	r1, r1, r3, r6
 241 00da 91F89210 		ldrb	r1, [r1, #146]	@ zero_extendqisi2
 388:Middlewares/ST/STM32_USB_Host_Library/Class/MSC/Src/usbh_msc.c ****               {
 242              		.loc 1 388 18 view .LVU80
 243 00de B1B1     		cbz	r1, .L16
 390:Middlewares/ST/STM32_USB_Host_Library/Class/MSC/Src/usbh_msc.c ****                 USBH_UsrLog("MSC Device ready");
 244              		.loc 1 390 17 is_stmt 1 view .LVU81
 390:Middlewares/ST/STM32_USB_Host_Library/Class/MSC/Src/usbh_msc.c ****                 USBH_UsrLog("MSC Device ready");
 245              		.loc 1 390 73 is_stmt 0 view .LVU82
 246 00e0 3421     		movs	r1, #52
 247 00e2 01FB0361 		mla	r1, r1, r3, r6
 248 00e6 0120     		movs	r0, #1
 249              	.LVL16:
 390:Middlewares/ST/STM32_USB_Host_Library/Class/MSC/Src/usbh_msc.c ****                 USBH_UsrLog("MSC Device ready");
 250              		.loc 1 390 73 view .LVU83
 251 00e8 81F8C100 		strb	r0, [r1, #193]
 391:Middlewares/ST/STM32_USB_Host_Library/Class/MSC/Src/usbh_msc.c ****               }
 252              		.loc 1 391 17 is_stmt 1 view .LVU84
 391:Middlewares/ST/STM32_USB_Host_Library/Class/MSC/Src/usbh_msc.c ****               }
 253              		.loc 1 391 17 view .LVU85
 391:Middlewares/ST/STM32_USB_Host_Library/Class/MSC/Src/usbh_msc.c ****               }
 254              		.loc 1 391 17 view .LVU86
 255              	.L17:
 397:Middlewares/ST/STM32_USB_Host_Library/Class/MSC/Src/usbh_msc.c ****               MSC_Handle->unit[MSC_Handle->current_lun].error = MSC_OK;
 256              		.loc 1 397 15 view .LVU87
 397:Middlewares/ST/STM32_USB_Host_Library/Class/MSC/Src/usbh_msc.c ****               MSC_Handle->unit[MSC_Handle->current_lun].error = MSC_OK;
 257              		.loc 1 397 63 is_stmt 0 view .LVU88
 258 00ec 3421     		movs	r1, #52
 259 00ee 01FB0363 		mla	r3, r1, r3, r6
 260 00f2 0321     		movs	r1, #3
 261 00f4 83F89010 		strb	r1, [r3, #144]
 398:Middlewares/ST/STM32_USB_Host_Library/Class/MSC/Src/usbh_msc.c ****               MSC_Handle->unit[MSC_Handle->current_lun].prev_ready_state = USBH_OK;
 262              		.loc 1 398 15 is_stmt 1 view .LVU89
 398:Middlewares/ST/STM32_USB_Host_Library/Class/MSC/Src/usbh_msc.c ****               MSC_Handle->unit[MSC_Handle->current_lun].prev_ready_state = USBH_OK;
 263              		.loc 1 398 63 is_stmt 0 view .LVU90
 264 00f8 0021     		movs	r1, #0
 265 00fa 83F89110 		strb	r1, [r3, #145]
 399:Middlewares/ST/STM32_USB_Host_Library/Class/MSC/Src/usbh_msc.c ****             }
 266              		.loc 1 399 15 is_stmt 1 view .LVU91
 399:Middlewares/ST/STM32_USB_Host_Library/Class/MSC/Src/usbh_msc.c ****             }
 267              		.loc 1 399 74 is_stmt 0 view .LVU92
 268 00fe 83F89210 		strb	r1, [r3, #146]
 269              	.L15:
 401:Middlewares/ST/STM32_USB_Host_Library/Class/MSC/Src/usbh_msc.c ****             {
 270              		.loc 1 401 13 is_stmt 1 view .LVU93
 401:Middlewares/ST/STM32_USB_Host_Library/Class/MSC/Src/usbh_msc.c ****             {
 271              		.loc 1 401 16 is_stmt 0 view .LVU94
 272 0102 022A     		cmp	r2, #2
 273 0104 0AD0     		beq	.L36
ARM GAS  /tmp/ccYgCVot.s 			page 17


 419:Middlewares/ST/STM32_USB_Host_Library/Class/MSC/Src/usbh_msc.c ****               {
 274              		.loc 1 419 15 is_stmt 1 view .LVU95
 419:Middlewares/ST/STM32_USB_Host_Library/Class/MSC/Src/usbh_msc.c ****               {
 275              		.loc 1 419 18 is_stmt 0 view .LVU96
 276 0106 042A     		cmp	r2, #4
 277 0108 2BD0     		beq	.L37
 338:Middlewares/ST/STM32_USB_Host_Library/Class/MSC/Src/usbh_msc.c ****   USBH_StatusTypeDef scsi_status = USBH_BUSY;
 278              		.loc 1 338 22 view .LVU97
 279 010a 0120     		movs	r0, #1
 280 010c 82E7     		b	.L4
 281              	.LVL17:
 282              	.L16:
 395:Middlewares/ST/STM32_USB_Host_Library/Class/MSC/Src/usbh_msc.c ****               }
 283              		.loc 1 395 17 is_stmt 1 view .LVU98
 395:Middlewares/ST/STM32_USB_Host_Library/Class/MSC/Src/usbh_msc.c ****               }
 284              		.loc 1 395 73 is_stmt 0 view .LVU99
 285 010e 3421     		movs	r1, #52
 286 0110 01FB0361 		mla	r1, r1, r3, r6
 287 0114 0020     		movs	r0, #0
 288              	.LVL18:
 395:Middlewares/ST/STM32_USB_Host_Library/Class/MSC/Src/usbh_msc.c ****               }
 289              		.loc 1 395 73 view .LVU100
 290 0116 81F8C100 		strb	r0, [r1, #193]
 291 011a E7E7     		b	.L17
 292              	.L36:
 404:Middlewares/ST/STM32_USB_Host_Library/Class/MSC/Src/usbh_msc.c ****               {
 293              		.loc 1 404 15 is_stmt 1 view .LVU101
 404:Middlewares/ST/STM32_USB_Host_Library/Class/MSC/Src/usbh_msc.c ****               {
 294              		.loc 1 404 46 is_stmt 0 view .LVU102
 295 011c B6F8F830 		ldrh	r3, [r6, #248]
 404:Middlewares/ST/STM32_USB_Host_Library/Class/MSC/Src/usbh_msc.c ****               {
 296              		.loc 1 404 60 view .LVU103
 297 0120 3422     		movs	r2, #52
 298              	.LVL19:
 404:Middlewares/ST/STM32_USB_Host_Library/Class/MSC/Src/usbh_msc.c ****               {
 299              		.loc 1 404 60 view .LVU104
 300 0122 02FB0362 		mla	r2, r2, r3, r6
 301 0126 92F89220 		ldrb	r2, [r2, #146]	@ zero_extendqisi2
 404:Middlewares/ST/STM32_USB_Host_Library/Class/MSC/Src/usbh_msc.c ****               {
 302              		.loc 1 404 18 view .LVU105
 303 012a 022A     		cmp	r2, #2
 304 012c 12D0     		beq	.L19
 406:Middlewares/ST/STM32_USB_Host_Library/Class/MSC/Src/usbh_msc.c ****                 USBH_UsrLog("MSC Device NOT ready");
 305              		.loc 1 406 17 is_stmt 1 view .LVU106
 406:Middlewares/ST/STM32_USB_Host_Library/Class/MSC/Src/usbh_msc.c ****                 USBH_UsrLog("MSC Device NOT ready");
 306              		.loc 1 406 73 is_stmt 0 view .LVU107
 307 012e 3422     		movs	r2, #52
 308 0130 02FB0362 		mla	r2, r2, r3, r6
 309 0134 0121     		movs	r1, #1
 310 0136 82F8C110 		strb	r1, [r2, #193]
 407:Middlewares/ST/STM32_USB_Host_Library/Class/MSC/Src/usbh_msc.c ****               }
 311              		.loc 1 407 17 is_stmt 1 view .LVU108
 407:Middlewares/ST/STM32_USB_Host_Library/Class/MSC/Src/usbh_msc.c ****               }
 312              		.loc 1 407 17 view .LVU109
 407:Middlewares/ST/STM32_USB_Host_Library/Class/MSC/Src/usbh_msc.c ****               }
 313              		.loc 1 407 17 view .LVU110
 314              	.L20:
ARM GAS  /tmp/ccYgCVot.s 			page 18


 413:Middlewares/ST/STM32_USB_Host_Library/Class/MSC/Src/usbh_msc.c ****               MSC_Handle->unit[MSC_Handle->current_lun].error = MSC_NOT_READY;
 315              		.loc 1 413 15 view .LVU111
 413:Middlewares/ST/STM32_USB_Host_Library/Class/MSC/Src/usbh_msc.c ****               MSC_Handle->unit[MSC_Handle->current_lun].error = MSC_NOT_READY;
 316              		.loc 1 413 63 is_stmt 0 view .LVU112
 317 013a 3422     		movs	r2, #52
 318 013c 02FB0363 		mla	r3, r2, r3, r6
 319 0140 0522     		movs	r2, #5
 320 0142 83F89020 		strb	r2, [r3, #144]
 414:Middlewares/ST/STM32_USB_Host_Library/Class/MSC/Src/usbh_msc.c ****               MSC_Handle->unit[MSC_Handle->current_lun].prev_ready_state = USBH_FAIL;
 321              		.loc 1 414 15 is_stmt 1 view .LVU113
 414:Middlewares/ST/STM32_USB_Host_Library/Class/MSC/Src/usbh_msc.c ****               MSC_Handle->unit[MSC_Handle->current_lun].prev_ready_state = USBH_FAIL;
 322              		.loc 1 414 63 is_stmt 0 view .LVU114
 323 0146 0120     		movs	r0, #1
 324 0148 83F89100 		strb	r0, [r3, #145]
 415:Middlewares/ST/STM32_USB_Host_Library/Class/MSC/Src/usbh_msc.c ****             }
 325              		.loc 1 415 15 is_stmt 1 view .LVU115
 415:Middlewares/ST/STM32_USB_Host_Library/Class/MSC/Src/usbh_msc.c ****             }
 326              		.loc 1 415 74 is_stmt 0 view .LVU116
 327 014c 0222     		movs	r2, #2
 328 014e 83F89220 		strb	r2, [r3, #146]
 329 0152 5FE7     		b	.L4
 330              	.L19:
 411:Middlewares/ST/STM32_USB_Host_Library/Class/MSC/Src/usbh_msc.c ****               }
 331              		.loc 1 411 17 is_stmt 1 view .LVU117
 411:Middlewares/ST/STM32_USB_Host_Library/Class/MSC/Src/usbh_msc.c ****               }
 332              		.loc 1 411 73 is_stmt 0 view .LVU118
 333 0154 3422     		movs	r2, #52
 334 0156 02FB0362 		mla	r2, r2, r3, r6
 335 015a 0021     		movs	r1, #0
 336 015c 82F8C110 		strb	r1, [r2, #193]
 337 0160 EBE7     		b	.L20
 338              	.LVL20:
 339              	.L37:
 421:Middlewares/ST/STM32_USB_Host_Library/Class/MSC/Src/usbh_msc.c ****                 MSC_Handle->unit[MSC_Handle->current_lun].error = MSC_ERROR;
 340              		.loc 1 421 17 is_stmt 1 view .LVU119
 421:Middlewares/ST/STM32_USB_Host_Library/Class/MSC/Src/usbh_msc.c ****                 MSC_Handle->unit[MSC_Handle->current_lun].error = MSC_ERROR;
 341              		.loc 1 421 44 is_stmt 0 view .LVU120
 342 0162 B6F8F830 		ldrh	r3, [r6, #248]
 421:Middlewares/ST/STM32_USB_Host_Library/Class/MSC/Src/usbh_msc.c ****                 MSC_Handle->unit[MSC_Handle->current_lun].error = MSC_ERROR;
 343              		.loc 1 421 65 view .LVU121
 344 0166 3422     		movs	r2, #52
 345              	.LVL21:
 421:Middlewares/ST/STM32_USB_Host_Library/Class/MSC/Src/usbh_msc.c ****                 MSC_Handle->unit[MSC_Handle->current_lun].error = MSC_ERROR;
 346              		.loc 1 421 65 view .LVU122
 347 0168 02FB0363 		mla	r3, r2, r3, r6
 348 016c 0120     		movs	r0, #1
 349 016e 83F89000 		strb	r0, [r3, #144]
 422:Middlewares/ST/STM32_USB_Host_Library/Class/MSC/Src/usbh_msc.c ****               }
 350              		.loc 1 422 17 is_stmt 1 view .LVU123
 422:Middlewares/ST/STM32_USB_Host_Library/Class/MSC/Src/usbh_msc.c ****               }
 351              		.loc 1 422 65 is_stmt 0 view .LVU124
 352 0172 0222     		movs	r2, #2
 353 0174 83F89120 		strb	r2, [r3, #145]
 354 0178 4CE7     		b	.L4
 355              	.LVL22:
 356              	.L10:
 428:Middlewares/ST/STM32_USB_Host_Library/Class/MSC/Src/usbh_msc.c **** 
ARM GAS  /tmp/ccYgCVot.s 			page 19


 357              		.loc 1 428 13 is_stmt 1 view .LVU125
 428:Middlewares/ST/STM32_USB_Host_Library/Class/MSC/Src/usbh_msc.c **** 
 358              		.loc 1 428 27 is_stmt 0 view .LVU126
 359 017a 3422     		movs	r2, #52
 360 017c 01FB02F2 		mul	r2, r1, r2
 361 0180 9032     		adds	r2, r2, #144
 362 0182 3244     		add	r2, r2, r6
 363 0184 0432     		adds	r2, r2, #4
 364 0186 C9B2     		uxtb	r1, r1
 365 0188 FFF7FEFF 		bl	USBH_MSC_SCSI_ReadCapacity
 366              	.LVL23:
 430:Middlewares/ST/STM32_USB_Host_Library/Class/MSC/Src/usbh_msc.c ****             {
 367              		.loc 1 430 13 is_stmt 1 view .LVU127
 430:Middlewares/ST/STM32_USB_Host_Library/Class/MSC/Src/usbh_msc.c ****             {
 368              		.loc 1 430 16 is_stmt 0 view .LVU128
 369 018c 70B9     		cbnz	r0, .L21
 432:Middlewares/ST/STM32_USB_Host_Library/Class/MSC/Src/usbh_msc.c ****               {
 370              		.loc 1 432 15 is_stmt 1 view .LVU129
 432:Middlewares/ST/STM32_USB_Host_Library/Class/MSC/Src/usbh_msc.c ****               {
 371              		.loc 1 432 46 is_stmt 0 view .LVU130
 372 018e B6F8F830 		ldrh	r3, [r6, #248]
 434:Middlewares/ST/STM32_USB_Host_Library/Class/MSC/Src/usbh_msc.c ****                             (int32_t)(MSC_Handle->unit[MSC_Handle->current_lun].capacity.block_nbr 
 373              		.loc 1 434 17 is_stmt 1 view .LVU131
 434:Middlewares/ST/STM32_USB_Host_Library/Class/MSC/Src/usbh_msc.c ****                             (int32_t)(MSC_Handle->unit[MSC_Handle->current_lun].capacity.block_nbr 
 374              		.loc 1 434 17 view .LVU132
 434:Middlewares/ST/STM32_USB_Host_Library/Class/MSC/Src/usbh_msc.c ****                             (int32_t)(MSC_Handle->unit[MSC_Handle->current_lun].capacity.block_nbr 
 375              		.loc 1 434 17 view .LVU133
 437:Middlewares/ST/STM32_USB_Host_Library/Class/MSC/Src/usbh_msc.c ****                 USBH_UsrLog("Block Size   : %lu", (int32_t)(MSC_Handle->unit[MSC_Handle->current_lu
 376              		.loc 1 437 17 view .LVU134
 437:Middlewares/ST/STM32_USB_Host_Library/Class/MSC/Src/usbh_msc.c ****                 USBH_UsrLog("Block Size   : %lu", (int32_t)(MSC_Handle->unit[MSC_Handle->current_lu
 377              		.loc 1 437 17 view .LVU135
 437:Middlewares/ST/STM32_USB_Host_Library/Class/MSC/Src/usbh_msc.c ****                 USBH_UsrLog("Block Size   : %lu", (int32_t)(MSC_Handle->unit[MSC_Handle->current_lu
 378              		.loc 1 437 17 view .LVU136
 438:Middlewares/ST/STM32_USB_Host_Library/Class/MSC/Src/usbh_msc.c ****               }
 379              		.loc 1 438 17 view .LVU137
 438:Middlewares/ST/STM32_USB_Host_Library/Class/MSC/Src/usbh_msc.c ****               }
 380              		.loc 1 438 17 view .LVU138
 438:Middlewares/ST/STM32_USB_Host_Library/Class/MSC/Src/usbh_msc.c ****               }
 381              		.loc 1 438 17 view .LVU139
 440:Middlewares/ST/STM32_USB_Host_Library/Class/MSC/Src/usbh_msc.c ****               MSC_Handle->unit[MSC_Handle->current_lun].error = MSC_OK;
 382              		.loc 1 440 15 view .LVU140
 440:Middlewares/ST/STM32_USB_Host_Library/Class/MSC/Src/usbh_msc.c ****               MSC_Handle->unit[MSC_Handle->current_lun].error = MSC_OK;
 383              		.loc 1 440 63 is_stmt 0 view .LVU141
 384 0192 3422     		movs	r2, #52
 385 0194 02FB0362 		mla	r2, r2, r3, r6
 386 0198 0120     		movs	r0, #1
 387              	.LVL24:
 440:Middlewares/ST/STM32_USB_Host_Library/Class/MSC/Src/usbh_msc.c ****               MSC_Handle->unit[MSC_Handle->current_lun].error = MSC_OK;
 388              		.loc 1 440 63 view .LVU142
 389 019a 82F89000 		strb	r0, [r2, #144]
 441:Middlewares/ST/STM32_USB_Host_Library/Class/MSC/Src/usbh_msc.c ****               MSC_Handle->current_lun++;
 390              		.loc 1 441 15 is_stmt 1 view .LVU143
 441:Middlewares/ST/STM32_USB_Host_Library/Class/MSC/Src/usbh_msc.c ****               MSC_Handle->current_lun++;
 391              		.loc 1 441 63 is_stmt 0 view .LVU144
 392 019e 0021     		movs	r1, #0
 393 01a0 82F89110 		strb	r1, [r2, #145]
 442:Middlewares/ST/STM32_USB_Host_Library/Class/MSC/Src/usbh_msc.c ****             }
ARM GAS  /tmp/ccYgCVot.s 			page 20


 394              		.loc 1 442 15 is_stmt 1 view .LVU145
 442:Middlewares/ST/STM32_USB_Host_Library/Class/MSC/Src/usbh_msc.c ****             }
 395              		.loc 1 442 38 is_stmt 0 view .LVU146
 396 01a4 0344     		add	r3, r3, r0
 397 01a6 A6F8F830 		strh	r3, [r6, #248]	@ movhi
 398 01aa 33E7     		b	.L4
 399              	.LVL25:
 400              	.L21:
 444:Middlewares/ST/STM32_USB_Host_Library/Class/MSC/Src/usbh_msc.c ****             {
 401              		.loc 1 444 18 is_stmt 1 view .LVU147
 444:Middlewares/ST/STM32_USB_Host_Library/Class/MSC/Src/usbh_msc.c ****             {
 402              		.loc 1 444 21 is_stmt 0 view .LVU148
 403 01ac 0228     		cmp	r0, #2
 404 01ae 03D0     		beq	.L38
 450:Middlewares/ST/STM32_USB_Host_Library/Class/MSC/Src/usbh_msc.c ****               {
 405              		.loc 1 450 15 is_stmt 1 view .LVU149
 450:Middlewares/ST/STM32_USB_Host_Library/Class/MSC/Src/usbh_msc.c ****               {
 406              		.loc 1 450 18 is_stmt 0 view .LVU150
 407 01b0 0428     		cmp	r0, #4
 408 01b2 0BD0     		beq	.L39
 338:Middlewares/ST/STM32_USB_Host_Library/Class/MSC/Src/usbh_msc.c ****   USBH_StatusTypeDef scsi_status = USBH_BUSY;
 409              		.loc 1 338 22 view .LVU151
 410 01b4 0120     		movs	r0, #1
 411              	.LVL26:
 338:Middlewares/ST/STM32_USB_Host_Library/Class/MSC/Src/usbh_msc.c ****   USBH_StatusTypeDef scsi_status = USBH_BUSY;
 412              		.loc 1 338 22 view .LVU152
 413 01b6 2DE7     		b	.L4
 414              	.LVL27:
 415              	.L38:
 446:Middlewares/ST/STM32_USB_Host_Library/Class/MSC/Src/usbh_msc.c ****             }
 416              		.loc 1 446 15 is_stmt 1 view .LVU153
 446:Middlewares/ST/STM32_USB_Host_Library/Class/MSC/Src/usbh_msc.c ****             }
 417              		.loc 1 446 42 is_stmt 0 view .LVU154
 418 01b8 B6F8F830 		ldrh	r3, [r6, #248]
 446:Middlewares/ST/STM32_USB_Host_Library/Class/MSC/Src/usbh_msc.c ****             }
 419              		.loc 1 446 63 view .LVU155
 420 01bc 3422     		movs	r2, #52
 421 01be 02FB0363 		mla	r3, r2, r3, r6
 422 01c2 0522     		movs	r2, #5
 423 01c4 83F89020 		strb	r2, [r3, #144]
 338:Middlewares/ST/STM32_USB_Host_Library/Class/MSC/Src/usbh_msc.c ****   USBH_StatusTypeDef scsi_status = USBH_BUSY;
 424              		.loc 1 338 22 view .LVU156
 425 01c8 0120     		movs	r0, #1
 426              	.LVL28:
 338:Middlewares/ST/STM32_USB_Host_Library/Class/MSC/Src/usbh_msc.c ****   USBH_StatusTypeDef scsi_status = USBH_BUSY;
 427              		.loc 1 338 22 view .LVU157
 428 01ca 23E7     		b	.L4
 429              	.LVL29:
 430              	.L39:
 452:Middlewares/ST/STM32_USB_Host_Library/Class/MSC/Src/usbh_msc.c ****                 MSC_Handle->unit[MSC_Handle->current_lun].error = MSC_ERROR;
 431              		.loc 1 452 17 is_stmt 1 view .LVU158
 452:Middlewares/ST/STM32_USB_Host_Library/Class/MSC/Src/usbh_msc.c ****                 MSC_Handle->unit[MSC_Handle->current_lun].error = MSC_ERROR;
 432              		.loc 1 452 44 is_stmt 0 view .LVU159
 433 01cc B6F8F830 		ldrh	r3, [r6, #248]
 452:Middlewares/ST/STM32_USB_Host_Library/Class/MSC/Src/usbh_msc.c ****                 MSC_Handle->unit[MSC_Handle->current_lun].error = MSC_ERROR;
 434              		.loc 1 452 65 view .LVU160
 435 01d0 3422     		movs	r2, #52
ARM GAS  /tmp/ccYgCVot.s 			page 21


 436 01d2 02FB0363 		mla	r3, r2, r3, r6
 437 01d6 0120     		movs	r0, #1
 438              	.LVL30:
 452:Middlewares/ST/STM32_USB_Host_Library/Class/MSC/Src/usbh_msc.c ****                 MSC_Handle->unit[MSC_Handle->current_lun].error = MSC_ERROR;
 439              		.loc 1 452 65 view .LVU161
 440 01d8 83F89000 		strb	r0, [r3, #144]
 453:Middlewares/ST/STM32_USB_Host_Library/Class/MSC/Src/usbh_msc.c ****               }
 441              		.loc 1 453 17 is_stmt 1 view .LVU162
 453:Middlewares/ST/STM32_USB_Host_Library/Class/MSC/Src/usbh_msc.c ****               }
 442              		.loc 1 453 65 is_stmt 0 view .LVU163
 443 01dc 0222     		movs	r2, #2
 444 01de 83F89120 		strb	r2, [r3, #145]
 445 01e2 17E7     		b	.L4
 446              	.LVL31:
 447              	.L8:
 459:Middlewares/ST/STM32_USB_Host_Library/Class/MSC/Src/usbh_msc.c **** 
 448              		.loc 1 459 13 is_stmt 1 view .LVU164
 459:Middlewares/ST/STM32_USB_Host_Library/Class/MSC/Src/usbh_msc.c **** 
 449              		.loc 1 459 27 is_stmt 0 view .LVU165
 450 01e4 3422     		movs	r2, #52
 451 01e6 01FB02F2 		mul	r2, r1, r2
 452 01ea 9832     		adds	r2, r2, #152
 453 01ec 3244     		add	r2, r2, r6
 454 01ee 0432     		adds	r2, r2, #4
 455 01f0 C9B2     		uxtb	r1, r1
 456 01f2 FFF7FEFF 		bl	USBH_MSC_SCSI_RequestSense
 457              	.LVL32:
 461:Middlewares/ST/STM32_USB_Host_Library/Class/MSC/Src/usbh_msc.c ****             {
 458              		.loc 1 461 13 is_stmt 1 view .LVU166
 461:Middlewares/ST/STM32_USB_Host_Library/Class/MSC/Src/usbh_msc.c ****             {
 459              		.loc 1 461 16 is_stmt 0 view .LVU167
 460 01f6 0246     		mov	r2, r0
 461 01f8 98B9     		cbnz	r0, .L23
 463:Middlewares/ST/STM32_USB_Host_Library/Class/MSC/Src/usbh_msc.c ****                   (MSC_Handle->unit[MSC_Handle->current_lun].sense.key == SCSI_SENSE_KEY_NOT_READY)
 462              		.loc 1 463 15 is_stmt 1 view .LVU168
 463:Middlewares/ST/STM32_USB_Host_Library/Class/MSC/Src/usbh_msc.c ****                   (MSC_Handle->unit[MSC_Handle->current_lun].sense.key == SCSI_SENSE_KEY_NOT_READY)
 463              		.loc 1 463 47 is_stmt 0 view .LVU169
 464 01fa B6F8F830 		ldrh	r3, [r6, #248]
 463:Middlewares/ST/STM32_USB_Host_Library/Class/MSC/Src/usbh_msc.c ****                   (MSC_Handle->unit[MSC_Handle->current_lun].sense.key == SCSI_SENSE_KEY_NOT_READY)
 465              		.loc 1 463 67 view .LVU170
 466 01fe 3421     		movs	r1, #52
 467 0200 01FB0361 		mla	r1, r1, r3, r6
 468 0204 91F89C10 		ldrb	r1, [r1, #156]	@ zero_extendqisi2
 463:Middlewares/ST/STM32_USB_Host_Library/Class/MSC/Src/usbh_msc.c ****                   (MSC_Handle->unit[MSC_Handle->current_lun].sense.key == SCSI_SENSE_KEY_NOT_READY)
 469              		.loc 1 463 18 view .LVU171
 470 0208 0629     		cmp	r1, #6
 471 020a 10D0     		beq	.L24
 463:Middlewares/ST/STM32_USB_Host_Library/Class/MSC/Src/usbh_msc.c ****                   (MSC_Handle->unit[MSC_Handle->current_lun].sense.key == SCSI_SENSE_KEY_NOT_READY)
 472              		.loc 1 463 106 discriminator 1 view .LVU172
 473 020c 0229     		cmp	r1, #2
 474 020e 0ED0     		beq	.L24
 475              	.LVL33:
 476              	.L25:
 474:Middlewares/ST/STM32_USB_Host_Library/Class/MSC/Src/usbh_msc.c ****               USBH_UsrLog("Additional Sense Code : %x", MSC_Handle->unit[MSC_Handle->current_lun].s
 477              		.loc 1 474 15 is_stmt 1 view .LVU173
 474:Middlewares/ST/STM32_USB_Host_Library/Class/MSC/Src/usbh_msc.c ****               USBH_UsrLog("Additional Sense Code : %x", MSC_Handle->unit[MSC_Handle->current_lun].s
 478              		.loc 1 474 15 view .LVU174
ARM GAS  /tmp/ccYgCVot.s 			page 22


 474:Middlewares/ST/STM32_USB_Host_Library/Class/MSC/Src/usbh_msc.c ****               USBH_UsrLog("Additional Sense Code : %x", MSC_Handle->unit[MSC_Handle->current_lun].s
 479              		.loc 1 474 15 view .LVU175
 475:Middlewares/ST/STM32_USB_Host_Library/Class/MSC/Src/usbh_msc.c ****               USBH_UsrLog("Additional Sense Code Qualifier: %x", MSC_Handle->unit[MSC_Handle->curre
 480              		.loc 1 475 15 view .LVU176
 475:Middlewares/ST/STM32_USB_Host_Library/Class/MSC/Src/usbh_msc.c ****               USBH_UsrLog("Additional Sense Code Qualifier: %x", MSC_Handle->unit[MSC_Handle->curre
 481              		.loc 1 475 15 view .LVU177
 475:Middlewares/ST/STM32_USB_Host_Library/Class/MSC/Src/usbh_msc.c ****               USBH_UsrLog("Additional Sense Code Qualifier: %x", MSC_Handle->unit[MSC_Handle->curre
 482              		.loc 1 475 15 view .LVU178
 476:Middlewares/ST/STM32_USB_Host_Library/Class/MSC/Src/usbh_msc.c ****               MSC_Handle->unit[MSC_Handle->current_lun].state = MSC_IDLE;
 483              		.loc 1 476 15 view .LVU179
 476:Middlewares/ST/STM32_USB_Host_Library/Class/MSC/Src/usbh_msc.c ****               MSC_Handle->unit[MSC_Handle->current_lun].state = MSC_IDLE;
 484              		.loc 1 476 15 view .LVU180
 476:Middlewares/ST/STM32_USB_Host_Library/Class/MSC/Src/usbh_msc.c ****               MSC_Handle->unit[MSC_Handle->current_lun].state = MSC_IDLE;
 485              		.loc 1 476 15 view .LVU181
 477:Middlewares/ST/STM32_USB_Host_Library/Class/MSC/Src/usbh_msc.c ****               MSC_Handle->current_lun++;
 486              		.loc 1 477 15 view .LVU182
 477:Middlewares/ST/STM32_USB_Host_Library/Class/MSC/Src/usbh_msc.c ****               MSC_Handle->current_lun++;
 487              		.loc 1 477 63 is_stmt 0 view .LVU183
 488 0210 3421     		movs	r1, #52
 489 0212 01FB0361 		mla	r1, r1, r3, r6
 490 0216 0120     		movs	r0, #1
 491 0218 81F89000 		strb	r0, [r1, #144]
 478:Middlewares/ST/STM32_USB_Host_Library/Class/MSC/Src/usbh_msc.c ****             }
 492              		.loc 1 478 15 is_stmt 1 view .LVU184
 478:Middlewares/ST/STM32_USB_Host_Library/Class/MSC/Src/usbh_msc.c ****             }
 493              		.loc 1 478 38 is_stmt 0 view .LVU185
 494 021c 0344     		add	r3, r3, r0
 495 021e A6F8F830 		strh	r3, [r6, #248]	@ movhi
 496              	.L23:
 480:Middlewares/ST/STM32_USB_Host_Library/Class/MSC/Src/usbh_msc.c ****             {
 497              		.loc 1 480 13 is_stmt 1 view .LVU186
 480:Middlewares/ST/STM32_USB_Host_Library/Class/MSC/Src/usbh_msc.c ****             {
 498              		.loc 1 480 16 is_stmt 0 view .LVU187
 499 0222 022A     		cmp	r2, #2
 500 0224 14D0     		beq	.L40
 487:Middlewares/ST/STM32_USB_Host_Library/Class/MSC/Src/usbh_msc.c ****               {
 501              		.loc 1 487 15 is_stmt 1 view .LVU188
 487:Middlewares/ST/STM32_USB_Host_Library/Class/MSC/Src/usbh_msc.c ****               {
 502              		.loc 1 487 18 is_stmt 0 view .LVU189
 503 0226 042A     		cmp	r2, #4
 504 0228 1CD0     		beq	.L41
 338:Middlewares/ST/STM32_USB_Host_Library/Class/MSC/Src/usbh_msc.c ****   USBH_StatusTypeDef scsi_status = USBH_BUSY;
 505              		.loc 1 338 22 view .LVU190
 506 022a 0120     		movs	r0, #1
 507 022c F2E6     		b	.L4
 508              	.LVL34:
 509              	.L24:
 467:Middlewares/ST/STM32_USB_Host_Library/Class/MSC/Src/usbh_msc.c ****                 {
 510              		.loc 1 467 17 is_stmt 1 view .LVU191
 467:Middlewares/ST/STM32_USB_Host_Library/Class/MSC/Src/usbh_msc.c ****                 {
 511              		.loc 1 467 27 is_stmt 0 view .LVU192
 512 022e D4F8C413 		ldr	r1, [r4, #964]
 467:Middlewares/ST/STM32_USB_Host_Library/Class/MSC/Src/usbh_msc.c ****                 {
 513              		.loc 1 467 47 view .LVU193
 514 0232 D6F8FC00 		ldr	r0, [r6, #252]
 515              	.LVL35:
 467:Middlewares/ST/STM32_USB_Host_Library/Class/MSC/Src/usbh_msc.c ****                 {
ARM GAS  /tmp/ccYgCVot.s 			page 23


 516              		.loc 1 467 35 view .LVU194
 517 0236 091A     		subs	r1, r1, r0
 467:Middlewares/ST/STM32_USB_Host_Library/Class/MSC/Src/usbh_msc.c ****                 {
 518              		.loc 1 467 20 view .LVU195
 519 0238 42F20F70 		movw	r0, #9999
 520 023c 8142     		cmp	r1, r0
 521 023e E7D8     		bhi	.L25
 469:Middlewares/ST/STM32_USB_Host_Library/Class/MSC/Src/usbh_msc.c ****                   break;
 522              		.loc 1 469 19 is_stmt 1 view .LVU196
 469:Middlewares/ST/STM32_USB_Host_Library/Class/MSC/Src/usbh_msc.c ****                   break;
 523              		.loc 1 469 67 is_stmt 0 view .LVU197
 524 0240 3422     		movs	r2, #52
 525              	.LVL36:
 469:Middlewares/ST/STM32_USB_Host_Library/Class/MSC/Src/usbh_msc.c ****                   break;
 526              		.loc 1 469 67 view .LVU198
 527 0242 02FB0363 		mla	r3, r2, r3, r6
 528 0246 0222     		movs	r2, #2
 529 0248 83F89020 		strb	r2, [r3, #144]
 470:Middlewares/ST/STM32_USB_Host_Library/Class/MSC/Src/usbh_msc.c ****                 }
 530              		.loc 1 470 19 is_stmt 1 view .LVU199
 338:Middlewares/ST/STM32_USB_Host_Library/Class/MSC/Src/usbh_msc.c ****   USBH_StatusTypeDef scsi_status = USBH_BUSY;
 531              		.loc 1 338 22 is_stmt 0 view .LVU200
 532 024c 0120     		movs	r0, #1
 470:Middlewares/ST/STM32_USB_Host_Library/Class/MSC/Src/usbh_msc.c ****                 }
 533              		.loc 1 470 19 view .LVU201
 534 024e E1E6     		b	.L4
 535              	.LVL37:
 536              	.L40:
 482:Middlewares/ST/STM32_USB_Host_Library/Class/MSC/Src/usbh_msc.c ****               MSC_Handle->unit[MSC_Handle->current_lun].state = MSC_UNRECOVERED_ERROR;
 537              		.loc 1 482 15 is_stmt 1 view .LVU202
 482:Middlewares/ST/STM32_USB_Host_Library/Class/MSC/Src/usbh_msc.c ****               MSC_Handle->unit[MSC_Handle->current_lun].state = MSC_UNRECOVERED_ERROR;
 538              		.loc 1 482 15 view .LVU203
 482:Middlewares/ST/STM32_USB_Host_Library/Class/MSC/Src/usbh_msc.c ****               MSC_Handle->unit[MSC_Handle->current_lun].state = MSC_UNRECOVERED_ERROR;
 539              		.loc 1 482 15 view .LVU204
 483:Middlewares/ST/STM32_USB_Host_Library/Class/MSC/Src/usbh_msc.c ****             }
 540              		.loc 1 483 15 view .LVU205
 483:Middlewares/ST/STM32_USB_Host_Library/Class/MSC/Src/usbh_msc.c ****             }
 541              		.loc 1 483 42 is_stmt 0 view .LVU206
 542 0250 B6F8F830 		ldrh	r3, [r6, #248]
 483:Middlewares/ST/STM32_USB_Host_Library/Class/MSC/Src/usbh_msc.c ****             }
 543              		.loc 1 483 63 view .LVU207
 544 0254 3422     		movs	r2, #52
 545              	.LVL38:
 483:Middlewares/ST/STM32_USB_Host_Library/Class/MSC/Src/usbh_msc.c ****             }
 546              		.loc 1 483 63 view .LVU208
 547 0256 02FB0363 		mla	r3, r2, r3, r6
 548 025a 0822     		movs	r2, #8
 549 025c 83F89020 		strb	r2, [r3, #144]
 338:Middlewares/ST/STM32_USB_Host_Library/Class/MSC/Src/usbh_msc.c ****   USBH_StatusTypeDef scsi_status = USBH_BUSY;
 550              		.loc 1 338 22 view .LVU209
 551 0260 0120     		movs	r0, #1
 552 0262 D7E6     		b	.L4
 553              	.LVL39:
 554              	.L41:
 489:Middlewares/ST/STM32_USB_Host_Library/Class/MSC/Src/usbh_msc.c ****                 MSC_Handle->unit[MSC_Handle->current_lun].error = MSC_ERROR;
 555              		.loc 1 489 17 is_stmt 1 view .LVU210
 489:Middlewares/ST/STM32_USB_Host_Library/Class/MSC/Src/usbh_msc.c ****                 MSC_Handle->unit[MSC_Handle->current_lun].error = MSC_ERROR;
ARM GAS  /tmp/ccYgCVot.s 			page 24


 556              		.loc 1 489 44 is_stmt 0 view .LVU211
 557 0264 B6F8F830 		ldrh	r3, [r6, #248]
 489:Middlewares/ST/STM32_USB_Host_Library/Class/MSC/Src/usbh_msc.c ****                 MSC_Handle->unit[MSC_Handle->current_lun].error = MSC_ERROR;
 558              		.loc 1 489 65 view .LVU212
 559 0268 3422     		movs	r2, #52
 560              	.LVL40:
 489:Middlewares/ST/STM32_USB_Host_Library/Class/MSC/Src/usbh_msc.c ****                 MSC_Handle->unit[MSC_Handle->current_lun].error = MSC_ERROR;
 561              		.loc 1 489 65 view .LVU213
 562 026a 02FB0363 		mla	r3, r2, r3, r6
 563 026e 0120     		movs	r0, #1
 564 0270 83F89000 		strb	r0, [r3, #144]
 490:Middlewares/ST/STM32_USB_Host_Library/Class/MSC/Src/usbh_msc.c ****               }
 565              		.loc 1 490 17 is_stmt 1 view .LVU214
 490:Middlewares/ST/STM32_USB_Host_Library/Class/MSC/Src/usbh_msc.c ****               }
 566              		.loc 1 490 65 is_stmt 0 view .LVU215
 567 0274 0222     		movs	r2, #2
 568 0276 83F89120 		strb	r2, [r3, #145]
 569 027a CBE6     		b	.L4
 570              	.LVL41:
 571              	.L6:
 496:Middlewares/ST/STM32_USB_Host_Library/Class/MSC/Src/usbh_msc.c ****             break;
 572              		.loc 1 496 13 is_stmt 1 view .LVU216
 496:Middlewares/ST/STM32_USB_Host_Library/Class/MSC/Src/usbh_msc.c ****             break;
 573              		.loc 1 496 36 is_stmt 0 view .LVU217
 574 027c 0131     		adds	r1, r1, #1
 575 027e A6F8F810 		strh	r1, [r6, #248]	@ movhi
 497:Middlewares/ST/STM32_USB_Host_Library/Class/MSC/Src/usbh_msc.c **** 
 576              		.loc 1 497 13 is_stmt 1 view .LVU218
 338:Middlewares/ST/STM32_USB_Host_Library/Class/MSC/Src/usbh_msc.c ****   USBH_StatusTypeDef scsi_status = USBH_BUSY;
 577              		.loc 1 338 22 is_stmt 0 view .LVU219
 578 0282 0120     		movs	r0, #1
 579              	.LVL42:
 497:Middlewares/ST/STM32_USB_Host_Library/Class/MSC/Src/usbh_msc.c **** 
 580              		.loc 1 497 13 view .LVU220
 581 0284 C6E6     		b	.L4
 582              	.LVL43:
 583              	.L5:
 514:Middlewares/ST/STM32_USB_Host_Library/Class/MSC/Src/usbh_msc.c ****         MSC_Handle->state = MSC_IDLE;
 584              		.loc 1 514 9 is_stmt 1 view .LVU221
 514:Middlewares/ST/STM32_USB_Host_Library/Class/MSC/Src/usbh_msc.c ****         MSC_Handle->state = MSC_IDLE;
 585              		.loc 1 514 33 is_stmt 0 view .LVU222
 586 0286 0023     		movs	r3, #0
 587 0288 A6F8F830 		strh	r3, [r6, #248]	@ movhi
 515:Middlewares/ST/STM32_USB_Host_Library/Class/MSC/Src/usbh_msc.c **** 
 588              		.loc 1 515 9 is_stmt 1 view .LVU223
 515:Middlewares/ST/STM32_USB_Host_Library/Class/MSC/Src/usbh_msc.c **** 
 589              		.loc 1 515 27 is_stmt 0 view .LVU224
 590 028c 0125     		movs	r5, #1
 591 028e 3573     		strb	r5, [r6, #12]
 525:Middlewares/ST/STM32_USB_Host_Library/Class/MSC/Src/usbh_msc.c ****       }
 592              		.loc 1 525 9 is_stmt 1 view .LVU225
 525:Middlewares/ST/STM32_USB_Host_Library/Class/MSC/Src/usbh_msc.c ****       }
 593              		.loc 1 525 14 is_stmt 0 view .LVU226
 594 0290 D0F8D433 		ldr	r3, [r0, #980]
 525:Middlewares/ST/STM32_USB_Host_Library/Class/MSC/Src/usbh_msc.c ****       }
 595              		.loc 1 525 9 view .LVU227
 596 0294 0221     		movs	r1, #2
ARM GAS  /tmp/ccYgCVot.s 			page 25


 597 0296 9847     		blx	r3
 598              	.LVL44:
 338:Middlewares/ST/STM32_USB_Host_Library/Class/MSC/Src/usbh_msc.c ****   USBH_StatusTypeDef scsi_status = USBH_BUSY;
 599              		.loc 1 338 22 view .LVU228
 600 0298 2846     		mov	r0, r5
 601 029a BBE6     		b	.L4
 602              	.LVL45:
 603              	.L27:
 342:Middlewares/ST/STM32_USB_Host_Library/Class/MSC/Src/usbh_msc.c ****   {
 604              		.loc 1 342 3 view .LVU229
 605 029c 0120     		movs	r0, #1
 606              	.LVL46:
 342:Middlewares/ST/STM32_USB_Host_Library/Class/MSC/Src/usbh_msc.c ****   {
 607              		.loc 1 342 3 view .LVU230
 608 029e B9E6     		b	.L4
 609              	.LVL47:
 610              	.L28:
 351:Middlewares/ST/STM32_USB_Host_Library/Class/MSC/Src/usbh_msc.c ****         {
 611              		.loc 1 351 9 view .LVU231
 612 02a0 0120     		movs	r0, #1
 613              	.LVL48:
 351:Middlewares/ST/STM32_USB_Host_Library/Class/MSC/Src/usbh_msc.c ****         {
 614              		.loc 1 351 9 view .LVU232
 615 02a2 B7E6     		b	.L4
 616              		.cfi_endproc
 617              	.LFE136:
 619              		.section	.text.USBH_MSC_ClassRequest,"ax",%progbits
 620              		.align	1
 621              		.syntax unified
 622              		.thumb
 623              		.thumb_func
 625              	USBH_MSC_ClassRequest:
 626              	.LVL49:
 627              	.LFB135:
 280:Middlewares/ST/STM32_USB_Host_Library/Class/MSC/Src/usbh_msc.c ****   MSC_HandleTypeDef *MSC_Handle = (MSC_HandleTypeDef *) phost->pActiveClass->pData;
 628              		.loc 1 280 1 is_stmt 1 view -0
 629              		.cfi_startproc
 630              		@ args = 0, pretend = 0, frame = 0
 631              		@ frame_needed = 0, uses_anonymous_args = 0
 280:Middlewares/ST/STM32_USB_Host_Library/Class/MSC/Src/usbh_msc.c ****   MSC_HandleTypeDef *MSC_Handle = (MSC_HandleTypeDef *) phost->pActiveClass->pData;
 632              		.loc 1 280 1 is_stmt 0 view .LVU234
 633 0000 10B5     		push	{r4, lr}
 634              	.LCFI1:
 635              		.cfi_def_cfa_offset 8
 636              		.cfi_offset 4, -8
 637              		.cfi_offset 14, -4
 281:Middlewares/ST/STM32_USB_Host_Library/Class/MSC/Src/usbh_msc.c ****   USBH_StatusTypeDef status = USBH_BUSY;
 638              		.loc 1 281 3 is_stmt 1 view .LVU235
 281:Middlewares/ST/STM32_USB_Host_Library/Class/MSC/Src/usbh_msc.c ****   USBH_StatusTypeDef status = USBH_BUSY;
 639              		.loc 1 281 62 is_stmt 0 view .LVU236
 640 0002 D0F87C33 		ldr	r3, [r0, #892]
 281:Middlewares/ST/STM32_USB_Host_Library/Class/MSC/Src/usbh_msc.c ****   USBH_StatusTypeDef status = USBH_BUSY;
 641              		.loc 1 281 22 view .LVU237
 642 0006 DC69     		ldr	r4, [r3, #28]
 643              	.LVL50:
 282:Middlewares/ST/STM32_USB_Host_Library/Class/MSC/Src/usbh_msc.c ****   uint8_t i;
 644              		.loc 1 282 3 is_stmt 1 view .LVU238
ARM GAS  /tmp/ccYgCVot.s 			page 26


 283:Middlewares/ST/STM32_USB_Host_Library/Class/MSC/Src/usbh_msc.c **** 
 645              		.loc 1 283 3 view .LVU239
 286:Middlewares/ST/STM32_USB_Host_Library/Class/MSC/Src/usbh_msc.c ****   {
 646              		.loc 1 286 3 view .LVU240
 286:Middlewares/ST/STM32_USB_Host_Library/Class/MSC/Src/usbh_msc.c ****   {
 647              		.loc 1 286 21 is_stmt 0 view .LVU241
 648 0008 A37B     		ldrb	r3, [r4, #14]	@ zero_extendqisi2
 286:Middlewares/ST/STM32_USB_Host_Library/Class/MSC/Src/usbh_msc.c ****   {
 649              		.loc 1 286 3 view .LVU242
 650 000a 022B     		cmp	r3, #2
 651 000c 04D0     		beq	.L43
 652 000e 032B     		cmp	r3, #3
 653 0010 26D0     		beq	.L44
 654 0012 0BB1     		cbz	r3, .L43
 655 0014 0120     		movs	r0, #1
 656              	.LVL51:
 657              	.L45:
 326:Middlewares/ST/STM32_USB_Host_Library/Class/MSC/Src/usbh_msc.c **** }
 658              		.loc 1 326 3 is_stmt 1 view .LVU243
 327:Middlewares/ST/STM32_USB_Host_Library/Class/MSC/Src/usbh_msc.c **** 
 659              		.loc 1 327 1 is_stmt 0 view .LVU244
 660 0016 10BD     		pop	{r4, pc}
 661              	.LVL52:
 662              	.L43:
 291:Middlewares/ST/STM32_USB_Host_Library/Class/MSC/Src/usbh_msc.c **** 
 663              		.loc 1 291 7 is_stmt 1 view .LVU245
 291:Middlewares/ST/STM32_USB_Host_Library/Class/MSC/Src/usbh_msc.c **** 
 664              		.loc 1 291 16 is_stmt 0 view .LVU246
 665 0018 2146     		mov	r1, r4
 666 001a FFF7FEFF 		bl	USBH_MSC_BOT_REQ_GetMaxLUN
 667              	.LVL53:
 295:Middlewares/ST/STM32_USB_Host_Library/Class/MSC/Src/usbh_msc.c ****       {
 668              		.loc 1 295 7 is_stmt 1 view .LVU247
 295:Middlewares/ST/STM32_USB_Host_Library/Class/MSC/Src/usbh_msc.c ****       {
 669              		.loc 1 295 10 is_stmt 0 view .LVU248
 670 001e 0328     		cmp	r0, #3
 671 0020 02D0     		beq	.L55
 301:Middlewares/ST/STM32_USB_Host_Library/Class/MSC/Src/usbh_msc.c ****       {
 672              		.loc 1 301 7 is_stmt 1 view .LVU249
 301:Middlewares/ST/STM32_USB_Host_Library/Class/MSC/Src/usbh_msc.c ****       {
 673              		.loc 1 301 10 is_stmt 0 view .LVU250
 674 0022 0028     		cmp	r0, #0
 675 0024 F7D1     		bne	.L45
 676 0026 01E0     		b	.L47
 677              	.L55:
 297:Middlewares/ST/STM32_USB_Host_Library/Class/MSC/Src/usbh_msc.c ****         status = USBH_OK;
 678              		.loc 1 297 9 is_stmt 1 view .LVU251
 297:Middlewares/ST/STM32_USB_Host_Library/Class/MSC/Src/usbh_msc.c ****         status = USBH_OK;
 679              		.loc 1 297 29 is_stmt 0 view .LVU252
 680 0028 0020     		movs	r0, #0
 681              	.LVL54:
 297:Middlewares/ST/STM32_USB_Host_Library/Class/MSC/Src/usbh_msc.c ****         status = USBH_OK;
 682              		.loc 1 297 29 view .LVU253
 683 002a 2070     		strb	r0, [r4]
 298:Middlewares/ST/STM32_USB_Host_Library/Class/MSC/Src/usbh_msc.c ****       }
 684              		.loc 1 298 9 is_stmt 1 view .LVU254
 685              	.LVL55:
ARM GAS  /tmp/ccYgCVot.s 			page 27


 301:Middlewares/ST/STM32_USB_Host_Library/Class/MSC/Src/usbh_msc.c ****       {
 686              		.loc 1 301 7 view .LVU255
 687              	.L47:
 303:Middlewares/ST/STM32_USB_Host_Library/Class/MSC/Src/usbh_msc.c ****         USBH_UsrLog("Number of supported LUN: %d", MSC_Handle->max_lun);
 688              		.loc 1 303 9 view .LVU256
 303:Middlewares/ST/STM32_USB_Host_Library/Class/MSC/Src/usbh_msc.c ****         USBH_UsrLog("Number of supported LUN: %d", MSC_Handle->max_lun);
 689              		.loc 1 303 42 is_stmt 0 view .LVU257
 690 002c 2178     		ldrb	r1, [r4]	@ zero_extendqisi2
 303:Middlewares/ST/STM32_USB_Host_Library/Class/MSC/Src/usbh_msc.c ****         USBH_UsrLog("Number of supported LUN: %d", MSC_Handle->max_lun);
 691              		.loc 1 303 29 view .LVU258
 692 002e 0229     		cmp	r1, #2
 693 0030 04D8     		bhi	.L52
 303:Middlewares/ST/STM32_USB_Host_Library/Class/MSC/Src/usbh_msc.c ****         USBH_UsrLog("Number of supported LUN: %d", MSC_Handle->max_lun);
 694              		.loc 1 303 29 discriminator 1 view .LVU259
 695 0032 0131     		adds	r1, r1, #1
 696 0034 C9B2     		uxtb	r1, r1
 697              	.L48:
 303:Middlewares/ST/STM32_USB_Host_Library/Class/MSC/Src/usbh_msc.c ****         USBH_UsrLog("Number of supported LUN: %d", MSC_Handle->max_lun);
 698              		.loc 1 303 29 discriminator 4 view .LVU260
 699 0036 2170     		strb	r1, [r4]
 304:Middlewares/ST/STM32_USB_Host_Library/Class/MSC/Src/usbh_msc.c **** 
 700              		.loc 1 304 9 is_stmt 1 view .LVU261
 304:Middlewares/ST/STM32_USB_Host_Library/Class/MSC/Src/usbh_msc.c **** 
 701              		.loc 1 304 9 view .LVU262
 304:Middlewares/ST/STM32_USB_Host_Library/Class/MSC/Src/usbh_msc.c **** 
 702              		.loc 1 304 9 view .LVU263
 306:Middlewares/ST/STM32_USB_Host_Library/Class/MSC/Src/usbh_msc.c ****         {
 703              		.loc 1 306 9 view .LVU264
 704              	.LVL56:
 306:Middlewares/ST/STM32_USB_Host_Library/Class/MSC/Src/usbh_msc.c ****         {
 705              		.loc 1 306 16 is_stmt 0 view .LVU265
 706 0038 0023     		movs	r3, #0
 306:Middlewares/ST/STM32_USB_Host_Library/Class/MSC/Src/usbh_msc.c ****         {
 707              		.loc 1 306 9 view .LVU266
 708 003a 0EE0     		b	.L49
 709              	.LVL57:
 710              	.L52:
 303:Middlewares/ST/STM32_USB_Host_Library/Class/MSC/Src/usbh_msc.c ****         USBH_UsrLog("Number of supported LUN: %d", MSC_Handle->max_lun);
 711              		.loc 1 303 29 discriminator 2 view .LVU267
 712 003c 0221     		movs	r1, #2
 713 003e FAE7     		b	.L48
 714              	.LVL58:
 715              	.L50:
 308:Middlewares/ST/STM32_USB_Host_Library/Class/MSC/Src/usbh_msc.c ****           MSC_Handle->unit[i].state_changed = 0U;
 716              		.loc 1 308 11 is_stmt 1 view .LVU268
 308:Middlewares/ST/STM32_USB_Host_Library/Class/MSC/Src/usbh_msc.c ****           MSC_Handle->unit[i].state_changed = 0U;
 717              		.loc 1 308 48 is_stmt 0 view .LVU269
 718 0040 3422     		movs	r2, #52
 719 0042 02FB0342 		mla	r2, r2, r3, r4
 720 0046 4FF0020C 		mov	ip, #2
 721 004a 82F892C0 		strb	ip, [r2, #146]
 309:Middlewares/ST/STM32_USB_Host_Library/Class/MSC/Src/usbh_msc.c ****         }
 722              		.loc 1 309 11 is_stmt 1 view .LVU270
 309:Middlewares/ST/STM32_USB_Host_Library/Class/MSC/Src/usbh_msc.c ****         }
 723              		.loc 1 309 45 is_stmt 0 view .LVU271
 724 004e 4FF0000C 		mov	ip, #0
 725 0052 82F8C1C0 		strb	ip, [r2, #193]
ARM GAS  /tmp/ccYgCVot.s 			page 28


 306:Middlewares/ST/STM32_USB_Host_Library/Class/MSC/Src/usbh_msc.c ****         {
 726              		.loc 1 306 48 is_stmt 1 discriminator 3 view .LVU272
 727 0056 0133     		adds	r3, r3, #1
 728              	.LVL59:
 306:Middlewares/ST/STM32_USB_Host_Library/Class/MSC/Src/usbh_msc.c ****         {
 729              		.loc 1 306 48 is_stmt 0 discriminator 3 view .LVU273
 730 0058 DBB2     		uxtb	r3, r3
 731              	.LVL60:
 732              	.L49:
 306:Middlewares/ST/STM32_USB_Host_Library/Class/MSC/Src/usbh_msc.c ****         {
 733              		.loc 1 306 24 is_stmt 1 discriminator 1 view .LVU274
 734 005a 8B42     		cmp	r3, r1
 735 005c F0D3     		bcc	.L50
 736 005e DAE7     		b	.L45
 737              	.LVL61:
 738              	.L44:
 316:Middlewares/ST/STM32_USB_Host_Library/Class/MSC/Src/usbh_msc.c ****       {
 739              		.loc 1 316 7 view .LVU275
 316:Middlewares/ST/STM32_USB_Host_Library/Class/MSC/Src/usbh_msc.c ****       {
 740              		.loc 1 316 11 is_stmt 0 view .LVU276
 741 0060 0021     		movs	r1, #0
 742 0062 FFF7FEFF 		bl	USBH_ClrFeature
 743              	.LVL62:
 316:Middlewares/ST/STM32_USB_Host_Library/Class/MSC/Src/usbh_msc.c ****       {
 744              		.loc 1 316 10 discriminator 1 view .LVU277
 745 0066 18B9     		cbnz	r0, .L53
 318:Middlewares/ST/STM32_USB_Host_Library/Class/MSC/Src/usbh_msc.c ****       }
 746              		.loc 1 318 9 is_stmt 1 view .LVU278
 318:Middlewares/ST/STM32_USB_Host_Library/Class/MSC/Src/usbh_msc.c ****       }
 747              		.loc 1 318 43 is_stmt 0 view .LVU279
 748 0068 E37B     		ldrb	r3, [r4, #15]	@ zero_extendqisi2
 318:Middlewares/ST/STM32_USB_Host_Library/Class/MSC/Src/usbh_msc.c ****       }
 749              		.loc 1 318 31 view .LVU280
 750 006a A373     		strb	r3, [r4, #14]
 282:Middlewares/ST/STM32_USB_Host_Library/Class/MSC/Src/usbh_msc.c ****   uint8_t i;
 751              		.loc 1 282 22 view .LVU281
 752 006c 0120     		movs	r0, #1
 753 006e D2E7     		b	.L45
 754              	.L53:
 282:Middlewares/ST/STM32_USB_Host_Library/Class/MSC/Src/usbh_msc.c ****   uint8_t i;
 755              		.loc 1 282 22 view .LVU282
 756 0070 0120     		movs	r0, #1
 757 0072 D0E7     		b	.L45
 758              		.cfi_endproc
 759              	.LFE135:
 761              		.section	.text.USBH_MSC_InterfaceDeInit,"ax",%progbits
 762              		.align	1
 763              		.syntax unified
 764              		.thumb
 765              		.thumb_func
 767              	USBH_MSC_InterfaceDeInit:
 768              	.LVL63:
 769              	.LFB134:
 246:Middlewares/ST/STM32_USB_Host_Library/Class/MSC/Src/usbh_msc.c ****   MSC_HandleTypeDef *MSC_Handle = (MSC_HandleTypeDef *) phost->pActiveClass->pData;
 770              		.loc 1 246 1 is_stmt 1 view -0
 771              		.cfi_startproc
 772              		@ args = 0, pretend = 0, frame = 0
ARM GAS  /tmp/ccYgCVot.s 			page 29


 773              		@ frame_needed = 0, uses_anonymous_args = 0
 246:Middlewares/ST/STM32_USB_Host_Library/Class/MSC/Src/usbh_msc.c ****   MSC_HandleTypeDef *MSC_Handle = (MSC_HandleTypeDef *) phost->pActiveClass->pData;
 774              		.loc 1 246 1 is_stmt 0 view .LVU284
 775 0000 38B5     		push	{r3, r4, r5, lr}
 776              	.LCFI2:
 777              		.cfi_def_cfa_offset 16
 778              		.cfi_offset 3, -16
 779              		.cfi_offset 4, -12
 780              		.cfi_offset 5, -8
 781              		.cfi_offset 14, -4
 782 0002 0446     		mov	r4, r0
 247:Middlewares/ST/STM32_USB_Host_Library/Class/MSC/Src/usbh_msc.c **** 
 783              		.loc 1 247 3 is_stmt 1 view .LVU285
 247:Middlewares/ST/STM32_USB_Host_Library/Class/MSC/Src/usbh_msc.c **** 
 784              		.loc 1 247 62 is_stmt 0 view .LVU286
 785 0004 D0F87C33 		ldr	r3, [r0, #892]
 247:Middlewares/ST/STM32_USB_Host_Library/Class/MSC/Src/usbh_msc.c **** 
 786              		.loc 1 247 22 view .LVU287
 787 0008 DD69     		ldr	r5, [r3, #28]
 788              	.LVL64:
 249:Middlewares/ST/STM32_USB_Host_Library/Class/MSC/Src/usbh_msc.c ****   {
 789              		.loc 1 249 3 is_stmt 1 view .LVU288
 249:Middlewares/ST/STM32_USB_Host_Library/Class/MSC/Src/usbh_msc.c ****   {
 790              		.loc 1 249 18 is_stmt 0 view .LVU289
 791 000a 6979     		ldrb	r1, [r5, #5]	@ zero_extendqisi2
 249:Middlewares/ST/STM32_USB_Host_Library/Class/MSC/Src/usbh_msc.c ****   {
 792              		.loc 1 249 6 view .LVU290
 793 000c 69B9     		cbnz	r1, .L61
 794              	.LVL65:
 795              	.L57:
 256:Middlewares/ST/STM32_USB_Host_Library/Class/MSC/Src/usbh_msc.c ****   {
 796              		.loc 1 256 3 is_stmt 1 view .LVU291
 256:Middlewares/ST/STM32_USB_Host_Library/Class/MSC/Src/usbh_msc.c ****   {
 797              		.loc 1 256 18 is_stmt 0 view .LVU292
 798 000e 2979     		ldrb	r1, [r5, #4]	@ zero_extendqisi2
 256:Middlewares/ST/STM32_USB_Host_Library/Class/MSC/Src/usbh_msc.c ****   {
 799              		.loc 1 256 6 view .LVU293
 800 0010 A1B9     		cbnz	r1, .L62
 801              	.L58:
 263:Middlewares/ST/STM32_USB_Host_Library/Class/MSC/Src/usbh_msc.c ****   {
 802              		.loc 1 263 3 is_stmt 1 view .LVU294
 263:Middlewares/ST/STM32_USB_Host_Library/Class/MSC/Src/usbh_msc.c ****   {
 803              		.loc 1 263 13 is_stmt 0 view .LVU295
 804 0012 D4F87C33 		ldr	r3, [r4, #892]
 263:Middlewares/ST/STM32_USB_Host_Library/Class/MSC/Src/usbh_msc.c ****   {
 805              		.loc 1 263 27 view .LVU296
 806 0016 D869     		ldr	r0, [r3, #28]
 263:Middlewares/ST/STM32_USB_Host_Library/Class/MSC/Src/usbh_msc.c ****   {
 807              		.loc 1 263 6 view .LVU297
 808 0018 28B1     		cbz	r0, .L59
 265:Middlewares/ST/STM32_USB_Host_Library/Class/MSC/Src/usbh_msc.c ****     phost->pActiveClass->pData = 0U;
 809              		.loc 1 265 5 is_stmt 1 view .LVU298
 810 001a FFF7FEFF 		bl	free
 811              	.LVL66:
 266:Middlewares/ST/STM32_USB_Host_Library/Class/MSC/Src/usbh_msc.c ****   }
 812              		.loc 1 266 5 view .LVU299
 266:Middlewares/ST/STM32_USB_Host_Library/Class/MSC/Src/usbh_msc.c ****   }
ARM GAS  /tmp/ccYgCVot.s 			page 30


 813              		.loc 1 266 10 is_stmt 0 view .LVU300
 814 001e D4F87C33 		ldr	r3, [r4, #892]
 266:Middlewares/ST/STM32_USB_Host_Library/Class/MSC/Src/usbh_msc.c ****   }
 815              		.loc 1 266 32 view .LVU301
 816 0022 0022     		movs	r2, #0
 817 0024 DA61     		str	r2, [r3, #28]
 818              	.L59:
 269:Middlewares/ST/STM32_USB_Host_Library/Class/MSC/Src/usbh_msc.c **** }
 819              		.loc 1 269 3 is_stmt 1 view .LVU302
 270:Middlewares/ST/STM32_USB_Host_Library/Class/MSC/Src/usbh_msc.c **** 
 820              		.loc 1 270 1 is_stmt 0 view .LVU303
 821 0026 0020     		movs	r0, #0
 822 0028 38BD     		pop	{r3, r4, r5, pc}
 823              	.LVL67:
 824              	.L61:
 251:Middlewares/ST/STM32_USB_Host_Library/Class/MSC/Src/usbh_msc.c ****     (void)USBH_FreePipe(phost, MSC_Handle->OutPipe);
 825              		.loc 1 251 5 is_stmt 1 view .LVU304
 251:Middlewares/ST/STM32_USB_Host_Library/Class/MSC/Src/usbh_msc.c ****     (void)USBH_FreePipe(phost, MSC_Handle->OutPipe);
 826              		.loc 1 251 11 is_stmt 0 view .LVU305
 827 002a FFF7FEFF 		bl	USBH_ClosePipe
 828              	.LVL68:
 252:Middlewares/ST/STM32_USB_Host_Library/Class/MSC/Src/usbh_msc.c ****     MSC_Handle->OutPipe = 0U;     /* Reset the Channel as Free */
 829              		.loc 1 252 5 is_stmt 1 view .LVU306
 252:Middlewares/ST/STM32_USB_Host_Library/Class/MSC/Src/usbh_msc.c ****     MSC_Handle->OutPipe = 0U;     /* Reset the Channel as Free */
 830              		.loc 1 252 11 is_stmt 0 view .LVU307
 831 002e 6979     		ldrb	r1, [r5, #5]	@ zero_extendqisi2
 832 0030 2046     		mov	r0, r4
 833 0032 FFF7FEFF 		bl	USBH_FreePipe
 834              	.LVL69:
 253:Middlewares/ST/STM32_USB_Host_Library/Class/MSC/Src/usbh_msc.c ****   }
 835              		.loc 1 253 5 is_stmt 1 view .LVU308
 253:Middlewares/ST/STM32_USB_Host_Library/Class/MSC/Src/usbh_msc.c ****   }
 836              		.loc 1 253 25 is_stmt 0 view .LVU309
 837 0036 0023     		movs	r3, #0
 838 0038 6B71     		strb	r3, [r5, #5]
 839 003a E8E7     		b	.L57
 840              	.L62:
 258:Middlewares/ST/STM32_USB_Host_Library/Class/MSC/Src/usbh_msc.c ****     (void)USBH_FreePipe(phost, MSC_Handle->InPipe);
 841              		.loc 1 258 5 is_stmt 1 view .LVU310
 258:Middlewares/ST/STM32_USB_Host_Library/Class/MSC/Src/usbh_msc.c ****     (void)USBH_FreePipe(phost, MSC_Handle->InPipe);
 842              		.loc 1 258 11 is_stmt 0 view .LVU311
 843 003c 2046     		mov	r0, r4
 844 003e FFF7FEFF 		bl	USBH_ClosePipe
 845              	.LVL70:
 259:Middlewares/ST/STM32_USB_Host_Library/Class/MSC/Src/usbh_msc.c ****     MSC_Handle->InPipe = 0U;     /* Reset the Channel as Free */
 846              		.loc 1 259 5 is_stmt 1 view .LVU312
 259:Middlewares/ST/STM32_USB_Host_Library/Class/MSC/Src/usbh_msc.c ****     MSC_Handle->InPipe = 0U;     /* Reset the Channel as Free */
 847              		.loc 1 259 11 is_stmt 0 view .LVU313
 848 0042 2979     		ldrb	r1, [r5, #4]	@ zero_extendqisi2
 849 0044 2046     		mov	r0, r4
 850 0046 FFF7FEFF 		bl	USBH_FreePipe
 851              	.LVL71:
 260:Middlewares/ST/STM32_USB_Host_Library/Class/MSC/Src/usbh_msc.c ****   }
 852              		.loc 1 260 5 is_stmt 1 view .LVU314
 260:Middlewares/ST/STM32_USB_Host_Library/Class/MSC/Src/usbh_msc.c ****   }
 853              		.loc 1 260 24 is_stmt 0 view .LVU315
 854 004a 0023     		movs	r3, #0
ARM GAS  /tmp/ccYgCVot.s 			page 31


 855 004c 2B71     		strb	r3, [r5, #4]
 856 004e E0E7     		b	.L58
 857              		.cfi_endproc
 858              	.LFE134:
 860              		.section	.text.USBH_MSC_InterfaceInit,"ax",%progbits
 861              		.align	1
 862              		.syntax unified
 863              		.thumb
 864              		.thumb_func
 866              	USBH_MSC_InterfaceInit:
 867              	.LVL72:
 868              	.LFB133:
 148:Middlewares/ST/STM32_USB_Host_Library/Class/MSC/Src/usbh_msc.c ****   USBH_StatusTypeDef status;
 869              		.loc 1 148 1 is_stmt 1 view -0
 870              		.cfi_startproc
 871              		@ args = 0, pretend = 0, frame = 0
 872              		@ frame_needed = 0, uses_anonymous_args = 0
 148:Middlewares/ST/STM32_USB_Host_Library/Class/MSC/Src/usbh_msc.c ****   USBH_StatusTypeDef status;
 873              		.loc 1 148 1 is_stmt 0 view .LVU317
 874 0000 F0B5     		push	{r4, r5, r6, r7, lr}
 875              	.LCFI3:
 876              		.cfi_def_cfa_offset 20
 877              		.cfi_offset 4, -20
 878              		.cfi_offset 5, -16
 879              		.cfi_offset 6, -12
 880              		.cfi_offset 7, -8
 881              		.cfi_offset 14, -4
 882 0002 85B0     		sub	sp, sp, #20
 883              	.LCFI4:
 884              		.cfi_def_cfa_offset 40
 885 0004 0446     		mov	r4, r0
 149:Middlewares/ST/STM32_USB_Host_Library/Class/MSC/Src/usbh_msc.c ****   uint8_t interface;
 886              		.loc 1 149 3 is_stmt 1 view .LVU318
 150:Middlewares/ST/STM32_USB_Host_Library/Class/MSC/Src/usbh_msc.c ****   MSC_HandleTypeDef *MSC_Handle;
 887              		.loc 1 150 3 view .LVU319
 151:Middlewares/ST/STM32_USB_Host_Library/Class/MSC/Src/usbh_msc.c **** 
 888              		.loc 1 151 3 view .LVU320
 153:Middlewares/ST/STM32_USB_Host_Library/Class/MSC/Src/usbh_msc.c **** 
 889              		.loc 1 153 3 view .LVU321
 153:Middlewares/ST/STM32_USB_Host_Library/Class/MSC/Src/usbh_msc.c **** 
 890              		.loc 1 153 46 is_stmt 0 view .LVU322
 891 0006 D0F87C13 		ldr	r1, [r0, #892]
 153:Middlewares/ST/STM32_USB_Host_Library/Class/MSC/Src/usbh_msc.c **** 
 892              		.loc 1 153 15 view .LVU323
 893 000a 5023     		movs	r3, #80
 894 000c 0622     		movs	r2, #6
 895 000e 0979     		ldrb	r1, [r1, #4]	@ zero_extendqisi2
 896 0010 FFF7FEFF 		bl	USBH_FindInterface
 897              	.LVL73:
 155:Middlewares/ST/STM32_USB_Host_Library/Class/MSC/Src/usbh_msc.c ****   {
 898              		.loc 1 155 3 is_stmt 1 view .LVU324
 155:Middlewares/ST/STM32_USB_Host_Library/Class/MSC/Src/usbh_msc.c ****   {
 899              		.loc 1 155 6 is_stmt 0 view .LVU325
 900 0014 0128     		cmp	r0, #1
 901 0016 00F28480 		bhi	.L69
 902 001a 0546     		mov	r5, r0
 161:Middlewares/ST/STM32_USB_Host_Library/Class/MSC/Src/usbh_msc.c **** 
ARM GAS  /tmp/ccYgCVot.s 			page 32


 903              		.loc 1 161 3 is_stmt 1 view .LVU326
 161:Middlewares/ST/STM32_USB_Host_Library/Class/MSC/Src/usbh_msc.c **** 
 904              		.loc 1 161 12 is_stmt 0 view .LVU327
 905 001c 0146     		mov	r1, r0
 906 001e 2046     		mov	r0, r4
 907              	.LVL74:
 161:Middlewares/ST/STM32_USB_Host_Library/Class/MSC/Src/usbh_msc.c **** 
 908              		.loc 1 161 12 view .LVU328
 909 0020 FFF7FEFF 		bl	USBH_SelectInterface
 910              	.LVL75:
 163:Middlewares/ST/STM32_USB_Host_Library/Class/MSC/Src/usbh_msc.c ****   {
 911              		.loc 1 163 3 is_stmt 1 view .LVU329
 163:Middlewares/ST/STM32_USB_Host_Library/Class/MSC/Src/usbh_msc.c ****   {
 912              		.loc 1 163 6 is_stmt 0 view .LVU330
 913 0024 0746     		mov	r7, r0
 914 0026 0028     		cmp	r0, #0
 915 0028 7FD1     		bne	.L70
 168:Middlewares/ST/STM32_USB_Host_Library/Class/MSC/Src/usbh_msc.c ****   MSC_Handle = (MSC_HandleTypeDef *) phost->pActiveClass->pData;
 916              		.loc 1 168 3 is_stmt 1 view .LVU331
 168:Middlewares/ST/STM32_USB_Host_Library/Class/MSC/Src/usbh_msc.c ****   MSC_Handle = (MSC_HandleTypeDef *) phost->pActiveClass->pData;
 917              		.loc 1 168 8 is_stmt 0 view .LVU332
 918 002a D4F87C63 		ldr	r6, [r4, #892]
 168:Middlewares/ST/STM32_USB_Host_Library/Class/MSC/Src/usbh_msc.c ****   MSC_Handle = (MSC_HandleTypeDef *) phost->pActiveClass->pData;
 919              		.loc 1 168 53 view .LVU333
 920 002e 4FF48070 		mov	r0, #256
 921              	.LVL76:
 168:Middlewares/ST/STM32_USB_Host_Library/Class/MSC/Src/usbh_msc.c ****   MSC_Handle = (MSC_HandleTypeDef *) phost->pActiveClass->pData;
 922              		.loc 1 168 53 view .LVU334
 923 0032 FFF7FEFF 		bl	malloc
 924              	.LVL77:
 168:Middlewares/ST/STM32_USB_Host_Library/Class/MSC/Src/usbh_msc.c ****   MSC_Handle = (MSC_HandleTypeDef *) phost->pActiveClass->pData;
 925              		.loc 1 168 30 discriminator 1 view .LVU335
 926 0036 F061     		str	r0, [r6, #28]
 169:Middlewares/ST/STM32_USB_Host_Library/Class/MSC/Src/usbh_msc.c **** 
 927              		.loc 1 169 3 is_stmt 1 view .LVU336
 169:Middlewares/ST/STM32_USB_Host_Library/Class/MSC/Src/usbh_msc.c **** 
 928              		.loc 1 169 43 is_stmt 0 view .LVU337
 929 0038 D4F87C33 		ldr	r3, [r4, #892]
 169:Middlewares/ST/STM32_USB_Host_Library/Class/MSC/Src/usbh_msc.c **** 
 930              		.loc 1 169 14 view .LVU338
 931 003c DE69     		ldr	r6, [r3, #28]
 932              	.LVL78:
 171:Middlewares/ST/STM32_USB_Host_Library/Class/MSC/Src/usbh_msc.c ****   {
 933              		.loc 1 171 3 is_stmt 1 view .LVU339
 171:Middlewares/ST/STM32_USB_Host_Library/Class/MSC/Src/usbh_msc.c ****   {
 934              		.loc 1 171 6 is_stmt 0 view .LVU340
 935 003e 002E     		cmp	r6, #0
 936 0040 75D0     		beq	.L71
 178:Middlewares/ST/STM32_USB_Host_Library/Class/MSC/Src/usbh_msc.c **** 
 937              		.loc 1 178 3 is_stmt 1 view .LVU341
 178:Middlewares/ST/STM32_USB_Host_Library/Class/MSC/Src/usbh_msc.c **** 
 938              		.loc 1 178 9 is_stmt 0 view .LVU342
 939 0042 4FF48072 		mov	r2, #256
 940 0046 0021     		movs	r1, #0
 941 0048 3046     		mov	r0, r6
 942 004a FFF7FEFF 		bl	memset
 943              	.LVL79:
ARM GAS  /tmp/ccYgCVot.s 			page 33


 180:Middlewares/ST/STM32_USB_Host_Library/Class/MSC/Src/usbh_msc.c ****   {
 944              		.loc 1 180 3 is_stmt 1 view .LVU343
 180:Middlewares/ST/STM32_USB_Host_Library/Class/MSC/Src/usbh_msc.c ****   {
 945              		.loc 1 180 60 is_stmt 0 view .LVU344
 946 004e 1A23     		movs	r3, #26
 947 0050 03FB0543 		mla	r3, r3, r5, r4
 948 0054 93F84E23 		ldrb	r2, [r3, #846]	@ zero_extendqisi2
 180:Middlewares/ST/STM32_USB_Host_Library/Class/MSC/Src/usbh_msc.c ****   {
 949              		.loc 1 180 87 view .LVU345
 950 0058 93F94E33 		ldrsb	r3, [r3, #846]
 180:Middlewares/ST/STM32_USB_Host_Library/Class/MSC/Src/usbh_msc.c ****   {
 951              		.loc 1 180 6 view .LVU346
 952 005c 002B     		cmp	r3, #0
 953 005e 50DB     		blt	.L77
 187:Middlewares/ST/STM32_USB_Host_Library/Class/MSC/Src/usbh_msc.c ****     MSC_Handle->OutEpSize = phost->device.CfgDesc.Itf_Desc[interface].Ep_Desc[0].wMaxPacketSize;
 954              		.loc 1 187 5 is_stmt 1 view .LVU347
 187:Middlewares/ST/STM32_USB_Host_Library/Class/MSC/Src/usbh_msc.c ****     MSC_Handle->OutEpSize = phost->device.CfgDesc.Itf_Desc[interface].Ep_Desc[0].wMaxPacketSize;
 955              		.loc 1 187 23 is_stmt 0 view .LVU348
 956 0060 B271     		strb	r2, [r6, #6]
 188:Middlewares/ST/STM32_USB_Host_Library/Class/MSC/Src/usbh_msc.c ****   }
 957              		.loc 1 188 5 is_stmt 1 view .LVU349
 188:Middlewares/ST/STM32_USB_Host_Library/Class/MSC/Src/usbh_msc.c ****   }
 958              		.loc 1 188 81 is_stmt 0 view .LVU350
 959 0062 1A23     		movs	r3, #26
 960 0064 03FB0543 		mla	r3, r3, r5, r4
 961 0068 B3F85033 		ldrh	r3, [r3, #848]
 188:Middlewares/ST/STM32_USB_Host_Library/Class/MSC/Src/usbh_msc.c ****   }
 962              		.loc 1 188 27 view .LVU351
 963 006c 3381     		strh	r3, [r6, #8]	@ movhi
 964              	.L66:
 191:Middlewares/ST/STM32_USB_Host_Library/Class/MSC/Src/usbh_msc.c ****   {
 965              		.loc 1 191 3 is_stmt 1 view .LVU352
 191:Middlewares/ST/STM32_USB_Host_Library/Class/MSC/Src/usbh_msc.c ****   {
 966              		.loc 1 191 60 is_stmt 0 view .LVU353
 967 006e 1A23     		movs	r3, #26
 968 0070 03FB0543 		mla	r3, r3, r5, r4
 969 0074 93F85623 		ldrb	r2, [r3, #854]	@ zero_extendqisi2
 191:Middlewares/ST/STM32_USB_Host_Library/Class/MSC/Src/usbh_msc.c ****   {
 970              		.loc 1 191 87 view .LVU354
 971 0078 93F95633 		ldrsb	r3, [r3, #854]
 191:Middlewares/ST/STM32_USB_Host_Library/Class/MSC/Src/usbh_msc.c ****   {
 972              		.loc 1 191 6 view .LVU355
 973 007c 002B     		cmp	r3, #0
 974 007e 48DB     		blt	.L78
 198:Middlewares/ST/STM32_USB_Host_Library/Class/MSC/Src/usbh_msc.c ****     MSC_Handle->OutEpSize = phost->device.CfgDesc.Itf_Desc[interface].Ep_Desc[1].wMaxPacketSize;
 975              		.loc 1 198 5 is_stmt 1 view .LVU356
 198:Middlewares/ST/STM32_USB_Host_Library/Class/MSC/Src/usbh_msc.c ****     MSC_Handle->OutEpSize = phost->device.CfgDesc.Itf_Desc[interface].Ep_Desc[1].wMaxPacketSize;
 976              		.loc 1 198 23 is_stmt 0 view .LVU357
 977 0080 B271     		strb	r2, [r6, #6]
 199:Middlewares/ST/STM32_USB_Host_Library/Class/MSC/Src/usbh_msc.c ****   }
 978              		.loc 1 199 5 is_stmt 1 view .LVU358
 199:Middlewares/ST/STM32_USB_Host_Library/Class/MSC/Src/usbh_msc.c ****   }
 979              		.loc 1 199 81 is_stmt 0 view .LVU359
 980 0082 1A23     		movs	r3, #26
 981 0084 03FB0545 		mla	r5, r3, r5, r4
 982              	.LVL80:
 199:Middlewares/ST/STM32_USB_Host_Library/Class/MSC/Src/usbh_msc.c ****   }
ARM GAS  /tmp/ccYgCVot.s 			page 34


 983              		.loc 1 199 81 view .LVU360
 984 0088 B5F85833 		ldrh	r3, [r5, #856]
 199:Middlewares/ST/STM32_USB_Host_Library/Class/MSC/Src/usbh_msc.c ****   }
 985              		.loc 1 199 27 view .LVU361
 986 008c 3381     		strh	r3, [r6, #8]	@ movhi
 987              	.L68:
 202:Middlewares/ST/STM32_USB_Host_Library/Class/MSC/Src/usbh_msc.c ****   MSC_Handle->error = MSC_OK;
 988              		.loc 1 202 3 is_stmt 1 view .LVU362
 203:Middlewares/ST/STM32_USB_Host_Library/Class/MSC/Src/usbh_msc.c ****   MSC_Handle->req_state = MSC_REQ_IDLE;
 989              		.loc 1 203 3 view .LVU363
 204:Middlewares/ST/STM32_USB_Host_Library/Class/MSC/Src/usbh_msc.c ****   MSC_Handle->OutPipe = USBH_AllocPipe(phost, MSC_Handle->OutEp);
 990              		.loc 1 204 3 view .LVU364
 205:Middlewares/ST/STM32_USB_Host_Library/Class/MSC/Src/usbh_msc.c ****   MSC_Handle->InPipe = USBH_AllocPipe(phost, MSC_Handle->InEp);
 991              		.loc 1 205 3 view .LVU365
 205:Middlewares/ST/STM32_USB_Host_Library/Class/MSC/Src/usbh_msc.c ****   MSC_Handle->InPipe = USBH_AllocPipe(phost, MSC_Handle->InEp);
 992              		.loc 1 205 25 is_stmt 0 view .LVU366
 993 008e B179     		ldrb	r1, [r6, #6]	@ zero_extendqisi2
 994 0090 2046     		mov	r0, r4
 995 0092 FFF7FEFF 		bl	USBH_AllocPipe
 996              	.LVL81:
 205:Middlewares/ST/STM32_USB_Host_Library/Class/MSC/Src/usbh_msc.c ****   MSC_Handle->InPipe = USBH_AllocPipe(phost, MSC_Handle->InEp);
 997              		.loc 1 205 23 discriminator 1 view .LVU367
 998 0096 7071     		strb	r0, [r6, #5]
 206:Middlewares/ST/STM32_USB_Host_Library/Class/MSC/Src/usbh_msc.c **** 
 999              		.loc 1 206 3 is_stmt 1 view .LVU368
 206:Middlewares/ST/STM32_USB_Host_Library/Class/MSC/Src/usbh_msc.c **** 
 1000              		.loc 1 206 24 is_stmt 0 view .LVU369
 1001 0098 F179     		ldrb	r1, [r6, #7]	@ zero_extendqisi2
 1002 009a 2046     		mov	r0, r4
 1003 009c FFF7FEFF 		bl	USBH_AllocPipe
 1004              	.LVL82:
 206:Middlewares/ST/STM32_USB_Host_Library/Class/MSC/Src/usbh_msc.c **** 
 1005              		.loc 1 206 22 discriminator 1 view .LVU370
 1006 00a0 3071     		strb	r0, [r6, #4]
 208:Middlewares/ST/STM32_USB_Host_Library/Class/MSC/Src/usbh_msc.c **** 
 1007              		.loc 1 208 3 is_stmt 1 view .LVU371
 208:Middlewares/ST/STM32_USB_Host_Library/Class/MSC/Src/usbh_msc.c **** 
 1008              		.loc 1 208 9 is_stmt 0 view .LVU372
 1009 00a2 2046     		mov	r0, r4
 1010 00a4 FFF7FEFF 		bl	USBH_MSC_BOT_Init
 1011              	.LVL83:
 211:Middlewares/ST/STM32_USB_Host_Library/Class/MSC/Src/usbh_msc.c ****   {
 1012              		.loc 1 211 3 is_stmt 1 view .LVU373
 211:Middlewares/ST/STM32_USB_Host_Library/Class/MSC/Src/usbh_msc.c ****   {
 1013              		.loc 1 211 18 is_stmt 0 view .LVU374
 1014 00a8 B279     		ldrb	r2, [r6, #6]	@ zero_extendqisi2
 211:Middlewares/ST/STM32_USB_Host_Library/Class/MSC/Src/usbh_msc.c ****   {
 1015              		.loc 1 211 6 view .LVU375
 1016 00aa 002A     		cmp	r2, #0
 1017 00ac 41D0     		beq	.L72
 211:Middlewares/ST/STM32_USB_Host_Library/Class/MSC/Src/usbh_msc.c ****   {
 1018              		.loc 1 211 47 discriminator 1 view .LVU376
 1019 00ae 3389     		ldrh	r3, [r6, #8]
 211:Middlewares/ST/STM32_USB_Host_Library/Class/MSC/Src/usbh_msc.c ****   {
 1020              		.loc 1 211 33 discriminator 1 view .LVU377
 1021 00b0 002B     		cmp	r3, #0
 1022 00b2 40D0     		beq	.L73
ARM GAS  /tmp/ccYgCVot.s 			page 35


 213:Middlewares/ST/STM32_USB_Host_Library/Class/MSC/Src/usbh_msc.c ****                         phost->device.address, phost->device.speed,
 1023              		.loc 1 213 5 is_stmt 1 view .LVU378
 213:Middlewares/ST/STM32_USB_Host_Library/Class/MSC/Src/usbh_msc.c ****                         phost->device.address, phost->device.speed,
 1024              		.loc 1 213 11 is_stmt 0 view .LVU379
 1025 00b4 7179     		ldrb	r1, [r6, #5]	@ zero_extendqisi2
 1026 00b6 0293     		str	r3, [sp, #8]
 1027 00b8 0223     		movs	r3, #2
 1028 00ba 0193     		str	r3, [sp, #4]
 1029 00bc 94F81D33 		ldrb	r3, [r4, #797]	@ zero_extendqisi2
 1030 00c0 0093     		str	r3, [sp]
 1031 00c2 94F81C33 		ldrb	r3, [r4, #796]	@ zero_extendqisi2
 1032 00c6 2046     		mov	r0, r4
 1033 00c8 FFF7FEFF 		bl	USBH_OpenPipe
 1034              	.LVL84:
 222:Middlewares/ST/STM32_USB_Host_Library/Class/MSC/Src/usbh_msc.c ****   {
 1035              		.loc 1 222 3 is_stmt 1 view .LVU380
 222:Middlewares/ST/STM32_USB_Host_Library/Class/MSC/Src/usbh_msc.c ****   {
 1036              		.loc 1 222 18 is_stmt 0 view .LVU381
 1037 00cc F279     		ldrb	r2, [r6, #7]	@ zero_extendqisi2
 222:Middlewares/ST/STM32_USB_Host_Library/Class/MSC/Src/usbh_msc.c ****   {
 1038              		.loc 1 222 6 view .LVU382
 1039 00ce A2B3     		cbz	r2, .L74
 222:Middlewares/ST/STM32_USB_Host_Library/Class/MSC/Src/usbh_msc.c ****   {
 1040              		.loc 1 222 46 discriminator 1 view .LVU383
 1041 00d0 7389     		ldrh	r3, [r6, #10]
 222:Middlewares/ST/STM32_USB_Host_Library/Class/MSC/Src/usbh_msc.c ****   {
 1042              		.loc 1 222 32 discriminator 1 view .LVU384
 1043 00d2 A3B3     		cbz	r3, .L75
 224:Middlewares/ST/STM32_USB_Host_Library/Class/MSC/Src/usbh_msc.c ****                         phost->device.address, phost->device.speed, USB_EP_TYPE_BULK,
 1044              		.loc 1 224 5 is_stmt 1 view .LVU385
 224:Middlewares/ST/STM32_USB_Host_Library/Class/MSC/Src/usbh_msc.c ****                         phost->device.address, phost->device.speed, USB_EP_TYPE_BULK,
 1045              		.loc 1 224 11 is_stmt 0 view .LVU386
 1046 00d4 3179     		ldrb	r1, [r6, #4]	@ zero_extendqisi2
 1047 00d6 0293     		str	r3, [sp, #8]
 1048 00d8 0223     		movs	r3, #2
 1049 00da 0193     		str	r3, [sp, #4]
 1050 00dc 94F81D33 		ldrb	r3, [r4, #797]	@ zero_extendqisi2
 1051 00e0 0093     		str	r3, [sp]
 1052 00e2 94F81C33 		ldrb	r3, [r4, #796]	@ zero_extendqisi2
 1053 00e6 2046     		mov	r0, r4
 1054 00e8 FFF7FEFF 		bl	USBH_OpenPipe
 1055              	.LVL85:
 233:Middlewares/ST/STM32_USB_Host_Library/Class/MSC/Src/usbh_msc.c ****   (void)USBH_LL_SetToggle(phost, MSC_Handle->OutPipe, 0U);
 1056              		.loc 1 233 3 is_stmt 1 view .LVU387
 233:Middlewares/ST/STM32_USB_Host_Library/Class/MSC/Src/usbh_msc.c ****   (void)USBH_LL_SetToggle(phost, MSC_Handle->OutPipe, 0U);
 1057              		.loc 1 233 9 is_stmt 0 view .LVU388
 1058 00ec 0022     		movs	r2, #0
 1059 00ee 3179     		ldrb	r1, [r6, #4]	@ zero_extendqisi2
 1060 00f0 2046     		mov	r0, r4
 1061 00f2 FFF7FEFF 		bl	USBH_LL_SetToggle
 1062              	.LVL86:
 234:Middlewares/ST/STM32_USB_Host_Library/Class/MSC/Src/usbh_msc.c **** 
 1063              		.loc 1 234 3 is_stmt 1 view .LVU389
 234:Middlewares/ST/STM32_USB_Host_Library/Class/MSC/Src/usbh_msc.c **** 
 1064              		.loc 1 234 9 is_stmt 0 view .LVU390
 1065 00f6 0022     		movs	r2, #0
 1066 00f8 7179     		ldrb	r1, [r6, #5]	@ zero_extendqisi2
ARM GAS  /tmp/ccYgCVot.s 			page 36


 1067 00fa 2046     		mov	r0, r4
 1068 00fc FFF7FEFF 		bl	USBH_LL_SetToggle
 1069              	.LVL87:
 236:Middlewares/ST/STM32_USB_Host_Library/Class/MSC/Src/usbh_msc.c **** }
 1070              		.loc 1 236 3 is_stmt 1 view .LVU391
 236:Middlewares/ST/STM32_USB_Host_Library/Class/MSC/Src/usbh_msc.c **** }
 1071              		.loc 1 236 10 is_stmt 0 view .LVU392
 1072 0100 10E0     		b	.L64
 1073              	.LVL88:
 1074              	.L77:
 182:Middlewares/ST/STM32_USB_Host_Library/Class/MSC/Src/usbh_msc.c ****     MSC_Handle->InEpSize = phost->device.CfgDesc.Itf_Desc[interface].Ep_Desc[0].wMaxPacketSize;
 1075              		.loc 1 182 5 is_stmt 1 view .LVU393
 182:Middlewares/ST/STM32_USB_Host_Library/Class/MSC/Src/usbh_msc.c ****     MSC_Handle->InEpSize = phost->device.CfgDesc.Itf_Desc[interface].Ep_Desc[0].wMaxPacketSize;
 1076              		.loc 1 182 22 is_stmt 0 view .LVU394
 1077 0102 F271     		strb	r2, [r6, #7]
 183:Middlewares/ST/STM32_USB_Host_Library/Class/MSC/Src/usbh_msc.c ****   }
 1078              		.loc 1 183 5 is_stmt 1 view .LVU395
 183:Middlewares/ST/STM32_USB_Host_Library/Class/MSC/Src/usbh_msc.c ****   }
 1079              		.loc 1 183 80 is_stmt 0 view .LVU396
 1080 0104 1A23     		movs	r3, #26
 1081 0106 03FB0543 		mla	r3, r3, r5, r4
 1082 010a B3F85033 		ldrh	r3, [r3, #848]
 183:Middlewares/ST/STM32_USB_Host_Library/Class/MSC/Src/usbh_msc.c ****   }
 1083              		.loc 1 183 26 view .LVU397
 1084 010e 7381     		strh	r3, [r6, #10]	@ movhi
 1085 0110 ADE7     		b	.L66
 1086              	.L78:
 193:Middlewares/ST/STM32_USB_Host_Library/Class/MSC/Src/usbh_msc.c ****     MSC_Handle->InEpSize = phost->device.CfgDesc.Itf_Desc[interface].Ep_Desc[1].wMaxPacketSize;
 1087              		.loc 1 193 5 is_stmt 1 view .LVU398
 193:Middlewares/ST/STM32_USB_Host_Library/Class/MSC/Src/usbh_msc.c ****     MSC_Handle->InEpSize = phost->device.CfgDesc.Itf_Desc[interface].Ep_Desc[1].wMaxPacketSize;
 1088              		.loc 1 193 22 is_stmt 0 view .LVU399
 1089 0112 F271     		strb	r2, [r6, #7]
 194:Middlewares/ST/STM32_USB_Host_Library/Class/MSC/Src/usbh_msc.c ****   }
 1090              		.loc 1 194 5 is_stmt 1 view .LVU400
 194:Middlewares/ST/STM32_USB_Host_Library/Class/MSC/Src/usbh_msc.c ****   }
 1091              		.loc 1 194 80 is_stmt 0 view .LVU401
 1092 0114 1A23     		movs	r3, #26
 1093 0116 03FB0543 		mla	r3, r3, r5, r4
 1094 011a B3F85833 		ldrh	r3, [r3, #856]
 194:Middlewares/ST/STM32_USB_Host_Library/Class/MSC/Src/usbh_msc.c ****   }
 1095              		.loc 1 194 26 view .LVU402
 1096 011e 7381     		strh	r3, [r6, #10]	@ movhi
 1097 0120 B5E7     		b	.L68
 1098              	.LVL89:
 1099              	.L69:
 158:Middlewares/ST/STM32_USB_Host_Library/Class/MSC/Src/usbh_msc.c ****   }
 1100              		.loc 1 158 12 view .LVU403
 1101 0122 0227     		movs	r7, #2
 1102              	.LVL90:
 1103              	.L64:
 237:Middlewares/ST/STM32_USB_Host_Library/Class/MSC/Src/usbh_msc.c **** 
 1104              		.loc 1 237 1 view .LVU404
 1105 0124 3846     		mov	r0, r7
 1106 0126 05B0     		add	sp, sp, #20
 1107              	.LCFI5:
 1108              		.cfi_remember_state
 1109              		.cfi_def_cfa_offset 20
ARM GAS  /tmp/ccYgCVot.s 			page 37


 1110              		@ sp needed
 1111 0128 F0BD     		pop	{r4, r5, r6, r7, pc}
 1112              	.LVL91:
 1113              	.L70:
 1114              	.LCFI6:
 1115              		.cfi_restore_state
 165:Middlewares/ST/STM32_USB_Host_Library/Class/MSC/Src/usbh_msc.c ****   }
 1116              		.loc 1 165 12 view .LVU405
 1117 012a 0227     		movs	r7, #2
 1118 012c FAE7     		b	.L64
 1119              	.LVL92:
 1120              	.L71:
 174:Middlewares/ST/STM32_USB_Host_Library/Class/MSC/Src/usbh_msc.c ****   }
 1121              		.loc 1 174 12 view .LVU406
 1122 012e 0227     		movs	r7, #2
 1123              	.LVL93:
 174:Middlewares/ST/STM32_USB_Host_Library/Class/MSC/Src/usbh_msc.c ****   }
 1124              		.loc 1 174 12 view .LVU407
 1125 0130 F8E7     		b	.L64
 1126              	.LVL94:
 1127              	.L72:
 219:Middlewares/ST/STM32_USB_Host_Library/Class/MSC/Src/usbh_msc.c ****   }
 1128              		.loc 1 219 12 view .LVU408
 1129 0132 0327     		movs	r7, #3
 1130              	.LVL95:
 219:Middlewares/ST/STM32_USB_Host_Library/Class/MSC/Src/usbh_msc.c ****   }
 1131              		.loc 1 219 12 view .LVU409
 1132 0134 F6E7     		b	.L64
 1133              	.LVL96:
 1134              	.L73:
 219:Middlewares/ST/STM32_USB_Host_Library/Class/MSC/Src/usbh_msc.c ****   }
 1135              		.loc 1 219 12 view .LVU410
 1136 0136 0327     		movs	r7, #3
 1137              	.LVL97:
 219:Middlewares/ST/STM32_USB_Host_Library/Class/MSC/Src/usbh_msc.c ****   }
 1138              		.loc 1 219 12 view .LVU411
 1139 0138 F4E7     		b	.L64
 1140              	.LVL98:
 1141              	.L74:
 230:Middlewares/ST/STM32_USB_Host_Library/Class/MSC/Src/usbh_msc.c ****   }
 1142              		.loc 1 230 12 view .LVU412
 1143 013a 0327     		movs	r7, #3
 1144              	.LVL99:
 230:Middlewares/ST/STM32_USB_Host_Library/Class/MSC/Src/usbh_msc.c ****   }
 1145              		.loc 1 230 12 view .LVU413
 1146 013c F2E7     		b	.L64
 1147              	.LVL100:
 1148              	.L75:
 230:Middlewares/ST/STM32_USB_Host_Library/Class/MSC/Src/usbh_msc.c ****   }
 1149              		.loc 1 230 12 view .LVU414
 1150 013e 0327     		movs	r7, #3
 1151              	.LVL101:
 230:Middlewares/ST/STM32_USB_Host_Library/Class/MSC/Src/usbh_msc.c ****   }
 1152              		.loc 1 230 12 view .LVU415
 1153 0140 F0E7     		b	.L64
 1154              		.cfi_endproc
 1155              	.LFE133:
ARM GAS  /tmp/ccYgCVot.s 			page 38


 1157              		.section	.text.USBH_MSC_RdWrProcess,"ax",%progbits
 1158              		.align	1
 1159              		.syntax unified
 1160              		.thumb
 1161              		.thumb_func
 1163              	USBH_MSC_RdWrProcess:
 1164              	.LVL102:
 1165              	.LFB138:
 553:Middlewares/ST/STM32_USB_Host_Library/Class/MSC/Src/usbh_msc.c **** /**
 554:Middlewares/ST/STM32_USB_Host_Library/Class/MSC/Src/usbh_msc.c ****   * @brief  USBH_MSC_RdWrProcess
 555:Middlewares/ST/STM32_USB_Host_Library/Class/MSC/Src/usbh_msc.c ****   *         The function is for managing state machine for MSC I/O Process
 556:Middlewares/ST/STM32_USB_Host_Library/Class/MSC/Src/usbh_msc.c ****   * @param  phost: Host handle
 557:Middlewares/ST/STM32_USB_Host_Library/Class/MSC/Src/usbh_msc.c ****   * @param  lun: logical Unit Number
 558:Middlewares/ST/STM32_USB_Host_Library/Class/MSC/Src/usbh_msc.c ****   * @retval USBH Status
 559:Middlewares/ST/STM32_USB_Host_Library/Class/MSC/Src/usbh_msc.c ****   */
 560:Middlewares/ST/STM32_USB_Host_Library/Class/MSC/Src/usbh_msc.c **** static USBH_StatusTypeDef USBH_MSC_RdWrProcess(USBH_HandleTypeDef *phost, uint8_t lun)
 561:Middlewares/ST/STM32_USB_Host_Library/Class/MSC/Src/usbh_msc.c **** {
 1166              		.loc 1 561 1 is_stmt 1 view -0
 1167              		.cfi_startproc
 1168              		@ args = 0, pretend = 0, frame = 0
 1169              		@ frame_needed = 0, uses_anonymous_args = 0
 1170              		.loc 1 561 1 is_stmt 0 view .LVU417
 1171 0000 30B5     		push	{r4, r5, lr}
 1172              	.LCFI7:
 1173              		.cfi_def_cfa_offset 12
 1174              		.cfi_offset 4, -12
 1175              		.cfi_offset 5, -8
 1176              		.cfi_offset 14, -4
 1177 0002 83B0     		sub	sp, sp, #12
 1178              	.LCFI8:
 1179              		.cfi_def_cfa_offset 24
 1180 0004 0C46     		mov	r4, r1
 562:Middlewares/ST/STM32_USB_Host_Library/Class/MSC/Src/usbh_msc.c ****   MSC_HandleTypeDef *MSC_Handle = (MSC_HandleTypeDef *) phost->pActiveClass->pData;
 1181              		.loc 1 562 3 is_stmt 1 view .LVU418
 1182              		.loc 1 562 62 is_stmt 0 view .LVU419
 1183 0006 D0F87C33 		ldr	r3, [r0, #892]
 1184              		.loc 1 562 22 view .LVU420
 1185 000a DD69     		ldr	r5, [r3, #28]
 1186              	.LVL103:
 563:Middlewares/ST/STM32_USB_Host_Library/Class/MSC/Src/usbh_msc.c ****   USBH_StatusTypeDef error = USBH_BUSY ;
 1187              		.loc 1 563 3 is_stmt 1 view .LVU421
 564:Middlewares/ST/STM32_USB_Host_Library/Class/MSC/Src/usbh_msc.c ****   USBH_StatusTypeDef scsi_status = USBH_BUSY ;
 1188              		.loc 1 564 3 view .LVU422
 565:Middlewares/ST/STM32_USB_Host_Library/Class/MSC/Src/usbh_msc.c **** 
 566:Middlewares/ST/STM32_USB_Host_Library/Class/MSC/Src/usbh_msc.c ****   /* Switch MSC REQ state machine */
 567:Middlewares/ST/STM32_USB_Host_Library/Class/MSC/Src/usbh_msc.c ****   switch (MSC_Handle->unit[lun].state)
 1189              		.loc 1 567 3 view .LVU423
 1190              		.loc 1 567 32 is_stmt 0 view .LVU424
 1191 000c 3423     		movs	r3, #52
 1192 000e 03FB0153 		mla	r3, r3, r1, r5
 1193 0012 93F89030 		ldrb	r3, [r3, #144]	@ zero_extendqisi2
 1194              		.loc 1 567 3 view .LVU425
 1195 0016 062B     		cmp	r3, #6
 1196 0018 06D0     		beq	.L80
 1197 001a 072B     		cmp	r3, #7
 1198 001c 27D0     		beq	.L81
 1199 001e 052B     		cmp	r3, #5
ARM GAS  /tmp/ccYgCVot.s 			page 39


 1200 0020 48D0     		beq	.L82
 1201 0022 0120     		movs	r0, #1
 1202              	.LVL104:
 1203              	.L83:
 568:Middlewares/ST/STM32_USB_Host_Library/Class/MSC/Src/usbh_msc.c ****   {
 569:Middlewares/ST/STM32_USB_Host_Library/Class/MSC/Src/usbh_msc.c **** 
 570:Middlewares/ST/STM32_USB_Host_Library/Class/MSC/Src/usbh_msc.c ****     case MSC_READ:
 571:Middlewares/ST/STM32_USB_Host_Library/Class/MSC/Src/usbh_msc.c ****       scsi_status = USBH_MSC_SCSI_Read(phost, lun, 0U, NULL, 0U);
 572:Middlewares/ST/STM32_USB_Host_Library/Class/MSC/Src/usbh_msc.c **** 
 573:Middlewares/ST/STM32_USB_Host_Library/Class/MSC/Src/usbh_msc.c ****       if (scsi_status == USBH_OK)
 574:Middlewares/ST/STM32_USB_Host_Library/Class/MSC/Src/usbh_msc.c ****       {
 575:Middlewares/ST/STM32_USB_Host_Library/Class/MSC/Src/usbh_msc.c ****         MSC_Handle->unit[lun].state = MSC_IDLE;
 576:Middlewares/ST/STM32_USB_Host_Library/Class/MSC/Src/usbh_msc.c ****         error = USBH_OK;
 577:Middlewares/ST/STM32_USB_Host_Library/Class/MSC/Src/usbh_msc.c ****       }
 578:Middlewares/ST/STM32_USB_Host_Library/Class/MSC/Src/usbh_msc.c ****       else if (scsi_status == USBH_FAIL)
 579:Middlewares/ST/STM32_USB_Host_Library/Class/MSC/Src/usbh_msc.c ****       {
 580:Middlewares/ST/STM32_USB_Host_Library/Class/MSC/Src/usbh_msc.c ****         MSC_Handle->unit[lun].state = MSC_REQUEST_SENSE;
 581:Middlewares/ST/STM32_USB_Host_Library/Class/MSC/Src/usbh_msc.c ****       }
 582:Middlewares/ST/STM32_USB_Host_Library/Class/MSC/Src/usbh_msc.c ****       else
 583:Middlewares/ST/STM32_USB_Host_Library/Class/MSC/Src/usbh_msc.c ****       {
 584:Middlewares/ST/STM32_USB_Host_Library/Class/MSC/Src/usbh_msc.c ****         if (scsi_status == USBH_UNRECOVERED_ERROR)
 585:Middlewares/ST/STM32_USB_Host_Library/Class/MSC/Src/usbh_msc.c ****         {
 586:Middlewares/ST/STM32_USB_Host_Library/Class/MSC/Src/usbh_msc.c ****           MSC_Handle->unit[lun].state = MSC_UNRECOVERED_ERROR;
 587:Middlewares/ST/STM32_USB_Host_Library/Class/MSC/Src/usbh_msc.c ****           error = USBH_FAIL;
 588:Middlewares/ST/STM32_USB_Host_Library/Class/MSC/Src/usbh_msc.c ****         }
 589:Middlewares/ST/STM32_USB_Host_Library/Class/MSC/Src/usbh_msc.c ****       }
 590:Middlewares/ST/STM32_USB_Host_Library/Class/MSC/Src/usbh_msc.c **** 
 591:Middlewares/ST/STM32_USB_Host_Library/Class/MSC/Src/usbh_msc.c **** #if (USBH_USE_OS == 1U)
 592:Middlewares/ST/STM32_USB_Host_Library/Class/MSC/Src/usbh_msc.c ****       phost->os_msg = (uint32_t)USBH_CLASS_EVENT;
 593:Middlewares/ST/STM32_USB_Host_Library/Class/MSC/Src/usbh_msc.c **** #if (osCMSIS < 0x20000U)
 594:Middlewares/ST/STM32_USB_Host_Library/Class/MSC/Src/usbh_msc.c ****       (void)osMessagePut(phost->os_event, phost->os_msg, 0U);
 595:Middlewares/ST/STM32_USB_Host_Library/Class/MSC/Src/usbh_msc.c **** #else
 596:Middlewares/ST/STM32_USB_Host_Library/Class/MSC/Src/usbh_msc.c ****       (void)osMessageQueuePut(phost->os_event, &phost->os_msg, 0U, 0U);
 597:Middlewares/ST/STM32_USB_Host_Library/Class/MSC/Src/usbh_msc.c **** #endif
 598:Middlewares/ST/STM32_USB_Host_Library/Class/MSC/Src/usbh_msc.c **** #endif
 599:Middlewares/ST/STM32_USB_Host_Library/Class/MSC/Src/usbh_msc.c ****       break;
 600:Middlewares/ST/STM32_USB_Host_Library/Class/MSC/Src/usbh_msc.c **** 
 601:Middlewares/ST/STM32_USB_Host_Library/Class/MSC/Src/usbh_msc.c ****     case MSC_WRITE:
 602:Middlewares/ST/STM32_USB_Host_Library/Class/MSC/Src/usbh_msc.c ****       scsi_status = USBH_MSC_SCSI_Write(phost, lun, 0U, NULL, 0U);
 603:Middlewares/ST/STM32_USB_Host_Library/Class/MSC/Src/usbh_msc.c **** 
 604:Middlewares/ST/STM32_USB_Host_Library/Class/MSC/Src/usbh_msc.c ****       if (scsi_status == USBH_OK)
 605:Middlewares/ST/STM32_USB_Host_Library/Class/MSC/Src/usbh_msc.c ****       {
 606:Middlewares/ST/STM32_USB_Host_Library/Class/MSC/Src/usbh_msc.c ****         MSC_Handle->unit[lun].state = MSC_IDLE;
 607:Middlewares/ST/STM32_USB_Host_Library/Class/MSC/Src/usbh_msc.c ****         error = USBH_OK;
 608:Middlewares/ST/STM32_USB_Host_Library/Class/MSC/Src/usbh_msc.c ****       }
 609:Middlewares/ST/STM32_USB_Host_Library/Class/MSC/Src/usbh_msc.c ****       else if (scsi_status == USBH_FAIL)
 610:Middlewares/ST/STM32_USB_Host_Library/Class/MSC/Src/usbh_msc.c ****       {
 611:Middlewares/ST/STM32_USB_Host_Library/Class/MSC/Src/usbh_msc.c ****         MSC_Handle->unit[lun].state = MSC_REQUEST_SENSE;
 612:Middlewares/ST/STM32_USB_Host_Library/Class/MSC/Src/usbh_msc.c ****       }
 613:Middlewares/ST/STM32_USB_Host_Library/Class/MSC/Src/usbh_msc.c ****       else
 614:Middlewares/ST/STM32_USB_Host_Library/Class/MSC/Src/usbh_msc.c ****       {
 615:Middlewares/ST/STM32_USB_Host_Library/Class/MSC/Src/usbh_msc.c ****         if (scsi_status == USBH_UNRECOVERED_ERROR)
 616:Middlewares/ST/STM32_USB_Host_Library/Class/MSC/Src/usbh_msc.c ****         {
 617:Middlewares/ST/STM32_USB_Host_Library/Class/MSC/Src/usbh_msc.c ****           MSC_Handle->unit[lun].state = MSC_UNRECOVERED_ERROR;
 618:Middlewares/ST/STM32_USB_Host_Library/Class/MSC/Src/usbh_msc.c ****           error = USBH_FAIL;
 619:Middlewares/ST/STM32_USB_Host_Library/Class/MSC/Src/usbh_msc.c ****         }
 620:Middlewares/ST/STM32_USB_Host_Library/Class/MSC/Src/usbh_msc.c ****       }
ARM GAS  /tmp/ccYgCVot.s 			page 40


 621:Middlewares/ST/STM32_USB_Host_Library/Class/MSC/Src/usbh_msc.c **** 
 622:Middlewares/ST/STM32_USB_Host_Library/Class/MSC/Src/usbh_msc.c **** #if (USBH_USE_OS == 1U)
 623:Middlewares/ST/STM32_USB_Host_Library/Class/MSC/Src/usbh_msc.c ****       phost->os_msg = (uint32_t)USBH_CLASS_EVENT;
 624:Middlewares/ST/STM32_USB_Host_Library/Class/MSC/Src/usbh_msc.c **** #if (osCMSIS < 0x20000U)
 625:Middlewares/ST/STM32_USB_Host_Library/Class/MSC/Src/usbh_msc.c ****       (void)osMessagePut(phost->os_event, phost->os_msg, 0U);
 626:Middlewares/ST/STM32_USB_Host_Library/Class/MSC/Src/usbh_msc.c **** #else
 627:Middlewares/ST/STM32_USB_Host_Library/Class/MSC/Src/usbh_msc.c ****       (void)osMessageQueuePut(phost->os_event, &phost->os_msg, 0U, 0U);
 628:Middlewares/ST/STM32_USB_Host_Library/Class/MSC/Src/usbh_msc.c **** #endif
 629:Middlewares/ST/STM32_USB_Host_Library/Class/MSC/Src/usbh_msc.c **** #endif
 630:Middlewares/ST/STM32_USB_Host_Library/Class/MSC/Src/usbh_msc.c ****       break;
 631:Middlewares/ST/STM32_USB_Host_Library/Class/MSC/Src/usbh_msc.c **** 
 632:Middlewares/ST/STM32_USB_Host_Library/Class/MSC/Src/usbh_msc.c ****     case MSC_REQUEST_SENSE:
 633:Middlewares/ST/STM32_USB_Host_Library/Class/MSC/Src/usbh_msc.c ****       scsi_status = USBH_MSC_SCSI_RequestSense(phost, lun, &MSC_Handle->unit[lun].sense);
 634:Middlewares/ST/STM32_USB_Host_Library/Class/MSC/Src/usbh_msc.c **** 
 635:Middlewares/ST/STM32_USB_Host_Library/Class/MSC/Src/usbh_msc.c ****       if (scsi_status == USBH_OK)
 636:Middlewares/ST/STM32_USB_Host_Library/Class/MSC/Src/usbh_msc.c ****       {
 637:Middlewares/ST/STM32_USB_Host_Library/Class/MSC/Src/usbh_msc.c ****         USBH_UsrLog("Sense Key  : %x", MSC_Handle->unit[lun].sense.key);
 638:Middlewares/ST/STM32_USB_Host_Library/Class/MSC/Src/usbh_msc.c ****         USBH_UsrLog("Additional Sense Code : %x", MSC_Handle->unit[lun].sense.asc);
 639:Middlewares/ST/STM32_USB_Host_Library/Class/MSC/Src/usbh_msc.c ****         USBH_UsrLog("Additional Sense Code Qualifier: %x", MSC_Handle->unit[lun].sense.ascq);
 640:Middlewares/ST/STM32_USB_Host_Library/Class/MSC/Src/usbh_msc.c ****         MSC_Handle->unit[lun].state = MSC_IDLE;
 641:Middlewares/ST/STM32_USB_Host_Library/Class/MSC/Src/usbh_msc.c ****         MSC_Handle->unit[lun].error = MSC_ERROR;
 642:Middlewares/ST/STM32_USB_Host_Library/Class/MSC/Src/usbh_msc.c **** 
 643:Middlewares/ST/STM32_USB_Host_Library/Class/MSC/Src/usbh_msc.c ****         error = USBH_FAIL;
 644:Middlewares/ST/STM32_USB_Host_Library/Class/MSC/Src/usbh_msc.c ****       }
 645:Middlewares/ST/STM32_USB_Host_Library/Class/MSC/Src/usbh_msc.c ****       if (scsi_status == USBH_FAIL)
 646:Middlewares/ST/STM32_USB_Host_Library/Class/MSC/Src/usbh_msc.c ****       {
 647:Middlewares/ST/STM32_USB_Host_Library/Class/MSC/Src/usbh_msc.c ****         USBH_UsrLog("MSC Device NOT ready");
 648:Middlewares/ST/STM32_USB_Host_Library/Class/MSC/Src/usbh_msc.c ****       }
 649:Middlewares/ST/STM32_USB_Host_Library/Class/MSC/Src/usbh_msc.c ****       else
 650:Middlewares/ST/STM32_USB_Host_Library/Class/MSC/Src/usbh_msc.c ****       {
 651:Middlewares/ST/STM32_USB_Host_Library/Class/MSC/Src/usbh_msc.c ****         if (scsi_status == USBH_UNRECOVERED_ERROR)
 652:Middlewares/ST/STM32_USB_Host_Library/Class/MSC/Src/usbh_msc.c ****         {
 653:Middlewares/ST/STM32_USB_Host_Library/Class/MSC/Src/usbh_msc.c ****           MSC_Handle->unit[lun].state = MSC_UNRECOVERED_ERROR;
 654:Middlewares/ST/STM32_USB_Host_Library/Class/MSC/Src/usbh_msc.c ****           error = USBH_FAIL;
 655:Middlewares/ST/STM32_USB_Host_Library/Class/MSC/Src/usbh_msc.c ****         }
 656:Middlewares/ST/STM32_USB_Host_Library/Class/MSC/Src/usbh_msc.c ****       }
 657:Middlewares/ST/STM32_USB_Host_Library/Class/MSC/Src/usbh_msc.c **** 
 658:Middlewares/ST/STM32_USB_Host_Library/Class/MSC/Src/usbh_msc.c **** #if (USBH_USE_OS == 1U)
 659:Middlewares/ST/STM32_USB_Host_Library/Class/MSC/Src/usbh_msc.c ****       phost->os_msg = (uint32_t)USBH_CLASS_EVENT;
 660:Middlewares/ST/STM32_USB_Host_Library/Class/MSC/Src/usbh_msc.c **** #if (osCMSIS < 0x20000U)
 661:Middlewares/ST/STM32_USB_Host_Library/Class/MSC/Src/usbh_msc.c ****       (void)osMessagePut(phost->os_event, phost->os_msg, 0U);
 662:Middlewares/ST/STM32_USB_Host_Library/Class/MSC/Src/usbh_msc.c **** #else
 663:Middlewares/ST/STM32_USB_Host_Library/Class/MSC/Src/usbh_msc.c ****       (void)osMessageQueuePut(phost->os_event, &phost->os_msg, 0U, 0U);
 664:Middlewares/ST/STM32_USB_Host_Library/Class/MSC/Src/usbh_msc.c **** #endif
 665:Middlewares/ST/STM32_USB_Host_Library/Class/MSC/Src/usbh_msc.c **** #endif
 666:Middlewares/ST/STM32_USB_Host_Library/Class/MSC/Src/usbh_msc.c ****       break;
 667:Middlewares/ST/STM32_USB_Host_Library/Class/MSC/Src/usbh_msc.c **** 
 668:Middlewares/ST/STM32_USB_Host_Library/Class/MSC/Src/usbh_msc.c ****     default:
 669:Middlewares/ST/STM32_USB_Host_Library/Class/MSC/Src/usbh_msc.c ****       break;
 670:Middlewares/ST/STM32_USB_Host_Library/Class/MSC/Src/usbh_msc.c **** 
 671:Middlewares/ST/STM32_USB_Host_Library/Class/MSC/Src/usbh_msc.c ****   }
 672:Middlewares/ST/STM32_USB_Host_Library/Class/MSC/Src/usbh_msc.c ****   return error;
 1204              		.loc 1 672 3 is_stmt 1 view .LVU426
 673:Middlewares/ST/STM32_USB_Host_Library/Class/MSC/Src/usbh_msc.c **** }
 1205              		.loc 1 673 1 is_stmt 0 view .LVU427
 1206 0024 03B0     		add	sp, sp, #12
 1207              	.LCFI9:
ARM GAS  /tmp/ccYgCVot.s 			page 41


 1208              		.cfi_remember_state
 1209              		.cfi_def_cfa_offset 12
 1210              		@ sp needed
 1211 0026 30BD     		pop	{r4, r5, pc}
 1212              	.LVL105:
 1213              	.L80:
 1214              	.LCFI10:
 1215              		.cfi_restore_state
 571:Middlewares/ST/STM32_USB_Host_Library/Class/MSC/Src/usbh_msc.c **** 
 1216              		.loc 1 571 7 is_stmt 1 view .LVU428
 571:Middlewares/ST/STM32_USB_Host_Library/Class/MSC/Src/usbh_msc.c **** 
 1217              		.loc 1 571 21 is_stmt 0 view .LVU429
 1218 0028 0022     		movs	r2, #0
 1219 002a 0092     		str	r2, [sp]
 1220 002c 1346     		mov	r3, r2
 1221 002e FFF7FEFF 		bl	USBH_MSC_SCSI_Read
 1222              	.LVL106:
 573:Middlewares/ST/STM32_USB_Host_Library/Class/MSC/Src/usbh_msc.c ****       {
 1223              		.loc 1 573 7 is_stmt 1 view .LVU430
 573:Middlewares/ST/STM32_USB_Host_Library/Class/MSC/Src/usbh_msc.c ****       {
 1224              		.loc 1 573 10 is_stmt 0 view .LVU431
 1225 0032 30B9     		cbnz	r0, .L84
 575:Middlewares/ST/STM32_USB_Host_Library/Class/MSC/Src/usbh_msc.c ****         error = USBH_OK;
 1226              		.loc 1 575 9 is_stmt 1 view .LVU432
 575:Middlewares/ST/STM32_USB_Host_Library/Class/MSC/Src/usbh_msc.c ****         error = USBH_OK;
 1227              		.loc 1 575 37 is_stmt 0 view .LVU433
 1228 0034 3423     		movs	r3, #52
 1229 0036 03FB0453 		mla	r3, r3, r4, r5
 1230 003a 0122     		movs	r2, #1
 1231 003c 83F89020 		strb	r2, [r3, #144]
 576:Middlewares/ST/STM32_USB_Host_Library/Class/MSC/Src/usbh_msc.c ****       }
 1232              		.loc 1 576 9 is_stmt 1 view .LVU434
 1233              	.LVL107:
 576:Middlewares/ST/STM32_USB_Host_Library/Class/MSC/Src/usbh_msc.c ****       }
 1234              		.loc 1 576 9 is_stmt 0 view .LVU435
 1235 0040 F0E7     		b	.L83
 1236              	.LVL108:
 1237              	.L84:
 578:Middlewares/ST/STM32_USB_Host_Library/Class/MSC/Src/usbh_msc.c ****       {
 1238              		.loc 1 578 12 is_stmt 1 view .LVU436
 578:Middlewares/ST/STM32_USB_Host_Library/Class/MSC/Src/usbh_msc.c ****       {
 1239              		.loc 1 578 15 is_stmt 0 view .LVU437
 1240 0042 0228     		cmp	r0, #2
 1241 0044 03D0     		beq	.L93
 584:Middlewares/ST/STM32_USB_Host_Library/Class/MSC/Src/usbh_msc.c ****         {
 1242              		.loc 1 584 9 is_stmt 1 view .LVU438
 584:Middlewares/ST/STM32_USB_Host_Library/Class/MSC/Src/usbh_msc.c ****         {
 1243              		.loc 1 584 12 is_stmt 0 view .LVU439
 1244 0046 0428     		cmp	r0, #4
 1245 0048 09D0     		beq	.L94
 563:Middlewares/ST/STM32_USB_Host_Library/Class/MSC/Src/usbh_msc.c ****   USBH_StatusTypeDef scsi_status = USBH_BUSY ;
 1246              		.loc 1 563 22 view .LVU440
 1247 004a 0120     		movs	r0, #1
 1248              	.LVL109:
 563:Middlewares/ST/STM32_USB_Host_Library/Class/MSC/Src/usbh_msc.c ****   USBH_StatusTypeDef scsi_status = USBH_BUSY ;
 1249              		.loc 1 563 22 view .LVU441
 1250 004c EAE7     		b	.L83
ARM GAS  /tmp/ccYgCVot.s 			page 42


 1251              	.LVL110:
 1252              	.L93:
 580:Middlewares/ST/STM32_USB_Host_Library/Class/MSC/Src/usbh_msc.c ****       }
 1253              		.loc 1 580 9 is_stmt 1 view .LVU442
 580:Middlewares/ST/STM32_USB_Host_Library/Class/MSC/Src/usbh_msc.c ****       }
 1254              		.loc 1 580 37 is_stmt 0 view .LVU443
 1255 004e 3423     		movs	r3, #52
 1256 0050 03FB0453 		mla	r3, r3, r4, r5
 1257 0054 0522     		movs	r2, #5
 1258 0056 83F89020 		strb	r2, [r3, #144]
 563:Middlewares/ST/STM32_USB_Host_Library/Class/MSC/Src/usbh_msc.c ****   USBH_StatusTypeDef scsi_status = USBH_BUSY ;
 1259              		.loc 1 563 22 view .LVU444
 1260 005a 0120     		movs	r0, #1
 1261              	.LVL111:
 563:Middlewares/ST/STM32_USB_Host_Library/Class/MSC/Src/usbh_msc.c ****   USBH_StatusTypeDef scsi_status = USBH_BUSY ;
 1262              		.loc 1 563 22 view .LVU445
 1263 005c E2E7     		b	.L83
 1264              	.LVL112:
 1265              	.L94:
 586:Middlewares/ST/STM32_USB_Host_Library/Class/MSC/Src/usbh_msc.c ****           error = USBH_FAIL;
 1266              		.loc 1 586 11 is_stmt 1 view .LVU446
 586:Middlewares/ST/STM32_USB_Host_Library/Class/MSC/Src/usbh_msc.c ****           error = USBH_FAIL;
 1267              		.loc 1 586 39 is_stmt 0 view .LVU447
 1268 005e 3423     		movs	r3, #52
 1269 0060 03FB0453 		mla	r3, r3, r4, r5
 1270 0064 0822     		movs	r2, #8
 1271 0066 83F89020 		strb	r2, [r3, #144]
 587:Middlewares/ST/STM32_USB_Host_Library/Class/MSC/Src/usbh_msc.c ****         }
 1272              		.loc 1 587 11 is_stmt 1 view .LVU448
 1273              	.LVL113:
 587:Middlewares/ST/STM32_USB_Host_Library/Class/MSC/Src/usbh_msc.c ****         }
 1274              		.loc 1 587 17 is_stmt 0 view .LVU449
 1275 006a 0220     		movs	r0, #2
 1276              	.LVL114:
 587:Middlewares/ST/STM32_USB_Host_Library/Class/MSC/Src/usbh_msc.c ****         }
 1277              		.loc 1 587 17 view .LVU450
 1278 006c DAE7     		b	.L83
 1279              	.LVL115:
 1280              	.L81:
 602:Middlewares/ST/STM32_USB_Host_Library/Class/MSC/Src/usbh_msc.c **** 
 1281              		.loc 1 602 7 is_stmt 1 view .LVU451
 602:Middlewares/ST/STM32_USB_Host_Library/Class/MSC/Src/usbh_msc.c **** 
 1282              		.loc 1 602 21 is_stmt 0 view .LVU452
 1283 006e 0022     		movs	r2, #0
 1284 0070 0092     		str	r2, [sp]
 1285 0072 1346     		mov	r3, r2
 1286 0074 FFF7FEFF 		bl	USBH_MSC_SCSI_Write
 1287              	.LVL116:
 604:Middlewares/ST/STM32_USB_Host_Library/Class/MSC/Src/usbh_msc.c ****       {
 1288              		.loc 1 604 7 is_stmt 1 view .LVU453
 604:Middlewares/ST/STM32_USB_Host_Library/Class/MSC/Src/usbh_msc.c ****       {
 1289              		.loc 1 604 10 is_stmt 0 view .LVU454
 1290 0078 30B9     		cbnz	r0, .L86
 606:Middlewares/ST/STM32_USB_Host_Library/Class/MSC/Src/usbh_msc.c ****         error = USBH_OK;
 1291              		.loc 1 606 9 is_stmt 1 view .LVU455
 606:Middlewares/ST/STM32_USB_Host_Library/Class/MSC/Src/usbh_msc.c ****         error = USBH_OK;
 1292              		.loc 1 606 37 is_stmt 0 view .LVU456
ARM GAS  /tmp/ccYgCVot.s 			page 43


 1293 007a 3423     		movs	r3, #52
 1294 007c 03FB0453 		mla	r3, r3, r4, r5
 1295 0080 0122     		movs	r2, #1
 1296 0082 83F89020 		strb	r2, [r3, #144]
 607:Middlewares/ST/STM32_USB_Host_Library/Class/MSC/Src/usbh_msc.c ****       }
 1297              		.loc 1 607 9 is_stmt 1 view .LVU457
 1298              	.LVL117:
 607:Middlewares/ST/STM32_USB_Host_Library/Class/MSC/Src/usbh_msc.c ****       }
 1299              		.loc 1 607 9 is_stmt 0 view .LVU458
 1300 0086 CDE7     		b	.L83
 1301              	.LVL118:
 1302              	.L86:
 609:Middlewares/ST/STM32_USB_Host_Library/Class/MSC/Src/usbh_msc.c ****       {
 1303              		.loc 1 609 12 is_stmt 1 view .LVU459
 609:Middlewares/ST/STM32_USB_Host_Library/Class/MSC/Src/usbh_msc.c ****       {
 1304              		.loc 1 609 15 is_stmt 0 view .LVU460
 1305 0088 0228     		cmp	r0, #2
 1306 008a 03D0     		beq	.L95
 615:Middlewares/ST/STM32_USB_Host_Library/Class/MSC/Src/usbh_msc.c ****         {
 1307              		.loc 1 615 9 is_stmt 1 view .LVU461
 615:Middlewares/ST/STM32_USB_Host_Library/Class/MSC/Src/usbh_msc.c ****         {
 1308              		.loc 1 615 12 is_stmt 0 view .LVU462
 1309 008c 0428     		cmp	r0, #4
 1310 008e 09D0     		beq	.L96
 563:Middlewares/ST/STM32_USB_Host_Library/Class/MSC/Src/usbh_msc.c ****   USBH_StatusTypeDef scsi_status = USBH_BUSY ;
 1311              		.loc 1 563 22 view .LVU463
 1312 0090 0120     		movs	r0, #1
 1313              	.LVL119:
 563:Middlewares/ST/STM32_USB_Host_Library/Class/MSC/Src/usbh_msc.c ****   USBH_StatusTypeDef scsi_status = USBH_BUSY ;
 1314              		.loc 1 563 22 view .LVU464
 1315 0092 C7E7     		b	.L83
 1316              	.LVL120:
 1317              	.L95:
 611:Middlewares/ST/STM32_USB_Host_Library/Class/MSC/Src/usbh_msc.c ****       }
 1318              		.loc 1 611 9 is_stmt 1 view .LVU465
 611:Middlewares/ST/STM32_USB_Host_Library/Class/MSC/Src/usbh_msc.c ****       }
 1319              		.loc 1 611 37 is_stmt 0 view .LVU466
 1320 0094 3423     		movs	r3, #52
 1321 0096 03FB0453 		mla	r3, r3, r4, r5
 1322 009a 0522     		movs	r2, #5
 1323 009c 83F89020 		strb	r2, [r3, #144]
 563:Middlewares/ST/STM32_USB_Host_Library/Class/MSC/Src/usbh_msc.c ****   USBH_StatusTypeDef scsi_status = USBH_BUSY ;
 1324              		.loc 1 563 22 view .LVU467
 1325 00a0 0120     		movs	r0, #1
 1326              	.LVL121:
 563:Middlewares/ST/STM32_USB_Host_Library/Class/MSC/Src/usbh_msc.c ****   USBH_StatusTypeDef scsi_status = USBH_BUSY ;
 1327              		.loc 1 563 22 view .LVU468
 1328 00a2 BFE7     		b	.L83
 1329              	.LVL122:
 1330              	.L96:
 617:Middlewares/ST/STM32_USB_Host_Library/Class/MSC/Src/usbh_msc.c ****           error = USBH_FAIL;
 1331              		.loc 1 617 11 is_stmt 1 view .LVU469
 617:Middlewares/ST/STM32_USB_Host_Library/Class/MSC/Src/usbh_msc.c ****           error = USBH_FAIL;
 1332              		.loc 1 617 39 is_stmt 0 view .LVU470
 1333 00a4 3423     		movs	r3, #52
 1334 00a6 03FB0453 		mla	r3, r3, r4, r5
 1335 00aa 0822     		movs	r2, #8
ARM GAS  /tmp/ccYgCVot.s 			page 44


 1336 00ac 83F89020 		strb	r2, [r3, #144]
 618:Middlewares/ST/STM32_USB_Host_Library/Class/MSC/Src/usbh_msc.c ****         }
 1337              		.loc 1 618 11 is_stmt 1 view .LVU471
 1338              	.LVL123:
 618:Middlewares/ST/STM32_USB_Host_Library/Class/MSC/Src/usbh_msc.c ****         }
 1339              		.loc 1 618 17 is_stmt 0 view .LVU472
 1340 00b0 0220     		movs	r0, #2
 1341              	.LVL124:
 618:Middlewares/ST/STM32_USB_Host_Library/Class/MSC/Src/usbh_msc.c ****         }
 1342              		.loc 1 618 17 view .LVU473
 1343 00b2 B7E7     		b	.L83
 1344              	.LVL125:
 1345              	.L82:
 633:Middlewares/ST/STM32_USB_Host_Library/Class/MSC/Src/usbh_msc.c **** 
 1346              		.loc 1 633 7 is_stmt 1 view .LVU474
 633:Middlewares/ST/STM32_USB_Host_Library/Class/MSC/Src/usbh_msc.c **** 
 1347              		.loc 1 633 21 is_stmt 0 view .LVU475
 1348 00b4 3422     		movs	r2, #52
 1349 00b6 01FB02F2 		mul	r2, r1, r2
 1350 00ba 9832     		adds	r2, r2, #152
 1351 00bc 2A44     		add	r2, r2, r5
 1352 00be 0432     		adds	r2, r2, #4
 1353 00c0 FFF7FEFF 		bl	USBH_MSC_SCSI_RequestSense
 1354              	.LVL126:
 635:Middlewares/ST/STM32_USB_Host_Library/Class/MSC/Src/usbh_msc.c ****       {
 1355              		.loc 1 635 7 is_stmt 1 view .LVU476
 635:Middlewares/ST/STM32_USB_Host_Library/Class/MSC/Src/usbh_msc.c ****       {
 1356              		.loc 1 635 10 is_stmt 0 view .LVU477
 1357 00c4 0346     		mov	r3, r0
 1358 00c6 A0B9     		cbnz	r0, .L91
 637:Middlewares/ST/STM32_USB_Host_Library/Class/MSC/Src/usbh_msc.c ****         USBH_UsrLog("Additional Sense Code : %x", MSC_Handle->unit[lun].sense.asc);
 1359              		.loc 1 637 9 is_stmt 1 view .LVU478
 637:Middlewares/ST/STM32_USB_Host_Library/Class/MSC/Src/usbh_msc.c ****         USBH_UsrLog("Additional Sense Code : %x", MSC_Handle->unit[lun].sense.asc);
 1360              		.loc 1 637 9 view .LVU479
 637:Middlewares/ST/STM32_USB_Host_Library/Class/MSC/Src/usbh_msc.c ****         USBH_UsrLog("Additional Sense Code : %x", MSC_Handle->unit[lun].sense.asc);
 1361              		.loc 1 637 9 view .LVU480
 638:Middlewares/ST/STM32_USB_Host_Library/Class/MSC/Src/usbh_msc.c ****         USBH_UsrLog("Additional Sense Code Qualifier: %x", MSC_Handle->unit[lun].sense.ascq);
 1362              		.loc 1 638 9 view .LVU481
 638:Middlewares/ST/STM32_USB_Host_Library/Class/MSC/Src/usbh_msc.c ****         USBH_UsrLog("Additional Sense Code Qualifier: %x", MSC_Handle->unit[lun].sense.ascq);
 1363              		.loc 1 638 9 view .LVU482
 638:Middlewares/ST/STM32_USB_Host_Library/Class/MSC/Src/usbh_msc.c ****         USBH_UsrLog("Additional Sense Code Qualifier: %x", MSC_Handle->unit[lun].sense.ascq);
 1364              		.loc 1 638 9 view .LVU483
 639:Middlewares/ST/STM32_USB_Host_Library/Class/MSC/Src/usbh_msc.c ****         MSC_Handle->unit[lun].state = MSC_IDLE;
 1365              		.loc 1 639 9 view .LVU484
 639:Middlewares/ST/STM32_USB_Host_Library/Class/MSC/Src/usbh_msc.c ****         MSC_Handle->unit[lun].state = MSC_IDLE;
 1366              		.loc 1 639 9 view .LVU485
 639:Middlewares/ST/STM32_USB_Host_Library/Class/MSC/Src/usbh_msc.c ****         MSC_Handle->unit[lun].state = MSC_IDLE;
 1367              		.loc 1 639 9 view .LVU486
 640:Middlewares/ST/STM32_USB_Host_Library/Class/MSC/Src/usbh_msc.c ****         MSC_Handle->unit[lun].error = MSC_ERROR;
 1368              		.loc 1 640 9 view .LVU487
 640:Middlewares/ST/STM32_USB_Host_Library/Class/MSC/Src/usbh_msc.c ****         MSC_Handle->unit[lun].error = MSC_ERROR;
 1369              		.loc 1 640 37 is_stmt 0 view .LVU488
 1370 00c8 3422     		movs	r2, #52
 1371 00ca 02FB0452 		mla	r2, r2, r4, r5
 1372 00ce 0121     		movs	r1, #1
 1373 00d0 82F89010 		strb	r1, [r2, #144]
 641:Middlewares/ST/STM32_USB_Host_Library/Class/MSC/Src/usbh_msc.c **** 
ARM GAS  /tmp/ccYgCVot.s 			page 45


 1374              		.loc 1 641 9 is_stmt 1 view .LVU489
 641:Middlewares/ST/STM32_USB_Host_Library/Class/MSC/Src/usbh_msc.c **** 
 1375              		.loc 1 641 37 is_stmt 0 view .LVU490
 1376 00d4 0220     		movs	r0, #2
 1377              	.LVL127:
 641:Middlewares/ST/STM32_USB_Host_Library/Class/MSC/Src/usbh_msc.c **** 
 1378              		.loc 1 641 37 view .LVU491
 1379 00d6 82F89100 		strb	r0, [r2, #145]
 643:Middlewares/ST/STM32_USB_Host_Library/Class/MSC/Src/usbh_msc.c ****       }
 1380              		.loc 1 643 9 is_stmt 1 view .LVU492
 1381              	.LVL128:
 1382              	.L88:
 645:Middlewares/ST/STM32_USB_Host_Library/Class/MSC/Src/usbh_msc.c ****       {
 1383              		.loc 1 645 7 view .LVU493
 645:Middlewares/ST/STM32_USB_Host_Library/Class/MSC/Src/usbh_msc.c ****       {
 1384              		.loc 1 645 10 is_stmt 0 view .LVU494
 1385 00da 022B     		cmp	r3, #2
 1386 00dc A2D0     		beq	.L83
 651:Middlewares/ST/STM32_USB_Host_Library/Class/MSC/Src/usbh_msc.c ****         {
 1387              		.loc 1 651 9 is_stmt 1 view .LVU495
 651:Middlewares/ST/STM32_USB_Host_Library/Class/MSC/Src/usbh_msc.c ****         {
 1388              		.loc 1 651 12 is_stmt 0 view .LVU496
 1389 00de 042B     		cmp	r3, #4
 1390 00e0 A0D1     		bne	.L83
 653:Middlewares/ST/STM32_USB_Host_Library/Class/MSC/Src/usbh_msc.c ****           error = USBH_FAIL;
 1391              		.loc 1 653 11 is_stmt 1 view .LVU497
 653:Middlewares/ST/STM32_USB_Host_Library/Class/MSC/Src/usbh_msc.c ****           error = USBH_FAIL;
 1392              		.loc 1 653 39 is_stmt 0 view .LVU498
 1393 00e2 3423     		movs	r3, #52
 1394              	.LVL129:
 653:Middlewares/ST/STM32_USB_Host_Library/Class/MSC/Src/usbh_msc.c ****           error = USBH_FAIL;
 1395              		.loc 1 653 39 view .LVU499
 1396 00e4 03FB0455 		mla	r5, r3, r4, r5
 1397              	.LVL130:
 653:Middlewares/ST/STM32_USB_Host_Library/Class/MSC/Src/usbh_msc.c ****           error = USBH_FAIL;
 1398              		.loc 1 653 39 view .LVU500
 1399 00e8 0823     		movs	r3, #8
 1400 00ea 85F89030 		strb	r3, [r5, #144]
 654:Middlewares/ST/STM32_USB_Host_Library/Class/MSC/Src/usbh_msc.c ****         }
 1401              		.loc 1 654 11 is_stmt 1 view .LVU501
 1402              	.LVL131:
 654:Middlewares/ST/STM32_USB_Host_Library/Class/MSC/Src/usbh_msc.c ****         }
 1403              		.loc 1 654 17 is_stmt 0 view .LVU502
 1404 00ee 0220     		movs	r0, #2
 1405 00f0 98E7     		b	.L83
 1406              	.LVL132:
 1407              	.L91:
 563:Middlewares/ST/STM32_USB_Host_Library/Class/MSC/Src/usbh_msc.c ****   USBH_StatusTypeDef scsi_status = USBH_BUSY ;
 1408              		.loc 1 563 22 view .LVU503
 1409 00f2 0120     		movs	r0, #1
 1410              	.LVL133:
 563:Middlewares/ST/STM32_USB_Host_Library/Class/MSC/Src/usbh_msc.c ****   USBH_StatusTypeDef scsi_status = USBH_BUSY ;
 1411              		.loc 1 563 22 view .LVU504
 1412 00f4 F1E7     		b	.L88
 1413              		.cfi_endproc
 1414              	.LFE138:
 1416              		.section	.text.USBH_MSC_IsReady,"ax",%progbits
ARM GAS  /tmp/ccYgCVot.s 			page 46


 1417              		.align	1
 1418              		.global	USBH_MSC_IsReady
 1419              		.syntax unified
 1420              		.thumb
 1421              		.thumb_func
 1423              	USBH_MSC_IsReady:
 1424              	.LVL134:
 1425              	.LFB139:
 674:Middlewares/ST/STM32_USB_Host_Library/Class/MSC/Src/usbh_msc.c **** 
 675:Middlewares/ST/STM32_USB_Host_Library/Class/MSC/Src/usbh_msc.c **** /**
 676:Middlewares/ST/STM32_USB_Host_Library/Class/MSC/Src/usbh_msc.c ****   * @brief  USBH_MSC_IsReady
 677:Middlewares/ST/STM32_USB_Host_Library/Class/MSC/Src/usbh_msc.c ****   *         The function check if the MSC function is ready
 678:Middlewares/ST/STM32_USB_Host_Library/Class/MSC/Src/usbh_msc.c ****   * @param  phost: Host handle
 679:Middlewares/ST/STM32_USB_Host_Library/Class/MSC/Src/usbh_msc.c ****   * @retval USBH Status
 680:Middlewares/ST/STM32_USB_Host_Library/Class/MSC/Src/usbh_msc.c ****   */
 681:Middlewares/ST/STM32_USB_Host_Library/Class/MSC/Src/usbh_msc.c **** uint8_t  USBH_MSC_IsReady(USBH_HandleTypeDef *phost)
 682:Middlewares/ST/STM32_USB_Host_Library/Class/MSC/Src/usbh_msc.c **** {
 1426              		.loc 1 682 1 is_stmt 1 view -0
 1427              		.cfi_startproc
 1428              		@ args = 0, pretend = 0, frame = 0
 1429              		@ frame_needed = 0, uses_anonymous_args = 0
 1430              		@ link register save eliminated.
 683:Middlewares/ST/STM32_USB_Host_Library/Class/MSC/Src/usbh_msc.c ****   MSC_HandleTypeDef *MSC_Handle = (MSC_HandleTypeDef *) phost->pActiveClass->pData;
 1431              		.loc 1 683 3 view .LVU506
 1432              		.loc 1 683 62 is_stmt 0 view .LVU507
 1433 0000 D0F87C33 		ldr	r3, [r0, #892]
 1434              		.loc 1 683 22 view .LVU508
 1435 0004 DA69     		ldr	r2, [r3, #28]
 1436              	.LVL135:
 684:Middlewares/ST/STM32_USB_Host_Library/Class/MSC/Src/usbh_msc.c ****   uint8_t res;
 1437              		.loc 1 684 3 is_stmt 1 view .LVU509
 685:Middlewares/ST/STM32_USB_Host_Library/Class/MSC/Src/usbh_msc.c **** 
 686:Middlewares/ST/STM32_USB_Host_Library/Class/MSC/Src/usbh_msc.c ****   if ((phost->gState == HOST_CLASS) && (MSC_Handle->state == MSC_IDLE))
 1438              		.loc 1 686 3 view .LVU510
 1439              		.loc 1 686 13 is_stmt 0 view .LVU511
 1440 0006 0378     		ldrb	r3, [r0]	@ zero_extendqisi2
 1441              		.loc 1 686 6 view .LVU512
 1442 0008 0B2B     		cmp	r3, #11
 1443 000a 01D0     		beq	.L100
 687:Middlewares/ST/STM32_USB_Host_Library/Class/MSC/Src/usbh_msc.c ****   {
 688:Middlewares/ST/STM32_USB_Host_Library/Class/MSC/Src/usbh_msc.c ****     res = 1U;
 689:Middlewares/ST/STM32_USB_Host_Library/Class/MSC/Src/usbh_msc.c ****   }
 690:Middlewares/ST/STM32_USB_Host_Library/Class/MSC/Src/usbh_msc.c ****   else
 691:Middlewares/ST/STM32_USB_Host_Library/Class/MSC/Src/usbh_msc.c ****   {
 692:Middlewares/ST/STM32_USB_Host_Library/Class/MSC/Src/usbh_msc.c ****     res = 0U;
 1444              		.loc 1 692 9 view .LVU513
 1445 000c 0020     		movs	r0, #0
 1446              	.LVL136:
 1447              	.L98:
 693:Middlewares/ST/STM32_USB_Host_Library/Class/MSC/Src/usbh_msc.c ****   }
 694:Middlewares/ST/STM32_USB_Host_Library/Class/MSC/Src/usbh_msc.c **** 
 695:Middlewares/ST/STM32_USB_Host_Library/Class/MSC/Src/usbh_msc.c ****   return res;
 1448              		.loc 1 695 3 is_stmt 1 view .LVU514
 696:Middlewares/ST/STM32_USB_Host_Library/Class/MSC/Src/usbh_msc.c **** }
 1449              		.loc 1 696 1 is_stmt 0 view .LVU515
 1450 000e 7047     		bx	lr
 1451              	.LVL137:
ARM GAS  /tmp/ccYgCVot.s 			page 47


 1452              	.L100:
 686:Middlewares/ST/STM32_USB_Host_Library/Class/MSC/Src/usbh_msc.c ****   {
 1453              		.loc 1 686 51 discriminator 1 view .LVU516
 1454 0010 107B     		ldrb	r0, [r2, #12]	@ zero_extendqisi2
 1455              	.LVL138:
 686:Middlewares/ST/STM32_USB_Host_Library/Class/MSC/Src/usbh_msc.c ****   {
 1456              		.loc 1 686 37 discriminator 1 view .LVU517
 1457 0012 0128     		cmp	r0, #1
 1458 0014 FBD0     		beq	.L98
 692:Middlewares/ST/STM32_USB_Host_Library/Class/MSC/Src/usbh_msc.c ****   }
 1459              		.loc 1 692 9 view .LVU518
 1460 0016 0020     		movs	r0, #0
 1461 0018 7047     		bx	lr
 1462              		.cfi_endproc
 1463              	.LFE139:
 1465              		.section	.text.USBH_MSC_GetMaxLUN,"ax",%progbits
 1466              		.align	1
 1467              		.global	USBH_MSC_GetMaxLUN
 1468              		.syntax unified
 1469              		.thumb
 1470              		.thumb_func
 1472              	USBH_MSC_GetMaxLUN:
 1473              	.LVL139:
 1474              	.LFB140:
 697:Middlewares/ST/STM32_USB_Host_Library/Class/MSC/Src/usbh_msc.c **** 
 698:Middlewares/ST/STM32_USB_Host_Library/Class/MSC/Src/usbh_msc.c **** /**
 699:Middlewares/ST/STM32_USB_Host_Library/Class/MSC/Src/usbh_msc.c ****   * @brief  USBH_MSC_GetMaxLUN
 700:Middlewares/ST/STM32_USB_Host_Library/Class/MSC/Src/usbh_msc.c ****   *         The function return the Max LUN supported
 701:Middlewares/ST/STM32_USB_Host_Library/Class/MSC/Src/usbh_msc.c ****   * @param  phost: Host handle
 702:Middlewares/ST/STM32_USB_Host_Library/Class/MSC/Src/usbh_msc.c ****   * @retval logical Unit Number supported
 703:Middlewares/ST/STM32_USB_Host_Library/Class/MSC/Src/usbh_msc.c ****   */
 704:Middlewares/ST/STM32_USB_Host_Library/Class/MSC/Src/usbh_msc.c **** uint8_t  USBH_MSC_GetMaxLUN(USBH_HandleTypeDef *phost)
 705:Middlewares/ST/STM32_USB_Host_Library/Class/MSC/Src/usbh_msc.c **** {
 1475              		.loc 1 705 1 is_stmt 1 view -0
 1476              		.cfi_startproc
 1477              		@ args = 0, pretend = 0, frame = 0
 1478              		@ frame_needed = 0, uses_anonymous_args = 0
 1479              		@ link register save eliminated.
 706:Middlewares/ST/STM32_USB_Host_Library/Class/MSC/Src/usbh_msc.c ****   MSC_HandleTypeDef *MSC_Handle = (MSC_HandleTypeDef *) phost->pActiveClass->pData;
 1480              		.loc 1 706 3 view .LVU520
 1481              		.loc 1 706 62 is_stmt 0 view .LVU521
 1482 0000 D0F87C33 		ldr	r3, [r0, #892]
 1483              		.loc 1 706 22 view .LVU522
 1484 0004 DA69     		ldr	r2, [r3, #28]
 1485              	.LVL140:
 707:Middlewares/ST/STM32_USB_Host_Library/Class/MSC/Src/usbh_msc.c **** 
 708:Middlewares/ST/STM32_USB_Host_Library/Class/MSC/Src/usbh_msc.c ****   if ((phost->gState == HOST_CLASS) && (MSC_Handle->state == MSC_IDLE))
 1486              		.loc 1 708 3 is_stmt 1 view .LVU523
 1487              		.loc 1 708 13 is_stmt 0 view .LVU524
 1488 0006 0378     		ldrb	r3, [r0]	@ zero_extendqisi2
 1489              		.loc 1 708 6 view .LVU525
 1490 0008 0B2B     		cmp	r3, #11
 1491 000a 01D0     		beq	.L105
 709:Middlewares/ST/STM32_USB_Host_Library/Class/MSC/Src/usbh_msc.c ****   {
 710:Middlewares/ST/STM32_USB_Host_Library/Class/MSC/Src/usbh_msc.c ****     return (uint8_t)MSC_Handle->max_lun;
 711:Middlewares/ST/STM32_USB_Host_Library/Class/MSC/Src/usbh_msc.c ****   }
 712:Middlewares/ST/STM32_USB_Host_Library/Class/MSC/Src/usbh_msc.c **** 
ARM GAS  /tmp/ccYgCVot.s 			page 48


 713:Middlewares/ST/STM32_USB_Host_Library/Class/MSC/Src/usbh_msc.c ****   return 0xFFU;
 1492              		.loc 1 713 10 view .LVU526
 1493 000c FF20     		movs	r0, #255
 1494              	.LVL141:
 1495              		.loc 1 713 10 view .LVU527
 1496 000e 7047     		bx	lr
 1497              	.LVL142:
 1498              	.L105:
 708:Middlewares/ST/STM32_USB_Host_Library/Class/MSC/Src/usbh_msc.c ****   {
 1499              		.loc 1 708 51 discriminator 1 view .LVU528
 1500 0010 137B     		ldrb	r3, [r2, #12]	@ zero_extendqisi2
 708:Middlewares/ST/STM32_USB_Host_Library/Class/MSC/Src/usbh_msc.c ****   {
 1501              		.loc 1 708 37 discriminator 1 view .LVU529
 1502 0012 012B     		cmp	r3, #1
 1503 0014 01D0     		beq	.L106
 1504              		.loc 1 713 10 view .LVU530
 1505 0016 FF20     		movs	r0, #255
 1506              	.LVL143:
 714:Middlewares/ST/STM32_USB_Host_Library/Class/MSC/Src/usbh_msc.c **** }
 1507              		.loc 1 714 1 view .LVU531
 1508 0018 7047     		bx	lr
 1509              	.LVL144:
 1510              	.L106:
 710:Middlewares/ST/STM32_USB_Host_Library/Class/MSC/Src/usbh_msc.c ****   }
 1511              		.loc 1 710 5 is_stmt 1 view .LVU532
 710:Middlewares/ST/STM32_USB_Host_Library/Class/MSC/Src/usbh_msc.c ****   }
 1512              		.loc 1 710 12 is_stmt 0 view .LVU533
 1513 001a 1078     		ldrb	r0, [r2]	@ zero_extendqisi2
 1514              	.LVL145:
 710:Middlewares/ST/STM32_USB_Host_Library/Class/MSC/Src/usbh_msc.c ****   }
 1515              		.loc 1 710 12 view .LVU534
 1516 001c 7047     		bx	lr
 1517              		.cfi_endproc
 1518              	.LFE140:
 1520              		.section	.text.USBH_MSC_UnitIsReady,"ax",%progbits
 1521              		.align	1
 1522              		.global	USBH_MSC_UnitIsReady
 1523              		.syntax unified
 1524              		.thumb
 1525              		.thumb_func
 1527              	USBH_MSC_UnitIsReady:
 1528              	.LVL146:
 1529              	.LFB141:
 715:Middlewares/ST/STM32_USB_Host_Library/Class/MSC/Src/usbh_msc.c **** 
 716:Middlewares/ST/STM32_USB_Host_Library/Class/MSC/Src/usbh_msc.c **** /**
 717:Middlewares/ST/STM32_USB_Host_Library/Class/MSC/Src/usbh_msc.c ****   * @brief  USBH_MSC_UnitIsReady
 718:Middlewares/ST/STM32_USB_Host_Library/Class/MSC/Src/usbh_msc.c ****   *         The function check whether a LUN is ready
 719:Middlewares/ST/STM32_USB_Host_Library/Class/MSC/Src/usbh_msc.c ****   * @param  phost: Host handle
 720:Middlewares/ST/STM32_USB_Host_Library/Class/MSC/Src/usbh_msc.c ****   * @param  lun: logical Unit Number
 721:Middlewares/ST/STM32_USB_Host_Library/Class/MSC/Src/usbh_msc.c ****   * @retval Lun status (0: not ready / 1: ready)
 722:Middlewares/ST/STM32_USB_Host_Library/Class/MSC/Src/usbh_msc.c ****   */
 723:Middlewares/ST/STM32_USB_Host_Library/Class/MSC/Src/usbh_msc.c **** uint8_t  USBH_MSC_UnitIsReady(USBH_HandleTypeDef *phost, uint8_t lun)
 724:Middlewares/ST/STM32_USB_Host_Library/Class/MSC/Src/usbh_msc.c **** {
 1530              		.loc 1 724 1 is_stmt 1 view -0
 1531              		.cfi_startproc
 1532              		@ args = 0, pretend = 0, frame = 0
 1533              		@ frame_needed = 0, uses_anonymous_args = 0
ARM GAS  /tmp/ccYgCVot.s 			page 49


 1534              		@ link register save eliminated.
 725:Middlewares/ST/STM32_USB_Host_Library/Class/MSC/Src/usbh_msc.c ****   MSC_HandleTypeDef *MSC_Handle = (MSC_HandleTypeDef *) phost->pActiveClass->pData;
 1535              		.loc 1 725 3 view .LVU536
 1536              		.loc 1 725 62 is_stmt 0 view .LVU537
 1537 0000 D0F87C33 		ldr	r3, [r0, #892]
 1538              		.loc 1 725 22 view .LVU538
 1539 0004 DB69     		ldr	r3, [r3, #28]
 1540              	.LVL147:
 726:Middlewares/ST/STM32_USB_Host_Library/Class/MSC/Src/usbh_msc.c ****   uint8_t res;
 1541              		.loc 1 726 3 is_stmt 1 view .LVU539
 727:Middlewares/ST/STM32_USB_Host_Library/Class/MSC/Src/usbh_msc.c **** 
 728:Middlewares/ST/STM32_USB_Host_Library/Class/MSC/Src/usbh_msc.c ****   if ((phost->gState == HOST_CLASS) && (MSC_Handle->unit[lun].error == MSC_OK))
 1542              		.loc 1 728 3 view .LVU540
 1543              		.loc 1 728 13 is_stmt 0 view .LVU541
 1544 0006 0278     		ldrb	r2, [r0]	@ zero_extendqisi2
 1545              		.loc 1 728 6 view .LVU542
 1546 0008 0B2A     		cmp	r2, #11
 1547 000a 01D0     		beq	.L111
 729:Middlewares/ST/STM32_USB_Host_Library/Class/MSC/Src/usbh_msc.c ****   {
 730:Middlewares/ST/STM32_USB_Host_Library/Class/MSC/Src/usbh_msc.c ****     res = 1U;
 731:Middlewares/ST/STM32_USB_Host_Library/Class/MSC/Src/usbh_msc.c ****   }
 732:Middlewares/ST/STM32_USB_Host_Library/Class/MSC/Src/usbh_msc.c ****   else
 733:Middlewares/ST/STM32_USB_Host_Library/Class/MSC/Src/usbh_msc.c ****   {
 734:Middlewares/ST/STM32_USB_Host_Library/Class/MSC/Src/usbh_msc.c ****     res = 0U;
 1548              		.loc 1 734 9 view .LVU543
 1549 000c 0020     		movs	r0, #0
 1550              	.LVL148:
 1551              		.loc 1 734 9 view .LVU544
 1552 000e 7047     		bx	lr
 1553              	.LVL149:
 1554              	.L111:
 728:Middlewares/ST/STM32_USB_Host_Library/Class/MSC/Src/usbh_msc.c ****   {
 1555              		.loc 1 728 62 discriminator 1 view .LVU545
 1556 0010 3422     		movs	r2, #52
 1557 0012 02FB0133 		mla	r3, r2, r1, r3
 1558              	.LVL150:
 728:Middlewares/ST/STM32_USB_Host_Library/Class/MSC/Src/usbh_msc.c ****   {
 1559              		.loc 1 728 62 discriminator 1 view .LVU546
 1560 0016 93F89130 		ldrb	r3, [r3, #145]	@ zero_extendqisi2
 728:Middlewares/ST/STM32_USB_Host_Library/Class/MSC/Src/usbh_msc.c ****   {
 1561              		.loc 1 728 37 discriminator 1 view .LVU547
 1562 001a 0BB1     		cbz	r3, .L110
 1563              		.loc 1 734 9 view .LVU548
 1564 001c 0020     		movs	r0, #0
 1565              	.LVL151:
 1566              		.loc 1 734 9 view .LVU549
 1567 001e 7047     		bx	lr
 1568              	.LVL152:
 1569              	.L110:
 730:Middlewares/ST/STM32_USB_Host_Library/Class/MSC/Src/usbh_msc.c ****   }
 1570              		.loc 1 730 9 view .LVU550
 1571 0020 0120     		movs	r0, #1
 1572              	.LVL153:
 735:Middlewares/ST/STM32_USB_Host_Library/Class/MSC/Src/usbh_msc.c ****   }
 736:Middlewares/ST/STM32_USB_Host_Library/Class/MSC/Src/usbh_msc.c **** 
 737:Middlewares/ST/STM32_USB_Host_Library/Class/MSC/Src/usbh_msc.c ****   return res;
 1573              		.loc 1 737 3 is_stmt 1 view .LVU551
ARM GAS  /tmp/ccYgCVot.s 			page 50


 738:Middlewares/ST/STM32_USB_Host_Library/Class/MSC/Src/usbh_msc.c **** }
 1574              		.loc 1 738 1 is_stmt 0 view .LVU552
 1575 0022 7047     		bx	lr
 1576              		.cfi_endproc
 1577              	.LFE141:
 1579              		.section	.text.USBH_MSC_GetLUNInfo,"ax",%progbits
 1580              		.align	1
 1581              		.global	USBH_MSC_GetLUNInfo
 1582              		.syntax unified
 1583              		.thumb
 1584              		.thumb_func
 1586              	USBH_MSC_GetLUNInfo:
 1587              	.LVL154:
 1588              	.LFB142:
 739:Middlewares/ST/STM32_USB_Host_Library/Class/MSC/Src/usbh_msc.c **** 
 740:Middlewares/ST/STM32_USB_Host_Library/Class/MSC/Src/usbh_msc.c **** /**
 741:Middlewares/ST/STM32_USB_Host_Library/Class/MSC/Src/usbh_msc.c ****   * @brief  USBH_MSC_GetLUNInfo
 742:Middlewares/ST/STM32_USB_Host_Library/Class/MSC/Src/usbh_msc.c ****   *         The function return a LUN information
 743:Middlewares/ST/STM32_USB_Host_Library/Class/MSC/Src/usbh_msc.c ****   * @param  phost: Host handle
 744:Middlewares/ST/STM32_USB_Host_Library/Class/MSC/Src/usbh_msc.c ****   * @param  lun: logical Unit Number
 745:Middlewares/ST/STM32_USB_Host_Library/Class/MSC/Src/usbh_msc.c ****   * @retval USBH Status
 746:Middlewares/ST/STM32_USB_Host_Library/Class/MSC/Src/usbh_msc.c ****   */
 747:Middlewares/ST/STM32_USB_Host_Library/Class/MSC/Src/usbh_msc.c **** USBH_StatusTypeDef USBH_MSC_GetLUNInfo(USBH_HandleTypeDef *phost, uint8_t lun, MSC_LUNTypeDef *info
 748:Middlewares/ST/STM32_USB_Host_Library/Class/MSC/Src/usbh_msc.c **** {
 1589              		.loc 1 748 1 is_stmt 1 view -0
 1590              		.cfi_startproc
 1591              		@ args = 0, pretend = 0, frame = 0
 1592              		@ frame_needed = 0, uses_anonymous_args = 0
 749:Middlewares/ST/STM32_USB_Host_Library/Class/MSC/Src/usbh_msc.c ****   MSC_HandleTypeDef *MSC_Handle = (MSC_HandleTypeDef *) phost->pActiveClass->pData;
 1593              		.loc 1 749 3 view .LVU554
 1594              		.loc 1 749 62 is_stmt 0 view .LVU555
 1595 0000 D0F87C33 		ldr	r3, [r0, #892]
 1596              		.loc 1 749 22 view .LVU556
 1597 0004 DB69     		ldr	r3, [r3, #28]
 1598              	.LVL155:
 750:Middlewares/ST/STM32_USB_Host_Library/Class/MSC/Src/usbh_msc.c ****   if (phost->gState == HOST_CLASS)
 1599              		.loc 1 750 3 is_stmt 1 view .LVU557
 1600              		.loc 1 750 12 is_stmt 0 view .LVU558
 1601 0006 0078     		ldrb	r0, [r0]	@ zero_extendqisi2
 1602              	.LVL156:
 1603              		.loc 1 750 6 view .LVU559
 1604 0008 0B28     		cmp	r0, #11
 1605 000a 01D0     		beq	.L120
 751:Middlewares/ST/STM32_USB_Host_Library/Class/MSC/Src/usbh_msc.c ****   {
 752:Middlewares/ST/STM32_USB_Host_Library/Class/MSC/Src/usbh_msc.c ****     (void)USBH_memcpy(info, &MSC_Handle->unit[lun], sizeof(MSC_LUNTypeDef));
 753:Middlewares/ST/STM32_USB_Host_Library/Class/MSC/Src/usbh_msc.c ****     return USBH_OK;
 754:Middlewares/ST/STM32_USB_Host_Library/Class/MSC/Src/usbh_msc.c ****   }
 755:Middlewares/ST/STM32_USB_Host_Library/Class/MSC/Src/usbh_msc.c ****   else
 756:Middlewares/ST/STM32_USB_Host_Library/Class/MSC/Src/usbh_msc.c ****   {
 757:Middlewares/ST/STM32_USB_Host_Library/Class/MSC/Src/usbh_msc.c ****     return USBH_FAIL;
 1606              		.loc 1 757 12 view .LVU560
 1607 000c 0220     		movs	r0, #2
 758:Middlewares/ST/STM32_USB_Host_Library/Class/MSC/Src/usbh_msc.c ****   }
 759:Middlewares/ST/STM32_USB_Host_Library/Class/MSC/Src/usbh_msc.c **** }
 1608              		.loc 1 759 1 view .LVU561
 1609 000e 7047     		bx	lr
 1610              	.L120:
ARM GAS  /tmp/ccYgCVot.s 			page 51


 748:Middlewares/ST/STM32_USB_Host_Library/Class/MSC/Src/usbh_msc.c ****   MSC_HandleTypeDef *MSC_Handle = (MSC_HandleTypeDef *) phost->pActiveClass->pData;
 1611              		.loc 1 748 1 view .LVU562
 1612 0010 10B5     		push	{r4, lr}
 1613              	.LCFI11:
 1614              		.cfi_def_cfa_offset 8
 1615              		.cfi_offset 4, -8
 1616              		.cfi_offset 14, -4
 752:Middlewares/ST/STM32_USB_Host_Library/Class/MSC/Src/usbh_msc.c ****     return USBH_OK;
 1617              		.loc 1 752 5 is_stmt 1 view .LVU563
 752:Middlewares/ST/STM32_USB_Host_Library/Class/MSC/Src/usbh_msc.c ****     return USBH_OK;
 1618              		.loc 1 752 29 is_stmt 0 view .LVU564
 1619 0012 3420     		movs	r0, #52
 1620 0014 00FB01F1 		mul	r1, r0, r1
 1621              	.LVL157:
 752:Middlewares/ST/STM32_USB_Host_Library/Class/MSC/Src/usbh_msc.c ****     return USBH_OK;
 1622              		.loc 1 752 29 view .LVU565
 1623 0018 9031     		adds	r1, r1, #144
 1624 001a 0B44     		add	r3, r3, r1
 1625              	.LVL158:
 752:Middlewares/ST/STM32_USB_Host_Library/Class/MSC/Src/usbh_msc.c ****     return USBH_OK;
 1626              		.loc 1 752 11 view .LVU566
 1627 001c 03F13001 		add	r1, r3, #48
 1628              	.LVL159:
 1629              	.L114:
 752:Middlewares/ST/STM32_USB_Host_Library/Class/MSC/Src/usbh_msc.c ****     return USBH_OK;
 1630              		.loc 1 752 11 view .LVU567
 1631 0020 1C68     		ldr	r4, [r3]	@ unaligned
 1632 0022 D3F804E0 		ldr	lr, [r3, #4]	@ unaligned
 1633 0026 D3F808C0 		ldr	ip, [r3, #8]	@ unaligned
 1634 002a D868     		ldr	r0, [r3, #12]	@ unaligned
 1635 002c 1460     		str	r4, [r2]	@ unaligned
 1636 002e C2F804E0 		str	lr, [r2, #4]	@ unaligned
 1637 0032 C2F808C0 		str	ip, [r2, #8]	@ unaligned
 1638 0036 D060     		str	r0, [r2, #12]	@ unaligned
 1639 0038 1033     		adds	r3, r3, #16
 1640 003a 1032     		adds	r2, r2, #16
 1641 003c 8B42     		cmp	r3, r1
 1642 003e EFD1     		bne	.L114
 1643 0040 1B68     		ldr	r3, [r3]	@ unaligned
 1644 0042 1360     		str	r3, [r2]	@ unaligned
 753:Middlewares/ST/STM32_USB_Host_Library/Class/MSC/Src/usbh_msc.c ****   }
 1645              		.loc 1 753 5 is_stmt 1 view .LVU568
 753:Middlewares/ST/STM32_USB_Host_Library/Class/MSC/Src/usbh_msc.c ****   }
 1646              		.loc 1 753 12 is_stmt 0 view .LVU569
 1647 0044 0020     		movs	r0, #0
 1648              		.loc 1 759 1 view .LVU570
 1649 0046 10BD     		pop	{r4, pc}
 1650              		.cfi_endproc
 1651              	.LFE142:
 1653              		.section	.text.USBH_MSC_Read,"ax",%progbits
 1654              		.align	1
 1655              		.global	USBH_MSC_Read
 1656              		.syntax unified
 1657              		.thumb
 1658              		.thumb_func
 1660              	USBH_MSC_Read:
 1661              	.LVL160:
ARM GAS  /tmp/ccYgCVot.s 			page 52


 1662              	.LFB143:
 760:Middlewares/ST/STM32_USB_Host_Library/Class/MSC/Src/usbh_msc.c **** 
 761:Middlewares/ST/STM32_USB_Host_Library/Class/MSC/Src/usbh_msc.c **** /**
 762:Middlewares/ST/STM32_USB_Host_Library/Class/MSC/Src/usbh_msc.c ****   * @brief  USBH_MSC_Read
 763:Middlewares/ST/STM32_USB_Host_Library/Class/MSC/Src/usbh_msc.c ****   *         The function performs a Read operation
 764:Middlewares/ST/STM32_USB_Host_Library/Class/MSC/Src/usbh_msc.c ****   * @param  phost: Host handle
 765:Middlewares/ST/STM32_USB_Host_Library/Class/MSC/Src/usbh_msc.c ****   * @param  lun: logical Unit Number
 766:Middlewares/ST/STM32_USB_Host_Library/Class/MSC/Src/usbh_msc.c ****   * @param  address: sector address
 767:Middlewares/ST/STM32_USB_Host_Library/Class/MSC/Src/usbh_msc.c ****   * @param  pbuf: pointer to data
 768:Middlewares/ST/STM32_USB_Host_Library/Class/MSC/Src/usbh_msc.c ****   * @param  length: number of sector to read
 769:Middlewares/ST/STM32_USB_Host_Library/Class/MSC/Src/usbh_msc.c ****   * @retval USBH Status
 770:Middlewares/ST/STM32_USB_Host_Library/Class/MSC/Src/usbh_msc.c ****   */
 771:Middlewares/ST/STM32_USB_Host_Library/Class/MSC/Src/usbh_msc.c **** USBH_StatusTypeDef USBH_MSC_Read(USBH_HandleTypeDef *phost,
 772:Middlewares/ST/STM32_USB_Host_Library/Class/MSC/Src/usbh_msc.c ****                                  uint8_t lun,
 773:Middlewares/ST/STM32_USB_Host_Library/Class/MSC/Src/usbh_msc.c ****                                  uint32_t address,
 774:Middlewares/ST/STM32_USB_Host_Library/Class/MSC/Src/usbh_msc.c ****                                  uint8_t *pbuf,
 775:Middlewares/ST/STM32_USB_Host_Library/Class/MSC/Src/usbh_msc.c ****                                  uint32_t length)
 776:Middlewares/ST/STM32_USB_Host_Library/Class/MSC/Src/usbh_msc.c **** {
 1663              		.loc 1 776 1 is_stmt 1 view -0
 1664              		.cfi_startproc
 1665              		@ args = 4, pretend = 0, frame = 0
 1666              		@ frame_needed = 0, uses_anonymous_args = 0
 1667              		.loc 1 776 1 is_stmt 0 view .LVU572
 1668 0000 2DE9F041 		push	{r4, r5, r6, r7, r8, lr}
 1669              	.LCFI12:
 1670              		.cfi_def_cfa_offset 24
 1671              		.cfi_offset 4, -24
 1672              		.cfi_offset 5, -20
 1673              		.cfi_offset 6, -16
 1674              		.cfi_offset 7, -12
 1675              		.cfi_offset 8, -8
 1676              		.cfi_offset 14, -4
 1677 0004 82B0     		sub	sp, sp, #8
 1678              	.LCFI13:
 1679              		.cfi_def_cfa_offset 32
 1680 0006 0D46     		mov	r5, r1
 1681 0008 089E     		ldr	r6, [sp, #32]
 777:Middlewares/ST/STM32_USB_Host_Library/Class/MSC/Src/usbh_msc.c ****   uint32_t timeout;
 1682              		.loc 1 777 3 is_stmt 1 view .LVU573
 778:Middlewares/ST/STM32_USB_Host_Library/Class/MSC/Src/usbh_msc.c ****   MSC_HandleTypeDef *MSC_Handle = (MSC_HandleTypeDef *) phost->pActiveClass->pData;
 1683              		.loc 1 778 3 view .LVU574
 1684              		.loc 1 778 62 is_stmt 0 view .LVU575
 1685 000a D0F87C13 		ldr	r1, [r0, #892]
 1686              	.LVL161:
 1687              		.loc 1 778 22 view .LVU576
 1688 000e CF69     		ldr	r7, [r1, #28]
 1689              	.LVL162:
 779:Middlewares/ST/STM32_USB_Host_Library/Class/MSC/Src/usbh_msc.c **** 
 780:Middlewares/ST/STM32_USB_Host_Library/Class/MSC/Src/usbh_msc.c ****   if ((phost->device.is_connected == 0U) ||
 1690              		.loc 1 780 3 is_stmt 1 view .LVU577
 1691              		.loc 1 780 21 is_stmt 0 view .LVU578
 1692 0010 90F82013 		ldrb	r1, [r0, #800]	@ zero_extendqisi2
 1693              		.loc 1 780 6 view .LVU579
 1694 0014 C1B3     		cbz	r1, .L126
 1695 0016 0446     		mov	r4, r0
 781:Middlewares/ST/STM32_USB_Host_Library/Class/MSC/Src/usbh_msc.c ****       (phost->gState != HOST_CLASS) ||
 1696              		.loc 1 781 13 view .LVU580
ARM GAS  /tmp/ccYgCVot.s 			page 53


 1697 0018 0178     		ldrb	r1, [r0]	@ zero_extendqisi2
 780:Middlewares/ST/STM32_USB_Host_Library/Class/MSC/Src/usbh_msc.c ****       (phost->gState != HOST_CLASS) ||
 1698              		.loc 1 780 42 discriminator 1 view .LVU581
 1699 001a 0B29     		cmp	r1, #11
 1700 001c 36D1     		bne	.L127
 782:Middlewares/ST/STM32_USB_Host_Library/Class/MSC/Src/usbh_msc.c ****       (MSC_Handle->unit[lun].state != MSC_IDLE))
 1701              		.loc 1 782 29 view .LVU582
 1702 001e 3421     		movs	r1, #52
 1703 0020 01FB0571 		mla	r1, r1, r5, r7
 1704 0024 91F89010 		ldrb	r1, [r1, #144]	@ zero_extendqisi2
 781:Middlewares/ST/STM32_USB_Host_Library/Class/MSC/Src/usbh_msc.c ****       (phost->gState != HOST_CLASS) ||
 1705              		.loc 1 781 37 view .LVU583
 1706 0028 0129     		cmp	r1, #1
 1707 002a 01D0     		beq	.L130
 783:Middlewares/ST/STM32_USB_Host_Library/Class/MSC/Src/usbh_msc.c ****   {
 784:Middlewares/ST/STM32_USB_Host_Library/Class/MSC/Src/usbh_msc.c ****     return  USBH_FAIL;
 1708              		.loc 1 784 13 view .LVU584
 1709 002c 0220     		movs	r0, #2
 1710              	.LVL163:
 1711              		.loc 1 784 13 view .LVU585
 1712 002e 2EE0     		b	.L122
 1713              	.LVL164:
 1714              	.L130:
 785:Middlewares/ST/STM32_USB_Host_Library/Class/MSC/Src/usbh_msc.c ****   }
 786:Middlewares/ST/STM32_USB_Host_Library/Class/MSC/Src/usbh_msc.c **** 
 787:Middlewares/ST/STM32_USB_Host_Library/Class/MSC/Src/usbh_msc.c ****   MSC_Handle->state = MSC_READ;
 1715              		.loc 1 787 3 is_stmt 1 view .LVU586
 1716              		.loc 1 787 21 is_stmt 0 view .LVU587
 1717 0030 0620     		movs	r0, #6
 1718              	.LVL165:
 1719              		.loc 1 787 21 view .LVU588
 1720 0032 3873     		strb	r0, [r7, #12]
 788:Middlewares/ST/STM32_USB_Host_Library/Class/MSC/Src/usbh_msc.c ****   MSC_Handle->unit[lun].state = MSC_READ;
 1721              		.loc 1 788 3 is_stmt 1 view .LVU589
 1722              		.loc 1 788 31 is_stmt 0 view .LVU590
 1723 0034 3421     		movs	r1, #52
 1724 0036 01FB0571 		mla	r1, r1, r5, r7
 1725 003a 81F89000 		strb	r0, [r1, #144]
 789:Middlewares/ST/STM32_USB_Host_Library/Class/MSC/Src/usbh_msc.c ****   MSC_Handle->rw_lun = lun;
 1726              		.loc 1 789 3 is_stmt 1 view .LVU591
 1727              		.loc 1 789 22 is_stmt 0 view .LVU592
 1728 003e A7F8FA50 		strh	r5, [r7, #250]	@ movhi
 790:Middlewares/ST/STM32_USB_Host_Library/Class/MSC/Src/usbh_msc.c **** 
 791:Middlewares/ST/STM32_USB_Host_Library/Class/MSC/Src/usbh_msc.c ****   (void)USBH_MSC_SCSI_Read(phost, lun, address, pbuf, length);
 1729              		.loc 1 791 3 is_stmt 1 view .LVU593
 1730              		.loc 1 791 9 is_stmt 0 view .LVU594
 1731 0042 0096     		str	r6, [sp]
 1732 0044 2946     		mov	r1, r5
 1733 0046 2046     		mov	r0, r4
 1734 0048 FFF7FEFF 		bl	USBH_MSC_SCSI_Read
 1735              	.LVL166:
 792:Middlewares/ST/STM32_USB_Host_Library/Class/MSC/Src/usbh_msc.c **** 
 793:Middlewares/ST/STM32_USB_Host_Library/Class/MSC/Src/usbh_msc.c ****   timeout = phost->Timer;
 1736              		.loc 1 793 3 is_stmt 1 view .LVU595
 1737              		.loc 1 793 11 is_stmt 0 view .LVU596
 1738 004c D4F8C483 		ldr	r8, [r4, #964]
 1739              	.LVL167:
ARM GAS  /tmp/ccYgCVot.s 			page 54


 794:Middlewares/ST/STM32_USB_Host_Library/Class/MSC/Src/usbh_msc.c **** 
 795:Middlewares/ST/STM32_USB_Host_Library/Class/MSC/Src/usbh_msc.c ****   while (USBH_MSC_RdWrProcess(phost, lun) == USBH_BUSY)
 1740              		.loc 1 795 3 is_stmt 1 view .LVU597
 1741              	.L123:
 1742              		.loc 1 795 43 view .LVU598
 1743              		.loc 1 795 10 is_stmt 0 view .LVU599
 1744 0050 2946     		mov	r1, r5
 1745 0052 2046     		mov	r0, r4
 1746 0054 FFF7FEFF 		bl	USBH_MSC_RdWrProcess
 1747              	.LVL168:
 1748              		.loc 1 795 43 discriminator 1 view .LVU600
 1749 0058 0128     		cmp	r0, #1
 1750 005a 11D1     		bne	.L131
 796:Middlewares/ST/STM32_USB_Host_Library/Class/MSC/Src/usbh_msc.c ****   {
 797:Middlewares/ST/STM32_USB_Host_Library/Class/MSC/Src/usbh_msc.c ****     if (((phost->Timer - timeout) > (10000U * length)) || (phost->device.is_connected == 0U))
 1751              		.loc 1 797 5 is_stmt 1 view .LVU601
 1752              		.loc 1 797 16 is_stmt 0 view .LVU602
 1753 005c D4F8C423 		ldr	r2, [r4, #964]
 1754              		.loc 1 797 24 view .LVU603
 1755 0060 A2EB0802 		sub	r2, r2, r8
 1756              		.loc 1 797 45 view .LVU604
 1757 0064 42F21073 		movw	r3, #10000
 1758 0068 06FB03F3 		mul	r3, r6, r3
 1759              		.loc 1 797 8 view .LVU605
 1760 006c 9A42     		cmp	r2, r3
 1761 006e 03D8     		bhi	.L124
 1762              		.loc 1 797 73 discriminator 1 view .LVU606
 1763 0070 94F82033 		ldrb	r3, [r4, #800]	@ zero_extendqisi2
 1764              		.loc 1 797 56 discriminator 1 view .LVU607
 1765 0074 002B     		cmp	r3, #0
 1766 0076 EBD1     		bne	.L123
 1767              	.L124:
 798:Middlewares/ST/STM32_USB_Host_Library/Class/MSC/Src/usbh_msc.c ****     {
 799:Middlewares/ST/STM32_USB_Host_Library/Class/MSC/Src/usbh_msc.c ****       MSC_Handle->state = MSC_IDLE;
 1768              		.loc 1 799 7 is_stmt 1 view .LVU608
 1769              		.loc 1 799 25 is_stmt 0 view .LVU609
 1770 0078 0123     		movs	r3, #1
 1771 007a 3B73     		strb	r3, [r7, #12]
 800:Middlewares/ST/STM32_USB_Host_Library/Class/MSC/Src/usbh_msc.c ****       return USBH_FAIL;
 1772              		.loc 1 800 7 is_stmt 1 view .LVU610
 1773              		.loc 1 800 14 is_stmt 0 view .LVU611
 1774 007c 0220     		movs	r0, #2
 1775 007e 06E0     		b	.L122
 1776              	.L131:
 801:Middlewares/ST/STM32_USB_Host_Library/Class/MSC/Src/usbh_msc.c ****     }
 802:Middlewares/ST/STM32_USB_Host_Library/Class/MSC/Src/usbh_msc.c ****   }
 803:Middlewares/ST/STM32_USB_Host_Library/Class/MSC/Src/usbh_msc.c ****   MSC_Handle->state = MSC_IDLE;
 1777              		.loc 1 803 3 is_stmt 1 view .LVU612
 1778              		.loc 1 803 21 is_stmt 0 view .LVU613
 1779 0080 0123     		movs	r3, #1
 1780 0082 3B73     		strb	r3, [r7, #12]
 804:Middlewares/ST/STM32_USB_Host_Library/Class/MSC/Src/usbh_msc.c **** 
 805:Middlewares/ST/STM32_USB_Host_Library/Class/MSC/Src/usbh_msc.c ****   return USBH_OK;
 1781              		.loc 1 805 3 is_stmt 1 view .LVU614
 1782              		.loc 1 805 10 is_stmt 0 view .LVU615
 1783 0084 0020     		movs	r0, #0
 1784 0086 02E0     		b	.L122
ARM GAS  /tmp/ccYgCVot.s 			page 55


 1785              	.LVL169:
 1786              	.L126:
 784:Middlewares/ST/STM32_USB_Host_Library/Class/MSC/Src/usbh_msc.c ****   }
 1787              		.loc 1 784 13 view .LVU616
 1788 0088 0220     		movs	r0, #2
 1789              	.LVL170:
 784:Middlewares/ST/STM32_USB_Host_Library/Class/MSC/Src/usbh_msc.c ****   }
 1790              		.loc 1 784 13 view .LVU617
 1791 008a 00E0     		b	.L122
 1792              	.LVL171:
 1793              	.L127:
 784:Middlewares/ST/STM32_USB_Host_Library/Class/MSC/Src/usbh_msc.c ****   }
 1794              		.loc 1 784 13 view .LVU618
 1795 008c 0220     		movs	r0, #2
 1796              	.LVL172:
 1797              	.L122:
 806:Middlewares/ST/STM32_USB_Host_Library/Class/MSC/Src/usbh_msc.c **** }
 1798              		.loc 1 806 1 view .LVU619
 1799 008e 02B0     		add	sp, sp, #8
 1800              	.LCFI14:
 1801              		.cfi_def_cfa_offset 24
 1802              		@ sp needed
 1803 0090 BDE8F081 		pop	{r4, r5, r6, r7, r8, pc}
 1804              		.loc 1 806 1 view .LVU620
 1805              		.cfi_endproc
 1806              	.LFE143:
 1808              		.section	.text.USBH_MSC_Write,"ax",%progbits
 1809              		.align	1
 1810              		.global	USBH_MSC_Write
 1811              		.syntax unified
 1812              		.thumb
 1813              		.thumb_func
 1815              	USBH_MSC_Write:
 1816              	.LVL173:
 1817              	.LFB144:
 807:Middlewares/ST/STM32_USB_Host_Library/Class/MSC/Src/usbh_msc.c **** 
 808:Middlewares/ST/STM32_USB_Host_Library/Class/MSC/Src/usbh_msc.c **** /**
 809:Middlewares/ST/STM32_USB_Host_Library/Class/MSC/Src/usbh_msc.c ****   * @brief  USBH_MSC_Write
 810:Middlewares/ST/STM32_USB_Host_Library/Class/MSC/Src/usbh_msc.c ****   *         The function performs a Write operation
 811:Middlewares/ST/STM32_USB_Host_Library/Class/MSC/Src/usbh_msc.c ****   * @param  phost: Host handle
 812:Middlewares/ST/STM32_USB_Host_Library/Class/MSC/Src/usbh_msc.c ****   * @param  lun: logical Unit Number
 813:Middlewares/ST/STM32_USB_Host_Library/Class/MSC/Src/usbh_msc.c ****   * @param  address: sector address
 814:Middlewares/ST/STM32_USB_Host_Library/Class/MSC/Src/usbh_msc.c ****   * @param  pbuf: pointer to data
 815:Middlewares/ST/STM32_USB_Host_Library/Class/MSC/Src/usbh_msc.c ****   * @param  length: number of sector to write
 816:Middlewares/ST/STM32_USB_Host_Library/Class/MSC/Src/usbh_msc.c ****   * @retval USBH Status
 817:Middlewares/ST/STM32_USB_Host_Library/Class/MSC/Src/usbh_msc.c ****   */
 818:Middlewares/ST/STM32_USB_Host_Library/Class/MSC/Src/usbh_msc.c **** USBH_StatusTypeDef USBH_MSC_Write(USBH_HandleTypeDef *phost,
 819:Middlewares/ST/STM32_USB_Host_Library/Class/MSC/Src/usbh_msc.c ****                                   uint8_t lun,
 820:Middlewares/ST/STM32_USB_Host_Library/Class/MSC/Src/usbh_msc.c ****                                   uint32_t address,
 821:Middlewares/ST/STM32_USB_Host_Library/Class/MSC/Src/usbh_msc.c ****                                   uint8_t *pbuf,
 822:Middlewares/ST/STM32_USB_Host_Library/Class/MSC/Src/usbh_msc.c ****                                   uint32_t length)
 823:Middlewares/ST/STM32_USB_Host_Library/Class/MSC/Src/usbh_msc.c **** {
 1818              		.loc 1 823 1 is_stmt 1 view -0
 1819              		.cfi_startproc
 1820              		@ args = 4, pretend = 0, frame = 0
 1821              		@ frame_needed = 0, uses_anonymous_args = 0
 1822              		.loc 1 823 1 is_stmt 0 view .LVU622
ARM GAS  /tmp/ccYgCVot.s 			page 56


 1823 0000 2DE9F041 		push	{r4, r5, r6, r7, r8, lr}
 1824              	.LCFI15:
 1825              		.cfi_def_cfa_offset 24
 1826              		.cfi_offset 4, -24
 1827              		.cfi_offset 5, -20
 1828              		.cfi_offset 6, -16
 1829              		.cfi_offset 7, -12
 1830              		.cfi_offset 8, -8
 1831              		.cfi_offset 14, -4
 1832 0004 82B0     		sub	sp, sp, #8
 1833              	.LCFI16:
 1834              		.cfi_def_cfa_offset 32
 1835 0006 0D46     		mov	r5, r1
 1836 0008 089E     		ldr	r6, [sp, #32]
 824:Middlewares/ST/STM32_USB_Host_Library/Class/MSC/Src/usbh_msc.c ****   uint32_t timeout;
 1837              		.loc 1 824 3 is_stmt 1 view .LVU623
 825:Middlewares/ST/STM32_USB_Host_Library/Class/MSC/Src/usbh_msc.c ****   MSC_HandleTypeDef *MSC_Handle = (MSC_HandleTypeDef *) phost->pActiveClass->pData;
 1838              		.loc 1 825 3 view .LVU624
 1839              		.loc 1 825 62 is_stmt 0 view .LVU625
 1840 000a D0F87C13 		ldr	r1, [r0, #892]
 1841              	.LVL174:
 1842              		.loc 1 825 22 view .LVU626
 1843 000e CF69     		ldr	r7, [r1, #28]
 1844              	.LVL175:
 826:Middlewares/ST/STM32_USB_Host_Library/Class/MSC/Src/usbh_msc.c **** 
 827:Middlewares/ST/STM32_USB_Host_Library/Class/MSC/Src/usbh_msc.c ****   if ((phost->device.is_connected == 0U) ||
 1845              		.loc 1 827 3 is_stmt 1 view .LVU627
 1846              		.loc 1 827 21 is_stmt 0 view .LVU628
 1847 0010 90F82013 		ldrb	r1, [r0, #800]	@ zero_extendqisi2
 1848              		.loc 1 827 6 view .LVU629
 1849 0014 C1B3     		cbz	r1, .L137
 1850 0016 0446     		mov	r4, r0
 828:Middlewares/ST/STM32_USB_Host_Library/Class/MSC/Src/usbh_msc.c ****       (phost->gState != HOST_CLASS) ||
 1851              		.loc 1 828 13 view .LVU630
 1852 0018 0178     		ldrb	r1, [r0]	@ zero_extendqisi2
 827:Middlewares/ST/STM32_USB_Host_Library/Class/MSC/Src/usbh_msc.c ****       (phost->gState != HOST_CLASS) ||
 1853              		.loc 1 827 42 discriminator 1 view .LVU631
 1854 001a 0B29     		cmp	r1, #11
 1855 001c 36D1     		bne	.L138
 829:Middlewares/ST/STM32_USB_Host_Library/Class/MSC/Src/usbh_msc.c ****       (MSC_Handle->unit[lun].state != MSC_IDLE))
 1856              		.loc 1 829 29 view .LVU632
 1857 001e 3421     		movs	r1, #52
 1858 0020 01FB0571 		mla	r1, r1, r5, r7
 1859 0024 91F89010 		ldrb	r1, [r1, #144]	@ zero_extendqisi2
 828:Middlewares/ST/STM32_USB_Host_Library/Class/MSC/Src/usbh_msc.c ****       (phost->gState != HOST_CLASS) ||
 1860              		.loc 1 828 37 view .LVU633
 1861 0028 0129     		cmp	r1, #1
 1862 002a 01D0     		beq	.L141
 830:Middlewares/ST/STM32_USB_Host_Library/Class/MSC/Src/usbh_msc.c ****   {
 831:Middlewares/ST/STM32_USB_Host_Library/Class/MSC/Src/usbh_msc.c ****     return  USBH_FAIL;
 1863              		.loc 1 831 13 view .LVU634
 1864 002c 0220     		movs	r0, #2
 1865              	.LVL176:
 1866              		.loc 1 831 13 view .LVU635
 1867 002e 2EE0     		b	.L133
 1868              	.LVL177:
 1869              	.L141:
ARM GAS  /tmp/ccYgCVot.s 			page 57


 832:Middlewares/ST/STM32_USB_Host_Library/Class/MSC/Src/usbh_msc.c ****   }
 833:Middlewares/ST/STM32_USB_Host_Library/Class/MSC/Src/usbh_msc.c **** 
 834:Middlewares/ST/STM32_USB_Host_Library/Class/MSC/Src/usbh_msc.c ****   MSC_Handle->state = MSC_WRITE;
 1870              		.loc 1 834 3 is_stmt 1 view .LVU636
 1871              		.loc 1 834 21 is_stmt 0 view .LVU637
 1872 0030 0720     		movs	r0, #7
 1873              	.LVL178:
 1874              		.loc 1 834 21 view .LVU638
 1875 0032 3873     		strb	r0, [r7, #12]
 835:Middlewares/ST/STM32_USB_Host_Library/Class/MSC/Src/usbh_msc.c ****   MSC_Handle->unit[lun].state = MSC_WRITE;
 1876              		.loc 1 835 3 is_stmt 1 view .LVU639
 1877              		.loc 1 835 31 is_stmt 0 view .LVU640
 1878 0034 3421     		movs	r1, #52
 1879 0036 01FB0571 		mla	r1, r1, r5, r7
 1880 003a 81F89000 		strb	r0, [r1, #144]
 836:Middlewares/ST/STM32_USB_Host_Library/Class/MSC/Src/usbh_msc.c ****   MSC_Handle->rw_lun = lun;
 1881              		.loc 1 836 3 is_stmt 1 view .LVU641
 1882              		.loc 1 836 22 is_stmt 0 view .LVU642
 1883 003e A7F8FA50 		strh	r5, [r7, #250]	@ movhi
 837:Middlewares/ST/STM32_USB_Host_Library/Class/MSC/Src/usbh_msc.c **** 
 838:Middlewares/ST/STM32_USB_Host_Library/Class/MSC/Src/usbh_msc.c ****   (void)USBH_MSC_SCSI_Write(phost, lun, address, pbuf, length);
 1884              		.loc 1 838 3 is_stmt 1 view .LVU643
 1885              		.loc 1 838 9 is_stmt 0 view .LVU644
 1886 0042 0096     		str	r6, [sp]
 1887 0044 2946     		mov	r1, r5
 1888 0046 2046     		mov	r0, r4
 1889 0048 FFF7FEFF 		bl	USBH_MSC_SCSI_Write
 1890              	.LVL179:
 839:Middlewares/ST/STM32_USB_Host_Library/Class/MSC/Src/usbh_msc.c **** 
 840:Middlewares/ST/STM32_USB_Host_Library/Class/MSC/Src/usbh_msc.c ****   timeout = phost->Timer;
 1891              		.loc 1 840 3 is_stmt 1 view .LVU645
 1892              		.loc 1 840 11 is_stmt 0 view .LVU646
 1893 004c D4F8C483 		ldr	r8, [r4, #964]
 1894              	.LVL180:
 841:Middlewares/ST/STM32_USB_Host_Library/Class/MSC/Src/usbh_msc.c ****   while (USBH_MSC_RdWrProcess(phost, lun) == USBH_BUSY)
 1895              		.loc 1 841 3 is_stmt 1 view .LVU647
 1896              	.L134:
 1897              		.loc 1 841 43 view .LVU648
 1898              		.loc 1 841 10 is_stmt 0 view .LVU649
 1899 0050 2946     		mov	r1, r5
 1900 0052 2046     		mov	r0, r4
 1901 0054 FFF7FEFF 		bl	USBH_MSC_RdWrProcess
 1902              	.LVL181:
 1903              		.loc 1 841 43 discriminator 1 view .LVU650
 1904 0058 0128     		cmp	r0, #1
 1905 005a 11D1     		bne	.L142
 842:Middlewares/ST/STM32_USB_Host_Library/Class/MSC/Src/usbh_msc.c ****   {
 843:Middlewares/ST/STM32_USB_Host_Library/Class/MSC/Src/usbh_msc.c ****     if (((phost->Timer - timeout) > (10000U * length)) || (phost->device.is_connected == 0U))
 1906              		.loc 1 843 5 is_stmt 1 view .LVU651
 1907              		.loc 1 843 16 is_stmt 0 view .LVU652
 1908 005c D4F8C423 		ldr	r2, [r4, #964]
 1909              		.loc 1 843 24 view .LVU653
 1910 0060 A2EB0802 		sub	r2, r2, r8
 1911              		.loc 1 843 45 view .LVU654
 1912 0064 42F21073 		movw	r3, #10000
 1913 0068 06FB03F3 		mul	r3, r6, r3
 1914              		.loc 1 843 8 view .LVU655
ARM GAS  /tmp/ccYgCVot.s 			page 58


 1915 006c 9A42     		cmp	r2, r3
 1916 006e 03D8     		bhi	.L135
 1917              		.loc 1 843 73 discriminator 1 view .LVU656
 1918 0070 94F82033 		ldrb	r3, [r4, #800]	@ zero_extendqisi2
 1919              		.loc 1 843 56 discriminator 1 view .LVU657
 1920 0074 002B     		cmp	r3, #0
 1921 0076 EBD1     		bne	.L134
 1922              	.L135:
 844:Middlewares/ST/STM32_USB_Host_Library/Class/MSC/Src/usbh_msc.c ****     {
 845:Middlewares/ST/STM32_USB_Host_Library/Class/MSC/Src/usbh_msc.c ****       MSC_Handle->state = MSC_IDLE;
 1923              		.loc 1 845 7 is_stmt 1 view .LVU658
 1924              		.loc 1 845 25 is_stmt 0 view .LVU659
 1925 0078 0123     		movs	r3, #1
 1926 007a 3B73     		strb	r3, [r7, #12]
 846:Middlewares/ST/STM32_USB_Host_Library/Class/MSC/Src/usbh_msc.c ****       return USBH_FAIL;
 1927              		.loc 1 846 7 is_stmt 1 view .LVU660
 1928              		.loc 1 846 14 is_stmt 0 view .LVU661
 1929 007c 0220     		movs	r0, #2
 1930 007e 06E0     		b	.L133
 1931              	.L142:
 847:Middlewares/ST/STM32_USB_Host_Library/Class/MSC/Src/usbh_msc.c ****     }
 848:Middlewares/ST/STM32_USB_Host_Library/Class/MSC/Src/usbh_msc.c ****   }
 849:Middlewares/ST/STM32_USB_Host_Library/Class/MSC/Src/usbh_msc.c ****   MSC_Handle->state = MSC_IDLE;
 1932              		.loc 1 849 3 is_stmt 1 view .LVU662
 1933              		.loc 1 849 21 is_stmt 0 view .LVU663
 1934 0080 0123     		movs	r3, #1
 1935 0082 3B73     		strb	r3, [r7, #12]
 850:Middlewares/ST/STM32_USB_Host_Library/Class/MSC/Src/usbh_msc.c ****   return USBH_OK;
 1936              		.loc 1 850 3 is_stmt 1 view .LVU664
 1937              		.loc 1 850 10 is_stmt 0 view .LVU665
 1938 0084 0020     		movs	r0, #0
 1939 0086 02E0     		b	.L133
 1940              	.LVL182:
 1941              	.L137:
 831:Middlewares/ST/STM32_USB_Host_Library/Class/MSC/Src/usbh_msc.c ****   }
 1942              		.loc 1 831 13 view .LVU666
 1943 0088 0220     		movs	r0, #2
 1944              	.LVL183:
 831:Middlewares/ST/STM32_USB_Host_Library/Class/MSC/Src/usbh_msc.c ****   }
 1945              		.loc 1 831 13 view .LVU667
 1946 008a 00E0     		b	.L133
 1947              	.LVL184:
 1948              	.L138:
 831:Middlewares/ST/STM32_USB_Host_Library/Class/MSC/Src/usbh_msc.c ****   }
 1949              		.loc 1 831 13 view .LVU668
 1950 008c 0220     		movs	r0, #2
 1951              	.LVL185:
 1952              	.L133:
 851:Middlewares/ST/STM32_USB_Host_Library/Class/MSC/Src/usbh_msc.c **** }
 1953              		.loc 1 851 1 view .LVU669
 1954 008e 02B0     		add	sp, sp, #8
 1955              	.LCFI17:
 1956              		.cfi_def_cfa_offset 24
 1957              		@ sp needed
 1958 0090 BDE8F081 		pop	{r4, r5, r6, r7, r8, pc}
 1959              		.loc 1 851 1 view .LVU670
 1960              		.cfi_endproc
ARM GAS  /tmp/ccYgCVot.s 			page 59


 1961              	.LFE144:
 1963              		.global	USBH_msc
 1964              		.section	.rodata.str1.4,"aMS",%progbits,1
 1965              		.align	2
 1966              	.LC0:
 1967 0000 4D534300 		.ascii	"MSC\000"
 1968              		.section	.data.USBH_msc,"aw"
 1969              		.align	2
 1972              	USBH_msc:
 1973 0000 00000000 		.word	.LC0
 1974 0004 08       		.byte	8
 1975 0005 000000   		.space	3
 1976 0008 00000000 		.word	USBH_MSC_InterfaceInit
 1977 000c 00000000 		.word	USBH_MSC_InterfaceDeInit
 1978 0010 00000000 		.word	USBH_MSC_ClassRequest
 1979 0014 00000000 		.word	USBH_MSC_Process
 1980 0018 00000000 		.word	USBH_MSC_SOFProcess
 1981 001c 00000000 		.word	0
 1982              		.text
 1983              	.Letext0:
 1984              		.file 2 "/usr/lib/gcc/arm-none-eabi/14.2.1/include/stdint.h"
 1985              		.file 3 "Middlewares/ST/STM32_USB_Host_Library/Core/Inc/usbh_def.h"
 1986              		.file 4 "Middlewares/ST/STM32_USB_Host_Library/Class/MSC/Inc/usbh_msc_bot.h"
 1987              		.file 5 "Middlewares/ST/STM32_USB_Host_Library/Class/MSC/Inc/usbh_msc_scsi.h"
 1988              		.file 6 "Middlewares/ST/STM32_USB_Host_Library/Class/MSC/Inc/usbh_msc.h"
 1989              		.file 7 "/usr/include/newlib/string.h"
 1990              		.file 8 "Middlewares/ST/STM32_USB_Host_Library/Core/Inc/usbh_core.h"
 1991              		.file 9 "Middlewares/ST/STM32_USB_Host_Library/Core/Inc/usbh_pipes.h"
 1992              		.file 10 "/usr/include/newlib/stdlib.h"
 1993              		.file 11 "Middlewares/ST/STM32_USB_Host_Library/Core/Inc/usbh_ctlreq.h"
 1994              		.file 12 "<built-in>"
ARM GAS  /tmp/ccYgCVot.s 			page 60


DEFINED SYMBOLS
                            *ABS*:00000000 usbh_msc.c
     /tmp/ccYgCVot.s:21     .text.USBH_MSC_SOFProcess:00000000 $t
     /tmp/ccYgCVot.s:26     .text.USBH_MSC_SOFProcess:00000000 USBH_MSC_SOFProcess
     /tmp/ccYgCVot.s:45     .text.USBH_MSC_Process:00000000 $t
     /tmp/ccYgCVot.s:50     .text.USBH_MSC_Process:00000000 USBH_MSC_Process
     /tmp/ccYgCVot.s:114    .text.USBH_MSC_Process:0000003e $d
     /tmp/ccYgCVot.s:123    .text.USBH_MSC_Process:00000050 $t
     /tmp/ccYgCVot.s:620    .text.USBH_MSC_ClassRequest:00000000 $t
     /tmp/ccYgCVot.s:625    .text.USBH_MSC_ClassRequest:00000000 USBH_MSC_ClassRequest
     /tmp/ccYgCVot.s:762    .text.USBH_MSC_InterfaceDeInit:00000000 $t
     /tmp/ccYgCVot.s:767    .text.USBH_MSC_InterfaceDeInit:00000000 USBH_MSC_InterfaceDeInit
     /tmp/ccYgCVot.s:861    .text.USBH_MSC_InterfaceInit:00000000 $t
     /tmp/ccYgCVot.s:866    .text.USBH_MSC_InterfaceInit:00000000 USBH_MSC_InterfaceInit
     /tmp/ccYgCVot.s:1158   .text.USBH_MSC_RdWrProcess:00000000 $t
     /tmp/ccYgCVot.s:1163   .text.USBH_MSC_RdWrProcess:00000000 USBH_MSC_RdWrProcess
     /tmp/ccYgCVot.s:1417   .text.USBH_MSC_IsReady:00000000 $t
     /tmp/ccYgCVot.s:1423   .text.USBH_MSC_IsReady:00000000 USBH_MSC_IsReady
     /tmp/ccYgCVot.s:1466   .text.USBH_MSC_GetMaxLUN:00000000 $t
     /tmp/ccYgCVot.s:1472   .text.USBH_MSC_GetMaxLUN:00000000 USBH_MSC_GetMaxLUN
     /tmp/ccYgCVot.s:1521   .text.USBH_MSC_UnitIsReady:00000000 $t
     /tmp/ccYgCVot.s:1527   .text.USBH_MSC_UnitIsReady:00000000 USBH_MSC_UnitIsReady
     /tmp/ccYgCVot.s:1580   .text.USBH_MSC_GetLUNInfo:00000000 $t
     /tmp/ccYgCVot.s:1586   .text.USBH_MSC_GetLUNInfo:00000000 USBH_MSC_GetLUNInfo
     /tmp/ccYgCVot.s:1654   .text.USBH_MSC_Read:00000000 $t
     /tmp/ccYgCVot.s:1660   .text.USBH_MSC_Read:00000000 USBH_MSC_Read
     /tmp/ccYgCVot.s:1809   .text.USBH_MSC_Write:00000000 $t
     /tmp/ccYgCVot.s:1815   .text.USBH_MSC_Write:00000000 USBH_MSC_Write
     /tmp/ccYgCVot.s:1972   .data.USBH_msc:00000000 USBH_msc
     /tmp/ccYgCVot.s:1965   .rodata.str1.4:00000000 $d
     /tmp/ccYgCVot.s:1969   .data.USBH_msc:00000000 $d

UNDEFINED SYMBOLS
USBH_MSC_SCSI_Inquiry
USBH_MSC_SCSI_TestUnitReady
USBH_MSC_SCSI_ReadCapacity
USBH_MSC_SCSI_RequestSense
USBH_MSC_BOT_REQ_GetMaxLUN
USBH_ClrFeature
free
USBH_ClosePipe
USBH_FreePipe
USBH_FindInterface
USBH_SelectInterface
malloc
memset
USBH_AllocPipe
USBH_MSC_BOT_Init
USBH_OpenPipe
USBH_LL_SetToggle
USBH_MSC_SCSI_Read
USBH_MSC_SCSI_Write
