ARM GAS  /tmp/cczvdhxn.s 			page 1


   1              		.cpu cortex-m4
   2              		.arch armv7e-m
   3              		.fpu fpv4-sp-d16
   4              		.eabi_attribute 27, 1
   5              		.eabi_attribute 28, 1
   6              		.eabi_attribute 20, 1
   7              		.eabi_attribute 21, 1
   8              		.eabi_attribute 23, 3
   9              		.eabi_attribute 24, 1
  10              		.eabi_attribute 25, 1
  11              		.eabi_attribute 26, 1
  12              		.eabi_attribute 30, 1
  13              		.eabi_attribute 34, 1
  14              		.eabi_attribute 18, 4
  15              		.file	"usbh_core.c"
  16              		.text
  17              	.Ltext0:
  18              		.cfi_sections	.debug_frame
  19              		.file 1 "Middlewares/ST/STM32_USB_Host_Library/Core/Src/usbh_core.c"
  20              		.section	.text.DeInitStateMachine,"ax",%progbits
  21              		.align	1
  22              		.syntax unified
  23              		.thumb
  24              		.thumb_func
  26              	DeInitStateMachine:
  27              	.LVL0:
  28              	.LFB135:
   1:Middlewares/ST/STM32_USB_Host_Library/Core/Src/usbh_core.c **** /**
   2:Middlewares/ST/STM32_USB_Host_Library/Core/Src/usbh_core.c ****   ******************************************************************************
   3:Middlewares/ST/STM32_USB_Host_Library/Core/Src/usbh_core.c ****   * @file    usbh_core.c
   4:Middlewares/ST/STM32_USB_Host_Library/Core/Src/usbh_core.c ****   * @author  MCD Application Team
   5:Middlewares/ST/STM32_USB_Host_Library/Core/Src/usbh_core.c ****   * @brief   This file implements the functions for the core state machine process
   6:Middlewares/ST/STM32_USB_Host_Library/Core/Src/usbh_core.c ****   *          the enumeration and the control transfer process
   7:Middlewares/ST/STM32_USB_Host_Library/Core/Src/usbh_core.c ****   ******************************************************************************
   8:Middlewares/ST/STM32_USB_Host_Library/Core/Src/usbh_core.c ****   * @attention
   9:Middlewares/ST/STM32_USB_Host_Library/Core/Src/usbh_core.c ****   *
  10:Middlewares/ST/STM32_USB_Host_Library/Core/Src/usbh_core.c ****   * <h2><center>&copy; Copyright (c) 2015 STMicroelectronics.
  11:Middlewares/ST/STM32_USB_Host_Library/Core/Src/usbh_core.c ****   * All rights reserved.</center></h2>
  12:Middlewares/ST/STM32_USB_Host_Library/Core/Src/usbh_core.c ****   *
  13:Middlewares/ST/STM32_USB_Host_Library/Core/Src/usbh_core.c ****   * This software component is licensed by ST under Ultimate Liberty license
  14:Middlewares/ST/STM32_USB_Host_Library/Core/Src/usbh_core.c ****   * SLA0044, the "License"; You may not use this file except in compliance with
  15:Middlewares/ST/STM32_USB_Host_Library/Core/Src/usbh_core.c ****   * the License. You may obtain a copy of the License at:
  16:Middlewares/ST/STM32_USB_Host_Library/Core/Src/usbh_core.c ****   *                      www.st.com/SLA0044
  17:Middlewares/ST/STM32_USB_Host_Library/Core/Src/usbh_core.c ****   *
  18:Middlewares/ST/STM32_USB_Host_Library/Core/Src/usbh_core.c ****   ******************************************************************************
  19:Middlewares/ST/STM32_USB_Host_Library/Core/Src/usbh_core.c ****   */
  20:Middlewares/ST/STM32_USB_Host_Library/Core/Src/usbh_core.c **** 
  21:Middlewares/ST/STM32_USB_Host_Library/Core/Src/usbh_core.c **** /* Includes ------------------------------------------------------------------*/
  22:Middlewares/ST/STM32_USB_Host_Library/Core/Src/usbh_core.c **** #include "usbh_core.h"
  23:Middlewares/ST/STM32_USB_Host_Library/Core/Src/usbh_core.c **** 
  24:Middlewares/ST/STM32_USB_Host_Library/Core/Src/usbh_core.c **** 
  25:Middlewares/ST/STM32_USB_Host_Library/Core/Src/usbh_core.c **** /** @addtogroup USBH_LIB
  26:Middlewares/ST/STM32_USB_Host_Library/Core/Src/usbh_core.c ****   * @{
  27:Middlewares/ST/STM32_USB_Host_Library/Core/Src/usbh_core.c ****   */
  28:Middlewares/ST/STM32_USB_Host_Library/Core/Src/usbh_core.c **** 
  29:Middlewares/ST/STM32_USB_Host_Library/Core/Src/usbh_core.c **** /** @addtogroup USBH_LIB_CORE
  30:Middlewares/ST/STM32_USB_Host_Library/Core/Src/usbh_core.c ****   * @{
ARM GAS  /tmp/cczvdhxn.s 			page 2


  31:Middlewares/ST/STM32_USB_Host_Library/Core/Src/usbh_core.c ****   */
  32:Middlewares/ST/STM32_USB_Host_Library/Core/Src/usbh_core.c **** 
  33:Middlewares/ST/STM32_USB_Host_Library/Core/Src/usbh_core.c **** /** @defgroup USBH_CORE
  34:Middlewares/ST/STM32_USB_Host_Library/Core/Src/usbh_core.c ****   * @brief This file handles the basic enumeration when a device is connected
  35:Middlewares/ST/STM32_USB_Host_Library/Core/Src/usbh_core.c ****   *          to the host.
  36:Middlewares/ST/STM32_USB_Host_Library/Core/Src/usbh_core.c ****   * @{
  37:Middlewares/ST/STM32_USB_Host_Library/Core/Src/usbh_core.c ****   */
  38:Middlewares/ST/STM32_USB_Host_Library/Core/Src/usbh_core.c **** 
  39:Middlewares/ST/STM32_USB_Host_Library/Core/Src/usbh_core.c **** 
  40:Middlewares/ST/STM32_USB_Host_Library/Core/Src/usbh_core.c **** /** @defgroup USBH_CORE_Private_Defines
  41:Middlewares/ST/STM32_USB_Host_Library/Core/Src/usbh_core.c ****   * @{
  42:Middlewares/ST/STM32_USB_Host_Library/Core/Src/usbh_core.c ****   */
  43:Middlewares/ST/STM32_USB_Host_Library/Core/Src/usbh_core.c **** #define USBH_ADDRESS_DEFAULT                     0x00U
  44:Middlewares/ST/STM32_USB_Host_Library/Core/Src/usbh_core.c **** #define USBH_ADDRESS_ASSIGNED                    0x01U
  45:Middlewares/ST/STM32_USB_Host_Library/Core/Src/usbh_core.c **** #define USBH_MPS_DEFAULT                         0x40U
  46:Middlewares/ST/STM32_USB_Host_Library/Core/Src/usbh_core.c **** /**
  47:Middlewares/ST/STM32_USB_Host_Library/Core/Src/usbh_core.c ****   * @}
  48:Middlewares/ST/STM32_USB_Host_Library/Core/Src/usbh_core.c ****   */
  49:Middlewares/ST/STM32_USB_Host_Library/Core/Src/usbh_core.c **** 
  50:Middlewares/ST/STM32_USB_Host_Library/Core/Src/usbh_core.c **** /** @defgroup USBH_CORE_Private_Macros
  51:Middlewares/ST/STM32_USB_Host_Library/Core/Src/usbh_core.c ****   * @{
  52:Middlewares/ST/STM32_USB_Host_Library/Core/Src/usbh_core.c ****   */
  53:Middlewares/ST/STM32_USB_Host_Library/Core/Src/usbh_core.c **** /**
  54:Middlewares/ST/STM32_USB_Host_Library/Core/Src/usbh_core.c ****   * @}
  55:Middlewares/ST/STM32_USB_Host_Library/Core/Src/usbh_core.c ****   */
  56:Middlewares/ST/STM32_USB_Host_Library/Core/Src/usbh_core.c **** 
  57:Middlewares/ST/STM32_USB_Host_Library/Core/Src/usbh_core.c **** 
  58:Middlewares/ST/STM32_USB_Host_Library/Core/Src/usbh_core.c **** /** @defgroup USBH_CORE_Private_Variables
  59:Middlewares/ST/STM32_USB_Host_Library/Core/Src/usbh_core.c ****   * @{
  60:Middlewares/ST/STM32_USB_Host_Library/Core/Src/usbh_core.c ****   */
  61:Middlewares/ST/STM32_USB_Host_Library/Core/Src/usbh_core.c **** #if (USBH_USE_OS == 1U)
  62:Middlewares/ST/STM32_USB_Host_Library/Core/Src/usbh_core.c **** #if (osCMSIS >= 0x20000U)
  63:Middlewares/ST/STM32_USB_Host_Library/Core/Src/usbh_core.c **** osThreadAttr_t USBH_Thread_Atrr;
  64:Middlewares/ST/STM32_USB_Host_Library/Core/Src/usbh_core.c **** #endif
  65:Middlewares/ST/STM32_USB_Host_Library/Core/Src/usbh_core.c **** #endif
  66:Middlewares/ST/STM32_USB_Host_Library/Core/Src/usbh_core.c **** 
  67:Middlewares/ST/STM32_USB_Host_Library/Core/Src/usbh_core.c **** 
  68:Middlewares/ST/STM32_USB_Host_Library/Core/Src/usbh_core.c **** /**
  69:Middlewares/ST/STM32_USB_Host_Library/Core/Src/usbh_core.c ****   * @}
  70:Middlewares/ST/STM32_USB_Host_Library/Core/Src/usbh_core.c ****   */
  71:Middlewares/ST/STM32_USB_Host_Library/Core/Src/usbh_core.c **** 
  72:Middlewares/ST/STM32_USB_Host_Library/Core/Src/usbh_core.c **** 
  73:Middlewares/ST/STM32_USB_Host_Library/Core/Src/usbh_core.c **** /** @defgroup USBH_CORE_Private_Functions
  74:Middlewares/ST/STM32_USB_Host_Library/Core/Src/usbh_core.c ****   * @{
  75:Middlewares/ST/STM32_USB_Host_Library/Core/Src/usbh_core.c ****   */
  76:Middlewares/ST/STM32_USB_Host_Library/Core/Src/usbh_core.c **** static USBH_StatusTypeDef USBH_HandleEnum(USBH_HandleTypeDef *phost);
  77:Middlewares/ST/STM32_USB_Host_Library/Core/Src/usbh_core.c **** static void USBH_HandleSof(USBH_HandleTypeDef *phost);
  78:Middlewares/ST/STM32_USB_Host_Library/Core/Src/usbh_core.c **** static USBH_StatusTypeDef DeInitStateMachine(USBH_HandleTypeDef *phost);
  79:Middlewares/ST/STM32_USB_Host_Library/Core/Src/usbh_core.c **** 
  80:Middlewares/ST/STM32_USB_Host_Library/Core/Src/usbh_core.c **** #if (USBH_USE_OS == 1U)
  81:Middlewares/ST/STM32_USB_Host_Library/Core/Src/usbh_core.c **** #if (osCMSIS < 0x20000U)
  82:Middlewares/ST/STM32_USB_Host_Library/Core/Src/usbh_core.c **** static void USBH_Process_OS(void const *argument);
  83:Middlewares/ST/STM32_USB_Host_Library/Core/Src/usbh_core.c **** #else
  84:Middlewares/ST/STM32_USB_Host_Library/Core/Src/usbh_core.c **** static void USBH_Process_OS(void *argument);
  85:Middlewares/ST/STM32_USB_Host_Library/Core/Src/usbh_core.c **** #endif
  86:Middlewares/ST/STM32_USB_Host_Library/Core/Src/usbh_core.c **** #endif
  87:Middlewares/ST/STM32_USB_Host_Library/Core/Src/usbh_core.c **** 
ARM GAS  /tmp/cczvdhxn.s 			page 3


  88:Middlewares/ST/STM32_USB_Host_Library/Core/Src/usbh_core.c **** 
  89:Middlewares/ST/STM32_USB_Host_Library/Core/Src/usbh_core.c **** /**
  90:Middlewares/ST/STM32_USB_Host_Library/Core/Src/usbh_core.c ****   * @brief  HCD_Init
  91:Middlewares/ST/STM32_USB_Host_Library/Core/Src/usbh_core.c ****   *         Initialize the HOST Core.
  92:Middlewares/ST/STM32_USB_Host_Library/Core/Src/usbh_core.c ****   * @param  phost: Host Handle
  93:Middlewares/ST/STM32_USB_Host_Library/Core/Src/usbh_core.c ****   * @param  pUsrFunc: User Callback
  94:Middlewares/ST/STM32_USB_Host_Library/Core/Src/usbh_core.c ****   * @retval USBH Status
  95:Middlewares/ST/STM32_USB_Host_Library/Core/Src/usbh_core.c ****   */
  96:Middlewares/ST/STM32_USB_Host_Library/Core/Src/usbh_core.c **** USBH_StatusTypeDef  USBH_Init(USBH_HandleTypeDef *phost,
  97:Middlewares/ST/STM32_USB_Host_Library/Core/Src/usbh_core.c ****                               void (*pUsrFunc)(USBH_HandleTypeDef *phost,
  98:Middlewares/ST/STM32_USB_Host_Library/Core/Src/usbh_core.c ****                                                uint8_t id), uint8_t id)
  99:Middlewares/ST/STM32_USB_Host_Library/Core/Src/usbh_core.c **** {
 100:Middlewares/ST/STM32_USB_Host_Library/Core/Src/usbh_core.c ****   /* Check whether the USB Host handle is valid */
 101:Middlewares/ST/STM32_USB_Host_Library/Core/Src/usbh_core.c ****   if (phost == NULL)
 102:Middlewares/ST/STM32_USB_Host_Library/Core/Src/usbh_core.c ****   {
 103:Middlewares/ST/STM32_USB_Host_Library/Core/Src/usbh_core.c ****     USBH_ErrLog("Invalid Host handle");
 104:Middlewares/ST/STM32_USB_Host_Library/Core/Src/usbh_core.c ****     return USBH_FAIL;
 105:Middlewares/ST/STM32_USB_Host_Library/Core/Src/usbh_core.c ****   }
 106:Middlewares/ST/STM32_USB_Host_Library/Core/Src/usbh_core.c **** 
 107:Middlewares/ST/STM32_USB_Host_Library/Core/Src/usbh_core.c ****   /* Set DRiver ID */
 108:Middlewares/ST/STM32_USB_Host_Library/Core/Src/usbh_core.c ****   phost->id = id;
 109:Middlewares/ST/STM32_USB_Host_Library/Core/Src/usbh_core.c **** 
 110:Middlewares/ST/STM32_USB_Host_Library/Core/Src/usbh_core.c ****   /* Unlink class*/
 111:Middlewares/ST/STM32_USB_Host_Library/Core/Src/usbh_core.c ****   phost->pActiveClass = NULL;
 112:Middlewares/ST/STM32_USB_Host_Library/Core/Src/usbh_core.c ****   phost->ClassNumber = 0U;
 113:Middlewares/ST/STM32_USB_Host_Library/Core/Src/usbh_core.c **** 
 114:Middlewares/ST/STM32_USB_Host_Library/Core/Src/usbh_core.c ****   /* Restore default states and prepare EP0 */
 115:Middlewares/ST/STM32_USB_Host_Library/Core/Src/usbh_core.c ****   (void)DeInitStateMachine(phost);
 116:Middlewares/ST/STM32_USB_Host_Library/Core/Src/usbh_core.c **** 
 117:Middlewares/ST/STM32_USB_Host_Library/Core/Src/usbh_core.c ****   /* Restore default Device connection states */
 118:Middlewares/ST/STM32_USB_Host_Library/Core/Src/usbh_core.c ****   phost->device.PortEnabled = 0U;
 119:Middlewares/ST/STM32_USB_Host_Library/Core/Src/usbh_core.c ****   phost->device.is_connected = 0U;
 120:Middlewares/ST/STM32_USB_Host_Library/Core/Src/usbh_core.c ****   phost->device.is_disconnected = 0U;
 121:Middlewares/ST/STM32_USB_Host_Library/Core/Src/usbh_core.c ****   phost->device.is_ReEnumerated = 0U;
 122:Middlewares/ST/STM32_USB_Host_Library/Core/Src/usbh_core.c **** 
 123:Middlewares/ST/STM32_USB_Host_Library/Core/Src/usbh_core.c ****   /* Assign User process */
 124:Middlewares/ST/STM32_USB_Host_Library/Core/Src/usbh_core.c ****   if (pUsrFunc != NULL)
 125:Middlewares/ST/STM32_USB_Host_Library/Core/Src/usbh_core.c ****   {
 126:Middlewares/ST/STM32_USB_Host_Library/Core/Src/usbh_core.c ****     phost->pUser = pUsrFunc;
 127:Middlewares/ST/STM32_USB_Host_Library/Core/Src/usbh_core.c ****   }
 128:Middlewares/ST/STM32_USB_Host_Library/Core/Src/usbh_core.c **** 
 129:Middlewares/ST/STM32_USB_Host_Library/Core/Src/usbh_core.c **** #if (USBH_USE_OS == 1U)
 130:Middlewares/ST/STM32_USB_Host_Library/Core/Src/usbh_core.c **** #if (osCMSIS < 0x20000U)
 131:Middlewares/ST/STM32_USB_Host_Library/Core/Src/usbh_core.c **** 
 132:Middlewares/ST/STM32_USB_Host_Library/Core/Src/usbh_core.c ****   /* Create USB Host Queue */
 133:Middlewares/ST/STM32_USB_Host_Library/Core/Src/usbh_core.c ****   osMessageQDef(USBH_Queue, MSGQUEUE_OBJECTS, uint16_t);
 134:Middlewares/ST/STM32_USB_Host_Library/Core/Src/usbh_core.c ****   phost->os_event = osMessageCreate(osMessageQ(USBH_Queue), NULL);
 135:Middlewares/ST/STM32_USB_Host_Library/Core/Src/usbh_core.c **** 
 136:Middlewares/ST/STM32_USB_Host_Library/Core/Src/usbh_core.c ****   /* Create USB Host Task */
 137:Middlewares/ST/STM32_USB_Host_Library/Core/Src/usbh_core.c **** #if defined (USBH_PROCESS_STACK_SIZE)
 138:Middlewares/ST/STM32_USB_Host_Library/Core/Src/usbh_core.c ****   osThreadDef(USBH_Thread, USBH_Process_OS, USBH_PROCESS_PRIO, 0U, USBH_PROCESS_STACK_SIZE);
 139:Middlewares/ST/STM32_USB_Host_Library/Core/Src/usbh_core.c **** #else
 140:Middlewares/ST/STM32_USB_Host_Library/Core/Src/usbh_core.c ****   osThreadDef(USBH_Thread, USBH_Process_OS, USBH_PROCESS_PRIO, 0U, 8U * configMINIMAL_STACK_SIZE);
 141:Middlewares/ST/STM32_USB_Host_Library/Core/Src/usbh_core.c **** #endif /* defined (USBH_PROCESS_STACK_SIZE) */
 142:Middlewares/ST/STM32_USB_Host_Library/Core/Src/usbh_core.c **** 
 143:Middlewares/ST/STM32_USB_Host_Library/Core/Src/usbh_core.c ****   phost->thread = osThreadCreate(osThread(USBH_Thread), phost);
 144:Middlewares/ST/STM32_USB_Host_Library/Core/Src/usbh_core.c **** 
ARM GAS  /tmp/cczvdhxn.s 			page 4


 145:Middlewares/ST/STM32_USB_Host_Library/Core/Src/usbh_core.c **** #else
 146:Middlewares/ST/STM32_USB_Host_Library/Core/Src/usbh_core.c **** 
 147:Middlewares/ST/STM32_USB_Host_Library/Core/Src/usbh_core.c ****   /* Create USB Host Queue */
 148:Middlewares/ST/STM32_USB_Host_Library/Core/Src/usbh_core.c ****   phost->os_event = osMessageQueueNew(MSGQUEUE_OBJECTS, sizeof(uint32_t), NULL);
 149:Middlewares/ST/STM32_USB_Host_Library/Core/Src/usbh_core.c **** 
 150:Middlewares/ST/STM32_USB_Host_Library/Core/Src/usbh_core.c ****   /* Create USB Host Task */
 151:Middlewares/ST/STM32_USB_Host_Library/Core/Src/usbh_core.c ****   USBH_Thread_Atrr.name = "USBH_Queue";
 152:Middlewares/ST/STM32_USB_Host_Library/Core/Src/usbh_core.c **** 
 153:Middlewares/ST/STM32_USB_Host_Library/Core/Src/usbh_core.c **** #if defined (USBH_PROCESS_STACK_SIZE)
 154:Middlewares/ST/STM32_USB_Host_Library/Core/Src/usbh_core.c ****   USBH_Thread_Atrr.stack_size = USBH_PROCESS_STACK_SIZE;
 155:Middlewares/ST/STM32_USB_Host_Library/Core/Src/usbh_core.c **** #else
 156:Middlewares/ST/STM32_USB_Host_Library/Core/Src/usbh_core.c ****   USBH_Thread_Atrr.stack_size = (8U * configMINIMAL_STACK_SIZE);
 157:Middlewares/ST/STM32_USB_Host_Library/Core/Src/usbh_core.c **** #endif /* defined (USBH_PROCESS_STACK_SIZE) */
 158:Middlewares/ST/STM32_USB_Host_Library/Core/Src/usbh_core.c **** 
 159:Middlewares/ST/STM32_USB_Host_Library/Core/Src/usbh_core.c ****   USBH_Thread_Atrr.priority = USBH_PROCESS_PRIO;
 160:Middlewares/ST/STM32_USB_Host_Library/Core/Src/usbh_core.c ****   phost->thread = osThreadNew(USBH_Process_OS, phost, &USBH_Thread_Atrr);
 161:Middlewares/ST/STM32_USB_Host_Library/Core/Src/usbh_core.c **** 
 162:Middlewares/ST/STM32_USB_Host_Library/Core/Src/usbh_core.c **** #endif /* (osCMSIS < 0x20000U) */
 163:Middlewares/ST/STM32_USB_Host_Library/Core/Src/usbh_core.c **** #endif /* (USBH_USE_OS == 1U) */
 164:Middlewares/ST/STM32_USB_Host_Library/Core/Src/usbh_core.c **** 
 165:Middlewares/ST/STM32_USB_Host_Library/Core/Src/usbh_core.c ****   /* Initialize low level driver */
 166:Middlewares/ST/STM32_USB_Host_Library/Core/Src/usbh_core.c ****   (void)USBH_LL_Init(phost);
 167:Middlewares/ST/STM32_USB_Host_Library/Core/Src/usbh_core.c **** 
 168:Middlewares/ST/STM32_USB_Host_Library/Core/Src/usbh_core.c ****   return USBH_OK;
 169:Middlewares/ST/STM32_USB_Host_Library/Core/Src/usbh_core.c **** }
 170:Middlewares/ST/STM32_USB_Host_Library/Core/Src/usbh_core.c **** 
 171:Middlewares/ST/STM32_USB_Host_Library/Core/Src/usbh_core.c **** 
 172:Middlewares/ST/STM32_USB_Host_Library/Core/Src/usbh_core.c **** /**
 173:Middlewares/ST/STM32_USB_Host_Library/Core/Src/usbh_core.c ****   * @brief  HCD_Init
 174:Middlewares/ST/STM32_USB_Host_Library/Core/Src/usbh_core.c ****   *         De-Initialize the Host portion of the driver.
 175:Middlewares/ST/STM32_USB_Host_Library/Core/Src/usbh_core.c ****   * @param  phost: Host Handle
 176:Middlewares/ST/STM32_USB_Host_Library/Core/Src/usbh_core.c ****   * @retval USBH Status
 177:Middlewares/ST/STM32_USB_Host_Library/Core/Src/usbh_core.c ****   */
 178:Middlewares/ST/STM32_USB_Host_Library/Core/Src/usbh_core.c **** USBH_StatusTypeDef USBH_DeInit(USBH_HandleTypeDef *phost)
 179:Middlewares/ST/STM32_USB_Host_Library/Core/Src/usbh_core.c **** {
 180:Middlewares/ST/STM32_USB_Host_Library/Core/Src/usbh_core.c ****   (void)DeInitStateMachine(phost);
 181:Middlewares/ST/STM32_USB_Host_Library/Core/Src/usbh_core.c **** 
 182:Middlewares/ST/STM32_USB_Host_Library/Core/Src/usbh_core.c ****   /* Restore default Device connection states */
 183:Middlewares/ST/STM32_USB_Host_Library/Core/Src/usbh_core.c ****   phost->device.PortEnabled = 0U;
 184:Middlewares/ST/STM32_USB_Host_Library/Core/Src/usbh_core.c ****   phost->device.is_connected = 0U;
 185:Middlewares/ST/STM32_USB_Host_Library/Core/Src/usbh_core.c ****   phost->device.is_disconnected = 0U;
 186:Middlewares/ST/STM32_USB_Host_Library/Core/Src/usbh_core.c ****   phost->device.is_ReEnumerated = 0U;
 187:Middlewares/ST/STM32_USB_Host_Library/Core/Src/usbh_core.c ****   phost->device.RstCnt = 0U;
 188:Middlewares/ST/STM32_USB_Host_Library/Core/Src/usbh_core.c ****   phost->device.EnumCnt = 0U;
 189:Middlewares/ST/STM32_USB_Host_Library/Core/Src/usbh_core.c **** 
 190:Middlewares/ST/STM32_USB_Host_Library/Core/Src/usbh_core.c ****   if (phost->pData != NULL)
 191:Middlewares/ST/STM32_USB_Host_Library/Core/Src/usbh_core.c ****   {
 192:Middlewares/ST/STM32_USB_Host_Library/Core/Src/usbh_core.c ****     (void)USBH_LL_Stop(phost);
 193:Middlewares/ST/STM32_USB_Host_Library/Core/Src/usbh_core.c ****   }
 194:Middlewares/ST/STM32_USB_Host_Library/Core/Src/usbh_core.c **** 
 195:Middlewares/ST/STM32_USB_Host_Library/Core/Src/usbh_core.c **** #if (USBH_USE_OS == 1U)
 196:Middlewares/ST/STM32_USB_Host_Library/Core/Src/usbh_core.c **** #if (osCMSIS < 0x20000U)
 197:Middlewares/ST/STM32_USB_Host_Library/Core/Src/usbh_core.c **** 
 198:Middlewares/ST/STM32_USB_Host_Library/Core/Src/usbh_core.c ****   /* Free allocated resource for USBH process */
 199:Middlewares/ST/STM32_USB_Host_Library/Core/Src/usbh_core.c ****   (void)osThreadTerminate(phost->thread);
 200:Middlewares/ST/STM32_USB_Host_Library/Core/Src/usbh_core.c ****   (void)osMessageDelete(phost->os_event);
 201:Middlewares/ST/STM32_USB_Host_Library/Core/Src/usbh_core.c **** 
ARM GAS  /tmp/cczvdhxn.s 			page 5


 202:Middlewares/ST/STM32_USB_Host_Library/Core/Src/usbh_core.c **** #else
 203:Middlewares/ST/STM32_USB_Host_Library/Core/Src/usbh_core.c **** 
 204:Middlewares/ST/STM32_USB_Host_Library/Core/Src/usbh_core.c ****   /* Free allocated resource for USBH process */
 205:Middlewares/ST/STM32_USB_Host_Library/Core/Src/usbh_core.c ****   (void)osThreadTerminate(phost->thread);
 206:Middlewares/ST/STM32_USB_Host_Library/Core/Src/usbh_core.c ****   (void)osMessageQueueDelete(phost->os_event);
 207:Middlewares/ST/STM32_USB_Host_Library/Core/Src/usbh_core.c **** 
 208:Middlewares/ST/STM32_USB_Host_Library/Core/Src/usbh_core.c **** #endif /* (osCMSIS < 0x20000U) */
 209:Middlewares/ST/STM32_USB_Host_Library/Core/Src/usbh_core.c **** #endif /* (USBH_USE_OS == 1U) */
 210:Middlewares/ST/STM32_USB_Host_Library/Core/Src/usbh_core.c **** 
 211:Middlewares/ST/STM32_USB_Host_Library/Core/Src/usbh_core.c ****   return USBH_OK;
 212:Middlewares/ST/STM32_USB_Host_Library/Core/Src/usbh_core.c **** }
 213:Middlewares/ST/STM32_USB_Host_Library/Core/Src/usbh_core.c **** 
 214:Middlewares/ST/STM32_USB_Host_Library/Core/Src/usbh_core.c **** 
 215:Middlewares/ST/STM32_USB_Host_Library/Core/Src/usbh_core.c **** /**
 216:Middlewares/ST/STM32_USB_Host_Library/Core/Src/usbh_core.c ****   * @brief  DeInitStateMachine
 217:Middlewares/ST/STM32_USB_Host_Library/Core/Src/usbh_core.c ****   *         De-Initialize the Host state machine.
 218:Middlewares/ST/STM32_USB_Host_Library/Core/Src/usbh_core.c ****   * @param  phost: Host Handle
 219:Middlewares/ST/STM32_USB_Host_Library/Core/Src/usbh_core.c ****   * @retval USBH Status
 220:Middlewares/ST/STM32_USB_Host_Library/Core/Src/usbh_core.c ****   */
 221:Middlewares/ST/STM32_USB_Host_Library/Core/Src/usbh_core.c **** static USBH_StatusTypeDef DeInitStateMachine(USBH_HandleTypeDef *phost)
 222:Middlewares/ST/STM32_USB_Host_Library/Core/Src/usbh_core.c **** {
  29              		.loc 1 222 1 view -0
  30              		.cfi_startproc
  31              		@ args = 0, pretend = 0, frame = 0
  32              		@ frame_needed = 0, uses_anonymous_args = 0
  33              		@ link register save eliminated.
  34              		.loc 1 222 1 is_stmt 0 view .LVU1
  35 0000 8446     		mov	ip, r0
 223:Middlewares/ST/STM32_USB_Host_Library/Core/Src/usbh_core.c ****   uint32_t i = 0U;
  36              		.loc 1 223 3 is_stmt 1 view .LVU2
  37              	.LVL1:
 224:Middlewares/ST/STM32_USB_Host_Library/Core/Src/usbh_core.c **** 
 225:Middlewares/ST/STM32_USB_Host_Library/Core/Src/usbh_core.c ****   /* Clear Pipes flags*/
 226:Middlewares/ST/STM32_USB_Host_Library/Core/Src/usbh_core.c ****   for (i = 0U; i < USBH_MAX_PIPES_NBR; i++)
  38              		.loc 1 226 3 view .LVU3
  39              		.loc 1 226 10 is_stmt 0 view .LVU4
  40 0002 0023     		movs	r3, #0
  41              		.loc 1 226 3 view .LVU5
  42 0004 06E0     		b	.L2
  43              	.LVL2:
  44              	.L3:
 227:Middlewares/ST/STM32_USB_Host_Library/Core/Src/usbh_core.c ****   {
 228:Middlewares/ST/STM32_USB_Host_Library/Core/Src/usbh_core.c ****     phost->Pipes[i] = 0U;
  45              		.loc 1 228 5 is_stmt 1 view .LVU6
  46              		.loc 1 228 21 is_stmt 0 view .LVU7
  47 0006 03F1E002 		add	r2, r3, #224
  48 000a 0CEB8202 		add	r2, ip, r2, lsl #2
  49 000e 0021     		movs	r1, #0
  50 0010 5160     		str	r1, [r2, #4]
 226:Middlewares/ST/STM32_USB_Host_Library/Core/Src/usbh_core.c ****   {
  51              		.loc 1 226 41 is_stmt 1 discriminator 3 view .LVU8
  52 0012 0133     		adds	r3, r3, #1
  53              	.LVL3:
  54              	.L2:
 226:Middlewares/ST/STM32_USB_Host_Library/Core/Src/usbh_core.c ****   {
  55              		.loc 1 226 18 discriminator 1 view .LVU9
  56 0014 0F2B     		cmp	r3, #15
ARM GAS  /tmp/cczvdhxn.s 			page 6


  57 0016 F6D9     		bls	.L3
 229:Middlewares/ST/STM32_USB_Host_Library/Core/Src/usbh_core.c ****   }
 230:Middlewares/ST/STM32_USB_Host_Library/Core/Src/usbh_core.c **** 
 231:Middlewares/ST/STM32_USB_Host_Library/Core/Src/usbh_core.c ****   for (i = 0U; i < USBH_MAX_DATA_BUFFER; i++)
  58              		.loc 1 231 10 is_stmt 0 view .LVU10
  59 0018 0023     		movs	r3, #0
  60              	.LVL4:
  61              		.loc 1 231 10 view .LVU11
  62 001a 05E0     		b	.L4
  63              	.LVL5:
  64              	.L5:
 232:Middlewares/ST/STM32_USB_Host_Library/Core/Src/usbh_core.c ****   {
 233:Middlewares/ST/STM32_USB_Host_Library/Core/Src/usbh_core.c ****     phost->device.Data[i] = 0U;
  65              		.loc 1 233 5 is_stmt 1 view .LVU12
  66              		.loc 1 233 27 is_stmt 0 view .LVU13
  67 001c 0CEB0302 		add	r2, ip, r3
  68 0020 0021     		movs	r1, #0
  69 0022 82F81C11 		strb	r1, [r2, #284]
 231:Middlewares/ST/STM32_USB_Host_Library/Core/Src/usbh_core.c ****   {
  70              		.loc 1 231 43 is_stmt 1 discriminator 3 view .LVU14
  71 0026 0133     		adds	r3, r3, #1
  72              	.LVL6:
  73              	.L4:
 231:Middlewares/ST/STM32_USB_Host_Library/Core/Src/usbh_core.c ****   {
  74              		.loc 1 231 18 discriminator 1 view .LVU15
  75 0028 B3F5007F 		cmp	r3, #512
  76 002c F6D3     		bcc	.L5
 234:Middlewares/ST/STM32_USB_Host_Library/Core/Src/usbh_core.c ****   }
 235:Middlewares/ST/STM32_USB_Host_Library/Core/Src/usbh_core.c **** 
 236:Middlewares/ST/STM32_USB_Host_Library/Core/Src/usbh_core.c ****   phost->gState = HOST_IDLE;
  77              		.loc 1 236 3 view .LVU16
  78              		.loc 1 236 17 is_stmt 0 view .LVU17
  79 002e 0020     		movs	r0, #0
  80              	.LVL7:
  81              		.loc 1 236 17 view .LVU18
  82 0030 8CF80000 		strb	r0, [ip]
 237:Middlewares/ST/STM32_USB_Host_Library/Core/Src/usbh_core.c ****   phost->EnumState = ENUM_IDLE;
  83              		.loc 1 237 3 is_stmt 1 view .LVU19
  84              		.loc 1 237 20 is_stmt 0 view .LVU20
  85 0034 8CF80100 		strb	r0, [ip, #1]
 238:Middlewares/ST/STM32_USB_Host_Library/Core/Src/usbh_core.c ****   phost->RequestState = CMD_SEND;
  86              		.loc 1 238 3 is_stmt 1 view .LVU21
  87              		.loc 1 238 23 is_stmt 0 view .LVU22
  88 0038 0123     		movs	r3, #1
  89              	.LVL8:
  90              		.loc 1 238 23 view .LVU23
  91 003a 8CF80230 		strb	r3, [ip, #2]
 239:Middlewares/ST/STM32_USB_Host_Library/Core/Src/usbh_core.c ****   phost->Timer = 0U;
  92              		.loc 1 239 3 is_stmt 1 view .LVU24
  93              		.loc 1 239 16 is_stmt 0 view .LVU25
  94 003e CCF8C403 		str	r0, [ip, #964]
 240:Middlewares/ST/STM32_USB_Host_Library/Core/Src/usbh_core.c **** 
 241:Middlewares/ST/STM32_USB_Host_Library/Core/Src/usbh_core.c ****   phost->Control.state = CTRL_SETUP;
  95              		.loc 1 241 3 is_stmt 1 view .LVU26
  96              		.loc 1 241 24 is_stmt 0 view .LVU27
  97 0042 8CF81830 		strb	r3, [ip, #24]
 242:Middlewares/ST/STM32_USB_Host_Library/Core/Src/usbh_core.c ****   phost->Control.pipe_size = USBH_MPS_DEFAULT;
ARM GAS  /tmp/cczvdhxn.s 			page 7


  98              		.loc 1 242 3 is_stmt 1 view .LVU28
  99              		.loc 1 242 28 is_stmt 0 view .LVU29
 100 0046 4022     		movs	r2, #64
 101 0048 8CF80620 		strb	r2, [ip, #6]
 243:Middlewares/ST/STM32_USB_Host_Library/Core/Src/usbh_core.c ****   phost->Control.errorcount = 0U;
 102              		.loc 1 243 3 is_stmt 1 view .LVU30
 103              		.loc 1 243 29 is_stmt 0 view .LVU31
 104 004c 8CF81900 		strb	r0, [ip, #25]
 244:Middlewares/ST/STM32_USB_Host_Library/Core/Src/usbh_core.c **** 
 245:Middlewares/ST/STM32_USB_Host_Library/Core/Src/usbh_core.c ****   phost->device.address = USBH_ADDRESS_DEFAULT;
 105              		.loc 1 245 3 is_stmt 1 view .LVU32
 106              		.loc 1 245 25 is_stmt 0 view .LVU33
 107 0050 8CF81C03 		strb	r0, [ip, #796]
 246:Middlewares/ST/STM32_USB_Host_Library/Core/Src/usbh_core.c ****   phost->device.speed = (uint8_t)USBH_SPEED_FULL;
 108              		.loc 1 246 3 is_stmt 1 view .LVU34
 109              		.loc 1 246 23 is_stmt 0 view .LVU35
 110 0054 8CF81D33 		strb	r3, [ip, #797]
 247:Middlewares/ST/STM32_USB_Host_Library/Core/Src/usbh_core.c ****   phost->device.RstCnt = 0U;
 111              		.loc 1 247 3 is_stmt 1 view .LVU36
 112              		.loc 1 247 24 is_stmt 0 view .LVU37
 113 0058 8CF81F03 		strb	r0, [ip, #799]
 248:Middlewares/ST/STM32_USB_Host_Library/Core/Src/usbh_core.c ****   phost->device.EnumCnt = 0U;
 114              		.loc 1 248 3 is_stmt 1 view .LVU38
 115              		.loc 1 248 25 is_stmt 0 view .LVU39
 116 005c 8CF81E03 		strb	r0, [ip, #798]
 249:Middlewares/ST/STM32_USB_Host_Library/Core/Src/usbh_core.c **** 
 250:Middlewares/ST/STM32_USB_Host_Library/Core/Src/usbh_core.c ****   return USBH_OK;
 117              		.loc 1 250 3 is_stmt 1 view .LVU40
 251:Middlewares/ST/STM32_USB_Host_Library/Core/Src/usbh_core.c **** }
 118              		.loc 1 251 1 is_stmt 0 view .LVU41
 119 0060 7047     		bx	lr
 120              		.cfi_endproc
 121              	.LFE135:
 123              		.section	.text.USBH_HandleSof,"ax",%progbits
 124              		.align	1
 125              		.syntax unified
 126              		.thumb
 127              		.thumb_func
 129              	USBH_HandleSof:
 130              	.LVL9:
 131              	.LFB148:
 252:Middlewares/ST/STM32_USB_Host_Library/Core/Src/usbh_core.c **** 
 253:Middlewares/ST/STM32_USB_Host_Library/Core/Src/usbh_core.c **** 
 254:Middlewares/ST/STM32_USB_Host_Library/Core/Src/usbh_core.c **** /**
 255:Middlewares/ST/STM32_USB_Host_Library/Core/Src/usbh_core.c ****   * @brief  USBH_RegisterClass
 256:Middlewares/ST/STM32_USB_Host_Library/Core/Src/usbh_core.c ****   *         Link class driver to Host Core.
 257:Middlewares/ST/STM32_USB_Host_Library/Core/Src/usbh_core.c ****   * @param  phost : Host Handle
 258:Middlewares/ST/STM32_USB_Host_Library/Core/Src/usbh_core.c ****   * @param  pclass: Class handle
 259:Middlewares/ST/STM32_USB_Host_Library/Core/Src/usbh_core.c ****   * @retval USBH Status
 260:Middlewares/ST/STM32_USB_Host_Library/Core/Src/usbh_core.c ****   */
 261:Middlewares/ST/STM32_USB_Host_Library/Core/Src/usbh_core.c **** USBH_StatusTypeDef USBH_RegisterClass(USBH_HandleTypeDef *phost, USBH_ClassTypeDef *pclass)
 262:Middlewares/ST/STM32_USB_Host_Library/Core/Src/usbh_core.c **** {
 263:Middlewares/ST/STM32_USB_Host_Library/Core/Src/usbh_core.c ****   USBH_StatusTypeDef status = USBH_OK;
 264:Middlewares/ST/STM32_USB_Host_Library/Core/Src/usbh_core.c **** 
 265:Middlewares/ST/STM32_USB_Host_Library/Core/Src/usbh_core.c ****   if (pclass != NULL)
 266:Middlewares/ST/STM32_USB_Host_Library/Core/Src/usbh_core.c ****   {
 267:Middlewares/ST/STM32_USB_Host_Library/Core/Src/usbh_core.c ****     if (phost->ClassNumber < USBH_MAX_NUM_SUPPORTED_CLASS)
ARM GAS  /tmp/cczvdhxn.s 			page 8


 268:Middlewares/ST/STM32_USB_Host_Library/Core/Src/usbh_core.c ****     {
 269:Middlewares/ST/STM32_USB_Host_Library/Core/Src/usbh_core.c ****       /* link the class to the USB Host handle */
 270:Middlewares/ST/STM32_USB_Host_Library/Core/Src/usbh_core.c ****       phost->pClass[phost->ClassNumber++] = pclass;
 271:Middlewares/ST/STM32_USB_Host_Library/Core/Src/usbh_core.c ****       status = USBH_OK;
 272:Middlewares/ST/STM32_USB_Host_Library/Core/Src/usbh_core.c ****     }
 273:Middlewares/ST/STM32_USB_Host_Library/Core/Src/usbh_core.c ****     else
 274:Middlewares/ST/STM32_USB_Host_Library/Core/Src/usbh_core.c ****     {
 275:Middlewares/ST/STM32_USB_Host_Library/Core/Src/usbh_core.c ****       USBH_ErrLog("Max Class Number reached");
 276:Middlewares/ST/STM32_USB_Host_Library/Core/Src/usbh_core.c ****       status = USBH_FAIL;
 277:Middlewares/ST/STM32_USB_Host_Library/Core/Src/usbh_core.c ****     }
 278:Middlewares/ST/STM32_USB_Host_Library/Core/Src/usbh_core.c ****   }
 279:Middlewares/ST/STM32_USB_Host_Library/Core/Src/usbh_core.c ****   else
 280:Middlewares/ST/STM32_USB_Host_Library/Core/Src/usbh_core.c ****   {
 281:Middlewares/ST/STM32_USB_Host_Library/Core/Src/usbh_core.c ****     USBH_ErrLog("Invalid Class handle");
 282:Middlewares/ST/STM32_USB_Host_Library/Core/Src/usbh_core.c ****     status = USBH_FAIL;
 283:Middlewares/ST/STM32_USB_Host_Library/Core/Src/usbh_core.c ****   }
 284:Middlewares/ST/STM32_USB_Host_Library/Core/Src/usbh_core.c **** 
 285:Middlewares/ST/STM32_USB_Host_Library/Core/Src/usbh_core.c ****   return status;
 286:Middlewares/ST/STM32_USB_Host_Library/Core/Src/usbh_core.c **** }
 287:Middlewares/ST/STM32_USB_Host_Library/Core/Src/usbh_core.c **** 
 288:Middlewares/ST/STM32_USB_Host_Library/Core/Src/usbh_core.c **** 
 289:Middlewares/ST/STM32_USB_Host_Library/Core/Src/usbh_core.c **** /**
 290:Middlewares/ST/STM32_USB_Host_Library/Core/Src/usbh_core.c ****   * @brief  USBH_SelectInterface
 291:Middlewares/ST/STM32_USB_Host_Library/Core/Src/usbh_core.c ****   *         Select current interface.
 292:Middlewares/ST/STM32_USB_Host_Library/Core/Src/usbh_core.c ****   * @param  phost: Host Handle
 293:Middlewares/ST/STM32_USB_Host_Library/Core/Src/usbh_core.c ****   * @param  interface: Interface number
 294:Middlewares/ST/STM32_USB_Host_Library/Core/Src/usbh_core.c ****   * @retval USBH Status
 295:Middlewares/ST/STM32_USB_Host_Library/Core/Src/usbh_core.c ****   */
 296:Middlewares/ST/STM32_USB_Host_Library/Core/Src/usbh_core.c **** USBH_StatusTypeDef USBH_SelectInterface(USBH_HandleTypeDef *phost, uint8_t interface)
 297:Middlewares/ST/STM32_USB_Host_Library/Core/Src/usbh_core.c **** {
 298:Middlewares/ST/STM32_USB_Host_Library/Core/Src/usbh_core.c ****   USBH_StatusTypeDef status = USBH_OK;
 299:Middlewares/ST/STM32_USB_Host_Library/Core/Src/usbh_core.c **** 
 300:Middlewares/ST/STM32_USB_Host_Library/Core/Src/usbh_core.c ****   if (interface < phost->device.CfgDesc.bNumInterfaces)
 301:Middlewares/ST/STM32_USB_Host_Library/Core/Src/usbh_core.c ****   {
 302:Middlewares/ST/STM32_USB_Host_Library/Core/Src/usbh_core.c ****     phost->device.current_interface = interface;
 303:Middlewares/ST/STM32_USB_Host_Library/Core/Src/usbh_core.c ****     USBH_UsrLog("Switching to Interface (#%d)", interface);
 304:Middlewares/ST/STM32_USB_Host_Library/Core/Src/usbh_core.c ****     USBH_UsrLog("Class    : %xh", phost->device.CfgDesc.Itf_Desc[interface].bInterfaceClass);
 305:Middlewares/ST/STM32_USB_Host_Library/Core/Src/usbh_core.c ****     USBH_UsrLog("SubClass : %xh", phost->device.CfgDesc.Itf_Desc[interface].bInterfaceSubClass);
 306:Middlewares/ST/STM32_USB_Host_Library/Core/Src/usbh_core.c ****     USBH_UsrLog("Protocol : %xh", phost->device.CfgDesc.Itf_Desc[interface].bInterfaceProtocol);
 307:Middlewares/ST/STM32_USB_Host_Library/Core/Src/usbh_core.c ****   }
 308:Middlewares/ST/STM32_USB_Host_Library/Core/Src/usbh_core.c ****   else
 309:Middlewares/ST/STM32_USB_Host_Library/Core/Src/usbh_core.c ****   {
 310:Middlewares/ST/STM32_USB_Host_Library/Core/Src/usbh_core.c ****     USBH_ErrLog("Cannot Select This Interface.");
 311:Middlewares/ST/STM32_USB_Host_Library/Core/Src/usbh_core.c ****     status = USBH_FAIL;
 312:Middlewares/ST/STM32_USB_Host_Library/Core/Src/usbh_core.c ****   }
 313:Middlewares/ST/STM32_USB_Host_Library/Core/Src/usbh_core.c **** 
 314:Middlewares/ST/STM32_USB_Host_Library/Core/Src/usbh_core.c ****   return status;
 315:Middlewares/ST/STM32_USB_Host_Library/Core/Src/usbh_core.c **** }
 316:Middlewares/ST/STM32_USB_Host_Library/Core/Src/usbh_core.c **** 
 317:Middlewares/ST/STM32_USB_Host_Library/Core/Src/usbh_core.c **** 
 318:Middlewares/ST/STM32_USB_Host_Library/Core/Src/usbh_core.c **** /**
 319:Middlewares/ST/STM32_USB_Host_Library/Core/Src/usbh_core.c ****   * @brief  USBH_GetActiveClass
 320:Middlewares/ST/STM32_USB_Host_Library/Core/Src/usbh_core.c ****   *         Return Device Class.
 321:Middlewares/ST/STM32_USB_Host_Library/Core/Src/usbh_core.c ****   * @param  phost: Host Handle
 322:Middlewares/ST/STM32_USB_Host_Library/Core/Src/usbh_core.c ****   * @param  interface: Interface index
 323:Middlewares/ST/STM32_USB_Host_Library/Core/Src/usbh_core.c ****   * @retval Class Code
 324:Middlewares/ST/STM32_USB_Host_Library/Core/Src/usbh_core.c ****   */
ARM GAS  /tmp/cczvdhxn.s 			page 9


 325:Middlewares/ST/STM32_USB_Host_Library/Core/Src/usbh_core.c **** uint8_t USBH_GetActiveClass(USBH_HandleTypeDef *phost)
 326:Middlewares/ST/STM32_USB_Host_Library/Core/Src/usbh_core.c **** {
 327:Middlewares/ST/STM32_USB_Host_Library/Core/Src/usbh_core.c ****   return (phost->device.CfgDesc.Itf_Desc[0].bInterfaceClass);
 328:Middlewares/ST/STM32_USB_Host_Library/Core/Src/usbh_core.c **** }
 329:Middlewares/ST/STM32_USB_Host_Library/Core/Src/usbh_core.c **** 
 330:Middlewares/ST/STM32_USB_Host_Library/Core/Src/usbh_core.c **** 
 331:Middlewares/ST/STM32_USB_Host_Library/Core/Src/usbh_core.c **** /**
 332:Middlewares/ST/STM32_USB_Host_Library/Core/Src/usbh_core.c ****   * @brief  USBH_FindInterface
 333:Middlewares/ST/STM32_USB_Host_Library/Core/Src/usbh_core.c ****   *         Find the interface index for a specific class.
 334:Middlewares/ST/STM32_USB_Host_Library/Core/Src/usbh_core.c ****   * @param  phost: Host Handle
 335:Middlewares/ST/STM32_USB_Host_Library/Core/Src/usbh_core.c ****   * @param  Class: Class code
 336:Middlewares/ST/STM32_USB_Host_Library/Core/Src/usbh_core.c ****   * @param  SubClass: SubClass code
 337:Middlewares/ST/STM32_USB_Host_Library/Core/Src/usbh_core.c ****   * @param  Protocol: Protocol code
 338:Middlewares/ST/STM32_USB_Host_Library/Core/Src/usbh_core.c ****   * @retval interface index in the configuration structure
 339:Middlewares/ST/STM32_USB_Host_Library/Core/Src/usbh_core.c ****   * @note : (1)interface index 0xFF means interface index not found
 340:Middlewares/ST/STM32_USB_Host_Library/Core/Src/usbh_core.c ****   */
 341:Middlewares/ST/STM32_USB_Host_Library/Core/Src/usbh_core.c **** uint8_t  USBH_FindInterface(USBH_HandleTypeDef *phost, uint8_t Class, uint8_t SubClass, uint8_t Pro
 342:Middlewares/ST/STM32_USB_Host_Library/Core/Src/usbh_core.c **** {
 343:Middlewares/ST/STM32_USB_Host_Library/Core/Src/usbh_core.c ****   USBH_InterfaceDescTypeDef *pif;
 344:Middlewares/ST/STM32_USB_Host_Library/Core/Src/usbh_core.c ****   USBH_CfgDescTypeDef *pcfg;
 345:Middlewares/ST/STM32_USB_Host_Library/Core/Src/usbh_core.c ****   uint8_t if_ix = 0U;
 346:Middlewares/ST/STM32_USB_Host_Library/Core/Src/usbh_core.c **** 
 347:Middlewares/ST/STM32_USB_Host_Library/Core/Src/usbh_core.c ****   pif = (USBH_InterfaceDescTypeDef *)NULL;
 348:Middlewares/ST/STM32_USB_Host_Library/Core/Src/usbh_core.c ****   pcfg = &phost->device.CfgDesc;
 349:Middlewares/ST/STM32_USB_Host_Library/Core/Src/usbh_core.c **** 
 350:Middlewares/ST/STM32_USB_Host_Library/Core/Src/usbh_core.c ****   while (if_ix < USBH_MAX_NUM_INTERFACES)
 351:Middlewares/ST/STM32_USB_Host_Library/Core/Src/usbh_core.c ****   {
 352:Middlewares/ST/STM32_USB_Host_Library/Core/Src/usbh_core.c ****     pif = &pcfg->Itf_Desc[if_ix];
 353:Middlewares/ST/STM32_USB_Host_Library/Core/Src/usbh_core.c ****     if (((pif->bInterfaceClass == Class) || (Class == 0xFFU)) &&
 354:Middlewares/ST/STM32_USB_Host_Library/Core/Src/usbh_core.c ****         ((pif->bInterfaceSubClass == SubClass) || (SubClass == 0xFFU)) &&
 355:Middlewares/ST/STM32_USB_Host_Library/Core/Src/usbh_core.c ****         ((pif->bInterfaceProtocol == Protocol) || (Protocol == 0xFFU)))
 356:Middlewares/ST/STM32_USB_Host_Library/Core/Src/usbh_core.c ****     {
 357:Middlewares/ST/STM32_USB_Host_Library/Core/Src/usbh_core.c ****       return  if_ix;
 358:Middlewares/ST/STM32_USB_Host_Library/Core/Src/usbh_core.c ****     }
 359:Middlewares/ST/STM32_USB_Host_Library/Core/Src/usbh_core.c ****     if_ix++;
 360:Middlewares/ST/STM32_USB_Host_Library/Core/Src/usbh_core.c ****   }
 361:Middlewares/ST/STM32_USB_Host_Library/Core/Src/usbh_core.c ****   return 0xFFU;
 362:Middlewares/ST/STM32_USB_Host_Library/Core/Src/usbh_core.c **** }
 363:Middlewares/ST/STM32_USB_Host_Library/Core/Src/usbh_core.c **** 
 364:Middlewares/ST/STM32_USB_Host_Library/Core/Src/usbh_core.c **** 
 365:Middlewares/ST/STM32_USB_Host_Library/Core/Src/usbh_core.c **** /**
 366:Middlewares/ST/STM32_USB_Host_Library/Core/Src/usbh_core.c ****   * @brief  USBH_FindInterfaceIndex
 367:Middlewares/ST/STM32_USB_Host_Library/Core/Src/usbh_core.c ****   *         Find the interface index for a specific class interface and alternate setting number.
 368:Middlewares/ST/STM32_USB_Host_Library/Core/Src/usbh_core.c ****   * @param  phost: Host Handle
 369:Middlewares/ST/STM32_USB_Host_Library/Core/Src/usbh_core.c ****   * @param  interface_number: interface number
 370:Middlewares/ST/STM32_USB_Host_Library/Core/Src/usbh_core.c ****   * @param  alt_settings    : alternate setting number
 371:Middlewares/ST/STM32_USB_Host_Library/Core/Src/usbh_core.c ****   * @retval interface index in the configuration structure
 372:Middlewares/ST/STM32_USB_Host_Library/Core/Src/usbh_core.c ****   * @note : (1)interface index 0xFF means interface index not found
 373:Middlewares/ST/STM32_USB_Host_Library/Core/Src/usbh_core.c ****   */
 374:Middlewares/ST/STM32_USB_Host_Library/Core/Src/usbh_core.c **** uint8_t  USBH_FindInterfaceIndex(USBH_HandleTypeDef *phost, uint8_t interface_number, uint8_t alt_s
 375:Middlewares/ST/STM32_USB_Host_Library/Core/Src/usbh_core.c **** {
 376:Middlewares/ST/STM32_USB_Host_Library/Core/Src/usbh_core.c ****   USBH_InterfaceDescTypeDef *pif;
 377:Middlewares/ST/STM32_USB_Host_Library/Core/Src/usbh_core.c ****   USBH_CfgDescTypeDef *pcfg;
 378:Middlewares/ST/STM32_USB_Host_Library/Core/Src/usbh_core.c ****   uint8_t if_ix = 0U;
 379:Middlewares/ST/STM32_USB_Host_Library/Core/Src/usbh_core.c **** 
 380:Middlewares/ST/STM32_USB_Host_Library/Core/Src/usbh_core.c ****   pif = (USBH_InterfaceDescTypeDef *)NULL;
 381:Middlewares/ST/STM32_USB_Host_Library/Core/Src/usbh_core.c ****   pcfg = &phost->device.CfgDesc;
ARM GAS  /tmp/cczvdhxn.s 			page 10


 382:Middlewares/ST/STM32_USB_Host_Library/Core/Src/usbh_core.c **** 
 383:Middlewares/ST/STM32_USB_Host_Library/Core/Src/usbh_core.c ****   while (if_ix < USBH_MAX_NUM_INTERFACES)
 384:Middlewares/ST/STM32_USB_Host_Library/Core/Src/usbh_core.c ****   {
 385:Middlewares/ST/STM32_USB_Host_Library/Core/Src/usbh_core.c ****     pif = &pcfg->Itf_Desc[if_ix];
 386:Middlewares/ST/STM32_USB_Host_Library/Core/Src/usbh_core.c ****     if ((pif->bInterfaceNumber == interface_number) && (pif->bAlternateSetting == alt_settings))
 387:Middlewares/ST/STM32_USB_Host_Library/Core/Src/usbh_core.c ****     {
 388:Middlewares/ST/STM32_USB_Host_Library/Core/Src/usbh_core.c ****       return  if_ix;
 389:Middlewares/ST/STM32_USB_Host_Library/Core/Src/usbh_core.c ****     }
 390:Middlewares/ST/STM32_USB_Host_Library/Core/Src/usbh_core.c ****     if_ix++;
 391:Middlewares/ST/STM32_USB_Host_Library/Core/Src/usbh_core.c ****   }
 392:Middlewares/ST/STM32_USB_Host_Library/Core/Src/usbh_core.c ****   return 0xFFU;
 393:Middlewares/ST/STM32_USB_Host_Library/Core/Src/usbh_core.c **** }
 394:Middlewares/ST/STM32_USB_Host_Library/Core/Src/usbh_core.c **** 
 395:Middlewares/ST/STM32_USB_Host_Library/Core/Src/usbh_core.c **** 
 396:Middlewares/ST/STM32_USB_Host_Library/Core/Src/usbh_core.c **** /**
 397:Middlewares/ST/STM32_USB_Host_Library/Core/Src/usbh_core.c ****   * @brief  USBH_Start
 398:Middlewares/ST/STM32_USB_Host_Library/Core/Src/usbh_core.c ****   *         Start the USB Host Core.
 399:Middlewares/ST/STM32_USB_Host_Library/Core/Src/usbh_core.c ****   * @param  phost: Host Handle
 400:Middlewares/ST/STM32_USB_Host_Library/Core/Src/usbh_core.c ****   * @retval USBH Status
 401:Middlewares/ST/STM32_USB_Host_Library/Core/Src/usbh_core.c ****   */
 402:Middlewares/ST/STM32_USB_Host_Library/Core/Src/usbh_core.c **** USBH_StatusTypeDef  USBH_Start(USBH_HandleTypeDef *phost)
 403:Middlewares/ST/STM32_USB_Host_Library/Core/Src/usbh_core.c **** {
 404:Middlewares/ST/STM32_USB_Host_Library/Core/Src/usbh_core.c ****   /* Start the low level driver  */
 405:Middlewares/ST/STM32_USB_Host_Library/Core/Src/usbh_core.c ****   (void)USBH_LL_Start(phost);
 406:Middlewares/ST/STM32_USB_Host_Library/Core/Src/usbh_core.c **** 
 407:Middlewares/ST/STM32_USB_Host_Library/Core/Src/usbh_core.c ****   /* Activate VBUS on the port */
 408:Middlewares/ST/STM32_USB_Host_Library/Core/Src/usbh_core.c ****   (void)USBH_LL_DriverVBUS(phost, TRUE);
 409:Middlewares/ST/STM32_USB_Host_Library/Core/Src/usbh_core.c **** 
 410:Middlewares/ST/STM32_USB_Host_Library/Core/Src/usbh_core.c ****   return USBH_OK;
 411:Middlewares/ST/STM32_USB_Host_Library/Core/Src/usbh_core.c **** }
 412:Middlewares/ST/STM32_USB_Host_Library/Core/Src/usbh_core.c **** 
 413:Middlewares/ST/STM32_USB_Host_Library/Core/Src/usbh_core.c **** 
 414:Middlewares/ST/STM32_USB_Host_Library/Core/Src/usbh_core.c **** /**
 415:Middlewares/ST/STM32_USB_Host_Library/Core/Src/usbh_core.c ****   * @brief  USBH_Stop
 416:Middlewares/ST/STM32_USB_Host_Library/Core/Src/usbh_core.c ****   *         Stop the USB Host Core.
 417:Middlewares/ST/STM32_USB_Host_Library/Core/Src/usbh_core.c ****   * @param  phost: Host Handle
 418:Middlewares/ST/STM32_USB_Host_Library/Core/Src/usbh_core.c ****   * @retval USBH Status
 419:Middlewares/ST/STM32_USB_Host_Library/Core/Src/usbh_core.c ****   */
 420:Middlewares/ST/STM32_USB_Host_Library/Core/Src/usbh_core.c **** USBH_StatusTypeDef  USBH_Stop(USBH_HandleTypeDef *phost)
 421:Middlewares/ST/STM32_USB_Host_Library/Core/Src/usbh_core.c **** {
 422:Middlewares/ST/STM32_USB_Host_Library/Core/Src/usbh_core.c ****   /* DeActivate VBUS on the port */
 423:Middlewares/ST/STM32_USB_Host_Library/Core/Src/usbh_core.c ****   (void)USBH_LL_DriverVBUS(phost, FALSE);
 424:Middlewares/ST/STM32_USB_Host_Library/Core/Src/usbh_core.c **** 
 425:Middlewares/ST/STM32_USB_Host_Library/Core/Src/usbh_core.c ****   /* Stop and cleanup the low level driver  */
 426:Middlewares/ST/STM32_USB_Host_Library/Core/Src/usbh_core.c ****   (void)USBH_LL_Stop(phost);
 427:Middlewares/ST/STM32_USB_Host_Library/Core/Src/usbh_core.c **** 
 428:Middlewares/ST/STM32_USB_Host_Library/Core/Src/usbh_core.c ****   /* Free Control Pipes */
 429:Middlewares/ST/STM32_USB_Host_Library/Core/Src/usbh_core.c ****   (void)USBH_FreePipe(phost, phost->Control.pipe_in);
 430:Middlewares/ST/STM32_USB_Host_Library/Core/Src/usbh_core.c ****   (void)USBH_FreePipe(phost, phost->Control.pipe_out);
 431:Middlewares/ST/STM32_USB_Host_Library/Core/Src/usbh_core.c **** 
 432:Middlewares/ST/STM32_USB_Host_Library/Core/Src/usbh_core.c ****   return USBH_OK;
 433:Middlewares/ST/STM32_USB_Host_Library/Core/Src/usbh_core.c **** }
 434:Middlewares/ST/STM32_USB_Host_Library/Core/Src/usbh_core.c **** 
 435:Middlewares/ST/STM32_USB_Host_Library/Core/Src/usbh_core.c **** 
 436:Middlewares/ST/STM32_USB_Host_Library/Core/Src/usbh_core.c **** /**
 437:Middlewares/ST/STM32_USB_Host_Library/Core/Src/usbh_core.c ****   * @brief  HCD_ReEnumerate
 438:Middlewares/ST/STM32_USB_Host_Library/Core/Src/usbh_core.c ****   *         Perform a new Enumeration phase.
ARM GAS  /tmp/cczvdhxn.s 			page 11


 439:Middlewares/ST/STM32_USB_Host_Library/Core/Src/usbh_core.c ****   * @param  phost: Host Handle
 440:Middlewares/ST/STM32_USB_Host_Library/Core/Src/usbh_core.c ****   * @retval USBH Status
 441:Middlewares/ST/STM32_USB_Host_Library/Core/Src/usbh_core.c ****   */
 442:Middlewares/ST/STM32_USB_Host_Library/Core/Src/usbh_core.c **** USBH_StatusTypeDef USBH_ReEnumerate(USBH_HandleTypeDef *phost)
 443:Middlewares/ST/STM32_USB_Host_Library/Core/Src/usbh_core.c **** {
 444:Middlewares/ST/STM32_USB_Host_Library/Core/Src/usbh_core.c ****   if (USBH_IsPortEnabled(phost) != 0U)
 445:Middlewares/ST/STM32_USB_Host_Library/Core/Src/usbh_core.c ****   {
 446:Middlewares/ST/STM32_USB_Host_Library/Core/Src/usbh_core.c ****     phost->device.is_ReEnumerated = 1U;
 447:Middlewares/ST/STM32_USB_Host_Library/Core/Src/usbh_core.c **** 
 448:Middlewares/ST/STM32_USB_Host_Library/Core/Src/usbh_core.c ****     /* Stop Host */
 449:Middlewares/ST/STM32_USB_Host_Library/Core/Src/usbh_core.c ****     (void)USBH_Stop(phost);
 450:Middlewares/ST/STM32_USB_Host_Library/Core/Src/usbh_core.c **** 
 451:Middlewares/ST/STM32_USB_Host_Library/Core/Src/usbh_core.c ****     phost->device.is_disconnected = 1U;
 452:Middlewares/ST/STM32_USB_Host_Library/Core/Src/usbh_core.c ****   }
 453:Middlewares/ST/STM32_USB_Host_Library/Core/Src/usbh_core.c **** 
 454:Middlewares/ST/STM32_USB_Host_Library/Core/Src/usbh_core.c **** #if (USBH_USE_OS == 1U)
 455:Middlewares/ST/STM32_USB_Host_Library/Core/Src/usbh_core.c ****   phost->os_msg = (uint32_t)USBH_PORT_EVENT;
 456:Middlewares/ST/STM32_USB_Host_Library/Core/Src/usbh_core.c **** #if (osCMSIS < 0x20000U)
 457:Middlewares/ST/STM32_USB_Host_Library/Core/Src/usbh_core.c ****   (void)osMessagePut(phost->os_event, phost->os_msg, 0U);
 458:Middlewares/ST/STM32_USB_Host_Library/Core/Src/usbh_core.c **** #else
 459:Middlewares/ST/STM32_USB_Host_Library/Core/Src/usbh_core.c ****   (void)osMessageQueuePut(phost->os_event, &phost->os_msg, 0U, 0U);
 460:Middlewares/ST/STM32_USB_Host_Library/Core/Src/usbh_core.c **** #endif
 461:Middlewares/ST/STM32_USB_Host_Library/Core/Src/usbh_core.c **** #endif
 462:Middlewares/ST/STM32_USB_Host_Library/Core/Src/usbh_core.c **** 
 463:Middlewares/ST/STM32_USB_Host_Library/Core/Src/usbh_core.c ****   return USBH_OK;
 464:Middlewares/ST/STM32_USB_Host_Library/Core/Src/usbh_core.c **** }
 465:Middlewares/ST/STM32_USB_Host_Library/Core/Src/usbh_core.c **** 
 466:Middlewares/ST/STM32_USB_Host_Library/Core/Src/usbh_core.c **** 
 467:Middlewares/ST/STM32_USB_Host_Library/Core/Src/usbh_core.c **** /**
 468:Middlewares/ST/STM32_USB_Host_Library/Core/Src/usbh_core.c ****   * @brief  USBH_Process
 469:Middlewares/ST/STM32_USB_Host_Library/Core/Src/usbh_core.c ****   *         Background process of the USB Core.
 470:Middlewares/ST/STM32_USB_Host_Library/Core/Src/usbh_core.c ****   * @param  phost: Host Handle
 471:Middlewares/ST/STM32_USB_Host_Library/Core/Src/usbh_core.c ****   * @retval USBH Status
 472:Middlewares/ST/STM32_USB_Host_Library/Core/Src/usbh_core.c ****   */
 473:Middlewares/ST/STM32_USB_Host_Library/Core/Src/usbh_core.c **** USBH_StatusTypeDef  USBH_Process(USBH_HandleTypeDef *phost)
 474:Middlewares/ST/STM32_USB_Host_Library/Core/Src/usbh_core.c **** {
 475:Middlewares/ST/STM32_USB_Host_Library/Core/Src/usbh_core.c ****   __IO USBH_StatusTypeDef status = USBH_FAIL;
 476:Middlewares/ST/STM32_USB_Host_Library/Core/Src/usbh_core.c ****   uint8_t idx = 0U;
 477:Middlewares/ST/STM32_USB_Host_Library/Core/Src/usbh_core.c **** 
 478:Middlewares/ST/STM32_USB_Host_Library/Core/Src/usbh_core.c ****   /* check for Host pending port disconnect event */
 479:Middlewares/ST/STM32_USB_Host_Library/Core/Src/usbh_core.c ****   if (phost->device.is_disconnected == 1U)
 480:Middlewares/ST/STM32_USB_Host_Library/Core/Src/usbh_core.c ****   {
 481:Middlewares/ST/STM32_USB_Host_Library/Core/Src/usbh_core.c ****     phost->gState = HOST_DEV_DISCONNECTED;
 482:Middlewares/ST/STM32_USB_Host_Library/Core/Src/usbh_core.c ****   }
 483:Middlewares/ST/STM32_USB_Host_Library/Core/Src/usbh_core.c **** 
 484:Middlewares/ST/STM32_USB_Host_Library/Core/Src/usbh_core.c ****   switch (phost->gState)
 485:Middlewares/ST/STM32_USB_Host_Library/Core/Src/usbh_core.c ****   {
 486:Middlewares/ST/STM32_USB_Host_Library/Core/Src/usbh_core.c ****     case HOST_IDLE :
 487:Middlewares/ST/STM32_USB_Host_Library/Core/Src/usbh_core.c **** 
 488:Middlewares/ST/STM32_USB_Host_Library/Core/Src/usbh_core.c ****       if ((phost->device.is_connected) != 0U)
 489:Middlewares/ST/STM32_USB_Host_Library/Core/Src/usbh_core.c ****       {
 490:Middlewares/ST/STM32_USB_Host_Library/Core/Src/usbh_core.c ****         USBH_UsrLog("USB Device Connected");
 491:Middlewares/ST/STM32_USB_Host_Library/Core/Src/usbh_core.c **** 
 492:Middlewares/ST/STM32_USB_Host_Library/Core/Src/usbh_core.c ****         /* Wait for 200 ms after connection */
 493:Middlewares/ST/STM32_USB_Host_Library/Core/Src/usbh_core.c ****         phost->gState = HOST_DEV_WAIT_FOR_ATTACHMENT;
 494:Middlewares/ST/STM32_USB_Host_Library/Core/Src/usbh_core.c ****         USBH_Delay(200U);
 495:Middlewares/ST/STM32_USB_Host_Library/Core/Src/usbh_core.c ****         (void)USBH_LL_ResetPort(phost);
ARM GAS  /tmp/cczvdhxn.s 			page 12


 496:Middlewares/ST/STM32_USB_Host_Library/Core/Src/usbh_core.c **** 
 497:Middlewares/ST/STM32_USB_Host_Library/Core/Src/usbh_core.c ****         /* Make sure to start with Default address */
 498:Middlewares/ST/STM32_USB_Host_Library/Core/Src/usbh_core.c ****         phost->device.address = USBH_ADDRESS_DEFAULT;
 499:Middlewares/ST/STM32_USB_Host_Library/Core/Src/usbh_core.c ****         phost->Timeout = 0U;
 500:Middlewares/ST/STM32_USB_Host_Library/Core/Src/usbh_core.c **** 
 501:Middlewares/ST/STM32_USB_Host_Library/Core/Src/usbh_core.c **** #if (USBH_USE_OS == 1U)
 502:Middlewares/ST/STM32_USB_Host_Library/Core/Src/usbh_core.c ****         phost->os_msg = (uint32_t)USBH_PORT_EVENT;
 503:Middlewares/ST/STM32_USB_Host_Library/Core/Src/usbh_core.c **** #if (osCMSIS < 0x20000U)
 504:Middlewares/ST/STM32_USB_Host_Library/Core/Src/usbh_core.c ****         (void)osMessagePut(phost->os_event, phost->os_msg, 0U);
 505:Middlewares/ST/STM32_USB_Host_Library/Core/Src/usbh_core.c **** #else
 506:Middlewares/ST/STM32_USB_Host_Library/Core/Src/usbh_core.c ****         (void)osMessageQueuePut(phost->os_event, &phost->os_msg, 0U, 0U);
 507:Middlewares/ST/STM32_USB_Host_Library/Core/Src/usbh_core.c **** #endif
 508:Middlewares/ST/STM32_USB_Host_Library/Core/Src/usbh_core.c **** #endif
 509:Middlewares/ST/STM32_USB_Host_Library/Core/Src/usbh_core.c ****       }
 510:Middlewares/ST/STM32_USB_Host_Library/Core/Src/usbh_core.c ****       break;
 511:Middlewares/ST/STM32_USB_Host_Library/Core/Src/usbh_core.c **** 
 512:Middlewares/ST/STM32_USB_Host_Library/Core/Src/usbh_core.c ****     case HOST_DEV_WAIT_FOR_ATTACHMENT: /* Wait for Port Enabled */
 513:Middlewares/ST/STM32_USB_Host_Library/Core/Src/usbh_core.c **** 
 514:Middlewares/ST/STM32_USB_Host_Library/Core/Src/usbh_core.c ****       if (phost->device.PortEnabled == 1U)
 515:Middlewares/ST/STM32_USB_Host_Library/Core/Src/usbh_core.c ****       {
 516:Middlewares/ST/STM32_USB_Host_Library/Core/Src/usbh_core.c ****         USBH_UsrLog("USB Device Reset Completed");
 517:Middlewares/ST/STM32_USB_Host_Library/Core/Src/usbh_core.c ****         phost->device.RstCnt = 0U;
 518:Middlewares/ST/STM32_USB_Host_Library/Core/Src/usbh_core.c ****         phost->gState = HOST_DEV_ATTACHED;
 519:Middlewares/ST/STM32_USB_Host_Library/Core/Src/usbh_core.c ****       }
 520:Middlewares/ST/STM32_USB_Host_Library/Core/Src/usbh_core.c ****       else
 521:Middlewares/ST/STM32_USB_Host_Library/Core/Src/usbh_core.c ****       {
 522:Middlewares/ST/STM32_USB_Host_Library/Core/Src/usbh_core.c ****         if (phost->Timeout > USBH_DEV_RESET_TIMEOUT)
 523:Middlewares/ST/STM32_USB_Host_Library/Core/Src/usbh_core.c ****         {
 524:Middlewares/ST/STM32_USB_Host_Library/Core/Src/usbh_core.c ****           phost->device.RstCnt++;
 525:Middlewares/ST/STM32_USB_Host_Library/Core/Src/usbh_core.c ****           if (phost->device.RstCnt > 3U)
 526:Middlewares/ST/STM32_USB_Host_Library/Core/Src/usbh_core.c ****           {
 527:Middlewares/ST/STM32_USB_Host_Library/Core/Src/usbh_core.c ****             /* Buggy Device can't complete reset */
 528:Middlewares/ST/STM32_USB_Host_Library/Core/Src/usbh_core.c ****             USBH_UsrLog("USB Reset Failed, Please unplug the Device.");
 529:Middlewares/ST/STM32_USB_Host_Library/Core/Src/usbh_core.c ****             phost->gState = HOST_ABORT_STATE;
 530:Middlewares/ST/STM32_USB_Host_Library/Core/Src/usbh_core.c ****           }
 531:Middlewares/ST/STM32_USB_Host_Library/Core/Src/usbh_core.c ****           else
 532:Middlewares/ST/STM32_USB_Host_Library/Core/Src/usbh_core.c ****           {
 533:Middlewares/ST/STM32_USB_Host_Library/Core/Src/usbh_core.c ****             phost->gState = HOST_IDLE;
 534:Middlewares/ST/STM32_USB_Host_Library/Core/Src/usbh_core.c ****           }
 535:Middlewares/ST/STM32_USB_Host_Library/Core/Src/usbh_core.c ****         }
 536:Middlewares/ST/STM32_USB_Host_Library/Core/Src/usbh_core.c ****         else
 537:Middlewares/ST/STM32_USB_Host_Library/Core/Src/usbh_core.c ****         {
 538:Middlewares/ST/STM32_USB_Host_Library/Core/Src/usbh_core.c ****           phost->Timeout += 10U;
 539:Middlewares/ST/STM32_USB_Host_Library/Core/Src/usbh_core.c ****           USBH_Delay(10U);
 540:Middlewares/ST/STM32_USB_Host_Library/Core/Src/usbh_core.c ****         }
 541:Middlewares/ST/STM32_USB_Host_Library/Core/Src/usbh_core.c ****       }
 542:Middlewares/ST/STM32_USB_Host_Library/Core/Src/usbh_core.c **** #if (USBH_USE_OS == 1U)
 543:Middlewares/ST/STM32_USB_Host_Library/Core/Src/usbh_core.c ****       phost->os_msg = (uint32_t)USBH_PORT_EVENT;
 544:Middlewares/ST/STM32_USB_Host_Library/Core/Src/usbh_core.c **** #if (osCMSIS < 0x20000U)
 545:Middlewares/ST/STM32_USB_Host_Library/Core/Src/usbh_core.c ****       (void)osMessagePut(phost->os_event, phost->os_msg, 0U);
 546:Middlewares/ST/STM32_USB_Host_Library/Core/Src/usbh_core.c **** #else
 547:Middlewares/ST/STM32_USB_Host_Library/Core/Src/usbh_core.c ****       (void)osMessageQueuePut(phost->os_event, &phost->os_msg, 0U, 0U);
 548:Middlewares/ST/STM32_USB_Host_Library/Core/Src/usbh_core.c **** #endif
 549:Middlewares/ST/STM32_USB_Host_Library/Core/Src/usbh_core.c **** #endif
 550:Middlewares/ST/STM32_USB_Host_Library/Core/Src/usbh_core.c ****       break;
 551:Middlewares/ST/STM32_USB_Host_Library/Core/Src/usbh_core.c **** 
 552:Middlewares/ST/STM32_USB_Host_Library/Core/Src/usbh_core.c ****     case HOST_DEV_ATTACHED :
ARM GAS  /tmp/cczvdhxn.s 			page 13


 553:Middlewares/ST/STM32_USB_Host_Library/Core/Src/usbh_core.c **** 
 554:Middlewares/ST/STM32_USB_Host_Library/Core/Src/usbh_core.c ****       if (phost->pUser != NULL)
 555:Middlewares/ST/STM32_USB_Host_Library/Core/Src/usbh_core.c ****       {
 556:Middlewares/ST/STM32_USB_Host_Library/Core/Src/usbh_core.c ****         phost->pUser(phost, HOST_USER_CONNECTION);
 557:Middlewares/ST/STM32_USB_Host_Library/Core/Src/usbh_core.c ****       }
 558:Middlewares/ST/STM32_USB_Host_Library/Core/Src/usbh_core.c **** 
 559:Middlewares/ST/STM32_USB_Host_Library/Core/Src/usbh_core.c ****       /* Wait for 100 ms after Reset */
 560:Middlewares/ST/STM32_USB_Host_Library/Core/Src/usbh_core.c ****       USBH_Delay(100U);
 561:Middlewares/ST/STM32_USB_Host_Library/Core/Src/usbh_core.c **** 
 562:Middlewares/ST/STM32_USB_Host_Library/Core/Src/usbh_core.c ****       phost->device.speed = (uint8_t)USBH_LL_GetSpeed(phost);
 563:Middlewares/ST/STM32_USB_Host_Library/Core/Src/usbh_core.c **** 
 564:Middlewares/ST/STM32_USB_Host_Library/Core/Src/usbh_core.c ****       phost->gState = HOST_ENUMERATION;
 565:Middlewares/ST/STM32_USB_Host_Library/Core/Src/usbh_core.c **** 
 566:Middlewares/ST/STM32_USB_Host_Library/Core/Src/usbh_core.c ****       phost->Control.pipe_out = USBH_AllocPipe(phost, 0x00U);
 567:Middlewares/ST/STM32_USB_Host_Library/Core/Src/usbh_core.c ****       phost->Control.pipe_in  = USBH_AllocPipe(phost, 0x80U);
 568:Middlewares/ST/STM32_USB_Host_Library/Core/Src/usbh_core.c **** 
 569:Middlewares/ST/STM32_USB_Host_Library/Core/Src/usbh_core.c ****       /* Open Control pipes */
 570:Middlewares/ST/STM32_USB_Host_Library/Core/Src/usbh_core.c ****       (void)USBH_OpenPipe(phost, phost->Control.pipe_in, 0x80U,
 571:Middlewares/ST/STM32_USB_Host_Library/Core/Src/usbh_core.c ****                           phost->device.address, phost->device.speed,
 572:Middlewares/ST/STM32_USB_Host_Library/Core/Src/usbh_core.c ****                           USBH_EP_CONTROL, (uint16_t)phost->Control.pipe_size);
 573:Middlewares/ST/STM32_USB_Host_Library/Core/Src/usbh_core.c **** 
 574:Middlewares/ST/STM32_USB_Host_Library/Core/Src/usbh_core.c ****       /* Open Control pipes */
 575:Middlewares/ST/STM32_USB_Host_Library/Core/Src/usbh_core.c ****       (void)USBH_OpenPipe(phost, phost->Control.pipe_out, 0x00U,
 576:Middlewares/ST/STM32_USB_Host_Library/Core/Src/usbh_core.c ****                           phost->device.address, phost->device.speed,
 577:Middlewares/ST/STM32_USB_Host_Library/Core/Src/usbh_core.c ****                           USBH_EP_CONTROL, (uint16_t)phost->Control.pipe_size);
 578:Middlewares/ST/STM32_USB_Host_Library/Core/Src/usbh_core.c **** 
 579:Middlewares/ST/STM32_USB_Host_Library/Core/Src/usbh_core.c **** #if (USBH_USE_OS == 1U)
 580:Middlewares/ST/STM32_USB_Host_Library/Core/Src/usbh_core.c ****       phost->os_msg = (uint32_t)USBH_PORT_EVENT;
 581:Middlewares/ST/STM32_USB_Host_Library/Core/Src/usbh_core.c **** #if (osCMSIS < 0x20000U)
 582:Middlewares/ST/STM32_USB_Host_Library/Core/Src/usbh_core.c ****       (void)osMessagePut(phost->os_event, phost->os_msg, 0U);
 583:Middlewares/ST/STM32_USB_Host_Library/Core/Src/usbh_core.c **** #else
 584:Middlewares/ST/STM32_USB_Host_Library/Core/Src/usbh_core.c ****       (void)osMessageQueuePut(phost->os_event, &phost->os_msg, 0U, 0U);
 585:Middlewares/ST/STM32_USB_Host_Library/Core/Src/usbh_core.c **** #endif
 586:Middlewares/ST/STM32_USB_Host_Library/Core/Src/usbh_core.c **** #endif
 587:Middlewares/ST/STM32_USB_Host_Library/Core/Src/usbh_core.c ****       break;
 588:Middlewares/ST/STM32_USB_Host_Library/Core/Src/usbh_core.c **** 
 589:Middlewares/ST/STM32_USB_Host_Library/Core/Src/usbh_core.c ****     case HOST_ENUMERATION:
 590:Middlewares/ST/STM32_USB_Host_Library/Core/Src/usbh_core.c ****       /* Check for enumeration status */
 591:Middlewares/ST/STM32_USB_Host_Library/Core/Src/usbh_core.c ****       status = USBH_HandleEnum(phost);
 592:Middlewares/ST/STM32_USB_Host_Library/Core/Src/usbh_core.c ****       if (status == USBH_OK)
 593:Middlewares/ST/STM32_USB_Host_Library/Core/Src/usbh_core.c ****       {
 594:Middlewares/ST/STM32_USB_Host_Library/Core/Src/usbh_core.c ****         /* The function shall return USBH_OK when full enumeration is complete */
 595:Middlewares/ST/STM32_USB_Host_Library/Core/Src/usbh_core.c ****         USBH_UsrLog("Enumeration done.");
 596:Middlewares/ST/STM32_USB_Host_Library/Core/Src/usbh_core.c **** 
 597:Middlewares/ST/STM32_USB_Host_Library/Core/Src/usbh_core.c ****         phost->device.current_interface = 0U;
 598:Middlewares/ST/STM32_USB_Host_Library/Core/Src/usbh_core.c **** 
 599:Middlewares/ST/STM32_USB_Host_Library/Core/Src/usbh_core.c ****         if (phost->device.DevDesc.bNumConfigurations == 1U)
 600:Middlewares/ST/STM32_USB_Host_Library/Core/Src/usbh_core.c ****         {
 601:Middlewares/ST/STM32_USB_Host_Library/Core/Src/usbh_core.c ****           USBH_UsrLog("This device has only 1 configuration.");
 602:Middlewares/ST/STM32_USB_Host_Library/Core/Src/usbh_core.c ****           phost->gState = HOST_SET_CONFIGURATION;
 603:Middlewares/ST/STM32_USB_Host_Library/Core/Src/usbh_core.c ****         }
 604:Middlewares/ST/STM32_USB_Host_Library/Core/Src/usbh_core.c ****         else
 605:Middlewares/ST/STM32_USB_Host_Library/Core/Src/usbh_core.c ****         {
 606:Middlewares/ST/STM32_USB_Host_Library/Core/Src/usbh_core.c ****           phost->gState = HOST_INPUT;
 607:Middlewares/ST/STM32_USB_Host_Library/Core/Src/usbh_core.c ****         }
 608:Middlewares/ST/STM32_USB_Host_Library/Core/Src/usbh_core.c **** #if (USBH_USE_OS == 1U)
 609:Middlewares/ST/STM32_USB_Host_Library/Core/Src/usbh_core.c ****         phost->os_msg = (uint32_t)USBH_STATE_CHANGED_EVENT;
ARM GAS  /tmp/cczvdhxn.s 			page 14


 610:Middlewares/ST/STM32_USB_Host_Library/Core/Src/usbh_core.c **** #if (osCMSIS < 0x20000U)
 611:Middlewares/ST/STM32_USB_Host_Library/Core/Src/usbh_core.c ****         (void)osMessagePut(phost->os_event, phost->os_msg, 0U);
 612:Middlewares/ST/STM32_USB_Host_Library/Core/Src/usbh_core.c **** #else
 613:Middlewares/ST/STM32_USB_Host_Library/Core/Src/usbh_core.c ****         (void)osMessageQueuePut(phost->os_event, &phost->os_msg, 0U, 0U);
 614:Middlewares/ST/STM32_USB_Host_Library/Core/Src/usbh_core.c **** #endif
 615:Middlewares/ST/STM32_USB_Host_Library/Core/Src/usbh_core.c **** #endif
 616:Middlewares/ST/STM32_USB_Host_Library/Core/Src/usbh_core.c ****       }
 617:Middlewares/ST/STM32_USB_Host_Library/Core/Src/usbh_core.c ****       break;
 618:Middlewares/ST/STM32_USB_Host_Library/Core/Src/usbh_core.c **** 
 619:Middlewares/ST/STM32_USB_Host_Library/Core/Src/usbh_core.c ****     case HOST_INPUT:
 620:Middlewares/ST/STM32_USB_Host_Library/Core/Src/usbh_core.c ****     {
 621:Middlewares/ST/STM32_USB_Host_Library/Core/Src/usbh_core.c ****       /* user callback for end of device basic enumeration */
 622:Middlewares/ST/STM32_USB_Host_Library/Core/Src/usbh_core.c ****       if (phost->pUser != NULL)
 623:Middlewares/ST/STM32_USB_Host_Library/Core/Src/usbh_core.c ****       {
 624:Middlewares/ST/STM32_USB_Host_Library/Core/Src/usbh_core.c ****         phost->pUser(phost, HOST_USER_SELECT_CONFIGURATION);
 625:Middlewares/ST/STM32_USB_Host_Library/Core/Src/usbh_core.c ****         phost->gState = HOST_SET_CONFIGURATION;
 626:Middlewares/ST/STM32_USB_Host_Library/Core/Src/usbh_core.c **** 
 627:Middlewares/ST/STM32_USB_Host_Library/Core/Src/usbh_core.c **** #if (USBH_USE_OS == 1U)
 628:Middlewares/ST/STM32_USB_Host_Library/Core/Src/usbh_core.c ****         phost->os_msg = (uint32_t)USBH_STATE_CHANGED_EVENT;
 629:Middlewares/ST/STM32_USB_Host_Library/Core/Src/usbh_core.c **** #if (osCMSIS < 0x20000U)
 630:Middlewares/ST/STM32_USB_Host_Library/Core/Src/usbh_core.c ****         (void)osMessagePut(phost->os_event, phost->os_msg, 0U);
 631:Middlewares/ST/STM32_USB_Host_Library/Core/Src/usbh_core.c **** #else
 632:Middlewares/ST/STM32_USB_Host_Library/Core/Src/usbh_core.c ****         (void)osMessageQueuePut(phost->os_event, &phost->os_msg, 0U, 0U);
 633:Middlewares/ST/STM32_USB_Host_Library/Core/Src/usbh_core.c **** #endif
 634:Middlewares/ST/STM32_USB_Host_Library/Core/Src/usbh_core.c **** #endif
 635:Middlewares/ST/STM32_USB_Host_Library/Core/Src/usbh_core.c ****       }
 636:Middlewares/ST/STM32_USB_Host_Library/Core/Src/usbh_core.c ****     }
 637:Middlewares/ST/STM32_USB_Host_Library/Core/Src/usbh_core.c ****     break;
 638:Middlewares/ST/STM32_USB_Host_Library/Core/Src/usbh_core.c **** 
 639:Middlewares/ST/STM32_USB_Host_Library/Core/Src/usbh_core.c ****     case HOST_SET_CONFIGURATION:
 640:Middlewares/ST/STM32_USB_Host_Library/Core/Src/usbh_core.c ****       /* set configuration */
 641:Middlewares/ST/STM32_USB_Host_Library/Core/Src/usbh_core.c ****       if (USBH_SetCfg(phost, (uint16_t)phost->device.CfgDesc.bConfigurationValue) == USBH_OK)
 642:Middlewares/ST/STM32_USB_Host_Library/Core/Src/usbh_core.c ****       {
 643:Middlewares/ST/STM32_USB_Host_Library/Core/Src/usbh_core.c ****         phost->gState = HOST_SET_WAKEUP_FEATURE;
 644:Middlewares/ST/STM32_USB_Host_Library/Core/Src/usbh_core.c ****         USBH_UsrLog("Default configuration set.");
 645:Middlewares/ST/STM32_USB_Host_Library/Core/Src/usbh_core.c ****       }
 646:Middlewares/ST/STM32_USB_Host_Library/Core/Src/usbh_core.c **** 
 647:Middlewares/ST/STM32_USB_Host_Library/Core/Src/usbh_core.c **** #if (USBH_USE_OS == 1U)
 648:Middlewares/ST/STM32_USB_Host_Library/Core/Src/usbh_core.c ****       phost->os_msg = (uint32_t)USBH_PORT_EVENT;
 649:Middlewares/ST/STM32_USB_Host_Library/Core/Src/usbh_core.c **** #if (osCMSIS < 0x20000U)
 650:Middlewares/ST/STM32_USB_Host_Library/Core/Src/usbh_core.c ****       (void)osMessagePut(phost->os_event, phost->os_msg, 0U);
 651:Middlewares/ST/STM32_USB_Host_Library/Core/Src/usbh_core.c **** #else
 652:Middlewares/ST/STM32_USB_Host_Library/Core/Src/usbh_core.c ****       (void)osMessageQueuePut(phost->os_event, &phost->os_msg, 0U, 0U);
 653:Middlewares/ST/STM32_USB_Host_Library/Core/Src/usbh_core.c **** #endif
 654:Middlewares/ST/STM32_USB_Host_Library/Core/Src/usbh_core.c **** #endif
 655:Middlewares/ST/STM32_USB_Host_Library/Core/Src/usbh_core.c ****       break;
 656:Middlewares/ST/STM32_USB_Host_Library/Core/Src/usbh_core.c **** 
 657:Middlewares/ST/STM32_USB_Host_Library/Core/Src/usbh_core.c ****     case  HOST_SET_WAKEUP_FEATURE:
 658:Middlewares/ST/STM32_USB_Host_Library/Core/Src/usbh_core.c **** 
 659:Middlewares/ST/STM32_USB_Host_Library/Core/Src/usbh_core.c ****       if (((phost->device.CfgDesc.bmAttributes) & (1U << 5)) != 0U)
 660:Middlewares/ST/STM32_USB_Host_Library/Core/Src/usbh_core.c ****       {
 661:Middlewares/ST/STM32_USB_Host_Library/Core/Src/usbh_core.c ****         status = USBH_SetFeature(phost, FEATURE_SELECTOR_REMOTEWAKEUP);
 662:Middlewares/ST/STM32_USB_Host_Library/Core/Src/usbh_core.c **** 
 663:Middlewares/ST/STM32_USB_Host_Library/Core/Src/usbh_core.c ****         if (status == USBH_OK)
 664:Middlewares/ST/STM32_USB_Host_Library/Core/Src/usbh_core.c ****         {
 665:Middlewares/ST/STM32_USB_Host_Library/Core/Src/usbh_core.c ****           USBH_UsrLog("Device remote wakeup enabled");
 666:Middlewares/ST/STM32_USB_Host_Library/Core/Src/usbh_core.c ****           phost->gState = HOST_CHECK_CLASS;
ARM GAS  /tmp/cczvdhxn.s 			page 15


 667:Middlewares/ST/STM32_USB_Host_Library/Core/Src/usbh_core.c ****         }
 668:Middlewares/ST/STM32_USB_Host_Library/Core/Src/usbh_core.c ****         else if (status == USBH_NOT_SUPPORTED)
 669:Middlewares/ST/STM32_USB_Host_Library/Core/Src/usbh_core.c ****         {
 670:Middlewares/ST/STM32_USB_Host_Library/Core/Src/usbh_core.c ****           USBH_UsrLog("Remote wakeup not supported by the device");
 671:Middlewares/ST/STM32_USB_Host_Library/Core/Src/usbh_core.c ****           phost->gState = HOST_CHECK_CLASS;
 672:Middlewares/ST/STM32_USB_Host_Library/Core/Src/usbh_core.c ****         }
 673:Middlewares/ST/STM32_USB_Host_Library/Core/Src/usbh_core.c ****         else
 674:Middlewares/ST/STM32_USB_Host_Library/Core/Src/usbh_core.c ****         {
 675:Middlewares/ST/STM32_USB_Host_Library/Core/Src/usbh_core.c ****           /* .. */
 676:Middlewares/ST/STM32_USB_Host_Library/Core/Src/usbh_core.c ****         }
 677:Middlewares/ST/STM32_USB_Host_Library/Core/Src/usbh_core.c ****       }
 678:Middlewares/ST/STM32_USB_Host_Library/Core/Src/usbh_core.c ****       else
 679:Middlewares/ST/STM32_USB_Host_Library/Core/Src/usbh_core.c ****       {
 680:Middlewares/ST/STM32_USB_Host_Library/Core/Src/usbh_core.c ****         phost->gState = HOST_CHECK_CLASS;
 681:Middlewares/ST/STM32_USB_Host_Library/Core/Src/usbh_core.c ****       }
 682:Middlewares/ST/STM32_USB_Host_Library/Core/Src/usbh_core.c **** 
 683:Middlewares/ST/STM32_USB_Host_Library/Core/Src/usbh_core.c **** #if (USBH_USE_OS == 1U)
 684:Middlewares/ST/STM32_USB_Host_Library/Core/Src/usbh_core.c ****       phost->os_msg = (uint32_t)USBH_PORT_EVENT;
 685:Middlewares/ST/STM32_USB_Host_Library/Core/Src/usbh_core.c **** #if (osCMSIS < 0x20000U)
 686:Middlewares/ST/STM32_USB_Host_Library/Core/Src/usbh_core.c ****       (void)osMessagePut(phost->os_event, phost->os_msg, 0U);
 687:Middlewares/ST/STM32_USB_Host_Library/Core/Src/usbh_core.c **** #else
 688:Middlewares/ST/STM32_USB_Host_Library/Core/Src/usbh_core.c ****       (void)osMessageQueuePut(phost->os_event, &phost->os_msg, 0U, 0U);
 689:Middlewares/ST/STM32_USB_Host_Library/Core/Src/usbh_core.c **** #endif
 690:Middlewares/ST/STM32_USB_Host_Library/Core/Src/usbh_core.c **** #endif
 691:Middlewares/ST/STM32_USB_Host_Library/Core/Src/usbh_core.c ****       break;
 692:Middlewares/ST/STM32_USB_Host_Library/Core/Src/usbh_core.c **** 
 693:Middlewares/ST/STM32_USB_Host_Library/Core/Src/usbh_core.c ****     case HOST_CHECK_CLASS:
 694:Middlewares/ST/STM32_USB_Host_Library/Core/Src/usbh_core.c **** 
 695:Middlewares/ST/STM32_USB_Host_Library/Core/Src/usbh_core.c ****       if (phost->ClassNumber == 0U)
 696:Middlewares/ST/STM32_USB_Host_Library/Core/Src/usbh_core.c ****       {
 697:Middlewares/ST/STM32_USB_Host_Library/Core/Src/usbh_core.c ****         USBH_UsrLog("No Class has been registered.");
 698:Middlewares/ST/STM32_USB_Host_Library/Core/Src/usbh_core.c ****       }
 699:Middlewares/ST/STM32_USB_Host_Library/Core/Src/usbh_core.c ****       else
 700:Middlewares/ST/STM32_USB_Host_Library/Core/Src/usbh_core.c ****       {
 701:Middlewares/ST/STM32_USB_Host_Library/Core/Src/usbh_core.c ****         phost->pActiveClass = NULL;
 702:Middlewares/ST/STM32_USB_Host_Library/Core/Src/usbh_core.c **** 
 703:Middlewares/ST/STM32_USB_Host_Library/Core/Src/usbh_core.c ****         for (idx = 0U; idx < USBH_MAX_NUM_SUPPORTED_CLASS; idx++)
 704:Middlewares/ST/STM32_USB_Host_Library/Core/Src/usbh_core.c ****         {
 705:Middlewares/ST/STM32_USB_Host_Library/Core/Src/usbh_core.c ****           if (phost->pClass[idx]->ClassCode == phost->device.CfgDesc.Itf_Desc[0].bInterfaceClass)
 706:Middlewares/ST/STM32_USB_Host_Library/Core/Src/usbh_core.c ****           {
 707:Middlewares/ST/STM32_USB_Host_Library/Core/Src/usbh_core.c ****             phost->pActiveClass = phost->pClass[idx];
 708:Middlewares/ST/STM32_USB_Host_Library/Core/Src/usbh_core.c ****             break;
 709:Middlewares/ST/STM32_USB_Host_Library/Core/Src/usbh_core.c ****           }
 710:Middlewares/ST/STM32_USB_Host_Library/Core/Src/usbh_core.c ****         }
 711:Middlewares/ST/STM32_USB_Host_Library/Core/Src/usbh_core.c **** 
 712:Middlewares/ST/STM32_USB_Host_Library/Core/Src/usbh_core.c ****         if (phost->pActiveClass != NULL)
 713:Middlewares/ST/STM32_USB_Host_Library/Core/Src/usbh_core.c ****         {
 714:Middlewares/ST/STM32_USB_Host_Library/Core/Src/usbh_core.c ****           if (phost->pActiveClass->Init(phost) == USBH_OK)
 715:Middlewares/ST/STM32_USB_Host_Library/Core/Src/usbh_core.c ****           {
 716:Middlewares/ST/STM32_USB_Host_Library/Core/Src/usbh_core.c ****             phost->gState = HOST_CLASS_REQUEST;
 717:Middlewares/ST/STM32_USB_Host_Library/Core/Src/usbh_core.c ****             USBH_UsrLog("%s class started.", phost->pActiveClass->Name);
 718:Middlewares/ST/STM32_USB_Host_Library/Core/Src/usbh_core.c **** 
 719:Middlewares/ST/STM32_USB_Host_Library/Core/Src/usbh_core.c ****             /* Inform user that a class has been activated */
 720:Middlewares/ST/STM32_USB_Host_Library/Core/Src/usbh_core.c ****             phost->pUser(phost, HOST_USER_CLASS_SELECTED);
 721:Middlewares/ST/STM32_USB_Host_Library/Core/Src/usbh_core.c ****           }
 722:Middlewares/ST/STM32_USB_Host_Library/Core/Src/usbh_core.c ****           else
 723:Middlewares/ST/STM32_USB_Host_Library/Core/Src/usbh_core.c ****           {
ARM GAS  /tmp/cczvdhxn.s 			page 16


 724:Middlewares/ST/STM32_USB_Host_Library/Core/Src/usbh_core.c ****             phost->gState = HOST_ABORT_STATE;
 725:Middlewares/ST/STM32_USB_Host_Library/Core/Src/usbh_core.c ****             USBH_UsrLog("Device not supporting %s class.", phost->pActiveClass->Name);
 726:Middlewares/ST/STM32_USB_Host_Library/Core/Src/usbh_core.c ****           }
 727:Middlewares/ST/STM32_USB_Host_Library/Core/Src/usbh_core.c ****         }
 728:Middlewares/ST/STM32_USB_Host_Library/Core/Src/usbh_core.c ****         else
 729:Middlewares/ST/STM32_USB_Host_Library/Core/Src/usbh_core.c ****         {
 730:Middlewares/ST/STM32_USB_Host_Library/Core/Src/usbh_core.c ****           phost->gState = HOST_ABORT_STATE;
 731:Middlewares/ST/STM32_USB_Host_Library/Core/Src/usbh_core.c ****           USBH_UsrLog("No registered class for this device.");
 732:Middlewares/ST/STM32_USB_Host_Library/Core/Src/usbh_core.c ****         }
 733:Middlewares/ST/STM32_USB_Host_Library/Core/Src/usbh_core.c ****       }
 734:Middlewares/ST/STM32_USB_Host_Library/Core/Src/usbh_core.c **** 
 735:Middlewares/ST/STM32_USB_Host_Library/Core/Src/usbh_core.c **** #if (USBH_USE_OS == 1U)
 736:Middlewares/ST/STM32_USB_Host_Library/Core/Src/usbh_core.c ****       phost->os_msg = (uint32_t)USBH_STATE_CHANGED_EVENT;
 737:Middlewares/ST/STM32_USB_Host_Library/Core/Src/usbh_core.c **** #if (osCMSIS < 0x20000U)
 738:Middlewares/ST/STM32_USB_Host_Library/Core/Src/usbh_core.c ****       (void)osMessagePut(phost->os_event, phost->os_msg, 0U);
 739:Middlewares/ST/STM32_USB_Host_Library/Core/Src/usbh_core.c **** #else
 740:Middlewares/ST/STM32_USB_Host_Library/Core/Src/usbh_core.c ****       (void)osMessageQueuePut(phost->os_event, &phost->os_msg, 0U, 0U);
 741:Middlewares/ST/STM32_USB_Host_Library/Core/Src/usbh_core.c **** #endif
 742:Middlewares/ST/STM32_USB_Host_Library/Core/Src/usbh_core.c **** #endif
 743:Middlewares/ST/STM32_USB_Host_Library/Core/Src/usbh_core.c ****       break;
 744:Middlewares/ST/STM32_USB_Host_Library/Core/Src/usbh_core.c **** 
 745:Middlewares/ST/STM32_USB_Host_Library/Core/Src/usbh_core.c ****     case HOST_CLASS_REQUEST:
 746:Middlewares/ST/STM32_USB_Host_Library/Core/Src/usbh_core.c ****       /* process class standard control requests state machine */
 747:Middlewares/ST/STM32_USB_Host_Library/Core/Src/usbh_core.c ****       if (phost->pActiveClass != NULL)
 748:Middlewares/ST/STM32_USB_Host_Library/Core/Src/usbh_core.c ****       {
 749:Middlewares/ST/STM32_USB_Host_Library/Core/Src/usbh_core.c ****         status = phost->pActiveClass->Requests(phost);
 750:Middlewares/ST/STM32_USB_Host_Library/Core/Src/usbh_core.c **** 
 751:Middlewares/ST/STM32_USB_Host_Library/Core/Src/usbh_core.c ****         if (status == USBH_OK)
 752:Middlewares/ST/STM32_USB_Host_Library/Core/Src/usbh_core.c ****         {
 753:Middlewares/ST/STM32_USB_Host_Library/Core/Src/usbh_core.c ****           phost->gState = HOST_CLASS;
 754:Middlewares/ST/STM32_USB_Host_Library/Core/Src/usbh_core.c ****         }
 755:Middlewares/ST/STM32_USB_Host_Library/Core/Src/usbh_core.c ****         else if (status == USBH_FAIL)
 756:Middlewares/ST/STM32_USB_Host_Library/Core/Src/usbh_core.c ****         {
 757:Middlewares/ST/STM32_USB_Host_Library/Core/Src/usbh_core.c ****           phost->gState = HOST_ABORT_STATE;
 758:Middlewares/ST/STM32_USB_Host_Library/Core/Src/usbh_core.c ****           USBH_ErrLog("Device not responding Please Unplug.");
 759:Middlewares/ST/STM32_USB_Host_Library/Core/Src/usbh_core.c ****         }
 760:Middlewares/ST/STM32_USB_Host_Library/Core/Src/usbh_core.c ****         else
 761:Middlewares/ST/STM32_USB_Host_Library/Core/Src/usbh_core.c ****         {
 762:Middlewares/ST/STM32_USB_Host_Library/Core/Src/usbh_core.c ****           /* .. */
 763:Middlewares/ST/STM32_USB_Host_Library/Core/Src/usbh_core.c ****         }
 764:Middlewares/ST/STM32_USB_Host_Library/Core/Src/usbh_core.c ****       }
 765:Middlewares/ST/STM32_USB_Host_Library/Core/Src/usbh_core.c ****       else
 766:Middlewares/ST/STM32_USB_Host_Library/Core/Src/usbh_core.c ****       {
 767:Middlewares/ST/STM32_USB_Host_Library/Core/Src/usbh_core.c ****         phost->gState = HOST_ABORT_STATE;
 768:Middlewares/ST/STM32_USB_Host_Library/Core/Src/usbh_core.c ****         USBH_ErrLog("Invalid Class Driver.");
 769:Middlewares/ST/STM32_USB_Host_Library/Core/Src/usbh_core.c ****       }
 770:Middlewares/ST/STM32_USB_Host_Library/Core/Src/usbh_core.c **** #if (USBH_USE_OS == 1U)
 771:Middlewares/ST/STM32_USB_Host_Library/Core/Src/usbh_core.c ****       phost->os_msg = (uint32_t)USBH_STATE_CHANGED_EVENT;
 772:Middlewares/ST/STM32_USB_Host_Library/Core/Src/usbh_core.c **** #if (osCMSIS < 0x20000U)
 773:Middlewares/ST/STM32_USB_Host_Library/Core/Src/usbh_core.c ****       (void)osMessagePut(phost->os_event, phost->os_msg, 0U);
 774:Middlewares/ST/STM32_USB_Host_Library/Core/Src/usbh_core.c **** #else
 775:Middlewares/ST/STM32_USB_Host_Library/Core/Src/usbh_core.c ****       (void)osMessageQueuePut(phost->os_event, &phost->os_msg, 0U, 0U);
 776:Middlewares/ST/STM32_USB_Host_Library/Core/Src/usbh_core.c **** #endif
 777:Middlewares/ST/STM32_USB_Host_Library/Core/Src/usbh_core.c **** #endif
 778:Middlewares/ST/STM32_USB_Host_Library/Core/Src/usbh_core.c ****       break;
 779:Middlewares/ST/STM32_USB_Host_Library/Core/Src/usbh_core.c **** 
 780:Middlewares/ST/STM32_USB_Host_Library/Core/Src/usbh_core.c ****     case HOST_CLASS:
ARM GAS  /tmp/cczvdhxn.s 			page 17


 781:Middlewares/ST/STM32_USB_Host_Library/Core/Src/usbh_core.c ****       /* process class state machine */
 782:Middlewares/ST/STM32_USB_Host_Library/Core/Src/usbh_core.c ****       if (phost->pActiveClass != NULL)
 783:Middlewares/ST/STM32_USB_Host_Library/Core/Src/usbh_core.c ****       {
 784:Middlewares/ST/STM32_USB_Host_Library/Core/Src/usbh_core.c ****         phost->pActiveClass->BgndProcess(phost);
 785:Middlewares/ST/STM32_USB_Host_Library/Core/Src/usbh_core.c ****       }
 786:Middlewares/ST/STM32_USB_Host_Library/Core/Src/usbh_core.c ****       break;
 787:Middlewares/ST/STM32_USB_Host_Library/Core/Src/usbh_core.c **** 
 788:Middlewares/ST/STM32_USB_Host_Library/Core/Src/usbh_core.c ****     case HOST_DEV_DISCONNECTED :
 789:Middlewares/ST/STM32_USB_Host_Library/Core/Src/usbh_core.c ****       phost->device.is_disconnected = 0U;
 790:Middlewares/ST/STM32_USB_Host_Library/Core/Src/usbh_core.c **** 
 791:Middlewares/ST/STM32_USB_Host_Library/Core/Src/usbh_core.c ****       (void)DeInitStateMachine(phost);
 792:Middlewares/ST/STM32_USB_Host_Library/Core/Src/usbh_core.c **** 
 793:Middlewares/ST/STM32_USB_Host_Library/Core/Src/usbh_core.c ****       /* Re-Initilaize Host for new Enumeration */
 794:Middlewares/ST/STM32_USB_Host_Library/Core/Src/usbh_core.c ****       if (phost->pActiveClass != NULL)
 795:Middlewares/ST/STM32_USB_Host_Library/Core/Src/usbh_core.c ****       {
 796:Middlewares/ST/STM32_USB_Host_Library/Core/Src/usbh_core.c ****         phost->pActiveClass->DeInit(phost);
 797:Middlewares/ST/STM32_USB_Host_Library/Core/Src/usbh_core.c ****         phost->pActiveClass = NULL;
 798:Middlewares/ST/STM32_USB_Host_Library/Core/Src/usbh_core.c ****       }
 799:Middlewares/ST/STM32_USB_Host_Library/Core/Src/usbh_core.c **** 
 800:Middlewares/ST/STM32_USB_Host_Library/Core/Src/usbh_core.c ****       if (phost->pUser != NULL)
 801:Middlewares/ST/STM32_USB_Host_Library/Core/Src/usbh_core.c ****       {
 802:Middlewares/ST/STM32_USB_Host_Library/Core/Src/usbh_core.c ****         phost->pUser(phost, HOST_USER_DISCONNECTION);
 803:Middlewares/ST/STM32_USB_Host_Library/Core/Src/usbh_core.c ****       }
 804:Middlewares/ST/STM32_USB_Host_Library/Core/Src/usbh_core.c ****       USBH_UsrLog("USB Device disconnected");
 805:Middlewares/ST/STM32_USB_Host_Library/Core/Src/usbh_core.c **** 
 806:Middlewares/ST/STM32_USB_Host_Library/Core/Src/usbh_core.c ****       if (phost->device.is_ReEnumerated == 1U)
 807:Middlewares/ST/STM32_USB_Host_Library/Core/Src/usbh_core.c ****       {
 808:Middlewares/ST/STM32_USB_Host_Library/Core/Src/usbh_core.c ****         phost->device.is_ReEnumerated = 0U;
 809:Middlewares/ST/STM32_USB_Host_Library/Core/Src/usbh_core.c **** 
 810:Middlewares/ST/STM32_USB_Host_Library/Core/Src/usbh_core.c ****         /* Start the host and re-enable Vbus */
 811:Middlewares/ST/STM32_USB_Host_Library/Core/Src/usbh_core.c ****         (void)USBH_Start(phost);
 812:Middlewares/ST/STM32_USB_Host_Library/Core/Src/usbh_core.c ****       }
 813:Middlewares/ST/STM32_USB_Host_Library/Core/Src/usbh_core.c ****       else
 814:Middlewares/ST/STM32_USB_Host_Library/Core/Src/usbh_core.c ****       {
 815:Middlewares/ST/STM32_USB_Host_Library/Core/Src/usbh_core.c ****         /* Device Disconnection Completed, start USB Driver */
 816:Middlewares/ST/STM32_USB_Host_Library/Core/Src/usbh_core.c ****         (void)USBH_LL_Start(phost);
 817:Middlewares/ST/STM32_USB_Host_Library/Core/Src/usbh_core.c ****       }
 818:Middlewares/ST/STM32_USB_Host_Library/Core/Src/usbh_core.c **** 
 819:Middlewares/ST/STM32_USB_Host_Library/Core/Src/usbh_core.c **** #if (USBH_USE_OS == 1U)
 820:Middlewares/ST/STM32_USB_Host_Library/Core/Src/usbh_core.c ****       phost->os_msg = (uint32_t)USBH_PORT_EVENT;
 821:Middlewares/ST/STM32_USB_Host_Library/Core/Src/usbh_core.c **** #if (osCMSIS < 0x20000U)
 822:Middlewares/ST/STM32_USB_Host_Library/Core/Src/usbh_core.c ****       (void)osMessagePut(phost->os_event, phost->os_msg, 0U);
 823:Middlewares/ST/STM32_USB_Host_Library/Core/Src/usbh_core.c **** #else
 824:Middlewares/ST/STM32_USB_Host_Library/Core/Src/usbh_core.c ****       (void)osMessageQueuePut(phost->os_event, &phost->os_msg, 0U, 0U);
 825:Middlewares/ST/STM32_USB_Host_Library/Core/Src/usbh_core.c **** #endif
 826:Middlewares/ST/STM32_USB_Host_Library/Core/Src/usbh_core.c **** #endif
 827:Middlewares/ST/STM32_USB_Host_Library/Core/Src/usbh_core.c ****       break;
 828:Middlewares/ST/STM32_USB_Host_Library/Core/Src/usbh_core.c **** 
 829:Middlewares/ST/STM32_USB_Host_Library/Core/Src/usbh_core.c ****     case HOST_ABORT_STATE:
 830:Middlewares/ST/STM32_USB_Host_Library/Core/Src/usbh_core.c ****     default :
 831:Middlewares/ST/STM32_USB_Host_Library/Core/Src/usbh_core.c ****       break;
 832:Middlewares/ST/STM32_USB_Host_Library/Core/Src/usbh_core.c ****   }
 833:Middlewares/ST/STM32_USB_Host_Library/Core/Src/usbh_core.c ****   return USBH_OK;
 834:Middlewares/ST/STM32_USB_Host_Library/Core/Src/usbh_core.c **** }
 835:Middlewares/ST/STM32_USB_Host_Library/Core/Src/usbh_core.c **** 
 836:Middlewares/ST/STM32_USB_Host_Library/Core/Src/usbh_core.c **** 
 837:Middlewares/ST/STM32_USB_Host_Library/Core/Src/usbh_core.c **** /**
ARM GAS  /tmp/cczvdhxn.s 			page 18


 838:Middlewares/ST/STM32_USB_Host_Library/Core/Src/usbh_core.c ****   * @brief  USBH_HandleEnum
 839:Middlewares/ST/STM32_USB_Host_Library/Core/Src/usbh_core.c ****   *         This function includes the complete enumeration process
 840:Middlewares/ST/STM32_USB_Host_Library/Core/Src/usbh_core.c ****   * @param  phost: Host Handle
 841:Middlewares/ST/STM32_USB_Host_Library/Core/Src/usbh_core.c ****   * @retval USBH_Status
 842:Middlewares/ST/STM32_USB_Host_Library/Core/Src/usbh_core.c ****   */
 843:Middlewares/ST/STM32_USB_Host_Library/Core/Src/usbh_core.c **** static USBH_StatusTypeDef USBH_HandleEnum(USBH_HandleTypeDef *phost)
 844:Middlewares/ST/STM32_USB_Host_Library/Core/Src/usbh_core.c **** {
 845:Middlewares/ST/STM32_USB_Host_Library/Core/Src/usbh_core.c ****   USBH_StatusTypeDef Status = USBH_BUSY;
 846:Middlewares/ST/STM32_USB_Host_Library/Core/Src/usbh_core.c ****   USBH_StatusTypeDef ReqStatus = USBH_BUSY;
 847:Middlewares/ST/STM32_USB_Host_Library/Core/Src/usbh_core.c **** 
 848:Middlewares/ST/STM32_USB_Host_Library/Core/Src/usbh_core.c ****   switch (phost->EnumState)
 849:Middlewares/ST/STM32_USB_Host_Library/Core/Src/usbh_core.c ****   {
 850:Middlewares/ST/STM32_USB_Host_Library/Core/Src/usbh_core.c ****     case ENUM_IDLE:
 851:Middlewares/ST/STM32_USB_Host_Library/Core/Src/usbh_core.c ****       /* Get Device Desc for only 1st 8 bytes : To get EP0 MaxPacketSize */
 852:Middlewares/ST/STM32_USB_Host_Library/Core/Src/usbh_core.c ****       ReqStatus = USBH_Get_DevDesc(phost, 8U);
 853:Middlewares/ST/STM32_USB_Host_Library/Core/Src/usbh_core.c ****       if (ReqStatus == USBH_OK)
 854:Middlewares/ST/STM32_USB_Host_Library/Core/Src/usbh_core.c ****       {
 855:Middlewares/ST/STM32_USB_Host_Library/Core/Src/usbh_core.c ****         phost->Control.pipe_size = phost->device.DevDesc.bMaxPacketSize;
 856:Middlewares/ST/STM32_USB_Host_Library/Core/Src/usbh_core.c **** 
 857:Middlewares/ST/STM32_USB_Host_Library/Core/Src/usbh_core.c ****         phost->EnumState = ENUM_GET_FULL_DEV_DESC;
 858:Middlewares/ST/STM32_USB_Host_Library/Core/Src/usbh_core.c **** 
 859:Middlewares/ST/STM32_USB_Host_Library/Core/Src/usbh_core.c ****         /* modify control channels configuration for MaxPacket size */
 860:Middlewares/ST/STM32_USB_Host_Library/Core/Src/usbh_core.c ****         (void)USBH_OpenPipe(phost, phost->Control.pipe_in, 0x80U, phost->device.address,
 861:Middlewares/ST/STM32_USB_Host_Library/Core/Src/usbh_core.c ****                             phost->device.speed, USBH_EP_CONTROL,
 862:Middlewares/ST/STM32_USB_Host_Library/Core/Src/usbh_core.c ****                             (uint16_t)phost->Control.pipe_size);
 863:Middlewares/ST/STM32_USB_Host_Library/Core/Src/usbh_core.c **** 
 864:Middlewares/ST/STM32_USB_Host_Library/Core/Src/usbh_core.c ****         /* Open Control pipes */
 865:Middlewares/ST/STM32_USB_Host_Library/Core/Src/usbh_core.c ****         (void)USBH_OpenPipe(phost, phost->Control.pipe_out, 0x00U, phost->device.address,
 866:Middlewares/ST/STM32_USB_Host_Library/Core/Src/usbh_core.c ****                             phost->device.speed, USBH_EP_CONTROL,
 867:Middlewares/ST/STM32_USB_Host_Library/Core/Src/usbh_core.c ****                             (uint16_t)phost->Control.pipe_size);
 868:Middlewares/ST/STM32_USB_Host_Library/Core/Src/usbh_core.c ****       }
 869:Middlewares/ST/STM32_USB_Host_Library/Core/Src/usbh_core.c ****       else if (ReqStatus == USBH_NOT_SUPPORTED)
 870:Middlewares/ST/STM32_USB_Host_Library/Core/Src/usbh_core.c ****       {
 871:Middlewares/ST/STM32_USB_Host_Library/Core/Src/usbh_core.c ****         USBH_ErrLog("Control error: Get Device Descriptor request failed");
 872:Middlewares/ST/STM32_USB_Host_Library/Core/Src/usbh_core.c ****         phost->device.EnumCnt++;
 873:Middlewares/ST/STM32_USB_Host_Library/Core/Src/usbh_core.c ****         if (phost->device.EnumCnt > 3U)
 874:Middlewares/ST/STM32_USB_Host_Library/Core/Src/usbh_core.c ****         {
 875:Middlewares/ST/STM32_USB_Host_Library/Core/Src/usbh_core.c ****           /* Buggy Device can't complete get device desc request */
 876:Middlewares/ST/STM32_USB_Host_Library/Core/Src/usbh_core.c ****           USBH_UsrLog("Control error, Device not Responding Please unplug the Device.");
 877:Middlewares/ST/STM32_USB_Host_Library/Core/Src/usbh_core.c ****           phost->gState = HOST_ABORT_STATE;
 878:Middlewares/ST/STM32_USB_Host_Library/Core/Src/usbh_core.c ****         }
 879:Middlewares/ST/STM32_USB_Host_Library/Core/Src/usbh_core.c ****         else
 880:Middlewares/ST/STM32_USB_Host_Library/Core/Src/usbh_core.c ****         {
 881:Middlewares/ST/STM32_USB_Host_Library/Core/Src/usbh_core.c ****           /* free control pipes */
 882:Middlewares/ST/STM32_USB_Host_Library/Core/Src/usbh_core.c ****           (void)USBH_FreePipe(phost, phost->Control.pipe_out);
 883:Middlewares/ST/STM32_USB_Host_Library/Core/Src/usbh_core.c ****           (void)USBH_FreePipe(phost, phost->Control.pipe_in);
 884:Middlewares/ST/STM32_USB_Host_Library/Core/Src/usbh_core.c **** 
 885:Middlewares/ST/STM32_USB_Host_Library/Core/Src/usbh_core.c ****           /* Reset the USB Device */
 886:Middlewares/ST/STM32_USB_Host_Library/Core/Src/usbh_core.c ****           phost->gState = HOST_IDLE;
 887:Middlewares/ST/STM32_USB_Host_Library/Core/Src/usbh_core.c ****         }
 888:Middlewares/ST/STM32_USB_Host_Library/Core/Src/usbh_core.c ****       }
 889:Middlewares/ST/STM32_USB_Host_Library/Core/Src/usbh_core.c ****       else
 890:Middlewares/ST/STM32_USB_Host_Library/Core/Src/usbh_core.c ****       {
 891:Middlewares/ST/STM32_USB_Host_Library/Core/Src/usbh_core.c ****         /* .. */
 892:Middlewares/ST/STM32_USB_Host_Library/Core/Src/usbh_core.c ****       }
 893:Middlewares/ST/STM32_USB_Host_Library/Core/Src/usbh_core.c ****       break;
 894:Middlewares/ST/STM32_USB_Host_Library/Core/Src/usbh_core.c **** 
ARM GAS  /tmp/cczvdhxn.s 			page 19


 895:Middlewares/ST/STM32_USB_Host_Library/Core/Src/usbh_core.c ****     case ENUM_GET_FULL_DEV_DESC:
 896:Middlewares/ST/STM32_USB_Host_Library/Core/Src/usbh_core.c ****       /* Get FULL Device Desc  */
 897:Middlewares/ST/STM32_USB_Host_Library/Core/Src/usbh_core.c ****       ReqStatus = USBH_Get_DevDesc(phost, USB_DEVICE_DESC_SIZE);
 898:Middlewares/ST/STM32_USB_Host_Library/Core/Src/usbh_core.c ****       if (ReqStatus == USBH_OK)
 899:Middlewares/ST/STM32_USB_Host_Library/Core/Src/usbh_core.c ****       {
 900:Middlewares/ST/STM32_USB_Host_Library/Core/Src/usbh_core.c ****         USBH_UsrLog("PID: %xh", phost->device.DevDesc.idProduct);
 901:Middlewares/ST/STM32_USB_Host_Library/Core/Src/usbh_core.c ****         USBH_UsrLog("VID: %xh", phost->device.DevDesc.idVendor);
 902:Middlewares/ST/STM32_USB_Host_Library/Core/Src/usbh_core.c **** 
 903:Middlewares/ST/STM32_USB_Host_Library/Core/Src/usbh_core.c ****         phost->EnumState = ENUM_SET_ADDR;
 904:Middlewares/ST/STM32_USB_Host_Library/Core/Src/usbh_core.c ****       }
 905:Middlewares/ST/STM32_USB_Host_Library/Core/Src/usbh_core.c ****       else if (ReqStatus == USBH_NOT_SUPPORTED)
 906:Middlewares/ST/STM32_USB_Host_Library/Core/Src/usbh_core.c ****       {
 907:Middlewares/ST/STM32_USB_Host_Library/Core/Src/usbh_core.c ****         USBH_ErrLog("Control error: Get Full Device Descriptor request failed");
 908:Middlewares/ST/STM32_USB_Host_Library/Core/Src/usbh_core.c ****         phost->device.EnumCnt++;
 909:Middlewares/ST/STM32_USB_Host_Library/Core/Src/usbh_core.c ****         if (phost->device.EnumCnt > 3U)
 910:Middlewares/ST/STM32_USB_Host_Library/Core/Src/usbh_core.c ****         {
 911:Middlewares/ST/STM32_USB_Host_Library/Core/Src/usbh_core.c ****           /* Buggy Device can't complete get device desc request */
 912:Middlewares/ST/STM32_USB_Host_Library/Core/Src/usbh_core.c ****           USBH_UsrLog("Control error, Device not Responding Please unplug the Device.");
 913:Middlewares/ST/STM32_USB_Host_Library/Core/Src/usbh_core.c ****           phost->gState = HOST_ABORT_STATE;
 914:Middlewares/ST/STM32_USB_Host_Library/Core/Src/usbh_core.c ****         }
 915:Middlewares/ST/STM32_USB_Host_Library/Core/Src/usbh_core.c ****         else
 916:Middlewares/ST/STM32_USB_Host_Library/Core/Src/usbh_core.c ****         {
 917:Middlewares/ST/STM32_USB_Host_Library/Core/Src/usbh_core.c ****           /* Free control pipes */
 918:Middlewares/ST/STM32_USB_Host_Library/Core/Src/usbh_core.c ****           (void)USBH_FreePipe(phost, phost->Control.pipe_out);
 919:Middlewares/ST/STM32_USB_Host_Library/Core/Src/usbh_core.c ****           (void)USBH_FreePipe(phost, phost->Control.pipe_in);
 920:Middlewares/ST/STM32_USB_Host_Library/Core/Src/usbh_core.c **** 
 921:Middlewares/ST/STM32_USB_Host_Library/Core/Src/usbh_core.c ****           /* Reset the USB Device */
 922:Middlewares/ST/STM32_USB_Host_Library/Core/Src/usbh_core.c ****           phost->EnumState = ENUM_IDLE;
 923:Middlewares/ST/STM32_USB_Host_Library/Core/Src/usbh_core.c ****           phost->gState = HOST_IDLE;
 924:Middlewares/ST/STM32_USB_Host_Library/Core/Src/usbh_core.c ****         }
 925:Middlewares/ST/STM32_USB_Host_Library/Core/Src/usbh_core.c ****       }
 926:Middlewares/ST/STM32_USB_Host_Library/Core/Src/usbh_core.c ****       else
 927:Middlewares/ST/STM32_USB_Host_Library/Core/Src/usbh_core.c ****       {
 928:Middlewares/ST/STM32_USB_Host_Library/Core/Src/usbh_core.c ****         /* .. */
 929:Middlewares/ST/STM32_USB_Host_Library/Core/Src/usbh_core.c ****       }
 930:Middlewares/ST/STM32_USB_Host_Library/Core/Src/usbh_core.c ****       break;
 931:Middlewares/ST/STM32_USB_Host_Library/Core/Src/usbh_core.c **** 
 932:Middlewares/ST/STM32_USB_Host_Library/Core/Src/usbh_core.c ****     case ENUM_SET_ADDR:
 933:Middlewares/ST/STM32_USB_Host_Library/Core/Src/usbh_core.c ****       /* set address */
 934:Middlewares/ST/STM32_USB_Host_Library/Core/Src/usbh_core.c ****       ReqStatus = USBH_SetAddress(phost, USBH_DEVICE_ADDRESS);
 935:Middlewares/ST/STM32_USB_Host_Library/Core/Src/usbh_core.c ****       if (ReqStatus == USBH_OK)
 936:Middlewares/ST/STM32_USB_Host_Library/Core/Src/usbh_core.c ****       {
 937:Middlewares/ST/STM32_USB_Host_Library/Core/Src/usbh_core.c ****         USBH_Delay(2U);
 938:Middlewares/ST/STM32_USB_Host_Library/Core/Src/usbh_core.c ****         phost->device.address = USBH_DEVICE_ADDRESS;
 939:Middlewares/ST/STM32_USB_Host_Library/Core/Src/usbh_core.c **** 
 940:Middlewares/ST/STM32_USB_Host_Library/Core/Src/usbh_core.c ****         /* user callback for device address assigned */
 941:Middlewares/ST/STM32_USB_Host_Library/Core/Src/usbh_core.c ****         USBH_UsrLog("Address (#%d) assigned.", phost->device.address);
 942:Middlewares/ST/STM32_USB_Host_Library/Core/Src/usbh_core.c ****         phost->EnumState = ENUM_GET_CFG_DESC;
 943:Middlewares/ST/STM32_USB_Host_Library/Core/Src/usbh_core.c **** 
 944:Middlewares/ST/STM32_USB_Host_Library/Core/Src/usbh_core.c ****         /* modify control channels to update device address */
 945:Middlewares/ST/STM32_USB_Host_Library/Core/Src/usbh_core.c ****         (void)USBH_OpenPipe(phost, phost->Control.pipe_in, 0x80U,  phost->device.address,
 946:Middlewares/ST/STM32_USB_Host_Library/Core/Src/usbh_core.c ****                             phost->device.speed, USBH_EP_CONTROL,
 947:Middlewares/ST/STM32_USB_Host_Library/Core/Src/usbh_core.c ****                             (uint16_t)phost->Control.pipe_size);
 948:Middlewares/ST/STM32_USB_Host_Library/Core/Src/usbh_core.c **** 
 949:Middlewares/ST/STM32_USB_Host_Library/Core/Src/usbh_core.c ****         /* Open Control pipes */
 950:Middlewares/ST/STM32_USB_Host_Library/Core/Src/usbh_core.c ****         (void)USBH_OpenPipe(phost, phost->Control.pipe_out, 0x00U, phost->device.address,
 951:Middlewares/ST/STM32_USB_Host_Library/Core/Src/usbh_core.c ****                             phost->device.speed, USBH_EP_CONTROL,
ARM GAS  /tmp/cczvdhxn.s 			page 20


 952:Middlewares/ST/STM32_USB_Host_Library/Core/Src/usbh_core.c ****                             (uint16_t)phost->Control.pipe_size);
 953:Middlewares/ST/STM32_USB_Host_Library/Core/Src/usbh_core.c ****       }
 954:Middlewares/ST/STM32_USB_Host_Library/Core/Src/usbh_core.c ****       else if (ReqStatus == USBH_NOT_SUPPORTED)
 955:Middlewares/ST/STM32_USB_Host_Library/Core/Src/usbh_core.c ****       {
 956:Middlewares/ST/STM32_USB_Host_Library/Core/Src/usbh_core.c ****         USBH_ErrLog("Control error: Device Set Address request failed");
 957:Middlewares/ST/STM32_USB_Host_Library/Core/Src/usbh_core.c **** 
 958:Middlewares/ST/STM32_USB_Host_Library/Core/Src/usbh_core.c ****         /* Buggy Device can't complete get device desc request */
 959:Middlewares/ST/STM32_USB_Host_Library/Core/Src/usbh_core.c ****         USBH_UsrLog("Control error, Device not Responding Please unplug the Device.");
 960:Middlewares/ST/STM32_USB_Host_Library/Core/Src/usbh_core.c ****         phost->gState = HOST_ABORT_STATE;
 961:Middlewares/ST/STM32_USB_Host_Library/Core/Src/usbh_core.c ****         phost->EnumState = ENUM_IDLE;
 962:Middlewares/ST/STM32_USB_Host_Library/Core/Src/usbh_core.c ****       }
 963:Middlewares/ST/STM32_USB_Host_Library/Core/Src/usbh_core.c ****       else
 964:Middlewares/ST/STM32_USB_Host_Library/Core/Src/usbh_core.c ****       {
 965:Middlewares/ST/STM32_USB_Host_Library/Core/Src/usbh_core.c ****         /* .. */
 966:Middlewares/ST/STM32_USB_Host_Library/Core/Src/usbh_core.c ****       }
 967:Middlewares/ST/STM32_USB_Host_Library/Core/Src/usbh_core.c ****       break;
 968:Middlewares/ST/STM32_USB_Host_Library/Core/Src/usbh_core.c **** 
 969:Middlewares/ST/STM32_USB_Host_Library/Core/Src/usbh_core.c ****     case ENUM_GET_CFG_DESC:
 970:Middlewares/ST/STM32_USB_Host_Library/Core/Src/usbh_core.c ****       /* get standard configuration descriptor */
 971:Middlewares/ST/STM32_USB_Host_Library/Core/Src/usbh_core.c ****       ReqStatus = USBH_Get_CfgDesc(phost, USB_CONFIGURATION_DESC_SIZE);
 972:Middlewares/ST/STM32_USB_Host_Library/Core/Src/usbh_core.c ****       if (ReqStatus == USBH_OK)
 973:Middlewares/ST/STM32_USB_Host_Library/Core/Src/usbh_core.c ****       {
 974:Middlewares/ST/STM32_USB_Host_Library/Core/Src/usbh_core.c ****         phost->EnumState = ENUM_GET_FULL_CFG_DESC;
 975:Middlewares/ST/STM32_USB_Host_Library/Core/Src/usbh_core.c ****       }
 976:Middlewares/ST/STM32_USB_Host_Library/Core/Src/usbh_core.c ****       else if (ReqStatus == USBH_NOT_SUPPORTED)
 977:Middlewares/ST/STM32_USB_Host_Library/Core/Src/usbh_core.c ****       {
 978:Middlewares/ST/STM32_USB_Host_Library/Core/Src/usbh_core.c ****         USBH_ErrLog("Control error: Get Device configuration descriptor request failed");
 979:Middlewares/ST/STM32_USB_Host_Library/Core/Src/usbh_core.c ****         phost->device.EnumCnt++;
 980:Middlewares/ST/STM32_USB_Host_Library/Core/Src/usbh_core.c ****         if (phost->device.EnumCnt > 3U)
 981:Middlewares/ST/STM32_USB_Host_Library/Core/Src/usbh_core.c ****         {
 982:Middlewares/ST/STM32_USB_Host_Library/Core/Src/usbh_core.c ****           /* Buggy Device can't complete get device desc request */
 983:Middlewares/ST/STM32_USB_Host_Library/Core/Src/usbh_core.c ****           USBH_UsrLog("Control error, Device not Responding Please unplug the Device.");
 984:Middlewares/ST/STM32_USB_Host_Library/Core/Src/usbh_core.c ****           phost->gState = HOST_ABORT_STATE;
 985:Middlewares/ST/STM32_USB_Host_Library/Core/Src/usbh_core.c ****         }
 986:Middlewares/ST/STM32_USB_Host_Library/Core/Src/usbh_core.c ****         else
 987:Middlewares/ST/STM32_USB_Host_Library/Core/Src/usbh_core.c ****         {
 988:Middlewares/ST/STM32_USB_Host_Library/Core/Src/usbh_core.c ****           /* Free control pipes */
 989:Middlewares/ST/STM32_USB_Host_Library/Core/Src/usbh_core.c ****           (void)USBH_FreePipe(phost, phost->Control.pipe_out);
 990:Middlewares/ST/STM32_USB_Host_Library/Core/Src/usbh_core.c ****           (void)USBH_FreePipe(phost, phost->Control.pipe_in);
 991:Middlewares/ST/STM32_USB_Host_Library/Core/Src/usbh_core.c **** 
 992:Middlewares/ST/STM32_USB_Host_Library/Core/Src/usbh_core.c ****           /* Reset the USB Device */
 993:Middlewares/ST/STM32_USB_Host_Library/Core/Src/usbh_core.c ****           phost->EnumState = ENUM_IDLE;
 994:Middlewares/ST/STM32_USB_Host_Library/Core/Src/usbh_core.c ****           phost->gState = HOST_IDLE;
 995:Middlewares/ST/STM32_USB_Host_Library/Core/Src/usbh_core.c ****         }
 996:Middlewares/ST/STM32_USB_Host_Library/Core/Src/usbh_core.c ****       }
 997:Middlewares/ST/STM32_USB_Host_Library/Core/Src/usbh_core.c ****       else
 998:Middlewares/ST/STM32_USB_Host_Library/Core/Src/usbh_core.c ****       {
 999:Middlewares/ST/STM32_USB_Host_Library/Core/Src/usbh_core.c ****         /* .. */
1000:Middlewares/ST/STM32_USB_Host_Library/Core/Src/usbh_core.c ****       }
1001:Middlewares/ST/STM32_USB_Host_Library/Core/Src/usbh_core.c ****       break;
1002:Middlewares/ST/STM32_USB_Host_Library/Core/Src/usbh_core.c **** 
1003:Middlewares/ST/STM32_USB_Host_Library/Core/Src/usbh_core.c ****     case ENUM_GET_FULL_CFG_DESC:
1004:Middlewares/ST/STM32_USB_Host_Library/Core/Src/usbh_core.c ****       /* get FULL config descriptor (config, interface, endpoints) */
1005:Middlewares/ST/STM32_USB_Host_Library/Core/Src/usbh_core.c ****       ReqStatus = USBH_Get_CfgDesc(phost, phost->device.CfgDesc.wTotalLength);
1006:Middlewares/ST/STM32_USB_Host_Library/Core/Src/usbh_core.c ****       if (ReqStatus == USBH_OK)
1007:Middlewares/ST/STM32_USB_Host_Library/Core/Src/usbh_core.c ****       {
1008:Middlewares/ST/STM32_USB_Host_Library/Core/Src/usbh_core.c ****         phost->EnumState = ENUM_GET_MFC_STRING_DESC;
ARM GAS  /tmp/cczvdhxn.s 			page 21


1009:Middlewares/ST/STM32_USB_Host_Library/Core/Src/usbh_core.c ****       }
1010:Middlewares/ST/STM32_USB_Host_Library/Core/Src/usbh_core.c ****       else if (ReqStatus == USBH_NOT_SUPPORTED)
1011:Middlewares/ST/STM32_USB_Host_Library/Core/Src/usbh_core.c ****       {
1012:Middlewares/ST/STM32_USB_Host_Library/Core/Src/usbh_core.c ****         USBH_ErrLog("Control error: Get Device configuration descriptor request failed");
1013:Middlewares/ST/STM32_USB_Host_Library/Core/Src/usbh_core.c ****         phost->device.EnumCnt++;
1014:Middlewares/ST/STM32_USB_Host_Library/Core/Src/usbh_core.c ****         if (phost->device.EnumCnt > 3U)
1015:Middlewares/ST/STM32_USB_Host_Library/Core/Src/usbh_core.c ****         {
1016:Middlewares/ST/STM32_USB_Host_Library/Core/Src/usbh_core.c ****           /* Buggy Device can't complete get device desc request */
1017:Middlewares/ST/STM32_USB_Host_Library/Core/Src/usbh_core.c ****           USBH_UsrLog("Control error, Device not Responding Please unplug the Device.");
1018:Middlewares/ST/STM32_USB_Host_Library/Core/Src/usbh_core.c ****           phost->gState = HOST_ABORT_STATE;
1019:Middlewares/ST/STM32_USB_Host_Library/Core/Src/usbh_core.c ****         }
1020:Middlewares/ST/STM32_USB_Host_Library/Core/Src/usbh_core.c ****         else
1021:Middlewares/ST/STM32_USB_Host_Library/Core/Src/usbh_core.c ****         {
1022:Middlewares/ST/STM32_USB_Host_Library/Core/Src/usbh_core.c ****           /* Free control pipes */
1023:Middlewares/ST/STM32_USB_Host_Library/Core/Src/usbh_core.c ****           (void)USBH_FreePipe(phost, phost->Control.pipe_out);
1024:Middlewares/ST/STM32_USB_Host_Library/Core/Src/usbh_core.c ****           (void)USBH_FreePipe(phost, phost->Control.pipe_in);
1025:Middlewares/ST/STM32_USB_Host_Library/Core/Src/usbh_core.c **** 
1026:Middlewares/ST/STM32_USB_Host_Library/Core/Src/usbh_core.c ****           /* Reset the USB Device */
1027:Middlewares/ST/STM32_USB_Host_Library/Core/Src/usbh_core.c ****           phost->EnumState = ENUM_IDLE;
1028:Middlewares/ST/STM32_USB_Host_Library/Core/Src/usbh_core.c ****           phost->gState = HOST_IDLE;
1029:Middlewares/ST/STM32_USB_Host_Library/Core/Src/usbh_core.c ****         }
1030:Middlewares/ST/STM32_USB_Host_Library/Core/Src/usbh_core.c ****       }
1031:Middlewares/ST/STM32_USB_Host_Library/Core/Src/usbh_core.c ****       else
1032:Middlewares/ST/STM32_USB_Host_Library/Core/Src/usbh_core.c ****       {
1033:Middlewares/ST/STM32_USB_Host_Library/Core/Src/usbh_core.c ****         /* .. */
1034:Middlewares/ST/STM32_USB_Host_Library/Core/Src/usbh_core.c ****       }
1035:Middlewares/ST/STM32_USB_Host_Library/Core/Src/usbh_core.c ****       break;
1036:Middlewares/ST/STM32_USB_Host_Library/Core/Src/usbh_core.c **** 
1037:Middlewares/ST/STM32_USB_Host_Library/Core/Src/usbh_core.c ****     case ENUM_GET_MFC_STRING_DESC:
1038:Middlewares/ST/STM32_USB_Host_Library/Core/Src/usbh_core.c ****       if (phost->device.DevDesc.iManufacturer != 0U)
1039:Middlewares/ST/STM32_USB_Host_Library/Core/Src/usbh_core.c ****       {
1040:Middlewares/ST/STM32_USB_Host_Library/Core/Src/usbh_core.c ****         /* Check that Manufacturer String is available */
1041:Middlewares/ST/STM32_USB_Host_Library/Core/Src/usbh_core.c ****         ReqStatus = USBH_Get_StringDesc(phost, phost->device.DevDesc.iManufacturer,
1042:Middlewares/ST/STM32_USB_Host_Library/Core/Src/usbh_core.c ****                                         phost->device.Data, 0xFFU);
1043:Middlewares/ST/STM32_USB_Host_Library/Core/Src/usbh_core.c ****         if (ReqStatus == USBH_OK)
1044:Middlewares/ST/STM32_USB_Host_Library/Core/Src/usbh_core.c ****         {
1045:Middlewares/ST/STM32_USB_Host_Library/Core/Src/usbh_core.c ****           /* User callback for Manufacturing string */
1046:Middlewares/ST/STM32_USB_Host_Library/Core/Src/usbh_core.c ****           USBH_UsrLog("Manufacturer : %s", (char *)(void *)phost->device.Data);
1047:Middlewares/ST/STM32_USB_Host_Library/Core/Src/usbh_core.c ****           phost->EnumState = ENUM_GET_PRODUCT_STRING_DESC;
1048:Middlewares/ST/STM32_USB_Host_Library/Core/Src/usbh_core.c **** 
1049:Middlewares/ST/STM32_USB_Host_Library/Core/Src/usbh_core.c **** #if (USBH_USE_OS == 1U)
1050:Middlewares/ST/STM32_USB_Host_Library/Core/Src/usbh_core.c ****           phost->os_msg = (uint32_t)USBH_STATE_CHANGED_EVENT;
1051:Middlewares/ST/STM32_USB_Host_Library/Core/Src/usbh_core.c **** #if (osCMSIS < 0x20000U)
1052:Middlewares/ST/STM32_USB_Host_Library/Core/Src/usbh_core.c ****           (void)osMessagePut(phost->os_event, phost->os_msg, 0U);
1053:Middlewares/ST/STM32_USB_Host_Library/Core/Src/usbh_core.c **** #else
1054:Middlewares/ST/STM32_USB_Host_Library/Core/Src/usbh_core.c ****           (void)osMessageQueuePut(phost->os_event, &phost->os_msg, 0U, 0U);
1055:Middlewares/ST/STM32_USB_Host_Library/Core/Src/usbh_core.c **** #endif
1056:Middlewares/ST/STM32_USB_Host_Library/Core/Src/usbh_core.c **** #endif
1057:Middlewares/ST/STM32_USB_Host_Library/Core/Src/usbh_core.c ****         }
1058:Middlewares/ST/STM32_USB_Host_Library/Core/Src/usbh_core.c ****         else if (ReqStatus == USBH_NOT_SUPPORTED)
1059:Middlewares/ST/STM32_USB_Host_Library/Core/Src/usbh_core.c ****         {
1060:Middlewares/ST/STM32_USB_Host_Library/Core/Src/usbh_core.c ****           USBH_UsrLog("Manufacturer : N/A");
1061:Middlewares/ST/STM32_USB_Host_Library/Core/Src/usbh_core.c ****           phost->EnumState = ENUM_GET_PRODUCT_STRING_DESC;
1062:Middlewares/ST/STM32_USB_Host_Library/Core/Src/usbh_core.c **** 
1063:Middlewares/ST/STM32_USB_Host_Library/Core/Src/usbh_core.c **** #if (USBH_USE_OS == 1U)
1064:Middlewares/ST/STM32_USB_Host_Library/Core/Src/usbh_core.c ****           phost->os_msg = (uint32_t)USBH_STATE_CHANGED_EVENT;
1065:Middlewares/ST/STM32_USB_Host_Library/Core/Src/usbh_core.c **** #if (osCMSIS < 0x20000U)
ARM GAS  /tmp/cczvdhxn.s 			page 22


1066:Middlewares/ST/STM32_USB_Host_Library/Core/Src/usbh_core.c ****           (void)osMessagePut(phost->os_event, phost->os_msg, 0U);
1067:Middlewares/ST/STM32_USB_Host_Library/Core/Src/usbh_core.c **** #else
1068:Middlewares/ST/STM32_USB_Host_Library/Core/Src/usbh_core.c ****           (void)osMessageQueuePut(phost->os_event, &phost->os_msg, 0U, 0U);
1069:Middlewares/ST/STM32_USB_Host_Library/Core/Src/usbh_core.c **** #endif
1070:Middlewares/ST/STM32_USB_Host_Library/Core/Src/usbh_core.c **** #endif
1071:Middlewares/ST/STM32_USB_Host_Library/Core/Src/usbh_core.c ****         }
1072:Middlewares/ST/STM32_USB_Host_Library/Core/Src/usbh_core.c ****         else
1073:Middlewares/ST/STM32_USB_Host_Library/Core/Src/usbh_core.c ****         {
1074:Middlewares/ST/STM32_USB_Host_Library/Core/Src/usbh_core.c ****           /* .. */
1075:Middlewares/ST/STM32_USB_Host_Library/Core/Src/usbh_core.c ****         }
1076:Middlewares/ST/STM32_USB_Host_Library/Core/Src/usbh_core.c ****       }
1077:Middlewares/ST/STM32_USB_Host_Library/Core/Src/usbh_core.c ****       else
1078:Middlewares/ST/STM32_USB_Host_Library/Core/Src/usbh_core.c ****       {
1079:Middlewares/ST/STM32_USB_Host_Library/Core/Src/usbh_core.c ****         USBH_UsrLog("Manufacturer : N/A");
1080:Middlewares/ST/STM32_USB_Host_Library/Core/Src/usbh_core.c ****         phost->EnumState = ENUM_GET_PRODUCT_STRING_DESC;
1081:Middlewares/ST/STM32_USB_Host_Library/Core/Src/usbh_core.c **** 
1082:Middlewares/ST/STM32_USB_Host_Library/Core/Src/usbh_core.c **** #if (USBH_USE_OS == 1U)
1083:Middlewares/ST/STM32_USB_Host_Library/Core/Src/usbh_core.c ****         phost->os_msg = (uint32_t)USBH_STATE_CHANGED_EVENT;
1084:Middlewares/ST/STM32_USB_Host_Library/Core/Src/usbh_core.c **** #if (osCMSIS < 0x20000U)
1085:Middlewares/ST/STM32_USB_Host_Library/Core/Src/usbh_core.c ****         (void)osMessagePut(phost->os_event, phost->os_msg, 0U);
1086:Middlewares/ST/STM32_USB_Host_Library/Core/Src/usbh_core.c **** #else
1087:Middlewares/ST/STM32_USB_Host_Library/Core/Src/usbh_core.c ****         (void)osMessageQueuePut(phost->os_event, &phost->os_msg, 0U, 0U);
1088:Middlewares/ST/STM32_USB_Host_Library/Core/Src/usbh_core.c **** #endif
1089:Middlewares/ST/STM32_USB_Host_Library/Core/Src/usbh_core.c **** #endif
1090:Middlewares/ST/STM32_USB_Host_Library/Core/Src/usbh_core.c ****       }
1091:Middlewares/ST/STM32_USB_Host_Library/Core/Src/usbh_core.c ****       break;
1092:Middlewares/ST/STM32_USB_Host_Library/Core/Src/usbh_core.c **** 
1093:Middlewares/ST/STM32_USB_Host_Library/Core/Src/usbh_core.c ****     case ENUM_GET_PRODUCT_STRING_DESC:
1094:Middlewares/ST/STM32_USB_Host_Library/Core/Src/usbh_core.c ****       if (phost->device.DevDesc.iProduct != 0U)
1095:Middlewares/ST/STM32_USB_Host_Library/Core/Src/usbh_core.c ****       {
1096:Middlewares/ST/STM32_USB_Host_Library/Core/Src/usbh_core.c ****         /* Check that Product string is available */
1097:Middlewares/ST/STM32_USB_Host_Library/Core/Src/usbh_core.c ****         ReqStatus = USBH_Get_StringDesc(phost, phost->device.DevDesc.iProduct,
1098:Middlewares/ST/STM32_USB_Host_Library/Core/Src/usbh_core.c ****                                         phost->device.Data, 0xFFU);
1099:Middlewares/ST/STM32_USB_Host_Library/Core/Src/usbh_core.c ****         if (ReqStatus == USBH_OK)
1100:Middlewares/ST/STM32_USB_Host_Library/Core/Src/usbh_core.c ****         {
1101:Middlewares/ST/STM32_USB_Host_Library/Core/Src/usbh_core.c ****           /* User callback for Product string */
1102:Middlewares/ST/STM32_USB_Host_Library/Core/Src/usbh_core.c ****           USBH_UsrLog("Product : %s", (char *)(void *)phost->device.Data);
1103:Middlewares/ST/STM32_USB_Host_Library/Core/Src/usbh_core.c ****           phost->EnumState = ENUM_GET_SERIALNUM_STRING_DESC;
1104:Middlewares/ST/STM32_USB_Host_Library/Core/Src/usbh_core.c ****         }
1105:Middlewares/ST/STM32_USB_Host_Library/Core/Src/usbh_core.c ****         else if (ReqStatus == USBH_NOT_SUPPORTED)
1106:Middlewares/ST/STM32_USB_Host_Library/Core/Src/usbh_core.c ****         {
1107:Middlewares/ST/STM32_USB_Host_Library/Core/Src/usbh_core.c ****           USBH_UsrLog("Product : N/A");
1108:Middlewares/ST/STM32_USB_Host_Library/Core/Src/usbh_core.c ****           phost->EnumState = ENUM_GET_SERIALNUM_STRING_DESC;
1109:Middlewares/ST/STM32_USB_Host_Library/Core/Src/usbh_core.c **** 
1110:Middlewares/ST/STM32_USB_Host_Library/Core/Src/usbh_core.c **** #if (USBH_USE_OS == 1U)
1111:Middlewares/ST/STM32_USB_Host_Library/Core/Src/usbh_core.c ****           phost->os_msg = (uint32_t)USBH_STATE_CHANGED_EVENT;
1112:Middlewares/ST/STM32_USB_Host_Library/Core/Src/usbh_core.c **** #if (osCMSIS < 0x20000U)
1113:Middlewares/ST/STM32_USB_Host_Library/Core/Src/usbh_core.c ****           (void)osMessagePut(phost->os_event, phost->os_msg, 0U);
1114:Middlewares/ST/STM32_USB_Host_Library/Core/Src/usbh_core.c **** #else
1115:Middlewares/ST/STM32_USB_Host_Library/Core/Src/usbh_core.c ****           (void)osMessageQueuePut(phost->os_event, &phost->os_msg, 0U, 0U);
1116:Middlewares/ST/STM32_USB_Host_Library/Core/Src/usbh_core.c **** #endif
1117:Middlewares/ST/STM32_USB_Host_Library/Core/Src/usbh_core.c **** #endif
1118:Middlewares/ST/STM32_USB_Host_Library/Core/Src/usbh_core.c ****         }
1119:Middlewares/ST/STM32_USB_Host_Library/Core/Src/usbh_core.c ****         else
1120:Middlewares/ST/STM32_USB_Host_Library/Core/Src/usbh_core.c ****         {
1121:Middlewares/ST/STM32_USB_Host_Library/Core/Src/usbh_core.c ****           /* .. */
1122:Middlewares/ST/STM32_USB_Host_Library/Core/Src/usbh_core.c ****         }
ARM GAS  /tmp/cczvdhxn.s 			page 23


1123:Middlewares/ST/STM32_USB_Host_Library/Core/Src/usbh_core.c ****       }
1124:Middlewares/ST/STM32_USB_Host_Library/Core/Src/usbh_core.c ****       else
1125:Middlewares/ST/STM32_USB_Host_Library/Core/Src/usbh_core.c ****       {
1126:Middlewares/ST/STM32_USB_Host_Library/Core/Src/usbh_core.c ****         USBH_UsrLog("Product : N/A");
1127:Middlewares/ST/STM32_USB_Host_Library/Core/Src/usbh_core.c ****         phost->EnumState = ENUM_GET_SERIALNUM_STRING_DESC;
1128:Middlewares/ST/STM32_USB_Host_Library/Core/Src/usbh_core.c **** 
1129:Middlewares/ST/STM32_USB_Host_Library/Core/Src/usbh_core.c **** #if (USBH_USE_OS == 1U)
1130:Middlewares/ST/STM32_USB_Host_Library/Core/Src/usbh_core.c ****         phost->os_msg = (uint32_t)USBH_STATE_CHANGED_EVENT;
1131:Middlewares/ST/STM32_USB_Host_Library/Core/Src/usbh_core.c **** #if (osCMSIS < 0x20000U)
1132:Middlewares/ST/STM32_USB_Host_Library/Core/Src/usbh_core.c ****         (void)osMessagePut(phost->os_event, phost->os_msg, 0U);
1133:Middlewares/ST/STM32_USB_Host_Library/Core/Src/usbh_core.c **** #else
1134:Middlewares/ST/STM32_USB_Host_Library/Core/Src/usbh_core.c ****         (void)osMessageQueuePut(phost->os_event, &phost->os_msg, 0U, 0U);
1135:Middlewares/ST/STM32_USB_Host_Library/Core/Src/usbh_core.c **** #endif
1136:Middlewares/ST/STM32_USB_Host_Library/Core/Src/usbh_core.c **** #endif
1137:Middlewares/ST/STM32_USB_Host_Library/Core/Src/usbh_core.c ****       }
1138:Middlewares/ST/STM32_USB_Host_Library/Core/Src/usbh_core.c ****       break;
1139:Middlewares/ST/STM32_USB_Host_Library/Core/Src/usbh_core.c **** 
1140:Middlewares/ST/STM32_USB_Host_Library/Core/Src/usbh_core.c ****     case ENUM_GET_SERIALNUM_STRING_DESC:
1141:Middlewares/ST/STM32_USB_Host_Library/Core/Src/usbh_core.c ****       if (phost->device.DevDesc.iSerialNumber != 0U)
1142:Middlewares/ST/STM32_USB_Host_Library/Core/Src/usbh_core.c ****       {
1143:Middlewares/ST/STM32_USB_Host_Library/Core/Src/usbh_core.c ****         /* Check that Serial number string is available */
1144:Middlewares/ST/STM32_USB_Host_Library/Core/Src/usbh_core.c ****         ReqStatus = USBH_Get_StringDesc(phost, phost->device.DevDesc.iSerialNumber,
1145:Middlewares/ST/STM32_USB_Host_Library/Core/Src/usbh_core.c ****                                         phost->device.Data, 0xFFU);
1146:Middlewares/ST/STM32_USB_Host_Library/Core/Src/usbh_core.c ****         if (ReqStatus == USBH_OK)
1147:Middlewares/ST/STM32_USB_Host_Library/Core/Src/usbh_core.c ****         {
1148:Middlewares/ST/STM32_USB_Host_Library/Core/Src/usbh_core.c ****           /* User callback for Serial number string */
1149:Middlewares/ST/STM32_USB_Host_Library/Core/Src/usbh_core.c ****           USBH_UsrLog("Serial Number : %s", (char *)(void *)phost->device.Data);
1150:Middlewares/ST/STM32_USB_Host_Library/Core/Src/usbh_core.c ****           Status = USBH_OK;
1151:Middlewares/ST/STM32_USB_Host_Library/Core/Src/usbh_core.c ****         }
1152:Middlewares/ST/STM32_USB_Host_Library/Core/Src/usbh_core.c ****         else if (ReqStatus == USBH_NOT_SUPPORTED)
1153:Middlewares/ST/STM32_USB_Host_Library/Core/Src/usbh_core.c ****         {
1154:Middlewares/ST/STM32_USB_Host_Library/Core/Src/usbh_core.c ****           USBH_UsrLog("Serial Number : N/A");
1155:Middlewares/ST/STM32_USB_Host_Library/Core/Src/usbh_core.c ****           Status = USBH_OK;
1156:Middlewares/ST/STM32_USB_Host_Library/Core/Src/usbh_core.c ****         }
1157:Middlewares/ST/STM32_USB_Host_Library/Core/Src/usbh_core.c ****         else
1158:Middlewares/ST/STM32_USB_Host_Library/Core/Src/usbh_core.c ****         {
1159:Middlewares/ST/STM32_USB_Host_Library/Core/Src/usbh_core.c ****           /* .. */
1160:Middlewares/ST/STM32_USB_Host_Library/Core/Src/usbh_core.c ****         }
1161:Middlewares/ST/STM32_USB_Host_Library/Core/Src/usbh_core.c ****       }
1162:Middlewares/ST/STM32_USB_Host_Library/Core/Src/usbh_core.c ****       else
1163:Middlewares/ST/STM32_USB_Host_Library/Core/Src/usbh_core.c ****       {
1164:Middlewares/ST/STM32_USB_Host_Library/Core/Src/usbh_core.c ****         USBH_UsrLog("Serial Number : N/A");
1165:Middlewares/ST/STM32_USB_Host_Library/Core/Src/usbh_core.c ****         Status = USBH_OK;
1166:Middlewares/ST/STM32_USB_Host_Library/Core/Src/usbh_core.c ****       }
1167:Middlewares/ST/STM32_USB_Host_Library/Core/Src/usbh_core.c ****       break;
1168:Middlewares/ST/STM32_USB_Host_Library/Core/Src/usbh_core.c **** 
1169:Middlewares/ST/STM32_USB_Host_Library/Core/Src/usbh_core.c ****     default:
1170:Middlewares/ST/STM32_USB_Host_Library/Core/Src/usbh_core.c ****       break;
1171:Middlewares/ST/STM32_USB_Host_Library/Core/Src/usbh_core.c ****   }
1172:Middlewares/ST/STM32_USB_Host_Library/Core/Src/usbh_core.c ****   return Status;
1173:Middlewares/ST/STM32_USB_Host_Library/Core/Src/usbh_core.c **** }
1174:Middlewares/ST/STM32_USB_Host_Library/Core/Src/usbh_core.c **** 
1175:Middlewares/ST/STM32_USB_Host_Library/Core/Src/usbh_core.c **** 
1176:Middlewares/ST/STM32_USB_Host_Library/Core/Src/usbh_core.c **** /**
1177:Middlewares/ST/STM32_USB_Host_Library/Core/Src/usbh_core.c ****   * @brief  USBH_LL_SetTimer
1178:Middlewares/ST/STM32_USB_Host_Library/Core/Src/usbh_core.c ****   *         Set the initial Host Timer tick
1179:Middlewares/ST/STM32_USB_Host_Library/Core/Src/usbh_core.c ****   * @param  phost: Host Handle
ARM GAS  /tmp/cczvdhxn.s 			page 24


1180:Middlewares/ST/STM32_USB_Host_Library/Core/Src/usbh_core.c ****   * @retval None
1181:Middlewares/ST/STM32_USB_Host_Library/Core/Src/usbh_core.c ****   */
1182:Middlewares/ST/STM32_USB_Host_Library/Core/Src/usbh_core.c **** void  USBH_LL_SetTimer(USBH_HandleTypeDef *phost, uint32_t time)
1183:Middlewares/ST/STM32_USB_Host_Library/Core/Src/usbh_core.c **** {
1184:Middlewares/ST/STM32_USB_Host_Library/Core/Src/usbh_core.c ****   phost->Timer = time;
1185:Middlewares/ST/STM32_USB_Host_Library/Core/Src/usbh_core.c **** }
1186:Middlewares/ST/STM32_USB_Host_Library/Core/Src/usbh_core.c **** 
1187:Middlewares/ST/STM32_USB_Host_Library/Core/Src/usbh_core.c **** 
1188:Middlewares/ST/STM32_USB_Host_Library/Core/Src/usbh_core.c **** /**
1189:Middlewares/ST/STM32_USB_Host_Library/Core/Src/usbh_core.c ****   * @brief  USBH_LL_IncTimer
1190:Middlewares/ST/STM32_USB_Host_Library/Core/Src/usbh_core.c ****   *         Increment Host Timer tick
1191:Middlewares/ST/STM32_USB_Host_Library/Core/Src/usbh_core.c ****   * @param  phost: Host Handle
1192:Middlewares/ST/STM32_USB_Host_Library/Core/Src/usbh_core.c ****   * @retval None
1193:Middlewares/ST/STM32_USB_Host_Library/Core/Src/usbh_core.c ****   */
1194:Middlewares/ST/STM32_USB_Host_Library/Core/Src/usbh_core.c **** void  USBH_LL_IncTimer(USBH_HandleTypeDef *phost)
1195:Middlewares/ST/STM32_USB_Host_Library/Core/Src/usbh_core.c **** {
1196:Middlewares/ST/STM32_USB_Host_Library/Core/Src/usbh_core.c ****   phost->Timer++;
1197:Middlewares/ST/STM32_USB_Host_Library/Core/Src/usbh_core.c ****   USBH_HandleSof(phost);
1198:Middlewares/ST/STM32_USB_Host_Library/Core/Src/usbh_core.c **** }
1199:Middlewares/ST/STM32_USB_Host_Library/Core/Src/usbh_core.c **** 
1200:Middlewares/ST/STM32_USB_Host_Library/Core/Src/usbh_core.c **** 
1201:Middlewares/ST/STM32_USB_Host_Library/Core/Src/usbh_core.c **** /**
1202:Middlewares/ST/STM32_USB_Host_Library/Core/Src/usbh_core.c ****   * @brief  USBH_HandleSof
1203:Middlewares/ST/STM32_USB_Host_Library/Core/Src/usbh_core.c ****   *         Call SOF process
1204:Middlewares/ST/STM32_USB_Host_Library/Core/Src/usbh_core.c ****   * @param  phost: Host Handle
1205:Middlewares/ST/STM32_USB_Host_Library/Core/Src/usbh_core.c ****   * @retval None
1206:Middlewares/ST/STM32_USB_Host_Library/Core/Src/usbh_core.c ****   */
1207:Middlewares/ST/STM32_USB_Host_Library/Core/Src/usbh_core.c **** static void  USBH_HandleSof(USBH_HandleTypeDef *phost)
1208:Middlewares/ST/STM32_USB_Host_Library/Core/Src/usbh_core.c **** {
 132              		.loc 1 1208 1 is_stmt 1 view -0
 133              		.cfi_startproc
 134              		@ args = 0, pretend = 0, frame = 0
 135              		@ frame_needed = 0, uses_anonymous_args = 0
 136              		.loc 1 1208 1 is_stmt 0 view .LVU43
 137 0000 08B5     		push	{r3, lr}
 138              	.LCFI0:
 139              		.cfi_def_cfa_offset 8
 140              		.cfi_offset 3, -8
 141              		.cfi_offset 14, -4
1209:Middlewares/ST/STM32_USB_Host_Library/Core/Src/usbh_core.c ****   if ((phost->gState == HOST_CLASS) && (phost->pActiveClass != NULL))
 142              		.loc 1 1209 3 is_stmt 1 view .LVU44
 143              		.loc 1 1209 13 is_stmt 0 view .LVU45
 144 0002 0378     		ldrb	r3, [r0]	@ zero_extendqisi2
 145              		.loc 1 1209 6 view .LVU46
 146 0004 0B2B     		cmp	r3, #11
 147 0006 00D0     		beq	.L9
 148              	.LVL10:
 149              	.L6:
1210:Middlewares/ST/STM32_USB_Host_Library/Core/Src/usbh_core.c ****   {
1211:Middlewares/ST/STM32_USB_Host_Library/Core/Src/usbh_core.c ****     phost->pActiveClass->SOFProcess(phost);
1212:Middlewares/ST/STM32_USB_Host_Library/Core/Src/usbh_core.c ****   }
1213:Middlewares/ST/STM32_USB_Host_Library/Core/Src/usbh_core.c **** }
 150              		.loc 1 1213 1 view .LVU47
 151 0008 08BD     		pop	{r3, pc}
 152              	.LVL11:
 153              	.L9:
1209:Middlewares/ST/STM32_USB_Host_Library/Core/Src/usbh_core.c ****   if ((phost->gState == HOST_CLASS) && (phost->pActiveClass != NULL))
ARM GAS  /tmp/cczvdhxn.s 			page 25


 154              		.loc 1 1209 46 discriminator 1 view .LVU48
 155 000a D0F87C33 		ldr	r3, [r0, #892]
1209:Middlewares/ST/STM32_USB_Host_Library/Core/Src/usbh_core.c ****   if ((phost->gState == HOST_CLASS) && (phost->pActiveClass != NULL))
 156              		.loc 1 1209 37 discriminator 1 view .LVU49
 157 000e 002B     		cmp	r3, #0
 158 0010 FAD0     		beq	.L6
1211:Middlewares/ST/STM32_USB_Host_Library/Core/Src/usbh_core.c ****   }
 159              		.loc 1 1211 5 is_stmt 1 view .LVU50
1211:Middlewares/ST/STM32_USB_Host_Library/Core/Src/usbh_core.c ****   }
 160              		.loc 1 1211 24 is_stmt 0 view .LVU51
 161 0012 9B69     		ldr	r3, [r3, #24]
1211:Middlewares/ST/STM32_USB_Host_Library/Core/Src/usbh_core.c ****   }
 162              		.loc 1 1211 5 view .LVU52
 163 0014 9847     		blx	r3
 164              	.LVL12:
 165              		.loc 1 1213 1 view .LVU53
 166 0016 F7E7     		b	.L6
 167              		.cfi_endproc
 168              	.LFE148:
 170              		.section	.text.USBH_HandleEnum,"ax",%progbits
 171              		.align	1
 172              		.syntax unified
 173              		.thumb
 174              		.thumb_func
 176              	USBH_HandleEnum:
 177              	.LVL13:
 178              	.LFB145:
 844:Middlewares/ST/STM32_USB_Host_Library/Core/Src/usbh_core.c ****   USBH_StatusTypeDef Status = USBH_BUSY;
 179              		.loc 1 844 1 is_stmt 1 view -0
 180              		.cfi_startproc
 181              		@ args = 0, pretend = 0, frame = 0
 182              		@ frame_needed = 0, uses_anonymous_args = 0
 844:Middlewares/ST/STM32_USB_Host_Library/Core/Src/usbh_core.c ****   USBH_StatusTypeDef Status = USBH_BUSY;
 183              		.loc 1 844 1 is_stmt 0 view .LVU55
 184 0000 70B5     		push	{r4, r5, r6, lr}
 185              	.LCFI1:
 186              		.cfi_def_cfa_offset 16
 187              		.cfi_offset 4, -16
 188              		.cfi_offset 5, -12
 189              		.cfi_offset 6, -8
 190              		.cfi_offset 14, -4
 191 0002 84B0     		sub	sp, sp, #16
 192              	.LCFI2:
 193              		.cfi_def_cfa_offset 32
 194 0004 0446     		mov	r4, r0
 845:Middlewares/ST/STM32_USB_Host_Library/Core/Src/usbh_core.c ****   USBH_StatusTypeDef ReqStatus = USBH_BUSY;
 195              		.loc 1 845 3 is_stmt 1 view .LVU56
 196              	.LVL14:
 846:Middlewares/ST/STM32_USB_Host_Library/Core/Src/usbh_core.c **** 
 197              		.loc 1 846 3 view .LVU57
 848:Middlewares/ST/STM32_USB_Host_Library/Core/Src/usbh_core.c ****   {
 198              		.loc 1 848 3 view .LVU58
 848:Middlewares/ST/STM32_USB_Host_Library/Core/Src/usbh_core.c ****   {
 199              		.loc 1 848 16 is_stmt 0 view .LVU59
 200 0006 4578     		ldrb	r5, [r0, #1]	@ zero_extendqisi2
 848:Middlewares/ST/STM32_USB_Host_Library/Core/Src/usbh_core.c ****   {
 201              		.loc 1 848 3 view .LVU60
ARM GAS  /tmp/cczvdhxn.s 			page 26


 202 0008 072D     		cmp	r5, #7
 203 000a 00F22C81 		bhi	.L34
 204 000e DFE815F0 		tbh	[pc, r5, lsl #1]
 205              	.L13:
 206 0012 0800     		.2byte	(.L20-.L13)/2
 207 0014 4800     		.2byte	(.L19-.L13)/2
 208 0016 6900     		.2byte	(.L18-.L13)/2
 209 0018 9A00     		.2byte	(.L17-.L13)/2
 210 001a BF00     		.2byte	(.L16-.L13)/2
 211 001c E500     		.2byte	(.L15-.L13)/2
 212 001e 0001     		.2byte	(.L14-.L13)/2
 213 0020 1901     		.2byte	(.L12-.L13)/2
 214              		.p2align 1
 215              	.L20:
 852:Middlewares/ST/STM32_USB_Host_Library/Core/Src/usbh_core.c ****       if (ReqStatus == USBH_OK)
 216              		.loc 1 852 7 is_stmt 1 view .LVU61
 852:Middlewares/ST/STM32_USB_Host_Library/Core/Src/usbh_core.c ****       if (ReqStatus == USBH_OK)
 217              		.loc 1 852 19 is_stmt 0 view .LVU62
 218 0022 0821     		movs	r1, #8
 219 0024 FFF7FEFF 		bl	USBH_Get_DevDesc
 220              	.LVL15:
 853:Middlewares/ST/STM32_USB_Host_Library/Core/Src/usbh_core.c ****       {
 221              		.loc 1 853 7 is_stmt 1 view .LVU63
 853:Middlewares/ST/STM32_USB_Host_Library/Core/Src/usbh_core.c ****       {
 222              		.loc 1 853 10 is_stmt 0 view .LVU64
 223 0028 18B1     		cbz	r0, .L43
 869:Middlewares/ST/STM32_USB_Host_Library/Core/Src/usbh_core.c ****       {
 224              		.loc 1 869 12 is_stmt 1 view .LVU65
 869:Middlewares/ST/STM32_USB_Host_Library/Core/Src/usbh_core.c ****       {
 225              		.loc 1 869 15 is_stmt 0 view .LVU66
 226 002a 0328     		cmp	r0, #3
 227 002c 21D0     		beq	.L44
 845:Middlewares/ST/STM32_USB_Host_Library/Core/Src/usbh_core.c ****   USBH_StatusTypeDef ReqStatus = USBH_BUSY;
 228              		.loc 1 845 22 view .LVU67
 229 002e 0125     		movs	r5, #1
 230 0030 DAE0     		b	.L11
 231              	.L43:
 855:Middlewares/ST/STM32_USB_Host_Library/Core/Src/usbh_core.c **** 
 232              		.loc 1 855 9 is_stmt 1 view .LVU68
 855:Middlewares/ST/STM32_USB_Host_Library/Core/Src/usbh_core.c **** 
 233              		.loc 1 855 57 is_stmt 0 view .LVU69
 234 0032 94F82D33 		ldrb	r3, [r4, #813]	@ zero_extendqisi2
 855:Middlewares/ST/STM32_USB_Host_Library/Core/Src/usbh_core.c **** 
 235              		.loc 1 855 34 view .LVU70
 236 0036 A371     		strb	r3, [r4, #6]
 857:Middlewares/ST/STM32_USB_Host_Library/Core/Src/usbh_core.c **** 
 237              		.loc 1 857 9 is_stmt 1 view .LVU71
 857:Middlewares/ST/STM32_USB_Host_Library/Core/Src/usbh_core.c **** 
 238              		.loc 1 857 26 is_stmt 0 view .LVU72
 239 0038 0125     		movs	r5, #1
 240 003a 6570     		strb	r5, [r4, #1]
 860:Middlewares/ST/STM32_USB_Host_Library/Core/Src/usbh_core.c ****                             phost->device.speed, USBH_EP_CONTROL,
 241              		.loc 1 860 9 is_stmt 1 view .LVU73
 860:Middlewares/ST/STM32_USB_Host_Library/Core/Src/usbh_core.c ****                             phost->device.speed, USBH_EP_CONTROL,
 242              		.loc 1 860 15 is_stmt 0 view .LVU74
 243 003c 0293     		str	r3, [sp, #8]
 244 003e 0026     		movs	r6, #0
ARM GAS  /tmp/cczvdhxn.s 			page 27


 245 0040 0196     		str	r6, [sp, #4]
 246 0042 94F81D33 		ldrb	r3, [r4, #797]	@ zero_extendqisi2
 247 0046 0093     		str	r3, [sp]
 248 0048 94F81C33 		ldrb	r3, [r4, #796]	@ zero_extendqisi2
 249 004c 8022     		movs	r2, #128
 250 004e 2179     		ldrb	r1, [r4, #4]	@ zero_extendqisi2
 251 0050 2046     		mov	r0, r4
 252              	.LVL16:
 860:Middlewares/ST/STM32_USB_Host_Library/Core/Src/usbh_core.c ****                             phost->device.speed, USBH_EP_CONTROL,
 253              		.loc 1 860 15 view .LVU75
 254 0052 FFF7FEFF 		bl	USBH_OpenPipe
 255              	.LVL17:
 865:Middlewares/ST/STM32_USB_Host_Library/Core/Src/usbh_core.c ****                             phost->device.speed, USBH_EP_CONTROL,
 256              		.loc 1 865 9 is_stmt 1 view .LVU76
 867:Middlewares/ST/STM32_USB_Host_Library/Core/Src/usbh_core.c ****       }
 257              		.loc 1 867 53 is_stmt 0 view .LVU77
 258 0056 A379     		ldrb	r3, [r4, #6]	@ zero_extendqisi2
 865:Middlewares/ST/STM32_USB_Host_Library/Core/Src/usbh_core.c ****                             phost->device.speed, USBH_EP_CONTROL,
 259              		.loc 1 865 15 view .LVU78
 260 0058 0293     		str	r3, [sp, #8]
 261 005a 0196     		str	r6, [sp, #4]
 262 005c 94F81D33 		ldrb	r3, [r4, #797]	@ zero_extendqisi2
 263 0060 0093     		str	r3, [sp]
 264 0062 94F81C33 		ldrb	r3, [r4, #796]	@ zero_extendqisi2
 265 0066 3246     		mov	r2, r6
 266 0068 6179     		ldrb	r1, [r4, #5]	@ zero_extendqisi2
 267 006a 2046     		mov	r0, r4
 268 006c FFF7FEFF 		bl	USBH_OpenPipe
 269              	.LVL18:
 270 0070 BAE0     		b	.L11
 271              	.LVL19:
 272              	.L44:
 871:Middlewares/ST/STM32_USB_Host_Library/Core/Src/usbh_core.c ****         phost->device.EnumCnt++;
 273              		.loc 1 871 9 is_stmt 1 view .LVU79
 871:Middlewares/ST/STM32_USB_Host_Library/Core/Src/usbh_core.c ****         phost->device.EnumCnt++;
 274              		.loc 1 871 9 view .LVU80
 871:Middlewares/ST/STM32_USB_Host_Library/Core/Src/usbh_core.c ****         phost->device.EnumCnt++;
 275              		.loc 1 871 9 view .LVU81
 872:Middlewares/ST/STM32_USB_Host_Library/Core/Src/usbh_core.c ****         if (phost->device.EnumCnt > 3U)
 276              		.loc 1 872 9 view .LVU82
 872:Middlewares/ST/STM32_USB_Host_Library/Core/Src/usbh_core.c ****         if (phost->device.EnumCnt > 3U)
 277              		.loc 1 872 22 is_stmt 0 view .LVU83
 278 0072 94F81E33 		ldrb	r3, [r4, #798]	@ zero_extendqisi2
 872:Middlewares/ST/STM32_USB_Host_Library/Core/Src/usbh_core.c ****         if (phost->device.EnumCnt > 3U)
 279              		.loc 1 872 30 view .LVU84
 280 0076 0133     		adds	r3, r3, #1
 281 0078 DBB2     		uxtb	r3, r3
 282 007a 84F81E33 		strb	r3, [r4, #798]
 873:Middlewares/ST/STM32_USB_Host_Library/Core/Src/usbh_core.c ****         {
 283              		.loc 1 873 9 is_stmt 1 view .LVU85
 873:Middlewares/ST/STM32_USB_Host_Library/Core/Src/usbh_core.c ****         {
 284              		.loc 1 873 12 is_stmt 0 view .LVU86
 285 007e 032B     		cmp	r3, #3
 286 0080 03D9     		bls	.L22
 876:Middlewares/ST/STM32_USB_Host_Library/Core/Src/usbh_core.c ****           phost->gState = HOST_ABORT_STATE;
 287              		.loc 1 876 11 is_stmt 1 view .LVU87
 876:Middlewares/ST/STM32_USB_Host_Library/Core/Src/usbh_core.c ****           phost->gState = HOST_ABORT_STATE;
ARM GAS  /tmp/cczvdhxn.s 			page 28


 288              		.loc 1 876 11 view .LVU88
 876:Middlewares/ST/STM32_USB_Host_Library/Core/Src/usbh_core.c ****           phost->gState = HOST_ABORT_STATE;
 289              		.loc 1 876 11 view .LVU89
 877:Middlewares/ST/STM32_USB_Host_Library/Core/Src/usbh_core.c ****         }
 290              		.loc 1 877 11 view .LVU90
 877:Middlewares/ST/STM32_USB_Host_Library/Core/Src/usbh_core.c ****         }
 291              		.loc 1 877 25 is_stmt 0 view .LVU91
 292 0082 0D23     		movs	r3, #13
 293 0084 2370     		strb	r3, [r4]
 845:Middlewares/ST/STM32_USB_Host_Library/Core/Src/usbh_core.c ****   USBH_StatusTypeDef ReqStatus = USBH_BUSY;
 294              		.loc 1 845 22 view .LVU92
 295 0086 0125     		movs	r5, #1
 296 0088 AEE0     		b	.L11
 297              	.L22:
 882:Middlewares/ST/STM32_USB_Host_Library/Core/Src/usbh_core.c ****           (void)USBH_FreePipe(phost, phost->Control.pipe_in);
 298              		.loc 1 882 11 is_stmt 1 view .LVU93
 882:Middlewares/ST/STM32_USB_Host_Library/Core/Src/usbh_core.c ****           (void)USBH_FreePipe(phost, phost->Control.pipe_in);
 299              		.loc 1 882 17 is_stmt 0 view .LVU94
 300 008a 6179     		ldrb	r1, [r4, #5]	@ zero_extendqisi2
 301 008c 2046     		mov	r0, r4
 302              	.LVL20:
 882:Middlewares/ST/STM32_USB_Host_Library/Core/Src/usbh_core.c ****           (void)USBH_FreePipe(phost, phost->Control.pipe_in);
 303              		.loc 1 882 17 view .LVU95
 304 008e FFF7FEFF 		bl	USBH_FreePipe
 305              	.LVL21:
 883:Middlewares/ST/STM32_USB_Host_Library/Core/Src/usbh_core.c **** 
 306              		.loc 1 883 11 is_stmt 1 view .LVU96
 883:Middlewares/ST/STM32_USB_Host_Library/Core/Src/usbh_core.c **** 
 307              		.loc 1 883 17 is_stmt 0 view .LVU97
 308 0092 2179     		ldrb	r1, [r4, #4]	@ zero_extendqisi2
 309 0094 2046     		mov	r0, r4
 310 0096 FFF7FEFF 		bl	USBH_FreePipe
 311              	.LVL22:
 886:Middlewares/ST/STM32_USB_Host_Library/Core/Src/usbh_core.c ****         }
 312              		.loc 1 886 11 is_stmt 1 view .LVU98
 886:Middlewares/ST/STM32_USB_Host_Library/Core/Src/usbh_core.c ****         }
 313              		.loc 1 886 25 is_stmt 0 view .LVU99
 314 009a 0023     		movs	r3, #0
 315 009c 2370     		strb	r3, [r4]
 845:Middlewares/ST/STM32_USB_Host_Library/Core/Src/usbh_core.c ****   USBH_StatusTypeDef ReqStatus = USBH_BUSY;
 316              		.loc 1 845 22 view .LVU100
 317 009e 0125     		movs	r5, #1
 318 00a0 A2E0     		b	.L11
 319              	.LVL23:
 320              	.L19:
 897:Middlewares/ST/STM32_USB_Host_Library/Core/Src/usbh_core.c ****       if (ReqStatus == USBH_OK)
 321              		.loc 1 897 7 is_stmt 1 view .LVU101
 897:Middlewares/ST/STM32_USB_Host_Library/Core/Src/usbh_core.c ****       if (ReqStatus == USBH_OK)
 322              		.loc 1 897 19 is_stmt 0 view .LVU102
 323 00a2 1221     		movs	r1, #18
 324 00a4 FFF7FEFF 		bl	USBH_Get_DevDesc
 325              	.LVL24:
 898:Middlewares/ST/STM32_USB_Host_Library/Core/Src/usbh_core.c ****       {
 326              		.loc 1 898 7 is_stmt 1 view .LVU103
 898:Middlewares/ST/STM32_USB_Host_Library/Core/Src/usbh_core.c ****       {
 327              		.loc 1 898 10 is_stmt 0 view .LVU104
 328 00a8 10B9     		cbnz	r0, .L23
ARM GAS  /tmp/cczvdhxn.s 			page 29


 900:Middlewares/ST/STM32_USB_Host_Library/Core/Src/usbh_core.c ****         USBH_UsrLog("VID: %xh", phost->device.DevDesc.idVendor);
 329              		.loc 1 900 9 is_stmt 1 view .LVU105
 900:Middlewares/ST/STM32_USB_Host_Library/Core/Src/usbh_core.c ****         USBH_UsrLog("VID: %xh", phost->device.DevDesc.idVendor);
 330              		.loc 1 900 9 view .LVU106
 900:Middlewares/ST/STM32_USB_Host_Library/Core/Src/usbh_core.c ****         USBH_UsrLog("VID: %xh", phost->device.DevDesc.idVendor);
 331              		.loc 1 900 9 view .LVU107
 901:Middlewares/ST/STM32_USB_Host_Library/Core/Src/usbh_core.c **** 
 332              		.loc 1 901 9 view .LVU108
 901:Middlewares/ST/STM32_USB_Host_Library/Core/Src/usbh_core.c **** 
 333              		.loc 1 901 9 view .LVU109
 901:Middlewares/ST/STM32_USB_Host_Library/Core/Src/usbh_core.c **** 
 334              		.loc 1 901 9 view .LVU110
 903:Middlewares/ST/STM32_USB_Host_Library/Core/Src/usbh_core.c ****       }
 335              		.loc 1 903 9 view .LVU111
 903:Middlewares/ST/STM32_USB_Host_Library/Core/Src/usbh_core.c ****       }
 336              		.loc 1 903 26 is_stmt 0 view .LVU112
 337 00aa 0223     		movs	r3, #2
 338 00ac 6370     		strb	r3, [r4, #1]
 339 00ae 9BE0     		b	.L11
 340              	.L23:
 905:Middlewares/ST/STM32_USB_Host_Library/Core/Src/usbh_core.c ****       {
 341              		.loc 1 905 12 is_stmt 1 view .LVU113
 905:Middlewares/ST/STM32_USB_Host_Library/Core/Src/usbh_core.c ****       {
 342              		.loc 1 905 15 is_stmt 0 view .LVU114
 343 00b0 0328     		cmp	r0, #3
 344 00b2 40F09980 		bne	.L11
 907:Middlewares/ST/STM32_USB_Host_Library/Core/Src/usbh_core.c ****         phost->device.EnumCnt++;
 345              		.loc 1 907 9 is_stmt 1 view .LVU115
 907:Middlewares/ST/STM32_USB_Host_Library/Core/Src/usbh_core.c ****         phost->device.EnumCnt++;
 346              		.loc 1 907 9 view .LVU116
 907:Middlewares/ST/STM32_USB_Host_Library/Core/Src/usbh_core.c ****         phost->device.EnumCnt++;
 347              		.loc 1 907 9 view .LVU117
 908:Middlewares/ST/STM32_USB_Host_Library/Core/Src/usbh_core.c ****         if (phost->device.EnumCnt > 3U)
 348              		.loc 1 908 9 view .LVU118
 908:Middlewares/ST/STM32_USB_Host_Library/Core/Src/usbh_core.c ****         if (phost->device.EnumCnt > 3U)
 349              		.loc 1 908 22 is_stmt 0 view .LVU119
 350 00b6 94F81E33 		ldrb	r3, [r4, #798]	@ zero_extendqisi2
 908:Middlewares/ST/STM32_USB_Host_Library/Core/Src/usbh_core.c ****         if (phost->device.EnumCnt > 3U)
 351              		.loc 1 908 30 view .LVU120
 352 00ba 0133     		adds	r3, r3, #1
 353 00bc DBB2     		uxtb	r3, r3
 354 00be 84F81E33 		strb	r3, [r4, #798]
 909:Middlewares/ST/STM32_USB_Host_Library/Core/Src/usbh_core.c ****         {
 355              		.loc 1 909 9 is_stmt 1 view .LVU121
 909:Middlewares/ST/STM32_USB_Host_Library/Core/Src/usbh_core.c ****         {
 356              		.loc 1 909 12 is_stmt 0 view .LVU122
 357 00c2 032B     		cmp	r3, #3
 358 00c4 02D9     		bls	.L24
 912:Middlewares/ST/STM32_USB_Host_Library/Core/Src/usbh_core.c ****           phost->gState = HOST_ABORT_STATE;
 359              		.loc 1 912 11 is_stmt 1 view .LVU123
 912:Middlewares/ST/STM32_USB_Host_Library/Core/Src/usbh_core.c ****           phost->gState = HOST_ABORT_STATE;
 360              		.loc 1 912 11 view .LVU124
 912:Middlewares/ST/STM32_USB_Host_Library/Core/Src/usbh_core.c ****           phost->gState = HOST_ABORT_STATE;
 361              		.loc 1 912 11 view .LVU125
 913:Middlewares/ST/STM32_USB_Host_Library/Core/Src/usbh_core.c ****         }
 362              		.loc 1 913 11 view .LVU126
 913:Middlewares/ST/STM32_USB_Host_Library/Core/Src/usbh_core.c ****         }
ARM GAS  /tmp/cczvdhxn.s 			page 30


 363              		.loc 1 913 25 is_stmt 0 view .LVU127
 364 00c6 0D23     		movs	r3, #13
 365 00c8 2370     		strb	r3, [r4]
 366 00ca 8DE0     		b	.L11
 367              	.L24:
 918:Middlewares/ST/STM32_USB_Host_Library/Core/Src/usbh_core.c ****           (void)USBH_FreePipe(phost, phost->Control.pipe_in);
 368              		.loc 1 918 11 is_stmt 1 view .LVU128
 918:Middlewares/ST/STM32_USB_Host_Library/Core/Src/usbh_core.c ****           (void)USBH_FreePipe(phost, phost->Control.pipe_in);
 369              		.loc 1 918 17 is_stmt 0 view .LVU129
 370 00cc 6179     		ldrb	r1, [r4, #5]	@ zero_extendqisi2
 371 00ce 2046     		mov	r0, r4
 372              	.LVL25:
 918:Middlewares/ST/STM32_USB_Host_Library/Core/Src/usbh_core.c ****           (void)USBH_FreePipe(phost, phost->Control.pipe_in);
 373              		.loc 1 918 17 view .LVU130
 374 00d0 FFF7FEFF 		bl	USBH_FreePipe
 375              	.LVL26:
 919:Middlewares/ST/STM32_USB_Host_Library/Core/Src/usbh_core.c **** 
 376              		.loc 1 919 11 is_stmt 1 view .LVU131
 919:Middlewares/ST/STM32_USB_Host_Library/Core/Src/usbh_core.c **** 
 377              		.loc 1 919 17 is_stmt 0 view .LVU132
 378 00d4 2179     		ldrb	r1, [r4, #4]	@ zero_extendqisi2
 379 00d6 2046     		mov	r0, r4
 380 00d8 FFF7FEFF 		bl	USBH_FreePipe
 381              	.LVL27:
 922:Middlewares/ST/STM32_USB_Host_Library/Core/Src/usbh_core.c ****           phost->gState = HOST_IDLE;
 382              		.loc 1 922 11 is_stmt 1 view .LVU133
 922:Middlewares/ST/STM32_USB_Host_Library/Core/Src/usbh_core.c ****           phost->gState = HOST_IDLE;
 383              		.loc 1 922 28 is_stmt 0 view .LVU134
 384 00dc 0023     		movs	r3, #0
 385 00de 6370     		strb	r3, [r4, #1]
 923:Middlewares/ST/STM32_USB_Host_Library/Core/Src/usbh_core.c ****         }
 386              		.loc 1 923 11 is_stmt 1 view .LVU135
 923:Middlewares/ST/STM32_USB_Host_Library/Core/Src/usbh_core.c ****         }
 387              		.loc 1 923 25 is_stmt 0 view .LVU136
 388 00e0 2370     		strb	r3, [r4]
 389 00e2 81E0     		b	.L11
 390              	.LVL28:
 391              	.L18:
 934:Middlewares/ST/STM32_USB_Host_Library/Core/Src/usbh_core.c ****       if (ReqStatus == USBH_OK)
 392              		.loc 1 934 7 is_stmt 1 view .LVU137
 934:Middlewares/ST/STM32_USB_Host_Library/Core/Src/usbh_core.c ****       if (ReqStatus == USBH_OK)
 393              		.loc 1 934 19 is_stmt 0 view .LVU138
 394 00e4 0121     		movs	r1, #1
 395 00e6 FFF7FEFF 		bl	USBH_SetAddress
 396              	.LVL29:
 935:Middlewares/ST/STM32_USB_Host_Library/Core/Src/usbh_core.c ****       {
 397              		.loc 1 935 7 is_stmt 1 view .LVU139
 935:Middlewares/ST/STM32_USB_Host_Library/Core/Src/usbh_core.c ****       {
 398              		.loc 1 935 10 is_stmt 0 view .LVU140
 399 00ea 18B1     		cbz	r0, .L45
 954:Middlewares/ST/STM32_USB_Host_Library/Core/Src/usbh_core.c ****       {
 400              		.loc 1 954 12 is_stmt 1 view .LVU141
 954:Middlewares/ST/STM32_USB_Host_Library/Core/Src/usbh_core.c ****       {
 401              		.loc 1 954 15 is_stmt 0 view .LVU142
 402 00ec 0328     		cmp	r0, #3
 403 00ee 24D0     		beq	.L46
 845:Middlewares/ST/STM32_USB_Host_Library/Core/Src/usbh_core.c ****   USBH_StatusTypeDef ReqStatus = USBH_BUSY;
ARM GAS  /tmp/cczvdhxn.s 			page 31


 404              		.loc 1 845 22 view .LVU143
 405 00f0 0125     		movs	r5, #1
 406 00f2 79E0     		b	.L11
 407              	.L45:
 937:Middlewares/ST/STM32_USB_Host_Library/Core/Src/usbh_core.c ****         phost->device.address = USBH_DEVICE_ADDRESS;
 408              		.loc 1 937 9 is_stmt 1 view .LVU144
 409 00f4 0220     		movs	r0, #2
 410              	.LVL30:
 937:Middlewares/ST/STM32_USB_Host_Library/Core/Src/usbh_core.c ****         phost->device.address = USBH_DEVICE_ADDRESS;
 411              		.loc 1 937 9 is_stmt 0 view .LVU145
 412 00f6 FFF7FEFF 		bl	USBH_Delay
 413              	.LVL31:
 938:Middlewares/ST/STM32_USB_Host_Library/Core/Src/usbh_core.c **** 
 414              		.loc 1 938 9 is_stmt 1 view .LVU146
 938:Middlewares/ST/STM32_USB_Host_Library/Core/Src/usbh_core.c **** 
 415              		.loc 1 938 31 is_stmt 0 view .LVU147
 416 00fa 0125     		movs	r5, #1
 417 00fc 84F81C53 		strb	r5, [r4, #796]
 941:Middlewares/ST/STM32_USB_Host_Library/Core/Src/usbh_core.c ****         phost->EnumState = ENUM_GET_CFG_DESC;
 418              		.loc 1 941 9 is_stmt 1 view .LVU148
 941:Middlewares/ST/STM32_USB_Host_Library/Core/Src/usbh_core.c ****         phost->EnumState = ENUM_GET_CFG_DESC;
 419              		.loc 1 941 9 view .LVU149
 941:Middlewares/ST/STM32_USB_Host_Library/Core/Src/usbh_core.c ****         phost->EnumState = ENUM_GET_CFG_DESC;
 420              		.loc 1 941 9 view .LVU150
 942:Middlewares/ST/STM32_USB_Host_Library/Core/Src/usbh_core.c **** 
 421              		.loc 1 942 9 view .LVU151
 942:Middlewares/ST/STM32_USB_Host_Library/Core/Src/usbh_core.c **** 
 422              		.loc 1 942 26 is_stmt 0 view .LVU152
 423 0100 0323     		movs	r3, #3
 424 0102 6370     		strb	r3, [r4, #1]
 945:Middlewares/ST/STM32_USB_Host_Library/Core/Src/usbh_core.c ****                             phost->device.speed, USBH_EP_CONTROL,
 425              		.loc 1 945 9 is_stmt 1 view .LVU153
 947:Middlewares/ST/STM32_USB_Host_Library/Core/Src/usbh_core.c **** 
 426              		.loc 1 947 53 is_stmt 0 view .LVU154
 427 0104 A379     		ldrb	r3, [r4, #6]	@ zero_extendqisi2
 945:Middlewares/ST/STM32_USB_Host_Library/Core/Src/usbh_core.c ****                             phost->device.speed, USBH_EP_CONTROL,
 428              		.loc 1 945 15 view .LVU155
 429 0106 0293     		str	r3, [sp, #8]
 430 0108 0026     		movs	r6, #0
 431 010a 0196     		str	r6, [sp, #4]
 432 010c 94F81D33 		ldrb	r3, [r4, #797]	@ zero_extendqisi2
 433 0110 0093     		str	r3, [sp]
 434 0112 2B46     		mov	r3, r5
 435 0114 8022     		movs	r2, #128
 436 0116 2179     		ldrb	r1, [r4, #4]	@ zero_extendqisi2
 437 0118 2046     		mov	r0, r4
 438 011a FFF7FEFF 		bl	USBH_OpenPipe
 439              	.LVL32:
 950:Middlewares/ST/STM32_USB_Host_Library/Core/Src/usbh_core.c ****                             phost->device.speed, USBH_EP_CONTROL,
 440              		.loc 1 950 9 is_stmt 1 view .LVU156
 952:Middlewares/ST/STM32_USB_Host_Library/Core/Src/usbh_core.c ****       }
 441              		.loc 1 952 53 is_stmt 0 view .LVU157
 442 011e A379     		ldrb	r3, [r4, #6]	@ zero_extendqisi2
 950:Middlewares/ST/STM32_USB_Host_Library/Core/Src/usbh_core.c ****                             phost->device.speed, USBH_EP_CONTROL,
 443              		.loc 1 950 15 view .LVU158
 444 0120 0293     		str	r3, [sp, #8]
 445 0122 0196     		str	r6, [sp, #4]
ARM GAS  /tmp/cczvdhxn.s 			page 32


 446 0124 94F81D33 		ldrb	r3, [r4, #797]	@ zero_extendqisi2
 447 0128 0093     		str	r3, [sp]
 448 012a 94F81C33 		ldrb	r3, [r4, #796]	@ zero_extendqisi2
 449 012e 3246     		mov	r2, r6
 450 0130 6179     		ldrb	r1, [r4, #5]	@ zero_extendqisi2
 451 0132 2046     		mov	r0, r4
 452 0134 FFF7FEFF 		bl	USBH_OpenPipe
 453              	.LVL33:
 454 0138 56E0     		b	.L11
 455              	.LVL34:
 456              	.L46:
 956:Middlewares/ST/STM32_USB_Host_Library/Core/Src/usbh_core.c **** 
 457              		.loc 1 956 9 is_stmt 1 view .LVU159
 956:Middlewares/ST/STM32_USB_Host_Library/Core/Src/usbh_core.c **** 
 458              		.loc 1 956 9 view .LVU160
 956:Middlewares/ST/STM32_USB_Host_Library/Core/Src/usbh_core.c **** 
 459              		.loc 1 956 9 view .LVU161
 959:Middlewares/ST/STM32_USB_Host_Library/Core/Src/usbh_core.c ****         phost->gState = HOST_ABORT_STATE;
 460              		.loc 1 959 9 view .LVU162
 959:Middlewares/ST/STM32_USB_Host_Library/Core/Src/usbh_core.c ****         phost->gState = HOST_ABORT_STATE;
 461              		.loc 1 959 9 view .LVU163
 959:Middlewares/ST/STM32_USB_Host_Library/Core/Src/usbh_core.c ****         phost->gState = HOST_ABORT_STATE;
 462              		.loc 1 959 9 view .LVU164
 960:Middlewares/ST/STM32_USB_Host_Library/Core/Src/usbh_core.c ****         phost->EnumState = ENUM_IDLE;
 463              		.loc 1 960 9 view .LVU165
 960:Middlewares/ST/STM32_USB_Host_Library/Core/Src/usbh_core.c ****         phost->EnumState = ENUM_IDLE;
 464              		.loc 1 960 23 is_stmt 0 view .LVU166
 465 013a 0D23     		movs	r3, #13
 466 013c 2370     		strb	r3, [r4]
 961:Middlewares/ST/STM32_USB_Host_Library/Core/Src/usbh_core.c ****       }
 467              		.loc 1 961 9 is_stmt 1 view .LVU167
 961:Middlewares/ST/STM32_USB_Host_Library/Core/Src/usbh_core.c ****       }
 468              		.loc 1 961 26 is_stmt 0 view .LVU168
 469 013e 0023     		movs	r3, #0
 470 0140 6370     		strb	r3, [r4, #1]
 845:Middlewares/ST/STM32_USB_Host_Library/Core/Src/usbh_core.c ****   USBH_StatusTypeDef ReqStatus = USBH_BUSY;
 471              		.loc 1 845 22 view .LVU169
 472 0142 0125     		movs	r5, #1
 473 0144 50E0     		b	.L11
 474              	.LVL35:
 475              	.L17:
 971:Middlewares/ST/STM32_USB_Host_Library/Core/Src/usbh_core.c ****       if (ReqStatus == USBH_OK)
 476              		.loc 1 971 7 is_stmt 1 view .LVU170
 971:Middlewares/ST/STM32_USB_Host_Library/Core/Src/usbh_core.c ****       if (ReqStatus == USBH_OK)
 477              		.loc 1 971 19 is_stmt 0 view .LVU171
 478 0146 0921     		movs	r1, #9
 479 0148 FFF7FEFF 		bl	USBH_Get_CfgDesc
 480              	.LVL36:
 972:Middlewares/ST/STM32_USB_Host_Library/Core/Src/usbh_core.c ****       {
 481              		.loc 1 972 7 is_stmt 1 view .LVU172
 972:Middlewares/ST/STM32_USB_Host_Library/Core/Src/usbh_core.c ****       {
 482              		.loc 1 972 10 is_stmt 0 view .LVU173
 483 014c 18B9     		cbnz	r0, .L26
 974:Middlewares/ST/STM32_USB_Host_Library/Core/Src/usbh_core.c ****       }
 484              		.loc 1 974 9 is_stmt 1 view .LVU174
 974:Middlewares/ST/STM32_USB_Host_Library/Core/Src/usbh_core.c ****       }
 485              		.loc 1 974 26 is_stmt 0 view .LVU175
ARM GAS  /tmp/cczvdhxn.s 			page 33


 486 014e 0423     		movs	r3, #4
 487 0150 6370     		strb	r3, [r4, #1]
 845:Middlewares/ST/STM32_USB_Host_Library/Core/Src/usbh_core.c ****   USBH_StatusTypeDef ReqStatus = USBH_BUSY;
 488              		.loc 1 845 22 view .LVU176
 489 0152 0125     		movs	r5, #1
 490 0154 48E0     		b	.L11
 491              	.L26:
 976:Middlewares/ST/STM32_USB_Host_Library/Core/Src/usbh_core.c ****       {
 492              		.loc 1 976 12 is_stmt 1 view .LVU177
 976:Middlewares/ST/STM32_USB_Host_Library/Core/Src/usbh_core.c ****       {
 493              		.loc 1 976 15 is_stmt 0 view .LVU178
 494 0156 0328     		cmp	r0, #3
 495 0158 01D0     		beq	.L47
 845:Middlewares/ST/STM32_USB_Host_Library/Core/Src/usbh_core.c ****   USBH_StatusTypeDef ReqStatus = USBH_BUSY;
 496              		.loc 1 845 22 view .LVU179
 497 015a 0125     		movs	r5, #1
 498 015c 44E0     		b	.L11
 499              	.L47:
 978:Middlewares/ST/STM32_USB_Host_Library/Core/Src/usbh_core.c ****         phost->device.EnumCnt++;
 500              		.loc 1 978 9 is_stmt 1 view .LVU180
 978:Middlewares/ST/STM32_USB_Host_Library/Core/Src/usbh_core.c ****         phost->device.EnumCnt++;
 501              		.loc 1 978 9 view .LVU181
 978:Middlewares/ST/STM32_USB_Host_Library/Core/Src/usbh_core.c ****         phost->device.EnumCnt++;
 502              		.loc 1 978 9 view .LVU182
 979:Middlewares/ST/STM32_USB_Host_Library/Core/Src/usbh_core.c ****         if (phost->device.EnumCnt > 3U)
 503              		.loc 1 979 9 view .LVU183
 979:Middlewares/ST/STM32_USB_Host_Library/Core/Src/usbh_core.c ****         if (phost->device.EnumCnt > 3U)
 504              		.loc 1 979 22 is_stmt 0 view .LVU184
 505 015e 94F81E33 		ldrb	r3, [r4, #798]	@ zero_extendqisi2
 979:Middlewares/ST/STM32_USB_Host_Library/Core/Src/usbh_core.c ****         if (phost->device.EnumCnt > 3U)
 506              		.loc 1 979 30 view .LVU185
 507 0162 0133     		adds	r3, r3, #1
 508 0164 DBB2     		uxtb	r3, r3
 509 0166 84F81E33 		strb	r3, [r4, #798]
 980:Middlewares/ST/STM32_USB_Host_Library/Core/Src/usbh_core.c ****         {
 510              		.loc 1 980 9 is_stmt 1 view .LVU186
 980:Middlewares/ST/STM32_USB_Host_Library/Core/Src/usbh_core.c ****         {
 511              		.loc 1 980 12 is_stmt 0 view .LVU187
 512 016a 032B     		cmp	r3, #3
 513 016c 03D9     		bls	.L27
 983:Middlewares/ST/STM32_USB_Host_Library/Core/Src/usbh_core.c ****           phost->gState = HOST_ABORT_STATE;
 514              		.loc 1 983 11 is_stmt 1 view .LVU188
 983:Middlewares/ST/STM32_USB_Host_Library/Core/Src/usbh_core.c ****           phost->gState = HOST_ABORT_STATE;
 515              		.loc 1 983 11 view .LVU189
 983:Middlewares/ST/STM32_USB_Host_Library/Core/Src/usbh_core.c ****           phost->gState = HOST_ABORT_STATE;
 516              		.loc 1 983 11 view .LVU190
 984:Middlewares/ST/STM32_USB_Host_Library/Core/Src/usbh_core.c ****         }
 517              		.loc 1 984 11 view .LVU191
 984:Middlewares/ST/STM32_USB_Host_Library/Core/Src/usbh_core.c ****         }
 518              		.loc 1 984 25 is_stmt 0 view .LVU192
 519 016e 0D23     		movs	r3, #13
 520 0170 2370     		strb	r3, [r4]
 845:Middlewares/ST/STM32_USB_Host_Library/Core/Src/usbh_core.c ****   USBH_StatusTypeDef ReqStatus = USBH_BUSY;
 521              		.loc 1 845 22 view .LVU193
 522 0172 0125     		movs	r5, #1
 523 0174 38E0     		b	.L11
 524              	.L27:
ARM GAS  /tmp/cczvdhxn.s 			page 34


 989:Middlewares/ST/STM32_USB_Host_Library/Core/Src/usbh_core.c ****           (void)USBH_FreePipe(phost, phost->Control.pipe_in);
 525              		.loc 1 989 11 is_stmt 1 view .LVU194
 989:Middlewares/ST/STM32_USB_Host_Library/Core/Src/usbh_core.c ****           (void)USBH_FreePipe(phost, phost->Control.pipe_in);
 526              		.loc 1 989 17 is_stmt 0 view .LVU195
 527 0176 6179     		ldrb	r1, [r4, #5]	@ zero_extendqisi2
 528 0178 2046     		mov	r0, r4
 529              	.LVL37:
 989:Middlewares/ST/STM32_USB_Host_Library/Core/Src/usbh_core.c ****           (void)USBH_FreePipe(phost, phost->Control.pipe_in);
 530              		.loc 1 989 17 view .LVU196
 531 017a FFF7FEFF 		bl	USBH_FreePipe
 532              	.LVL38:
 990:Middlewares/ST/STM32_USB_Host_Library/Core/Src/usbh_core.c **** 
 533              		.loc 1 990 11 is_stmt 1 view .LVU197
 990:Middlewares/ST/STM32_USB_Host_Library/Core/Src/usbh_core.c **** 
 534              		.loc 1 990 17 is_stmt 0 view .LVU198
 535 017e 2179     		ldrb	r1, [r4, #4]	@ zero_extendqisi2
 536 0180 2046     		mov	r0, r4
 537 0182 FFF7FEFF 		bl	USBH_FreePipe
 538              	.LVL39:
 993:Middlewares/ST/STM32_USB_Host_Library/Core/Src/usbh_core.c ****           phost->gState = HOST_IDLE;
 539              		.loc 1 993 11 is_stmt 1 view .LVU199
 993:Middlewares/ST/STM32_USB_Host_Library/Core/Src/usbh_core.c ****           phost->gState = HOST_IDLE;
 540              		.loc 1 993 28 is_stmt 0 view .LVU200
 541 0186 0023     		movs	r3, #0
 542 0188 6370     		strb	r3, [r4, #1]
 994:Middlewares/ST/STM32_USB_Host_Library/Core/Src/usbh_core.c ****         }
 543              		.loc 1 994 11 is_stmt 1 view .LVU201
 994:Middlewares/ST/STM32_USB_Host_Library/Core/Src/usbh_core.c ****         }
 544              		.loc 1 994 25 is_stmt 0 view .LVU202
 545 018a 2370     		strb	r3, [r4]
 845:Middlewares/ST/STM32_USB_Host_Library/Core/Src/usbh_core.c ****   USBH_StatusTypeDef ReqStatus = USBH_BUSY;
 546              		.loc 1 845 22 view .LVU203
 547 018c 0125     		movs	r5, #1
 548 018e 2BE0     		b	.L11
 549              	.LVL40:
 550              	.L16:
1005:Middlewares/ST/STM32_USB_Host_Library/Core/Src/usbh_core.c ****       if (ReqStatus == USBH_OK)
 551              		.loc 1 1005 7 is_stmt 1 view .LVU204
1005:Middlewares/ST/STM32_USB_Host_Library/Core/Src/usbh_core.c ****       if (ReqStatus == USBH_OK)
 552              		.loc 1 1005 19 is_stmt 0 view .LVU205
 553 0190 B0F83A13 		ldrh	r1, [r0, #826]
 554 0194 FFF7FEFF 		bl	USBH_Get_CfgDesc
 555              	.LVL41:
1006:Middlewares/ST/STM32_USB_Host_Library/Core/Src/usbh_core.c ****       {
 556              		.loc 1 1006 7 is_stmt 1 view .LVU206
1006:Middlewares/ST/STM32_USB_Host_Library/Core/Src/usbh_core.c ****       {
 557              		.loc 1 1006 10 is_stmt 0 view .LVU207
 558 0198 18B9     		cbnz	r0, .L28
1008:Middlewares/ST/STM32_USB_Host_Library/Core/Src/usbh_core.c ****       }
 559              		.loc 1 1008 9 is_stmt 1 view .LVU208
1008:Middlewares/ST/STM32_USB_Host_Library/Core/Src/usbh_core.c ****       }
 560              		.loc 1 1008 26 is_stmt 0 view .LVU209
 561 019a 0523     		movs	r3, #5
 562 019c 6370     		strb	r3, [r4, #1]
 845:Middlewares/ST/STM32_USB_Host_Library/Core/Src/usbh_core.c ****   USBH_StatusTypeDef ReqStatus = USBH_BUSY;
 563              		.loc 1 845 22 view .LVU210
 564 019e 0125     		movs	r5, #1
ARM GAS  /tmp/cczvdhxn.s 			page 35


 565 01a0 22E0     		b	.L11
 566              	.L28:
1010:Middlewares/ST/STM32_USB_Host_Library/Core/Src/usbh_core.c ****       {
 567              		.loc 1 1010 12 is_stmt 1 view .LVU211
1010:Middlewares/ST/STM32_USB_Host_Library/Core/Src/usbh_core.c ****       {
 568              		.loc 1 1010 15 is_stmt 0 view .LVU212
 569 01a2 0328     		cmp	r0, #3
 570 01a4 01D0     		beq	.L48
 845:Middlewares/ST/STM32_USB_Host_Library/Core/Src/usbh_core.c ****   USBH_StatusTypeDef ReqStatus = USBH_BUSY;
 571              		.loc 1 845 22 view .LVU213
 572 01a6 0125     		movs	r5, #1
 573 01a8 1EE0     		b	.L11
 574              	.L48:
1012:Middlewares/ST/STM32_USB_Host_Library/Core/Src/usbh_core.c ****         phost->device.EnumCnt++;
 575              		.loc 1 1012 9 is_stmt 1 view .LVU214
1012:Middlewares/ST/STM32_USB_Host_Library/Core/Src/usbh_core.c ****         phost->device.EnumCnt++;
 576              		.loc 1 1012 9 view .LVU215
1012:Middlewares/ST/STM32_USB_Host_Library/Core/Src/usbh_core.c ****         phost->device.EnumCnt++;
 577              		.loc 1 1012 9 view .LVU216
1013:Middlewares/ST/STM32_USB_Host_Library/Core/Src/usbh_core.c ****         if (phost->device.EnumCnt > 3U)
 578              		.loc 1 1013 9 view .LVU217
1013:Middlewares/ST/STM32_USB_Host_Library/Core/Src/usbh_core.c ****         if (phost->device.EnumCnt > 3U)
 579              		.loc 1 1013 22 is_stmt 0 view .LVU218
 580 01aa 94F81E33 		ldrb	r3, [r4, #798]	@ zero_extendqisi2
1013:Middlewares/ST/STM32_USB_Host_Library/Core/Src/usbh_core.c ****         if (phost->device.EnumCnt > 3U)
 581              		.loc 1 1013 30 view .LVU219
 582 01ae 0133     		adds	r3, r3, #1
 583 01b0 DBB2     		uxtb	r3, r3
 584 01b2 84F81E33 		strb	r3, [r4, #798]
1014:Middlewares/ST/STM32_USB_Host_Library/Core/Src/usbh_core.c ****         {
 585              		.loc 1 1014 9 is_stmt 1 view .LVU220
1014:Middlewares/ST/STM32_USB_Host_Library/Core/Src/usbh_core.c ****         {
 586              		.loc 1 1014 12 is_stmt 0 view .LVU221
 587 01b6 032B     		cmp	r3, #3
 588 01b8 03D9     		bls	.L29
1017:Middlewares/ST/STM32_USB_Host_Library/Core/Src/usbh_core.c ****           phost->gState = HOST_ABORT_STATE;
 589              		.loc 1 1017 11 is_stmt 1 view .LVU222
1017:Middlewares/ST/STM32_USB_Host_Library/Core/Src/usbh_core.c ****           phost->gState = HOST_ABORT_STATE;
 590              		.loc 1 1017 11 view .LVU223
1017:Middlewares/ST/STM32_USB_Host_Library/Core/Src/usbh_core.c ****           phost->gState = HOST_ABORT_STATE;
 591              		.loc 1 1017 11 view .LVU224
1018:Middlewares/ST/STM32_USB_Host_Library/Core/Src/usbh_core.c ****         }
 592              		.loc 1 1018 11 view .LVU225
1018:Middlewares/ST/STM32_USB_Host_Library/Core/Src/usbh_core.c ****         }
 593              		.loc 1 1018 25 is_stmt 0 view .LVU226
 594 01ba 0D23     		movs	r3, #13
 595 01bc 2370     		strb	r3, [r4]
 845:Middlewares/ST/STM32_USB_Host_Library/Core/Src/usbh_core.c ****   USBH_StatusTypeDef ReqStatus = USBH_BUSY;
 596              		.loc 1 845 22 view .LVU227
 597 01be 0125     		movs	r5, #1
 598 01c0 12E0     		b	.L11
 599              	.L29:
1023:Middlewares/ST/STM32_USB_Host_Library/Core/Src/usbh_core.c ****           (void)USBH_FreePipe(phost, phost->Control.pipe_in);
 600              		.loc 1 1023 11 is_stmt 1 view .LVU228
1023:Middlewares/ST/STM32_USB_Host_Library/Core/Src/usbh_core.c ****           (void)USBH_FreePipe(phost, phost->Control.pipe_in);
 601              		.loc 1 1023 17 is_stmt 0 view .LVU229
 602 01c2 6179     		ldrb	r1, [r4, #5]	@ zero_extendqisi2
ARM GAS  /tmp/cczvdhxn.s 			page 36


 603 01c4 2046     		mov	r0, r4
 604              	.LVL42:
1023:Middlewares/ST/STM32_USB_Host_Library/Core/Src/usbh_core.c ****           (void)USBH_FreePipe(phost, phost->Control.pipe_in);
 605              		.loc 1 1023 17 view .LVU230
 606 01c6 FFF7FEFF 		bl	USBH_FreePipe
 607              	.LVL43:
1024:Middlewares/ST/STM32_USB_Host_Library/Core/Src/usbh_core.c **** 
 608              		.loc 1 1024 11 is_stmt 1 view .LVU231
1024:Middlewares/ST/STM32_USB_Host_Library/Core/Src/usbh_core.c **** 
 609              		.loc 1 1024 17 is_stmt 0 view .LVU232
 610 01ca 2179     		ldrb	r1, [r4, #4]	@ zero_extendqisi2
 611 01cc 2046     		mov	r0, r4
 612 01ce FFF7FEFF 		bl	USBH_FreePipe
 613              	.LVL44:
1027:Middlewares/ST/STM32_USB_Host_Library/Core/Src/usbh_core.c ****           phost->gState = HOST_IDLE;
 614              		.loc 1 1027 11 is_stmt 1 view .LVU233
1027:Middlewares/ST/STM32_USB_Host_Library/Core/Src/usbh_core.c ****           phost->gState = HOST_IDLE;
 615              		.loc 1 1027 28 is_stmt 0 view .LVU234
 616 01d2 0023     		movs	r3, #0
 617 01d4 6370     		strb	r3, [r4, #1]
1028:Middlewares/ST/STM32_USB_Host_Library/Core/Src/usbh_core.c ****         }
 618              		.loc 1 1028 11 is_stmt 1 view .LVU235
1028:Middlewares/ST/STM32_USB_Host_Library/Core/Src/usbh_core.c ****         }
 619              		.loc 1 1028 25 is_stmt 0 view .LVU236
 620 01d6 2370     		strb	r3, [r4]
 845:Middlewares/ST/STM32_USB_Host_Library/Core/Src/usbh_core.c ****   USBH_StatusTypeDef ReqStatus = USBH_BUSY;
 621              		.loc 1 845 22 view .LVU237
 622 01d8 0125     		movs	r5, #1
 623 01da 05E0     		b	.L11
 624              	.LVL45:
 625              	.L15:
1038:Middlewares/ST/STM32_USB_Host_Library/Core/Src/usbh_core.c ****       {
 626              		.loc 1 1038 7 is_stmt 1 view .LVU238
1038:Middlewares/ST/STM32_USB_Host_Library/Core/Src/usbh_core.c ****       {
 627              		.loc 1 1038 32 is_stmt 0 view .LVU239
 628 01dc 90F83413 		ldrb	r1, [r0, #820]	@ zero_extendqisi2
1038:Middlewares/ST/STM32_USB_Host_Library/Core/Src/usbh_core.c ****       {
 629              		.loc 1 1038 10 view .LVU240
 630 01e0 29B9     		cbnz	r1, .L49
1079:Middlewares/ST/STM32_USB_Host_Library/Core/Src/usbh_core.c ****         phost->EnumState = ENUM_GET_PRODUCT_STRING_DESC;
 631              		.loc 1 1079 9 is_stmt 1 view .LVU241
1079:Middlewares/ST/STM32_USB_Host_Library/Core/Src/usbh_core.c ****         phost->EnumState = ENUM_GET_PRODUCT_STRING_DESC;
 632              		.loc 1 1079 9 view .LVU242
1079:Middlewares/ST/STM32_USB_Host_Library/Core/Src/usbh_core.c ****         phost->EnumState = ENUM_GET_PRODUCT_STRING_DESC;
 633              		.loc 1 1079 9 view .LVU243
1080:Middlewares/ST/STM32_USB_Host_Library/Core/Src/usbh_core.c **** 
 634              		.loc 1 1080 9 view .LVU244
1080:Middlewares/ST/STM32_USB_Host_Library/Core/Src/usbh_core.c **** 
 635              		.loc 1 1080 26 is_stmt 0 view .LVU245
 636 01e2 0623     		movs	r3, #6
 637 01e4 4370     		strb	r3, [r0, #1]
 845:Middlewares/ST/STM32_USB_Host_Library/Core/Src/usbh_core.c ****   USBH_StatusTypeDef ReqStatus = USBH_BUSY;
 638              		.loc 1 845 22 view .LVU246
 639 01e6 0125     		movs	r5, #1
 640              	.LVL46:
 641              	.L11:
1172:Middlewares/ST/STM32_USB_Host_Library/Core/Src/usbh_core.c **** }
ARM GAS  /tmp/cczvdhxn.s 			page 37


 642              		.loc 1 1172 3 is_stmt 1 view .LVU247
1173:Middlewares/ST/STM32_USB_Host_Library/Core/Src/usbh_core.c **** 
 643              		.loc 1 1173 1 is_stmt 0 view .LVU248
 644 01e8 2846     		mov	r0, r5
 645 01ea 04B0     		add	sp, sp, #16
 646              	.LCFI3:
 647              		.cfi_remember_state
 648              		.cfi_def_cfa_offset 16
 649              		@ sp needed
 650 01ec 70BD     		pop	{r4, r5, r6, pc}
 651              	.LVL47:
 652              	.L49:
 653              	.LCFI4:
 654              		.cfi_restore_state
1041:Middlewares/ST/STM32_USB_Host_Library/Core/Src/usbh_core.c ****                                         phost->device.Data, 0xFFU);
 655              		.loc 1 1041 9 is_stmt 1 view .LVU249
1041:Middlewares/ST/STM32_USB_Host_Library/Core/Src/usbh_core.c ****                                         phost->device.Data, 0xFFU);
 656              		.loc 1 1041 21 is_stmt 0 view .LVU250
 657 01ee FF23     		movs	r3, #255
 658 01f0 00F58E72 		add	r2, r0, #284
 659 01f4 FFF7FEFF 		bl	USBH_Get_StringDesc
 660              	.LVL48:
1043:Middlewares/ST/STM32_USB_Host_Library/Core/Src/usbh_core.c ****         {
 661              		.loc 1 1043 9 is_stmt 1 view .LVU251
1043:Middlewares/ST/STM32_USB_Host_Library/Core/Src/usbh_core.c ****         {
 662              		.loc 1 1043 12 is_stmt 0 view .LVU252
 663 01f8 18B9     		cbnz	r0, .L31
1046:Middlewares/ST/STM32_USB_Host_Library/Core/Src/usbh_core.c ****           phost->EnumState = ENUM_GET_PRODUCT_STRING_DESC;
 664              		.loc 1 1046 11 is_stmt 1 view .LVU253
1046:Middlewares/ST/STM32_USB_Host_Library/Core/Src/usbh_core.c ****           phost->EnumState = ENUM_GET_PRODUCT_STRING_DESC;
 665              		.loc 1 1046 11 view .LVU254
1046:Middlewares/ST/STM32_USB_Host_Library/Core/Src/usbh_core.c ****           phost->EnumState = ENUM_GET_PRODUCT_STRING_DESC;
 666              		.loc 1 1046 11 view .LVU255
1047:Middlewares/ST/STM32_USB_Host_Library/Core/Src/usbh_core.c **** 
 667              		.loc 1 1047 11 view .LVU256
1047:Middlewares/ST/STM32_USB_Host_Library/Core/Src/usbh_core.c **** 
 668              		.loc 1 1047 28 is_stmt 0 view .LVU257
 669 01fa 0623     		movs	r3, #6
 670 01fc 6370     		strb	r3, [r4, #1]
 845:Middlewares/ST/STM32_USB_Host_Library/Core/Src/usbh_core.c ****   USBH_StatusTypeDef ReqStatus = USBH_BUSY;
 671              		.loc 1 845 22 view .LVU258
 672 01fe 0125     		movs	r5, #1
 673 0200 F2E7     		b	.L11
 674              	.L31:
1058:Middlewares/ST/STM32_USB_Host_Library/Core/Src/usbh_core.c ****         {
 675              		.loc 1 1058 14 is_stmt 1 view .LVU259
1058:Middlewares/ST/STM32_USB_Host_Library/Core/Src/usbh_core.c ****         {
 676              		.loc 1 1058 17 is_stmt 0 view .LVU260
 677 0202 0328     		cmp	r0, #3
 678 0204 01D0     		beq	.L50
 845:Middlewares/ST/STM32_USB_Host_Library/Core/Src/usbh_core.c ****   USBH_StatusTypeDef ReqStatus = USBH_BUSY;
 679              		.loc 1 845 22 view .LVU261
 680 0206 0125     		movs	r5, #1
 681 0208 EEE7     		b	.L11
 682              	.L50:
1060:Middlewares/ST/STM32_USB_Host_Library/Core/Src/usbh_core.c ****           phost->EnumState = ENUM_GET_PRODUCT_STRING_DESC;
 683              		.loc 1 1060 11 is_stmt 1 view .LVU262
ARM GAS  /tmp/cczvdhxn.s 			page 38


1060:Middlewares/ST/STM32_USB_Host_Library/Core/Src/usbh_core.c ****           phost->EnumState = ENUM_GET_PRODUCT_STRING_DESC;
 684              		.loc 1 1060 11 view .LVU263
1060:Middlewares/ST/STM32_USB_Host_Library/Core/Src/usbh_core.c ****           phost->EnumState = ENUM_GET_PRODUCT_STRING_DESC;
 685              		.loc 1 1060 11 view .LVU264
1061:Middlewares/ST/STM32_USB_Host_Library/Core/Src/usbh_core.c **** 
 686              		.loc 1 1061 11 view .LVU265
1061:Middlewares/ST/STM32_USB_Host_Library/Core/Src/usbh_core.c **** 
 687              		.loc 1 1061 28 is_stmt 0 view .LVU266
 688 020a 0623     		movs	r3, #6
 689 020c 6370     		strb	r3, [r4, #1]
 845:Middlewares/ST/STM32_USB_Host_Library/Core/Src/usbh_core.c ****   USBH_StatusTypeDef ReqStatus = USBH_BUSY;
 690              		.loc 1 845 22 view .LVU267
 691 020e 0125     		movs	r5, #1
 692 0210 EAE7     		b	.L11
 693              	.LVL49:
 694              	.L14:
1094:Middlewares/ST/STM32_USB_Host_Library/Core/Src/usbh_core.c ****       {
 695              		.loc 1 1094 7 is_stmt 1 view .LVU268
1094:Middlewares/ST/STM32_USB_Host_Library/Core/Src/usbh_core.c ****       {
 696              		.loc 1 1094 32 is_stmt 0 view .LVU269
 697 0212 90F83513 		ldrb	r1, [r0, #821]	@ zero_extendqisi2
1094:Middlewares/ST/STM32_USB_Host_Library/Core/Src/usbh_core.c ****       {
 698              		.loc 1 1094 10 view .LVU270
 699 0216 19B9     		cbnz	r1, .L51
1126:Middlewares/ST/STM32_USB_Host_Library/Core/Src/usbh_core.c ****         phost->EnumState = ENUM_GET_SERIALNUM_STRING_DESC;
 700              		.loc 1 1126 9 is_stmt 1 view .LVU271
1126:Middlewares/ST/STM32_USB_Host_Library/Core/Src/usbh_core.c ****         phost->EnumState = ENUM_GET_SERIALNUM_STRING_DESC;
 701              		.loc 1 1126 9 view .LVU272
1126:Middlewares/ST/STM32_USB_Host_Library/Core/Src/usbh_core.c ****         phost->EnumState = ENUM_GET_SERIALNUM_STRING_DESC;
 702              		.loc 1 1126 9 view .LVU273
1127:Middlewares/ST/STM32_USB_Host_Library/Core/Src/usbh_core.c **** 
 703              		.loc 1 1127 9 view .LVU274
1127:Middlewares/ST/STM32_USB_Host_Library/Core/Src/usbh_core.c **** 
 704              		.loc 1 1127 26 is_stmt 0 view .LVU275
 705 0218 0723     		movs	r3, #7
 706 021a 4370     		strb	r3, [r0, #1]
 845:Middlewares/ST/STM32_USB_Host_Library/Core/Src/usbh_core.c ****   USBH_StatusTypeDef ReqStatus = USBH_BUSY;
 707              		.loc 1 845 22 view .LVU276
 708 021c 0125     		movs	r5, #1
 709 021e E3E7     		b	.L11
 710              	.L51:
1097:Middlewares/ST/STM32_USB_Host_Library/Core/Src/usbh_core.c ****                                         phost->device.Data, 0xFFU);
 711              		.loc 1 1097 9 is_stmt 1 view .LVU277
1097:Middlewares/ST/STM32_USB_Host_Library/Core/Src/usbh_core.c ****                                         phost->device.Data, 0xFFU);
 712              		.loc 1 1097 21 is_stmt 0 view .LVU278
 713 0220 FF23     		movs	r3, #255
 714 0222 00F58E72 		add	r2, r0, #284
 715 0226 FFF7FEFF 		bl	USBH_Get_StringDesc
 716              	.LVL50:
1099:Middlewares/ST/STM32_USB_Host_Library/Core/Src/usbh_core.c ****         {
 717              		.loc 1 1099 9 is_stmt 1 view .LVU279
1099:Middlewares/ST/STM32_USB_Host_Library/Core/Src/usbh_core.c ****         {
 718              		.loc 1 1099 12 is_stmt 0 view .LVU280
 719 022a 18B9     		cbnz	r0, .L33
1102:Middlewares/ST/STM32_USB_Host_Library/Core/Src/usbh_core.c ****           phost->EnumState = ENUM_GET_SERIALNUM_STRING_DESC;
 720              		.loc 1 1102 11 is_stmt 1 view .LVU281
1102:Middlewares/ST/STM32_USB_Host_Library/Core/Src/usbh_core.c ****           phost->EnumState = ENUM_GET_SERIALNUM_STRING_DESC;
ARM GAS  /tmp/cczvdhxn.s 			page 39


 721              		.loc 1 1102 11 view .LVU282
1102:Middlewares/ST/STM32_USB_Host_Library/Core/Src/usbh_core.c ****           phost->EnumState = ENUM_GET_SERIALNUM_STRING_DESC;
 722              		.loc 1 1102 11 view .LVU283
1103:Middlewares/ST/STM32_USB_Host_Library/Core/Src/usbh_core.c ****         }
 723              		.loc 1 1103 11 view .LVU284
1103:Middlewares/ST/STM32_USB_Host_Library/Core/Src/usbh_core.c ****         }
 724              		.loc 1 1103 28 is_stmt 0 view .LVU285
 725 022c 0723     		movs	r3, #7
 726 022e 6370     		strb	r3, [r4, #1]
 845:Middlewares/ST/STM32_USB_Host_Library/Core/Src/usbh_core.c ****   USBH_StatusTypeDef ReqStatus = USBH_BUSY;
 727              		.loc 1 845 22 view .LVU286
 728 0230 0125     		movs	r5, #1
 729 0232 D9E7     		b	.L11
 730              	.L33:
1105:Middlewares/ST/STM32_USB_Host_Library/Core/Src/usbh_core.c ****         {
 731              		.loc 1 1105 14 is_stmt 1 view .LVU287
1105:Middlewares/ST/STM32_USB_Host_Library/Core/Src/usbh_core.c ****         {
 732              		.loc 1 1105 17 is_stmt 0 view .LVU288
 733 0234 0328     		cmp	r0, #3
 734 0236 01D0     		beq	.L52
 845:Middlewares/ST/STM32_USB_Host_Library/Core/Src/usbh_core.c ****   USBH_StatusTypeDef ReqStatus = USBH_BUSY;
 735              		.loc 1 845 22 view .LVU289
 736 0238 0125     		movs	r5, #1
 737 023a D5E7     		b	.L11
 738              	.L52:
1107:Middlewares/ST/STM32_USB_Host_Library/Core/Src/usbh_core.c ****           phost->EnumState = ENUM_GET_SERIALNUM_STRING_DESC;
 739              		.loc 1 1107 11 is_stmt 1 view .LVU290
1107:Middlewares/ST/STM32_USB_Host_Library/Core/Src/usbh_core.c ****           phost->EnumState = ENUM_GET_SERIALNUM_STRING_DESC;
 740              		.loc 1 1107 11 view .LVU291
1107:Middlewares/ST/STM32_USB_Host_Library/Core/Src/usbh_core.c ****           phost->EnumState = ENUM_GET_SERIALNUM_STRING_DESC;
 741              		.loc 1 1107 11 view .LVU292
1108:Middlewares/ST/STM32_USB_Host_Library/Core/Src/usbh_core.c **** 
 742              		.loc 1 1108 11 view .LVU293
1108:Middlewares/ST/STM32_USB_Host_Library/Core/Src/usbh_core.c **** 
 743              		.loc 1 1108 28 is_stmt 0 view .LVU294
 744 023c 0723     		movs	r3, #7
 745 023e 6370     		strb	r3, [r4, #1]
 845:Middlewares/ST/STM32_USB_Host_Library/Core/Src/usbh_core.c ****   USBH_StatusTypeDef ReqStatus = USBH_BUSY;
 746              		.loc 1 845 22 view .LVU295
 747 0240 0125     		movs	r5, #1
 748 0242 D1E7     		b	.L11
 749              	.LVL51:
 750              	.L12:
1141:Middlewares/ST/STM32_USB_Host_Library/Core/Src/usbh_core.c ****       {
 751              		.loc 1 1141 7 is_stmt 1 view .LVU296
1141:Middlewares/ST/STM32_USB_Host_Library/Core/Src/usbh_core.c ****       {
 752              		.loc 1 1141 32 is_stmt 0 view .LVU297
 753 0244 90F83653 		ldrb	r5, [r0, #822]	@ zero_extendqisi2
1141:Middlewares/ST/STM32_USB_Host_Library/Core/Src/usbh_core.c ****       {
 754              		.loc 1 1141 10 view .LVU298
 755 0248 002D     		cmp	r5, #0
 756 024a CDD0     		beq	.L11
1144:Middlewares/ST/STM32_USB_Host_Library/Core/Src/usbh_core.c ****                                         phost->device.Data, 0xFFU);
 757              		.loc 1 1144 9 is_stmt 1 view .LVU299
1144:Middlewares/ST/STM32_USB_Host_Library/Core/Src/usbh_core.c ****                                         phost->device.Data, 0xFFU);
 758              		.loc 1 1144 21 is_stmt 0 view .LVU300
 759 024c FF23     		movs	r3, #255
ARM GAS  /tmp/cczvdhxn.s 			page 40


 760 024e 00F58E72 		add	r2, r0, #284
 761 0252 2946     		mov	r1, r5
 762 0254 FFF7FEFF 		bl	USBH_Get_StringDesc
 763              	.LVL52:
1146:Middlewares/ST/STM32_USB_Host_Library/Core/Src/usbh_core.c ****         {
 764              		.loc 1 1146 9 is_stmt 1 view .LVU301
1146:Middlewares/ST/STM32_USB_Host_Library/Core/Src/usbh_core.c ****         {
 765              		.loc 1 1146 12 is_stmt 0 view .LVU302
 766 0258 0546     		mov	r5, r0
 767 025a 0028     		cmp	r0, #0
 768 025c C4D0     		beq	.L11
1152:Middlewares/ST/STM32_USB_Host_Library/Core/Src/usbh_core.c ****         {
 769              		.loc 1 1152 14 is_stmt 1 view .LVU303
1152:Middlewares/ST/STM32_USB_Host_Library/Core/Src/usbh_core.c ****         {
 770              		.loc 1 1152 17 is_stmt 0 view .LVU304
 771 025e 0328     		cmp	r0, #3
 772 0260 03D0     		beq	.L41
 845:Middlewares/ST/STM32_USB_Host_Library/Core/Src/usbh_core.c ****   USBH_StatusTypeDef ReqStatus = USBH_BUSY;
 773              		.loc 1 845 22 view .LVU305
 774 0262 0125     		movs	r5, #1
 775 0264 C0E7     		b	.L11
 776              	.LVL53:
 777              	.L34:
 848:Middlewares/ST/STM32_USB_Host_Library/Core/Src/usbh_core.c ****   {
 778              		.loc 1 848 3 view .LVU306
 779 0266 0125     		movs	r5, #1
 780 0268 BEE7     		b	.L11
 781              	.LVL54:
 782              	.L41:
1155:Middlewares/ST/STM32_USB_Host_Library/Core/Src/usbh_core.c ****         }
 783              		.loc 1 1155 18 view .LVU307
 784 026a 0025     		movs	r5, #0
 785 026c BCE7     		b	.L11
 786              		.cfi_endproc
 787              	.LFE145:
 789              		.section	.text.USBH_Init,"ax",%progbits
 790              		.align	1
 791              		.global	USBH_Init
 792              		.syntax unified
 793              		.thumb
 794              		.thumb_func
 796              	USBH_Init:
 797              	.LVL55:
 798              	.LFB133:
  99:Middlewares/ST/STM32_USB_Host_Library/Core/Src/usbh_core.c ****   /* Check whether the USB Host handle is valid */
 799              		.loc 1 99 1 is_stmt 1 view -0
 800              		.cfi_startproc
 801              		@ args = 0, pretend = 0, frame = 0
 802              		@ frame_needed = 0, uses_anonymous_args = 0
 101:Middlewares/ST/STM32_USB_Host_Library/Core/Src/usbh_core.c ****   {
 803              		.loc 1 101 3 view .LVU309
 101:Middlewares/ST/STM32_USB_Host_Library/Core/Src/usbh_core.c ****   {
 804              		.loc 1 101 6 is_stmt 0 view .LVU310
 805 0000 D8B1     		cbz	r0, .L56
  99:Middlewares/ST/STM32_USB_Host_Library/Core/Src/usbh_core.c ****   /* Check whether the USB Host handle is valid */
 806              		.loc 1 99 1 view .LVU311
 807 0002 70B5     		push	{r4, r5, r6, lr}
ARM GAS  /tmp/cczvdhxn.s 			page 41


 808              	.LCFI5:
 809              		.cfi_def_cfa_offset 16
 810              		.cfi_offset 4, -16
 811              		.cfi_offset 5, -12
 812              		.cfi_offset 6, -8
 813              		.cfi_offset 14, -4
 814 0004 0E46     		mov	r6, r1
 815 0006 0446     		mov	r4, r0
 108:Middlewares/ST/STM32_USB_Host_Library/Core/Src/usbh_core.c **** 
 816              		.loc 1 108 3 is_stmt 1 view .LVU312
 108:Middlewares/ST/STM32_USB_Host_Library/Core/Src/usbh_core.c **** 
 817              		.loc 1 108 13 is_stmt 0 view .LVU313
 818 0008 80F8CC23 		strb	r2, [r0, #972]
 111:Middlewares/ST/STM32_USB_Host_Library/Core/Src/usbh_core.c ****   phost->ClassNumber = 0U;
 819              		.loc 1 111 3 is_stmt 1 view .LVU314
 111:Middlewares/ST/STM32_USB_Host_Library/Core/Src/usbh_core.c ****   phost->ClassNumber = 0U;
 820              		.loc 1 111 23 is_stmt 0 view .LVU315
 821 000c 0025     		movs	r5, #0
 822 000e C0F87C53 		str	r5, [r0, #892]
 112:Middlewares/ST/STM32_USB_Host_Library/Core/Src/usbh_core.c **** 
 823              		.loc 1 112 3 is_stmt 1 view .LVU316
 112:Middlewares/ST/STM32_USB_Host_Library/Core/Src/usbh_core.c **** 
 824              		.loc 1 112 22 is_stmt 0 view .LVU317
 825 0012 C0F88053 		str	r5, [r0, #896]
 115:Middlewares/ST/STM32_USB_Host_Library/Core/Src/usbh_core.c **** 
 826              		.loc 1 115 3 is_stmt 1 view .LVU318
 115:Middlewares/ST/STM32_USB_Host_Library/Core/Src/usbh_core.c **** 
 827              		.loc 1 115 9 is_stmt 0 view .LVU319
 828 0016 FFF7FEFF 		bl	DeInitStateMachine
 829              	.LVL56:
 118:Middlewares/ST/STM32_USB_Host_Library/Core/Src/usbh_core.c ****   phost->device.is_connected = 0U;
 830              		.loc 1 118 3 is_stmt 1 view .LVU320
 118:Middlewares/ST/STM32_USB_Host_Library/Core/Src/usbh_core.c ****   phost->device.is_connected = 0U;
 831              		.loc 1 118 29 is_stmt 0 view .LVU321
 832 001a 84F82353 		strb	r5, [r4, #803]
 119:Middlewares/ST/STM32_USB_Host_Library/Core/Src/usbh_core.c ****   phost->device.is_disconnected = 0U;
 833              		.loc 1 119 3 is_stmt 1 view .LVU322
 119:Middlewares/ST/STM32_USB_Host_Library/Core/Src/usbh_core.c ****   phost->device.is_disconnected = 0U;
 834              		.loc 1 119 30 is_stmt 0 view .LVU323
 835 001e 84F82053 		strb	r5, [r4, #800]
 120:Middlewares/ST/STM32_USB_Host_Library/Core/Src/usbh_core.c ****   phost->device.is_ReEnumerated = 0U;
 836              		.loc 1 120 3 is_stmt 1 view .LVU324
 120:Middlewares/ST/STM32_USB_Host_Library/Core/Src/usbh_core.c ****   phost->device.is_ReEnumerated = 0U;
 837              		.loc 1 120 33 is_stmt 0 view .LVU325
 838 0022 84F82153 		strb	r5, [r4, #801]
 121:Middlewares/ST/STM32_USB_Host_Library/Core/Src/usbh_core.c **** 
 839              		.loc 1 121 3 is_stmt 1 view .LVU326
 121:Middlewares/ST/STM32_USB_Host_Library/Core/Src/usbh_core.c **** 
 840              		.loc 1 121 33 is_stmt 0 view .LVU327
 841 0026 84F82253 		strb	r5, [r4, #802]
 124:Middlewares/ST/STM32_USB_Host_Library/Core/Src/usbh_core.c ****   {
 842              		.loc 1 124 3 is_stmt 1 view .LVU328
 124:Middlewares/ST/STM32_USB_Host_Library/Core/Src/usbh_core.c ****   {
 843              		.loc 1 124 6 is_stmt 0 view .LVU329
 844 002a 0EB1     		cbz	r6, .L55
 126:Middlewares/ST/STM32_USB_Host_Library/Core/Src/usbh_core.c ****   }
 845              		.loc 1 126 5 is_stmt 1 view .LVU330
ARM GAS  /tmp/cczvdhxn.s 			page 42


 126:Middlewares/ST/STM32_USB_Host_Library/Core/Src/usbh_core.c ****   }
 846              		.loc 1 126 18 is_stmt 0 view .LVU331
 847 002c C4F8D463 		str	r6, [r4, #980]
 848              	.L55:
 166:Middlewares/ST/STM32_USB_Host_Library/Core/Src/usbh_core.c **** 
 849              		.loc 1 166 3 is_stmt 1 view .LVU332
 166:Middlewares/ST/STM32_USB_Host_Library/Core/Src/usbh_core.c **** 
 850              		.loc 1 166 9 is_stmt 0 view .LVU333
 851 0030 2046     		mov	r0, r4
 852 0032 FFF7FEFF 		bl	USBH_LL_Init
 853              	.LVL57:
 168:Middlewares/ST/STM32_USB_Host_Library/Core/Src/usbh_core.c **** }
 854              		.loc 1 168 3 is_stmt 1 view .LVU334
 168:Middlewares/ST/STM32_USB_Host_Library/Core/Src/usbh_core.c **** }
 855              		.loc 1 168 10 is_stmt 0 view .LVU335
 856 0036 0020     		movs	r0, #0
 169:Middlewares/ST/STM32_USB_Host_Library/Core/Src/usbh_core.c **** 
 857              		.loc 1 169 1 view .LVU336
 858 0038 70BD     		pop	{r4, r5, r6, pc}
 859              	.LVL58:
 860              	.L56:
 861              	.LCFI6:
 862              		.cfi_def_cfa_offset 0
 863              		.cfi_restore 4
 864              		.cfi_restore 5
 865              		.cfi_restore 6
 866              		.cfi_restore 14
 104:Middlewares/ST/STM32_USB_Host_Library/Core/Src/usbh_core.c ****   }
 867              		.loc 1 104 12 view .LVU337
 868 003a 0220     		movs	r0, #2
 869              	.LVL59:
 169:Middlewares/ST/STM32_USB_Host_Library/Core/Src/usbh_core.c **** 
 870              		.loc 1 169 1 view .LVU338
 871 003c 7047     		bx	lr
 872              		.cfi_endproc
 873              	.LFE133:
 875              		.section	.text.USBH_DeInit,"ax",%progbits
 876              		.align	1
 877              		.global	USBH_DeInit
 878              		.syntax unified
 879              		.thumb
 880              		.thumb_func
 882              	USBH_DeInit:
 883              	.LVL60:
 884              	.LFB134:
 179:Middlewares/ST/STM32_USB_Host_Library/Core/Src/usbh_core.c ****   (void)DeInitStateMachine(phost);
 885              		.loc 1 179 1 is_stmt 1 view -0
 886              		.cfi_startproc
 887              		@ args = 0, pretend = 0, frame = 0
 888              		@ frame_needed = 0, uses_anonymous_args = 0
 179:Middlewares/ST/STM32_USB_Host_Library/Core/Src/usbh_core.c ****   (void)DeInitStateMachine(phost);
 889              		.loc 1 179 1 is_stmt 0 view .LVU340
 890 0000 10B5     		push	{r4, lr}
 891              	.LCFI7:
 892              		.cfi_def_cfa_offset 8
 893              		.cfi_offset 4, -8
 894              		.cfi_offset 14, -4
ARM GAS  /tmp/cczvdhxn.s 			page 43


 895 0002 0446     		mov	r4, r0
 180:Middlewares/ST/STM32_USB_Host_Library/Core/Src/usbh_core.c **** 
 896              		.loc 1 180 3 is_stmt 1 view .LVU341
 180:Middlewares/ST/STM32_USB_Host_Library/Core/Src/usbh_core.c **** 
 897              		.loc 1 180 9 is_stmt 0 view .LVU342
 898 0004 FFF7FEFF 		bl	DeInitStateMachine
 899              	.LVL61:
 183:Middlewares/ST/STM32_USB_Host_Library/Core/Src/usbh_core.c ****   phost->device.is_connected = 0U;
 900              		.loc 1 183 3 is_stmt 1 view .LVU343
 183:Middlewares/ST/STM32_USB_Host_Library/Core/Src/usbh_core.c ****   phost->device.is_connected = 0U;
 901              		.loc 1 183 29 is_stmt 0 view .LVU344
 902 0008 0023     		movs	r3, #0
 903 000a 84F82333 		strb	r3, [r4, #803]
 184:Middlewares/ST/STM32_USB_Host_Library/Core/Src/usbh_core.c ****   phost->device.is_disconnected = 0U;
 904              		.loc 1 184 3 is_stmt 1 view .LVU345
 184:Middlewares/ST/STM32_USB_Host_Library/Core/Src/usbh_core.c ****   phost->device.is_disconnected = 0U;
 905              		.loc 1 184 30 is_stmt 0 view .LVU346
 906 000e 84F82033 		strb	r3, [r4, #800]
 185:Middlewares/ST/STM32_USB_Host_Library/Core/Src/usbh_core.c ****   phost->device.is_ReEnumerated = 0U;
 907              		.loc 1 185 3 is_stmt 1 view .LVU347
 185:Middlewares/ST/STM32_USB_Host_Library/Core/Src/usbh_core.c ****   phost->device.is_ReEnumerated = 0U;
 908              		.loc 1 185 33 is_stmt 0 view .LVU348
 909 0012 84F82133 		strb	r3, [r4, #801]
 186:Middlewares/ST/STM32_USB_Host_Library/Core/Src/usbh_core.c ****   phost->device.RstCnt = 0U;
 910              		.loc 1 186 3 is_stmt 1 view .LVU349
 186:Middlewares/ST/STM32_USB_Host_Library/Core/Src/usbh_core.c ****   phost->device.RstCnt = 0U;
 911              		.loc 1 186 33 is_stmt 0 view .LVU350
 912 0016 84F82233 		strb	r3, [r4, #802]
 187:Middlewares/ST/STM32_USB_Host_Library/Core/Src/usbh_core.c ****   phost->device.EnumCnt = 0U;
 913              		.loc 1 187 3 is_stmt 1 view .LVU351
 187:Middlewares/ST/STM32_USB_Host_Library/Core/Src/usbh_core.c ****   phost->device.EnumCnt = 0U;
 914              		.loc 1 187 24 is_stmt 0 view .LVU352
 915 001a 84F81F33 		strb	r3, [r4, #799]
 188:Middlewares/ST/STM32_USB_Host_Library/Core/Src/usbh_core.c **** 
 916              		.loc 1 188 3 is_stmt 1 view .LVU353
 188:Middlewares/ST/STM32_USB_Host_Library/Core/Src/usbh_core.c **** 
 917              		.loc 1 188 25 is_stmt 0 view .LVU354
 918 001e 84F81E33 		strb	r3, [r4, #798]
 190:Middlewares/ST/STM32_USB_Host_Library/Core/Src/usbh_core.c ****   {
 919              		.loc 1 190 3 is_stmt 1 view .LVU355
 190:Middlewares/ST/STM32_USB_Host_Library/Core/Src/usbh_core.c ****   {
 920              		.loc 1 190 12 is_stmt 0 view .LVU356
 921 0022 D4F8D033 		ldr	r3, [r4, #976]
 190:Middlewares/ST/STM32_USB_Host_Library/Core/Src/usbh_core.c ****   {
 922              		.loc 1 190 6 view .LVU357
 923 0026 13B1     		cbz	r3, .L62
 192:Middlewares/ST/STM32_USB_Host_Library/Core/Src/usbh_core.c ****   }
 924              		.loc 1 192 5 is_stmt 1 view .LVU358
 192:Middlewares/ST/STM32_USB_Host_Library/Core/Src/usbh_core.c ****   }
 925              		.loc 1 192 11 is_stmt 0 view .LVU359
 926 0028 2046     		mov	r0, r4
 927 002a FFF7FEFF 		bl	USBH_LL_Stop
 928              	.LVL62:
 929              	.L62:
 211:Middlewares/ST/STM32_USB_Host_Library/Core/Src/usbh_core.c **** }
 930              		.loc 1 211 3 is_stmt 1 view .LVU360
 212:Middlewares/ST/STM32_USB_Host_Library/Core/Src/usbh_core.c **** 
ARM GAS  /tmp/cczvdhxn.s 			page 44


 931              		.loc 1 212 1 is_stmt 0 view .LVU361
 932 002e 0020     		movs	r0, #0
 933 0030 10BD     		pop	{r4, pc}
 212:Middlewares/ST/STM32_USB_Host_Library/Core/Src/usbh_core.c **** 
 934              		.loc 1 212 1 view .LVU362
 935              		.cfi_endproc
 936              	.LFE134:
 938              		.section	.text.USBH_RegisterClass,"ax",%progbits
 939              		.align	1
 940              		.global	USBH_RegisterClass
 941              		.syntax unified
 942              		.thumb
 943              		.thumb_func
 945              	USBH_RegisterClass:
 946              	.LVL63:
 947              	.LFB136:
 262:Middlewares/ST/STM32_USB_Host_Library/Core/Src/usbh_core.c ****   USBH_StatusTypeDef status = USBH_OK;
 948              		.loc 1 262 1 is_stmt 1 view -0
 949              		.cfi_startproc
 950              		@ args = 0, pretend = 0, frame = 0
 951              		@ frame_needed = 0, uses_anonymous_args = 0
 952              		@ link register save eliminated.
 263:Middlewares/ST/STM32_USB_Host_Library/Core/Src/usbh_core.c **** 
 953              		.loc 1 263 3 view .LVU364
 265:Middlewares/ST/STM32_USB_Host_Library/Core/Src/usbh_core.c ****   {
 954              		.loc 1 265 3 view .LVU365
 265:Middlewares/ST/STM32_USB_Host_Library/Core/Src/usbh_core.c ****   {
 955              		.loc 1 265 6 is_stmt 0 view .LVU366
 956 0000 0A46     		mov	r2, r1
 957 0002 51B1     		cbz	r1, .L66
 267:Middlewares/ST/STM32_USB_Host_Library/Core/Src/usbh_core.c ****     {
 958              		.loc 1 267 5 is_stmt 1 view .LVU367
 267:Middlewares/ST/STM32_USB_Host_Library/Core/Src/usbh_core.c ****     {
 959              		.loc 1 267 14 is_stmt 0 view .LVU368
 960 0004 D0F88033 		ldr	r3, [r0, #896]
 267:Middlewares/ST/STM32_USB_Host_Library/Core/Src/usbh_core.c ****     {
 961              		.loc 1 267 8 view .LVU369
 962 0008 4BB9     		cbnz	r3, .L67
 270:Middlewares/ST/STM32_USB_Host_Library/Core/Src/usbh_core.c ****       status = USBH_OK;
 963              		.loc 1 270 7 is_stmt 1 view .LVU370
 270:Middlewares/ST/STM32_USB_Host_Library/Core/Src/usbh_core.c ****       status = USBH_OK;
 964              		.loc 1 270 39 is_stmt 0 view .LVU371
 965 000a 591C     		adds	r1, r3, #1
 966              	.LVL64:
 270:Middlewares/ST/STM32_USB_Host_Library/Core/Src/usbh_core.c ****       status = USBH_OK;
 967              		.loc 1 270 39 view .LVU372
 968 000c C0F88013 		str	r1, [r0, #896]
 270:Middlewares/ST/STM32_USB_Host_Library/Core/Src/usbh_core.c ****       status = USBH_OK;
 969              		.loc 1 270 43 view .LVU373
 970 0010 DE33     		adds	r3, r3, #222
 971 0012 40F82320 		str	r2, [r0, r3, lsl #2]
 271:Middlewares/ST/STM32_USB_Host_Library/Core/Src/usbh_core.c ****     }
 972              		.loc 1 271 7 is_stmt 1 view .LVU374
 271:Middlewares/ST/STM32_USB_Host_Library/Core/Src/usbh_core.c ****     }
 973              		.loc 1 271 14 is_stmt 0 view .LVU375
 974 0016 0020     		movs	r0, #0
 975              	.LVL65:
ARM GAS  /tmp/cczvdhxn.s 			page 45


 271:Middlewares/ST/STM32_USB_Host_Library/Core/Src/usbh_core.c ****     }
 976              		.loc 1 271 14 view .LVU376
 977 0018 7047     		bx	lr
 978              	.LVL66:
 979              	.L66:
 282:Middlewares/ST/STM32_USB_Host_Library/Core/Src/usbh_core.c ****   }
 980              		.loc 1 282 12 view .LVU377
 981 001a 0220     		movs	r0, #2
 982              	.LVL67:
 282:Middlewares/ST/STM32_USB_Host_Library/Core/Src/usbh_core.c ****   }
 983              		.loc 1 282 12 view .LVU378
 984 001c 7047     		bx	lr
 985              	.LVL68:
 986              	.L67:
 276:Middlewares/ST/STM32_USB_Host_Library/Core/Src/usbh_core.c ****     }
 987              		.loc 1 276 14 view .LVU379
 988 001e 0220     		movs	r0, #2
 989              	.LVL69:
 285:Middlewares/ST/STM32_USB_Host_Library/Core/Src/usbh_core.c **** }
 990              		.loc 1 285 3 is_stmt 1 view .LVU380
 286:Middlewares/ST/STM32_USB_Host_Library/Core/Src/usbh_core.c **** 
 991              		.loc 1 286 1 is_stmt 0 view .LVU381
 992 0020 7047     		bx	lr
 993              		.cfi_endproc
 994              	.LFE136:
 996              		.section	.text.USBH_SelectInterface,"ax",%progbits
 997              		.align	1
 998              		.global	USBH_SelectInterface
 999              		.syntax unified
 1000              		.thumb
 1001              		.thumb_func
 1003              	USBH_SelectInterface:
 1004              	.LVL70:
 1005              	.LFB137:
 297:Middlewares/ST/STM32_USB_Host_Library/Core/Src/usbh_core.c ****   USBH_StatusTypeDef status = USBH_OK;
 1006              		.loc 1 297 1 is_stmt 1 view -0
 1007              		.cfi_startproc
 1008              		@ args = 0, pretend = 0, frame = 0
 1009              		@ frame_needed = 0, uses_anonymous_args = 0
 1010              		@ link register save eliminated.
 298:Middlewares/ST/STM32_USB_Host_Library/Core/Src/usbh_core.c **** 
 1011              		.loc 1 298 3 view .LVU383
 300:Middlewares/ST/STM32_USB_Host_Library/Core/Src/usbh_core.c ****   {
 1012              		.loc 1 300 3 view .LVU384
 300:Middlewares/ST/STM32_USB_Host_Library/Core/Src/usbh_core.c ****   {
 1013              		.loc 1 300 40 is_stmt 0 view .LVU385
 1014 0000 90F83C33 		ldrb	r3, [r0, #828]	@ zero_extendqisi2
 300:Middlewares/ST/STM32_USB_Host_Library/Core/Src/usbh_core.c ****   {
 1015              		.loc 1 300 6 view .LVU386
 1016 0004 8B42     		cmp	r3, r1
 1017 0006 03D9     		bls	.L70
 302:Middlewares/ST/STM32_USB_Host_Library/Core/Src/usbh_core.c ****     USBH_UsrLog("Switching to Interface (#%d)", interface);
 1018              		.loc 1 302 5 is_stmt 1 view .LVU387
 302:Middlewares/ST/STM32_USB_Host_Library/Core/Src/usbh_core.c ****     USBH_UsrLog("Switching to Interface (#%d)", interface);
 1019              		.loc 1 302 37 is_stmt 0 view .LVU388
 1020 0008 80F82413 		strb	r1, [r0, #804]
 303:Middlewares/ST/STM32_USB_Host_Library/Core/Src/usbh_core.c ****     USBH_UsrLog("Class    : %xh", phost->device.CfgDesc.Itf_Desc[interface].bInterfaceClass);
ARM GAS  /tmp/cczvdhxn.s 			page 46


 1021              		.loc 1 303 5 is_stmt 1 view .LVU389
 303:Middlewares/ST/STM32_USB_Host_Library/Core/Src/usbh_core.c ****     USBH_UsrLog("Class    : %xh", phost->device.CfgDesc.Itf_Desc[interface].bInterfaceClass);
 1022              		.loc 1 303 5 view .LVU390
 303:Middlewares/ST/STM32_USB_Host_Library/Core/Src/usbh_core.c ****     USBH_UsrLog("Class    : %xh", phost->device.CfgDesc.Itf_Desc[interface].bInterfaceClass);
 1023              		.loc 1 303 5 view .LVU391
 304:Middlewares/ST/STM32_USB_Host_Library/Core/Src/usbh_core.c ****     USBH_UsrLog("SubClass : %xh", phost->device.CfgDesc.Itf_Desc[interface].bInterfaceSubClass);
 1024              		.loc 1 304 5 view .LVU392
 304:Middlewares/ST/STM32_USB_Host_Library/Core/Src/usbh_core.c ****     USBH_UsrLog("SubClass : %xh", phost->device.CfgDesc.Itf_Desc[interface].bInterfaceSubClass);
 1025              		.loc 1 304 5 view .LVU393
 304:Middlewares/ST/STM32_USB_Host_Library/Core/Src/usbh_core.c ****     USBH_UsrLog("SubClass : %xh", phost->device.CfgDesc.Itf_Desc[interface].bInterfaceSubClass);
 1026              		.loc 1 304 5 view .LVU394
 305:Middlewares/ST/STM32_USB_Host_Library/Core/Src/usbh_core.c ****     USBH_UsrLog("Protocol : %xh", phost->device.CfgDesc.Itf_Desc[interface].bInterfaceProtocol);
 1027              		.loc 1 305 5 view .LVU395
 305:Middlewares/ST/STM32_USB_Host_Library/Core/Src/usbh_core.c ****     USBH_UsrLog("Protocol : %xh", phost->device.CfgDesc.Itf_Desc[interface].bInterfaceProtocol);
 1028              		.loc 1 305 5 view .LVU396
 305:Middlewares/ST/STM32_USB_Host_Library/Core/Src/usbh_core.c ****     USBH_UsrLog("Protocol : %xh", phost->device.CfgDesc.Itf_Desc[interface].bInterfaceProtocol);
 1029              		.loc 1 305 5 view .LVU397
 306:Middlewares/ST/STM32_USB_Host_Library/Core/Src/usbh_core.c ****   }
 1030              		.loc 1 306 5 view .LVU398
 306:Middlewares/ST/STM32_USB_Host_Library/Core/Src/usbh_core.c ****   }
 1031              		.loc 1 306 5 view .LVU399
 306:Middlewares/ST/STM32_USB_Host_Library/Core/Src/usbh_core.c ****   }
 1032              		.loc 1 306 5 view .LVU400
 298:Middlewares/ST/STM32_USB_Host_Library/Core/Src/usbh_core.c **** 
 1033              		.loc 1 298 22 is_stmt 0 view .LVU401
 1034 000c 0020     		movs	r0, #0
 1035              	.LVL71:
 298:Middlewares/ST/STM32_USB_Host_Library/Core/Src/usbh_core.c **** 
 1036              		.loc 1 298 22 view .LVU402
 1037 000e 7047     		bx	lr
 1038              	.LVL72:
 1039              	.L70:
 311:Middlewares/ST/STM32_USB_Host_Library/Core/Src/usbh_core.c ****   }
 1040              		.loc 1 311 12 view .LVU403
 1041 0010 0220     		movs	r0, #2
 1042              	.LVL73:
 314:Middlewares/ST/STM32_USB_Host_Library/Core/Src/usbh_core.c **** }
 1043              		.loc 1 314 3 is_stmt 1 view .LVU404
 315:Middlewares/ST/STM32_USB_Host_Library/Core/Src/usbh_core.c **** 
 1044              		.loc 1 315 1 is_stmt 0 view .LVU405
 1045 0012 7047     		bx	lr
 1046              		.cfi_endproc
 1047              	.LFE137:
 1049              		.section	.text.USBH_GetActiveClass,"ax",%progbits
 1050              		.align	1
 1051              		.global	USBH_GetActiveClass
 1052              		.syntax unified
 1053              		.thumb
 1054              		.thumb_func
 1056              	USBH_GetActiveClass:
 1057              	.LVL74:
 1058              	.LFB138:
 326:Middlewares/ST/STM32_USB_Host_Library/Core/Src/usbh_core.c ****   return (phost->device.CfgDesc.Itf_Desc[0].bInterfaceClass);
 1059              		.loc 1 326 1 is_stmt 1 view -0
 1060              		.cfi_startproc
 1061              		@ args = 0, pretend = 0, frame = 0
 1062              		@ frame_needed = 0, uses_anonymous_args = 0
ARM GAS  /tmp/cczvdhxn.s 			page 47


 1063              		@ link register save eliminated.
 327:Middlewares/ST/STM32_USB_Host_Library/Core/Src/usbh_core.c **** }
 1064              		.loc 1 327 3 view .LVU407
 328:Middlewares/ST/STM32_USB_Host_Library/Core/Src/usbh_core.c **** 
 1065              		.loc 1 328 1 is_stmt 0 view .LVU408
 1066 0000 90F84703 		ldrb	r0, [r0, #839]	@ zero_extendqisi2
 1067              	.LVL75:
 328:Middlewares/ST/STM32_USB_Host_Library/Core/Src/usbh_core.c **** 
 1068              		.loc 1 328 1 view .LVU409
 1069 0004 7047     		bx	lr
 1070              		.cfi_endproc
 1071              	.LFE138:
 1073              		.section	.text.USBH_FindInterface,"ax",%progbits
 1074              		.align	1
 1075              		.global	USBH_FindInterface
 1076              		.syntax unified
 1077              		.thumb
 1078              		.thumb_func
 1080              	USBH_FindInterface:
 1081              	.LVL76:
 1082              	.LFB139:
 342:Middlewares/ST/STM32_USB_Host_Library/Core/Src/usbh_core.c ****   USBH_InterfaceDescTypeDef *pif;
 1083              		.loc 1 342 1 is_stmt 1 view -0
 1084              		.cfi_startproc
 1085              		@ args = 0, pretend = 0, frame = 0
 1086              		@ frame_needed = 0, uses_anonymous_args = 0
 342:Middlewares/ST/STM32_USB_Host_Library/Core/Src/usbh_core.c ****   USBH_InterfaceDescTypeDef *pif;
 1087              		.loc 1 342 1 is_stmt 0 view .LVU411
 1088 0000 10B5     		push	{r4, lr}
 1089              	.LCFI8:
 1090              		.cfi_def_cfa_offset 8
 1091              		.cfi_offset 4, -8
 1092              		.cfi_offset 14, -4
 1093 0002 0446     		mov	r4, r0
 343:Middlewares/ST/STM32_USB_Host_Library/Core/Src/usbh_core.c ****   USBH_CfgDescTypeDef *pcfg;
 1094              		.loc 1 343 3 is_stmt 1 view .LVU412
 344:Middlewares/ST/STM32_USB_Host_Library/Core/Src/usbh_core.c ****   uint8_t if_ix = 0U;
 1095              		.loc 1 344 3 view .LVU413
 345:Middlewares/ST/STM32_USB_Host_Library/Core/Src/usbh_core.c **** 
 1096              		.loc 1 345 3 view .LVU414
 1097              	.LVL77:
 347:Middlewares/ST/STM32_USB_Host_Library/Core/Src/usbh_core.c ****   pcfg = &phost->device.CfgDesc;
 1098              		.loc 1 347 3 view .LVU415
 348:Middlewares/ST/STM32_USB_Host_Library/Core/Src/usbh_core.c **** 
 1099              		.loc 1 348 3 view .LVU416
 350:Middlewares/ST/STM32_USB_Host_Library/Core/Src/usbh_core.c ****   {
 1100              		.loc 1 350 3 view .LVU417
 345:Middlewares/ST/STM32_USB_Host_Library/Core/Src/usbh_core.c **** 
 1101              		.loc 1 345 11 is_stmt 0 view .LVU418
 1102 0004 0020     		movs	r0, #0
 1103              	.LVL78:
 350:Middlewares/ST/STM32_USB_Host_Library/Core/Src/usbh_core.c ****   {
 1104              		.loc 1 350 9 view .LVU419
 1105 0006 0BE0     		b	.L73
 1106              	.LVL79:
 1107              	.L76:
 355:Middlewares/ST/STM32_USB_Host_Library/Core/Src/usbh_core.c ****     {
ARM GAS  /tmp/cczvdhxn.s 			page 48


 1108              		.loc 1 355 14 view .LVU420
 1109 0008 4FF01A0C 		mov	ip, #26
 1110 000c 0CFB0E4E 		mla	lr, ip, lr, r4
 1111 0010 9EF849C3 		ldrb	ip, [lr, #841]	@ zero_extendqisi2
 354:Middlewares/ST/STM32_USB_Host_Library/Core/Src/usbh_core.c ****         ((pif->bInterfaceProtocol == Protocol) || (Protocol == 0xFFU)))
 1112              		.loc 1 354 72 discriminator 1 view .LVU421
 1113 0014 9C45     		cmp	ip, r3
 1114 0016 1CD0     		beq	.L77
 355:Middlewares/ST/STM32_USB_Host_Library/Core/Src/usbh_core.c ****     {
 1115              		.loc 1 355 48 view .LVU422
 1116 0018 FF2B     		cmp	r3, #255
 1117 001a 1AD0     		beq	.L77
 1118              	.L75:
 359:Middlewares/ST/STM32_USB_Host_Library/Core/Src/usbh_core.c ****   }
 1119              		.loc 1 359 5 is_stmt 1 view .LVU423
 359:Middlewares/ST/STM32_USB_Host_Library/Core/Src/usbh_core.c ****   }
 1120              		.loc 1 359 10 is_stmt 0 view .LVU424
 1121 001c 0130     		adds	r0, r0, #1
 1122              	.LVL80:
 359:Middlewares/ST/STM32_USB_Host_Library/Core/Src/usbh_core.c ****   }
 1123              		.loc 1 359 10 view .LVU425
 1124 001e C0B2     		uxtb	r0, r0
 1125              	.LVL81:
 1126              	.L73:
 350:Middlewares/ST/STM32_USB_Host_Library/Core/Src/usbh_core.c ****   {
 1127              		.loc 1 350 16 is_stmt 1 view .LVU426
 1128 0020 0128     		cmp	r0, #1
 1129 0022 15D8     		bhi	.L80
 352:Middlewares/ST/STM32_USB_Host_Library/Core/Src/usbh_core.c ****     if (((pif->bInterfaceClass == Class) || (Class == 0xFFU)) &&
 1130              		.loc 1 352 5 view .LVU427
 352:Middlewares/ST/STM32_USB_Host_Library/Core/Src/usbh_core.c ****     if (((pif->bInterfaceClass == Class) || (Class == 0xFFU)) &&
 1131              		.loc 1 352 26 is_stmt 0 view .LVU428
 1132 0024 8646     		mov	lr, r0
 1133              	.LVL82:
 353:Middlewares/ST/STM32_USB_Host_Library/Core/Src/usbh_core.c ****         ((pif->bInterfaceSubClass == SubClass) || (SubClass == 0xFFU)) &&
 1134              		.loc 1 353 5 is_stmt 1 view .LVU429
 353:Middlewares/ST/STM32_USB_Host_Library/Core/Src/usbh_core.c ****         ((pif->bInterfaceSubClass == SubClass) || (SubClass == 0xFFU)) &&
 1135              		.loc 1 353 14 is_stmt 0 view .LVU430
 1136 0026 4FF01A0C 		mov	ip, #26
 1137 002a 0CFB004C 		mla	ip, ip, r0, r4
 1138 002e 9CF847C3 		ldrb	ip, [ip, #839]	@ zero_extendqisi2
 353:Middlewares/ST/STM32_USB_Host_Library/Core/Src/usbh_core.c ****         ((pif->bInterfaceSubClass == SubClass) || (SubClass == 0xFFU)) &&
 1139              		.loc 1 353 8 view .LVU431
 1140 0032 8C45     		cmp	ip, r1
 1141 0034 01D0     		beq	.L74
 353:Middlewares/ST/STM32_USB_Host_Library/Core/Src/usbh_core.c ****         ((pif->bInterfaceSubClass == SubClass) || (SubClass == 0xFFU)) &&
 1142              		.loc 1 353 42 discriminator 2 view .LVU432
 1143 0036 FF29     		cmp	r1, #255
 1144 0038 F0D1     		bne	.L75
 1145              	.L74:
 354:Middlewares/ST/STM32_USB_Host_Library/Core/Src/usbh_core.c ****         ((pif->bInterfaceProtocol == Protocol) || (Protocol == 0xFFU)))
 1146              		.loc 1 354 14 view .LVU433
 1147 003a 4FF01A0C 		mov	ip, #26
 1148 003e 0CFB0E4C 		mla	ip, ip, lr, r4
 1149 0042 9CF848C3 		ldrb	ip, [ip, #840]	@ zero_extendqisi2
 353:Middlewares/ST/STM32_USB_Host_Library/Core/Src/usbh_core.c ****         ((pif->bInterfaceSubClass == SubClass) || (SubClass == 0xFFU)) &&
 1150              		.loc 1 353 63 discriminator 3 view .LVU434
ARM GAS  /tmp/cczvdhxn.s 			page 49


 1151 0046 9445     		cmp	ip, r2
 1152 0048 DED0     		beq	.L76
 354:Middlewares/ST/STM32_USB_Host_Library/Core/Src/usbh_core.c ****         ((pif->bInterfaceProtocol == Protocol) || (Protocol == 0xFFU)))
 1153              		.loc 1 354 48 view .LVU435
 1154 004a FF2A     		cmp	r2, #255
 1155 004c E6D1     		bne	.L75
 1156 004e DBE7     		b	.L76
 1157              	.LVL83:
 1158              	.L80:
 361:Middlewares/ST/STM32_USB_Host_Library/Core/Src/usbh_core.c **** }
 1159              		.loc 1 361 10 view .LVU436
 1160 0050 FF20     		movs	r0, #255
 1161              	.LVL84:
 1162              	.L77:
 362:Middlewares/ST/STM32_USB_Host_Library/Core/Src/usbh_core.c **** 
 1163              		.loc 1 362 1 view .LVU437
 1164 0052 10BD     		pop	{r4, pc}
 362:Middlewares/ST/STM32_USB_Host_Library/Core/Src/usbh_core.c **** 
 1165              		.loc 1 362 1 view .LVU438
 1166              		.cfi_endproc
 1167              	.LFE139:
 1169              		.section	.text.USBH_FindInterfaceIndex,"ax",%progbits
 1170              		.align	1
 1171              		.global	USBH_FindInterfaceIndex
 1172              		.syntax unified
 1173              		.thumb
 1174              		.thumb_func
 1176              	USBH_FindInterfaceIndex:
 1177              	.LVL85:
 1178              	.LFB140:
 375:Middlewares/ST/STM32_USB_Host_Library/Core/Src/usbh_core.c ****   USBH_InterfaceDescTypeDef *pif;
 1179              		.loc 1 375 1 is_stmt 1 view -0
 1180              		.cfi_startproc
 1181              		@ args = 0, pretend = 0, frame = 0
 1182              		@ frame_needed = 0, uses_anonymous_args = 0
 1183              		@ link register save eliminated.
 375:Middlewares/ST/STM32_USB_Host_Library/Core/Src/usbh_core.c ****   USBH_InterfaceDescTypeDef *pif;
 1184              		.loc 1 375 1 is_stmt 0 view .LVU440
 1185 0000 8446     		mov	ip, r0
 376:Middlewares/ST/STM32_USB_Host_Library/Core/Src/usbh_core.c ****   USBH_CfgDescTypeDef *pcfg;
 1186              		.loc 1 376 3 is_stmt 1 view .LVU441
 377:Middlewares/ST/STM32_USB_Host_Library/Core/Src/usbh_core.c ****   uint8_t if_ix = 0U;
 1187              		.loc 1 377 3 view .LVU442
 378:Middlewares/ST/STM32_USB_Host_Library/Core/Src/usbh_core.c **** 
 1188              		.loc 1 378 3 view .LVU443
 1189              	.LVL86:
 380:Middlewares/ST/STM32_USB_Host_Library/Core/Src/usbh_core.c ****   pcfg = &phost->device.CfgDesc;
 1190              		.loc 1 380 3 view .LVU444
 381:Middlewares/ST/STM32_USB_Host_Library/Core/Src/usbh_core.c **** 
 1191              		.loc 1 381 3 view .LVU445
 383:Middlewares/ST/STM32_USB_Host_Library/Core/Src/usbh_core.c ****   {
 1192              		.loc 1 383 3 view .LVU446
 378:Middlewares/ST/STM32_USB_Host_Library/Core/Src/usbh_core.c **** 
 1193              		.loc 1 378 11 is_stmt 0 view .LVU447
 1194 0002 0020     		movs	r0, #0
 1195              	.LVL87:
 383:Middlewares/ST/STM32_USB_Host_Library/Core/Src/usbh_core.c ****   {
ARM GAS  /tmp/cczvdhxn.s 			page 50


 1196              		.loc 1 383 9 view .LVU448
 1197 0004 01E0     		b	.L82
 1198              	.LVL88:
 1199              	.L83:
 390:Middlewares/ST/STM32_USB_Host_Library/Core/Src/usbh_core.c ****   }
 1200              		.loc 1 390 5 is_stmt 1 view .LVU449
 390:Middlewares/ST/STM32_USB_Host_Library/Core/Src/usbh_core.c ****   }
 1201              		.loc 1 390 10 is_stmt 0 view .LVU450
 1202 0006 0130     		adds	r0, r0, #1
 1203              	.LVL89:
 390:Middlewares/ST/STM32_USB_Host_Library/Core/Src/usbh_core.c ****   }
 1204              		.loc 1 390 10 view .LVU451
 1205 0008 C0B2     		uxtb	r0, r0
 1206              	.LVL90:
 1207              	.L82:
 383:Middlewares/ST/STM32_USB_Host_Library/Core/Src/usbh_core.c ****   {
 1208              		.loc 1 383 16 is_stmt 1 view .LVU452
 1209 000a 0128     		cmp	r0, #1
 1210 000c 0ED8     		bhi	.L86
 385:Middlewares/ST/STM32_USB_Host_Library/Core/Src/usbh_core.c ****     if ((pif->bInterfaceNumber == interface_number) && (pif->bAlternateSetting == alt_settings))
 1211              		.loc 1 385 5 view .LVU453
 1212              	.LVL91:
 386:Middlewares/ST/STM32_USB_Host_Library/Core/Src/usbh_core.c ****     {
 1213              		.loc 1 386 5 view .LVU454
 386:Middlewares/ST/STM32_USB_Host_Library/Core/Src/usbh_core.c ****     {
 1214              		.loc 1 386 13 is_stmt 0 view .LVU455
 1215 000e 1A23     		movs	r3, #26
 1216 0010 03FB00C3 		mla	r3, r3, r0, ip
 1217 0014 93F84433 		ldrb	r3, [r3, #836]	@ zero_extendqisi2
 386:Middlewares/ST/STM32_USB_Host_Library/Core/Src/usbh_core.c ****     {
 1218              		.loc 1 386 8 view .LVU456
 1219 0018 8B42     		cmp	r3, r1
 1220 001a F4D1     		bne	.L83
 386:Middlewares/ST/STM32_USB_Host_Library/Core/Src/usbh_core.c ****     {
 1221              		.loc 1 386 60 discriminator 1 view .LVU457
 1222 001c 1A23     		movs	r3, #26
 1223 001e 03FB00C3 		mla	r3, r3, r0, ip
 1224 0022 93F84533 		ldrb	r3, [r3, #837]	@ zero_extendqisi2
 386:Middlewares/ST/STM32_USB_Host_Library/Core/Src/usbh_core.c ****     {
 1225              		.loc 1 386 53 discriminator 1 view .LVU458
 1226 0026 9342     		cmp	r3, r2
 1227 0028 EDD1     		bne	.L83
 1228 002a 00E0     		b	.L84
 1229              	.LVL92:
 1230              	.L86:
 392:Middlewares/ST/STM32_USB_Host_Library/Core/Src/usbh_core.c **** }
 1231              		.loc 1 392 10 view .LVU459
 1232 002c FF20     		movs	r0, #255
 1233              	.LVL93:
 1234              	.L84:
 393:Middlewares/ST/STM32_USB_Host_Library/Core/Src/usbh_core.c **** 
 1235              		.loc 1 393 1 view .LVU460
 1236 002e 7047     		bx	lr
 1237              		.cfi_endproc
 1238              	.LFE140:
 1240              		.section	.text.USBH_Start,"ax",%progbits
 1241              		.align	1
ARM GAS  /tmp/cczvdhxn.s 			page 51


 1242              		.global	USBH_Start
 1243              		.syntax unified
 1244              		.thumb
 1245              		.thumb_func
 1247              	USBH_Start:
 1248              	.LVL94:
 1249              	.LFB141:
 403:Middlewares/ST/STM32_USB_Host_Library/Core/Src/usbh_core.c ****   /* Start the low level driver  */
 1250              		.loc 1 403 1 is_stmt 1 view -0
 1251              		.cfi_startproc
 1252              		@ args = 0, pretend = 0, frame = 0
 1253              		@ frame_needed = 0, uses_anonymous_args = 0
 403:Middlewares/ST/STM32_USB_Host_Library/Core/Src/usbh_core.c ****   /* Start the low level driver  */
 1254              		.loc 1 403 1 is_stmt 0 view .LVU462
 1255 0000 10B5     		push	{r4, lr}
 1256              	.LCFI9:
 1257              		.cfi_def_cfa_offset 8
 1258              		.cfi_offset 4, -8
 1259              		.cfi_offset 14, -4
 1260 0002 0446     		mov	r4, r0
 405:Middlewares/ST/STM32_USB_Host_Library/Core/Src/usbh_core.c **** 
 1261              		.loc 1 405 3 is_stmt 1 view .LVU463
 405:Middlewares/ST/STM32_USB_Host_Library/Core/Src/usbh_core.c **** 
 1262              		.loc 1 405 9 is_stmt 0 view .LVU464
 1263 0004 FFF7FEFF 		bl	USBH_LL_Start
 1264              	.LVL95:
 408:Middlewares/ST/STM32_USB_Host_Library/Core/Src/usbh_core.c **** 
 1265              		.loc 1 408 3 is_stmt 1 view .LVU465
 408:Middlewares/ST/STM32_USB_Host_Library/Core/Src/usbh_core.c **** 
 1266              		.loc 1 408 9 is_stmt 0 view .LVU466
 1267 0008 0121     		movs	r1, #1
 1268 000a 2046     		mov	r0, r4
 1269 000c FFF7FEFF 		bl	USBH_LL_DriverVBUS
 1270              	.LVL96:
 410:Middlewares/ST/STM32_USB_Host_Library/Core/Src/usbh_core.c **** }
 1271              		.loc 1 410 3 is_stmt 1 view .LVU467
 411:Middlewares/ST/STM32_USB_Host_Library/Core/Src/usbh_core.c **** 
 1272              		.loc 1 411 1 is_stmt 0 view .LVU468
 1273 0010 0020     		movs	r0, #0
 1274 0012 10BD     		pop	{r4, pc}
 411:Middlewares/ST/STM32_USB_Host_Library/Core/Src/usbh_core.c **** 
 1275              		.loc 1 411 1 view .LVU469
 1276              		.cfi_endproc
 1277              	.LFE141:
 1279              		.section	.text.USBH_Stop,"ax",%progbits
 1280              		.align	1
 1281              		.global	USBH_Stop
 1282              		.syntax unified
 1283              		.thumb
 1284              		.thumb_func
 1286              	USBH_Stop:
 1287              	.LVL97:
 1288              	.LFB142:
 421:Middlewares/ST/STM32_USB_Host_Library/Core/Src/usbh_core.c ****   /* DeActivate VBUS on the port */
 1289              		.loc 1 421 1 is_stmt 1 view -0
 1290              		.cfi_startproc
 1291              		@ args = 0, pretend = 0, frame = 0
ARM GAS  /tmp/cczvdhxn.s 			page 52


 1292              		@ frame_needed = 0, uses_anonymous_args = 0
 421:Middlewares/ST/STM32_USB_Host_Library/Core/Src/usbh_core.c ****   /* DeActivate VBUS on the port */
 1293              		.loc 1 421 1 is_stmt 0 view .LVU471
 1294 0000 10B5     		push	{r4, lr}
 1295              	.LCFI10:
 1296              		.cfi_def_cfa_offset 8
 1297              		.cfi_offset 4, -8
 1298              		.cfi_offset 14, -4
 1299 0002 0446     		mov	r4, r0
 423:Middlewares/ST/STM32_USB_Host_Library/Core/Src/usbh_core.c **** 
 1300              		.loc 1 423 3 is_stmt 1 view .LVU472
 423:Middlewares/ST/STM32_USB_Host_Library/Core/Src/usbh_core.c **** 
 1301              		.loc 1 423 9 is_stmt 0 view .LVU473
 1302 0004 0021     		movs	r1, #0
 1303 0006 FFF7FEFF 		bl	USBH_LL_DriverVBUS
 1304              	.LVL98:
 426:Middlewares/ST/STM32_USB_Host_Library/Core/Src/usbh_core.c **** 
 1305              		.loc 1 426 3 is_stmt 1 view .LVU474
 426:Middlewares/ST/STM32_USB_Host_Library/Core/Src/usbh_core.c **** 
 1306              		.loc 1 426 9 is_stmt 0 view .LVU475
 1307 000a 2046     		mov	r0, r4
 1308 000c FFF7FEFF 		bl	USBH_LL_Stop
 1309              	.LVL99:
 429:Middlewares/ST/STM32_USB_Host_Library/Core/Src/usbh_core.c ****   (void)USBH_FreePipe(phost, phost->Control.pipe_out);
 1310              		.loc 1 429 3 is_stmt 1 view .LVU476
 429:Middlewares/ST/STM32_USB_Host_Library/Core/Src/usbh_core.c ****   (void)USBH_FreePipe(phost, phost->Control.pipe_out);
 1311              		.loc 1 429 9 is_stmt 0 view .LVU477
 1312 0010 2179     		ldrb	r1, [r4, #4]	@ zero_extendqisi2
 1313 0012 2046     		mov	r0, r4
 1314 0014 FFF7FEFF 		bl	USBH_FreePipe
 1315              	.LVL100:
 430:Middlewares/ST/STM32_USB_Host_Library/Core/Src/usbh_core.c **** 
 1316              		.loc 1 430 3 is_stmt 1 view .LVU478
 430:Middlewares/ST/STM32_USB_Host_Library/Core/Src/usbh_core.c **** 
 1317              		.loc 1 430 9 is_stmt 0 view .LVU479
 1318 0018 6179     		ldrb	r1, [r4, #5]	@ zero_extendqisi2
 1319 001a 2046     		mov	r0, r4
 1320 001c FFF7FEFF 		bl	USBH_FreePipe
 1321              	.LVL101:
 432:Middlewares/ST/STM32_USB_Host_Library/Core/Src/usbh_core.c **** }
 1322              		.loc 1 432 3 is_stmt 1 view .LVU480
 433:Middlewares/ST/STM32_USB_Host_Library/Core/Src/usbh_core.c **** 
 1323              		.loc 1 433 1 is_stmt 0 view .LVU481
 1324 0020 0020     		movs	r0, #0
 1325 0022 10BD     		pop	{r4, pc}
 433:Middlewares/ST/STM32_USB_Host_Library/Core/Src/usbh_core.c **** 
 1326              		.loc 1 433 1 view .LVU482
 1327              		.cfi_endproc
 1328              	.LFE142:
 1330              		.section	.text.USBH_Process,"ax",%progbits
 1331              		.align	1
 1332              		.global	USBH_Process
 1333              		.syntax unified
 1334              		.thumb
 1335              		.thumb_func
 1337              	USBH_Process:
 1338              	.LVL102:
ARM GAS  /tmp/cczvdhxn.s 			page 53


 1339              	.LFB144:
 474:Middlewares/ST/STM32_USB_Host_Library/Core/Src/usbh_core.c ****   __IO USBH_StatusTypeDef status = USBH_FAIL;
 1340              		.loc 1 474 1 is_stmt 1 view -0
 1341              		.cfi_startproc
 1342              		@ args = 0, pretend = 0, frame = 8
 1343              		@ frame_needed = 0, uses_anonymous_args = 0
 474:Middlewares/ST/STM32_USB_Host_Library/Core/Src/usbh_core.c ****   __IO USBH_StatusTypeDef status = USBH_FAIL;
 1344              		.loc 1 474 1 is_stmt 0 view .LVU484
 1345 0000 30B5     		push	{r4, r5, lr}
 1346              	.LCFI11:
 1347              		.cfi_def_cfa_offset 12
 1348              		.cfi_offset 4, -12
 1349              		.cfi_offset 5, -8
 1350              		.cfi_offset 14, -4
 1351 0002 87B0     		sub	sp, sp, #28
 1352              	.LCFI12:
 1353              		.cfi_def_cfa_offset 40
 1354 0004 0446     		mov	r4, r0
 475:Middlewares/ST/STM32_USB_Host_Library/Core/Src/usbh_core.c ****   uint8_t idx = 0U;
 1355              		.loc 1 475 3 is_stmt 1 view .LVU485
 475:Middlewares/ST/STM32_USB_Host_Library/Core/Src/usbh_core.c ****   uint8_t idx = 0U;
 1356              		.loc 1 475 27 is_stmt 0 view .LVU486
 1357 0006 0223     		movs	r3, #2
 1358 0008 8DF81730 		strb	r3, [sp, #23]
 476:Middlewares/ST/STM32_USB_Host_Library/Core/Src/usbh_core.c **** 
 1359              		.loc 1 476 3 is_stmt 1 view .LVU487
 1360              	.LVL103:
 479:Middlewares/ST/STM32_USB_Host_Library/Core/Src/usbh_core.c ****   {
 1361              		.loc 1 479 3 view .LVU488
 479:Middlewares/ST/STM32_USB_Host_Library/Core/Src/usbh_core.c ****   {
 1362              		.loc 1 479 20 is_stmt 0 view .LVU489
 1363 000c 90F82133 		ldrb	r3, [r0, #801]	@ zero_extendqisi2
 479:Middlewares/ST/STM32_USB_Host_Library/Core/Src/usbh_core.c ****   {
 1364              		.loc 1 479 6 view .LVU490
 1365 0010 012B     		cmp	r3, #1
 1366 0012 10D0     		beq	.L126
 1367              	.L92:
 484:Middlewares/ST/STM32_USB_Host_Library/Core/Src/usbh_core.c ****   {
 1368              		.loc 1 484 3 is_stmt 1 view .LVU491
 484:Middlewares/ST/STM32_USB_Host_Library/Core/Src/usbh_core.c ****   {
 1369              		.loc 1 484 16 is_stmt 0 view .LVU492
 1370 0014 2378     		ldrb	r3, [r4]	@ zero_extendqisi2
 484:Middlewares/ST/STM32_USB_Host_Library/Core/Src/usbh_core.c ****   {
 1371              		.loc 1 484 3 view .LVU493
 1372 0016 0B2B     		cmp	r3, #11
 1373 0018 7BD8     		bhi	.L93
 1374 001a DFE813F0 		tbh	[pc, r3, lsl #1]
 1375              	.L95:
 1376 001e 0F00     		.2byte	(.L105-.L95)/2
 1377 0020 2100     		.2byte	(.L104-.L95)/2
 1378 0022 4500     		.2byte	(.L103-.L95)/2
 1379 0024 0F01     		.2byte	(.L102-.L95)/2
 1380 0026 7A00     		.2byte	(.L93-.L95)/2
 1381 0028 7D00     		.2byte	(.L101-.L95)/2
 1382 002a ED00     		.2byte	(.L100-.L95)/2
 1383 002c 9200     		.2byte	(.L99-.L95)/2
 1384 002e 9C00     		.2byte	(.L98-.L95)/2
ARM GAS  /tmp/cczvdhxn.s 			page 54


 1385 0030 A600     		.2byte	(.L97-.L95)/2
 1386 0032 C100     		.2byte	(.L96-.L95)/2
 1387 0034 0601     		.2byte	(.L94-.L95)/2
 1388              		.p2align 1
 1389              	.L126:
 481:Middlewares/ST/STM32_USB_Host_Library/Core/Src/usbh_core.c ****   }
 1390              		.loc 1 481 5 is_stmt 1 view .LVU494
 481:Middlewares/ST/STM32_USB_Host_Library/Core/Src/usbh_core.c ****   }
 1391              		.loc 1 481 19 is_stmt 0 view .LVU495
 1392 0036 0323     		movs	r3, #3
 1393 0038 0370     		strb	r3, [r0]
 1394 003a EBE7     		b	.L92
 1395              	.L105:
 488:Middlewares/ST/STM32_USB_Host_Library/Core/Src/usbh_core.c ****       {
 1396              		.loc 1 488 7 is_stmt 1 view .LVU496
 488:Middlewares/ST/STM32_USB_Host_Library/Core/Src/usbh_core.c ****       {
 1397              		.loc 1 488 25 is_stmt 0 view .LVU497
 1398 003c 94F82033 		ldrb	r3, [r4, #800]	@ zero_extendqisi2
 488:Middlewares/ST/STM32_USB_Host_Library/Core/Src/usbh_core.c ****       {
 1399              		.loc 1 488 10 view .LVU498
 1400 0040 002B     		cmp	r3, #0
 1401 0042 66D0     		beq	.L93
 490:Middlewares/ST/STM32_USB_Host_Library/Core/Src/usbh_core.c **** 
 1402              		.loc 1 490 9 is_stmt 1 view .LVU499
 490:Middlewares/ST/STM32_USB_Host_Library/Core/Src/usbh_core.c **** 
 1403              		.loc 1 490 9 view .LVU500
 490:Middlewares/ST/STM32_USB_Host_Library/Core/Src/usbh_core.c **** 
 1404              		.loc 1 490 9 view .LVU501
 493:Middlewares/ST/STM32_USB_Host_Library/Core/Src/usbh_core.c ****         USBH_Delay(200U);
 1405              		.loc 1 493 9 view .LVU502
 493:Middlewares/ST/STM32_USB_Host_Library/Core/Src/usbh_core.c ****         USBH_Delay(200U);
 1406              		.loc 1 493 23 is_stmt 0 view .LVU503
 1407 0044 0123     		movs	r3, #1
 1408 0046 2370     		strb	r3, [r4]
 494:Middlewares/ST/STM32_USB_Host_Library/Core/Src/usbh_core.c ****         (void)USBH_LL_ResetPort(phost);
 1409              		.loc 1 494 9 is_stmt 1 view .LVU504
 1410 0048 C820     		movs	r0, #200
 1411              	.LVL104:
 494:Middlewares/ST/STM32_USB_Host_Library/Core/Src/usbh_core.c ****         (void)USBH_LL_ResetPort(phost);
 1412              		.loc 1 494 9 is_stmt 0 view .LVU505
 1413 004a FFF7FEFF 		bl	USBH_Delay
 1414              	.LVL105:
 495:Middlewares/ST/STM32_USB_Host_Library/Core/Src/usbh_core.c **** 
 1415              		.loc 1 495 9 is_stmt 1 view .LVU506
 495:Middlewares/ST/STM32_USB_Host_Library/Core/Src/usbh_core.c **** 
 1416              		.loc 1 495 15 is_stmt 0 view .LVU507
 1417 004e 2046     		mov	r0, r4
 1418 0050 FFF7FEFF 		bl	USBH_LL_ResetPort
 1419              	.LVL106:
 498:Middlewares/ST/STM32_USB_Host_Library/Core/Src/usbh_core.c ****         phost->Timeout = 0U;
 1420              		.loc 1 498 9 is_stmt 1 view .LVU508
 498:Middlewares/ST/STM32_USB_Host_Library/Core/Src/usbh_core.c ****         phost->Timeout = 0U;
 1421              		.loc 1 498 31 is_stmt 0 view .LVU509
 1422 0054 0023     		movs	r3, #0
 1423 0056 84F81C33 		strb	r3, [r4, #796]
 499:Middlewares/ST/STM32_USB_Host_Library/Core/Src/usbh_core.c **** 
 1424              		.loc 1 499 9 is_stmt 1 view .LVU510
ARM GAS  /tmp/cczvdhxn.s 			page 55


 499:Middlewares/ST/STM32_USB_Host_Library/Core/Src/usbh_core.c **** 
 1425              		.loc 1 499 24 is_stmt 0 view .LVU511
 1426 005a C4F8C833 		str	r3, [r4, #968]
 1427 005e 58E0     		b	.L93
 1428              	.LVL107:
 1429              	.L104:
 514:Middlewares/ST/STM32_USB_Host_Library/Core/Src/usbh_core.c ****       {
 1430              		.loc 1 514 7 is_stmt 1 view .LVU512
 514:Middlewares/ST/STM32_USB_Host_Library/Core/Src/usbh_core.c ****       {
 1431              		.loc 1 514 24 is_stmt 0 view .LVU513
 1432 0060 94F82333 		ldrb	r3, [r4, #803]	@ zero_extendqisi2
 514:Middlewares/ST/STM32_USB_Host_Library/Core/Src/usbh_core.c ****       {
 1433              		.loc 1 514 10 view .LVU514
 1434 0064 012B     		cmp	r3, #1
 1435 0066 0FD0     		beq	.L127
 522:Middlewares/ST/STM32_USB_Host_Library/Core/Src/usbh_core.c ****         {
 1436              		.loc 1 522 9 is_stmt 1 view .LVU515
 522:Middlewares/ST/STM32_USB_Host_Library/Core/Src/usbh_core.c ****         {
 1437              		.loc 1 522 18 is_stmt 0 view .LVU516
 1438 0068 D4F8C833 		ldr	r3, [r4, #968]
 522:Middlewares/ST/STM32_USB_Host_Library/Core/Src/usbh_core.c ****         {
 1439              		.loc 1 522 12 view .LVU517
 1440 006c B3F57A7F 		cmp	r3, #1000
 1441 0070 13D9     		bls	.L107
 524:Middlewares/ST/STM32_USB_Host_Library/Core/Src/usbh_core.c ****           if (phost->device.RstCnt > 3U)
 1442              		.loc 1 524 11 is_stmt 1 view .LVU518
 524:Middlewares/ST/STM32_USB_Host_Library/Core/Src/usbh_core.c ****           if (phost->device.RstCnt > 3U)
 1443              		.loc 1 524 24 is_stmt 0 view .LVU519
 1444 0072 94F81F33 		ldrb	r3, [r4, #799]	@ zero_extendqisi2
 524:Middlewares/ST/STM32_USB_Host_Library/Core/Src/usbh_core.c ****           if (phost->device.RstCnt > 3U)
 1445              		.loc 1 524 31 view .LVU520
 1446 0076 0133     		adds	r3, r3, #1
 1447 0078 DBB2     		uxtb	r3, r3
 1448 007a 84F81F33 		strb	r3, [r4, #799]
 525:Middlewares/ST/STM32_USB_Host_Library/Core/Src/usbh_core.c ****           {
 1449              		.loc 1 525 11 is_stmt 1 view .LVU521
 525:Middlewares/ST/STM32_USB_Host_Library/Core/Src/usbh_core.c ****           {
 1450              		.loc 1 525 14 is_stmt 0 view .LVU522
 1451 007e 032B     		cmp	r3, #3
 1452 0080 08D9     		bls	.L108
 528:Middlewares/ST/STM32_USB_Host_Library/Core/Src/usbh_core.c ****             phost->gState = HOST_ABORT_STATE;
 1453              		.loc 1 528 13 is_stmt 1 view .LVU523
 528:Middlewares/ST/STM32_USB_Host_Library/Core/Src/usbh_core.c ****             phost->gState = HOST_ABORT_STATE;
 1454              		.loc 1 528 13 view .LVU524
 528:Middlewares/ST/STM32_USB_Host_Library/Core/Src/usbh_core.c ****             phost->gState = HOST_ABORT_STATE;
 1455              		.loc 1 528 13 view .LVU525
 529:Middlewares/ST/STM32_USB_Host_Library/Core/Src/usbh_core.c ****           }
 1456              		.loc 1 529 13 view .LVU526
 529:Middlewares/ST/STM32_USB_Host_Library/Core/Src/usbh_core.c ****           }
 1457              		.loc 1 529 27 is_stmt 0 view .LVU527
 1458 0082 0D23     		movs	r3, #13
 1459 0084 2370     		strb	r3, [r4]
 1460 0086 44E0     		b	.L93
 1461              	.L127:
 516:Middlewares/ST/STM32_USB_Host_Library/Core/Src/usbh_core.c ****         phost->device.RstCnt = 0U;
 1462              		.loc 1 516 9 is_stmt 1 view .LVU528
 516:Middlewares/ST/STM32_USB_Host_Library/Core/Src/usbh_core.c ****         phost->device.RstCnt = 0U;
ARM GAS  /tmp/cczvdhxn.s 			page 56


 1463              		.loc 1 516 9 view .LVU529
 516:Middlewares/ST/STM32_USB_Host_Library/Core/Src/usbh_core.c ****         phost->device.RstCnt = 0U;
 1464              		.loc 1 516 9 view .LVU530
 517:Middlewares/ST/STM32_USB_Host_Library/Core/Src/usbh_core.c ****         phost->gState = HOST_DEV_ATTACHED;
 1465              		.loc 1 517 9 view .LVU531
 517:Middlewares/ST/STM32_USB_Host_Library/Core/Src/usbh_core.c ****         phost->gState = HOST_DEV_ATTACHED;
 1466              		.loc 1 517 30 is_stmt 0 view .LVU532
 1467 0088 0023     		movs	r3, #0
 1468 008a 84F81F33 		strb	r3, [r4, #799]
 518:Middlewares/ST/STM32_USB_Host_Library/Core/Src/usbh_core.c ****       }
 1469              		.loc 1 518 9 is_stmt 1 view .LVU533
 518:Middlewares/ST/STM32_USB_Host_Library/Core/Src/usbh_core.c ****       }
 1470              		.loc 1 518 23 is_stmt 0 view .LVU534
 1471 008e 0223     		movs	r3, #2
 1472 0090 2370     		strb	r3, [r4]
 1473 0092 3EE0     		b	.L93
 1474              	.L108:
 533:Middlewares/ST/STM32_USB_Host_Library/Core/Src/usbh_core.c ****           }
 1475              		.loc 1 533 13 is_stmt 1 view .LVU535
 533:Middlewares/ST/STM32_USB_Host_Library/Core/Src/usbh_core.c ****           }
 1476              		.loc 1 533 27 is_stmt 0 view .LVU536
 1477 0094 0023     		movs	r3, #0
 1478 0096 2370     		strb	r3, [r4]
 1479 0098 3BE0     		b	.L93
 1480              	.L107:
 538:Middlewares/ST/STM32_USB_Host_Library/Core/Src/usbh_core.c ****           USBH_Delay(10U);
 1481              		.loc 1 538 11 is_stmt 1 view .LVU537
 538:Middlewares/ST/STM32_USB_Host_Library/Core/Src/usbh_core.c ****           USBH_Delay(10U);
 1482              		.loc 1 538 26 is_stmt 0 view .LVU538
 1483 009a 0A33     		adds	r3, r3, #10
 1484 009c C4F8C833 		str	r3, [r4, #968]
 539:Middlewares/ST/STM32_USB_Host_Library/Core/Src/usbh_core.c ****         }
 1485              		.loc 1 539 11 is_stmt 1 view .LVU539
 1486 00a0 0A20     		movs	r0, #10
 1487              	.LVL108:
 539:Middlewares/ST/STM32_USB_Host_Library/Core/Src/usbh_core.c ****         }
 1488              		.loc 1 539 11 is_stmt 0 view .LVU540
 1489 00a2 FFF7FEFF 		bl	USBH_Delay
 1490              	.LVL109:
 1491 00a6 34E0     		b	.L93
 1492              	.LVL110:
 1493              	.L103:
 554:Middlewares/ST/STM32_USB_Host_Library/Core/Src/usbh_core.c ****       {
 1494              		.loc 1 554 7 is_stmt 1 view .LVU541
 554:Middlewares/ST/STM32_USB_Host_Library/Core/Src/usbh_core.c ****       {
 1495              		.loc 1 554 16 is_stmt 0 view .LVU542
 1496 00a8 D4F8D433 		ldr	r3, [r4, #980]
 554:Middlewares/ST/STM32_USB_Host_Library/Core/Src/usbh_core.c ****       {
 1497              		.loc 1 554 10 view .LVU543
 1498 00ac 13B1     		cbz	r3, .L109
 556:Middlewares/ST/STM32_USB_Host_Library/Core/Src/usbh_core.c ****       }
 1499              		.loc 1 556 9 is_stmt 1 view .LVU544
 1500 00ae 0421     		movs	r1, #4
 1501 00b0 2046     		mov	r0, r4
 1502              	.LVL111:
 556:Middlewares/ST/STM32_USB_Host_Library/Core/Src/usbh_core.c ****       }
 1503              		.loc 1 556 9 is_stmt 0 view .LVU545
ARM GAS  /tmp/cczvdhxn.s 			page 57


 1504 00b2 9847     		blx	r3
 1505              	.LVL112:
 1506              	.L109:
 560:Middlewares/ST/STM32_USB_Host_Library/Core/Src/usbh_core.c **** 
 1507              		.loc 1 560 7 is_stmt 1 view .LVU546
 1508 00b4 6420     		movs	r0, #100
 1509 00b6 FFF7FEFF 		bl	USBH_Delay
 1510              	.LVL113:
 562:Middlewares/ST/STM32_USB_Host_Library/Core/Src/usbh_core.c **** 
 1511              		.loc 1 562 7 view .LVU547
 562:Middlewares/ST/STM32_USB_Host_Library/Core/Src/usbh_core.c **** 
 1512              		.loc 1 562 38 is_stmt 0 view .LVU548
 1513 00ba 2046     		mov	r0, r4
 1514 00bc FFF7FEFF 		bl	USBH_LL_GetSpeed
 1515              	.LVL114:
 562:Middlewares/ST/STM32_USB_Host_Library/Core/Src/usbh_core.c **** 
 1516              		.loc 1 562 27 discriminator 1 view .LVU549
 1517 00c0 84F81D03 		strb	r0, [r4, #797]
 564:Middlewares/ST/STM32_USB_Host_Library/Core/Src/usbh_core.c **** 
 1518              		.loc 1 564 7 is_stmt 1 view .LVU550
 564:Middlewares/ST/STM32_USB_Host_Library/Core/Src/usbh_core.c **** 
 1519              		.loc 1 564 21 is_stmt 0 view .LVU551
 1520 00c4 0523     		movs	r3, #5
 1521 00c6 2370     		strb	r3, [r4]
 566:Middlewares/ST/STM32_USB_Host_Library/Core/Src/usbh_core.c ****       phost->Control.pipe_in  = USBH_AllocPipe(phost, 0x80U);
 1522              		.loc 1 566 7 is_stmt 1 view .LVU552
 566:Middlewares/ST/STM32_USB_Host_Library/Core/Src/usbh_core.c ****       phost->Control.pipe_in  = USBH_AllocPipe(phost, 0x80U);
 1523              		.loc 1 566 33 is_stmt 0 view .LVU553
 1524 00c8 0021     		movs	r1, #0
 1525 00ca 2046     		mov	r0, r4
 1526 00cc FFF7FEFF 		bl	USBH_AllocPipe
 1527              	.LVL115:
 566:Middlewares/ST/STM32_USB_Host_Library/Core/Src/usbh_core.c ****       phost->Control.pipe_in  = USBH_AllocPipe(phost, 0x80U);
 1528              		.loc 1 566 31 discriminator 1 view .LVU554
 1529 00d0 6071     		strb	r0, [r4, #5]
 567:Middlewares/ST/STM32_USB_Host_Library/Core/Src/usbh_core.c **** 
 1530              		.loc 1 567 7 is_stmt 1 view .LVU555
 567:Middlewares/ST/STM32_USB_Host_Library/Core/Src/usbh_core.c **** 
 1531              		.loc 1 567 33 is_stmt 0 view .LVU556
 1532 00d2 8021     		movs	r1, #128
 1533 00d4 2046     		mov	r0, r4
 1534 00d6 FFF7FEFF 		bl	USBH_AllocPipe
 1535              	.LVL116:
 1536 00da 0146     		mov	r1, r0
 567:Middlewares/ST/STM32_USB_Host_Library/Core/Src/usbh_core.c **** 
 1537              		.loc 1 567 31 discriminator 1 view .LVU557
 1538 00dc 2071     		strb	r0, [r4, #4]
 570:Middlewares/ST/STM32_USB_Host_Library/Core/Src/usbh_core.c ****                           phost->device.address, phost->device.speed,
 1539              		.loc 1 570 7 is_stmt 1 view .LVU558
 572:Middlewares/ST/STM32_USB_Host_Library/Core/Src/usbh_core.c **** 
 1540              		.loc 1 572 68 is_stmt 0 view .LVU559
 1541 00de A379     		ldrb	r3, [r4, #6]	@ zero_extendqisi2
 570:Middlewares/ST/STM32_USB_Host_Library/Core/Src/usbh_core.c ****                           phost->device.address, phost->device.speed,
 1542              		.loc 1 570 13 view .LVU560
 1543 00e0 0293     		str	r3, [sp, #8]
 1544 00e2 0025     		movs	r5, #0
 1545 00e4 0195     		str	r5, [sp, #4]
ARM GAS  /tmp/cczvdhxn.s 			page 58


 1546 00e6 94F81D33 		ldrb	r3, [r4, #797]	@ zero_extendqisi2
 1547 00ea 0093     		str	r3, [sp]
 1548 00ec 94F81C33 		ldrb	r3, [r4, #796]	@ zero_extendqisi2
 1549 00f0 8022     		movs	r2, #128
 1550 00f2 2046     		mov	r0, r4
 1551 00f4 FFF7FEFF 		bl	USBH_OpenPipe
 1552              	.LVL117:
 575:Middlewares/ST/STM32_USB_Host_Library/Core/Src/usbh_core.c ****                           phost->device.address, phost->device.speed,
 1553              		.loc 1 575 7 is_stmt 1 view .LVU561
 577:Middlewares/ST/STM32_USB_Host_Library/Core/Src/usbh_core.c **** 
 1554              		.loc 1 577 68 is_stmt 0 view .LVU562
 1555 00f8 A379     		ldrb	r3, [r4, #6]	@ zero_extendqisi2
 575:Middlewares/ST/STM32_USB_Host_Library/Core/Src/usbh_core.c ****                           phost->device.address, phost->device.speed,
 1556              		.loc 1 575 13 view .LVU563
 1557 00fa 0293     		str	r3, [sp, #8]
 1558 00fc 0195     		str	r5, [sp, #4]
 1559 00fe 94F81D33 		ldrb	r3, [r4, #797]	@ zero_extendqisi2
 1560 0102 0093     		str	r3, [sp]
 1561 0104 94F81C33 		ldrb	r3, [r4, #796]	@ zero_extendqisi2
 1562 0108 2A46     		mov	r2, r5
 1563 010a 6179     		ldrb	r1, [r4, #5]	@ zero_extendqisi2
 1564 010c 2046     		mov	r0, r4
 1565 010e FFF7FEFF 		bl	USBH_OpenPipe
 1566              	.LVL118:
 587:Middlewares/ST/STM32_USB_Host_Library/Core/Src/usbh_core.c **** 
 1567              		.loc 1 587 7 is_stmt 1 view .LVU564
 1568              	.L93:
 833:Middlewares/ST/STM32_USB_Host_Library/Core/Src/usbh_core.c **** }
 1569              		.loc 1 833 3 view .LVU565
 834:Middlewares/ST/STM32_USB_Host_Library/Core/Src/usbh_core.c **** 
 1570              		.loc 1 834 1 is_stmt 0 view .LVU566
 1571 0112 0020     		movs	r0, #0
 1572 0114 07B0     		add	sp, sp, #28
 1573              	.LCFI13:
 1574              		.cfi_remember_state
 1575              		.cfi_def_cfa_offset 12
 1576              		@ sp needed
 1577 0116 30BD     		pop	{r4, r5, pc}
 1578              	.LVL119:
 1579              	.L101:
 1580              	.LCFI14:
 1581              		.cfi_restore_state
 591:Middlewares/ST/STM32_USB_Host_Library/Core/Src/usbh_core.c ****       if (status == USBH_OK)
 1582              		.loc 1 591 7 is_stmt 1 view .LVU567
 591:Middlewares/ST/STM32_USB_Host_Library/Core/Src/usbh_core.c ****       if (status == USBH_OK)
 1583              		.loc 1 591 16 is_stmt 0 view .LVU568
 1584 0118 2046     		mov	r0, r4
 1585              	.LVL120:
 591:Middlewares/ST/STM32_USB_Host_Library/Core/Src/usbh_core.c ****       if (status == USBH_OK)
 1586              		.loc 1 591 16 view .LVU569
 1587 011a FFF7FEFF 		bl	USBH_HandleEnum
 1588              	.LVL121:
 591:Middlewares/ST/STM32_USB_Host_Library/Core/Src/usbh_core.c ****       if (status == USBH_OK)
 1589              		.loc 1 591 14 discriminator 1 view .LVU570
 1590 011e 8DF81700 		strb	r0, [sp, #23]
 592:Middlewares/ST/STM32_USB_Host_Library/Core/Src/usbh_core.c ****       {
 1591              		.loc 1 592 7 is_stmt 1 view .LVU571
ARM GAS  /tmp/cczvdhxn.s 			page 59


 592:Middlewares/ST/STM32_USB_Host_Library/Core/Src/usbh_core.c ****       {
 1592              		.loc 1 592 18 is_stmt 0 view .LVU572
 1593 0122 9DF81730 		ldrb	r3, [sp, #23]	@ zero_extendqisi2
 592:Middlewares/ST/STM32_USB_Host_Library/Core/Src/usbh_core.c ****       {
 1594              		.loc 1 592 10 view .LVU573
 1595 0126 002B     		cmp	r3, #0
 1596 0128 F3D1     		bne	.L93
 595:Middlewares/ST/STM32_USB_Host_Library/Core/Src/usbh_core.c **** 
 1597              		.loc 1 595 9 is_stmt 1 view .LVU574
 595:Middlewares/ST/STM32_USB_Host_Library/Core/Src/usbh_core.c **** 
 1598              		.loc 1 595 9 view .LVU575
 595:Middlewares/ST/STM32_USB_Host_Library/Core/Src/usbh_core.c **** 
 1599              		.loc 1 595 9 view .LVU576
 597:Middlewares/ST/STM32_USB_Host_Library/Core/Src/usbh_core.c **** 
 1600              		.loc 1 597 9 view .LVU577
 597:Middlewares/ST/STM32_USB_Host_Library/Core/Src/usbh_core.c **** 
 1601              		.loc 1 597 41 is_stmt 0 view .LVU578
 1602 012a 84F82433 		strb	r3, [r4, #804]
 599:Middlewares/ST/STM32_USB_Host_Library/Core/Src/usbh_core.c ****         {
 1603              		.loc 1 599 9 is_stmt 1 view .LVU579
 599:Middlewares/ST/STM32_USB_Host_Library/Core/Src/usbh_core.c ****         {
 1604              		.loc 1 599 34 is_stmt 0 view .LVU580
 1605 012e 94F83733 		ldrb	r3, [r4, #823]	@ zero_extendqisi2
 599:Middlewares/ST/STM32_USB_Host_Library/Core/Src/usbh_core.c ****         {
 1606              		.loc 1 599 12 view .LVU581
 1607 0132 012B     		cmp	r3, #1
 1608 0134 02D0     		beq	.L128
 606:Middlewares/ST/STM32_USB_Host_Library/Core/Src/usbh_core.c ****         }
 1609              		.loc 1 606 11 is_stmt 1 view .LVU582
 606:Middlewares/ST/STM32_USB_Host_Library/Core/Src/usbh_core.c ****         }
 1610              		.loc 1 606 25 is_stmt 0 view .LVU583
 1611 0136 0723     		movs	r3, #7
 1612 0138 2370     		strb	r3, [r4]
 1613 013a EAE7     		b	.L93
 1614              	.L128:
 601:Middlewares/ST/STM32_USB_Host_Library/Core/Src/usbh_core.c ****           phost->gState = HOST_SET_CONFIGURATION;
 1615              		.loc 1 601 11 is_stmt 1 view .LVU584
 601:Middlewares/ST/STM32_USB_Host_Library/Core/Src/usbh_core.c ****           phost->gState = HOST_SET_CONFIGURATION;
 1616              		.loc 1 601 11 view .LVU585
 601:Middlewares/ST/STM32_USB_Host_Library/Core/Src/usbh_core.c ****           phost->gState = HOST_SET_CONFIGURATION;
 1617              		.loc 1 601 11 view .LVU586
 602:Middlewares/ST/STM32_USB_Host_Library/Core/Src/usbh_core.c ****         }
 1618              		.loc 1 602 11 view .LVU587
 602:Middlewares/ST/STM32_USB_Host_Library/Core/Src/usbh_core.c ****         }
 1619              		.loc 1 602 25 is_stmt 0 view .LVU588
 1620 013c 0823     		movs	r3, #8
 1621 013e 2370     		strb	r3, [r4]
 1622 0140 E7E7     		b	.L93
 1623              	.LVL122:
 1624              	.L99:
 622:Middlewares/ST/STM32_USB_Host_Library/Core/Src/usbh_core.c ****       {
 1625              		.loc 1 622 7 is_stmt 1 view .LVU589
 622:Middlewares/ST/STM32_USB_Host_Library/Core/Src/usbh_core.c ****       {
 1626              		.loc 1 622 16 is_stmt 0 view .LVU590
 1627 0142 D4F8D433 		ldr	r3, [r4, #980]
 622:Middlewares/ST/STM32_USB_Host_Library/Core/Src/usbh_core.c ****       {
 1628              		.loc 1 622 10 view .LVU591
ARM GAS  /tmp/cczvdhxn.s 			page 60


 1629 0146 002B     		cmp	r3, #0
 1630 0148 E3D0     		beq	.L93
 624:Middlewares/ST/STM32_USB_Host_Library/Core/Src/usbh_core.c ****         phost->gState = HOST_SET_CONFIGURATION;
 1631              		.loc 1 624 9 is_stmt 1 view .LVU592
 1632 014a 0121     		movs	r1, #1
 1633 014c 2046     		mov	r0, r4
 1634              	.LVL123:
 624:Middlewares/ST/STM32_USB_Host_Library/Core/Src/usbh_core.c ****         phost->gState = HOST_SET_CONFIGURATION;
 1635              		.loc 1 624 9 is_stmt 0 view .LVU593
 1636 014e 9847     		blx	r3
 1637              	.LVL124:
 625:Middlewares/ST/STM32_USB_Host_Library/Core/Src/usbh_core.c **** 
 1638              		.loc 1 625 9 is_stmt 1 view .LVU594
 625:Middlewares/ST/STM32_USB_Host_Library/Core/Src/usbh_core.c **** 
 1639              		.loc 1 625 23 is_stmt 0 view .LVU595
 1640 0150 0823     		movs	r3, #8
 1641 0152 2370     		strb	r3, [r4]
 1642 0154 DDE7     		b	.L93
 1643              	.LVL125:
 1644              	.L98:
 641:Middlewares/ST/STM32_USB_Host_Library/Core/Src/usbh_core.c ****       {
 1645              		.loc 1 641 7 is_stmt 1 view .LVU596
 641:Middlewares/ST/STM32_USB_Host_Library/Core/Src/usbh_core.c ****       {
 1646              		.loc 1 641 11 is_stmt 0 view .LVU597
 1647 0156 94F83D13 		ldrb	r1, [r4, #829]	@ zero_extendqisi2
 1648 015a 2046     		mov	r0, r4
 1649              	.LVL126:
 641:Middlewares/ST/STM32_USB_Host_Library/Core/Src/usbh_core.c ****       {
 1650              		.loc 1 641 11 view .LVU598
 1651 015c FFF7FEFF 		bl	USBH_SetCfg
 1652              	.LVL127:
 641:Middlewares/ST/STM32_USB_Host_Library/Core/Src/usbh_core.c ****       {
 1653              		.loc 1 641 10 discriminator 1 view .LVU599
 1654 0160 0028     		cmp	r0, #0
 1655 0162 D6D1     		bne	.L93
 643:Middlewares/ST/STM32_USB_Host_Library/Core/Src/usbh_core.c ****         USBH_UsrLog("Default configuration set.");
 1656              		.loc 1 643 9 is_stmt 1 view .LVU600
 643:Middlewares/ST/STM32_USB_Host_Library/Core/Src/usbh_core.c ****         USBH_UsrLog("Default configuration set.");
 1657              		.loc 1 643 23 is_stmt 0 view .LVU601
 1658 0164 0923     		movs	r3, #9
 1659 0166 2370     		strb	r3, [r4]
 1660 0168 D3E7     		b	.L93
 1661              	.LVL128:
 1662              	.L97:
 659:Middlewares/ST/STM32_USB_Host_Library/Core/Src/usbh_core.c ****       {
 1663              		.loc 1 659 7 is_stmt 1 view .LVU602
 659:Middlewares/ST/STM32_USB_Host_Library/Core/Src/usbh_core.c ****       {
 1664              		.loc 1 659 34 is_stmt 0 view .LVU603
 1665 016a 94F83F33 		ldrb	r3, [r4, #831]	@ zero_extendqisi2
 659:Middlewares/ST/STM32_USB_Host_Library/Core/Src/usbh_core.c ****       {
 1666              		.loc 1 659 10 view .LVU604
 1667 016e 13F0200F 		tst	r3, #32
 1668 0172 02D1     		bne	.L129
 680:Middlewares/ST/STM32_USB_Host_Library/Core/Src/usbh_core.c ****       }
 1669              		.loc 1 680 9 is_stmt 1 view .LVU605
 680:Middlewares/ST/STM32_USB_Host_Library/Core/Src/usbh_core.c ****       }
 1670              		.loc 1 680 23 is_stmt 0 view .LVU606
ARM GAS  /tmp/cczvdhxn.s 			page 61


 1671 0174 0A23     		movs	r3, #10
 1672 0176 2370     		strb	r3, [r4]
 1673 0178 CBE7     		b	.L93
 1674              	.L129:
 661:Middlewares/ST/STM32_USB_Host_Library/Core/Src/usbh_core.c **** 
 1675              		.loc 1 661 9 is_stmt 1 view .LVU607
 661:Middlewares/ST/STM32_USB_Host_Library/Core/Src/usbh_core.c **** 
 1676              		.loc 1 661 18 is_stmt 0 view .LVU608
 1677 017a 0121     		movs	r1, #1
 1678 017c 2046     		mov	r0, r4
 1679              	.LVL129:
 661:Middlewares/ST/STM32_USB_Host_Library/Core/Src/usbh_core.c **** 
 1680              		.loc 1 661 18 view .LVU609
 1681 017e FFF7FEFF 		bl	USBH_SetFeature
 1682              	.LVL130:
 661:Middlewares/ST/STM32_USB_Host_Library/Core/Src/usbh_core.c **** 
 1683              		.loc 1 661 16 discriminator 1 view .LVU610
 1684 0182 8DF81700 		strb	r0, [sp, #23]
 663:Middlewares/ST/STM32_USB_Host_Library/Core/Src/usbh_core.c ****         {
 1685              		.loc 1 663 9 is_stmt 1 view .LVU611
 663:Middlewares/ST/STM32_USB_Host_Library/Core/Src/usbh_core.c ****         {
 1686              		.loc 1 663 20 is_stmt 0 view .LVU612
 1687 0186 9DF81730 		ldrb	r3, [sp, #23]	@ zero_extendqisi2
 663:Middlewares/ST/STM32_USB_Host_Library/Core/Src/usbh_core.c ****         {
 1688              		.loc 1 663 12 view .LVU613
 1689 018a 13B9     		cbnz	r3, .L112
 665:Middlewares/ST/STM32_USB_Host_Library/Core/Src/usbh_core.c ****           phost->gState = HOST_CHECK_CLASS;
 1690              		.loc 1 665 11 is_stmt 1 view .LVU614
 665:Middlewares/ST/STM32_USB_Host_Library/Core/Src/usbh_core.c ****           phost->gState = HOST_CHECK_CLASS;
 1691              		.loc 1 665 11 view .LVU615
 665:Middlewares/ST/STM32_USB_Host_Library/Core/Src/usbh_core.c ****           phost->gState = HOST_CHECK_CLASS;
 1692              		.loc 1 665 11 view .LVU616
 666:Middlewares/ST/STM32_USB_Host_Library/Core/Src/usbh_core.c ****         }
 1693              		.loc 1 666 11 view .LVU617
 666:Middlewares/ST/STM32_USB_Host_Library/Core/Src/usbh_core.c ****         }
 1694              		.loc 1 666 25 is_stmt 0 view .LVU618
 1695 018c 0A23     		movs	r3, #10
 1696 018e 2370     		strb	r3, [r4]
 1697 0190 BFE7     		b	.L93
 1698              	.L112:
 668:Middlewares/ST/STM32_USB_Host_Library/Core/Src/usbh_core.c ****         {
 1699              		.loc 1 668 14 is_stmt 1 view .LVU619
 668:Middlewares/ST/STM32_USB_Host_Library/Core/Src/usbh_core.c ****         {
 1700              		.loc 1 668 25 is_stmt 0 view .LVU620
 1701 0192 9DF81730 		ldrb	r3, [sp, #23]	@ zero_extendqisi2
 668:Middlewares/ST/STM32_USB_Host_Library/Core/Src/usbh_core.c ****         {
 1702              		.loc 1 668 17 view .LVU621
 1703 0196 032B     		cmp	r3, #3
 1704 0198 BBD1     		bne	.L93
 670:Middlewares/ST/STM32_USB_Host_Library/Core/Src/usbh_core.c ****           phost->gState = HOST_CHECK_CLASS;
 1705              		.loc 1 670 11 is_stmt 1 view .LVU622
 670:Middlewares/ST/STM32_USB_Host_Library/Core/Src/usbh_core.c ****           phost->gState = HOST_CHECK_CLASS;
 1706              		.loc 1 670 11 view .LVU623
 670:Middlewares/ST/STM32_USB_Host_Library/Core/Src/usbh_core.c ****           phost->gState = HOST_CHECK_CLASS;
 1707              		.loc 1 670 11 view .LVU624
 671:Middlewares/ST/STM32_USB_Host_Library/Core/Src/usbh_core.c ****         }
 1708              		.loc 1 671 11 view .LVU625
ARM GAS  /tmp/cczvdhxn.s 			page 62


 671:Middlewares/ST/STM32_USB_Host_Library/Core/Src/usbh_core.c ****         }
 1709              		.loc 1 671 25 is_stmt 0 view .LVU626
 1710 019a 0A23     		movs	r3, #10
 1711 019c 2370     		strb	r3, [r4]
 1712 019e B8E7     		b	.L93
 1713              	.LVL131:
 1714              	.L96:
 695:Middlewares/ST/STM32_USB_Host_Library/Core/Src/usbh_core.c ****       {
 1715              		.loc 1 695 7 is_stmt 1 view .LVU627
 695:Middlewares/ST/STM32_USB_Host_Library/Core/Src/usbh_core.c ****       {
 1716              		.loc 1 695 16 is_stmt 0 view .LVU628
 1717 01a0 D4F88033 		ldr	r3, [r4, #896]
 695:Middlewares/ST/STM32_USB_Host_Library/Core/Src/usbh_core.c ****       {
 1718              		.loc 1 695 10 view .LVU629
 1719 01a4 002B     		cmp	r3, #0
 1720 01a6 B4D0     		beq	.L93
 701:Middlewares/ST/STM32_USB_Host_Library/Core/Src/usbh_core.c **** 
 1721              		.loc 1 701 9 is_stmt 1 view .LVU630
 701:Middlewares/ST/STM32_USB_Host_Library/Core/Src/usbh_core.c **** 
 1722              		.loc 1 701 29 is_stmt 0 view .LVU631
 1723 01a8 0023     		movs	r3, #0
 1724 01aa C4F87C33 		str	r3, [r4, #892]
 703:Middlewares/ST/STM32_USB_Host_Library/Core/Src/usbh_core.c ****         {
 1725              		.loc 1 703 9 is_stmt 1 view .LVU632
 1726              	.LVL132:
 1727              	.L113:
 703:Middlewares/ST/STM32_USB_Host_Library/Core/Src/usbh_core.c ****         {
 1728              		.loc 1 703 28 discriminator 1 view .LVU633
 1729 01ae 73B1     		cbz	r3, .L116
 1730              	.L115:
 712:Middlewares/ST/STM32_USB_Host_Library/Core/Src/usbh_core.c ****         {
 1731              		.loc 1 712 9 view .LVU634
 712:Middlewares/ST/STM32_USB_Host_Library/Core/Src/usbh_core.c ****         {
 1732              		.loc 1 712 18 is_stmt 0 view .LVU635
 1733 01b0 D4F87C33 		ldr	r3, [r4, #892]
 1734              	.LVL133:
 712:Middlewares/ST/STM32_USB_Host_Library/Core/Src/usbh_core.c ****         {
 1735              		.loc 1 712 12 view .LVU636
 1736 01b4 EBB1     		cbz	r3, .L117
 714:Middlewares/ST/STM32_USB_Host_Library/Core/Src/usbh_core.c ****           {
 1737              		.loc 1 714 11 is_stmt 1 view .LVU637
 714:Middlewares/ST/STM32_USB_Host_Library/Core/Src/usbh_core.c ****           {
 1738              		.loc 1 714 34 is_stmt 0 view .LVU638
 1739 01b6 9B68     		ldr	r3, [r3, #8]
 714:Middlewares/ST/STM32_USB_Host_Library/Core/Src/usbh_core.c ****           {
 1740              		.loc 1 714 15 view .LVU639
 1741 01b8 2046     		mov	r0, r4
 1742 01ba 9847     		blx	r3
 1743              	.LVL134:
 714:Middlewares/ST/STM32_USB_Host_Library/Core/Src/usbh_core.c ****           {
 1744              		.loc 1 714 14 discriminator 1 view .LVU640
 1745 01bc B0B9     		cbnz	r0, .L118
 716:Middlewares/ST/STM32_USB_Host_Library/Core/Src/usbh_core.c ****             USBH_UsrLog("%s class started.", phost->pActiveClass->Name);
 1746              		.loc 1 716 13 is_stmt 1 view .LVU641
 716:Middlewares/ST/STM32_USB_Host_Library/Core/Src/usbh_core.c ****             USBH_UsrLog("%s class started.", phost->pActiveClass->Name);
 1747              		.loc 1 716 27 is_stmt 0 view .LVU642
 1748 01be 0623     		movs	r3, #6
ARM GAS  /tmp/cczvdhxn.s 			page 63


 1749 01c0 2370     		strb	r3, [r4]
 717:Middlewares/ST/STM32_USB_Host_Library/Core/Src/usbh_core.c **** 
 1750              		.loc 1 717 13 is_stmt 1 view .LVU643
 717:Middlewares/ST/STM32_USB_Host_Library/Core/Src/usbh_core.c **** 
 1751              		.loc 1 717 13 view .LVU644
 717:Middlewares/ST/STM32_USB_Host_Library/Core/Src/usbh_core.c **** 
 1752              		.loc 1 717 13 view .LVU645
 720:Middlewares/ST/STM32_USB_Host_Library/Core/Src/usbh_core.c ****           }
 1753              		.loc 1 720 13 view .LVU646
 720:Middlewares/ST/STM32_USB_Host_Library/Core/Src/usbh_core.c ****           }
 1754              		.loc 1 720 18 is_stmt 0 view .LVU647
 1755 01c2 D4F8D433 		ldr	r3, [r4, #980]
 720:Middlewares/ST/STM32_USB_Host_Library/Core/Src/usbh_core.c ****           }
 1756              		.loc 1 720 13 view .LVU648
 1757 01c6 0321     		movs	r1, #3
 1758 01c8 2046     		mov	r0, r4
 1759 01ca 9847     		blx	r3
 1760              	.LVL135:
 1761 01cc A1E7     		b	.L93
 1762              	.LVL136:
 1763              	.L116:
 705:Middlewares/ST/STM32_USB_Host_Library/Core/Src/usbh_core.c ****           {
 1764              		.loc 1 705 11 is_stmt 1 view .LVU649
 705:Middlewares/ST/STM32_USB_Host_Library/Core/Src/usbh_core.c ****           {
 1765              		.loc 1 705 28 is_stmt 0 view .LVU650
 1766 01ce 03F1DE02 		add	r2, r3, #222
 1767 01d2 54F82220 		ldr	r2, [r4, r2, lsl #2]
 705:Middlewares/ST/STM32_USB_Host_Library/Core/Src/usbh_core.c ****           {
 1768              		.loc 1 705 33 view .LVU651
 1769 01d6 1079     		ldrb	r0, [r2, #4]	@ zero_extendqisi2
 705:Middlewares/ST/STM32_USB_Host_Library/Core/Src/usbh_core.c ****           {
 1770              		.loc 1 705 81 view .LVU652
 1771 01d8 94F84713 		ldrb	r1, [r4, #839]	@ zero_extendqisi2
 705:Middlewares/ST/STM32_USB_Host_Library/Core/Src/usbh_core.c ****           {
 1772              		.loc 1 705 14 view .LVU653
 1773 01dc 8842     		cmp	r0, r1
 1774 01de 02D0     		beq	.L130
 703:Middlewares/ST/STM32_USB_Host_Library/Core/Src/usbh_core.c ****         {
 1775              		.loc 1 703 63 is_stmt 1 discriminator 2 view .LVU654
 1776 01e0 0133     		adds	r3, r3, #1
 1777              	.LVL137:
 703:Middlewares/ST/STM32_USB_Host_Library/Core/Src/usbh_core.c ****         {
 1778              		.loc 1 703 63 is_stmt 0 discriminator 2 view .LVU655
 1779 01e2 DBB2     		uxtb	r3, r3
 1780 01e4 E3E7     		b	.L113
 1781              	.LVL138:
 1782              	.L130:
 707:Middlewares/ST/STM32_USB_Host_Library/Core/Src/usbh_core.c ****             break;
 1783              		.loc 1 707 13 is_stmt 1 view .LVU656
 707:Middlewares/ST/STM32_USB_Host_Library/Core/Src/usbh_core.c ****             break;
 1784              		.loc 1 707 33 is_stmt 0 view .LVU657
 1785 01e6 C4F87C23 		str	r2, [r4, #892]
 708:Middlewares/ST/STM32_USB_Host_Library/Core/Src/usbh_core.c ****           }
 1786              		.loc 1 708 13 is_stmt 1 view .LVU658
 1787 01ea E1E7     		b	.L115
 1788              	.LVL139:
 1789              	.L118:
ARM GAS  /tmp/cczvdhxn.s 			page 64


 724:Middlewares/ST/STM32_USB_Host_Library/Core/Src/usbh_core.c ****             USBH_UsrLog("Device not supporting %s class.", phost->pActiveClass->Name);
 1790              		.loc 1 724 13 view .LVU659
 724:Middlewares/ST/STM32_USB_Host_Library/Core/Src/usbh_core.c ****             USBH_UsrLog("Device not supporting %s class.", phost->pActiveClass->Name);
 1791              		.loc 1 724 27 is_stmt 0 view .LVU660
 1792 01ec 0D23     		movs	r3, #13
 1793 01ee 2370     		strb	r3, [r4]
 1794 01f0 8FE7     		b	.L93
 1795              	.L117:
 730:Middlewares/ST/STM32_USB_Host_Library/Core/Src/usbh_core.c ****           USBH_UsrLog("No registered class for this device.");
 1796              		.loc 1 730 11 is_stmt 1 view .LVU661
 730:Middlewares/ST/STM32_USB_Host_Library/Core/Src/usbh_core.c ****           USBH_UsrLog("No registered class for this device.");
 1797              		.loc 1 730 25 is_stmt 0 view .LVU662
 1798 01f2 0D23     		movs	r3, #13
 1799 01f4 2370     		strb	r3, [r4]
 1800 01f6 8CE7     		b	.L93
 1801              	.LVL140:
 1802              	.L100:
 747:Middlewares/ST/STM32_USB_Host_Library/Core/Src/usbh_core.c ****       {
 1803              		.loc 1 747 7 is_stmt 1 view .LVU663
 747:Middlewares/ST/STM32_USB_Host_Library/Core/Src/usbh_core.c ****       {
 1804              		.loc 1 747 16 is_stmt 0 view .LVU664
 1805 01f8 D4F87C33 		ldr	r3, [r4, #892]
 747:Middlewares/ST/STM32_USB_Host_Library/Core/Src/usbh_core.c ****       {
 1806              		.loc 1 747 10 view .LVU665
 1807 01fc 93B1     		cbz	r3, .L119
 749:Middlewares/ST/STM32_USB_Host_Library/Core/Src/usbh_core.c **** 
 1808              		.loc 1 749 9 is_stmt 1 view .LVU666
 749:Middlewares/ST/STM32_USB_Host_Library/Core/Src/usbh_core.c **** 
 1809              		.loc 1 749 37 is_stmt 0 view .LVU667
 1810 01fe 1B69     		ldr	r3, [r3, #16]
 749:Middlewares/ST/STM32_USB_Host_Library/Core/Src/usbh_core.c **** 
 1811              		.loc 1 749 18 view .LVU668
 1812 0200 2046     		mov	r0, r4
 1813              	.LVL141:
 749:Middlewares/ST/STM32_USB_Host_Library/Core/Src/usbh_core.c **** 
 1814              		.loc 1 749 18 view .LVU669
 1815 0202 9847     		blx	r3
 1816              	.LVL142:
 749:Middlewares/ST/STM32_USB_Host_Library/Core/Src/usbh_core.c **** 
 1817              		.loc 1 749 16 discriminator 1 view .LVU670
 1818 0204 8DF81700 		strb	r0, [sp, #23]
 751:Middlewares/ST/STM32_USB_Host_Library/Core/Src/usbh_core.c ****         {
 1819              		.loc 1 751 9 is_stmt 1 view .LVU671
 751:Middlewares/ST/STM32_USB_Host_Library/Core/Src/usbh_core.c ****         {
 1820              		.loc 1 751 20 is_stmt 0 view .LVU672
 1821 0208 9DF81730 		ldrb	r3, [sp, #23]	@ zero_extendqisi2
 751:Middlewares/ST/STM32_USB_Host_Library/Core/Src/usbh_core.c ****         {
 1822              		.loc 1 751 12 view .LVU673
 1823 020c 13B9     		cbnz	r3, .L120
 753:Middlewares/ST/STM32_USB_Host_Library/Core/Src/usbh_core.c ****         }
 1824              		.loc 1 753 11 is_stmt 1 view .LVU674
 753:Middlewares/ST/STM32_USB_Host_Library/Core/Src/usbh_core.c ****         }
 1825              		.loc 1 753 25 is_stmt 0 view .LVU675
 1826 020e 0B23     		movs	r3, #11
 1827 0210 2370     		strb	r3, [r4]
 1828 0212 7EE7     		b	.L93
 1829              	.L120:
ARM GAS  /tmp/cczvdhxn.s 			page 65


 755:Middlewares/ST/STM32_USB_Host_Library/Core/Src/usbh_core.c ****         {
 1830              		.loc 1 755 14 is_stmt 1 view .LVU676
 755:Middlewares/ST/STM32_USB_Host_Library/Core/Src/usbh_core.c ****         {
 1831              		.loc 1 755 25 is_stmt 0 view .LVU677
 1832 0214 9DF81730 		ldrb	r3, [sp, #23]	@ zero_extendqisi2
 755:Middlewares/ST/STM32_USB_Host_Library/Core/Src/usbh_core.c ****         {
 1833              		.loc 1 755 17 view .LVU678
 1834 0218 022B     		cmp	r3, #2
 1835 021a 7FF47AAF 		bne	.L93
 757:Middlewares/ST/STM32_USB_Host_Library/Core/Src/usbh_core.c ****           USBH_ErrLog("Device not responding Please Unplug.");
 1836              		.loc 1 757 11 is_stmt 1 view .LVU679
 757:Middlewares/ST/STM32_USB_Host_Library/Core/Src/usbh_core.c ****           USBH_ErrLog("Device not responding Please Unplug.");
 1837              		.loc 1 757 25 is_stmt 0 view .LVU680
 1838 021e 0D23     		movs	r3, #13
 1839 0220 2370     		strb	r3, [r4]
 758:Middlewares/ST/STM32_USB_Host_Library/Core/Src/usbh_core.c ****         }
 1840              		.loc 1 758 11 is_stmt 1 view .LVU681
 758:Middlewares/ST/STM32_USB_Host_Library/Core/Src/usbh_core.c ****         }
 1841              		.loc 1 758 11 view .LVU682
 758:Middlewares/ST/STM32_USB_Host_Library/Core/Src/usbh_core.c ****         }
 1842              		.loc 1 758 11 view .LVU683
 1843 0222 76E7     		b	.L93
 1844              	.LVL143:
 1845              	.L119:
 767:Middlewares/ST/STM32_USB_Host_Library/Core/Src/usbh_core.c ****         USBH_ErrLog("Invalid Class Driver.");
 1846              		.loc 1 767 9 view .LVU684
 767:Middlewares/ST/STM32_USB_Host_Library/Core/Src/usbh_core.c ****         USBH_ErrLog("Invalid Class Driver.");
 1847              		.loc 1 767 23 is_stmt 0 view .LVU685
 1848 0224 0D23     		movs	r3, #13
 1849 0226 2370     		strb	r3, [r4]
 1850 0228 73E7     		b	.L93
 1851              	.L94:
 782:Middlewares/ST/STM32_USB_Host_Library/Core/Src/usbh_core.c ****       {
 1852              		.loc 1 782 7 is_stmt 1 view .LVU686
 782:Middlewares/ST/STM32_USB_Host_Library/Core/Src/usbh_core.c ****       {
 1853              		.loc 1 782 16 is_stmt 0 view .LVU687
 1854 022a D4F87C33 		ldr	r3, [r4, #892]
 782:Middlewares/ST/STM32_USB_Host_Library/Core/Src/usbh_core.c ****       {
 1855              		.loc 1 782 10 view .LVU688
 1856 022e 002B     		cmp	r3, #0
 1857 0230 3FF46FAF 		beq	.L93
 784:Middlewares/ST/STM32_USB_Host_Library/Core/Src/usbh_core.c ****       }
 1858              		.loc 1 784 9 is_stmt 1 view .LVU689
 784:Middlewares/ST/STM32_USB_Host_Library/Core/Src/usbh_core.c ****       }
 1859              		.loc 1 784 28 is_stmt 0 view .LVU690
 1860 0234 5B69     		ldr	r3, [r3, #20]
 784:Middlewares/ST/STM32_USB_Host_Library/Core/Src/usbh_core.c ****       }
 1861              		.loc 1 784 9 view .LVU691
 1862 0236 2046     		mov	r0, r4
 1863              	.LVL144:
 784:Middlewares/ST/STM32_USB_Host_Library/Core/Src/usbh_core.c ****       }
 1864              		.loc 1 784 9 view .LVU692
 1865 0238 9847     		blx	r3
 1866              	.LVL145:
 1867 023a 6AE7     		b	.L93
 1868              	.LVL146:
 1869              	.L102:
ARM GAS  /tmp/cczvdhxn.s 			page 66


 789:Middlewares/ST/STM32_USB_Host_Library/Core/Src/usbh_core.c **** 
 1870              		.loc 1 789 7 is_stmt 1 view .LVU693
 789:Middlewares/ST/STM32_USB_Host_Library/Core/Src/usbh_core.c **** 
 1871              		.loc 1 789 37 is_stmt 0 view .LVU694
 1872 023c 0023     		movs	r3, #0
 1873 023e 84F82133 		strb	r3, [r4, #801]
 791:Middlewares/ST/STM32_USB_Host_Library/Core/Src/usbh_core.c **** 
 1874              		.loc 1 791 7 is_stmt 1 view .LVU695
 791:Middlewares/ST/STM32_USB_Host_Library/Core/Src/usbh_core.c **** 
 1875              		.loc 1 791 13 is_stmt 0 view .LVU696
 1876 0242 2046     		mov	r0, r4
 1877              	.LVL147:
 791:Middlewares/ST/STM32_USB_Host_Library/Core/Src/usbh_core.c **** 
 1878              		.loc 1 791 13 view .LVU697
 1879 0244 FFF7FEFF 		bl	DeInitStateMachine
 1880              	.LVL148:
 794:Middlewares/ST/STM32_USB_Host_Library/Core/Src/usbh_core.c ****       {
 1881              		.loc 1 794 7 is_stmt 1 view .LVU698
 794:Middlewares/ST/STM32_USB_Host_Library/Core/Src/usbh_core.c ****       {
 1882              		.loc 1 794 16 is_stmt 0 view .LVU699
 1883 0248 D4F87C33 		ldr	r3, [r4, #892]
 794:Middlewares/ST/STM32_USB_Host_Library/Core/Src/usbh_core.c ****       {
 1884              		.loc 1 794 10 view .LVU700
 1885 024c 2BB1     		cbz	r3, .L121
 796:Middlewares/ST/STM32_USB_Host_Library/Core/Src/usbh_core.c ****         phost->pActiveClass = NULL;
 1886              		.loc 1 796 9 is_stmt 1 view .LVU701
 796:Middlewares/ST/STM32_USB_Host_Library/Core/Src/usbh_core.c ****         phost->pActiveClass = NULL;
 1887              		.loc 1 796 28 is_stmt 0 view .LVU702
 1888 024e DB68     		ldr	r3, [r3, #12]
 796:Middlewares/ST/STM32_USB_Host_Library/Core/Src/usbh_core.c ****         phost->pActiveClass = NULL;
 1889              		.loc 1 796 9 view .LVU703
 1890 0250 2046     		mov	r0, r4
 1891 0252 9847     		blx	r3
 1892              	.LVL149:
 797:Middlewares/ST/STM32_USB_Host_Library/Core/Src/usbh_core.c ****       }
 1893              		.loc 1 797 9 is_stmt 1 view .LVU704
 797:Middlewares/ST/STM32_USB_Host_Library/Core/Src/usbh_core.c ****       }
 1894              		.loc 1 797 29 is_stmt 0 view .LVU705
 1895 0254 0023     		movs	r3, #0
 1896 0256 C4F87C33 		str	r3, [r4, #892]
 1897              	.L121:
 800:Middlewares/ST/STM32_USB_Host_Library/Core/Src/usbh_core.c ****       {
 1898              		.loc 1 800 7 is_stmt 1 view .LVU706
 800:Middlewares/ST/STM32_USB_Host_Library/Core/Src/usbh_core.c ****       {
 1899              		.loc 1 800 16 is_stmt 0 view .LVU707
 1900 025a D4F8D433 		ldr	r3, [r4, #980]
 800:Middlewares/ST/STM32_USB_Host_Library/Core/Src/usbh_core.c ****       {
 1901              		.loc 1 800 10 view .LVU708
 1902 025e 13B1     		cbz	r3, .L122
 802:Middlewares/ST/STM32_USB_Host_Library/Core/Src/usbh_core.c ****       }
 1903              		.loc 1 802 9 is_stmt 1 view .LVU709
 1904 0260 0521     		movs	r1, #5
 1905 0262 2046     		mov	r0, r4
 1906 0264 9847     		blx	r3
 1907              	.LVL150:
 1908              	.L122:
 804:Middlewares/ST/STM32_USB_Host_Library/Core/Src/usbh_core.c **** 
ARM GAS  /tmp/cczvdhxn.s 			page 67


 1909              		.loc 1 804 7 view .LVU710
 804:Middlewares/ST/STM32_USB_Host_Library/Core/Src/usbh_core.c **** 
 1910              		.loc 1 804 7 view .LVU711
 804:Middlewares/ST/STM32_USB_Host_Library/Core/Src/usbh_core.c **** 
 1911              		.loc 1 804 7 view .LVU712
 806:Middlewares/ST/STM32_USB_Host_Library/Core/Src/usbh_core.c ****       {
 1912              		.loc 1 806 7 view .LVU713
 806:Middlewares/ST/STM32_USB_Host_Library/Core/Src/usbh_core.c ****       {
 1913              		.loc 1 806 24 is_stmt 0 view .LVU714
 1914 0266 94F82233 		ldrb	r3, [r4, #802]	@ zero_extendqisi2
 806:Middlewares/ST/STM32_USB_Host_Library/Core/Src/usbh_core.c ****       {
 1915              		.loc 1 806 10 view .LVU715
 1916 026a 012B     		cmp	r3, #1
 1917 026c 03D0     		beq	.L131
 816:Middlewares/ST/STM32_USB_Host_Library/Core/Src/usbh_core.c ****       }
 1918              		.loc 1 816 9 is_stmt 1 view .LVU716
 816:Middlewares/ST/STM32_USB_Host_Library/Core/Src/usbh_core.c ****       }
 1919              		.loc 1 816 15 is_stmt 0 view .LVU717
 1920 026e 2046     		mov	r0, r4
 1921 0270 FFF7FEFF 		bl	USBH_LL_Start
 1922              	.LVL151:
 1923 0274 4DE7     		b	.L93
 1924              	.L131:
 808:Middlewares/ST/STM32_USB_Host_Library/Core/Src/usbh_core.c **** 
 1925              		.loc 1 808 9 is_stmt 1 view .LVU718
 808:Middlewares/ST/STM32_USB_Host_Library/Core/Src/usbh_core.c **** 
 1926              		.loc 1 808 39 is_stmt 0 view .LVU719
 1927 0276 0023     		movs	r3, #0
 1928 0278 84F82233 		strb	r3, [r4, #802]
 811:Middlewares/ST/STM32_USB_Host_Library/Core/Src/usbh_core.c ****       }
 1929              		.loc 1 811 9 is_stmt 1 view .LVU720
 811:Middlewares/ST/STM32_USB_Host_Library/Core/Src/usbh_core.c ****       }
 1930              		.loc 1 811 15 is_stmt 0 view .LVU721
 1931 027c 2046     		mov	r0, r4
 1932 027e FFF7FEFF 		bl	USBH_Start
 1933              	.LVL152:
 1934 0282 46E7     		b	.L93
 1935              		.cfi_endproc
 1936              	.LFE144:
 1938              		.section	.text.USBH_LL_SetTimer,"ax",%progbits
 1939              		.align	1
 1940              		.global	USBH_LL_SetTimer
 1941              		.syntax unified
 1942              		.thumb
 1943              		.thumb_func
 1945              	USBH_LL_SetTimer:
 1946              	.LVL153:
 1947              	.LFB146:
1183:Middlewares/ST/STM32_USB_Host_Library/Core/Src/usbh_core.c ****   phost->Timer = time;
 1948              		.loc 1 1183 1 is_stmt 1 view -0
 1949              		.cfi_startproc
 1950              		@ args = 0, pretend = 0, frame = 0
 1951              		@ frame_needed = 0, uses_anonymous_args = 0
 1952              		@ link register save eliminated.
1184:Middlewares/ST/STM32_USB_Host_Library/Core/Src/usbh_core.c **** }
 1953              		.loc 1 1184 3 view .LVU723
1184:Middlewares/ST/STM32_USB_Host_Library/Core/Src/usbh_core.c **** }
ARM GAS  /tmp/cczvdhxn.s 			page 68


 1954              		.loc 1 1184 16 is_stmt 0 view .LVU724
 1955 0000 C0F8C413 		str	r1, [r0, #964]
1185:Middlewares/ST/STM32_USB_Host_Library/Core/Src/usbh_core.c **** 
 1956              		.loc 1 1185 1 view .LVU725
 1957 0004 7047     		bx	lr
 1958              		.cfi_endproc
 1959              	.LFE146:
 1961              		.section	.text.USBH_LL_IncTimer,"ax",%progbits
 1962              		.align	1
 1963              		.global	USBH_LL_IncTimer
 1964              		.syntax unified
 1965              		.thumb
 1966              		.thumb_func
 1968              	USBH_LL_IncTimer:
 1969              	.LVL154:
 1970              	.LFB147:
1195:Middlewares/ST/STM32_USB_Host_Library/Core/Src/usbh_core.c ****   phost->Timer++;
 1971              		.loc 1 1195 1 is_stmt 1 view -0
 1972              		.cfi_startproc
 1973              		@ args = 0, pretend = 0, frame = 0
 1974              		@ frame_needed = 0, uses_anonymous_args = 0
1195:Middlewares/ST/STM32_USB_Host_Library/Core/Src/usbh_core.c ****   phost->Timer++;
 1975              		.loc 1 1195 1 is_stmt 0 view .LVU727
 1976 0000 08B5     		push	{r3, lr}
 1977              	.LCFI15:
 1978              		.cfi_def_cfa_offset 8
 1979              		.cfi_offset 3, -8
 1980              		.cfi_offset 14, -4
1196:Middlewares/ST/STM32_USB_Host_Library/Core/Src/usbh_core.c ****   USBH_HandleSof(phost);
 1981              		.loc 1 1196 3 is_stmt 1 view .LVU728
1196:Middlewares/ST/STM32_USB_Host_Library/Core/Src/usbh_core.c ****   USBH_HandleSof(phost);
 1982              		.loc 1 1196 8 is_stmt 0 view .LVU729
 1983 0002 D0F8C423 		ldr	r2, [r0, #964]
1196:Middlewares/ST/STM32_USB_Host_Library/Core/Src/usbh_core.c ****   USBH_HandleSof(phost);
 1984              		.loc 1 1196 15 view .LVU730
 1985 0006 0132     		adds	r2, r2, #1
 1986 0008 C0F8C423 		str	r2, [r0, #964]
1197:Middlewares/ST/STM32_USB_Host_Library/Core/Src/usbh_core.c **** }
 1987              		.loc 1 1197 3 is_stmt 1 view .LVU731
 1988 000c FFF7FEFF 		bl	USBH_HandleSof
 1989              	.LVL155:
1198:Middlewares/ST/STM32_USB_Host_Library/Core/Src/usbh_core.c **** 
 1990              		.loc 1 1198 1 is_stmt 0 view .LVU732
 1991 0010 08BD     		pop	{r3, pc}
 1992              		.cfi_endproc
 1993              	.LFE147:
 1995              		.section	.text.USBH_LL_PortEnabled,"ax",%progbits
 1996              		.align	1
 1997              		.global	USBH_LL_PortEnabled
 1998              		.syntax unified
 1999              		.thumb
 2000              		.thumb_func
 2002              	USBH_LL_PortEnabled:
 2003              	.LVL156:
 2004              	.LFB149:
1214:Middlewares/ST/STM32_USB_Host_Library/Core/Src/usbh_core.c **** 
1215:Middlewares/ST/STM32_USB_Host_Library/Core/Src/usbh_core.c **** 
ARM GAS  /tmp/cczvdhxn.s 			page 69


1216:Middlewares/ST/STM32_USB_Host_Library/Core/Src/usbh_core.c **** /**
1217:Middlewares/ST/STM32_USB_Host_Library/Core/Src/usbh_core.c ****   * @brief  USBH_PortEnabled
1218:Middlewares/ST/STM32_USB_Host_Library/Core/Src/usbh_core.c ****   *         Port Enabled
1219:Middlewares/ST/STM32_USB_Host_Library/Core/Src/usbh_core.c ****   * @param  phost: Host Handle
1220:Middlewares/ST/STM32_USB_Host_Library/Core/Src/usbh_core.c ****   * @retval None
1221:Middlewares/ST/STM32_USB_Host_Library/Core/Src/usbh_core.c ****   */
1222:Middlewares/ST/STM32_USB_Host_Library/Core/Src/usbh_core.c **** void USBH_LL_PortEnabled(USBH_HandleTypeDef *phost)
1223:Middlewares/ST/STM32_USB_Host_Library/Core/Src/usbh_core.c **** {
 2005              		.loc 1 1223 1 is_stmt 1 view -0
 2006              		.cfi_startproc
 2007              		@ args = 0, pretend = 0, frame = 0
 2008              		@ frame_needed = 0, uses_anonymous_args = 0
 2009              		@ link register save eliminated.
1224:Middlewares/ST/STM32_USB_Host_Library/Core/Src/usbh_core.c ****   phost->device.PortEnabled = 1U;
 2010              		.loc 1 1224 3 view .LVU734
 2011              		.loc 1 1224 29 is_stmt 0 view .LVU735
 2012 0000 0123     		movs	r3, #1
 2013 0002 80F82333 		strb	r3, [r0, #803]
1225:Middlewares/ST/STM32_USB_Host_Library/Core/Src/usbh_core.c **** 
1226:Middlewares/ST/STM32_USB_Host_Library/Core/Src/usbh_core.c **** #if (USBH_USE_OS == 1U)
1227:Middlewares/ST/STM32_USB_Host_Library/Core/Src/usbh_core.c ****   phost->os_msg = (uint32_t)USBH_PORT_EVENT;
1228:Middlewares/ST/STM32_USB_Host_Library/Core/Src/usbh_core.c **** #if (osCMSIS < 0x20000U)
1229:Middlewares/ST/STM32_USB_Host_Library/Core/Src/usbh_core.c ****   (void)osMessagePut(phost->os_event, phost->os_msg, 0U);
1230:Middlewares/ST/STM32_USB_Host_Library/Core/Src/usbh_core.c **** #else
1231:Middlewares/ST/STM32_USB_Host_Library/Core/Src/usbh_core.c ****   (void)osMessageQueuePut(phost->os_event, &phost->os_msg, 0U, 0U);
1232:Middlewares/ST/STM32_USB_Host_Library/Core/Src/usbh_core.c **** #endif
1233:Middlewares/ST/STM32_USB_Host_Library/Core/Src/usbh_core.c **** #endif
1234:Middlewares/ST/STM32_USB_Host_Library/Core/Src/usbh_core.c **** 
1235:Middlewares/ST/STM32_USB_Host_Library/Core/Src/usbh_core.c ****   return;
 2014              		.loc 1 1235 3 is_stmt 1 view .LVU736
1236:Middlewares/ST/STM32_USB_Host_Library/Core/Src/usbh_core.c **** }
 2015              		.loc 1 1236 1 is_stmt 0 view .LVU737
 2016 0006 7047     		bx	lr
 2017              		.cfi_endproc
 2018              	.LFE149:
 2020              		.section	.text.USBH_LL_PortDisabled,"ax",%progbits
 2021              		.align	1
 2022              		.global	USBH_LL_PortDisabled
 2023              		.syntax unified
 2024              		.thumb
 2025              		.thumb_func
 2027              	USBH_LL_PortDisabled:
 2028              	.LVL157:
 2029              	.LFB150:
1237:Middlewares/ST/STM32_USB_Host_Library/Core/Src/usbh_core.c **** 
1238:Middlewares/ST/STM32_USB_Host_Library/Core/Src/usbh_core.c **** 
1239:Middlewares/ST/STM32_USB_Host_Library/Core/Src/usbh_core.c **** /**
1240:Middlewares/ST/STM32_USB_Host_Library/Core/Src/usbh_core.c ****   * @brief  USBH_LL_PortDisabled
1241:Middlewares/ST/STM32_USB_Host_Library/Core/Src/usbh_core.c ****   *         Port Disabled
1242:Middlewares/ST/STM32_USB_Host_Library/Core/Src/usbh_core.c ****   * @param  phost: Host Handle
1243:Middlewares/ST/STM32_USB_Host_Library/Core/Src/usbh_core.c ****   * @retval None
1244:Middlewares/ST/STM32_USB_Host_Library/Core/Src/usbh_core.c ****   */
1245:Middlewares/ST/STM32_USB_Host_Library/Core/Src/usbh_core.c **** void USBH_LL_PortDisabled(USBH_HandleTypeDef *phost)
1246:Middlewares/ST/STM32_USB_Host_Library/Core/Src/usbh_core.c **** {
 2030              		.loc 1 1246 1 is_stmt 1 view -0
 2031              		.cfi_startproc
 2032              		@ args = 0, pretend = 0, frame = 0
ARM GAS  /tmp/cczvdhxn.s 			page 70


 2033              		@ frame_needed = 0, uses_anonymous_args = 0
 2034              		@ link register save eliminated.
1247:Middlewares/ST/STM32_USB_Host_Library/Core/Src/usbh_core.c ****   phost->device.PortEnabled = 0U;
 2035              		.loc 1 1247 3 view .LVU739
 2036              		.loc 1 1247 29 is_stmt 0 view .LVU740
 2037 0000 0023     		movs	r3, #0
 2038 0002 80F82333 		strb	r3, [r0, #803]
1248:Middlewares/ST/STM32_USB_Host_Library/Core/Src/usbh_core.c **** 
1249:Middlewares/ST/STM32_USB_Host_Library/Core/Src/usbh_core.c ****   return;
 2039              		.loc 1 1249 3 is_stmt 1 view .LVU741
1250:Middlewares/ST/STM32_USB_Host_Library/Core/Src/usbh_core.c **** }
 2040              		.loc 1 1250 1 is_stmt 0 view .LVU742
 2041 0006 7047     		bx	lr
 2042              		.cfi_endproc
 2043              	.LFE150:
 2045              		.section	.text.USBH_IsPortEnabled,"ax",%progbits
 2046              		.align	1
 2047              		.global	USBH_IsPortEnabled
 2048              		.syntax unified
 2049              		.thumb
 2050              		.thumb_func
 2052              	USBH_IsPortEnabled:
 2053              	.LVL158:
 2054              	.LFB151:
1251:Middlewares/ST/STM32_USB_Host_Library/Core/Src/usbh_core.c **** 
1252:Middlewares/ST/STM32_USB_Host_Library/Core/Src/usbh_core.c **** 
1253:Middlewares/ST/STM32_USB_Host_Library/Core/Src/usbh_core.c **** /**
1254:Middlewares/ST/STM32_USB_Host_Library/Core/Src/usbh_core.c ****   * @brief  HCD_IsPortEnabled
1255:Middlewares/ST/STM32_USB_Host_Library/Core/Src/usbh_core.c ****   *         Is Port Enabled
1256:Middlewares/ST/STM32_USB_Host_Library/Core/Src/usbh_core.c ****   * @param  phost: Host Handle
1257:Middlewares/ST/STM32_USB_Host_Library/Core/Src/usbh_core.c ****   * @retval None
1258:Middlewares/ST/STM32_USB_Host_Library/Core/Src/usbh_core.c ****   */
1259:Middlewares/ST/STM32_USB_Host_Library/Core/Src/usbh_core.c **** uint8_t USBH_IsPortEnabled(USBH_HandleTypeDef *phost)
1260:Middlewares/ST/STM32_USB_Host_Library/Core/Src/usbh_core.c **** {
 2055              		.loc 1 1260 1 is_stmt 1 view -0
 2056              		.cfi_startproc
 2057              		@ args = 0, pretend = 0, frame = 0
 2058              		@ frame_needed = 0, uses_anonymous_args = 0
 2059              		@ link register save eliminated.
1261:Middlewares/ST/STM32_USB_Host_Library/Core/Src/usbh_core.c ****   return (phost->device.PortEnabled);
 2060              		.loc 1 1261 3 view .LVU744
1262:Middlewares/ST/STM32_USB_Host_Library/Core/Src/usbh_core.c **** }
 2061              		.loc 1 1262 1 is_stmt 0 view .LVU745
 2062 0000 90F82303 		ldrb	r0, [r0, #803]	@ zero_extendqisi2
 2063              	.LVL159:
 2064              		.loc 1 1262 1 view .LVU746
 2065 0004 7047     		bx	lr
 2066              		.cfi_endproc
 2067              	.LFE151:
 2069              		.section	.text.USBH_ReEnumerate,"ax",%progbits
 2070              		.align	1
 2071              		.global	USBH_ReEnumerate
 2072              		.syntax unified
 2073              		.thumb
 2074              		.thumb_func
 2076              	USBH_ReEnumerate:
 2077              	.LVL160:
ARM GAS  /tmp/cczvdhxn.s 			page 71


 2078              	.LFB143:
 443:Middlewares/ST/STM32_USB_Host_Library/Core/Src/usbh_core.c ****   if (USBH_IsPortEnabled(phost) != 0U)
 2079              		.loc 1 443 1 is_stmt 1 view -0
 2080              		.cfi_startproc
 2081              		@ args = 0, pretend = 0, frame = 0
 2082              		@ frame_needed = 0, uses_anonymous_args = 0
 443:Middlewares/ST/STM32_USB_Host_Library/Core/Src/usbh_core.c ****   if (USBH_IsPortEnabled(phost) != 0U)
 2083              		.loc 1 443 1 is_stmt 0 view .LVU748
 2084 0000 38B5     		push	{r3, r4, r5, lr}
 2085              	.LCFI16:
 2086              		.cfi_def_cfa_offset 16
 2087              		.cfi_offset 3, -16
 2088              		.cfi_offset 4, -12
 2089              		.cfi_offset 5, -8
 2090              		.cfi_offset 14, -4
 2091 0002 0446     		mov	r4, r0
 444:Middlewares/ST/STM32_USB_Host_Library/Core/Src/usbh_core.c ****   {
 2092              		.loc 1 444 3 is_stmt 1 view .LVU749
 444:Middlewares/ST/STM32_USB_Host_Library/Core/Src/usbh_core.c ****   {
 2093              		.loc 1 444 7 is_stmt 0 view .LVU750
 2094 0004 FFF7FEFF 		bl	USBH_IsPortEnabled
 2095              	.LVL161:
 444:Middlewares/ST/STM32_USB_Host_Library/Core/Src/usbh_core.c ****   {
 2096              		.loc 1 444 6 discriminator 1 view .LVU751
 2097 0008 08B9     		cbnz	r0, .L141
 2098              	.L139:
 463:Middlewares/ST/STM32_USB_Host_Library/Core/Src/usbh_core.c **** }
 2099              		.loc 1 463 3 is_stmt 1 view .LVU752
 464:Middlewares/ST/STM32_USB_Host_Library/Core/Src/usbh_core.c **** 
 2100              		.loc 1 464 1 is_stmt 0 view .LVU753
 2101 000a 0020     		movs	r0, #0
 2102 000c 38BD     		pop	{r3, r4, r5, pc}
 2103              	.LVL162:
 2104              	.L141:
 446:Middlewares/ST/STM32_USB_Host_Library/Core/Src/usbh_core.c **** 
 2105              		.loc 1 446 5 is_stmt 1 view .LVU754
 446:Middlewares/ST/STM32_USB_Host_Library/Core/Src/usbh_core.c **** 
 2106              		.loc 1 446 35 is_stmt 0 view .LVU755
 2107 000e 0125     		movs	r5, #1
 2108 0010 84F82253 		strb	r5, [r4, #802]
 449:Middlewares/ST/STM32_USB_Host_Library/Core/Src/usbh_core.c **** 
 2109              		.loc 1 449 5 is_stmt 1 view .LVU756
 449:Middlewares/ST/STM32_USB_Host_Library/Core/Src/usbh_core.c **** 
 2110              		.loc 1 449 11 is_stmt 0 view .LVU757
 2111 0014 2046     		mov	r0, r4
 2112 0016 FFF7FEFF 		bl	USBH_Stop
 2113              	.LVL163:
 451:Middlewares/ST/STM32_USB_Host_Library/Core/Src/usbh_core.c ****   }
 2114              		.loc 1 451 5 is_stmt 1 view .LVU758
 451:Middlewares/ST/STM32_USB_Host_Library/Core/Src/usbh_core.c ****   }
 2115              		.loc 1 451 35 is_stmt 0 view .LVU759
 2116 001a 84F82153 		strb	r5, [r4, #801]
 2117 001e F4E7     		b	.L139
 2118              		.cfi_endproc
 2119              	.LFE143:
 2121              		.section	.text.USBH_LL_Connect,"ax",%progbits
 2122              		.align	1
ARM GAS  /tmp/cczvdhxn.s 			page 72


 2123              		.global	USBH_LL_Connect
 2124              		.syntax unified
 2125              		.thumb
 2126              		.thumb_func
 2128              	USBH_LL_Connect:
 2129              	.LVL164:
 2130              	.LFB152:
1263:Middlewares/ST/STM32_USB_Host_Library/Core/Src/usbh_core.c **** 
1264:Middlewares/ST/STM32_USB_Host_Library/Core/Src/usbh_core.c **** 
1265:Middlewares/ST/STM32_USB_Host_Library/Core/Src/usbh_core.c **** /**
1266:Middlewares/ST/STM32_USB_Host_Library/Core/Src/usbh_core.c ****   * @brief  USBH_LL_Connect
1267:Middlewares/ST/STM32_USB_Host_Library/Core/Src/usbh_core.c ****   *         Handle USB Host connexion event
1268:Middlewares/ST/STM32_USB_Host_Library/Core/Src/usbh_core.c ****   * @param  phost: Host Handle
1269:Middlewares/ST/STM32_USB_Host_Library/Core/Src/usbh_core.c ****   * @retval USBH_Status
1270:Middlewares/ST/STM32_USB_Host_Library/Core/Src/usbh_core.c ****   */
1271:Middlewares/ST/STM32_USB_Host_Library/Core/Src/usbh_core.c **** USBH_StatusTypeDef  USBH_LL_Connect(USBH_HandleTypeDef *phost)
1272:Middlewares/ST/STM32_USB_Host_Library/Core/Src/usbh_core.c **** {
 2131              		.loc 1 1272 1 is_stmt 1 view -0
 2132              		.cfi_startproc
 2133              		@ args = 0, pretend = 0, frame = 0
 2134              		@ frame_needed = 0, uses_anonymous_args = 0
 2135              		@ link register save eliminated.
 2136              		.loc 1 1272 1 is_stmt 0 view .LVU761
 2137 0000 0346     		mov	r3, r0
1273:Middlewares/ST/STM32_USB_Host_Library/Core/Src/usbh_core.c ****   phost->device.is_connected = 1U;
 2138              		.loc 1 1273 3 is_stmt 1 view .LVU762
 2139              		.loc 1 1273 30 is_stmt 0 view .LVU763
 2140 0002 0122     		movs	r2, #1
 2141 0004 80F82023 		strb	r2, [r0, #800]
1274:Middlewares/ST/STM32_USB_Host_Library/Core/Src/usbh_core.c ****   phost->device.is_disconnected = 0U;
 2142              		.loc 1 1274 3 is_stmt 1 view .LVU764
 2143              		.loc 1 1274 33 is_stmt 0 view .LVU765
 2144 0008 0020     		movs	r0, #0
 2145              	.LVL165:
 2146              		.loc 1 1274 33 view .LVU766
 2147 000a 83F82103 		strb	r0, [r3, #801]
1275:Middlewares/ST/STM32_USB_Host_Library/Core/Src/usbh_core.c ****   phost->device.is_ReEnumerated = 0U;
 2148              		.loc 1 1275 3 is_stmt 1 view .LVU767
 2149              		.loc 1 1275 33 is_stmt 0 view .LVU768
 2150 000e 83F82203 		strb	r0, [r3, #802]
1276:Middlewares/ST/STM32_USB_Host_Library/Core/Src/usbh_core.c **** 
1277:Middlewares/ST/STM32_USB_Host_Library/Core/Src/usbh_core.c **** 
1278:Middlewares/ST/STM32_USB_Host_Library/Core/Src/usbh_core.c **** #if (USBH_USE_OS == 1U)
1279:Middlewares/ST/STM32_USB_Host_Library/Core/Src/usbh_core.c ****   phost->os_msg = (uint32_t)USBH_PORT_EVENT;
1280:Middlewares/ST/STM32_USB_Host_Library/Core/Src/usbh_core.c **** #if (osCMSIS < 0x20000U)
1281:Middlewares/ST/STM32_USB_Host_Library/Core/Src/usbh_core.c ****   (void)osMessagePut(phost->os_event, phost->os_msg, 0U);
1282:Middlewares/ST/STM32_USB_Host_Library/Core/Src/usbh_core.c **** #else
1283:Middlewares/ST/STM32_USB_Host_Library/Core/Src/usbh_core.c ****   (void)osMessageQueuePut(phost->os_event, &phost->os_msg, 0U, 0U);
1284:Middlewares/ST/STM32_USB_Host_Library/Core/Src/usbh_core.c **** #endif
1285:Middlewares/ST/STM32_USB_Host_Library/Core/Src/usbh_core.c **** #endif
1286:Middlewares/ST/STM32_USB_Host_Library/Core/Src/usbh_core.c **** 
1287:Middlewares/ST/STM32_USB_Host_Library/Core/Src/usbh_core.c ****   return USBH_OK;
 2151              		.loc 1 1287 3 is_stmt 1 view .LVU769
1288:Middlewares/ST/STM32_USB_Host_Library/Core/Src/usbh_core.c **** }
 2152              		.loc 1 1288 1 is_stmt 0 view .LVU770
 2153 0012 7047     		bx	lr
 2154              		.cfi_endproc
ARM GAS  /tmp/cczvdhxn.s 			page 73


 2155              	.LFE152:
 2157              		.section	.text.USBH_LL_Disconnect,"ax",%progbits
 2158              		.align	1
 2159              		.global	USBH_LL_Disconnect
 2160              		.syntax unified
 2161              		.thumb
 2162              		.thumb_func
 2164              	USBH_LL_Disconnect:
 2165              	.LVL166:
 2166              	.LFB153:
1289:Middlewares/ST/STM32_USB_Host_Library/Core/Src/usbh_core.c **** 
1290:Middlewares/ST/STM32_USB_Host_Library/Core/Src/usbh_core.c **** 
1291:Middlewares/ST/STM32_USB_Host_Library/Core/Src/usbh_core.c **** /**
1292:Middlewares/ST/STM32_USB_Host_Library/Core/Src/usbh_core.c ****   * @brief  USBH_LL_Disconnect
1293:Middlewares/ST/STM32_USB_Host_Library/Core/Src/usbh_core.c ****   *         Handle USB Host disconnection event
1294:Middlewares/ST/STM32_USB_Host_Library/Core/Src/usbh_core.c ****   * @param  phost: Host Handle
1295:Middlewares/ST/STM32_USB_Host_Library/Core/Src/usbh_core.c ****   * @retval USBH_Status
1296:Middlewares/ST/STM32_USB_Host_Library/Core/Src/usbh_core.c ****   */
1297:Middlewares/ST/STM32_USB_Host_Library/Core/Src/usbh_core.c **** USBH_StatusTypeDef  USBH_LL_Disconnect(USBH_HandleTypeDef *phost)
1298:Middlewares/ST/STM32_USB_Host_Library/Core/Src/usbh_core.c **** {
 2167              		.loc 1 1298 1 is_stmt 1 view -0
 2168              		.cfi_startproc
 2169              		@ args = 0, pretend = 0, frame = 0
 2170              		@ frame_needed = 0, uses_anonymous_args = 0
 2171              		.loc 1 1298 1 is_stmt 0 view .LVU772
 2172 0000 38B5     		push	{r3, r4, r5, lr}
 2173              	.LCFI17:
 2174              		.cfi_def_cfa_offset 16
 2175              		.cfi_offset 3, -16
 2176              		.cfi_offset 4, -12
 2177              		.cfi_offset 5, -8
 2178              		.cfi_offset 14, -4
 2179 0002 0446     		mov	r4, r0
1299:Middlewares/ST/STM32_USB_Host_Library/Core/Src/usbh_core.c ****   /* update device connection states */
1300:Middlewares/ST/STM32_USB_Host_Library/Core/Src/usbh_core.c ****   phost->device.is_disconnected = 1U;
 2180              		.loc 1 1300 3 is_stmt 1 view .LVU773
 2181              		.loc 1 1300 33 is_stmt 0 view .LVU774
 2182 0004 0123     		movs	r3, #1
 2183 0006 80F82133 		strb	r3, [r0, #801]
1301:Middlewares/ST/STM32_USB_Host_Library/Core/Src/usbh_core.c ****   phost->device.is_connected = 0U;
 2184              		.loc 1 1301 3 is_stmt 1 view .LVU775
 2185              		.loc 1 1301 30 is_stmt 0 view .LVU776
 2186 000a 0025     		movs	r5, #0
 2187 000c 80F82053 		strb	r5, [r0, #800]
1302:Middlewares/ST/STM32_USB_Host_Library/Core/Src/usbh_core.c ****   phost->device.PortEnabled = 0U;
 2188              		.loc 1 1302 3 is_stmt 1 view .LVU777
 2189              		.loc 1 1302 29 is_stmt 0 view .LVU778
 2190 0010 80F82353 		strb	r5, [r0, #803]
1303:Middlewares/ST/STM32_USB_Host_Library/Core/Src/usbh_core.c **** 
1304:Middlewares/ST/STM32_USB_Host_Library/Core/Src/usbh_core.c ****   /* Stop Host */
1305:Middlewares/ST/STM32_USB_Host_Library/Core/Src/usbh_core.c ****   (void)USBH_LL_Stop(phost);
 2191              		.loc 1 1305 3 is_stmt 1 view .LVU779
 2192              		.loc 1 1305 9 is_stmt 0 view .LVU780
 2193 0014 FFF7FEFF 		bl	USBH_LL_Stop
 2194              	.LVL167:
1306:Middlewares/ST/STM32_USB_Host_Library/Core/Src/usbh_core.c **** 
1307:Middlewares/ST/STM32_USB_Host_Library/Core/Src/usbh_core.c ****   /* FRee Control Pipes */
ARM GAS  /tmp/cczvdhxn.s 			page 74


1308:Middlewares/ST/STM32_USB_Host_Library/Core/Src/usbh_core.c ****   (void)USBH_FreePipe(phost, phost->Control.pipe_in);
 2195              		.loc 1 1308 3 is_stmt 1 view .LVU781
 2196              		.loc 1 1308 9 is_stmt 0 view .LVU782
 2197 0018 2179     		ldrb	r1, [r4, #4]	@ zero_extendqisi2
 2198 001a 2046     		mov	r0, r4
 2199 001c FFF7FEFF 		bl	USBH_FreePipe
 2200              	.LVL168:
1309:Middlewares/ST/STM32_USB_Host_Library/Core/Src/usbh_core.c ****   (void)USBH_FreePipe(phost, phost->Control.pipe_out);
 2201              		.loc 1 1309 3 is_stmt 1 view .LVU783
 2202              		.loc 1 1309 9 is_stmt 0 view .LVU784
 2203 0020 6179     		ldrb	r1, [r4, #5]	@ zero_extendqisi2
 2204 0022 2046     		mov	r0, r4
 2205 0024 FFF7FEFF 		bl	USBH_FreePipe
 2206              	.LVL169:
1310:Middlewares/ST/STM32_USB_Host_Library/Core/Src/usbh_core.c **** #if (USBH_USE_OS == 1U)
1311:Middlewares/ST/STM32_USB_Host_Library/Core/Src/usbh_core.c ****   phost->os_msg = (uint32_t)USBH_PORT_EVENT;
1312:Middlewares/ST/STM32_USB_Host_Library/Core/Src/usbh_core.c **** #if (osCMSIS < 0x20000U)
1313:Middlewares/ST/STM32_USB_Host_Library/Core/Src/usbh_core.c ****   (void)osMessagePut(phost->os_event, phost->os_msg, 0U);
1314:Middlewares/ST/STM32_USB_Host_Library/Core/Src/usbh_core.c **** #else
1315:Middlewares/ST/STM32_USB_Host_Library/Core/Src/usbh_core.c ****   (void)osMessageQueuePut(phost->os_event, &phost->os_msg, 0U, 0U);
1316:Middlewares/ST/STM32_USB_Host_Library/Core/Src/usbh_core.c **** #endif
1317:Middlewares/ST/STM32_USB_Host_Library/Core/Src/usbh_core.c **** #endif
1318:Middlewares/ST/STM32_USB_Host_Library/Core/Src/usbh_core.c **** 
1319:Middlewares/ST/STM32_USB_Host_Library/Core/Src/usbh_core.c ****   return USBH_OK;
 2207              		.loc 1 1319 3 is_stmt 1 view .LVU785
1320:Middlewares/ST/STM32_USB_Host_Library/Core/Src/usbh_core.c **** }
 2208              		.loc 1 1320 1 is_stmt 0 view .LVU786
 2209 0028 2846     		mov	r0, r5
 2210 002a 38BD     		pop	{r3, r4, r5, pc}
 2211              		.loc 1 1320 1 view .LVU787
 2212              		.cfi_endproc
 2213              	.LFE153:
 2215              		.text
 2216              	.Letext0:
 2217              		.file 2 "/usr/lib/gcc/arm-none-eabi/14.2.1/include/stdint.h"
 2218              		.file 3 "Middlewares/ST/STM32_USB_Host_Library/Core/Inc/usbh_def.h"
 2219              		.file 4 "Middlewares/ST/STM32_USB_Host_Library/Core/Inc/usbh_ctlreq.h"
 2220              		.file 5 "Middlewares/ST/STM32_USB_Host_Library/Core/Inc/usbh_pipes.h"
 2221              		.file 6 "Middlewares/ST/STM32_USB_Host_Library/Core/Inc/usbh_core.h"
ARM GAS  /tmp/cczvdhxn.s 			page 75


DEFINED SYMBOLS
                            *ABS*:00000000 usbh_core.c
     /tmp/cczvdhxn.s:21     .text.DeInitStateMachine:00000000 $t
     /tmp/cczvdhxn.s:26     .text.DeInitStateMachine:00000000 DeInitStateMachine
     /tmp/cczvdhxn.s:124    .text.USBH_HandleSof:00000000 $t
     /tmp/cczvdhxn.s:129    .text.USBH_HandleSof:00000000 USBH_HandleSof
     /tmp/cczvdhxn.s:171    .text.USBH_HandleEnum:00000000 $t
     /tmp/cczvdhxn.s:176    .text.USBH_HandleEnum:00000000 USBH_HandleEnum
     /tmp/cczvdhxn.s:206    .text.USBH_HandleEnum:00000012 $d
     /tmp/cczvdhxn.s:214    .text.USBH_HandleEnum:00000022 $t
     /tmp/cczvdhxn.s:790    .text.USBH_Init:00000000 $t
     /tmp/cczvdhxn.s:796    .text.USBH_Init:00000000 USBH_Init
     /tmp/cczvdhxn.s:876    .text.USBH_DeInit:00000000 $t
     /tmp/cczvdhxn.s:882    .text.USBH_DeInit:00000000 USBH_DeInit
     /tmp/cczvdhxn.s:939    .text.USBH_RegisterClass:00000000 $t
     /tmp/cczvdhxn.s:945    .text.USBH_RegisterClass:00000000 USBH_RegisterClass
     /tmp/cczvdhxn.s:997    .text.USBH_SelectInterface:00000000 $t
     /tmp/cczvdhxn.s:1003   .text.USBH_SelectInterface:00000000 USBH_SelectInterface
     /tmp/cczvdhxn.s:1050   .text.USBH_GetActiveClass:00000000 $t
     /tmp/cczvdhxn.s:1056   .text.USBH_GetActiveClass:00000000 USBH_GetActiveClass
     /tmp/cczvdhxn.s:1074   .text.USBH_FindInterface:00000000 $t
     /tmp/cczvdhxn.s:1080   .text.USBH_FindInterface:00000000 USBH_FindInterface
     /tmp/cczvdhxn.s:1170   .text.USBH_FindInterfaceIndex:00000000 $t
     /tmp/cczvdhxn.s:1176   .text.USBH_FindInterfaceIndex:00000000 USBH_FindInterfaceIndex
     /tmp/cczvdhxn.s:1241   .text.USBH_Start:00000000 $t
     /tmp/cczvdhxn.s:1247   .text.USBH_Start:00000000 USBH_Start
     /tmp/cczvdhxn.s:1280   .text.USBH_Stop:00000000 $t
     /tmp/cczvdhxn.s:1286   .text.USBH_Stop:00000000 USBH_Stop
     /tmp/cczvdhxn.s:1331   .text.USBH_Process:00000000 $t
     /tmp/cczvdhxn.s:1337   .text.USBH_Process:00000000 USBH_Process
     /tmp/cczvdhxn.s:1376   .text.USBH_Process:0000001e $d
     /tmp/cczvdhxn.s:1388   .text.USBH_Process:00000036 $t
     /tmp/cczvdhxn.s:1939   .text.USBH_LL_SetTimer:00000000 $t
     /tmp/cczvdhxn.s:1945   .text.USBH_LL_SetTimer:00000000 USBH_LL_SetTimer
     /tmp/cczvdhxn.s:1962   .text.USBH_LL_IncTimer:00000000 $t
     /tmp/cczvdhxn.s:1968   .text.USBH_LL_IncTimer:00000000 USBH_LL_IncTimer
     /tmp/cczvdhxn.s:1996   .text.USBH_LL_PortEnabled:00000000 $t
     /tmp/cczvdhxn.s:2002   .text.USBH_LL_PortEnabled:00000000 USBH_LL_PortEnabled
     /tmp/cczvdhxn.s:2021   .text.USBH_LL_PortDisabled:00000000 $t
     /tmp/cczvdhxn.s:2027   .text.USBH_LL_PortDisabled:00000000 USBH_LL_PortDisabled
     /tmp/cczvdhxn.s:2046   .text.USBH_IsPortEnabled:00000000 $t
     /tmp/cczvdhxn.s:2052   .text.USBH_IsPortEnabled:00000000 USBH_IsPortEnabled
     /tmp/cczvdhxn.s:2070   .text.USBH_ReEnumerate:00000000 $t
     /tmp/cczvdhxn.s:2076   .text.USBH_ReEnumerate:00000000 USBH_ReEnumerate
     /tmp/cczvdhxn.s:2122   .text.USBH_LL_Connect:00000000 $t
     /tmp/cczvdhxn.s:2128   .text.USBH_LL_Connect:00000000 USBH_LL_Connect
     /tmp/cczvdhxn.s:2158   .text.USBH_LL_Disconnect:00000000 $t
     /tmp/cczvdhxn.s:2164   .text.USBH_LL_Disconnect:00000000 USBH_LL_Disconnect

UNDEFINED SYMBOLS
USBH_Get_DevDesc
USBH_OpenPipe
USBH_FreePipe
USBH_SetAddress
USBH_Delay
USBH_Get_CfgDesc
USBH_Get_StringDesc
ARM GAS  /tmp/cczvdhxn.s 			page 76


USBH_LL_Init
USBH_LL_Stop
USBH_LL_Start
USBH_LL_DriverVBUS
USBH_LL_ResetPort
USBH_LL_GetSpeed
USBH_AllocPipe
USBH_SetCfg
USBH_SetFeature
